6.65612316388739611E+00
1.08876999999999995E-04
1.00946999999999994E-04
7.91070000000000000E-05
7.88250000000000051E-05
2.36941000000000007E-04
7.73300000000000067E-05
1.03342000000000001E-04
5.58900000000000019E-05
5.59120000000000027E-05
5.56629999999999988E-05
5.57600000000000015E-05
5.55979999999999986E-05
5.56310000000000032E-05
5.56730000000000004E-05
5.60420000000000032E-05
5.56520000000000018E-05
5.98229999999999997E-05
5.58139999999999979E-05
5.55759999999999978E-05
5.57709999999999985E-05
5.56409999999999980E-05
5.55440000000000022E-05
5.55329999999999984E-05
5.55220000000000014E-05
5.54140000000000017E-05
5.56520000000000018E-05
5.57820000000000023E-05
5.56090000000000024E-05
5.57059999999999982E-05
5.56199999999999994E-05
5.54249999999999987E-05
5.54350000000000003E-05
5.54459999999999973E-05
1.65412999999999997E-04
5.70599999999999992E-05
5.59219999999999975E-05
5.58040000000000031E-05
5.58690000000000033E-05
5.57709999999999985E-05
5.57170000000000020E-05
5.56839999999999974E-05
5.59120000000000027E-05
5.59880000000000000E-05
5.58150000000000001E-05
5.58569999999999973E-05
5.60859999999999980E-05
5.58470000000000025E-05
5.59330000000000013E-05
5.58030000000000009E-05
5.58909999999999973E-05
5.59229999999999997E-05
5.59330000000000013E-05
5.59989999999999970E-05
5.57499999999999999E-05
5.57390000000000028E-05
5.58040000000000031E-05
5.57609999999999969E-05
5.56629999999999988E-05
6.91830000000000049E-05
5.59880000000000000E-05
5.57170000000000020E-05
5.57390000000000028E-05
5.56959999999999966E-05
5.55329999999999984E-05
7.39180000000000062E-05
5.59659999999999991E-05
5.55870000000000016E-05
5.57929999999999993E-05
5.56409999999999980E-05
5.54779999999999998E-05
5.56090000000000024E-05
5.58040000000000031E-05
5.58040000000000031E-05
9.37539999999999972E-05
5.59659999999999991E-05
5.57170000000000020E-05
5.55650000000000008E-05
5.57059999999999982E-05
5.56629999999999988E-05
5.56090000000000024E-05
5.57499999999999999E-05
5.56619999999999966E-05
5.57390000000000028E-05
5.55329999999999984E-05
5.54249999999999987E-05
5.56199999999999994E-05
5.56520000000000018E-05
5.58040000000000031E-05
5.54889999999999968E-05
5.56619999999999966E-05
5.56959999999999966E-05
5.54679999999999982E-05
5.55220000000000014E-05
5.58470000000000025E-05
5.56300000000000010E-05
5.57499999999999999E-05
5.55979999999999986E-05
5.55329999999999984E-05
5.56520000000000018E-05
5.57499999999999999E-05
5.56740000000000026E-05
5.56300000000000010E-05
7.27250000000000059E-05
5.59009999999999989E-05
5.58680000000000011E-05
5.57269999999999969E-05
5.56839999999999974E-05
5.57380000000000007E-05
5.58690000000000033E-05
5.57709999999999985E-05
5.60320000000000016E-05
5.56849999999999996E-05
5.59229999999999997E-05
5.58040000000000031E-05
5.57709999999999985E-05
5.57279999999999991E-05
5.58900000000000019E-05
5.57380000000000007E-05
5.59009999999999989E-05
5.58359999999999987E-05
5.56409999999999980E-05
6.45030000000000023E-05
7.44269999999999974E-05
7.54560000000000040E-05
7.50660000000000026E-05
7.40900000000000038E-05
7.48060000000000017E-05
7.64419999999999976E-05
6.01050000000000014E-05
5.58359999999999987E-05
5.58470000000000025E-05
5.58900000000000019E-05
5.56740000000000026E-05
5.59120000000000027E-05
5.55970000000000032E-05
5.57709999999999985E-05
5.57489999999999977E-05
5.58690000000000033E-05
8.57049999999999934E-05
5.58690000000000033E-05
5.57059999999999982E-05
6.32899999999999988E-05
5.59009999999999989E-05
5.59770000000000029E-05
5.60200000000000024E-05
5.58040000000000031E-05
5.60429999999999986E-05
5.59120000000000027E-05
5.59550000000000021E-05
5.58470000000000025E-05
5.58690000000000033E-05
5.58359999999999987E-05
5.56959999999999966E-05
5.56409999999999980E-05
5.59009999999999989E-05
5.57059999999999982E-05
5.58470000000000025E-05
5.58470000000000025E-05
5.59550000000000021E-05
5.59330000000000013E-05
5.59439999999999983E-05
5.56849999999999996E-05
5.59229999999999997E-05
5.58359999999999987E-05
5.57269999999999969E-05
5.56740000000000026E-05
5.59559999999999975E-05
5.57390000000000028E-05
5.60200000000000024E-05
5.59229999999999997E-05
5.59450000000000005E-05
5.60100000000000008E-05
5.59229999999999997E-05
5.59009999999999989E-05
5.58579999999999995E-05
5.59120000000000027E-05
7.21629999999999933E-05
5.59980000000000016E-05
5.59120000000000027E-05
5.56629999999999988E-05
5.56629999999999988E-05
5.58900000000000019E-05
5.56520000000000018E-05
5.57600000000000015E-05
5.59559999999999975E-05
5.56520000000000018E-05
5.58909999999999973E-05
5.59989999999999970E-05
5.59450000000000005E-05
5.58470000000000025E-05
5.58040000000000031E-05
5.59229999999999997E-05
5.57059999999999982E-05
5.57820000000000023E-05
5.59439999999999983E-05
5.56409999999999980E-05
5.59559999999999975E-05
5.58470000000000025E-05
5.56520000000000018E-05
5.58479999999999979E-05
5.57600000000000015E-05
5.56629999999999988E-05
5.57059999999999982E-05
5.58359999999999987E-05
5.57059999999999982E-05
5.56520000000000018E-05
5.58030000000000009E-05
5.59880000000000000E-05
5.58900000000000019E-05
5.59770000000000029E-05
5.56310000000000032E-05
5.57820000000000023E-05
8.36679999999999992E-05
5.59339999999999967E-05
7.26610000000000011E-05
5.56409999999999980E-05
5.57499999999999999E-05
5.58250000000000017E-05
5.55329999999999984E-05
5.58259999999999971E-05
7.37870000000000035E-05
5.57709999999999985E-05
5.57499999999999999E-05
5.56300000000000010E-05
5.57170000000000020E-05
5.54459999999999973E-05
5.54350000000000003E-05
5.56520000000000018E-05
5.57929999999999993E-05
5.54240000000000033E-05
5.54889999999999968E-05
5.57380000000000007E-05
5.55320000000000030E-05
5.59559999999999975E-05
5.55650000000000008E-05
5.56849999999999996E-05
5.58150000000000001E-05
5.55109999999999976E-05
5.57929999999999993E-05
5.56950000000000012E-05
5.57489999999999977E-05
5.56310000000000032E-05
5.56849999999999996E-05
5.57709999999999985E-05
5.56520000000000018E-05
5.58259999999999971E-05
5.55000000000000006E-05
5.55109999999999976E-05
5.58150000000000001E-05
5.55440000000000022E-05
5.99850000000000025E-05
6.99850000000000016E-05
9.73829999999999992E-05
5.72879999999999977E-05
5.55539999999999970E-05
5.58359999999999987E-05
5.57489999999999977E-05
5.56199999999999994E-05
5.56300000000000010E-05
5.57489999999999977E-05
5.55430000000000000E-05
7.43399999999999964E-05
5.59550000000000021E-05
5.56409999999999980E-05
5.57170000000000020E-05
5.55770000000000000E-05
5.55329999999999984E-05
5.54140000000000017E-05
5.55549999999999992E-05
5.56300000000000010E-05
5.57820000000000023E-05
5.56740000000000026E-05
5.56310000000000032E-05
5.59229999999999997E-05
5.56520000000000018E-05
5.58690000000000033E-05
5.57279999999999991E-05
5.57609999999999969E-05
5.55650000000000008E-05
5.57070000000000004E-05
8.56610000000000054E-05
5.56409999999999980E-05
5.56189999999999972E-05
5.55870000000000016E-05
5.58569999999999973E-05
5.56409999999999980E-05
5.56090000000000024E-05
5.55650000000000008E-05
5.58030000000000009E-05
1.81587999999999997E-04
1.33473999999999990E-04
1.10534999999999998E-04
9.83800000000000034E-05
7.50329999999999980E-05
1.71933999999999997E-04
7.34629999999999978E-05
8.63220000000000046E-05
7.70599999999999974E-05
7.50660000000000026E-05
7.57700000000000013E-05
1.33284999999999995E-04
7.52169999999999949E-05
7.46650000000000043E-05
7.46319999999999997E-05
7.43399999999999964E-05
7.49469999999999992E-05
7.52929999999999989E-05
7.50660000000000026E-05
7.48159999999999965E-05
1.00395000000000004E-04
7.51850000000000061E-05
4.10803000000000004E-04
7.43829999999999958E-05
7.80659999999999942E-05
7.62139999999999991E-05
7.50980000000000050E-05
7.56509999999999979E-05
7.51309999999999961E-05
7.47950000000000047E-05
7.49899999999999986E-05
7.48599999999999982E-05
7.65180000000000016E-05
7.50650000000000004E-05
2.57882000000000022E-04
1.50349000000000007E-04
1.34456000000000002E-04
1.43491000000000012E-04
1.17500999999999999E-04
4.80067999999999999E-04
7.41779999999999935E-05
7.33980000000000044E-05
7.75039999999999952E-05
7.27689999999999940E-05
7.34520000000000008E-05
7.35710000000000042E-05
7.86839999999999941E-05
7.20219999999999959E-05
2.77751999999999979E-04
7.97239999999999977E-05
7.18700000000000014E-05
7.26389999999999935E-05
7.42750000000000029E-05
7.40150000000000020E-05
7.34739999999999948E-05
1.05345000000000002E-04
7.21290000000000001E-05
7.37539999999999989E-05
9.90189999999999950E-05
8.05040000000000004E-05
7.97669999999999971E-05
8.70580000000000057E-05
7.21079999999999947E-05
7.25849999999999971E-05
7.38529999999999992E-05
7.20109999999999988E-05
7.36250000000000007E-05
7.71459999999999963E-05
7.21300000000000023E-05
7.38519999999999970E-05
7.24439999999999996E-05
7.27259999999999945E-05
7.23249999999999962E-05
7.73079999999999991E-05
8.37109999999999986E-05
9.91489999999999955E-05
7.35710000000000042E-05
8.32449999999999933E-05
7.85220000000000048E-05
9.48370000000000002E-05
7.86839999999999941E-05
7.86739999999999992E-05
7.88579999999999961E-05
7.88800000000000037E-05
7.86950000000000046E-05
1.18686999999999997E-04
7.75899999999999940E-05
7.73840000000000031E-05
7.71889999999999957E-05
7.73300000000000067E-05
8.20859999999999998E-05
7.59109999999999988E-05
7.62249999999999961E-05
7.60409999999999992E-05
7.62790000000000061E-05
7.65719999999999980E-05
7.63229999999999941E-05
8.19239999999999969E-05
7.63770000000000041E-05
7.65500000000000040E-05
7.65599999999999988E-05
7.69190000000000000E-05
7.70700000000000058E-05
8.29090000000000019E-05
7.66469999999999999E-05
7.62470000000000037E-05
7.65389999999999934E-05
7.56730000000000055E-05
7.64630000000000030E-05
9.78490000000000045E-05
8.28009999999999955E-05
7.69940000000000018E-05
7.60839999999999986E-05
7.56189999999999955E-05
7.60730000000000016E-05
7.63450000000000017E-05
7.61269999999999981E-05
7.59649999999999952E-05
7.69940000000000018E-05
7.66480000000000020E-05
7.62470000000000037E-05
7.68749999999999983E-05
7.65500000000000040E-05
7.65070000000000046E-05
1.13189000000000003E-04
7.65389999999999934E-05
7.72439999999999943E-05
7.64419999999999976E-05
7.63770000000000041E-05
7.61819999999999967E-05
7.68749999999999983E-05
8.25190000000000006E-05
7.70159999999999958E-05
7.70370000000000012E-05
7.72220000000000003E-05
7.69289999999999948E-05
9.25729999999999961E-05
8.67110000000000038E-05
7.66689999999999939E-05
7.58130000000000007E-05
7.56939999999999973E-05
7.41770000000000049E-05
7.57799999999999961E-05
7.59430000000000012E-05
8.19340000000000053E-05
7.67889999999999995E-05
7.58679999999999993E-05
7.55100000000000004E-05
7.61920000000000051E-05
7.62460000000000015E-05
7.52929999999999989E-05
8.12739999999999947E-05
7.73300000000000067E-05
7.59760000000000058E-05
7.55850000000000022E-05
7.58349999999999948E-05
7.56509999999999979E-05
7.58460000000000053E-05
7.55639999999999968E-05
8.18040000000000049E-05
7.67449999999999979E-05
7.62249999999999961E-05
7.63869999999999990E-05
7.66469999999999999E-05
1.04142999999999995E-04
8.15659999999999980E-05
9.55089999999999965E-05
7.72000000000000062E-05
7.68419999999999938E-05
7.66050000000000026E-05
7.65940000000000056E-05
7.68859999999999954E-05
8.20430000000000004E-05
7.61389999999999973E-05
8.81099999999999950E-05
7.69289999999999948E-05
7.66800000000000044E-05
7.60089999999999968E-05
7.66040000000000004E-05
8.16850000000000014E-05
7.61709999999999997E-05
7.69289999999999948E-05
7.67240000000000061E-05
7.65070000000000046E-05
7.63330000000000025E-05
7.67879999999999973E-05
8.07970000000000059E-05
8.27680000000000044E-05
7.72209999999999981E-05
7.25740000000000001E-05
7.71029999999999968E-05
8.57470000000000042E-05
5.58690000000000033E-05
5.91829999999999990E-05
5.55870000000000016E-05
5.53490000000000015E-05
5.54140000000000017E-05
6.63989999999999990E-05
6.71039999999999999E-05
7.07859999999999962E-05
6.96820000000000013E-05
7.24979999999999960E-05
7.30289999999999949E-05
7.68640000000000013E-05
7.58560000000000001E-05
7.38420000000000021E-05
7.41779999999999935E-05
7.36570000000000031E-05
8.57799999999999953E-05
8.63330000000000016E-05
8.75030000000000057E-05
8.70479999999999973E-05
8.79900000000000029E-05
8.72759999999999958E-05
8.75030000000000057E-05
8.77740000000000036E-05
6.99519999999999970E-05
5.64749999999999972E-05
5.64000000000000021E-05
5.61289999999999974E-05
5.61719999999999968E-05
5.64860000000000009E-05
9.36129999999999997E-05
8.24539999999999936E-05
7.69289999999999948E-05
7.68859999999999954E-05
7.65610000000000010E-05
8.66039999999999996E-05
7.62790000000000061E-05
7.64959999999999940E-05
8.14679999999999999E-05
7.69510000000000024E-05
7.65389999999999934E-05
7.61170000000000032E-05
7.61170000000000032E-05
7.63650000000000049E-05
7.62360000000000067E-05
8.20099999999999958E-05
7.58890000000000047E-05
8.01460000000000014E-05
7.62679999999999955E-05
9.97119999999999967E-05
7.69619999999999994E-05
8.20430000000000004E-05
7.66579999999999969E-05
7.60300000000000022E-05
7.70810000000000028E-05
7.65940000000000056E-05
7.58570000000000023E-05
9.68520000000000004E-05
8.18910000000000059E-05
7.61929999999999937E-05
7.59539999999999982E-05
7.58020000000000037E-05
7.59760000000000058E-05
7.59430000000000012E-05
7.56499999999999957E-05
8.15329999999999934E-05
7.60519999999999962E-05
7.62569999999999985E-05
7.63869999999999990E-05
7.62790000000000061E-05
7.63229999999999941E-05
7.73619999999999955E-05
8.21079999999999938E-05
7.61160000000000010E-05
7.58570000000000023E-05
7.59330000000000064E-05
7.62580000000000007E-05
7.62360000000000067E-05
7.62580000000000007E-05
7.72110000000000033E-05
7.68419999999999938E-05
7.62030000000000021E-05
7.64310000000000006E-05
7.64200000000000036E-05
9.87479999999999971E-05
7.28119999999999934E-05
1.20750999999999996E-04
7.31919999999999999E-05
7.61490000000000056E-05
7.65599999999999988E-05
7.66800000000000044E-05
7.68100000000000049E-05
7.68640000000000013E-05
7.60730000000000016E-05
7.66910000000000015E-05
7.65930000000000034E-05
7.57700000000000013E-05
7.64630000000000030E-05
7.68100000000000049E-05
8.16199999999999944E-05
7.67550000000000063E-05
7.64419999999999976E-05
7.65500000000000040E-05
7.56619999999999949E-05
7.60079999999999946E-05
7.61809999999999945E-05
8.27469999999999990E-05
7.69400000000000053E-05
7.58779999999999942E-05
7.64200000000000036E-05
7.54339999999999964E-05
7.60519999999999962E-05
9.70039999999999949E-05
8.20310000000000012E-05
7.63220000000000055E-05
7.65930000000000034E-05
7.64200000000000036E-05
9.19770000000000038E-05
7.62799999999999947E-05
7.63330000000000025E-05
8.12410000000000036E-05
7.68859999999999954E-05
7.71459999999999963E-05
7.68319999999999989E-05
7.63549999999999966E-05
7.66579999999999969E-05
7.62470000000000037E-05
8.21399999999999962E-05
7.64419999999999976E-05
7.74270000000000025E-05
7.68319999999999989E-05
7.64200000000000036E-05
7.67449999999999979E-05
7.65719999999999980E-05
8.23240000000000067E-05
7.63979999999999960E-05
1.09939000000000006E-04
7.66149999999999974E-05
7.62030000000000021E-05
9.62129999999999951E-05
8.20099999999999958E-05
7.66899999999999993E-05
7.67559999999999949E-05
7.66149999999999974E-05
7.63760000000000019E-05
7.68960000000000037E-05
7.66910000000000015E-05
7.62900000000000031E-05
7.65500000000000040E-05
7.62900000000000031E-05
7.60079999999999946E-05
7.61600000000000027E-05
7.69400000000000053E-05
7.71029999999999968E-05
8.14570000000000029E-05
7.59099999999999966E-05
7.64200000000000036E-05
7.64099999999999952E-05
7.60300000000000022E-05
7.65940000000000056E-05
7.72980000000000043E-05
8.31159999999999950E-05
7.64529999999999946E-05
7.69830000000000048E-05
7.65389999999999934E-05
7.63220000000000055E-05
9.76640000000000055E-05
7.67780000000000025E-05
8.25190000000000006E-05
7.66149999999999974E-05
7.62249999999999961E-05
7.64299999999999984E-05
7.57700000000000013E-05
7.59979999999999998E-05
7.56410000000000030E-05
8.14690000000000021E-05
7.66040000000000004E-05
7.63229999999999941E-05
7.62360000000000067E-05
7.63330000000000025E-05
7.60839999999999986E-05
7.61709999999999997E-05
7.57700000000000013E-05
7.66689999999999939E-05
7.69510000000000024E-05
7.64959999999999940E-05
1.29342000000000009E-04
7.64310000000000006E-05
1.00297000000000006E-04
7.60089999999999968E-05
7.61709999999999997E-05
7.58239999999999977E-05
7.69940000000000018E-05
9.59419999999999972E-05
7.65500000000000040E-05
8.19020000000000029E-05
7.66910000000000015E-05
7.64520000000000060E-05
7.63659999999999936E-05
7.62139999999999991E-05
7.68419999999999938E-05
7.63880000000000011E-05
8.18369999999999959E-05
7.60409999999999992E-05
7.62460000000000015E-05
7.57809999999999983E-05
7.60300000000000022E-05
7.61060000000000062E-05
7.68970000000000059E-05
8.00060000000000061E-05
9.08400000000000044E-05
8.45670000000000053E-05
7.75030000000000066E-05
7.12299999999999939E-05
7.15229999999999994E-05
7.13599999999999944E-05
7.11550000000000057E-05
7.14909999999999970E-05
7.14039999999999960E-05
7.11980000000000051E-05
7.11550000000000057E-05
9.29410000000000034E-05
7.03099999999999960E-05
7.81320000000000034E-05
7.09700000000000066E-05
7.07220000000000049E-05
7.09159999999999966E-05
7.11009999999999957E-05
7.16199999999999953E-05
7.15449999999999935E-05
7.77529999999999991E-05
7.10250000000000052E-05
7.05589999999999999E-05
7.07220000000000049E-05
7.06129999999999963E-05
7.05809999999999939E-05
7.07330000000000019E-05
8.38519999999999961E-05
1.11628999999999998E-04
5.59450000000000005E-05
5.59120000000000027E-05
5.58359999999999987E-05
5.59880000000000000E-05
5.57709999999999985E-05
5.57600000000000015E-05
5.57820000000000023E-05
5.57390000000000028E-05
5.59450000000000005E-05
5.61069999999999966E-05
5.59229999999999997E-05
5.57279999999999991E-05
5.60420000000000032E-05
5.59439999999999983E-05
7.41779999999999935E-05
5.59330000000000013E-05
5.58909999999999973E-05
6.05810000000000015E-05
5.60530000000000002E-05
5.59670000000000013E-05
7.00069999999999957E-05
8.98649999999999943E-05
7.50009999999999956E-05
7.47950000000000047E-05
7.50769999999999996E-05
7.48820000000000057E-05
7.48709999999999952E-05
7.49790000000000016E-05
7.49029999999999976E-05
7.48820000000000057E-05
7.49250000000000052E-05
7.48500000000000033E-05
7.50439999999999950E-05
7.47520000000000053E-05
7.51299999999999939E-05
7.49899999999999986E-05
7.50439999999999950E-05
7.51299999999999939E-05
7.49899999999999986E-05
7.49469999999999992E-05
7.50550000000000056E-05
7.49469999999999992E-05
7.50980000000000050E-05
7.49680000000000046E-05
9.40249999999999951E-05
7.45790000000000054E-05
7.45559999999999956E-05
7.43620000000000039E-05
7.45780000000000032E-05
7.42859999999999999E-05
7.43730000000000010E-05
7.43829999999999958E-05
7.45999999999999973E-05
7.49250000000000052E-05
7.53150000000000065E-05
7.53039999999999959E-05
8.40470000000000035E-05
7.51520000000000015E-05
7.54560000000000040E-05
7.50869999999999945E-05
7.50869999999999945E-05
7.52179999999999971E-05
7.52289999999999941E-05
7.51420000000000066E-05
7.52390000000000025E-05
7.51410000000000044E-05
7.51420000000000066E-05
7.49139999999999946E-05
7.49569999999999940E-05
7.52609999999999965E-05
7.51739999999999955E-05
7.53150000000000065E-05
9.38300000000000012E-05
7.46319999999999997E-05
7.47289999999999955E-05
7.49139999999999946E-05
7.49569999999999940E-05
7.50009999999999956E-05
7.50220000000000010E-05
7.48060000000000017E-05
7.48060000000000017E-05
7.49899999999999986E-05
7.48920000000000006E-05
7.48490000000000011E-05
7.50329999999999980E-05
7.52609999999999965E-05
7.47729999999999971E-05
7.51309999999999961E-05
7.50550000000000056E-05
7.52390000000000025E-05
9.75129999999999996E-05
7.53580000000000059E-05
7.52499999999999995E-05
7.52289999999999941E-05
7.53479999999999976E-05
7.53260000000000035E-05
7.52179999999999971E-05
7.54120000000000024E-05
7.53800000000000000E-05
7.52499999999999995E-05
7.53690000000000029E-05
9.33750000000000064E-05
1.07837000000000004E-04
7.50869999999999945E-05
7.47520000000000053E-05
7.49139999999999946E-05
7.45999999999999973E-05
8.52270000000000024E-05
7.53150000000000065E-05
7.49899999999999986E-05
7.52719999999999935E-05
7.46330000000000019E-05
5.59880000000000000E-05
5.56090000000000024E-05
5.57059999999999982E-05
5.55010000000000028E-05
5.57929999999999993E-05
5.57170000000000020E-05
5.56740000000000026E-05
5.58900000000000019E-05
5.58250000000000017E-05
5.57390000000000028E-05
5.57820000000000023E-05
5.57820000000000023E-05
5.58900000000000019E-05
5.56189999999999972E-05
5.56849999999999996E-05
5.56849999999999996E-05
5.55870000000000016E-05
5.56950000000000012E-05
5.57059999999999982E-05
7.52289999999999941E-05
5.59229999999999997E-05
5.59439999999999983E-05
5.56310000000000032E-05
5.56740000000000026E-05
5.59450000000000005E-05
5.58370000000000009E-05
5.56740000000000026E-05
5.58250000000000017E-05
5.59020000000000011E-05
5.58040000000000031E-05
5.58040000000000031E-05
5.57820000000000023E-05
5.58259999999999971E-05
5.56959999999999966E-05
5.57600000000000015E-05
5.58040000000000031E-05
5.57269999999999969E-05
5.55539999999999970E-05
5.58139999999999979E-05
5.56629999999999988E-05
5.55539999999999970E-05
5.56090000000000024E-05
5.55109999999999976E-05
5.57820000000000023E-05
5.56959999999999966E-05
5.58359999999999987E-05
5.60420000000000032E-05
5.59450000000000005E-05
5.58900000000000019E-05
5.58579999999999995E-05
5.56959999999999966E-05
5.57820000000000023E-05
5.56520000000000018E-05
5.57059999999999982E-05
5.56189999999999972E-05
5.57709999999999985E-05
5.59120000000000027E-05
5.57059999999999982E-05
7.30510000000000024E-05
5.61500000000000028E-05
5.60089999999999986E-05
6.87070000000000047E-05
5.58250000000000017E-05
8.39600000000000025E-05
7.56619999999999949E-05
5.60309999999999994E-05
5.57600000000000015E-05
5.57489999999999977E-05
5.58150000000000001E-05
5.58040000000000031E-05
5.55759999999999978E-05
5.56629999999999988E-05
5.56520000000000018E-05
5.56520000000000018E-05
5.56090000000000024E-05
5.57059999999999982E-05
5.58259999999999971E-05
5.58139999999999979E-05
5.59559999999999975E-05
5.57170000000000020E-05
5.57059999999999982E-05
5.57279999999999991E-05
5.57499999999999999E-05
5.57059999999999982E-05
5.57279999999999991E-05
5.56740000000000026E-05
5.57929999999999993E-05
5.56409999999999980E-05
5.55440000000000022E-05
5.58139999999999979E-05
5.56839999999999974E-05
5.58909999999999973E-05
5.56409999999999980E-05
5.55539999999999970E-05
5.58370000000000009E-05
7.35059999999999972E-05
5.58150000000000001E-05
5.59659999999999991E-05
5.58040000000000031E-05
5.58370000000000009E-05
5.56520000000000018E-05
5.58579999999999995E-05
5.56310000000000032E-05
5.57929999999999993E-05
5.56950000000000012E-05
5.58359999999999987E-05
5.58359999999999987E-05
5.56300000000000010E-05
5.59009999999999989E-05
5.59439999999999983E-05
1.67930999999999988E-04
7.52710000000000049E-05
2.28242000000000001E-04
7.56290000000000038E-05
7.53260000000000035E-05
7.54130000000000046E-05
7.58020000000000037E-05
7.52070000000000001E-05
7.53469999999999954E-05
7.55959999999999992E-05
7.53589999999999946E-05
7.52499999999999995E-05
7.54019999999999940E-05
7.54779999999999980E-05
8.61589999999999996E-05
9.46960000000000027E-05
7.57049999999999943E-05
7.53909999999999970E-05
7.55970000000000014E-05
7.59219999999999958E-05
7.53370000000000005E-05
7.54339999999999964E-05
7.54560000000000040E-05
7.53039999999999959E-05
7.55529999999999998E-05
7.56069999999999963E-05
1.03210999999999998E-04
7.51199999999999991E-05
6.14270000000000067E-05
5.59120000000000027E-05
5.58030000000000009E-05
5.59880000000000000E-05
5.58139999999999979E-05
5.59559999999999975E-05
5.58359999999999987E-05
5.56409999999999980E-05
5.57609999999999969E-05
5.56520000000000018E-05
5.57059999999999982E-05
5.57600000000000015E-05
6.90749999999999985E-05
5.57499999999999999E-05
5.57820000000000023E-05
5.55979999999999986E-05
5.56629999999999988E-05
5.54679999999999982E-05
5.53710000000000023E-05
5.55220000000000014E-05
5.54790000000000019E-05
5.55549999999999992E-05
5.55759999999999978E-05
5.56090000000000024E-05
5.57489999999999977E-05
5.55440000000000022E-05
5.56839999999999974E-05
5.54570000000000011E-05
5.58030000000000009E-05
5.56839999999999974E-05
7.39939999999999966E-05
5.61500000000000028E-05
5.58789999999999981E-05
5.57709999999999985E-05
5.59009999999999989E-05
5.59330000000000013E-05
5.59339999999999967E-05
5.59439999999999983E-05
5.57489999999999977E-05
5.57609999999999969E-05
5.59880000000000000E-05
5.59670000000000013E-05
5.55979999999999986E-05
5.59450000000000005E-05
5.59659999999999991E-05
5.59770000000000029E-05
5.57170000000000020E-05
5.59009999999999989E-05
5.60530000000000002E-05
5.57820000000000023E-05
5.60089999999999986E-05
9.83139999999999942E-05
5.60089999999999986E-05
5.58470000000000025E-05
5.57600000000000015E-05
5.58259999999999971E-05
5.57170000000000020E-05
5.57499999999999999E-05
5.57820000000000023E-05
5.57499999999999999E-05
5.57720000000000007E-05
5.57390000000000028E-05
5.57929999999999993E-05
5.55650000000000008E-05
5.56420000000000002E-05
5.57709999999999985E-05
5.56199999999999994E-05
7.32139999999999939E-05
5.59339999999999967E-05
5.59020000000000011E-05
6.09390000000000005E-05
5.58690000000000033E-05
5.59659999999999991E-05
5.57929999999999993E-05
5.57919999999999971E-05
5.60859999999999980E-05
5.57609999999999969E-05
5.59120000000000027E-05
5.57820000000000023E-05
5.56950000000000012E-05
5.57170000000000020E-05
5.60309999999999994E-05
5.58359999999999987E-05
5.56740000000000026E-05
5.60100000000000008E-05
5.59659999999999991E-05
5.58359999999999987E-05
5.57709999999999985E-05
5.59559999999999975E-05
5.58040000000000031E-05
5.58680000000000011E-05
5.58789999999999981E-05
5.57380000000000007E-05
6.83809999999999946E-05
5.66269999999999984E-05
5.59229999999999997E-05
5.58040000000000031E-05
5.58040000000000031E-05
5.58470000000000025E-05
5.60859999999999980E-05
5.60309999999999994E-05
5.60309999999999994E-05
6.78179999999999934E-05
7.45239999999999932E-05
1.03264999999999995E-04
5.59770000000000029E-05
5.57720000000000007E-05
5.55220000000000014E-05
5.58040000000000031E-05
5.57489999999999977E-05
5.56740000000000026E-05
5.56740000000000026E-05
5.57709999999999985E-05
5.56740000000000026E-05
5.57390000000000028E-05
5.57170000000000020E-05
5.56420000000000002E-05
5.56629999999999988E-05
5.56849999999999996E-05
9.50319999999999941E-05
5.71249999999999994E-05
5.56740000000000026E-05
5.55979999999999986E-05
5.58150000000000001E-05
5.57820000000000023E-05
5.58579999999999995E-05
5.57170000000000020E-05
5.58900000000000019E-05
5.58359999999999987E-05
5.56520000000000018E-05
5.57070000000000004E-05
5.71579999999999972E-05
7.69080000000000029E-05
7.30289999999999949E-05
7.21629999999999933E-05
7.18910000000000068E-05
7.74169999999999942E-05
7.23679999999999956E-05
7.18379999999999990E-05
7.20760000000000058E-05
7.16749999999999939E-05
5.60200000000000024E-05
5.59989999999999970E-05
5.61069999999999966E-05
5.57390000000000028E-05
5.58139999999999979E-05
5.57929999999999993E-05
5.57600000000000015E-05
5.59989999999999970E-05
5.58579999999999995E-05
5.56740000000000026E-05
5.59450000000000005E-05
5.59989999999999970E-05
5.58900000000000019E-05
5.56730000000000004E-05
5.60089999999999986E-05
5.58150000000000001E-05
5.59550000000000021E-05
5.59120000000000027E-05
5.59120000000000027E-05
5.56310000000000032E-05
5.58789999999999981E-05
5.59450000000000005E-05
5.58359999999999987E-05
5.58789999999999981E-05
5.57919999999999971E-05
5.57600000000000015E-05
5.57279999999999991E-05
5.56740000000000026E-05
5.57279999999999991E-05
5.58150000000000001E-05
5.59339999999999967E-05
7.45030000000000014E-05
5.58680000000000011E-05
5.60309999999999994E-05
5.58470000000000025E-05
5.57709999999999985E-05
5.58470000000000025E-05
5.58690000000000033E-05
5.57279999999999991E-05
5.57609999999999969E-05
5.57170000000000020E-05
5.56520000000000018E-05
5.59229999999999997E-05
5.57600000000000015E-05
5.56520000000000018E-05
8.59099999999999957E-05
5.59439999999999983E-05
5.59559999999999975E-05
5.55650000000000008E-05
7.26829999999999951E-05
5.65290000000000004E-05
5.56300000000000010E-05
5.57390000000000028E-05
5.58370000000000009E-05
5.58900000000000019E-05
5.59779999999999984E-05
5.56629999999999988E-05
5.55650000000000008E-05
5.55220000000000014E-05
5.56839999999999974E-05
5.56730000000000004E-05
5.58470000000000025E-05
5.59550000000000021E-05
5.55329999999999984E-05
5.57600000000000015E-05
5.58579999999999995E-05
5.58470000000000025E-05
5.58470000000000025E-05
5.59439999999999983E-05
7.89009999999999956E-05
5.59450000000000005E-05
5.58900000000000019E-05
5.56520000000000018E-05
5.56950000000000012E-05
5.57709999999999985E-05
5.56310000000000032E-05
5.57929999999999993E-05
5.56529999999999972E-05
5.57059999999999982E-05
6.61610000000000057E-05
7.28889999999999996E-05
7.29640000000000014E-05
7.22819999999999968E-05
7.20219999999999959E-05
7.28670000000000056E-05
7.25299999999999984E-05
7.40480000000000066E-05
7.12090000000000021E-05
7.31049999999999989E-05
7.32240000000000023E-05
7.16529999999999999E-05
7.28989999999999944E-05
7.26279999999999965E-05
6.46869999999999992E-05
5.56520000000000018E-05
5.56849999999999996E-05
5.58579999999999995E-05
5.57170000000000020E-05
5.56629999999999988E-05
5.56520000000000018E-05
5.58150000000000001E-05
5.55979999999999986E-05
5.56959999999999966E-05
2.55120000000000010E-04
7.58679999999999993E-05
1.07122999999999997E-04
8.61160000000000002E-05
7.60089999999999968E-05
7.59000000000000018E-05
7.52169999999999949E-05
5.57820000000000023E-05
5.58470000000000025E-05
5.57929999999999993E-05
5.57820000000000023E-05
5.57059999999999982E-05
5.58800000000000003E-05
5.58040000000000031E-05
5.55979999999999986E-05
5.56740000000000026E-05
5.57929999999999993E-05
5.55870000000000016E-05
5.57709999999999985E-05
5.58579999999999995E-05
5.58359999999999987E-05
5.57170000000000020E-05
5.60630000000000018E-05
5.59129999999999981E-05
5.57929999999999993E-05
5.57279999999999991E-05
5.57929999999999993E-05
5.58800000000000003E-05
5.56629999999999988E-05
5.58250000000000017E-05
5.56950000000000012E-05
5.55759999999999978E-05
7.49459999999999970E-05
6.36260000000000037E-05
5.58250000000000017E-05
5.56310000000000032E-05
5.55650000000000008E-05
5.56730000000000004E-05
5.55660000000000030E-05
5.55979999999999986E-05
5.57709999999999985E-05
5.58470000000000025E-05
5.60309999999999994E-05
5.59659999999999991E-05
5.56300000000000010E-05
5.58030000000000009E-05
5.58470000000000025E-05
5.59330000000000013E-05
5.56310000000000032E-05
5.59120000000000027E-05
5.55979999999999986E-05
5.55759999999999978E-05
5.59009999999999989E-05
6.83809999999999946E-05
5.56950000000000012E-05
5.57170000000000020E-05
5.59989999999999970E-05
5.57499999999999999E-05
5.56409999999999980E-05
5.56629999999999988E-05
5.55430000000000000E-05
5.55539999999999970E-05
5.54899999999999990E-05
5.58579999999999995E-05
5.56189999999999972E-05
5.55970000000000032E-05
5.56839999999999974E-05
5.57929999999999993E-05
5.56090000000000024E-05
5.58579999999999995E-05
7.27040000000000005E-05
5.58359999999999987E-05
7.83160000000000003E-05
5.58690000000000033E-05
5.59559999999999975E-05
5.59229999999999997E-05
5.58579999999999995E-05
5.57070000000000004E-05
5.57489999999999977E-05
5.57390000000000028E-05
5.60100000000000008E-05
5.56619999999999966E-05
5.56300000000000010E-05
5.57390000000000028E-05
5.57279999999999991E-05
5.59770000000000029E-05
5.56409999999999980E-05
5.56849999999999996E-05
5.58040000000000031E-05
5.58040000000000031E-05
5.55430000000000000E-05
5.55329999999999984E-05
5.56199999999999994E-05
5.56189999999999972E-05
5.57600000000000015E-05
5.57390000000000028E-05
5.57499999999999999E-05
5.56520000000000018E-05
6.86419999999999977E-05
5.56740000000000026E-05
6.55540000000000029E-05
5.60630000000000018E-05
5.58900000000000019E-05
5.59009999999999989E-05
5.57820000000000023E-05
5.57820000000000023E-05
5.58250000000000017E-05
7.35160000000000056E-05
5.67349999999999981E-05
5.58040000000000031E-05
5.56730000000000004E-05
5.58040000000000031E-05
5.59450000000000005E-05
5.59450000000000005E-05
5.58030000000000009E-05
5.59450000000000005E-05
5.58040000000000031E-05
5.58359999999999987E-05
5.58370000000000009E-05
5.59229999999999997E-05
5.56950000000000012E-05
5.59989999999999970E-05
5.59009999999999989E-05
5.56310000000000032E-05
5.59659999999999991E-05
5.56080000000000002E-05
5.55549999999999992E-05
5.59339999999999967E-05
5.59120000000000027E-05
5.59339999999999967E-05
5.58359999999999987E-05
5.57499999999999999E-05
5.56839999999999974E-05
5.54889999999999968E-05
6.84890000000000011E-05
5.56310000000000032E-05
5.58040000000000031E-05
5.58040000000000031E-05
5.55440000000000022E-05
5.59989999999999970E-05
5.56409999999999980E-05
6.86409999999999955E-05
5.62589999999999979E-05
5.59550000000000021E-05
5.57929999999999993E-05
7.17079999999999985E-05
5.59120000000000027E-05
5.59229999999999997E-05
5.59120000000000027E-05
5.57609999999999969E-05
5.59120000000000027E-05
5.56950000000000012E-05
5.57380000000000007E-05
5.57929999999999993E-05
5.56310000000000032E-05
5.56189999999999972E-05
5.57499999999999999E-05
5.58139999999999979E-05
5.57600000000000015E-05
5.57279999999999991E-05
5.59989999999999970E-05
5.55329999999999984E-05
5.56090000000000024E-05
5.59229999999999997E-05
5.56300000000000010E-05
5.56199999999999994E-05
5.57059999999999982E-05
5.58030000000000009E-05
5.56090000000000024E-05
5.56199999999999994E-05
5.57499999999999999E-05
5.57390000000000028E-05
5.56849999999999996E-05
5.56199999999999994E-05
5.55329999999999984E-05
5.56629999999999988E-05
5.55759999999999978E-05
5.56520000000000018E-05
5.56950000000000012E-05
5.55440000000000022E-05
5.54899999999999990E-05
5.58800000000000003E-05
5.57499999999999999E-05
5.56189999999999972E-05
7.22379999999999951E-05
5.58040000000000031E-05
5.57600000000000015E-05
5.57929999999999993E-05
5.55320000000000030E-05
5.58789999999999981E-05
5.57489999999999977E-05
5.55660000000000030E-05
5.55539999999999970E-05
5.57380000000000007E-05
5.56849999999999996E-05
5.55770000000000000E-05
5.57279999999999991E-05
5.57170000000000020E-05
5.58690000000000033E-05
5.56520000000000018E-05
5.60100000000000008E-05
5.56849999999999996E-05
5.58139999999999979E-05
5.57929999999999993E-05
5.58259999999999971E-05
5.57709999999999985E-05
5.58040000000000031E-05
5.55440000000000022E-05
5.56409999999999980E-05
5.56189999999999972E-05
5.56839999999999974E-05
5.58579999999999995E-05
7.99630000000000067E-05
5.59339999999999967E-05
5.57059999999999982E-05
5.55759999999999978E-05
6.82629999999999934E-05
5.58250000000000017E-05
5.57279999999999991E-05
5.56090000000000024E-05
5.53490000000000015E-05
7.25419999999999977E-05
5.60420000000000032E-05
5.56199999999999994E-05
5.57070000000000004E-05
5.56740000000000026E-05
5.57499999999999999E-05
5.57059999999999982E-05
5.59880000000000000E-05
5.57070000000000004E-05
5.57600000000000015E-05
5.55870000000000016E-05
5.58139999999999979E-05
5.59219999999999975E-05
5.56740000000000026E-05
5.55650000000000008E-05
5.56629999999999988E-05
5.57929999999999993E-05
5.55660000000000030E-05
5.56310000000000032E-05
5.57929999999999993E-05
5.55870000000000016E-05
5.56310000000000032E-05
5.55979999999999986E-05
5.58900000000000019E-05
5.58040000000000031E-05
5.55770000000000000E-05
5.55979999999999986E-05
5.55549999999999992E-05
5.57489999999999977E-05
5.56629999999999988E-05
5.57609999999999969E-05
5.55650000000000008E-05
5.57269999999999969E-05
5.57709999999999985E-05
5.56199999999999994E-05
5.57600000000000015E-05
5.56730000000000004E-05
5.55329999999999984E-05
5.54679999999999982E-05
7.20330000000000064E-05
5.57709999999999985E-05
5.56420000000000002E-05
5.56189999999999972E-05
5.57059999999999982E-05
5.56520000000000018E-05
5.57059999999999982E-05
5.57820000000000023E-05
5.57929999999999993E-05
5.57059999999999982E-05
5.57059999999999982E-05
5.57489999999999977E-05
5.58680000000000011E-05
5.58359999999999987E-05
5.56849999999999996E-05
5.57059999999999982E-05
5.57499999999999999E-05
5.56310000000000032E-05
5.56629999999999988E-05
5.57820000000000023E-05
5.57499999999999999E-05
5.57070000000000004E-05
8.70260000000000033E-05
5.57609999999999969E-05
5.56849999999999996E-05
5.56409999999999980E-05
5.55979999999999986E-05
5.55549999999999992E-05
5.57279999999999991E-05
7.58239999999999977E-05
7.15019999999999941E-05
7.26500000000000041E-05
7.15880000000000064E-05
7.37010000000000047E-05
7.51199999999999991E-05
1.37359000000000011E-04
7.57590000000000043E-05
7.55959999999999992E-05
7.63010000000000001E-05
7.64849999999999970E-05
5.97040000000000030E-05
5.58359999999999987E-05
5.56420000000000002E-05
6.18160000000000058E-05
7.33980000000000044E-05
7.21409999999999993E-05
5.75810000000000032E-05
5.57380000000000007E-05
5.57489999999999977E-05
5.79920000000000031E-05
6.62470000000000046E-05
7.65389999999999934E-05
7.65719999999999980E-05
7.72220000000000003E-05
7.58570000000000023E-05
7.56730000000000055E-05
7.58899999999999934E-05
7.54229999999999994E-05
6.45139999999999993E-05
5.96499999999999998E-05
6.48940000000000058E-05
5.57720000000000007E-05
5.58030000000000009E-05
7.62580000000000007E-05
5.58259999999999971E-05
5.56310000000000032E-05
5.57059999999999982E-05
5.59229999999999997E-05
5.58250000000000017E-05
5.56849999999999996E-05
5.55979999999999986E-05
5.56849999999999996E-05
5.57720000000000007E-05
5.56199999999999994E-05
5.56629999999999988E-05
5.56189999999999972E-05
5.55650000000000008E-05
5.57929999999999993E-05
6.17410000000000040E-05
5.58250000000000017E-05
5.57059999999999982E-05
5.59009999999999989E-05
5.57390000000000028E-05
9.87589999999999941E-05
5.57820000000000023E-05
5.56300000000000010E-05
5.55979999999999986E-05
5.55870000000000016E-05
5.71799999999999980E-05
7.15130000000000046E-05
5.57279999999999991E-05
6.58239999999999986E-05
6.25860000000000001E-05
6.00289999999999973E-05
5.58900000000000019E-05
5.56629999999999988E-05
5.57929999999999993E-05
5.57929999999999993E-05
5.57170000000000020E-05
5.56950000000000012E-05
7.40480000000000066E-05
5.56629999999999988E-05
5.57709999999999985E-05
5.55759999999999978E-05
5.57279999999999991E-05
5.56740000000000026E-05
5.56520000000000018E-05
5.56409999999999980E-05
5.55870000000000016E-05
5.56409999999999980E-05
5.58359999999999987E-05
5.58259999999999971E-05
5.58040000000000031E-05
5.57929999999999993E-05
5.58139999999999979E-05
5.56959999999999966E-05
5.56090000000000024E-05
5.57170000000000020E-05
5.58250000000000017E-05
5.58909999999999973E-05
5.57489999999999977E-05
5.54249999999999987E-05
5.57929999999999993E-05
5.56849999999999996E-05
5.58470000000000025E-05
5.58040000000000031E-05
5.56409999999999980E-05
5.58579999999999995E-05
5.56310000000000032E-05
6.86090000000000067E-05
5.94109999999999975E-05
7.84240000000000067E-05
7.31159999999999959E-05
7.27480000000000021E-05
7.18259999999999998E-05
7.32560000000000047E-05
9.52049999999999940E-05
6.32250000000000054E-05
5.57820000000000023E-05
5.57170000000000020E-05
5.57170000000000020E-05
5.56950000000000012E-05
5.58150000000000001E-05
5.58359999999999987E-05
5.59009999999999989E-05
5.56409999999999980E-05
5.60309999999999994E-05
5.58359999999999987E-05
5.57499999999999999E-05
5.60209999999999978E-05
8.26920000000000004E-05
5.59339999999999967E-05
5.58470000000000025E-05
5.82519999999999972E-05
7.72439999999999943E-05
7.23580000000000008E-05
7.34950000000000002E-05
7.51850000000000061E-05
8.43709999999999957E-05
7.41239999999999971E-05
7.63439999999999995E-05
7.77310000000000051E-05
7.83920000000000043E-05
7.78610000000000055E-05
7.83370000000000057E-05
7.73199999999999983E-05
7.75469999999999946E-05
7.85439999999999988E-05
9.98640000000000047E-05
7.85319999999999996E-05
7.83160000000000003E-05
7.84139999999999984E-05
7.83809999999999938E-05
7.82070000000000052E-05
7.81419999999999982E-05
7.82620000000000039E-05
7.82399999999999963E-05
8.34949999999999993E-05
7.72319999999999951E-05
7.86950000000000046E-05
8.18040000000000049E-05
5.65730000000000020E-05
5.61280000000000020E-05
5.57820000000000023E-05
5.58370000000000009E-05
5.58690000000000033E-05
5.58359999999999987E-05
5.59980000000000016E-05
5.57600000000000015E-05
5.58150000000000001E-05
5.59659999999999991E-05
5.59770000000000029E-05
5.59659999999999991E-05
5.59550000000000021E-05
5.58470000000000025E-05
5.59550000000000021E-05
5.57390000000000028E-05
5.56849999999999996E-05
5.57600000000000015E-05
5.57820000000000023E-05
5.59339999999999967E-05
7.50550000000000056E-05
5.56950000000000012E-05
5.57170000000000020E-05
5.58579999999999995E-05
5.57279999999999991E-05
5.58579999999999995E-05
5.61180000000000004E-05
5.88480000000000031E-05
9.24749999999999981E-05
7.60409999999999992E-05
7.59219999999999958E-05
7.59649999999999952E-05
1.12973000000000004E-04
7.57799999999999961E-05
7.61600000000000027E-05
7.64520000000000060E-05
7.53909999999999970E-05
7.58779999999999942E-05
7.55959999999999992E-05
7.58349999999999948E-05
7.59649999999999952E-05
7.57160000000000049E-05
7.56509999999999979E-05
7.48820000000000057E-05
7.62900000000000031E-05
7.62790000000000061E-05
7.45460000000000008E-05
7.57700000000000013E-05
7.58130000000000007E-05
9.79350000000000034E-05
7.59760000000000058E-05
7.57910000000000067E-05
8.17069999999999955E-05
7.54769999999999958E-05
7.52710000000000049E-05
7.58349999999999948E-05
7.53700000000000051E-05
7.61809999999999945E-05
7.63659999999999936E-05
7.56939999999999973E-05
7.53049999999999981E-05
7.58030000000000059E-05
7.56079999999999985E-05
7.52390000000000025E-05
7.53370000000000005E-05
7.37769999999999951E-05
7.29640000000000014E-05
7.33869999999999938E-05
7.65070000000000046E-05
7.79259999999999990E-05
7.74919999999999960E-05
7.72209999999999981E-05
7.72660000000000019E-05
7.67559999999999949E-05
7.47299999999999977E-05
7.28449999999999980E-05
7.45999999999999973E-05
7.67129999999999955E-05
1.04642000000000005E-04
8.77740000000000036E-05
8.21509999999999932E-05
7.48490000000000011E-05
7.46539999999999937E-05
7.52070000000000001E-05
7.64640000000000052E-05
7.55639999999999968E-05
7.53039999999999959E-05
7.60409999999999992E-05
7.58779999999999942E-05
7.52609999999999965E-05
7.55860000000000044E-05
7.64090000000000065E-05
7.58570000000000023E-05
7.54779999999999980E-05
7.58789999999999964E-05
7.56730000000000055E-05
7.61389999999999973E-05
7.62139999999999991E-05
7.57809999999999983E-05
7.63770000000000041E-05
8.79580000000000005E-05
7.39170000000000040E-05
1.00315000000000004E-04
7.97020000000000036E-05
1.10944000000000000E-04
7.35059999999999972E-05
7.35499999999999988E-05
1.13980000000000003E-04
7.31810000000000029E-05
8.93120000000000014E-05
7.25630000000000030E-05
8.57799999999999953E-05
6.81649999999999953E-05
5.70169999999999998E-05
5.58370000000000009E-05
5.58040000000000031E-05
5.57820000000000023E-05
5.57279999999999991E-05
5.56090000000000024E-05
5.55979999999999986E-05
7.40799999999999955E-05
5.61180000000000004E-05
5.58250000000000017E-05
6.01270000000000022E-05
9.45879999999999963E-05
9.22910000000000012E-05
7.80890000000000040E-05
9.64080000000000026E-05
1.12984000000000001E-04
9.37320000000000031E-05
8.72749999999999936E-05
7.40689999999999984E-05
7.40040000000000050E-05
7.40470000000000044E-05
9.67660000000000015E-05
7.66480000000000020E-05
1.12777999999999997E-04
7.42750000000000029E-05
8.95829999999999993E-05
7.38959999999999986E-05
6.58029999999999932E-05
5.57600000000000015E-05
5.58690000000000033E-05
5.57820000000000023E-05
5.57820000000000023E-05
5.58680000000000011E-05
5.55549999999999992E-05
5.57279999999999991E-05
1.11851999999999999E-04
6.13830000000000050E-05
5.93029999999999979E-05
5.55000000000000006E-05
5.59770000000000029E-05
5.55979999999999986E-05
5.56740000000000026E-05
5.57390000000000028E-05
5.57059999999999982E-05
6.10680000000000055E-05
5.56959999999999966E-05
5.59009999999999989E-05
5.56849999999999996E-05
5.59450000000000005E-05
7.40359999999999939E-05
5.58040000000000031E-05
5.55759999999999978E-05
5.57929999999999993E-05
5.56189999999999972E-05
5.56189999999999972E-05
5.55759999999999978E-05
5.58690000000000033E-05
5.55430000000000000E-05
5.56839999999999974E-05
5.57279999999999991E-05
5.56839999999999974E-05
5.58359999999999987E-05
7.09589999999999960E-05
5.58250000000000017E-05
5.57709999999999985E-05
5.59880000000000000E-05
5.59439999999999983E-05
5.59339999999999967E-05
5.59559999999999975E-05
5.58040000000000031E-05
5.57709999999999985E-05
5.58470000000000025E-05
5.57929999999999993E-05
5.60530000000000002E-05
5.56950000000000012E-05
5.58569999999999973E-05
5.58470000000000025E-05
5.57499999999999999E-05
5.57279999999999991E-05
5.57709999999999985E-05
5.59009999999999989E-05
6.51309999999999969E-05
7.02779999999999936E-05
5.63239999999999981E-05
5.59009999999999989E-05
5.59120000000000027E-05
5.57709999999999985E-05
8.87210000000000066E-05
5.56310000000000032E-05
5.58470000000000025E-05
5.57070000000000004E-05
5.55979999999999986E-05
5.57600000000000015E-05
5.55650000000000008E-05
5.56849999999999996E-05
5.55440000000000022E-05
5.57170000000000020E-05
5.56740000000000026E-05
5.57929999999999993E-05
5.56740000000000026E-05
7.10899999999999987E-05
5.58470000000000025E-05
5.57499999999999999E-05
5.58150000000000001E-05
5.56189999999999972E-05
5.55549999999999992E-05
5.55440000000000022E-05
5.57929999999999993E-05
7.40470000000000044E-05
5.56310000000000032E-05
5.56189999999999972E-05
5.56730000000000004E-05
5.58030000000000009E-05
5.57279999999999991E-05
5.56959999999999966E-05
5.55759999999999978E-05
5.58579999999999995E-05
7.11220000000000011E-05
5.60200000000000024E-05
7.32240000000000023E-05
5.59869999999999978E-05
5.58579999999999995E-05
5.56839999999999974E-05
5.57059999999999982E-05
5.57600000000000015E-05
5.57709999999999985E-05
5.58470000000000025E-05
5.58030000000000009E-05
5.59229999999999997E-05
5.58900000000000019E-05
5.59550000000000021E-05
5.57390000000000028E-05
5.59120000000000027E-05
7.04500000000000048E-05
7.47190000000000007E-05
5.72770000000000007E-05
6.26509999999999936E-05
5.60420000000000032E-05
5.59009999999999989E-05
5.60089999999999986E-05
5.56629999999999988E-05
5.56520000000000018E-05
5.58359999999999987E-05
5.56520000000000018E-05
5.60530000000000002E-05
5.57929999999999993E-05
5.59439999999999983E-05
5.60859999999999980E-05
5.57929999999999993E-05
5.59770000000000029E-05
8.24319999999999995E-05
5.81439999999999976E-05
5.59229999999999997E-05
5.58900000000000019E-05
5.60530000000000002E-05
5.61609999999999998E-05
7.25849999999999971E-05
5.59550000000000021E-05
7.38519999999999970E-05
5.58370000000000009E-05
5.59229999999999997E-05
5.58370000000000009E-05
5.58139999999999979E-05
5.59779999999999984E-05
5.59229999999999997E-05
5.59229999999999997E-05
5.59980000000000016E-05
7.10350000000000001E-05
5.57720000000000007E-05
5.57499999999999999E-05
5.56740000000000026E-05
5.58359999999999987E-05
5.56520000000000018E-05
5.56199999999999994E-05
5.56629999999999988E-05
5.56839999999999974E-05
5.57279999999999991E-05
5.56310000000000032E-05
5.56300000000000010E-05
5.56300000000000010E-05
5.58250000000000017E-05
5.57499999999999999E-05
5.56950000000000012E-05
5.60089999999999986E-05
7.07869999999999984E-05
5.59880000000000000E-05
5.58040000000000031E-05
5.58139999999999979E-05
5.55770000000000000E-05
5.57499999999999999E-05
5.58040000000000031E-05
5.56849999999999996E-05
5.59770000000000029E-05
5.56300000000000010E-05
7.22809999999999946E-05
5.59559999999999975E-05
5.58040000000000031E-05
5.56629999999999988E-05
5.57820000000000023E-05
5.57929999999999993E-05
7.05800000000000053E-05
5.56740000000000026E-05
5.56520000000000018E-05
5.55979999999999986E-05
5.56629999999999988E-05
5.56740000000000026E-05
5.57820000000000023E-05
5.58680000000000011E-05
5.58579999999999995E-05
5.55539999999999970E-05
5.57390000000000028E-05
6.82190000000000053E-05
5.59550000000000021E-05
5.55759999999999978E-05
5.57709999999999985E-05
5.56849999999999996E-05
7.07109999999999943E-05
5.58579999999999995E-05
6.42860000000000008E-05
5.59339999999999967E-05
5.60970000000000018E-05
5.60309999999999994E-05
5.58789999999999981E-05
5.59219999999999975E-05
5.56520000000000018E-05
5.58690000000000033E-05
5.58359999999999987E-05
5.58800000000000003E-05
5.57820000000000023E-05
5.58579999999999995E-05
5.58470000000000025E-05
7.14690000000000030E-05
5.57929999999999993E-05
7.06670000000000063E-05
5.57820000000000023E-05
5.57709999999999985E-05
5.58259999999999971E-05
5.58470000000000025E-05
5.56310000000000032E-05
5.56199999999999994E-05
5.56300000000000010E-05
5.57499999999999999E-05
5.57929999999999993E-05
5.57820000000000023E-05
5.58470000000000025E-05
5.58040000000000031E-05
5.56629999999999988E-05
5.55220000000000014E-05
5.57609999999999969E-05
5.55109999999999976E-05
5.56189999999999972E-05
5.55539999999999970E-05
7.04940000000000064E-05
5.60530000000000002E-05
5.56520000000000018E-05
5.55759999999999978E-05
5.58030000000000009E-05
5.57279999999999991E-05
5.54679999999999982E-05
5.56090000000000024E-05
5.55440000000000022E-05
5.58370000000000009E-05
5.57929999999999993E-05
5.96279999999999990E-05
5.58150000000000001E-05
5.93899999999999989E-05
5.81439999999999976E-05
5.57279999999999991E-05
5.57390000000000028E-05
7.21839999999999987E-05
5.58470000000000025E-05
5.58680000000000011E-05
6.08056000000000048E-04
9.39490000000000046E-05
7.23249999999999962E-05
7.14690000000000030E-05
8.94310000000000048E-05
8.27790000000000015E-05
7.81640000000000058E-05
8.14250000000000005E-05
8.16529999999999990E-05
7.20000000000000018E-05
6.18160000000000058E-05
7.97899999999999933E-05
7.34840000000000032E-05
7.38089999999999975E-05
7.49029999999999976E-05
7.36899999999999941E-05
9.07960000000000028E-05
7.29530000000000044E-05
1.02436999999999995E-04
5.59670000000000013E-05
5.59989999999999970E-05
5.58690000000000033E-05
5.58040000000000031E-05
5.59339999999999967E-05
6.15019999999999949E-05
5.56730000000000004E-05
5.55430000000000000E-05
5.57170000000000020E-05
5.58579999999999995E-05
5.55870000000000016E-05
5.58040000000000031E-05
5.57059999999999982E-05
5.56740000000000026E-05
5.58470000000000025E-05
5.58800000000000003E-05
5.57499999999999999E-05
6.87500000000000041E-05
7.15990000000000035E-05
5.60309999999999994E-05
5.60100000000000008E-05
5.59009999999999989E-05
5.57489999999999977E-05
5.57279999999999991E-05
5.58150000000000001E-05
5.56959999999999966E-05
5.57279999999999991E-05
5.58359999999999987E-05
5.59229999999999997E-05
5.59659999999999991E-05
7.39600000000000034E-05
5.58690000000000033E-05
5.55979999999999986E-05
5.55650000000000008E-05
5.56849999999999996E-05
5.58690000000000033E-05
5.56409999999999980E-05
5.55970000000000032E-05
5.55440000000000022E-05
5.56520000000000018E-05
5.55329999999999984E-05
7.08839999999999942E-05
5.56730000000000004E-05
5.54570000000000011E-05
5.55549999999999992E-05
5.56849999999999996E-05
5.56080000000000002E-05
5.56199999999999994E-05
5.56090000000000024E-05
6.51199999999999999E-05
5.57600000000000015E-05
5.57059999999999982E-05
5.55220000000000014E-05
5.56199999999999994E-05
5.56199999999999994E-05
5.59439999999999983E-05
5.58150000000000001E-05
5.57279999999999991E-05
5.58259999999999971E-05
5.56959999999999966E-05
5.57279999999999991E-05
5.58250000000000017E-05
5.55870000000000016E-05
6.99839999999999994E-05
5.58579999999999995E-05
5.55220000000000014E-05
5.57600000000000015E-05
7.27040000000000005E-05
5.60970000000000018E-05
5.60309999999999994E-05
5.59659999999999991E-05
5.56730000000000004E-05
5.58789999999999981E-05
5.58040000000000031E-05
5.59659999999999991E-05
5.58040000000000031E-05
5.59670000000000013E-05
5.59009999999999989E-05
5.57489999999999977E-05
5.58040000000000031E-05
5.57600000000000015E-05
5.57820000000000023E-05
5.58030000000000009E-05
5.60850000000000026E-05
5.58139999999999979E-05
5.58579999999999995E-05
7.66149999999999974E-05
5.95520000000000017E-05
5.89130000000000033E-05
5.78939999999999983E-05
5.58579999999999995E-05
5.57600000000000015E-05
5.57929999999999993E-05
5.56950000000000012E-05
5.60200000000000024E-05
5.58259999999999971E-05
5.58359999999999987E-05
5.58470000000000025E-05
5.65619999999999982E-05
5.72659999999999969E-05
5.58680000000000011E-05
5.59009999999999989E-05
5.57390000000000028E-05
5.59120000000000027E-05
5.57929999999999993E-05
7.41450000000000025E-05
5.57170000000000020E-05
5.55759999999999978E-05
5.56520000000000018E-05
5.58030000000000009E-05
5.57709999999999985E-05
7.12850000000000061E-05
5.59009999999999989E-05
5.58579999999999995E-05
5.58909999999999973E-05
5.58579999999999995E-05
5.59120000000000027E-05
5.59989999999999970E-05
8.66680000000000044E-05
5.61389999999999990E-05
5.59450000000000005E-05
7.44160000000000004E-05
5.58789999999999981E-05
5.58579999999999995E-05
5.58569999999999973E-05
5.59989999999999970E-05
5.59989999999999970E-05
5.57820000000000023E-05
5.59989999999999970E-05
5.57279999999999991E-05
5.56629999999999988E-05
5.60959999999999996E-05
5.61830000000000006E-05
7.30510000000000024E-05
5.60959999999999996E-05
5.60209999999999978E-05
5.59120000000000027E-05
5.57929999999999993E-05
5.60750000000000010E-05
5.60200000000000024E-05
5.58579999999999995E-05
5.58470000000000025E-05
8.62790000000000052E-05
5.62050000000000014E-05
5.60309999999999994E-05
5.58359999999999987E-05
5.58690000000000033E-05
5.59670000000000013E-05
5.59009999999999989E-05
5.58470000000000025E-05
5.59980000000000016E-05
5.57269999999999969E-05
5.57170000000000020E-05
5.59770000000000029E-05
5.59670000000000013E-05
5.59550000000000021E-05
5.59020000000000011E-05
5.58040000000000031E-05
5.58690000000000033E-05
5.57059999999999982E-05
5.56629999999999988E-05
5.59550000000000021E-05
5.57170000000000020E-05
5.58789999999999981E-05
5.56080000000000002E-05
5.57929999999999993E-05
5.57820000000000023E-05
5.57820000000000023E-05
5.57709999999999985E-05
5.58680000000000011E-05
5.57380000000000007E-05
5.58359999999999987E-05
5.57059999999999982E-05
7.08080000000000037E-05
5.57720000000000007E-05
5.57820000000000023E-05
5.57820000000000023E-05
5.58900000000000019E-05
5.58359999999999987E-05
5.59129999999999981E-05
7.28129999999999956E-05
5.59779999999999984E-05
5.60309999999999994E-05
5.60750000000000010E-05
5.60750000000000010E-05
5.60530000000000002E-05
5.58470000000000025E-05
8.37330000000000062E-05
5.58030000000000009E-05
5.59659999999999991E-05
5.57820000000000023E-05
5.59229999999999997E-05
5.56950000000000012E-05
5.55979999999999986E-05
5.55320000000000030E-05
5.57929999999999993E-05
5.57820000000000023E-05
5.56300000000000010E-05
5.58900000000000019E-05
5.58370000000000009E-05
5.58470000000000025E-05
5.58690000000000033E-05
5.55979999999999986E-05
5.60209999999999978E-05
7.14469999999999954E-05
5.59550000000000021E-05
5.58789999999999981E-05
5.58690000000000033E-05
5.61509999999999982E-05
5.58470000000000025E-05
5.61500000000000028E-05
5.57709999999999985E-05
5.57929999999999993E-05
5.60209999999999978E-05
5.59229999999999997E-05
5.89019999999999995E-05
7.25090000000000066E-05
1.17360000000000001E-04
7.79480000000000065E-05
7.67340000000000009E-05
7.56619999999999949E-05
7.62999999999999979E-05
7.74599999999999936E-05
9.31150000000000055E-05
7.73850000000000053E-05
7.73520000000000007E-05
7.71139999999999939E-05
7.68540000000000065E-05
7.70810000000000028E-05
7.69070000000000008E-05
7.68530000000000043E-05
9.31580000000000049E-05
8.22379999999999943E-05
7.67770000000000003E-05
7.69070000000000008E-05
7.69609999999999972E-05
7.68319999999999989E-05
8.23890000000000001E-05
7.64849999999999970E-05
7.70270000000000064E-05
9.79470000000000026E-05
7.68960000000000037E-05
7.67989999999999943E-05
7.65829999999999950E-05
8.15086000000000022E-04
7.29319999999999990E-05
6.77970000000000016E-05
6.48279999999999966E-05
8.78610000000000046E-05
7.15240000000000016E-05
7.28770000000000004E-05
5.63339999999999997E-05
5.60089999999999986E-05
5.81770000000000022E-05
5.59439999999999983E-05
5.57059999999999982E-05
5.59550000000000021E-05
5.57600000000000015E-05
5.98450000000000005E-05
7.63659999999999936E-05
7.61490000000000056E-05
7.72970000000000021E-05
7.66800000000000044E-05
7.58779999999999942E-05
1.01305000000000007E-04
7.79590000000000036E-05
7.66050000000000026E-05
7.61819999999999967E-05
7.71449999999999941E-05
7.68210000000000019E-05
7.68100000000000049E-05
7.64959999999999940E-05
7.81959999999999947E-05
7.63439999999999995E-05
7.68100000000000049E-05
7.86190000000000006E-05
9.42419999999999966E-05
7.68210000000000019E-05
8.17829999999999995E-05
7.75469999999999946E-05
7.59440000000000034E-05
7.68640000000000013E-05
7.75039999999999952E-05
7.61269999999999981E-05
7.65389999999999934E-05
9.47069999999999997E-05
7.64849999999999970E-05
8.59210000000000063E-05
7.89660000000000026E-05
7.60509999999999940E-05
7.67770000000000003E-05
9.87810000000000017E-05
7.65500000000000040E-05
7.69940000000000018E-05
7.62470000000000037E-05
7.61819999999999967E-05
7.79470000000000043E-05
7.59969999999999976E-05
8.19779999999999934E-05
9.29949999999999999E-05
7.66579999999999969E-05
7.70149999999999936E-05
7.78180000000000061E-05
7.70810000000000028E-05
7.78280000000000009E-05
7.68309999999999967E-05
7.65180000000000016E-05
7.74489999999999966E-05
7.64090000000000065E-05
7.62900000000000031E-05
7.72869999999999937E-05
7.63760000000000019E-05
8.15440000000000040E-05
7.71670000000000017E-05
7.64740000000000000E-05
8.30390000000000024E-05
7.64950000000000054E-05
7.61280000000000002E-05
7.78290000000000031E-05
1.02604999999999998E-04
7.75680000000000000E-05
7.62249999999999961E-05
9.52379999999999985E-05
7.64640000000000052E-05
7.68960000000000037E-05
7.72110000000000033E-05
8.20419999999999982E-05
7.76219999999999964E-05
7.66370000000000050E-05
7.73300000000000067E-05
7.61819999999999967E-05
7.76229999999999986E-05
8.19239999999999969E-05
7.71240000000000022E-05
7.64409999999999954E-05
7.69619999999999994E-05
7.66800000000000044E-05
7.74919999999999960E-05
8.28009999999999955E-05
8.18150000000000019E-05
7.65500000000000040E-05
7.69940000000000018E-05
7.60300000000000022E-05
7.72000000000000062E-05
7.65279999999999964E-05
7.67449999999999979E-05
1.08325000000000004E-04
7.62360000000000067E-05
7.65060000000000024E-05
7.67780000000000025E-05
7.61929999999999937E-05
7.68530000000000043E-05
7.72000000000000062E-05
1.00525000000000004E-04
9.98310000000000001E-05
7.65829999999999950E-05
7.68100000000000049E-05
7.66689999999999939E-05
7.70700000000000058E-05
8.18259999999999989E-05
7.38199999999999946E-05
7.35059999999999972E-05
7.63770000000000041E-05
7.34300000000000068E-05
7.34079999999999992E-05
7.30619999999999994E-05
7.31260000000000043E-05
7.31479999999999983E-05
7.32240000000000023E-05
7.29530000000000044E-05
7.30830000000000048E-05
7.29849999999999932E-05
9.14020000000000034E-05
9.23230000000000036E-05
7.93880000000000063E-05
7.32240000000000023E-05
7.31260000000000043E-05
7.29210000000000020E-05
7.30940000000000019E-05
7.30719999999999943E-05
7.32019999999999947E-05
7.91499999999999994E-05
7.35379999999999996E-05
7.33110000000000033E-05
7.31159999999999959E-05
7.30289999999999949E-05
7.33970000000000022E-05
7.32889999999999958E-05
7.91280000000000054E-05
8.32449999999999933E-05
7.29970000000000060E-05
7.31589999999999953E-05
7.34950000000000002E-05
7.29530000000000044E-05
7.28780000000000026E-05
7.93120000000000023E-05
7.33860000000000052E-05
8.95720000000000023E-05
7.33430000000000057E-05
7.31159999999999959E-05
7.29859999999999954E-05
7.31479999999999983E-05
9.87260000000000031E-05
7.32889999999999958E-05
7.33220000000000003E-05
7.32779999999999987E-05
7.32130000000000053E-05
7.31479999999999983E-05
7.35169999999999942E-05
7.95840000000000024E-05
7.36030000000000066E-05
7.31909999999999977E-05
7.34300000000000068E-05
7.31800000000000007E-05
7.33319999999999952E-05
7.33100000000000011E-05
7.33649999999999998E-05
8.17829999999999995E-05
7.61819999999999967E-05
7.66579999999999969E-05
7.65610000000000010E-05
7.71680000000000038E-05
7.59979999999999998E-05
8.02330000000000024E-05
7.80669999999999964E-05
7.65709999999999958E-05
9.39370000000000054E-05
9.20310000000000003E-05
7.66800000000000044E-05
9.86289999999999937E-05
8.28120000000000060E-05
7.56079999999999985E-05
7.63549999999999966E-05
7.70260000000000042E-05
7.66370000000000050E-05
7.69510000000000024E-05
7.63549999999999966E-05
7.66910000000000015E-05
7.57700000000000013E-05
7.76109999999999994E-05
8.73840000000000023E-05
7.62040000000000043E-05
7.70159999999999958E-05
7.62360000000000067E-05
8.17180000000000060E-05
8.27250000000000050E-05
7.62139999999999991E-05
7.70159999999999958E-05
7.67879999999999973E-05
7.73739999999999948E-05
7.67449999999999979E-05
2.74013999999999996E-04
1.24251000000000000E-04
1.32814999999999995E-04
7.72430000000000057E-05
1.98752000000000011E-04
7.65940000000000056E-05
7.68210000000000019E-05
7.69940000000000018E-05
7.60519999999999962E-05
7.55959999999999992E-05
7.43730000000000010E-05
7.61819999999999967E-05
7.72319999999999951E-05
7.61929999999999937E-05
7.57910000000000067E-05
7.60949999999999957E-05
7.58239999999999977E-05
7.69940000000000018E-05
7.76659999999999981E-05
8.25080000000000035E-05
7.73950000000000001E-05
7.74929999999999982E-05
7.68530000000000043E-05
7.72000000000000062E-05
9.93330000000000059E-05
7.69839999999999934E-05
7.69510000000000024E-05
7.69830000000000048E-05
7.69830000000000048E-05
7.69619999999999994E-05
7.70919999999999998E-05
7.68749999999999983E-05
7.70700000000000058E-05
7.67340000000000009E-05
8.73290000000000036E-05
7.70700000000000058E-05
7.68210000000000019E-05
7.71240000000000022E-05
7.69070000000000008E-05
9.32229999999999984E-05
7.70049999999999988E-05
7.68309999999999967E-05
7.67340000000000009E-05
7.71029999999999968E-05
9.21719999999999977E-05
7.61170000000000032E-05
8.08830000000000047E-05
5.62480000000000009E-05
5.60420000000000032E-05
5.57499999999999999E-05
5.58789999999999981E-05
5.55440000000000022E-05
5.60209999999999978E-05
8.80599999999999937E-05
5.59450000000000005E-05
5.57919999999999971E-05
5.57709999999999985E-05
5.59229999999999997E-05
5.56090000000000024E-05
5.56189999999999972E-05
5.57709999999999985E-05
5.57390000000000028E-05
5.57709999999999985E-05
5.56520000000000018E-05
5.58250000000000017E-05
5.56090000000000024E-05
6.11989999999999946E-05
5.59120000000000027E-05
5.59229999999999997E-05
5.56740000000000026E-05
5.59120000000000027E-05
5.56849999999999996E-05
5.85020000000000033E-05
7.27899999999999993E-05
7.18259999999999998E-05
7.19890000000000048E-05
5.87730000000000012E-05
5.60100000000000008E-05
5.57820000000000023E-05
5.59450000000000005E-05
5.57609999999999969E-05
5.57499999999999999E-05
5.61620000000000020E-05
5.57600000000000015E-05
5.60429999999999986E-05
7.47839999999999941E-05
5.57390000000000028E-05
5.55759999999999978E-05
5.57600000000000015E-05
5.54140000000000017E-05
5.56629999999999988E-05
5.57609999999999969E-05
5.57709999999999985E-05
5.57059999999999982E-05
5.57600000000000015E-05
5.58370000000000009E-05
5.56520000000000018E-05
5.55979999999999986E-05
6.51960000000000039E-05
5.56959999999999966E-05
5.57279999999999991E-05
7.08520000000000054E-05
5.58680000000000011E-05
5.55650000000000008E-05
5.56189999999999972E-05
5.55549999999999992E-05
5.55979999999999986E-05
5.56839999999999974E-05
5.56080000000000002E-05
5.56090000000000024E-05
5.55979999999999986E-05
5.55220000000000014E-05
5.57709999999999985E-05
5.55650000000000008E-05
5.58150000000000001E-05
5.57820000000000023E-05
5.57709999999999985E-05
5.56619999999999966E-05
5.55979999999999986E-05
5.55870000000000016E-05
5.55870000000000016E-05
5.56199999999999994E-05
6.81430000000000013E-05
7.25310000000000006E-05
5.58150000000000001E-05
7.22389999999999973E-05
5.95629999999999988E-05
5.67569999999999989E-05
5.67899999999999967E-05
5.70279999999999968E-05
5.70279999999999968E-05
5.69410000000000025E-05
5.68439999999999999E-05
5.69090000000000001E-05
5.69199999999999971E-05
5.68980000000000031E-05
5.68660000000000007E-05
5.70169999999999998E-05
5.70180000000000019E-05
5.69729999999999981E-05
5.68549999999999969E-05
5.70610000000000014E-05
5.66919999999999986E-05
5.68219999999999991E-05
5.69729999999999981E-05
5.69190000000000017E-05
5.67240000000000010E-05
5.70610000000000014E-05
5.69949999999999990E-05
5.68980000000000031E-05
5.68439999999999999E-05
5.69630000000000033E-05
5.68980000000000031E-05
5.69519999999999995E-05
5.69079999999999979E-05
5.68110000000000021E-05
5.68869999999999993E-05
5.69960000000000011E-05
5.69190000000000017E-05
5.67580000000000011E-05
7.30289999999999949E-05
5.62150000000000030E-05
6.08530000000000017E-05
8.04169999999999993E-05
5.59989999999999970E-05
5.58040000000000031E-05
9.95709999999999992E-05
5.59229999999999997E-05
5.57170000000000020E-05
5.56300000000000010E-05
5.57059999999999982E-05
5.54459999999999973E-05
5.58579999999999995E-05
5.57489999999999977E-05
5.55870000000000016E-05
5.56300000000000010E-05
5.55329999999999984E-05
5.56199999999999994E-05
5.57820000000000023E-05
5.57279999999999991E-05
5.57489999999999977E-05
5.55770000000000000E-05
5.56409999999999980E-05
5.57600000000000015E-05
5.56300000000000010E-05
5.56199999999999994E-05
5.55650000000000008E-05
5.55000000000000006E-05
5.57279999999999991E-05
5.54469999999999995E-05
5.57820000000000023E-05
5.56090000000000024E-05
5.54459999999999973E-05
5.55870000000000016E-05
5.57709999999999985E-05
5.54790000000000019E-05
5.55109999999999976E-05
5.56959999999999966E-05
7.77629999999999939E-05
5.60739999999999988E-05
5.59009999999999989E-05
5.54029999999999979E-05
5.54459999999999973E-05
5.58470000000000025E-05
5.57170000000000020E-05
5.56189999999999972E-05
5.55879999999999970E-05
5.56950000000000012E-05
5.57279999999999991E-05
5.55549999999999992E-05
5.58359999999999987E-05
5.59129999999999981E-05
5.55759999999999978E-05
5.58690000000000033E-05
5.56189999999999972E-05
5.57390000000000028E-05
5.57070000000000004E-05
5.57709999999999985E-05
5.56629999999999988E-05
5.56409999999999980E-05
7.65070000000000046E-05
5.61939999999999976E-05
5.60089999999999986E-05
5.58909999999999973E-05
5.59880000000000000E-05
5.58800000000000003E-05
5.59559999999999975E-05
5.57279999999999991E-05
5.60970000000000018E-05
5.59330000000000013E-05
5.57709999999999985E-05
5.58359999999999987E-05
5.56849999999999996E-05
5.58909999999999973E-05
5.60959999999999996E-05
7.20539999999999983E-05
6.26399999999999966E-05
5.55650000000000008E-05
5.57390000000000028E-05
5.55759999999999978E-05
5.55650000000000008E-05
5.56950000000000012E-05
5.54469999999999995E-05
5.55440000000000022E-05
5.57820000000000023E-05
5.55979999999999986E-05
5.54679999999999982E-05
5.55549999999999992E-05
5.55119999999999998E-05
5.55650000000000008E-05
5.58359999999999987E-05
5.57709999999999985E-05
5.58690000000000033E-05
5.56199999999999994E-05
5.55870000000000016E-05
5.56629999999999988E-05
5.54889999999999968E-05
5.56090000000000024E-05
5.55650000000000008E-05
5.56740000000000026E-05
5.56090000000000024E-05
5.55329999999999984E-05
5.56629999999999988E-05
5.56199999999999994E-05
5.57170000000000020E-05
5.58900000000000019E-05
5.55549999999999992E-05
2.04717000000000012E-04
7.18590000000000044E-05
9.99719999999999976E-05
7.16860000000000045E-05
7.16749999999999939E-05
7.16970000000000015E-05
7.18379999999999990E-05
7.16319999999999945E-05
7.14800000000000000E-05
8.90520000000000005E-05
7.16420000000000029E-05
7.35599999999999937E-05
7.37990000000000027E-05
8.04610000000000009E-05
7.45449999999999986E-05
7.39290000000000032E-05
7.26389999999999935E-05
7.25099999999999952E-05
7.29530000000000044E-05
7.28439999999999958E-05
7.34410000000000038E-05
7.44379999999999944E-05
7.50550000000000056E-05
1.11590999999999996E-04
7.59320000000000042E-05
7.59109999999999988E-05
7.68100000000000049E-05
8.61699999999999966E-05
7.70700000000000058E-05
7.65500000000000040E-05
7.67550000000000063E-05
7.68419999999999938E-05
7.67019999999999985E-05
7.65719999999999980E-05
7.67340000000000009E-05
7.67019999999999985E-05
7.68100000000000049E-05
7.67340000000000009E-05
9.38730000000000006E-05
5.61069999999999966E-05
5.56409999999999980E-05
5.55979999999999986E-05
5.58579999999999995E-05
5.69419999999999979E-05
7.20000000000000018E-05
7.05160000000000004E-05
7.01249999999999969E-05
6.89449999999999980E-05
5.66489999999999992E-05
5.81869999999999970E-05
5.59450000000000005E-05
5.55000000000000006E-05
5.55650000000000008E-05
5.57170000000000020E-05
7.38629999999999940E-05
5.58690000000000033E-05
5.56950000000000012E-05
5.57269999999999969E-05
5.56420000000000002E-05
7.02880000000000020E-05
5.62260000000000000E-05
5.61939999999999976E-05
5.59450000000000005E-05
5.89349999999999973E-05
5.65730000000000020E-05
5.60959999999999996E-05
5.59219999999999975E-05
7.11869999999999945E-05
6.09279999999999967E-05
6.62580000000000016E-05
5.55440000000000022E-05
5.54679999999999982E-05
5.55759999999999978E-05
5.55440000000000022E-05
5.55660000000000030E-05
5.56740000000000026E-05
5.59659999999999991E-05
5.77320000000000022E-05
5.82630000000000010E-05
7.14359999999999984E-05
6.31279999999999960E-05
6.55329999999999975E-05
5.58579999999999995E-05
5.58900000000000019E-05
5.59559999999999975E-05
5.58250000000000017E-05
7.01689999999999985E-05
6.80130000000000009E-05
6.19890000000000057E-05
5.58040000000000031E-05
8.47299999999999968E-05
5.58690000000000033E-05
5.58040000000000031E-05
5.56730000000000004E-05
5.57170000000000020E-05
5.57929999999999993E-05
5.58359999999999987E-05
5.58470000000000025E-05
5.58579999999999995E-05
5.56629999999999988E-05
5.56080000000000002E-05
5.57489999999999977E-05
5.56409999999999980E-05
5.55539999999999970E-05
5.58789999999999981E-05
5.55220000000000014E-05
5.57380000000000007E-05
5.56520000000000018E-05
5.55000000000000006E-05
5.55119999999999998E-05
5.54140000000000017E-05
5.54240000000000033E-05
5.54899999999999990E-05
5.54570000000000011E-05
5.54350000000000003E-05
5.58259999999999971E-05
5.56189999999999972E-05
5.55539999999999970E-05
5.56189999999999972E-05
5.54459999999999973E-05
5.54029999999999979E-05
5.57499999999999999E-05
5.57059999999999982E-05
7.39290000000000032E-05
5.60739999999999988E-05
5.94440000000000021E-05
8.43940000000000055E-05
7.43180000000000023E-05
5.60089999999999986E-05
5.59009999999999989E-05
6.42870000000000030E-05
7.21300000000000023E-05
7.63979999999999960E-05
5.64319999999999977E-05
5.57609999999999969E-05
5.56839999999999974E-05
5.57070000000000004E-05
5.90540000000000008E-05
7.06890000000000003E-05
5.59120000000000027E-05
5.59670000000000013E-05
6.01369999999999970E-05
5.58690000000000033E-05
6.91070000000000009E-05
5.58579999999999995E-05
5.57059999999999982E-05
5.57709999999999985E-05
5.55220000000000014E-05
5.56629999999999988E-05
5.57070000000000004E-05
5.58789999999999981E-05
5.57279999999999991E-05
5.60420000000000032E-05
5.58470000000000025E-05
5.57279999999999991E-05
5.57499999999999999E-05
5.59550000000000021E-05
5.58359999999999987E-05
6.50230000000000041E-05
5.58040000000000031E-05
5.57170000000000020E-05
5.55979999999999986E-05
5.56629999999999988E-05
5.57499999999999999E-05
7.28559999999999950E-05
5.61389999999999990E-05
5.59559999999999975E-05
5.59550000000000021E-05
5.59020000000000011E-05
5.59880000000000000E-05
5.59439999999999983E-05
5.59120000000000027E-05
5.56409999999999980E-05
5.59770000000000029E-05
5.59339999999999967E-05
5.59659999999999991E-05
5.60309999999999994E-05
6.41020000000000039E-05
5.57609999999999969E-05
5.60859999999999980E-05
5.57279999999999991E-05
5.56520000000000018E-05
5.57059999999999982E-05
5.88799999999999987E-05
5.57489999999999977E-05
7.45569999999999978E-05
5.66710000000000000E-05
5.57170000000000020E-05
5.57499999999999999E-05
5.56520000000000018E-05
5.57499999999999999E-05
5.56520000000000018E-05
5.57609999999999969E-05
5.56199999999999994E-05
5.55979999999999986E-05
5.56629999999999988E-05
5.56090000000000024E-05
5.56629999999999988E-05
5.56950000000000012E-05
5.57279999999999991E-05
5.58800000000000003E-05
5.58690000000000033E-05
7.38740000000000045E-05
5.57380000000000007E-05
7.12629999999999985E-05
5.60420000000000032E-05
5.57709999999999985E-05
5.55759999999999978E-05
5.56849999999999996E-05
5.59339999999999967E-05
5.57709999999999985E-05
5.56080000000000002E-05
5.55870000000000016E-05
5.56839999999999974E-05
5.57390000000000028E-05
5.56420000000000002E-05
5.59219999999999975E-05
5.58359999999999987E-05
5.58680000000000011E-05
5.58250000000000017E-05
5.59659999999999991E-05
5.57489999999999977E-05
5.58690000000000033E-05
7.32680000000000039E-05
5.60100000000000008E-05
5.56520000000000018E-05
5.57489999999999977E-05
6.57270000000000028E-05
5.57600000000000015E-05
5.57279999999999991E-05
5.58579999999999995E-05
5.59450000000000005E-05
5.56839999999999974E-05
5.59550000000000021E-05
5.56520000000000018E-05
5.58359999999999987E-05
5.58359999999999987E-05
5.59659999999999991E-05
5.56090000000000024E-05
7.25849999999999971E-05
5.60530000000000002E-05
5.60739999999999988E-05
5.59450000000000005E-05
5.57829999999999977E-05
5.58139999999999979E-05
5.57609999999999969E-05
5.58040000000000031E-05
5.59770000000000029E-05
5.58359999999999987E-05
5.57929999999999993E-05
5.59020000000000011E-05
7.57809999999999983E-05
5.59009999999999989E-05
5.65080000000000018E-05
5.60519999999999980E-05
5.61289999999999974E-05
5.62910000000000003E-05
5.59120000000000027E-05
5.59869999999999978E-05
5.62050000000000014E-05
5.57929999999999993E-05
5.59339999999999967E-05
5.62809999999999987E-05
5.62260000000000000E-05
5.57600000000000015E-05
5.59550000000000021E-05
5.58040000000000031E-05
5.62050000000000014E-05
7.57809999999999983E-05
6.30289999999999957E-05
5.59989999999999970E-05
5.60530000000000002E-05
7.37329999999999935E-05
1.66462999999999995E-04
1.42614000000000000E-04
9.71440000000000037E-05
7.21620000000000047E-05
7.19890000000000048E-05
7.16970000000000015E-05
7.27259999999999945E-05
7.49360000000000022E-05
7.72110000000000033E-05
7.71680000000000038E-05
7.71569999999999933E-05
7.72000000000000062E-05
7.71899999999999979E-05
1.00655000000000004E-04
7.68419999999999938E-05
1.16222000000000000E-04
1.15485999999999998E-04
5.98339999999999967E-05
5.57279999999999991E-05
6.18169999999999945E-05
1.18932000000000006E-04
7.40150000000000020E-05
7.37880000000000057E-05
7.42099999999999959E-05
7.43620000000000039E-05
7.39069999999999956E-05
7.76870000000000034E-05
1.19629000000000003E-04
7.90629999999999984E-05
7.87169999999999987E-05
7.90199999999999990E-05
7.88039999999999997E-05
7.86950000000000046E-05
7.90520000000000014E-05
7.90410000000000044E-05
7.72000000000000062E-05
7.88469999999999991E-05
7.89009999999999956E-05
8.24330000000000017E-05
7.89769999999999996E-05
8.36249999999999998E-05
5.67569999999999989E-05
7.24450000000000018E-05
5.70169999999999998E-05
5.98989999999999969E-05
6.11770000000000006E-05
5.61389999999999990E-05
6.24239999999999973E-05
5.61389999999999990E-05
6.23369999999999963E-05
7.55100000000000004E-05
7.60730000000000016E-05
7.51309999999999961E-05
9.70250000000000002E-05
7.57809999999999983E-05
7.49459999999999970E-05
7.39069999999999956E-05
7.35169999999999942E-05
7.45239999999999932E-05
7.58349999999999948E-05
7.54449999999999934E-05
7.62360000000000067E-05
7.62249999999999961E-05
7.55540000000000020E-05
8.16519999999999968E-05
7.57590000000000043E-05
8.45449999999999978E-05
7.51309999999999961E-05
7.64090000000000065E-05
7.68640000000000013E-05
7.77089999999999975E-05
7.58460000000000053E-05
7.51410000000000044E-05
8.06770000000000002E-05
7.49139999999999946E-05
7.43730000000000010E-05
7.50220000000000010E-05
7.41770000000000049E-05
7.58349999999999948E-05
7.57049999999999943E-05
7.64630000000000030E-05
9.85420000000000062E-05
7.45239999999999932E-05
7.53469999999999954E-05
7.43399999999999964E-05
7.53580000000000059E-05
7.52719999999999935E-05
7.56619999999999949E-05
7.72220000000000003E-05
7.62249999999999961E-05
7.59539999999999982E-05
7.62689999999999977E-05
7.48820000000000057E-05
1.22917000000000002E-04
9.87049999999999977E-05
7.60190000000000052E-05
7.61280000000000002E-05
7.54670000000000010E-05
7.49469999999999992E-05
7.54560000000000040E-05
7.55000000000000056E-05
6.80560000000000003E-05
5.59559999999999975E-05
5.58680000000000011E-05
5.56520000000000018E-05
5.57380000000000007E-05
5.57380000000000007E-05
5.59020000000000011E-05
5.57390000000000028E-05
5.56629999999999988E-05
5.59120000000000027E-05
5.55650000000000008E-05
5.58470000000000025E-05
5.57929999999999993E-05
5.56199999999999994E-05
6.02889999999999982E-05
5.60750000000000010E-05
5.58250000000000017E-05
5.56080000000000002E-05
5.97579999999999994E-05
7.60620000000000046E-05
7.66800000000000044E-05
1.11489000000000003E-04
7.75469999999999946E-05
7.90420000000000066E-05
7.56619999999999949E-05
7.68749999999999983E-05
7.40580000000000014E-05
7.48169999999999987E-05
7.47409999999999947E-05
7.48049999999999995E-05
7.48920000000000006E-05
7.48380000000000041E-05
7.46970000000000067E-05
7.52400000000000047E-05
7.53800000000000000E-05
7.46220000000000048E-05
7.44600000000000020E-05
7.46319999999999997E-05
7.46109999999999943E-05
7.46869999999999983E-05
7.45460000000000008E-05
7.50120000000000062E-05
7.46979999999999953E-05
6.53579999999999932E-05
5.57600000000000015E-05
5.56629999999999988E-05
5.57059999999999982E-05
5.55979999999999986E-05
5.58139999999999979E-05
5.57600000000000015E-05
6.01480000000000008E-05
7.41119999999999979E-05
5.59439999999999983E-05
5.58359999999999987E-05
5.58040000000000031E-05
5.58800000000000003E-05
5.56959999999999966E-05
5.55979999999999986E-05
6.81330000000000065E-05
5.59880000000000000E-05
5.59120000000000027E-05
5.57609999999999969E-05
5.60739999999999988E-05
5.62689999999999995E-05
5.58359999999999987E-05
5.58250000000000017E-05
5.58040000000000031E-05
5.59880000000000000E-05
5.56950000000000012E-05
5.60420000000000032E-05
5.58259999999999971E-05
5.60859999999999980E-05
5.57709999999999985E-05
5.60750000000000010E-05
5.58579999999999995E-05
5.58690000000000033E-05
5.59559999999999975E-05
5.58579999999999995E-05
5.61289999999999974E-05
5.57179999999999975E-05
5.55979999999999986E-05
5.57600000000000015E-05
5.59869999999999978E-05
9.43500000000000030E-05
5.60530000000000002E-05
5.59229999999999997E-05
5.56090000000000024E-05
5.57279999999999991E-05
7.43180000000000023E-05
5.59339999999999967E-05
5.59120000000000027E-05
5.58579999999999995E-05
5.56090000000000024E-05
5.56520000000000018E-05
5.57929999999999993E-05
5.58909999999999973E-05
6.02339999999999996E-05
5.59120000000000027E-05
5.57820000000000023E-05
5.58370000000000009E-05
5.57170000000000020E-05
5.59880000000000000E-05
5.59330000000000013E-05
5.58250000000000017E-05
5.59339999999999967E-05
5.58259999999999971E-05
5.59450000000000005E-05
6.89670000000000056E-05
5.75920000000000002E-05
5.59659999999999991E-05
5.59550000000000021E-05
6.13070000000000010E-05
5.55870000000000016E-05
5.53479999999999993E-05
5.56420000000000002E-05
5.56839999999999974E-05
6.03220000000000028E-05
6.00509999999999982E-05
5.56520000000000018E-05
5.57929999999999993E-05
5.56740000000000026E-05
5.55440000000000022E-05
5.59229999999999997E-05
5.56090000000000024E-05
6.49470000000000001E-05
5.59120000000000027E-05
7.41130000000000001E-05
5.57279999999999991E-05
5.55010000000000028E-05
5.55650000000000008E-05
5.55870000000000016E-05
5.56839999999999974E-05
5.57269999999999969E-05
5.55329999999999984E-05
5.55220000000000014E-05
5.56520000000000018E-05
5.56629999999999988E-05
5.54790000000000019E-05
5.57600000000000015E-05
5.57600000000000015E-05
5.57059999999999982E-05
5.55329999999999984E-05
5.94119999999999997E-05
5.78400000000000019E-05
8.95829999999999993E-05
8.21070000000000052E-05
8.18150000000000019E-05
7.26279999999999965E-05
7.89879999999999966E-05
9.34180000000000058E-05
8.10570000000000068E-05
7.50220000000000010E-05
7.57049999999999943E-05
7.50759999999999974E-05
7.51749999999999977E-05
7.49029999999999976E-05
7.46650000000000043E-05
7.53909999999999970E-05
1.04457999999999995E-04
5.59770000000000029E-05
5.58370000000000009E-05
5.57269999999999969E-05
5.58579999999999995E-05
5.57059999999999982E-05
5.59439999999999983E-05
5.56619999999999966E-05
5.56950000000000012E-05
5.58040000000000031E-05
5.57720000000000007E-05
5.57170000000000020E-05
7.54550000000000018E-05
5.59009999999999989E-05
5.61930000000000022E-05
5.62150000000000030E-05
5.62270000000000022E-05
5.59659999999999991E-05
5.60630000000000018E-05
5.63570000000000027E-05
5.59659999999999991E-05
5.61500000000000028E-05
5.60959999999999996E-05
5.60959999999999996E-05
5.62369999999999971E-05
5.60850000000000026E-05
5.60750000000000010E-05
5.62369999999999971E-05
5.58579999999999995E-05
5.59009999999999989E-05
5.60100000000000008E-05
5.59009999999999989E-05
5.64319999999999977E-05
7.39610000000000056E-05
5.59770000000000029E-05
5.58470000000000025E-05
5.57070000000000004E-05
5.57489999999999977E-05
5.57269999999999969E-05
5.57380000000000007E-05
5.58040000000000031E-05
5.59120000000000027E-05
5.57820000000000023E-05
5.58900000000000019E-05
5.56839999999999974E-05
5.58259999999999971E-05
5.59120000000000027E-05
5.60200000000000024E-05
5.58370000000000009E-05
5.57489999999999977E-05
5.56520000000000018E-05
5.58470000000000025E-05
5.58479999999999979E-05
5.57059999999999982E-05
5.57820000000000023E-05
5.56950000000000012E-05
5.57279999999999991E-05
5.58909999999999973E-05
6.30950000000000049E-05
5.57709999999999985E-05
5.59559999999999975E-05
6.13070000000000010E-05
5.87180000000000026E-05
6.59550000000000013E-05
6.71459999999999971E-05
5.57929999999999993E-05
5.59439999999999983E-05
5.57609999999999969E-05
5.60420000000000032E-05
5.80239999999999988E-05
9.00809999999999935E-05
5.57709999999999985E-05
8.90090000000000011E-05
5.62480000000000009E-05
5.58259999999999971E-05
5.56080000000000002E-05
5.57170000000000020E-05
5.58900000000000019E-05
5.59559999999999975E-05
5.59009999999999989E-05
5.55870000000000016E-05
7.61699999999999975E-05
5.57499999999999999E-05
5.59129999999999981E-05
5.55329999999999984E-05
6.14909999999999979E-05
5.55650000000000008E-05
5.57390000000000028E-05
5.58370000000000009E-05
6.28999999999999975E-05
6.54240000000000024E-05
7.48920000000000006E-05
5.59559999999999975E-05
5.57720000000000007E-05
5.58900000000000019E-05
7.29749999999999984E-05
7.17830000000000003E-05
7.50340000000000002E-05
5.93029999999999979E-05
5.57720000000000007E-05
5.56409999999999980E-05
5.57279999999999991E-05
5.59450000000000005E-05
5.57390000000000028E-05
5.58579999999999995E-05
5.58470000000000025E-05
7.79359999999999938E-05
5.59339999999999967E-05
5.58040000000000031E-05
6.17509999999999988E-05
7.14479999999999976E-05
7.15990000000000035E-05
9.37539999999999972E-05
5.92930000000000030E-05
5.86960000000000018E-05
5.60859999999999980E-05
5.57380000000000007E-05
5.59129999999999981E-05
5.59439999999999983E-05
5.59989999999999970E-05
5.59770000000000029E-05
5.58579999999999995E-05
5.59989999999999970E-05
6.38319999999999946E-05
5.59880000000000000E-05
5.58250000000000017E-05
5.59550000000000021E-05
5.57929999999999993E-05
5.57600000000000015E-05
5.57279999999999991E-05
5.58680000000000011E-05
5.59439999999999983E-05
5.59550000000000021E-05
5.58250000000000017E-05
5.58579999999999995E-05
5.57499999999999999E-05
5.57279999999999991E-05
5.58789999999999981E-05
5.57820000000000023E-05
5.60739999999999988E-05
5.58370000000000009E-05
5.58900000000000019E-05
7.23040000000000043E-05
5.58789999999999981E-05
5.57170000000000020E-05
5.56300000000000010E-05
5.57820000000000023E-05
5.59330000000000013E-05
5.60850000000000026E-05
5.59330000000000013E-05
5.59120000000000027E-05
5.59550000000000021E-05
5.59659999999999991E-05
5.57279999999999991E-05
5.58259999999999971E-05
5.57279999999999991E-05
5.59339999999999967E-05
5.57709999999999985E-05
5.57820000000000023E-05
5.59659999999999991E-05
5.56629999999999988E-05
5.58030000000000009E-05
5.57059999999999982E-05
5.58579999999999995E-05
6.66699999999999970E-05
6.88579999999999970E-05
7.04829999999999959E-05
6.75359999999999985E-05
7.01150000000000021E-05
5.60309999999999994E-05
5.60639999999999972E-05
6.37339999999999966E-05
5.61180000000000004E-05
5.62270000000000022E-05
5.59880000000000000E-05
5.63350000000000019E-05
5.59450000000000005E-05
5.61939999999999976E-05
5.59339999999999967E-05
7.41450000000000025E-05
5.61719999999999968E-05
5.60530000000000002E-05
5.59659999999999991E-05
5.59009999999999989E-05
5.57720000000000007E-05
5.60850000000000026E-05
5.58789999999999981E-05
5.59989999999999970E-05
5.57059999999999982E-05
5.56959999999999966E-05
5.57499999999999999E-05
5.57059999999999982E-05
8.69719999999999933E-05
5.58250000000000017E-05
5.56629999999999988E-05
5.58139999999999979E-05
5.65520000000000034E-05
7.75899999999999940E-05
7.23900000000000032E-05
7.59539999999999982E-05
7.62900000000000031E-05
7.60949999999999957E-05
7.64959999999999940E-05
7.55100000000000004E-05
7.55319999999999944E-05
7.61060000000000062E-05
7.56069999999999963E-05
7.58030000000000059E-05
7.56079999999999985E-05
9.28110000000000030E-05
7.54990000000000034E-05
1.16070000000000005E-04
7.72869999999999937E-05
9.44149999999999964E-05
7.72329999999999973E-05
7.67340000000000009E-05
7.65930000000000034E-05
7.66040000000000004E-05
7.67019999999999985E-05
7.67119999999999933E-05
9.50970000000000011E-05
7.69609999999999972E-05
7.66589999999999991E-05
7.68100000000000049E-05
8.20640000000000058E-05
7.69500000000000002E-05
9.83579999999999958E-05
7.68640000000000013E-05
7.67129999999999955E-05
7.69510000000000024E-05
7.64090000000000065E-05
7.64310000000000006E-05
7.65599999999999988E-05
7.57049999999999943E-05
7.62350000000000045E-05
7.66469999999999999E-05
7.62790000000000061E-05
7.61060000000000062E-05
7.64419999999999976E-05
7.67449999999999979E-05
1.06330999999999996E-04
7.71779999999999987E-05
1.12702000000000006E-04
7.63439999999999995E-05
7.73950000000000001E-05
7.69729999999999964E-05
2.06390999999999996E-04
7.60949999999999957E-05
7.58890000000000047E-05
8.09490000000000003E-05
7.62350000000000045E-05
7.62360000000000067E-05
9.99180000000000012E-05
7.59000000000000018E-05
7.52179999999999971E-05
7.66589999999999991E-05
7.59969999999999976E-05
7.65279999999999964E-05
1.05964000000000004E-04
7.57910000000000067E-05
7.56509999999999979E-05
7.56400000000000009E-05
7.55639999999999968E-05
7.60409999999999992E-05
7.57489999999999959E-05
9.68309999999999950E-05
7.56179999999999933E-05
7.51520000000000015E-05
7.53260000000000035E-05
7.52280000000000055E-05
7.55529999999999998E-05
7.54560000000000040E-05
9.63220000000000038E-05
7.53899999999999948E-05
7.58030000000000059E-05
9.30280000000000045E-05
8.20430000000000004E-05
7.66259999999999945E-05
7.61269999999999981E-05
9.65060000000000006E-05
7.56830000000000003E-05
7.65610000000000010E-05
7.73410000000000037E-05
7.54990000000000034E-05
7.55749999999999939E-05
7.50879999999999967E-05
7.60409999999999992E-05
9.88130000000000041E-05
7.51749999999999977E-05
7.54550000000000018E-05
1.40354000000000005E-04
7.82180000000000023E-05
1.07767000000000000E-04
7.84030000000000013E-05
7.90199999999999990E-05
7.32240000000000023E-05
5.59989999999999970E-05
5.59020000000000011E-05
5.59980000000000016E-05
5.58789999999999981E-05
5.59229999999999997E-05
5.59869999999999978E-05
5.58900000000000019E-05
5.58690000000000033E-05
5.56090000000000024E-05
5.57279999999999991E-05
5.57489999999999977E-05
5.58150000000000001E-05
5.57600000000000015E-05
5.57600000000000015E-05
7.19679999999999994E-05
7.34629999999999978E-05
5.55979999999999986E-05
5.59330000000000013E-05
5.56189999999999972E-05
5.56950000000000012E-05
5.56300000000000010E-05
5.56950000000000012E-05
5.56629999999999988E-05
5.57499999999999999E-05
5.59339999999999967E-05
5.57279999999999991E-05
5.58690000000000033E-05
5.55870000000000016E-05
5.56740000000000026E-05
6.55329999999999975E-05
7.80669999999999964E-05
9.19659999999999933E-05
7.30070000000000008E-05
7.20109999999999988E-05
7.22809999999999946E-05
7.18160000000000049E-05
7.23790000000000062E-05
8.83159999999999994E-05
6.13390000000000034E-05
5.57820000000000023E-05
5.57709999999999985E-05
5.59439999999999983E-05
5.57929999999999993E-05
5.57929999999999993E-05
5.56740000000000026E-05
5.57059999999999982E-05
5.57059999999999982E-05
5.58250000000000017E-05
5.57709999999999985E-05
5.57600000000000015E-05
7.33319999999999952E-05
5.56959999999999966E-05
5.58579999999999995E-05
5.56629999999999988E-05
5.54360000000000025E-05
5.56629999999999988E-05
5.56740000000000026E-05
6.67890000000000004E-05
5.57170000000000020E-05
5.56409999999999980E-05
5.58030000000000009E-05
5.56189999999999972E-05
5.59989999999999970E-05
5.57820000000000023E-05
7.25310000000000006E-05
5.88919999999999979E-05
5.57720000000000007E-05
6.43949999999999959E-05
5.58900000000000019E-05
5.57279999999999991E-05
5.57709999999999985E-05
5.57059999999999982E-05
5.57059999999999982E-05
5.57820000000000023E-05
7.19340000000000062E-05
6.25310000000000015E-05
5.84580000000000017E-05
5.57499999999999999E-05
5.55979999999999986E-05
5.58900000000000019E-05
5.56199999999999994E-05
5.55440000000000022E-05
5.57279999999999991E-05
5.81550000000000014E-05
5.83280000000000013E-05
5.59020000000000011E-05
5.57709999999999985E-05
7.25630000000000030E-05
7.10029999999999976E-05
5.58030000000000009E-05
5.56839999999999974E-05
5.58680000000000011E-05
5.56409999999999980E-05
5.56090000000000024E-05
5.55109999999999976E-05
5.54140000000000017E-05
5.56189999999999972E-05
5.59330000000000013E-05
5.55119999999999998E-05
5.59229999999999997E-05
5.58470000000000025E-05
5.58579999999999995E-05
5.54790000000000019E-05
5.55870000000000016E-05
5.55759999999999978E-05
5.58040000000000031E-05
5.55979999999999986E-05
5.55979999999999986E-05
5.57929999999999993E-05
5.57489999999999977E-05
5.57380000000000007E-05
5.56629999999999988E-05
7.05699999999999969E-05
5.58579999999999995E-05
5.56629999999999988E-05
5.56629999999999988E-05
7.19779999999999942E-05
7.70049999999999988E-05
7.36570000000000031E-05
7.90090000000000020E-05
7.10790000000000017E-05
5.60420000000000032E-05
5.97470000000000024E-05
7.44050000000000034E-05
8.18809999999999975E-05
6.46650000000000051E-05
5.56959999999999966E-05
6.13289999999999951E-05
6.27149999999999984E-05
5.57820000000000023E-05
5.58150000000000001E-05
7.13280000000000055E-05
6.06469999999999972E-05
6.12970000000000062E-05
5.62480000000000009E-05
6.53049999999999990E-05
6.96599999999999937E-05
7.45559999999999956E-05
7.51420000000000066E-05
7.51960000000000031E-05
7.04829999999999959E-05
6.12210000000000022E-05
5.59229999999999997E-05
5.58690000000000033E-05
5.61719999999999968E-05
5.60750000000000010E-05
5.61289999999999974E-05
5.59439999999999983E-05
5.61069999999999966E-05
5.61180000000000004E-05
5.62809999999999987E-05
7.19779999999999942E-05
5.59339999999999967E-05
5.67349999999999981E-05
5.98980000000000015E-05
5.55770000000000000E-05
6.32029999999999978E-05
5.57390000000000028E-05
7.58890000000000047E-05
5.60320000000000016E-05
5.58259999999999971E-05
5.61280000000000020E-05
5.61400000000000012E-05
5.59020000000000011E-05
6.82949999999999958E-05
5.58789999999999981E-05
5.58040000000000031E-05
5.61180000000000004E-05
5.56520000000000018E-05
5.55870000000000016E-05
5.56189999999999972E-05
7.36250000000000007E-05
7.34840000000000032E-05
6.03759999999999993E-05
6.94540000000000028E-05
6.62580000000000016E-05
6.45030000000000023E-05
7.00389999999999981E-05
6.05699999999999978E-05
7.39720000000000026E-05
5.93459999999999973E-05
7.36690000000000023E-05
5.86100000000000030E-05
7.23790000000000062E-05
6.09710000000000029E-05
7.49250000000000052E-05
7.18379999999999990E-05
5.67139999999999994E-05
1.01899999999999997E-04
6.91719999999999943E-05
6.12309999999999970E-05
1.06591999999999999E-04
7.36680000000000001E-05
7.38639999999999962E-05
7.36789999999999971E-05
7.27899999999999993E-05
7.32240000000000023E-05
7.22920000000000051E-05
7.38310000000000051E-05
7.46109999999999943E-05
7.43839999999999980E-05
7.41020000000000030E-05
7.44809999999999938E-05
7.41020000000000030E-05
8.24539999999999936E-05
7.68640000000000013E-05
1.03178999999999996E-04
1.07713000000000004E-04
7.22269999999999981E-05
7.65279999999999964E-05
7.26719999999999981E-05
7.39929999999999944E-05
7.41989999999999989E-05
7.21629999999999933E-05
7.29640000000000014E-05
6.46659999999999938E-05
5.58040000000000031E-05
5.59009999999999989E-05
5.56959999999999966E-05
5.58150000000000001E-05
5.58250000000000017E-05
5.59559999999999975E-05
5.58900000000000019E-05
5.58359999999999987E-05
5.56520000000000018E-05
5.59229999999999997E-05
5.58690000000000033E-05
7.27469999999999999E-05
5.60309999999999994E-05
6.74280000000000056E-05
7.90629999999999984E-05
1.15407000000000001E-04
1.04295000000000003E-04
1.21899000000000006E-04
7.66480000000000020E-05
7.65180000000000016E-05
7.59969999999999976E-05
7.63439999999999995E-05
7.65940000000000056E-05
7.66469999999999999E-05
9.10349999999999983E-05
1.08282000000000004E-04
9.07850000000000058E-05
7.59209999999999936E-05
7.53580000000000059E-05
7.52830000000000041E-05
7.55100000000000004E-05
7.57479999999999937E-05
7.54779999999999980E-05
7.54130000000000046E-05
7.54659999999999988E-05
7.54449999999999934E-05
7.53479999999999976E-05
1.60499999999999998E-04
7.60190000000000052E-05
1.30934000000000004E-04
7.56619999999999949E-05
7.56509999999999979E-05
2.06975999999999992E-04
7.56830000000000003E-05
7.54019999999999940E-05
7.56179999999999933E-05
7.56290000000000038E-05
7.58779999999999942E-05
7.56509999999999979E-05
7.56730000000000055E-05
7.58349999999999948E-05
7.56400000000000009E-05
7.60839999999999986E-05
7.57489999999999959E-05
7.58560000000000001E-05
7.55529999999999998E-05
9.44579999999999959E-05
8.99070000000000050E-05
7.55529999999999998E-05
7.54449999999999934E-05
7.53909999999999970E-05
7.54889999999999950E-05
9.45120000000000058E-05
7.56509999999999979E-05
7.55430000000000050E-05
7.54339999999999964E-05
7.59109999999999988E-05
7.53800000000000000E-05
7.62470000000000037E-05
7.54449999999999934E-05
7.54560000000000040E-05
7.51090000000000020E-05
1.22180999999999988E-04
7.57809999999999983E-05
7.51090000000000020E-05
7.53370000000000005E-05
7.55970000000000014E-05
7.52929999999999989E-05
7.55970000000000014E-05
7.54769999999999958E-05
1.02799000000000003E-04
7.54889999999999950E-05
1.24780999999999997E-04
7.59870000000000028E-05
7.54010000000000053E-05
7.54880000000000064E-05
7.55420000000000028E-05
7.54990000000000034E-05
9.01999999999999970E-05
9.54760000000000054E-05
7.56939999999999973E-05
7.55420000000000028E-05
7.52830000000000041E-05
7.55209999999999974E-05
7.54229999999999994E-05
7.55100000000000004E-05
7.54449999999999934E-05
7.56290000000000038E-05
7.04180000000000024E-05
5.57709999999999985E-05
5.56959999999999966E-05
5.57170000000000020E-05
5.59229999999999997E-05
1.74549999999999987E-04
5.95740000000000025E-05
5.59009999999999989E-05
7.99740000000000037E-05
5.59229999999999997E-05
5.56520000000000018E-05
5.59330000000000013E-05
5.57059999999999982E-05
5.59770000000000029E-05
5.59880000000000000E-05
8.84889999999999993E-05
7.34939999999999980E-05
7.44910000000000022E-05
7.40910000000000060E-05
7.41130000000000001E-05
7.38529999999999992E-05
9.49889999999999947E-05
7.50550000000000056E-05
7.33869999999999938E-05
7.20430000000000012E-05
7.35280000000000048E-05
1.64129000000000000E-04
1.96541999999999989E-04
1.69783000000000011E-04
7.46319999999999997E-05
7.42210000000000065E-05
7.44589999999999998E-05
7.46109999999999943E-05
7.48810000000000035E-05
7.41989999999999989E-05
7.39710000000000004E-05
7.47190000000000007E-05
7.43719999999999988E-05
7.40369999999999960E-05
7.39819999999999974E-05
7.43289999999999993E-05
7.42529999999999953E-05
7.29749999999999984E-05
7.37329999999999935E-05
7.25849999999999971E-05
9.42200000000000025E-05
7.43730000000000010E-05
7.43940000000000063E-05
7.41659999999999943E-05
7.40910000000000060E-05
1.17230000000000001E-04
1.23599999999999996E-04
7.40799999999999955E-05
7.43839999999999980E-05
1.05453999999999997E-04
7.42430000000000005E-05
7.44800000000000052E-05
7.44259999999999952E-05
7.47080000000000037E-05
7.44050000000000034E-05
7.43620000000000039E-05
7.43399999999999964E-05
7.44920000000000044E-05
7.40799999999999955E-05
7.37329999999999935E-05
7.24760000000000020E-05
7.27800000000000045E-05
7.28999999999999966E-05
7.26940000000000057E-05
7.46439999999999989E-05
7.46319999999999997E-05
7.43940000000000063E-05
9.55190000000000048E-05
1.00124000000000006E-04
7.43399999999999964E-05
7.38850000000000016E-05
7.37880000000000057E-05
7.38420000000000021E-05
7.38199999999999946E-05
7.37870000000000035E-05
7.37109999999999995E-05
7.30070000000000008E-05
7.43399999999999964E-05
7.39819999999999974E-05
7.39389999999999980E-05
7.39829999999999996E-05
7.42539999999999975E-05
7.39069999999999956E-05
7.33110000000000033E-05
7.28449999999999980E-05
7.22809999999999946E-05
7.27149999999999975E-05
7.20870000000000029E-05
7.24770000000000042E-05
7.23580000000000008E-05
7.40799999999999955E-05
7.40580000000000014E-05
7.38089999999999975E-05
7.36349999999999955E-05
6.57124000000000033E-04
3.07347999999999985E-04
9.90290000000000034E-05
7.36359999999999977E-05
7.37659999999999981E-05
7.42000000000000011E-05
7.37339999999999957E-05
7.36140000000000037E-05
7.31810000000000029E-05
7.26389999999999935E-05
7.30830000000000048E-05
7.25740000000000001E-05
7.24760000000000020E-05
7.17830000000000003E-05
7.18809999999999984E-05
1.23172000000000006E-04
7.67240000000000061E-05
7.64310000000000006E-05
7.65289999999999986E-05
9.27250000000000041E-05
7.54229999999999994E-05
7.63979999999999960E-05
7.65169999999999994E-05
7.67240000000000061E-05
7.67449999999999979E-05
7.68319999999999989E-05
7.67780000000000025E-05
7.65599999999999988E-05
7.68540000000000065E-05
7.63119999999999971E-05
7.66910000000000015E-05
7.65500000000000040E-05
7.62139999999999991E-05
5.73749999999999987E-05
5.60100000000000008E-05
5.61180000000000004E-05
5.59330000000000013E-05
5.59120000000000027E-05
5.60309999999999994E-05
5.59989999999999970E-05
5.60530000000000002E-05
8.65190000000000029E-05
6.28230000000000048E-05
6.10149999999999977E-05
6.68859999999999962E-05
1.33403999999999999E-04
1.11671999999999997E-04
1.11261000000000004E-04
1.62775000000000013E-04
1.11477000000000003E-04
1.11521000000000005E-04
1.11748000000000001E-04
1.64205000000000004E-04
1.11639999999999995E-04
6.56400000000000017E-05
5.57820000000000023E-05
5.57170000000000020E-05
5.57929999999999993E-05
5.57820000000000023E-05
5.57720000000000007E-05
5.57929999999999993E-05
5.56950000000000012E-05
5.56740000000000026E-05
7.61819999999999967E-05
8.08400000000000053E-05
7.55209999999999974E-05
1.12690999999999996E-04
7.64409999999999954E-05
7.65829999999999950E-05
7.57809999999999983E-05
9.35700000000000003E-05
7.57590000000000043E-05
7.62900000000000031E-05
7.62790000000000061E-05
7.61929999999999937E-05
7.66370000000000050E-05
7.59760000000000058E-05
1.30955999999999998E-04
9.81020000000000037E-05
9.21029999999999955E-05
7.27009999999999939E-05
7.25219999999999945E-05
2.17115000000000011E-04
7.04709999999999966E-05
9.44420000000000014E-05
5.14020000000000002E-05
5.14710000000000024E-05
5.12409999999999995E-05
5.13209999999999987E-05
5.11610000000000003E-05
5.12009999999999999E-05
5.12420000000000017E-05
5.15709999999999980E-05
5.12309999999999979E-05
5.11710000000000019E-05
5.13509999999999967E-05
5.11409999999999971E-05
5.13220000000000009E-05
5.12009999999999999E-05
5.11210000000000006E-05
5.11009999999999974E-05
5.10910000000000026E-05
5.09910000000000002E-05
5.12110000000000015E-05
5.13419999999999973E-05
5.11809999999999967E-05
5.12709999999999975E-05
5.11809999999999967E-05
5.10109999999999966E-05
5.10109999999999966E-05
5.10320000000000020E-05
8.33569999999999949E-05
5.22710000000000015E-05
5.14710000000000024E-05
5.13620000000000005E-05
5.14310000000000028E-05
5.13310000000000003E-05
5.12910000000000007E-05
5.12510000000000011E-05
5.14610000000000008E-05
5.15320000000000006E-05
5.13709999999999999E-05
5.14009999999999980E-05
5.16109999999999976E-05
5.13910000000000031E-05
5.14710000000000024E-05
5.13620000000000005E-05
5.14310000000000028E-05
5.13709999999999999E-05
5.14809999999999972E-05
5.15410000000000000E-05
5.13010000000000023E-05
5.13019999999999977E-05
5.13509999999999967E-05
5.13109999999999971E-05
5.12309999999999979E-05
6.31109999999999993E-05
5.14719999999999978E-05
5.12809999999999991E-05
5.12910000000000007E-05
5.12610000000000027E-05
5.11109999999999990E-05
6.74820000000000021E-05
5.14509999999999992E-05
5.11610000000000003E-05
5.13509999999999967E-05
5.11909999999999983E-05
5.10620000000000000E-05
5.11809999999999967E-05
5.13609999999999983E-05
5.13609999999999983E-05
8.58020000000000028E-05
5.14310000000000028E-05
5.12709999999999975E-05
5.11509999999999987E-05
5.12719999999999997E-05
5.12409999999999995E-05
5.11809999999999967E-05
5.13010000000000023E-05
5.12309999999999979E-05
5.13010000000000023E-05
5.11220000000000028E-05
5.10109999999999966E-05
5.12009999999999999E-05
5.12210000000000031E-05
5.13609999999999983E-05
5.10709999999999994E-05
5.12409999999999995E-05
5.12619999999999981E-05
5.10410000000000014E-05
5.11009999999999974E-05
5.14009999999999980E-05
5.12009999999999999E-05
5.13109999999999971E-05
5.11719999999999973E-05
5.11210000000000006E-05
5.12210000000000031E-05
5.12910000000000007E-05
5.12409999999999995E-05
5.12110000000000015E-05
6.64020000000000056E-05
5.13910000000000031E-05
5.14310000000000028E-05
5.12910000000000007E-05
5.12510000000000011E-05
5.13010000000000023E-05
5.14210000000000012E-05
5.13410000000000019E-05
5.15610000000000032E-05
5.12510000000000011E-05
5.14710000000000024E-05
5.13720000000000021E-05
5.13410000000000019E-05
5.12910000000000007E-05
5.14310000000000028E-05
5.13010000000000023E-05
5.14509999999999992E-05
5.14020000000000002E-05
5.12110000000000015E-05
5.93309999999999983E-05
6.84319999999999980E-05
6.94110000000000034E-05
6.90520000000000023E-05
6.81409999999999969E-05
6.88019999999999962E-05
7.02010000000000009E-05
5.52919999999999985E-05
5.13910000000000031E-05
5.14009999999999980E-05
5.14409999999999976E-05
5.12409999999999995E-05
5.14610000000000008E-05
5.11719999999999973E-05
5.13209999999999987E-05
5.13010000000000023E-05
5.14210000000000012E-05
7.83120000000000051E-05
5.13709999999999999E-05
5.12709999999999975E-05
5.82020000000000028E-05
5.14409999999999976E-05
5.15110000000000020E-05
5.15510000000000016E-05
5.13509999999999967E-05
5.15809999999999996E-05
5.14509999999999992E-05
5.15119999999999974E-05
5.13910000000000031E-05
5.14210000000000012E-05
5.13810000000000015E-05
5.12610000000000027E-05
5.12110000000000015E-05
5.14520000000000014E-05
5.12709999999999975E-05
5.14009999999999980E-05
5.14009999999999980E-05
5.14909999999999988E-05
5.14809999999999972E-05
5.14920000000000010E-05
5.12409999999999995E-05
5.14610000000000008E-05
5.13910000000000031E-05
5.12910000000000007E-05
5.12309999999999979E-05
5.15119999999999974E-05
5.13010000000000023E-05
5.15610000000000032E-05
5.14710000000000024E-05
5.15010000000000004E-05
5.15510000000000016E-05
5.14710000000000024E-05
5.14419999999999998E-05
5.14109999999999996E-05
5.14610000000000008E-05
6.58510000000000036E-05
5.14719999999999978E-05
5.14610000000000008E-05
5.12309999999999979E-05
5.12309999999999979E-05
5.14409999999999976E-05
5.12110000000000015E-05
5.13320000000000025E-05
5.15110000000000020E-05
5.12210000000000031E-05
5.14310000000000028E-05
5.15110000000000020E-05
5.14809999999999972E-05
5.14020000000000002E-05
5.13609999999999983E-05
5.14710000000000024E-05
5.12709999999999975E-05
5.13410000000000019E-05
5.14909999999999988E-05
5.12009999999999999E-05
5.14920000000000010E-05
5.14109999999999996E-05
5.12210000000000031E-05
5.14109999999999996E-05
5.13109999999999971E-05
5.12409999999999995E-05
5.12719999999999997E-05
5.13910000000000031E-05
5.12610000000000027E-05
5.12110000000000015E-05
5.13509999999999967E-05
5.15209999999999968E-05
5.14419999999999998E-05
5.15309999999999984E-05
5.12009999999999999E-05
5.13509999999999967E-05
7.64919999999999988E-05
5.14310000000000028E-05
6.63010000000000010E-05
5.11419999999999993E-05
5.13109999999999971E-05
5.13709999999999999E-05
5.11109999999999990E-05
5.13810000000000015E-05
6.73520000000000016E-05
5.12709999999999975E-05
5.13109999999999971E-05
5.12009999999999999E-05
5.12809999999999991E-05
5.10320000000000020E-05
5.10209999999999982E-05
5.12210000000000031E-05
5.13509999999999967E-05
5.10109999999999966E-05
5.10510000000000030E-05
5.13109999999999971E-05
5.11109999999999990E-05
5.15010000000000004E-05
5.11409999999999971E-05
5.12510000000000011E-05
5.13609999999999983E-05
5.10910000000000026E-05
5.13519999999999989E-05
5.12510000000000011E-05
5.13109999999999971E-05
5.12110000000000015E-05
5.12510000000000011E-05
5.13410000000000019E-05
5.12020000000000021E-05
5.13810000000000015E-05
5.10709999999999994E-05
5.11009999999999974E-05
5.13709999999999999E-05
5.11210000000000006E-05
5.51719999999999996E-05
6.43110000000000014E-05
8.88019999999999944E-05
5.26210000000000032E-05
5.11310000000000022E-05
5.14020000000000002E-05
5.13109999999999971E-05
5.11909999999999983E-05
5.11809999999999967E-05
5.12910000000000007E-05
5.11210000000000006E-05
6.78619999999999950E-05
5.14409999999999976E-05
5.12110000000000015E-05
5.12809999999999991E-05
5.11620000000000025E-05
5.11109999999999990E-05
5.10010000000000018E-05
5.11310000000000022E-05
5.11909999999999983E-05
5.13410000000000019E-05
5.12409999999999995E-05
5.11920000000000005E-05
5.14710000000000024E-05
5.12110000000000015E-05
5.14310000000000028E-05
5.12910000000000007E-05
5.13310000000000003E-05
5.11419999999999993E-05
5.12709999999999975E-05
7.88709999999999975E-05
5.11920000000000005E-05
5.11710000000000019E-05
5.11610000000000003E-05
5.14109999999999996E-05
5.12110000000000015E-05
5.11809999999999967E-05
5.11319999999999977E-05
5.13609999999999983E-05
1.66269000000000003E-04
1.21797000000000000E-04
1.00941999999999997E-04
8.98320000000000032E-05
6.88509999999999952E-05
1.57199000000000011E-04
6.75020000000000052E-05
7.88010000000000067E-05
7.08119999999999990E-05
6.90020000000000011E-05
6.97010000000000023E-05
1.21962999999999998E-04
6.90820000000000003E-05
6.86909999999999967E-05
6.86820000000000041E-05
6.83410000000000018E-05
6.89319999999999966E-05
6.92310000000000017E-05
6.89220000000000018E-05
6.88209999999999972E-05
9.15519999999999935E-05
6.91010000000000013E-05
3.77933000000000002E-04
6.83809999999999946E-05
7.18220000000000045E-05
7.01210000000000017E-05
6.90720000000000055E-05
6.95910000000000051E-05
6.91119999999999983E-05
6.87709999999999960E-05
6.89910000000000040E-05
6.88720000000000006E-05
7.03109999999999982E-05
6.90619999999999971E-05
2.37034999999999996E-04
1.37632999999999988E-04
1.22843000000000003E-04
1.30903000000000004E-04
1.07362000000000006E-04
4.41908999999999987E-04
6.81219999999999959E-05
6.74820000000000021E-05
7.07109999999999943E-05
6.68820000000000010E-05
6.75409999999999959E-05
6.75820000000000045E-05
7.18210000000000024E-05
6.61920000000000059E-05
2.55225999999999999E-04
7.26810000000000043E-05
6.60519999999999971E-05
6.67910000000000048E-05
6.83420000000000040E-05
6.80510000000000029E-05
6.75919999999999993E-05
9.61720000000000001E-05
6.62720000000000052E-05
6.77509999999999956E-05
9.04719999999999971E-05
7.40119999999999954E-05
7.33920000000000048E-05
7.95509999999999978E-05
6.63020000000000032E-05
6.67910000000000048E-05
6.79220000000000046E-05
6.62509999999999998E-05
6.76719999999999985E-05
7.04019999999999944E-05
6.63109999999999958E-05
6.79319999999999994E-05
6.65310000000000039E-05
6.68820000000000010E-05
6.65010000000000059E-05
7.05319999999999949E-05
7.69109999999999960E-05
9.04430000000000013E-05
6.76209999999999951E-05
7.59419999999999990E-05
7.21110000000000013E-05
8.64919999999999979E-05
7.22420000000000039E-05
7.23319999999999980E-05
7.25310000000000006E-05
7.25520000000000060E-05
7.23819999999999992E-05
1.08307000000000005E-04
7.12919999999999944E-05
7.11809999999999949E-05
7.10120000000000038E-05
7.11410000000000021E-05
7.49620000000000050E-05
6.97620000000000006E-05
7.01509999999999997E-05
6.99519999999999970E-05
7.01609999999999945E-05
7.04209999999999954E-05
7.02020000000000031E-05
7.47010000000000019E-05
7.02719999999999940E-05
7.04120000000000028E-05
7.04209999999999954E-05
7.06919999999999933E-05
7.08909999999999960E-05
7.56920000000000065E-05
7.04620000000000040E-05
7.01509999999999997E-05
7.04120000000000028E-05
6.96210000000000031E-05
7.03419999999999984E-05
8.94019999999999955E-05
7.55519999999999976E-05
7.07710000000000039E-05
6.99720000000000002E-05
6.95520000000000009E-05
6.99709999999999980E-05
7.02220000000000063E-05
7.00410000000000025E-05
6.98719999999999978E-05
7.08109999999999968E-05
7.04709999999999966E-05
7.01319999999999987E-05
7.07009999999999995E-05
7.04219999999999976E-05
7.03709999999999942E-05
1.03533000000000000E-04
7.03210000000000065E-05
7.10620000000000050E-05
7.03120000000000004E-05
7.02409999999999938E-05
7.00920000000000059E-05
7.07109999999999943E-05
7.53520000000000063E-05
7.07720000000000061E-05
7.08810000000000012E-05
7.10319999999999935E-05
7.07609999999999956E-05
8.43610000000000009E-05
7.85820000000000008E-05
7.04320000000000060E-05
6.97010000000000023E-05
6.96020000000000021E-05
6.82620000000000047E-05
6.97010000000000023E-05
6.98519999999999946E-05
7.47909999999999959E-05
7.05420000000000032E-05
6.97820000000000037E-05
6.94310000000000066E-05
7.00819999999999975E-05
7.01410000000000049E-05
6.92620000000000020E-05
7.42020000000000055E-05
7.10810000000000060E-05
6.98920000000000010E-05
6.95009999999999975E-05
6.97020000000000045E-05
6.95910000000000051E-05
6.97210000000000055E-05
6.95220000000000028E-05
7.46809999999999987E-05
7.05319999999999949E-05
7.01119999999999955E-05
7.02609999999999970E-05
7.04719999999999988E-05
9.52220000000000041E-05
7.43920000000000020E-05
8.72519999999999974E-05
7.08609999999999980E-05
7.07020000000000017E-05
7.04409999999999986E-05
7.04719999999999988E-05
7.07319999999999997E-05
7.49010000000000067E-05
6.99219999999999990E-05
8.10420000000000010E-05
7.07410000000000059E-05
7.05420000000000032E-05
6.99310000000000052E-05
7.04810000000000050E-05
7.46119999999999965E-05
7.00209999999999993E-05
7.07820000000000009E-05
7.05319999999999949E-05
7.03810000000000026E-05
7.01319999999999987E-05
7.06210000000000003E-05
7.37320000000000049E-05
7.55620000000000060E-05
7.10110000000000016E-05
6.66920000000000045E-05
7.03609999999999994E-05
7.82310000000000037E-05
5.13509999999999967E-05
5.44819999999999978E-05
5.11610000000000003E-05
5.09510000000000006E-05
5.10010000000000018E-05
6.06120000000000018E-05
6.16809999999999944E-05
6.51309999999999969E-05
6.40820000000000007E-05
6.66910000000000023E-05
6.71620000000000051E-05
7.07009999999999995E-05
6.97409999999999952E-05
6.79020000000000014E-05
6.82110000000000013E-05
6.77219999999999998E-05
7.89509999999999968E-05
7.93719999999999983E-05
8.04820000000000063E-05
8.00619999999999934E-05
8.09919999999999998E-05
8.03320000000000027E-05
8.05610000000000034E-05
8.07520000000000021E-05
6.43219999999999984E-05
5.19810000000000026E-05
5.19010000000000033E-05
5.16609999999999989E-05
5.17009999999999985E-05
5.20009999999999990E-05
8.55319999999999936E-05
7.52719999999999935E-05
7.07119999999999965E-05
7.07210000000000027E-05
7.04620000000000040E-05
7.96319999999999992E-05
7.01609999999999945E-05
7.03520000000000068E-05
7.42919999999999995E-05
7.07309999999999975E-05
7.03820000000000048E-05
7.00410000000000025E-05
7.00420000000000046E-05
7.02619999999999992E-05
7.01309999999999965E-05
7.49420000000000018E-05
6.97310000000000003E-05
7.03820000000000048E-05
7.01319999999999987E-05
9.11019999999999961E-05
7.07510000000000007E-05
7.49219999999999986E-05
7.04620000000000040E-05
6.99410000000000000E-05
7.08820000000000034E-05
7.04420000000000008E-05
6.97810000000000016E-05
8.84819999999999975E-05
7.47320000000000021E-05
7.00309999999999941E-05
6.98719999999999978E-05
6.97219999999999942E-05
6.98909999999999988E-05
6.97719999999999954E-05
6.96009999999999999E-05
7.44620000000000064E-05
6.99120000000000042E-05
7.01509999999999997E-05
7.02820000000000023E-05
7.01710000000000029E-05
7.02220000000000063E-05
7.11920000000000055E-05
7.49709999999999976E-05
6.99720000000000002E-05
6.98010000000000048E-05
6.98519999999999946E-05
7.01919999999999947E-05
7.01410000000000049E-05
7.01520000000000019E-05
7.10209999999999965E-05
7.07020000000000017E-05
7.01220000000000039E-05
7.02409999999999938E-05
7.03120000000000004E-05
9.02220000000000046E-05
6.69310000000000000E-05
1.10833000000000001E-04
6.72809999999999950E-05
7.00619999999999943E-05
7.04209999999999954E-05
7.05410000000000011E-05
7.06819999999999985E-05
7.07109999999999943E-05
6.99819999999999951E-05
7.05509999999999959E-05
7.04519999999999956E-05
6.97020000000000045E-05
7.03409999999999962E-05
7.06520000000000005E-05
7.45009999999999970E-05
7.05209999999999979E-05
7.03120000000000004E-05
7.04209999999999954E-05
6.96220000000000053E-05
6.99209999999999968E-05
7.00720000000000027E-05
7.55720000000000008E-05
7.06809999999999963E-05
6.97919999999999986E-05
7.03020000000000055E-05
6.94009999999999950E-05
6.99620000000000054E-05
8.86119999999999980E-05
7.48510000000000055E-05
7.01619999999999967E-05
7.04719999999999988E-05
7.03109999999999982E-05
8.40319999999999978E-05
7.01220000000000039E-05
7.02210000000000041E-05
7.42320000000000035E-05
7.06819999999999985E-05
7.09610000000000004E-05
7.06919999999999933E-05
7.02309999999999989E-05
7.05319999999999949E-05
7.01319999999999987E-05
7.50209999999999988E-05
7.02619999999999992E-05
7.12410000000000045E-05
7.06319999999999973E-05
7.02820000000000023E-05
7.05910000000000023E-05
7.04320000000000060E-05
7.52020000000000027E-05
7.02210000000000041E-05
1.00562000000000004E-04
7.04019999999999944E-05
7.01020000000000007E-05
8.79119999999999945E-05
7.48709999999999952E-05
7.04819999999999937E-05
7.06119999999999941E-05
7.04909999999999998E-05
7.02619999999999992E-05
7.07410000000000059E-05
7.05519999999999981E-05
7.02020000000000031E-05
7.04509999999999934E-05
7.01819999999999999E-05
6.99209999999999968E-05
7.00619999999999943E-05
7.07710000000000039E-05
7.09320000000000046E-05
7.44120000000000052E-05
6.97810000000000016E-05
7.03020000000000055E-05
7.02619999999999992E-05
6.99610000000000032E-05
7.04519999999999956E-05
7.11009999999999957E-05
7.59419999999999990E-05
7.02619999999999992E-05
7.08210000000000052E-05
7.04420000000000008E-05
7.02210000000000041E-05
8.92520000000000054E-05
7.05720000000000013E-05
7.53320000000000031E-05
7.04209999999999954E-05
7.01020000000000007E-05
7.03020000000000055E-05
6.96809999999999991E-05
6.99120000000000042E-05
6.95509999999999987E-05
7.44120000000000052E-05
7.04120000000000028E-05
7.02210000000000041E-05
7.01319999999999987E-05
7.02010000000000009E-05
6.99920000000000034E-05
7.00610000000000057E-05
6.97020000000000045E-05
7.05220000000000001E-05
7.07909999999999936E-05
7.03620000000000016E-05
1.18551999999999999E-04
7.02210000000000041E-05
9.16219999999999979E-05
6.98019999999999934E-05
7.00710000000000005E-05
6.97419999999999974E-05
7.08419999999999970E-05
8.76620000000000020E-05
7.03409999999999962E-05
7.48820000000000057E-05
7.04909999999999998E-05
7.03419999999999984E-05
7.02419999999999960E-05
7.01309999999999965E-05
7.06919999999999933E-05
7.02710000000000053E-05
7.47520000000000053E-05
6.98620000000000030E-05
7.01509999999999997E-05
6.97020000000000045E-05
6.99610000000000032E-05
7.00019999999999983E-05
7.07520000000000029E-05
7.28910000000000040E-05
8.28019999999999977E-05
7.71320000000000062E-05
7.06619999999999953E-05
6.54209999999999959E-05
6.58119999999999994E-05
6.55910000000000027E-05
6.54719999999999993E-05
6.57510000000000012E-05
6.56910000000000051E-05
6.55209999999999983E-05
6.54509999999999939E-05
8.48919999999999997E-05
6.46419999999999954E-05
7.13309999999999986E-05
6.52210000000000046E-05
6.50809999999999957E-05
6.52020000000000036E-05
6.54010000000000062E-05
6.59019999999999935E-05
6.58409999999999952E-05
7.09519999999999942E-05
6.51410000000000053E-05
6.49120000000000046E-05
6.49910000000000017E-05
6.49319999999999943E-05
6.49509999999999953E-05
6.50220000000000019E-05
7.65420000000000000E-05
1.02032000000000002E-04
5.14310000000000028E-05
5.14610000000000008E-05
5.13910000000000031E-05
5.15420000000000022E-05
5.13310000000000003E-05
5.13209999999999987E-05
5.13410000000000019E-05
5.12910000000000007E-05
5.14909999999999988E-05
5.16419999999999979E-05
5.14809999999999972E-05
5.12910000000000007E-05
5.15809999999999996E-05
5.14909999999999988E-05
6.76819999999999934E-05
5.14210000000000012E-05
5.14509999999999992E-05
5.57709999999999985E-05
5.15809999999999996E-05
5.15119999999999974E-05
6.38310000000000060E-05
8.20120000000000002E-05
6.89519999999999998E-05
6.88209999999999972E-05
6.90919999999999951E-05
6.89110000000000048E-05
6.89019999999999986E-05
6.89910000000000040E-05
6.89420000000000050E-05
6.89110000000000048E-05
6.89319999999999966E-05
6.88819999999999954E-05
6.90410000000000053E-05
6.87820000000000065E-05
6.91510000000000025E-05
6.90119999999999959E-05
6.90609999999999949E-05
6.91220000000000067E-05
6.90009999999999989E-05
6.89420000000000050E-05
6.90619999999999971E-05
6.89710000000000008E-05
6.91119999999999983E-05
6.89809999999999957E-05
8.58619999999999989E-05
6.85619999999999985E-05
6.86109999999999975E-05
6.84319999999999980E-05
6.86210000000000059E-05
6.83619999999999936E-05
6.84309999999999958E-05
6.84420000000000064E-05
6.86320000000000029E-05
6.89509999999999976E-05
6.93120000000000032E-05
6.93010000000000062E-05
7.72920000000000047E-05
6.91320000000000015E-05
6.94209999999999982E-05
6.91020000000000035E-05
6.91010000000000013E-05
6.92120000000000007E-05
6.92310000000000017E-05
6.91419999999999963E-05
6.92310000000000017E-05
6.91510000000000025E-05
6.91520000000000047E-05
6.89110000000000048E-05
6.89819999999999979E-05
6.92609999999999998E-05
6.91719999999999943E-05
6.93010000000000062E-05
8.56619999999999940E-05
6.85919999999999965E-05
6.87709999999999960E-05
6.89309999999999944E-05
6.89819999999999979E-05
6.90009999999999989E-05
6.90119999999999959E-05
6.88410000000000004E-05
6.88420000000000026E-05
6.89809999999999957E-05
6.89119999999999934E-05
6.88809999999999932E-05
6.90510000000000001E-05
6.92519999999999936E-05
6.88209999999999972E-05
6.91320000000000015E-05
6.90510000000000001E-05
6.92419999999999988E-05
8.90520000000000005E-05
6.92909999999999978E-05
6.92519999999999936E-05
6.92320000000000039E-05
6.93310000000000042E-05
6.93019999999999948E-05
6.92109999999999985E-05
6.93920000000000024E-05
6.93610000000000022E-05
6.92419999999999988E-05
6.93620000000000044E-05
8.52510000000000008E-05
9.79619999999999948E-05
6.89619999999999947E-05
6.87810000000000044E-05
6.89119999999999934E-05
6.86310000000000007E-05
7.83819999999999959E-05
6.92920000000000000E-05
6.90009999999999989E-05
6.92620000000000020E-05
6.81510000000000053E-05
5.14710000000000024E-05
5.11920000000000005E-05
5.12610000000000027E-05
5.10910000000000026E-05
5.13509999999999967E-05
5.12910000000000007E-05
5.12510000000000011E-05
5.14409999999999976E-05
5.13819999999999970E-05
5.13010000000000023E-05
5.13410000000000019E-05
5.13209999999999987E-05
5.14509999999999992E-05
5.11909999999999983E-05
5.12420000000000017E-05
5.12510000000000011E-05
5.11610000000000003E-05
5.12610000000000027E-05
5.12610000000000027E-05
6.86620000000000009E-05
5.14210000000000012E-05
5.14909999999999988E-05
5.12009999999999999E-05
5.12409999999999995E-05
5.14920000000000010E-05
5.13910000000000031E-05
5.12409999999999995E-05
5.13810000000000015E-05
5.14509999999999992E-05
5.13609999999999983E-05
5.13620000000000005E-05
5.13410000000000019E-05
5.13810000000000015E-05
5.12610000000000027E-05
5.13209999999999987E-05
5.13609999999999983E-05
5.12910000000000007E-05
5.11220000000000028E-05
5.13709999999999999E-05
5.12309999999999979E-05
5.11310000000000022E-05
5.11809999999999967E-05
5.11009999999999974E-05
5.13419999999999973E-05
5.12510000000000011E-05
5.13910000000000031E-05
5.15709999999999980E-05
5.15010000000000004E-05
5.14409999999999976E-05
5.14120000000000018E-05
5.12610000000000027E-05
5.13509999999999967E-05
5.12210000000000031E-05
5.12709999999999975E-05
5.11909999999999983E-05
5.13310000000000003E-05
5.14620000000000030E-05
5.12510000000000011E-05
6.66509999999999959E-05
5.16010000000000028E-05
5.15519999999999970E-05
6.26509999999999936E-05
5.13010000000000023E-05
7.67819999999999977E-05
6.90720000000000055E-05
5.15209999999999968E-05
5.13109999999999971E-05
5.13109999999999971E-05
5.13509999999999967E-05
5.13509999999999967E-05
5.11520000000000009E-05
5.12309999999999979E-05
5.12210000000000031E-05
5.12210000000000031E-05
5.11909999999999983E-05
5.12709999999999975E-05
5.13509999999999967E-05
5.13819999999999970E-05
5.15010000000000004E-05
5.12910000000000007E-05
5.12709999999999975E-05
5.12809999999999991E-05
5.13109999999999971E-05
5.12619999999999981E-05
5.12910000000000007E-05
5.12409999999999995E-05
5.13410000000000019E-05
5.12110000000000015E-05
5.11210000000000006E-05
5.13819999999999970E-05
5.12510000000000011E-05
5.14210000000000012E-05
5.12110000000000015E-05
5.11310000000000022E-05
5.13810000000000015E-05
6.70820000000000059E-05
5.13010000000000023E-05
5.15209999999999968E-05
5.13609999999999983E-05
5.13910000000000031E-05
5.12219999999999985E-05
5.14109999999999996E-05
5.12009999999999999E-05
5.13509999999999967E-05
5.12510000000000011E-05
5.13910000000000031E-05
5.13919999999999986E-05
5.12110000000000015E-05
5.14610000000000008E-05
5.14909999999999988E-05
1.53652999999999987E-04
6.91220000000000067E-05
2.09304999999999989E-04
6.95009999999999975E-05
6.93219999999999980E-05
6.93810000000000054E-05
6.97520000000000057E-05
6.91810000000000005E-05
6.93209999999999958E-05
6.95520000000000009E-05
6.93110000000000010E-05
6.92419999999999988E-05
6.93610000000000022E-05
6.94420000000000036E-05
7.92620000000000011E-05
8.64619999999999999E-05
6.95910000000000051E-05
6.93620000000000044E-05
6.95410000000000039E-05
6.98620000000000030E-05
6.93120000000000032E-05
6.94009999999999950E-05
6.94120000000000056E-05
6.92609999999999998E-05
6.95119999999999945E-05
6.95609999999999935E-05
9.39620000000000060E-05
6.90220000000000042E-05
5.65110000000000016E-05
5.14610000000000008E-05
5.13609999999999983E-05
5.15219999999999990E-05
5.13709999999999999E-05
5.14909999999999988E-05
5.13910000000000031E-05
5.12110000000000015E-05
5.13010000000000023E-05
5.12219999999999985E-05
5.12709999999999975E-05
5.13209999999999987E-05
6.29410000000000061E-05
5.12409999999999995E-05
5.13509999999999967E-05
5.11710000000000019E-05
5.12309999999999979E-05
5.10510000000000030E-05
5.09610000000000022E-05
5.11009999999999974E-05
5.10620000000000000E-05
5.11310000000000022E-05
5.11409999999999971E-05
5.11710000000000019E-05
5.13109999999999971E-05
5.11109999999999990E-05
5.12510000000000011E-05
5.10410000000000014E-05
5.13609999999999983E-05
5.12309999999999979E-05
6.75310000000000011E-05
5.16209999999999992E-05
5.14310000000000028E-05
5.13310000000000003E-05
5.14409999999999976E-05
5.14809999999999972E-05
5.14710000000000024E-05
5.14920000000000010E-05
5.13109999999999971E-05
5.13209999999999987E-05
5.15309999999999984E-05
5.15110000000000020E-05
5.11809999999999967E-05
5.14819999999999994E-05
5.15010000000000004E-05
5.15110000000000020E-05
5.12809999999999991E-05
5.14409999999999976E-05
5.15910000000000012E-05
5.13419999999999973E-05
5.15510000000000016E-05
8.99719999999999985E-05
5.14909999999999988E-05
5.14109999999999996E-05
5.13209999999999987E-05
5.13810000000000015E-05
5.12719999999999997E-05
5.13109999999999971E-05
5.13310000000000003E-05
5.13209999999999987E-05
5.13209999999999987E-05
5.13010000000000023E-05
5.13519999999999989E-05
5.11310000000000022E-05
5.12110000000000015E-05
5.13310000000000003E-05
5.11909999999999983E-05
6.68220000000000050E-05
5.14109999999999996E-05
5.14509999999999992E-05
5.14310000000000028E-05
5.14009999999999980E-05
5.15119999999999974E-05
5.13410000000000019E-05
5.13609999999999983E-05
5.16209999999999992E-05
5.13310000000000003E-05
5.14610000000000008E-05
5.13419999999999973E-05
5.12510000000000011E-05
5.12809999999999991E-05
5.15709999999999980E-05
5.13910000000000031E-05
5.12409999999999995E-05
5.15519999999999970E-05
5.15110000000000020E-05
5.13910000000000031E-05
5.13209999999999987E-05
5.15010000000000004E-05
5.13709999999999999E-05
5.14210000000000012E-05
5.14319999999999982E-05
5.13010000000000023E-05
6.29009999999999997E-05
5.20909999999999998E-05
5.14620000000000030E-05
5.13609999999999983E-05
5.13609999999999983E-05
5.14109999999999996E-05
5.16209999999999992E-05
5.15510000000000016E-05
5.15720000000000002E-05
6.24010000000000011E-05
6.85309999999999983E-05
9.42229999999999956E-05
5.14509999999999992E-05
5.13310000000000003E-05
5.10910000000000026E-05
5.13509999999999967E-05
5.13119999999999993E-05
5.12409999999999995E-05
5.12409999999999995E-05
5.13310000000000003E-05
5.12409999999999995E-05
5.13010000000000023E-05
5.12920000000000029E-05
5.12009999999999999E-05
5.12409999999999995E-05
5.12510000000000011E-05
8.69220000000000057E-05
5.24609999999999980E-05
5.12409999999999995E-05
5.11719999999999973E-05
5.13810000000000015E-05
5.13410000000000019E-05
5.14109999999999996E-05
5.12809999999999991E-05
5.14310000000000028E-05
5.13910000000000031E-05
5.12210000000000031E-05
5.12709999999999975E-05
5.25809999999999968E-05
7.01720000000000051E-05
6.71509999999999945E-05
6.63919999999999972E-05
6.61509999999999973E-05
7.02909999999999950E-05
6.66019999999999969E-05
6.61009999999999961E-05
6.62520000000000020E-05
6.59709999999999957E-05
5.15610000000000032E-05
5.15209999999999968E-05
5.16320000000000030E-05
5.12910000000000007E-05
5.13709999999999999E-05
5.13509999999999967E-05
5.13310000000000003E-05
5.15309999999999984E-05
5.14120000000000018E-05
5.12409999999999995E-05
5.14909999999999988E-05
5.15410000000000000E-05
5.14310000000000028E-05
5.12409999999999995E-05
5.15410000000000000E-05
5.13720000000000021E-05
5.14909999999999988E-05
5.14610000000000008E-05
5.14610000000000008E-05
5.12009999999999999E-05
5.14310000000000028E-05
5.14920000000000010E-05
5.13910000000000031E-05
5.14310000000000028E-05
5.13509999999999967E-05
5.13209999999999987E-05
5.12910000000000007E-05
5.12420000000000017E-05
5.12910000000000007E-05
5.13609999999999983E-05
5.14809999999999972E-05
6.79520000000000026E-05
5.13609999999999983E-05
5.15610000000000032E-05
5.14109999999999996E-05
5.13310000000000003E-05
5.14009999999999980E-05
5.14220000000000034E-05
5.12910000000000007E-05
5.13109999999999971E-05
5.12809999999999991E-05
5.12210000000000031E-05
5.14710000000000024E-05
5.13220000000000009E-05
5.12210000000000031E-05
7.85609999999999954E-05
5.14319999999999982E-05
5.14909999999999988E-05
5.11509999999999987E-05
6.63409999999999938E-05
5.19620000000000016E-05
5.12110000000000015E-05
5.13010000000000023E-05
5.13910000000000031E-05
5.14409999999999976E-05
5.15209999999999968E-05
5.12320000000000001E-05
5.11409999999999971E-05
5.11009999999999974E-05
5.12409999999999995E-05
5.12409999999999995E-05
5.14009999999999980E-05
5.14920000000000010E-05
5.11009999999999974E-05
5.13310000000000003E-05
5.14109999999999996E-05
5.14009999999999980E-05
5.14009999999999980E-05
5.14809999999999972E-05
7.20820000000000054E-05
5.14310000000000028E-05
5.14310000000000028E-05
5.12219999999999985E-05
5.12510000000000011E-05
5.13310000000000003E-05
5.12110000000000015E-05
5.13509999999999967E-05
5.12210000000000031E-05
5.12719999999999997E-05
6.08310000000000008E-05
6.70510000000000057E-05
6.71219999999999987E-05
6.65110000000000007E-05
6.61819999999999976E-05
6.70409999999999973E-05
6.67319999999999974E-05
6.81010000000000041E-05
6.55310000000000067E-05
6.72410000000000022E-05
6.73509999999999994E-05
6.59219999999999967E-05
6.70709999999999953E-05
6.67819999999999986E-05
5.94909999999999967E-05
5.12210000000000031E-05
5.12510000000000011E-05
5.14109999999999996E-05
5.12719999999999997E-05
5.12210000000000031E-05
5.12210000000000031E-05
5.13609999999999983E-05
5.11809999999999967E-05
5.12610000000000027E-05
2.34395999999999997E-04
6.97210000000000055E-05
9.79619999999999948E-05
7.91119999999999974E-05
6.99319999999999938E-05
6.98409999999999976E-05
6.91919999999999975E-05
5.13410000000000019E-05
5.14009999999999980E-05
5.13410000000000019E-05
5.13320000000000025E-05
5.12709999999999975E-05
5.14310000000000028E-05
5.13509999999999967E-05
5.11710000000000019E-05
5.12409999999999995E-05
5.13410000000000019E-05
5.11620000000000025E-05
5.13310000000000003E-05
5.14009999999999980E-05
5.13910000000000031E-05
5.12610000000000027E-05
5.15910000000000012E-05
5.14620000000000030E-05
5.13410000000000019E-05
5.12910000000000007E-05
5.13509999999999967E-05
5.14310000000000028E-05
5.12409999999999995E-05
5.13819999999999970E-05
5.12510000000000011E-05
5.11409999999999971E-05
6.83209999999999986E-05
5.84719999999999985E-05
5.13810000000000015E-05
5.11909999999999983E-05
5.11409999999999971E-05
5.12510000000000011E-05
5.11520000000000009E-05
5.11710000000000019E-05
5.13310000000000003E-05
5.14009999999999980E-05
5.15709999999999980E-05
5.15110000000000020E-05
5.12009999999999999E-05
5.13620000000000005E-05
5.14009999999999980E-05
5.14710000000000024E-05
5.11909999999999983E-05
5.14610000000000008E-05
5.11610000000000003E-05
5.11520000000000009E-05
5.14610000000000008E-05
6.23609999999999947E-05
5.12009999999999999E-05
5.12809999999999991E-05
5.15309999999999984E-05
5.13109999999999971E-05
5.12009999999999999E-05
5.12309999999999979E-05
5.11210000000000006E-05
5.11310000000000022E-05
5.10720000000000016E-05
5.14009999999999980E-05
5.11809999999999967E-05
5.11710000000000019E-05
5.12409999999999995E-05
5.13310000000000003E-05
5.11819999999999989E-05
5.14109999999999996E-05
6.63510000000000022E-05
5.13209999999999987E-05
7.15819999999999933E-05
5.13509999999999967E-05
5.15010000000000004E-05
5.14809999999999972E-05
5.14109999999999996E-05
5.12709999999999975E-05
5.13109999999999971E-05
5.13010000000000023E-05
5.15410000000000000E-05
5.12309999999999979E-05
5.11920000000000005E-05
5.13010000000000023E-05
5.12910000000000007E-05
5.15309999999999984E-05
5.12110000000000015E-05
5.12409999999999995E-05
5.13620000000000005E-05
5.13709999999999999E-05
5.11210000000000006E-05
5.11210000000000006E-05
5.12009999999999999E-05
5.12009999999999999E-05
5.13310000000000003E-05
5.13019999999999977E-05
5.13209999999999987E-05
5.12110000000000015E-05
6.31810000000000038E-05
5.12420000000000017E-05
5.98210000000000020E-05
5.15510000000000016E-05
5.14409999999999976E-05
5.14610000000000008E-05
5.13419999999999973E-05
5.13410000000000019E-05
5.13810000000000015E-05
6.70610000000000005E-05
5.21820000000000029E-05
5.13709999999999999E-05
5.12510000000000011E-05
5.13709999999999999E-05
5.14909999999999988E-05
5.15010000000000004E-05
5.13620000000000005E-05
5.14809999999999972E-05
5.13609999999999983E-05
5.13810000000000015E-05
5.13910000000000031E-05
5.14710000000000024E-05
5.12610000000000027E-05
5.15410000000000000E-05
5.14409999999999976E-05
5.12009999999999999E-05
5.15010000000000004E-05
5.11809999999999967E-05
5.11310000000000022E-05
5.14819999999999994E-05
5.14509999999999992E-05
5.14809999999999972E-05
5.13910000000000031E-05
5.13109999999999971E-05
5.12409999999999995E-05
5.10620000000000000E-05
6.24710000000000055E-05
5.11409999999999971E-05
5.13609999999999983E-05
5.13609999999999983E-05
5.11220000000000028E-05
5.15410000000000000E-05
5.12110000000000015E-05
6.31209999999999942E-05
5.17420000000000003E-05
5.14809999999999972E-05
5.13310000000000003E-05
6.54209999999999959E-05
5.14020000000000002E-05
5.14710000000000024E-05
5.14610000000000008E-05
5.13209999999999987E-05
5.14610000000000008E-05
5.12510000000000011E-05
5.13010000000000023E-05
5.13519999999999989E-05
5.12009999999999999E-05
5.11909999999999983E-05
5.13109999999999971E-05
5.13609999999999983E-05
5.13209999999999987E-05
5.12920000000000029E-05
5.15309999999999984E-05
5.11109999999999990E-05
5.11809999999999967E-05
5.14509999999999992E-05
5.12009999999999999E-05
5.11920000000000005E-05
5.12709999999999975E-05
5.13609999999999983E-05
5.11809999999999967E-05
5.11909999999999983E-05
5.13109999999999971E-05
5.13010000000000023E-05
5.12619999999999981E-05
5.11809999999999967E-05
5.11109999999999990E-05
5.12309999999999979E-05
5.11610000000000003E-05
5.12110000000000015E-05
5.12619999999999981E-05
5.11210000000000006E-05
5.10709999999999994E-05
5.14210000000000012E-05
5.13109999999999971E-05
5.11809999999999967E-05
6.59320000000000050E-05
5.13109999999999971E-05
5.13109999999999971E-05
5.13509999999999967E-05
5.11109999999999990E-05
5.14319999999999982E-05
5.13109999999999971E-05
5.11310000000000022E-05
5.11210000000000006E-05
5.13010000000000023E-05
5.12409999999999995E-05
5.11520000000000009E-05
5.12910000000000007E-05
5.12809999999999991E-05
5.14109999999999996E-05
5.12210000000000031E-05
5.15510000000000016E-05
5.12510000000000011E-05
5.13709999999999999E-05
5.13509999999999967E-05
5.13810000000000015E-05
5.13310000000000003E-05
5.13509999999999967E-05
5.11210000000000006E-05
5.12119999999999969E-05
5.11809999999999967E-05
5.12510000000000011E-05
5.14109999999999996E-05
7.30419999999999963E-05
5.14310000000000028E-05
5.12709999999999975E-05
5.11509999999999987E-05
6.22819999999999976E-05
5.13209999999999987E-05
5.12809999999999991E-05
5.11809999999999967E-05
5.09409999999999990E-05
6.62020000000000008E-05
5.15110000000000020E-05
5.11909999999999983E-05
5.12709999999999975E-05
5.12409999999999995E-05
5.13019999999999977E-05
5.12709999999999975E-05
5.15309999999999984E-05
5.12709999999999975E-05
5.13109999999999971E-05
5.11409999999999971E-05
5.13620000000000005E-05
5.14710000000000024E-05
5.12409999999999995E-05
5.11409999999999971E-05
5.12309999999999979E-05
5.13609999999999983E-05
5.11409999999999971E-05
5.11920000000000005E-05
5.13509999999999967E-05
5.11610000000000003E-05
5.12009999999999999E-05
5.11710000000000019E-05
5.14509999999999992E-05
5.13620000000000005E-05
5.11409999999999971E-05
5.11710000000000019E-05
5.11409999999999971E-05
5.13209999999999987E-05
5.12309999999999979E-05
5.13209999999999987E-05
5.11409999999999971E-05
5.12910000000000007E-05
5.13310000000000003E-05
5.12009999999999999E-05
5.13209999999999987E-05
5.12409999999999995E-05
5.11220000000000028E-05
5.10609999999999978E-05
6.57309999999999980E-05
5.12610000000000027E-05
5.12119999999999969E-05
5.11909999999999983E-05
5.12709999999999975E-05
5.12210000000000031E-05
5.12709999999999975E-05
5.13310000000000003E-05
5.13519999999999989E-05
5.12610000000000027E-05
5.12709999999999975E-05
5.13109999999999971E-05
5.14210000000000012E-05
5.13910000000000031E-05
5.12510000000000011E-05
5.12719999999999997E-05
5.13109999999999971E-05
5.12009999999999999E-05
5.12309999999999979E-05
5.13410000000000019E-05
5.13109999999999971E-05
5.12619999999999981E-05
7.96009999999999990E-05
5.12619999999999981E-05
5.12510000000000011E-05
5.12110000000000015E-05
5.11710000000000019E-05
5.11310000000000022E-05
5.12809999999999991E-05
6.92320000000000039E-05
6.57109999999999948E-05
6.68619999999999978E-05
6.58709999999999933E-05
6.77319999999999946E-05
6.90809999999999981E-05
1.24993000000000001E-04
6.95910000000000051E-05
6.95119999999999945E-05
7.01210000000000017E-05
6.98219999999999966E-05
5.48910000000000001E-05
5.13910000000000031E-05
5.12110000000000015E-05
5.68619999999999987E-05
6.75010000000000031E-05
6.63520000000000044E-05
5.29809999999999998E-05
5.13010000000000023E-05
5.13109999999999971E-05
5.33710000000000011E-05
6.09219999999999971E-05
7.04310000000000038E-05
7.04420000000000008E-05
7.10420000000000018E-05
6.97710000000000067E-05
6.96119999999999969E-05
6.98109999999999996E-05
6.94120000000000056E-05
5.93510000000000015E-05
5.48809999999999985E-05
5.97209999999999996E-05
5.13310000000000003E-05
5.13609999999999983E-05
6.95720000000000041E-05
5.13209999999999987E-05
5.12009999999999999E-05
5.12709999999999975E-05
5.14710000000000024E-05
5.13819999999999970E-05
5.12510000000000011E-05
5.11710000000000019E-05
5.12610000000000027E-05
5.13310000000000003E-05
5.11909999999999983E-05
5.12409999999999995E-05
5.12020000000000021E-05
5.11509999999999987E-05
5.13410000000000019E-05
5.14009999999999980E-05
5.13709999999999999E-05
5.12619999999999981E-05
5.14509999999999992E-05
5.13010000000000023E-05
9.03520000000000050E-05
5.12910000000000007E-05
5.12009999999999999E-05
5.11710000000000019E-05
5.11620000000000025E-05
5.25909999999999984E-05
6.52810000000000006E-05
5.12409999999999995E-05
6.05320000000000025E-05
5.75810000000000032E-05
5.52509999999999967E-05
5.14409999999999976E-05
5.12309999999999979E-05
5.13410000000000019E-05
5.13410000000000019E-05
5.12910000000000007E-05
5.12510000000000011E-05
6.75620000000000013E-05
5.11710000000000019E-05
5.13310000000000003E-05
5.11610000000000003E-05
5.12809999999999991E-05
5.12520000000000033E-05
5.12309999999999979E-05
5.12110000000000015E-05
5.11610000000000003E-05
5.12210000000000031E-05
5.13810000000000015E-05
5.13819999999999970E-05
5.13609999999999983E-05
5.13509999999999967E-05
5.13709999999999999E-05
5.12610000000000027E-05
5.11809999999999967E-05
5.12809999999999991E-05
5.13910000000000031E-05
5.14409999999999976E-05
5.13010000000000023E-05
5.10109999999999966E-05
5.13509999999999967E-05
5.12409999999999995E-05
5.14020000000000002E-05
5.13609999999999983E-05
5.12210000000000031E-05
5.14009999999999980E-05
5.12009999999999999E-05
6.25519999999999933E-05
5.45809999999999980E-05
7.16019999999999965E-05
6.71810000000000061E-05
6.69620000000000003E-05
6.60810000000000065E-05
6.73819999999999996E-05
8.69119999999999973E-05
5.81109999999999998E-05
5.13310000000000003E-05
5.12809999999999991E-05
5.12709999999999975E-05
5.12619999999999981E-05
5.13709999999999999E-05
5.13910000000000031E-05
5.14509999999999992E-05
5.12009999999999999E-05
5.15610000000000032E-05
5.13910000000000031E-05
5.13109999999999971E-05
5.15709999999999980E-05
7.56319999999999969E-05
5.14210000000000012E-05
5.13910000000000031E-05
5.35810000000000008E-05
7.06119999999999941E-05
6.65209999999999955E-05
6.75919999999999993E-05
6.91609999999999973E-05
7.70519999999999934E-05
6.80919999999999979E-05
7.02210000000000041E-05
7.15019999999999941E-05
7.21110000000000013E-05
7.16420000000000029E-05
7.20419999999999991E-05
7.11209999999999989E-05
7.13619999999999988E-05
7.22519999999999987E-05
9.12920000000000062E-05
7.21509999999999941E-05
7.20320000000000042E-05
7.21320000000000067E-05
7.20709999999999949E-05
7.19419999999999966E-05
7.18910000000000068E-05
7.19820000000000030E-05
7.20020000000000062E-05
7.62410000000000041E-05
7.09120000000000014E-05
7.23619999999999960E-05
7.46210000000000026E-05
5.19720000000000032E-05
5.16410000000000024E-05
5.13410000000000019E-05
5.13910000000000031E-05
5.14210000000000012E-05
5.13910000000000031E-05
5.15410000000000000E-05
5.13209999999999987E-05
5.13810000000000015E-05
5.15110000000000020E-05
5.15209999999999968E-05
5.15010000000000004E-05
5.15010000000000004E-05
5.14020000000000002E-05
5.14909999999999988E-05
5.13010000000000023E-05
5.12409999999999995E-05
5.13209999999999987E-05
5.13410000000000019E-05
5.14819999999999994E-05
6.84809999999999971E-05
5.12009999999999999E-05
5.12809999999999991E-05
5.14120000000000018E-05
5.13010000000000023E-05
5.14109999999999996E-05
5.16410000000000024E-05
5.41209999999999990E-05
8.45420000000000047E-05
6.96220000000000053E-05
6.98109999999999996E-05
6.98419999999999998E-05
1.03182000000000002E-04
6.95919999999999937E-05
7.00420000000000046E-05
7.03409999999999962E-05
6.93519999999999960E-05
6.97310000000000003E-05
6.94920000000000048E-05
6.97710000000000067E-05
6.99120000000000042E-05
6.95720000000000041E-05
6.95910000000000051E-05
6.88920000000000038E-05
7.01809999999999977E-05
7.01220000000000039E-05
6.85609999999999963E-05
6.96720000000000065E-05
6.97320000000000025E-05
8.93620000000000026E-05
6.98409999999999976E-05
6.96919999999999961E-05
7.46109999999999943E-05
6.93320000000000064E-05
6.92320000000000039E-05
6.97609999999999984E-05
6.92719999999999968E-05
7.00509999999999973E-05
7.02719999999999940E-05
6.96210000000000031E-05
6.91419999999999963E-05
6.97320000000000025E-05
6.95509999999999987E-05
6.92120000000000007E-05
6.92909999999999978E-05
6.78220000000000022E-05
6.71310000000000049E-05
6.75320000000000033E-05
7.03909999999999974E-05
7.17019999999999989E-05
7.12720000000000047E-05
7.10310000000000048E-05
7.10719999999999999E-05
7.05610000000000043E-05
6.87409999999999980E-05
6.70120000000000015E-05
6.86409999999999955E-05
7.05220000000000001E-05
9.55420000000000011E-05
8.06019999999999984E-05
7.49910000000000008E-05
6.88120000000000046E-05
6.86520000000000061E-05
6.91810000000000005E-05
7.02719999999999940E-05
6.95009999999999975E-05
6.92519999999999936E-05
6.99110000000000020E-05
6.97719999999999954E-05
6.92419999999999988E-05
6.94610000000000046E-05
7.02820000000000023E-05
6.97810000000000016E-05
6.94120000000000056E-05
6.97510000000000035E-05
6.95619999999999957E-05
7.00220000000000014E-05
7.01009999999999985E-05
6.96919999999999961E-05
7.02609999999999970E-05
8.03719999999999955E-05
6.79220000000000046E-05
9.11990000000000055E-05
7.26310000000000031E-05
1.01030000000000000E-04
6.74909999999999947E-05
6.76519999999999953E-05
1.04061999999999994E-04
6.71509999999999945E-05
8.14119999999999991E-05
6.66620000000000065E-05
7.83019999999999967E-05
6.26310000000000039E-05
5.24410000000000016E-05
5.13910000000000031E-05
5.13519999999999989E-05
5.13310000000000003E-05
5.12910000000000007E-05
5.11909999999999983E-05
5.11809999999999967E-05
6.75719999999999961E-05
5.15709999999999980E-05
5.13810000000000015E-05
5.53009999999999979E-05
8.61819999999999958E-05
8.40819999999999990E-05
7.11420000000000043E-05
8.77819999999999940E-05
1.03111999999999998E-04
8.53620000000000003E-05
8.01420000000000062E-05
6.81419999999999991E-05
6.80909999999999957E-05
6.81419999999999991E-05
8.82419999999999998E-05
6.98310000000000028E-05
1.02983000000000000E-04
6.82610000000000026E-05
8.18119999999999953E-05
6.79220000000000046E-05
6.05209999999999987E-05
5.13209999999999987E-05
5.14310000000000028E-05
5.13410000000000019E-05
5.13419999999999973E-05
5.14210000000000012E-05
5.11310000000000022E-05
5.12910000000000007E-05
1.02118000000000000E-04
5.64310000000000023E-05
5.45909999999999996E-05
5.10810000000000010E-05
5.15219999999999990E-05
5.11710000000000019E-05
5.12510000000000011E-05
5.13109999999999971E-05
5.12709999999999975E-05
5.62110000000000010E-05
5.12619999999999981E-05
5.14409999999999976E-05
5.12510000000000011E-05
5.14809999999999972E-05
6.75620000000000013E-05
5.13010000000000023E-05
5.11509999999999987E-05
5.13410000000000019E-05
5.11909999999999983E-05
5.11909999999999983E-05
5.11520000000000009E-05
5.14109999999999996E-05
5.11210000000000006E-05
5.12610000000000027E-05
5.12809999999999991E-05
5.12409999999999995E-05
5.13919999999999986E-05
6.47310000000000008E-05
5.13109999999999971E-05
5.13310000000000003E-05
5.15219999999999990E-05
5.14909999999999988E-05
5.14809999999999972E-05
5.15010000000000004E-05
5.13509999999999967E-05
5.13310000000000003E-05
5.14009999999999980E-05
5.13419999999999973E-05
5.15910000000000012E-05
5.12610000000000027E-05
5.14109999999999996E-05
5.13910000000000031E-05
5.13109999999999971E-05
5.12920000000000029E-05
5.13310000000000003E-05
5.14409999999999976E-05
5.99010000000000013E-05
6.41119999999999987E-05
5.17710000000000029E-05
5.14509999999999992E-05
5.14509999999999992E-05
5.13310000000000003E-05
8.10370000000000036E-05
5.11409999999999971E-05
5.14009999999999980E-05
5.12709999999999975E-05
5.11620000000000025E-05
5.13209999999999987E-05
5.11409999999999971E-05
5.12510000000000011E-05
5.11210000000000006E-05
5.12809999999999991E-05
5.12409999999999995E-05
5.13519999999999989E-05
5.12409999999999995E-05
6.48709999999999960E-05
5.13609999999999983E-05
5.13119999999999993E-05
5.13709999999999999E-05
5.11909999999999983E-05
5.11409999999999971E-05
5.11310000000000022E-05
5.13509999999999967E-05
6.75919999999999993E-05
5.11310000000000022E-05
5.11710000000000019E-05
5.12409999999999995E-05
5.13620000000000005E-05
5.12910000000000007E-05
5.12610000000000027E-05
5.11509999999999987E-05
5.14009999999999980E-05
6.49019999999999963E-05
5.15010000000000004E-05
6.68410000000000060E-05
5.14719999999999978E-05
5.14109999999999996E-05
5.12510000000000011E-05
5.12709999999999975E-05
5.13209999999999987E-05
5.13109999999999971E-05
5.13910000000000031E-05
5.13609999999999983E-05
5.14710000000000024E-05
5.14509999999999992E-05
5.15010000000000004E-05
5.13109999999999971E-05
5.14509999999999992E-05
6.41520000000000051E-05
6.80210000000000049E-05
5.26110000000000016E-05
5.76610000000000024E-05
5.15709999999999980E-05
5.14509999999999992E-05
5.15510000000000016E-05
5.12309999999999979E-05
5.12210000000000031E-05
5.13910000000000031E-05
5.12309999999999979E-05
5.15809999999999996E-05
5.13410000000000019E-05
5.15020000000000026E-05
5.16209999999999992E-05
5.13509999999999967E-05
5.15209999999999968E-05
7.52619999999999987E-05
5.34409999999999988E-05
5.14710000000000024E-05
5.14509999999999992E-05
5.15919999999999966E-05
5.16909999999999969E-05
6.62410000000000050E-05
5.14409999999999976E-05
6.74220000000000060E-05
5.13410000000000019E-05
5.14710000000000024E-05
5.13910000000000031E-05
5.13819999999999970E-05
5.15209999999999968E-05
5.14710000000000024E-05
5.14710000000000024E-05
5.15410000000000000E-05
6.48019999999999938E-05
5.12809999999999991E-05
5.13109999999999971E-05
5.12309999999999979E-05
5.13910000000000031E-05
5.12210000000000031E-05
5.11920000000000005E-05
5.12210000000000031E-05
5.12510000000000011E-05
5.13010000000000023E-05
5.12110000000000015E-05
5.12009999999999999E-05
5.12020000000000021E-05
5.13810000000000015E-05
5.13010000000000023E-05
5.12610000000000027E-05
5.15510000000000016E-05
6.45819999999999993E-05
5.14909999999999988E-05
5.13609999999999983E-05
5.13709999999999999E-05
5.11409999999999971E-05
5.13109999999999971E-05
5.13419999999999973E-05
5.12510000000000011E-05
5.15209999999999968E-05
5.12009999999999999E-05
6.59719999999999979E-05
5.14409999999999976E-05
5.13609999999999983E-05
5.12210000000000031E-05
5.13410000000000019E-05
5.13109999999999971E-05
6.44019999999999977E-05
5.11809999999999967E-05
5.12210000000000031E-05
5.11710000000000019E-05
5.12320000000000001E-05
5.12409999999999995E-05
5.13410000000000019E-05
5.14210000000000012E-05
5.14109999999999996E-05
5.11409999999999971E-05
5.13109999999999971E-05
6.22220000000000016E-05
5.14409999999999976E-05
5.11409999999999971E-05
5.13310000000000003E-05
5.12420000000000017E-05
6.45110000000000063E-05
5.13509999999999967E-05
5.91119999999999992E-05
5.14710000000000024E-05
5.16310000000000008E-05
5.15709999999999980E-05
5.14310000000000028E-05
5.14710000000000024E-05
5.12110000000000015E-05
5.14120000000000018E-05
5.13910000000000031E-05
5.14310000000000028E-05
5.13310000000000003E-05
5.14109999999999996E-05
5.14009999999999980E-05
6.52220000000000067E-05
5.12809999999999991E-05
6.44720000000000021E-05
5.12809999999999991E-05
5.13310000000000003E-05
5.13709999999999999E-05
5.13810000000000015E-05
5.11809999999999967E-05
5.11819999999999989E-05
5.11909999999999983E-05
5.13109999999999971E-05
5.13410000000000019E-05
5.13410000000000019E-05
5.14009999999999980E-05
5.13509999999999967E-05
5.12420000000000017E-05
5.11009999999999974E-05
5.13209999999999987E-05
5.10910000000000026E-05
5.11909999999999983E-05
5.11310000000000022E-05
6.42920000000000004E-05
5.15309999999999984E-05
5.12210000000000031E-05
5.11610000000000003E-05
5.13519999999999989E-05
5.12809999999999991E-05
5.10510000000000030E-05
5.11710000000000019E-05
5.11210000000000006E-05
5.13910000000000031E-05
5.13410000000000019E-05
5.48920000000000023E-05
5.13810000000000015E-05
5.46309999999999992E-05
5.35110000000000032E-05
5.12809999999999991E-05
5.13019999999999977E-05
6.58709999999999933E-05
5.13310000000000003E-05
5.14210000000000012E-05
5.60013000000000047E-04
8.57020000000000004E-05
6.64310000000000014E-05
6.57619999999999982E-05
8.17519999999999993E-05
7.55720000000000008E-05
7.13010000000000006E-05
7.42620000000000015E-05
7.44920000000000044E-05
6.61710000000000005E-05
5.68809999999999997E-05
7.28519999999999998E-05
6.75520000000000065E-05
6.78809999999999960E-05
6.89119999999999934E-05
6.78009999999999968E-05
8.27819999999999945E-05
6.69620000000000003E-05
9.34569999999999965E-05
5.14610000000000008E-05
5.15410000000000000E-05
5.14220000000000034E-05
5.13709999999999999E-05
5.14710000000000024E-05
5.14310000000000028E-05
5.12309999999999979E-05
5.11120000000000012E-05
5.12809999999999991E-05
5.14109999999999996E-05
5.11610000000000003E-05
5.13709999999999999E-05
5.12709999999999975E-05
5.12409999999999995E-05
5.13910000000000031E-05
5.14310000000000028E-05
5.13109999999999971E-05
6.26910000000000000E-05
6.52520000000000048E-05
5.15010000000000004E-05
5.15410000000000000E-05
5.14509999999999992E-05
5.13220000000000009E-05
5.12910000000000007E-05
5.13709999999999999E-05
5.12610000000000027E-05
5.12809999999999991E-05
5.13910000000000031E-05
5.14719999999999978E-05
5.15110000000000020E-05
6.75010000000000031E-05
5.13609999999999983E-05
5.11719999999999973E-05
5.11409999999999971E-05
5.12610000000000027E-05
5.14109999999999996E-05
5.12110000000000015E-05
5.11710000000000019E-05
5.11210000000000006E-05
5.12219999999999985E-05
5.11109999999999990E-05
6.46609999999999964E-05
5.11809999999999967E-05
5.10419999999999968E-05
5.11310000000000022E-05
5.12610000000000027E-05
5.11809999999999967E-05
5.11909999999999983E-05
5.11710000000000019E-05
5.98719999999999987E-05
5.13109999999999971E-05
5.12709999999999975E-05
5.11009999999999974E-05
5.11809999999999967E-05
5.12009999999999999E-05
5.15020000000000026E-05
5.13709999999999999E-05
5.12809999999999991E-05
5.13810000000000015E-05
5.12510000000000011E-05
5.13010000000000023E-05
5.13720000000000021E-05
5.11710000000000019E-05
6.38310000000000060E-05
5.13609999999999983E-05
5.11019999999999996E-05
5.13209999999999987E-05
6.63409999999999938E-05
5.15709999999999980E-05
5.15720000000000002E-05
5.15110000000000020E-05
5.12409999999999995E-05
5.14210000000000012E-05
5.13609999999999983E-05
5.14710000000000024E-05
5.13509999999999967E-05
5.15110000000000020E-05
5.14409999999999976E-05
5.13010000000000023E-05
5.13609999999999983E-05
5.13209999999999987E-05
5.13410000000000019E-05
5.13519999999999989E-05
5.16109999999999976E-05
5.13709999999999999E-05
5.14009999999999980E-05
6.98519999999999946E-05
5.47109999999999985E-05
5.42009999999999983E-05
5.32709999999999987E-05
5.14120000000000018E-05
5.13109999999999971E-05
5.13509999999999967E-05
5.12610000000000027E-05
5.15610000000000032E-05
5.13810000000000015E-05
5.14009999999999980E-05
5.13919999999999986E-05
5.20309999999999970E-05
5.26809999999999993E-05
5.14109999999999996E-05
5.14310000000000028E-05
5.12910000000000007E-05
5.14520000000000014E-05
5.13410000000000019E-05
6.76610000000000015E-05
5.12219999999999985E-05
5.11509999999999987E-05
5.12309999999999979E-05
5.13609999999999983E-05
5.13310000000000003E-05
6.50319999999999967E-05
5.13810000000000015E-05
5.14009999999999980E-05
5.14409999999999976E-05
5.14009999999999980E-05
5.14610000000000008E-05
5.15420000000000022E-05
7.92609999999999989E-05
5.16019999999999982E-05
5.14909999999999988E-05
6.79210000000000024E-05
5.13509999999999967E-05
5.14020000000000002E-05
5.14109999999999996E-05
5.15410000000000000E-05
5.15410000000000000E-05
5.13310000000000003E-05
5.15410000000000000E-05
5.12920000000000029E-05
5.12409999999999995E-05
5.16310000000000008E-05
5.17110000000000001E-05
6.66519999999999981E-05
5.15610000000000032E-05
5.15610000000000032E-05
5.14710000000000024E-05
5.13609999999999983E-05
5.16109999999999976E-05
5.15619999999999986E-05
5.14109999999999996E-05
5.14009999999999980E-05
7.88719999999999997E-05
5.16609999999999989E-05
5.15709999999999980E-05
5.13910000000000031E-05
5.14210000000000012E-05
5.15119999999999974E-05
5.14409999999999976E-05
5.14009999999999980E-05
5.15410000000000000E-05
5.12809999999999991E-05
5.12709999999999975E-05
5.15309999999999984E-05
5.14920000000000010E-05
5.15010000000000004E-05
5.14409999999999976E-05
5.13609999999999983E-05
5.14109999999999996E-05
5.12709999999999975E-05
5.12219999999999985E-05
5.15010000000000004E-05
5.12809999999999991E-05
5.14310000000000028E-05
5.11809999999999967E-05
5.13509999999999967E-05
5.13419999999999973E-05
5.13310000000000003E-05
5.13310000000000003E-05
5.14109999999999996E-05
5.13010000000000023E-05
5.14009999999999980E-05
5.12709999999999975E-05
6.45910000000000055E-05
5.12610000000000027E-05
5.13410000000000019E-05
5.13410000000000019E-05
5.14419999999999998E-05
5.13910000000000031E-05
5.14610000000000008E-05
6.64409999999999963E-05
5.14620000000000030E-05
5.15709999999999980E-05
5.16209999999999992E-05
5.16109999999999976E-05
5.15910000000000012E-05
5.14009999999999980E-05
7.65320000000000052E-05
5.12910000000000007E-05
5.14920000000000010E-05
5.13310000000000003E-05
5.14610000000000008E-05
5.12510000000000011E-05
5.11710000000000019E-05
5.11109999999999990E-05
5.13509999999999967E-05
5.13419999999999973E-05
5.12009999999999999E-05
5.14210000000000012E-05
5.13910000000000031E-05
5.14009999999999980E-05
5.14109999999999996E-05
5.11620000000000025E-05
5.15610000000000032E-05
6.51710000000000033E-05
5.14409999999999976E-05
5.14319999999999982E-05
5.14210000000000012E-05
5.16810000000000021E-05
5.14009999999999980E-05
5.16710000000000005E-05
5.13310000000000003E-05
5.13519999999999989E-05
5.15510000000000016E-05
5.14710000000000024E-05
5.41710000000000002E-05
6.60420000000000023E-05
1.06982000000000000E-04
7.16410000000000007E-05
7.05819999999999961E-05
6.96020000000000021E-05
7.02010000000000009E-05
7.12520000000000015E-05
8.50220000000000001E-05
7.11410000000000021E-05
7.11720000000000023E-05
7.09320000000000046E-05
7.07109999999999943E-05
7.09020000000000066E-05
7.07609999999999956E-05
7.07119999999999965E-05
8.51220000000000026E-05
7.50819999999999970E-05
7.05709999999999991E-05
7.07619999999999978E-05
7.08010000000000020E-05
7.06919999999999933E-05
7.51819999999999995E-05
7.02810000000000002E-05
7.08719999999999950E-05
8.95019999999999979E-05
7.06619999999999953E-05
7.06610000000000067E-05
7.04719999999999988E-05
7.51186999999999949E-04
6.70209999999999941E-05
6.23919999999999949E-05
5.96410000000000004E-05
8.01819999999999990E-05
6.57510000000000012E-05
6.70519999999999943E-05
5.17610000000000013E-05
5.15510000000000016E-05
5.35510000000000028E-05
5.14809999999999972E-05
5.12719999999999997E-05
5.15010000000000004E-05
5.13209999999999987E-05
5.50409999999999970E-05
7.01119999999999955E-05
6.98909999999999988E-05
7.10420000000000018E-05
7.04819999999999937E-05
6.97310000000000003E-05
9.25220000000000063E-05
7.16319999999999945E-05
7.03210000000000065E-05
6.99819999999999951E-05
7.08219999999999938E-05
7.05310000000000062E-05
7.05420000000000032E-05
7.02010000000000009E-05
7.19320000000000018E-05
7.01520000000000019E-05
7.05410000000000011E-05
7.22819999999999968E-05
8.58919999999999969E-05
7.04909999999999998E-05
7.46419999999999945E-05
7.11519999999999991E-05
6.97710000000000067E-05
7.06919999999999933E-05
7.12319999999999983E-05
7.00009999999999961E-05
7.03820000000000048E-05
8.63720000000000058E-05
7.02510000000000021E-05
7.90020000000000002E-05
7.25119999999999996E-05
6.98610000000000008E-05
7.05819999999999961E-05
9.01420000000000053E-05
7.03219999999999952E-05
7.07309999999999975E-05
7.00819999999999975E-05
7.00209999999999993E-05
7.17119999999999937E-05
6.98719999999999978E-05
7.48109999999999991E-05
8.48020000000000056E-05
7.04420000000000008E-05
7.06309999999999951E-05
7.15420000000000004E-05
7.07720000000000061E-05
7.16009999999999943E-05
7.06220000000000025E-05
7.03609999999999994E-05
7.11819999999999971E-05
7.02320000000000011E-05
7.00610000000000057E-05
7.10819999999999947E-05
7.02510000000000021E-05
7.44620000000000064E-05
7.09419999999999994E-05
7.02609999999999970E-05
7.58820000000000029E-05
7.02320000000000011E-05
7.00009999999999961E-05
7.15920000000000017E-05
9.36320000000000007E-05
7.13119999999999976E-05
7.00410000000000025E-05
8.68619999999999961E-05
7.02520000000000043E-05
7.07009999999999995E-05
7.09419999999999994E-05
7.49120000000000038E-05
7.13109999999999954E-05
7.04920000000000020E-05
7.11019999999999979E-05
7.00610000000000057E-05
7.13820000000000020E-05
7.47409999999999947E-05
7.08620000000000002E-05
7.02320000000000011E-05
7.08010000000000020E-05
7.04620000000000040E-05
7.12609999999999942E-05
7.61019999999999974E-05
7.46220000000000048E-05
7.03109999999999982E-05
7.08119999999999990E-05
6.98920000000000010E-05
7.10310000000000048E-05
7.03419999999999984E-05
7.05809999999999939E-05
9.89230000000000014E-05
7.00410000000000025E-05
7.03419999999999984E-05
7.06210000000000003E-05
7.00319999999999963E-05
7.06819999999999985E-05
7.10110000000000016E-05
9.17920000000000048E-05
9.10820000000000065E-05
7.03719999999999964E-05
7.06319999999999973E-05
7.05410000000000011E-05
7.08020000000000041E-05
7.46619999999999977E-05
6.78410000000000032E-05
6.76219999999999973E-05
7.02810000000000002E-05
6.75520000000000065E-05
6.75109999999999979E-05
6.72019999999999980E-05
6.72809999999999950E-05
6.73020000000000004E-05
6.73710000000000026E-05
6.71319999999999935E-05
6.72509999999999970E-05
6.71420000000000019E-05
8.34420000000000051E-05
8.42919999999999987E-05
7.23910000000000054E-05
6.73220000000000036E-05
6.72710000000000002E-05
6.70519999999999943E-05
6.72410000000000022E-05
6.72209999999999990E-05
6.73520000000000016E-05
7.22509999999999965E-05
6.75820000000000045E-05
6.73910000000000058E-05
6.72720000000000024E-05
6.71509999999999945E-05
6.75219999999999949E-05
6.74409999999999935E-05
7.22220000000000007E-05
7.64620000000000008E-05
6.71409999999999997E-05
6.73220000000000036E-05
6.76209999999999951E-05
6.71219999999999987E-05
6.70510000000000057E-05
7.23819999999999992E-05
6.74609999999999967E-05
8.17410000000000022E-05
6.74119999999999976E-05
6.72710000000000002E-05
6.71519999999999967E-05
6.72809999999999950E-05
9.02220000000000046E-05
6.73809999999999974E-05
6.74820000000000021E-05
6.74210000000000038E-05
6.73619999999999964E-05
6.73009999999999982E-05
6.76320000000000057E-05
7.26010000000000050E-05
6.76519999999999953E-05
6.73309999999999962E-05
6.75719999999999961E-05
6.73410000000000046E-05
6.74619999999999989E-05
6.74210000000000038E-05
6.74919999999999969E-05
7.46919999999999957E-05
7.00110000000000044E-05
7.04819999999999937E-05
7.03609999999999994E-05
7.09920000000000006E-05
6.98820000000000062E-05
7.31709999999999945E-05
7.16819999999999957E-05
7.04219999999999976E-05
8.57210000000000014E-05
8.39610000000000047E-05
7.04320000000000060E-05
9.01119999999999938E-05
7.55519999999999976E-05
6.94509999999999962E-05
7.02419999999999960E-05
7.08219999999999938E-05
7.04810000000000050E-05
7.07720000000000061E-05
7.02210000000000041E-05
7.05819999999999961E-05
6.96320000000000001E-05
7.13710000000000050E-05
8.03520000000000059E-05
7.01020000000000007E-05
7.08210000000000052E-05
7.01419999999999935E-05
7.46009999999999995E-05
7.55420000000000028E-05
6.99720000000000002E-05
7.08210000000000052E-05
7.06319999999999973E-05
7.11619999999999939E-05
7.05209999999999979E-05
2.51856000000000009E-04
1.12523000000000007E-04
1.21237999999999994E-04
7.09109999999999992E-05
1.82093999999999995E-04
7.03120000000000004E-05
7.06619999999999953E-05
7.08010000000000020E-05
6.99120000000000042E-05
6.95210000000000007E-05
6.84119999999999948E-05
7.00920000000000059E-05
7.10509999999999945E-05
7.00920000000000059E-05
6.97010000000000023E-05
7.00120000000000066E-05
6.97310000000000003E-05
7.08419999999999970E-05
7.14520000000000064E-05
7.52909999999999945E-05
7.11519999999999991E-05
7.12919999999999944E-05
7.06910000000000047E-05
7.10120000000000038E-05
9.07119999999999948E-05
7.07410000000000059E-05
7.07919999999999958E-05
7.08320000000000022E-05
7.08109999999999968E-05
7.07720000000000061E-05
7.09209999999999940E-05
7.07119999999999965E-05
7.08620000000000002E-05
7.06009999999999971E-05
8.03219999999999943E-05
7.09020000000000066E-05
7.06710000000000015E-05
7.09419999999999994E-05
7.07510000000000007E-05
8.51220000000000026E-05
7.07720000000000061E-05
7.06819999999999985E-05
7.05709999999999991E-05
7.09320000000000046E-05
8.41520000000000034E-05
6.99709999999999980E-05
7.39220000000000014E-05
5.17110000000000001E-05
5.15809999999999996E-05
5.13119999999999993E-05
5.14310000000000028E-05
5.11109999999999990E-05
5.15610000000000032E-05
8.01770000000000016E-05
5.14109999999999996E-05
5.13509999999999967E-05
5.13310000000000003E-05
5.14610000000000008E-05
5.11920000000000005E-05
5.11909999999999983E-05
5.13310000000000003E-05
5.13010000000000023E-05
5.13410000000000019E-05
5.12210000000000031E-05
5.13810000000000015E-05
5.11819999999999989E-05
5.15410000000000000E-05
5.14310000000000028E-05
5.14809999999999972E-05
5.12409999999999995E-05
5.14620000000000030E-05
5.12610000000000027E-05
5.38010000000000021E-05
6.69710000000000064E-05
6.61019999999999983E-05
6.62309999999999966E-05
5.40920000000000032E-05
5.15610000000000032E-05
5.13410000000000019E-05
5.14909999999999988E-05
5.13209999999999987E-05
5.13109999999999971E-05
5.17020000000000007E-05
5.13209999999999987E-05
5.15709999999999980E-05
6.82209999999999962E-05
5.12510000000000011E-05
5.11409999999999971E-05
5.13310000000000003E-05
5.09910000000000002E-05
5.12309999999999979E-05
5.13209999999999987E-05
5.13320000000000025E-05
5.12709999999999975E-05
5.13209999999999987E-05
5.13810000000000015E-05
5.12110000000000015E-05
5.11710000000000019E-05
5.99619999999999995E-05
5.12309999999999979E-05
5.12809999999999991E-05
6.46410000000000067E-05
5.13609999999999983E-05
5.11509999999999987E-05
5.11909999999999983E-05
5.11210000000000006E-05
5.11710000000000019E-05
5.12510000000000011E-05
5.11719999999999973E-05
5.11809999999999967E-05
5.11710000000000019E-05
5.10910000000000026E-05
5.13310000000000003E-05
5.11409999999999971E-05
5.13720000000000021E-05
5.13509999999999967E-05
5.13310000000000003E-05
5.12309999999999979E-05
5.11809999999999967E-05
5.11610000000000003E-05
5.11509999999999987E-05
5.11819999999999989E-05
6.21509999999999950E-05
6.61420000000000047E-05
5.13209999999999987E-05
6.59209999999999945E-05
5.47819999999999983E-05
5.22509999999999983E-05
5.22710000000000015E-05
5.24810000000000012E-05
5.24910000000000028E-05
5.24209999999999984E-05
5.23319999999999997E-05
5.23809999999999987E-05
5.23910000000000003E-05
5.23709999999999971E-05
5.23409999999999991E-05
5.24709999999999996E-05
5.24810000000000012E-05
5.24510000000000032E-05
5.23309999999999975E-05
5.25210000000000008E-05
5.21810000000000007E-05
5.23020000000000017E-05
5.24410000000000016E-05
5.23809999999999987E-05
5.22109999999999987E-05
5.25109999999999992E-05
5.24609999999999980E-05
5.23709999999999971E-05
5.23110000000000011E-05
5.24310000000000000E-05
5.23809999999999987E-05
5.24109999999999968E-05
5.23820000000000009E-05
5.22909999999999979E-05
5.23510000000000007E-05
5.24609999999999980E-05
5.24109999999999968E-05
5.22409999999999967E-05
6.66620000000000065E-05
5.16710000000000005E-05
5.59809999999999982E-05
7.33920000000000048E-05
5.14809999999999972E-05
5.13709999999999999E-05
9.12530000000000020E-05
5.14109999999999996E-05
5.12709999999999975E-05
5.12009999999999999E-05
5.12709999999999975E-05
5.10209999999999982E-05
5.14109999999999996E-05
5.13019999999999977E-05
5.11610000000000003E-05
5.12009999999999999E-05
5.11009999999999974E-05
5.11809999999999967E-05
5.13410000000000019E-05
5.13019999999999977E-05
5.13109999999999971E-05
5.11509999999999987E-05
5.12210000000000031E-05
5.13209999999999987E-05
5.12110000000000015E-05
5.11920000000000005E-05
5.11409999999999971E-05
5.10810000000000010E-05
5.12910000000000007E-05
5.10309999999999998E-05
5.13410000000000019E-05
5.11809999999999967E-05
5.10320000000000020E-05
5.11509999999999987E-05
5.13310000000000003E-05
5.10609999999999978E-05
5.10810000000000010E-05
5.12709999999999975E-05
7.10219999999999987E-05
5.15410000000000000E-05
5.14509999999999992E-05
5.09809999999999986E-05
5.10320000000000020E-05
5.14009999999999980E-05
5.12809999999999991E-05
5.11809999999999967E-05
5.11610000000000003E-05
5.12610000000000027E-05
5.12920000000000029E-05
5.11210000000000006E-05
5.13910000000000031E-05
5.14610000000000008E-05
5.11509999999999987E-05
5.14210000000000012E-05
5.11909999999999983E-05
5.13019999999999977E-05
5.12709999999999975E-05
5.13310000000000003E-05
5.12309999999999979E-05
5.12210000000000031E-05
6.98719999999999978E-05
5.16710000000000005E-05
5.15510000000000016E-05
5.14409999999999976E-05
5.15320000000000006E-05
5.14109999999999996E-05
5.15010000000000004E-05
5.12809999999999991E-05
5.16310000000000008E-05
5.14809999999999972E-05
5.13310000000000003E-05
5.13910000000000031E-05
5.12610000000000027E-05
5.14409999999999976E-05
5.16310000000000008E-05
6.57520000000000034E-05
5.75509999999999984E-05
5.11109999999999990E-05
5.12910000000000007E-05
5.11409999999999971E-05
5.11319999999999977E-05
5.12610000000000027E-05
5.10309999999999998E-05
5.11210000000000006E-05
5.13410000000000019E-05
5.11710000000000019E-05
5.10510000000000030E-05
5.11319999999999977E-05
5.10810000000000010E-05
5.11409999999999971E-05
5.13910000000000031E-05
5.13310000000000003E-05
5.14109999999999996E-05
5.11920000000000005E-05
5.11509999999999987E-05
5.12309999999999979E-05
5.10709999999999994E-05
5.11809999999999967E-05
5.11509999999999987E-05
5.12520000000000033E-05
5.11809999999999967E-05
5.11210000000000006E-05
5.12409999999999995E-05
5.11809999999999967E-05
5.12809999999999991E-05
5.14409999999999976E-05
5.11319999999999977E-05
1.86918999999999990E-04
6.60019999999999959E-05
9.14220000000000066E-05
6.59010000000000048E-05
6.59419999999999999E-05
6.59709999999999957E-05
6.60920000000000035E-05
6.59109999999999996E-05
6.57619999999999982E-05
8.13119999999999967E-05
6.58609999999999984E-05
6.76719999999999985E-05
6.78910000000000044E-05
7.34819999999999988E-05
6.85010000000000003E-05
6.80219999999999935E-05
6.68210000000000028E-05
6.67119999999999942E-05
6.71110000000000017E-05
6.70120000000000015E-05
6.75409999999999959E-05
6.84720000000000044E-05
6.90020000000000011E-05
1.01806999999999996E-04
6.97810000000000016E-05
6.97919999999999986E-05
7.06720000000000037E-05
7.92310000000000009E-05
7.09120000000000014E-05
7.04219999999999976E-05
7.06309999999999951E-05
7.07020000000000017E-05
7.05610000000000043E-05
7.04420000000000008E-05
7.06009999999999971E-05
7.05420000000000032E-05
7.06720000000000037E-05
7.05910000000000023E-05
8.57619999999999964E-05
5.15809999999999996E-05
5.12119999999999969E-05
5.11710000000000019E-05
5.14210000000000012E-05
5.23610000000000023E-05
6.62220000000000040E-05
6.48909999999999992E-05
6.45309999999999959E-05
6.34419999999999933E-05
5.21010000000000014E-05
5.35609999999999976E-05
5.14909999999999988E-05
5.10820000000000032E-05
5.11509999999999987E-05
5.12709999999999975E-05
6.73710000000000026E-05
5.13419999999999973E-05
5.12610000000000027E-05
5.12910000000000007E-05
5.12110000000000015E-05
6.41719999999999948E-05
5.16909999999999969E-05
5.17110000000000001E-05
5.14909999999999988E-05
5.42009999999999983E-05
5.20409999999999986E-05
5.16320000000000030E-05
5.14509999999999992E-05
6.49410000000000005E-05
5.60019999999999968E-05
6.09909999999999993E-05
5.11109999999999990E-05
5.10510000000000030E-05
5.11610000000000003E-05
5.11220000000000028E-05
5.11310000000000022E-05
5.12309999999999979E-05
5.14809999999999972E-05
5.31110000000000002E-05
5.36009999999999972E-05
6.57020000000000022E-05
5.80509999999999970E-05
6.03019999999999996E-05
5.14009999999999980E-05
5.14409999999999976E-05
5.15110000000000020E-05
5.13810000000000015E-05
6.39520000000000003E-05
6.24909999999999951E-05
5.70610000000000014E-05
5.13519999999999989E-05
7.76709999999999955E-05
5.13609999999999983E-05
5.13519999999999989E-05
5.12409999999999995E-05
5.12809999999999991E-05
5.13509999999999967E-05
5.13910000000000031E-05
5.13910000000000031E-05
5.14020000000000002E-05
5.12210000000000031E-05
5.11710000000000019E-05
5.13010000000000023E-05
5.12110000000000015E-05
5.11210000000000006E-05
5.14319999999999982E-05
5.10910000000000026E-05
5.13010000000000023E-05
5.12210000000000031E-05
5.10810000000000010E-05
5.10910000000000026E-05
5.09910000000000002E-05
5.10119999999999988E-05
5.10609999999999978E-05
5.10410000000000014E-05
5.10209999999999982E-05
5.13709999999999999E-05
5.11909999999999983E-05
5.11220000000000028E-05
5.11909999999999983E-05
5.10309999999999998E-05
5.10010000000000018E-05
5.13109999999999971E-05
5.12709999999999975E-05
6.74719999999999937E-05
5.15309999999999984E-05
5.46810000000000004E-05
7.70219999999999954E-05
6.76719999999999985E-05
5.14909999999999988E-05
5.14409999999999976E-05
5.91209999999999986E-05
6.63820000000000024E-05
6.97210000000000055E-05
5.18709999999999985E-05
5.13209999999999987E-05
5.12510000000000011E-05
5.12610000000000027E-05
5.43209999999999971E-05
6.50720000000000031E-05
5.14509999999999992E-05
5.15110000000000020E-05
5.53310000000000027E-05
5.14210000000000012E-05
6.29720000000000063E-05
5.13310000000000003E-05
5.12610000000000027E-05
5.13310000000000003E-05
5.10910000000000026E-05
5.12320000000000001E-05
5.12709999999999975E-05
5.14310000000000028E-05
5.13010000000000023E-05
5.15809999999999996E-05
5.13910000000000031E-05
5.12820000000000013E-05
5.13109999999999971E-05
5.14909999999999988E-05
5.13810000000000015E-05
5.98309999999999969E-05
5.13620000000000005E-05
5.12709999999999975E-05
5.11610000000000003E-05
5.12210000000000031E-05
5.13010000000000023E-05
6.64820000000000048E-05
5.15910000000000012E-05
5.15010000000000004E-05
5.15010000000000004E-05
5.14509999999999992E-05
5.15320000000000006E-05
5.14909999999999988E-05
5.14610000000000008E-05
5.12110000000000015E-05
5.15110000000000020E-05
5.14710000000000024E-05
5.15010000000000004E-05
5.15709999999999980E-05
5.90110000000000013E-05
5.13109999999999971E-05
5.16109999999999976E-05
5.12910000000000007E-05
5.12219999999999985E-05
5.12610000000000027E-05
5.41810000000000018E-05
5.13010000000000023E-05
6.80320000000000019E-05
5.20809999999999982E-05
5.12809999999999991E-05
5.13109999999999971E-05
5.12210000000000031E-05
5.13019999999999977E-05
5.12210000000000031E-05
5.13209999999999987E-05
5.11809999999999967E-05
5.11710000000000019E-05
5.12210000000000031E-05
5.11710000000000019E-05
5.12420000000000017E-05
5.12610000000000027E-05
5.12809999999999991E-05
5.14310000000000028E-05
5.14310000000000028E-05
6.74020000000000028E-05
5.12409999999999995E-05
6.49910000000000017E-05
5.15020000000000026E-05
5.13310000000000003E-05
5.11509999999999987E-05
5.12510000000000011E-05
5.14809999999999972E-05
5.13209999999999987E-05
5.11819999999999989E-05
5.11509999999999987E-05
5.12510000000000011E-05
5.12910000000000007E-05
5.12110000000000015E-05
5.14710000000000024E-05
5.13919999999999986E-05
5.14210000000000012E-05
5.13810000000000015E-05
5.15010000000000004E-05
5.13109999999999971E-05
5.14210000000000012E-05
6.69219999999999939E-05
5.14909999999999988E-05
5.12210000000000031E-05
5.13109999999999971E-05
6.04520000000000033E-05
5.13109999999999971E-05
5.12809999999999991E-05
5.14109999999999996E-05
5.14809999999999972E-05
5.12510000000000011E-05
5.15020000000000026E-05
5.12210000000000031E-05
5.13910000000000031E-05
5.13910000000000031E-05
5.15110000000000020E-05
5.11710000000000019E-05
6.62119999999999956E-05
5.15309999999999984E-05
5.16109999999999976E-05
5.14809999999999972E-05
5.13419999999999973E-05
5.13709999999999999E-05
5.13209999999999987E-05
5.13609999999999983E-05
5.15209999999999968E-05
5.13910000000000031E-05
5.13419999999999973E-05
5.14409999999999976E-05
6.91810000000000005E-05
5.13910000000000031E-05
5.20120000000000028E-05
5.15910000000000012E-05
5.16509999999999973E-05
5.18209999999999973E-05
5.14710000000000024E-05
5.15309999999999984E-05
5.17319999999999987E-05
5.13509999999999967E-05
5.14909999999999988E-05
5.18010000000000009E-05
5.17409999999999981E-05
5.13109999999999971E-05
5.15020000000000026E-05
5.13609999999999983E-05
5.17310000000000033E-05
6.91409999999999941E-05
5.79210000000000033E-05
5.15410000000000000E-05
5.15910000000000012E-05
6.73020000000000004E-05
1.51917999999999991E-04
1.30502999999999994E-04
8.87120000000000004E-05
6.63220000000000064E-05
6.62609999999999946E-05
6.59519999999999947E-05
6.69109999999999968E-05
6.89319999999999966E-05
7.10310000000000048E-05
7.10120000000000038E-05
7.09920000000000006E-05
7.10110000000000016E-05
7.10120000000000038E-05
9.19320000000000000E-05
7.00619999999999943E-05
1.05922000000000007E-04
1.05151999999999999E-04
5.49609999999999978E-05
5.13010000000000023E-05
5.68320000000000007E-05
1.08453000000000000E-04
6.80210000000000049E-05
6.79020000000000014E-05
6.82709999999999974E-05
6.83920000000000052E-05
6.79809999999999985E-05
7.14620000000000012E-05
1.09056999999999996E-04
7.26019999999999937E-05
7.24010000000000002E-05
7.26519999999999949E-05
7.24820000000000016E-05
7.23210000000000010E-05
7.26620000000000033E-05
7.26620000000000033E-05
7.09810000000000036E-05
7.25119999999999996E-05
7.25609999999999987E-05
7.24320000000000004E-05
7.25820000000000040E-05
7.62619999999999959E-05
5.21309999999999994E-05
6.60709999999999981E-05
5.23910000000000003E-05
5.51009999999999998E-05
5.62910000000000003E-05
5.16710000000000005E-05
5.74709999999999991E-05
5.16720000000000027E-05
5.73309999999999971E-05
6.94120000000000056E-05
6.99810000000000064E-05
6.90319999999999991E-05
8.85819999999999999E-05
6.96309999999999979E-05
6.89119999999999934E-05
6.80010000000000017E-05
6.76320000000000057E-05
6.85710000000000047E-05
6.97620000000000006E-05
6.93920000000000024E-05
7.00509999999999973E-05
7.00120000000000066E-05
6.94110000000000034E-05
7.40210000000000016E-05
6.96320000000000001E-05
7.77519999999999969E-05
6.90910000000000065E-05
7.02320000000000011E-05
7.07109999999999943E-05
7.14320000000000032E-05
6.97520000000000057E-05
6.91309999999999993E-05
7.35919999999999961E-05
6.88310000000000056E-05
6.84119999999999948E-05
6.90309999999999969E-05
6.82019999999999952E-05
6.97320000000000025E-05
6.96109999999999947E-05
7.02119999999999979E-05
8.99920000000000017E-05
6.84910000000000054E-05
6.93320000000000064E-05
6.83910000000000030E-05
6.93320000000000064E-05
6.92419999999999988E-05
6.95609999999999935E-05
7.10120000000000038E-05
7.01109999999999933E-05
6.98719999999999978E-05
7.01509999999999997E-05
6.88920000000000038E-05
1.12393000000000006E-04
8.99019999999999941E-05
6.97710000000000067E-05
7.00319999999999963E-05
6.94410000000000014E-05
6.89519999999999998E-05
6.94420000000000036E-05
6.94709999999999994E-05
6.21120000000000043E-05
5.14409999999999976E-05
5.14210000000000012E-05
5.12210000000000031E-05
5.13109999999999971E-05
5.13109999999999971E-05
5.14509999999999992E-05
5.12920000000000029E-05
5.12309999999999979E-05
5.14610000000000008E-05
5.11409999999999971E-05
5.14009999999999980E-05
5.13509999999999967E-05
5.11819999999999989E-05
5.54910000000000012E-05
5.16010000000000028E-05
5.13810000000000015E-05
5.11809999999999967E-05
5.49720000000000015E-05
6.98909999999999988E-05
7.05620000000000064E-05
1.02212000000000003E-04
7.11819999999999971E-05
7.21010000000000064E-05
6.94920000000000048E-05
7.06610000000000067E-05
6.81310000000000021E-05
6.88519999999999974E-05
6.87409999999999980E-05
6.88319999999999942E-05
6.89110000000000048E-05
6.88620000000000058E-05
6.87310000000000031E-05
6.92120000000000007E-05
6.93310000000000042E-05
6.86620000000000009E-05
6.85020000000000025E-05
6.86810000000000019E-05
6.86620000000000009E-05
6.87209999999999948E-05
6.85719999999999933E-05
6.90009999999999989E-05
6.87320000000000053E-05
6.01409999999999990E-05
5.13209999999999987E-05
5.12320000000000001E-05
5.12709999999999975E-05
5.11710000000000019E-05
5.13709999999999999E-05
5.13209999999999987E-05
5.53610000000000007E-05
6.76120000000000025E-05
5.14310000000000028E-05
5.13709999999999999E-05
5.13509999999999967E-05
5.14319999999999982E-05
5.12709999999999975E-05
5.11710000000000019E-05
6.21410000000000002E-05
5.14620000000000030E-05
5.14610000000000008E-05
5.13209999999999987E-05
5.16010000000000028E-05
5.17710000000000029E-05
5.13810000000000015E-05
5.13810000000000015E-05
5.13609999999999983E-05
5.15309999999999984E-05
5.12610000000000027E-05
5.15709999999999980E-05
5.13810000000000015E-05
5.16209999999999992E-05
5.13220000000000009E-05
5.15910000000000012E-05
5.14109999999999996E-05
5.14109999999999996E-05
5.15010000000000004E-05
5.14109999999999996E-05
5.16519999999999995E-05
5.12709999999999975E-05
5.11710000000000019E-05
5.13010000000000023E-05
5.15309999999999984E-05
8.63119999999999963E-05
5.15410000000000000E-05
5.14719999999999978E-05
5.11710000000000019E-05
5.12910000000000007E-05
6.78410000000000032E-05
5.14220000000000034E-05
5.14610000000000008E-05
5.14109999999999996E-05
5.11809999999999967E-05
5.12110000000000015E-05
5.13509999999999967E-05
5.14419999999999998E-05
5.54510000000000015E-05
5.14509999999999992E-05
5.13310000000000003E-05
5.13910000000000031E-05
5.12709999999999975E-05
5.15219999999999990E-05
5.14809999999999972E-05
5.13810000000000015E-05
5.14710000000000024E-05
5.13810000000000015E-05
5.14909999999999988E-05
6.34520000000000017E-05
5.29809999999999998E-05
5.15110000000000020E-05
5.15010000000000004E-05
5.64220000000000029E-05
5.11610000000000003E-05
5.09409999999999990E-05
5.12110000000000015E-05
5.12510000000000011E-05
5.54809999999999996E-05
5.52620000000000005E-05
5.12110000000000015E-05
5.13310000000000003E-05
5.12510000000000011E-05
5.11210000000000006E-05
5.14710000000000024E-05
5.11819999999999989E-05
5.91810000000000014E-05
5.14009999999999980E-05
6.76120000000000025E-05
5.12210000000000031E-05
5.10709999999999994E-05
5.11210000000000006E-05
5.11610000000000003E-05
5.12510000000000011E-05
5.12910000000000007E-05
5.11009999999999974E-05
5.11009999999999974E-05
5.12110000000000015E-05
5.12309999999999979E-05
5.10609999999999978E-05
5.13220000000000009E-05
5.13209999999999987E-05
5.12610000000000027E-05
5.11009999999999974E-05
5.46709999999999988E-05
5.32110000000000027E-05
8.19220000000000061E-05
7.49019999999999954E-05
7.46319999999999997E-05
6.67610000000000068E-05
7.21420000000000015E-05
8.54519999999999943E-05
7.37820000000000061E-05
6.89809999999999957E-05
6.96520000000000033E-05
6.90410000000000053E-05
6.91520000000000047E-05
6.88910000000000016E-05
6.87120000000000021E-05
6.93519999999999960E-05
9.53419999999999962E-05
5.14710000000000024E-05
5.13609999999999983E-05
5.12910000000000007E-05
5.14109999999999996E-05
5.12719999999999997E-05
5.14809999999999972E-05
5.12210000000000031E-05
5.12510000000000011E-05
5.13709999999999999E-05
5.13310000000000003E-05
5.12920000000000029E-05
6.88910000000000016E-05
5.13810000000000015E-05
5.17210000000000017E-05
5.17420000000000003E-05
5.17409999999999981E-05
5.15209999999999968E-05
5.16010000000000028E-05
5.18810000000000001E-05
5.15110000000000020E-05
5.16819999999999975E-05
5.16209999999999992E-05
5.16310000000000008E-05
5.17610000000000013E-05
5.16310000000000008E-05
5.16109999999999976E-05
5.17619999999999967E-05
5.14109999999999996E-05
5.14409999999999976E-05
5.15410000000000000E-05
5.14409999999999976E-05
5.19410000000000030E-05
6.75120000000000001E-05
5.14509999999999992E-05
5.14009999999999980E-05
5.12809999999999991E-05
5.13119999999999993E-05
5.12809999999999991E-05
5.13010000000000023E-05
5.13709999999999999E-05
5.14509999999999992E-05
5.13410000000000019E-05
5.14419999999999998E-05
5.12409999999999995E-05
5.13810000000000015E-05
5.14509999999999992E-05
5.15610000000000032E-05
5.13810000000000015E-05
5.13109999999999971E-05
5.12219999999999985E-05
5.14009999999999980E-05
5.13810000000000015E-05
5.12709999999999975E-05
5.13310000000000003E-05
5.12510000000000011E-05
5.12920000000000029E-05
5.14409999999999976E-05
5.80310000000000006E-05
5.13209999999999987E-05
5.14909999999999988E-05
5.63919999999999981E-05
5.40210000000000034E-05
5.99410000000000009E-05
6.12020000000000012E-05
5.13010000000000023E-05
5.14909999999999988E-05
5.13209999999999987E-05
5.15809999999999996E-05
5.33620000000000017E-05
8.22910000000000021E-05
5.12820000000000013E-05
8.11209999999999980E-05
5.17120000000000023E-05
5.13810000000000015E-05
5.11809999999999967E-05
5.12809999999999991E-05
5.14409999999999976E-05
5.14909999999999988E-05
5.14419999999999998E-05
5.11509999999999987E-05
6.96309999999999979E-05
5.12510000000000011E-05
5.14419999999999998E-05
5.11109999999999990E-05
5.66109999999999972E-05
5.11310000000000022E-05
5.12910000000000007E-05
5.13919999999999986E-05
5.78610000000000005E-05
6.02010000000000018E-05
6.83319999999999956E-05
5.14210000000000012E-05
5.13310000000000003E-05
5.14409999999999976E-05
6.65920000000000021E-05
6.59709999999999957E-05
6.84619999999999961E-05
5.44909999999999972E-05
5.13209999999999987E-05
5.12110000000000015E-05
5.12820000000000013E-05
5.14909999999999988E-05
5.13010000000000023E-05
5.14009999999999980E-05
5.14009999999999980E-05
7.11519999999999991E-05
5.14210000000000012E-05
5.13609999999999983E-05
5.67909999999999989E-05
6.57520000000000034E-05
6.58909999999999964E-05
8.57319999999999984E-05
5.44819999999999978E-05
5.39809999999999970E-05
5.16209999999999992E-05
5.13010000000000023E-05
5.14710000000000024E-05
5.14909999999999988E-05
5.15519999999999970E-05
5.15209999999999968E-05
5.14109999999999996E-05
5.15410000000000000E-05
5.87110000000000008E-05
5.15320000000000006E-05
5.13709999999999999E-05
5.15010000000000004E-05
5.13509999999999967E-05
5.13109999999999971E-05
5.12910000000000007E-05
5.14120000000000018E-05
5.14909999999999988E-05
5.14809999999999972E-05
5.13810000000000015E-05
5.14109999999999996E-05
5.13010000000000023E-05
5.13019999999999977E-05
5.14310000000000028E-05
5.13410000000000019E-05
5.16109999999999976E-05
5.14009999999999980E-05
5.14409999999999976E-05
6.59920000000000011E-05
5.13709999999999999E-05
5.12910000000000007E-05
5.12009999999999999E-05
5.13410000000000019E-05
5.14819999999999994E-05
5.16209999999999992E-05
5.14809999999999972E-05
5.14509999999999992E-05
5.15010000000000004E-05
5.15110000000000020E-05
5.12820000000000013E-05
5.13810000000000015E-05
5.12809999999999991E-05
5.14809999999999972E-05
5.13410000000000019E-05
5.13209999999999987E-05
5.15219999999999990E-05
5.12309999999999979E-05
5.13609999999999983E-05
5.12709999999999975E-05
5.14009999999999980E-05
6.07720000000000002E-05
6.32910000000000010E-05
6.48510000000000064E-05
6.21420000000000024E-05
6.45210000000000011E-05
5.15709999999999980E-05
5.16010000000000028E-05
5.86710000000000012E-05
5.16509999999999973E-05
5.17509999999999997E-05
5.15309999999999984E-05
5.18420000000000027E-05
5.14909999999999988E-05
5.17210000000000017E-05
5.14909999999999988E-05
6.76320000000000057E-05
5.16310000000000008E-05
5.15910000000000012E-05
5.15110000000000020E-05
5.14610000000000008E-05
5.13209999999999987E-05
5.16209999999999992E-05
5.14210000000000012E-05
5.15309999999999984E-05
5.12510000000000011E-05
5.12510000000000011E-05
5.13010000000000023E-05
5.12719999999999997E-05
7.95610000000000062E-05
5.13119999999999993E-05
5.12309999999999979E-05
5.13709999999999999E-05
5.19810000000000026E-05
7.09219999999999962E-05
6.60009999999999937E-05
6.96220000000000053E-05
6.99610000000000032E-05
6.99420000000000022E-05
7.02820000000000023E-05
6.94610000000000046E-05
6.94420000000000036E-05
7.00009999999999961E-05
6.95319999999999977E-05
6.97210000000000055E-05
6.95019999999999997E-05
8.46919999999999948E-05
6.93120000000000032E-05
1.05731999999999997E-04
7.10209999999999965E-05
8.61620000000000062E-05
7.09719999999999974E-05
7.05920000000000045E-05
7.04509999999999934E-05
7.04420000000000008E-05
7.04909999999999998E-05
7.05420000000000032E-05
8.68220000000000032E-05
7.07410000000000059E-05
7.04909999999999998E-05
7.06520000000000005E-05
7.48810000000000035E-05
7.06319999999999973E-05
8.98320000000000032E-05
7.06220000000000025E-05
7.05610000000000043E-05
7.08020000000000041E-05
7.02710000000000053E-05
7.03020000000000055E-05
7.04420000000000008E-05
6.96410000000000063E-05
7.01319999999999987E-05
7.04610000000000018E-05
7.01419999999999935E-05
7.00120000000000066E-05
7.03109999999999982E-05
7.06019999999999993E-05
9.71719999999999973E-05
7.09219999999999962E-05
1.03122000000000006E-04
7.00610000000000057E-05
7.12020000000000003E-05
7.08020000000000041E-05
1.89344000000000009E-04
6.99019999999999958E-05
6.97010000000000023E-05
7.39319999999999962E-05
6.98709999999999956E-05
7.00720000000000027E-05
9.12920000000000062E-05
6.96220000000000053E-05
6.91210000000000045E-05
7.05220000000000001E-05
6.99009999999999936E-05
7.04019999999999944E-05
9.68019999999999992E-05
6.95420000000000060E-05
6.95910000000000051E-05
6.95819999999999989E-05
6.94819999999999965E-05
6.99509999999999948E-05
6.95119999999999945E-05
8.84220000000000015E-05
6.94809999999999943E-05
6.91419999999999963E-05
6.92810000000000030E-05
6.91320000000000015E-05
6.94920000000000048E-05
6.93910000000000002E-05
8.79819999999999989E-05
6.92719999999999968E-05
6.97710000000000067E-05
8.49219999999999977E-05
7.48920000000000006E-05
7.04019999999999944E-05
7.00309999999999941E-05
8.81320000000000025E-05
6.95619999999999957E-05
7.03210000000000065E-05
7.10219999999999987E-05
6.94110000000000034E-05
6.94819999999999965E-05
6.90720000000000055E-05
6.99009999999999936E-05
9.02820000000000006E-05
6.90720000000000055E-05
6.94209999999999982E-05
1.28638999999999999E-04
7.18309999999999972E-05
9.80369999999999967E-05
7.20020000000000062E-05
7.26820000000000065E-05
6.68510000000000008E-05
5.14710000000000024E-05
5.14419999999999998E-05
5.15410000000000000E-05
5.14210000000000012E-05
5.14610000000000008E-05
5.15309999999999984E-05
5.14409999999999976E-05
5.14220000000000034E-05
5.11809999999999967E-05
5.12809999999999991E-05
5.13109999999999971E-05
5.13810000000000015E-05
5.13209999999999987E-05
5.13310000000000003E-05
6.56319999999999977E-05
6.69909999999999961E-05
5.11210000000000006E-05
5.14809999999999972E-05
5.11809999999999967E-05
5.12510000000000011E-05
5.11909999999999983E-05
5.12510000000000011E-05
5.12320000000000001E-05
5.13109999999999971E-05
5.14809999999999972E-05
5.12809999999999991E-05
5.14210000000000012E-05
5.11610000000000003E-05
5.12320000000000001E-05
6.02910000000000026E-05
7.11720000000000023E-05
8.39209999999999983E-05
6.71120000000000039E-05
6.61809999999999954E-05
6.65019999999999945E-05
6.60509999999999949E-05
6.65320000000000061E-05
8.05819999999999952E-05
5.63910000000000027E-05
5.13410000000000019E-05
5.13310000000000003E-05
5.14920000000000010E-05
5.13509999999999967E-05
5.13509999999999967E-05
5.12409999999999995E-05
5.12709999999999975E-05
5.12709999999999975E-05
5.13819999999999970E-05
5.13310000000000003E-05
5.13209999999999987E-05
6.69210000000000052E-05
5.12020000000000021E-05
5.14109999999999996E-05
5.12309999999999979E-05
5.10209999999999982E-05
5.12309999999999979E-05
5.12409999999999995E-05
6.14219999999999957E-05
5.12709999999999975E-05
5.12009999999999999E-05
5.13609999999999983E-05
5.11909999999999983E-05
5.15410000000000000E-05
5.13419999999999973E-05
6.60910000000000013E-05
5.41010000000000026E-05
5.13320000000000025E-05
5.92909999999999987E-05
5.14210000000000012E-05
5.12910000000000007E-05
5.13310000000000003E-05
5.12719999999999997E-05
5.12709999999999975E-05
5.13310000000000003E-05
6.55410000000000015E-05
5.74619999999999997E-05
5.38010000000000021E-05
5.13109999999999971E-05
5.11710000000000019E-05
5.14409999999999976E-05
5.11909999999999983E-05
5.11210000000000006E-05
5.12910000000000007E-05
5.35209999999999980E-05
5.36810000000000032E-05
5.14509999999999992E-05
5.13320000000000025E-05
6.62109999999999934E-05
6.47020000000000050E-05
5.12910000000000007E-05
5.12409999999999995E-05
5.14109999999999996E-05
5.12009999999999999E-05
5.11809999999999967E-05
5.10910000000000026E-05
5.09910000000000002E-05
5.11909999999999983E-05
5.14809999999999972E-05
5.10910000000000026E-05
5.14710000000000024E-05
5.14009999999999980E-05
5.14120000000000018E-05
5.10709999999999994E-05
5.11509999999999987E-05
5.11509999999999987E-05
5.13709999999999999E-05
5.11809999999999967E-05
5.11719999999999973E-05
5.13609999999999983E-05
5.13109999999999971E-05
5.13010000000000023E-05
5.12309999999999979E-05
6.43719999999999996E-05
5.13509999999999967E-05
5.12309999999999979E-05
5.12309999999999979E-05
6.62220000000000040E-05
7.02810000000000002E-05
6.76620000000000037E-05
7.21010000000000064E-05
6.48219999999999970E-05
5.15209999999999968E-05
5.50009999999999974E-05
6.78720000000000034E-05
7.44019999999999968E-05
5.89210000000000005E-05
5.12610000000000027E-05
5.64310000000000023E-05
5.77119999999999990E-05
5.13410000000000019E-05
5.13709999999999999E-05
6.50710000000000009E-05
5.57609999999999969E-05
5.64210000000000007E-05
5.17710000000000029E-05
6.01219999999999980E-05
6.40809999999999985E-05
6.85619999999999985E-05
6.91309999999999993E-05
6.91520000000000047E-05
6.48310000000000032E-05
5.63510000000000031E-05
5.14719999999999978E-05
5.14210000000000012E-05
5.17009999999999985E-05
5.16109999999999976E-05
5.16609999999999989E-05
5.14809999999999972E-05
5.16419999999999979E-05
5.16509999999999973E-05
5.17909999999999993E-05
6.56210000000000007E-05
5.13919999999999986E-05
5.21810000000000007E-05
5.51210000000000030E-05
5.11509999999999987E-05
5.81909999999999990E-05
5.13019999999999977E-05
6.92609999999999998E-05
5.15110000000000020E-05
5.13819999999999970E-05
5.16710000000000005E-05
5.16710000000000005E-05
5.14409999999999976E-05
6.22809999999999954E-05
5.13519999999999989E-05
5.13509999999999967E-05
5.16410000000000024E-05
5.12210000000000031E-05
5.11610000000000003E-05
5.11909999999999983E-05
6.71019999999999955E-05
6.75210000000000063E-05
5.55620000000000010E-05
6.39110000000000052E-05
6.09719999999999983E-05
5.93510000000000015E-05
6.44809999999999947E-05
5.57619999999999991E-05
6.79909999999999933E-05
5.45809999999999980E-05
6.75919999999999993E-05
5.38810000000000013E-05
6.65819999999999937E-05
5.61109999999999986E-05
6.83809999999999946E-05
6.54819999999999941E-05
5.21410000000000010E-05
9.31820000000000033E-05
6.36020000000000053E-05
5.63410000000000015E-05
9.69220000000000048E-05
6.76320000000000057E-05
6.78809999999999960E-05
6.77120000000000049E-05
6.69409999999999949E-05
6.73520000000000016E-05
6.65010000000000059E-05
6.79119999999999962E-05
6.86109999999999975E-05
6.84020000000000000E-05
6.81219999999999959E-05
6.84910000000000054E-05
6.81219999999999959E-05
7.52510000000000017E-05
7.01119999999999955E-05
9.41419999999999941E-05
9.78780000000000004E-05
6.63109999999999958E-05
6.98419999999999998E-05
6.67910000000000048E-05
6.80719999999999947E-05
6.82709999999999974E-05
6.63919999999999972E-05
6.71209999999999965E-05
5.94720000000000025E-05
5.13609999999999983E-05
5.14509999999999992E-05
5.12610000000000027E-05
5.13609999999999983E-05
5.13819999999999970E-05
5.15010000000000004E-05
5.14509999999999992E-05
5.13810000000000015E-05
5.12210000000000031E-05
5.14710000000000024E-05
5.14120000000000018E-05
6.63309999999999990E-05
5.15209999999999968E-05
6.14719999999999969E-05
7.20610000000000001E-05
1.05049000000000003E-04
9.52820000000000002E-05
1.11502000000000004E-04
7.04420000000000008E-05
7.03909999999999974E-05
6.99219999999999990E-05
7.02320000000000011E-05
7.04610000000000018E-05
7.05319999999999949E-05
8.30820000000000018E-05
9.89319999999999940E-05
8.28019999999999977E-05
6.97609999999999984E-05
6.93320000000000064E-05
6.92519999999999936E-05
6.94509999999999962E-05
6.96820000000000013E-05
6.94410000000000014E-05
6.93719999999999992E-05
6.94310000000000066E-05
6.94120000000000056E-05
6.93219999999999980E-05
1.47063000000000011E-04
6.98909999999999988E-05
1.19872999999999996E-04
6.95220000000000028E-05
6.95910000000000051E-05
1.89995000000000013E-04
6.95410000000000039E-05
6.93819999999999940E-05
6.95609999999999935E-05
6.95819999999999989E-05
6.98209999999999944E-05
6.96220000000000053E-05
6.96220000000000053E-05
6.97710000000000067E-05
6.95919999999999937E-05
7.00110000000000044E-05
6.97020000000000045E-05
6.97909999999999964E-05
6.95210000000000007E-05
8.62619999999999950E-05
8.19919999999999970E-05
6.94310000000000066E-05
6.94209999999999982E-05
6.93519999999999960E-05
6.94709999999999994E-05
8.63319999999999995E-05
6.95319999999999977E-05
6.94910000000000026E-05
6.93920000000000024E-05
6.98209999999999944E-05
6.93519999999999960E-05
7.01419999999999935E-05
6.94110000000000034E-05
6.94319999999999952E-05
6.90910000000000065E-05
1.11803000000000000E-04
6.96210000000000031E-05
6.91020000000000035E-05
6.93120000000000032E-05
6.95609999999999935E-05
6.92820000000000051E-05
6.95309999999999955E-05
6.94519999999999984E-05
9.39519999999999976E-05
6.93620000000000044E-05
1.14222000000000005E-04
6.98019999999999934E-05
6.93509999999999938E-05
6.94319999999999952E-05
6.95110000000000058E-05
6.94619999999999933E-05
8.23520000000000003E-05
8.71320000000000053E-05
6.95410000000000039E-05
6.94920000000000048E-05
6.92719999999999968E-05
6.94809999999999943E-05
6.94019999999999972E-05
6.94709999999999994E-05
6.94019999999999972E-05
6.95609999999999935E-05
6.47719999999999958E-05
5.13310000000000003E-05
5.12610000000000027E-05
5.12809999999999991E-05
5.14719999999999978E-05
1.60053000000000007E-04
5.47609999999999997E-05
5.14520000000000014E-05
7.30510000000000024E-05
5.14109999999999996E-05
5.12219999999999985E-05
5.14809999999999972E-05
5.12709999999999975E-05
5.15209999999999968E-05
5.15309999999999984E-05
8.06420000000000048E-05
6.75020000000000052E-05
6.84710000000000022E-05
6.80619999999999999E-05
6.81109999999999989E-05
6.77920000000000042E-05
8.66120000000000035E-05
6.88910000000000016E-05
6.74419999999999957E-05
6.63010000000000010E-05
6.76219999999999973E-05
1.50802999999999999E-04
1.80244000000000004E-04
1.55524000000000011E-04
6.84809999999999971E-05
6.81920000000000003E-05
6.84420000000000064E-05
6.85410000000000067E-05
6.88120000000000046E-05
6.81909999999999981E-05
6.79720000000000058E-05
6.86409999999999955E-05
6.83319999999999956E-05
6.80609999999999977E-05
6.79820000000000007E-05
6.82709999999999974E-05
6.82120000000000035E-05
6.71019999999999955E-05
6.78210000000000000E-05
6.67919999999999934E-05
8.60620000000000037E-05
6.83009999999999954E-05
6.83920000000000052E-05
6.81709999999999949E-05
6.81320000000000043E-05
1.07141999999999998E-04
1.12903000000000000E-04
6.79609999999999953E-05
6.83319999999999956E-05
9.62420000000000045E-05
6.81719999999999971E-05
6.84509999999999990E-05
6.83720000000000020E-05
6.86409999999999955E-05
6.83819999999999968E-05
6.83309999999999934E-05
6.82920000000000028E-05
6.84410000000000042E-05
6.80619999999999999E-05
6.78019999999999990E-05
6.66610000000000043E-05
6.69719999999999951E-05
6.70909999999999985E-05
6.68319999999999998E-05
6.86210000000000059E-05
6.86419999999999977E-05
6.83910000000000030E-05
8.72420000000000026E-05
9.16620000000000043E-05
6.82219999999999984E-05
6.78809999999999960E-05
6.78319999999999970E-05
6.78509999999999980E-05
6.78009999999999968E-05
6.77920000000000042E-05
6.77209999999999976E-05
6.71019999999999955E-05
6.83110000000000038E-05
6.79820000000000007E-05
6.79410000000000056E-05
6.79919999999999955E-05
6.82209999999999962E-05
6.79419999999999943E-05
6.74309999999999986E-05
6.69719999999999951E-05
6.65010000000000059E-05
6.68919999999999958E-05
6.63409999999999938E-05
6.67119999999999942E-05
6.65409999999999987E-05
6.80820000000000031E-05
6.81109999999999989E-05
6.78610000000000064E-05
6.77019999999999966E-05
6.02495999999999999E-04
2.79745999999999988E-04
9.02820000000000006E-05
6.75020000000000052E-05
6.77509999999999956E-05
6.81719999999999971E-05
6.77610000000000040E-05
6.76620000000000037E-05
6.73009999999999982E-05
6.68020000000000018E-05
6.72209999999999990E-05
6.67619999999999954E-05
6.66809999999999940E-05
6.60610000000000033E-05
6.61509999999999973E-05
1.12788000000000005E-04
7.04719999999999988E-05
7.03109999999999982E-05
7.03820000000000048E-05
8.45920000000000059E-05
6.92609999999999998E-05
7.02919999999999972E-05
7.04110000000000006E-05
7.06019999999999993E-05
7.06220000000000025E-05
7.06910000000000047E-05
7.06520000000000005E-05
7.04409999999999986E-05
7.07020000000000017E-05
7.02020000000000031E-05
7.05610000000000043E-05
7.04219999999999976E-05
7.01210000000000017E-05
5.27919999999999987E-05
5.15410000000000000E-05
5.16509999999999973E-05
5.14710000000000024E-05
5.14610000000000008E-05
5.15709999999999980E-05
5.15410000000000000E-05
5.15910000000000012E-05
7.87539999999999985E-05
5.77109999999999968E-05
5.61310000000000018E-05
6.14219999999999957E-05
1.22762000000000001E-04
1.02773000000000000E-04
1.02392000000000005E-04
1.48662999999999996E-04
1.02492999999999996E-04
1.02632000000000003E-04
1.02842000000000002E-04
1.49774000000000006E-04
1.02621999999999994E-04
6.04110000000000015E-05
5.13419999999999973E-05
5.12809999999999991E-05
5.13509999999999967E-05
5.13410000000000019E-05
5.13209999999999987E-05
5.13509999999999967E-05
5.12520000000000033E-05
5.12409999999999995E-05
6.92109999999999985E-05
7.37719999999999977E-05
6.94220000000000004E-05
1.03161999999999999E-04
7.02220000000000063E-05
7.04509999999999934E-05
6.96720000000000065E-05
8.53919999999999983E-05
6.95809999999999967E-05
7.01619999999999967E-05
7.01609999999999945E-05
7.00519999999999995E-05
7.04819999999999937E-05
6.98010000000000048E-05
1.19623000000000003E-04
