6.6561231638873961
0.00014060900000000001
6.0538000000000002e-05
6.0647000000000004e-05
6.0310000000000004e-05
6.0581000000000002e-05
6.7894000000000011e-05
6.8078000000000008e-05
6.0235000000000002e-05
6.7093000000000003e-05
6.0906000000000003e-05
6.0354000000000005e-05
5.9520000000000006e-05
6.0181000000000005e-05
6.0711000000000002e-05
6.0678000000000004e-05
6.0181000000000005e-05
6.0516000000000001e-05
6.0755000000000004e-05
6.1036000000000003e-05
6.0646000000000002e-05
6.0452000000000003e-05
6.0787000000000006e-05
5.9790000000000002e-05
6.0613000000000004e-05
6.0798000000000003e-05
6.0647000000000004e-05
6.0451000000000001e-05
6.1057999999999997e-05
6.0483000000000004e-05
6.1069000000000008e-05
0.00014469300000000002
6.373400000000001e-05
5.9704000000000003e-05
8.4318000000000001e-05
5.9823000000000006e-05
6.1112000000000007e-05
6.1274999999999999e-05
6.0495000000000003e-05
6.8652000000000006e-05
6.135e-05
6.1080000000000005e-05
6.0571000000000007e-05
6.6020000000000008e-05
5.7169000000000001e-05
5.8675000000000003e-05
7.0982000000000006e-05
6.3539000000000003e-05
6.4676000000000002e-05
6.408000000000001e-05
5.7851000000000006e-05
0.00020905000000000001
6.9172000000000008e-05
6.9931000000000005e-05
6.2976000000000001e-05
6.3106000000000002e-05
6.2976000000000001e-05
6.281300000000001e-05
6.3041000000000008e-05
8.2789999999999998e-05
5.4048000000000002e-05
6.1827000000000003e-05
5.8219000000000006e-05
5.8046000000000006e-05
5.7353000000000005e-05
6.5099000000000008e-05
5.8220000000000002e-05
9.8864000000000008e-05
5.8718000000000003e-05
5.8155000000000001e-05
5.8588000000000002e-05
0.00011446700000000001
4.6812000000000005e-05
4.7971000000000005e-05
5.7028000000000004e-05
5.3810000000000001e-05
5.3237000000000005e-05
4.1449000000000002e-05
5.8285000000000002e-05
4.1764000000000002e-05
4.1471000000000003e-05
4.159e-05
4.1579000000000003e-05
4.1883000000000005e-05
4.1731000000000004e-05
4.1569000000000001e-05
4.1514000000000003e-05
4.1698e-05
6.1253000000000005e-05
4.1655e-05
4.3941000000000005e-05
5.8133000000000001e-05
8.880300000000001e-05
0.000104512
5.8772000000000006e-05
5.8490000000000004e-05
5.7949000000000004e-05
5.7732000000000002e-05
5.8187000000000004e-05
5.6888000000000001e-05
6.2488000000000002e-05
4.1438000000000005e-05
4.1221999999999999e-05
4.1341000000000003e-05
4.1504000000000001e-05
4.1416000000000005e-05
0.00016652600000000001
5.6844000000000007e-05
5.6605000000000004e-05
5.6562000000000005e-05
5.6410000000000004e-05
5.6507000000000006e-05
5.6768000000000003e-05
5.6552000000000003e-05
5.6649000000000006e-05
5.6594000000000001e-05
5.6529e-05
7.3029000000000008e-05
5.6530000000000003e-05
5.6768000000000003e-05
5.6616000000000001e-05
5.6486000000000001e-05
5.6692000000000005e-05
5.6443000000000002e-05
5.6638000000000002e-05
5.6659000000000001e-05
5.6854000000000001e-05
6.6865000000000004e-05
5.6844000000000007e-05
5.6432000000000005e-05
5.6692000000000005e-05
5.6811000000000002e-05
5.6746000000000002e-05
5.1308000000000004e-05
4.1406000000000003e-05
4.1373000000000005e-05
4.1459999999999999e-05
4.1373000000000005e-05
4.1709000000000003e-05
6.1047e-05
4.1330000000000006e-05
4.1319000000000002e-05
4.1428000000000004e-05
4.1276000000000003e-05
5.8296000000000006e-05
4.1698e-05
4.1449000000000002e-05
4.1471000000000003e-05
4.1471000000000003e-05
4.1601000000000004e-05
4.1438000000000005e-05
4.1471000000000003e-05
4.159e-05
4.1461000000000002e-05
4.1515000000000005e-05
4.1406000000000003e-05
4.1406000000000003e-05
4.1569000000000001e-05
4.1394999999999999e-05
4.1211000000000002e-05
4.1503000000000006e-05
4.1373000000000005e-05
4.1558000000000004e-05
4.1396000000000001e-05
4.1558000000000004e-05
4.1622000000000002e-05
4.1308000000000005e-05
4.1417e-05
4.1438000000000005e-05
4.1254000000000002e-05
4.1406000000000003e-05
5.8328000000000001e-05
4.1688000000000005e-05
4.1514000000000003e-05
4.1319000000000002e-05
4.1417e-05
4.1492000000000002e-05
4.1503000000000006e-05
4.1373000000000005e-05
4.1503000000000006e-05
4.1438000000000005e-05
4.1601000000000004e-05
4.1503000000000006e-05
4.1471000000000003e-05
4.1482e-05
4.1319000000000002e-05
4.1416000000000005e-05
4.1459999999999999e-05
4.1340000000000001e-05
7.525e-05
4.1449000000000002e-05
4.1525e-05
4.1459999999999999e-05
4.1406000000000003e-05
4.1362000000000001e-05
4.1276000000000003e-05
4.1470000000000001e-05
4.1394999999999999e-05
5.8469000000000006e-05
4.1709000000000003e-05
4.1416000000000005e-05
4.1406000000000003e-05
4.1265000000000006e-05
4.1547e-05
4.1470000000000001e-05
4.1459999999999999e-05
4.1459999999999999e-05
4.159e-05
5.5424000000000003e-05
4.1405000000000001e-05
4.1287e-05
4.1330000000000006e-05
4.1341000000000003e-05
4.1427000000000002e-05
4.1439000000000001e-05
4.1363000000000004e-05
4.9996e-05
4.1536000000000003e-05
4.1373000000000005e-05
4.1471000000000003e-05
4.1428000000000004e-05
4.1244e-05
4.1459999999999999e-05
4.1265000000000006e-05
5.7375000000000005e-05
4.1558000000000004e-05
4.1568000000000006e-05
4.1438000000000005e-05
4.1341000000000003e-05
4.1438000000000005e-05
4.1676000000000006e-05
4.1384000000000002e-05
6.0527000000000005e-05
4.1330000000000006e-05
4.1341000000000003e-05
4.1438000000000005e-05
4.1438000000000005e-05
4.1438000000000005e-05
4.1471000000000003e-05
4.1243000000000005e-05
4.1394999999999999e-05
4.1449000000000002e-05
4.1319000000000002e-05
4.1341000000000003e-05
4.1406000000000003e-05
4.1471000000000003e-05
4.1308000000000005e-05
4.1276000000000003e-05
5.7732000000000002e-05
4.1536000000000003e-05
4.1503000000000006e-05
4.1276000000000003e-05
4.1547e-05
4.1330000000000006e-05
4.1265000000000006e-05
4.1384000000000002e-05
4.1459999999999999e-05
4.1319000000000002e-05
4.1439000000000001e-05
4.1449000000000002e-05
4.1373000000000005e-05
4.1221000000000004e-05
4.1287e-05
4.1374000000000001e-05
4.1309e-05
4.1265000000000006e-05
4.1211000000000002e-05
4.1146000000000002e-05
4.1514000000000003e-05
4.1406000000000003e-05
6.3548999999999998e-05
5.8035000000000003e-05
4.7202e-05
4.1319000000000002e-05
4.1309e-05
0.00010471800000000001
4.1557000000000002e-05
4.1525e-05
4.1244e-05
4.1178000000000005e-05
5.9617000000000002e-05
4.1699000000000002e-05
4.1427000000000002e-05
4.1449000000000002e-05
4.1601000000000004e-05
4.1330000000000006e-05
4.1265000000000006e-05
4.1482e-05
4.1417e-05
4.1384000000000002e-05
4.1297000000000001e-05
4.1459999999999999e-05
4.1427000000000002e-05
4.1330000000000006e-05
4.1232000000000001e-05
4.1417e-05
4.1320000000000004e-05
4.1298000000000003e-05
4.1275e-05
5.7386000000000002e-05
4.1406000000000003e-05
4.1373000000000005e-05
4.1298000000000003e-05
4.1221999999999999e-05
4.1243000000000005e-05
4.1427000000000002e-05
4.9650000000000001e-05
4.1439000000000001e-05
4.1569000000000001e-05
4.1394999999999999e-05
4.1569000000000001e-05
4.1427000000000002e-05
4.1373000000000005e-05
4.1525e-05
4.1546000000000005e-05
4.1471000000000003e-05
4.1384000000000002e-05
4.1276000000000003e-05
4.1394999999999999e-05
4.1211000000000002e-05
4.1092000000000006e-05
4.1211000000000002e-05
4.1394999999999999e-05
4.1493000000000004e-05
5.8035000000000003e-05
4.1438000000000005e-05
4.1417e-05
4.1351000000000004e-05
4.1459999999999999e-05
4.1351000000000004e-05
4.1341000000000003e-05
5.9194000000000003e-05
4.159e-05
5.5057000000000005e-05
4.1373000000000005e-05
4.1167000000000001e-05
4.1276000000000003e-05
4.1221000000000004e-05
4.1276000000000003e-05
4.1319000000000002e-05
4.1427000000000002e-05
4.1189000000000002e-05
4.1547e-05
4.1308000000000005e-05
4.1211000000000002e-05
4.1385000000000004e-05
4.1233000000000003e-05
5.9151000000000003e-05
4.1557000000000002e-05
4.1558000000000004e-05
4.1243000000000005e-05
4.1330000000000006e-05
4.1459999999999999e-05
4.1579000000000003e-05
4.1384000000000002e-05
4.1406000000000003e-05
4.1503000000000006e-05
4.1438000000000005e-05
4.1558000000000004e-05
4.1546000000000005e-05
4.1330000000000006e-05
4.1211000000000002e-05
4.1666000000000004e-05
4.1579000000000003e-05
4.1459999999999999e-05
4.1492000000000002e-05
4.1612000000000001e-05
4.1471000000000003e-05
4.1428000000000004e-05
4.1503000000000006e-05
4.1547e-05
4.1634000000000002e-05
5.8242000000000002e-05
4.1655e-05
4.1459999999999999e-05
4.1319000000000002e-05
4.1428000000000004e-05
4.1265000000000006e-05
4.1471000000000003e-05
4.1308000000000005e-05
4.1481000000000005e-05
6.4926000000000008e-05
4.1601000000000004e-05
4.1394999999999999e-05
4.1330000000000006e-05
4.1536000000000003e-05
4.1287e-05
5.5858000000000006e-05
5.6335000000000002e-05
5.5977000000000003e-05
5.6573000000000002e-05
9.072500000000001e-05
6.1545000000000008e-05
6.1340000000000006e-05
7.057000000000001e-05
6.140400000000001e-05
6.1611000000000004e-05
6.1643000000000006e-05
6.1404999999999999e-05
6.1577999999999999e-05
8.0992e-05
6.141600000000001e-05
6.1611000000000004e-05
6.1643000000000006e-05
6.158900000000001e-05
6.1567000000000002e-05
6.1383000000000005e-05
6.2044000000000004e-05
6.1394000000000002e-05
6.2087000000000004e-05
6.1968e-05
6.1653000000000001e-05
6.1665e-05
6.1880999999999999e-05
6.2065999999999998e-05
6.1622000000000001e-05
0.00010233900000000001
5.9996000000000006e-05
4.9856000000000005e-05
4.1471000000000003e-05
4.1438000000000005e-05
4.1514000000000003e-05
4.1688000000000005e-05
4.1623000000000005e-05
4.1818000000000005e-05
5.7331000000000004e-05
5.8609000000000001e-05
7.6377000000000004e-05
5.9032000000000007e-05
5.7288000000000004e-05
5.1828000000000006e-05
4.1450000000000005e-05
4.1439000000000001e-05
4.1459999999999999e-05
4.1536000000000003e-05
4.1319000000000002e-05
4.1416000000000005e-05
4.1394999999999999e-05
4.1406000000000003e-05
4.1330000000000006e-05
4.1189000000000002e-05
4.1623000000000005e-05
5.6833000000000003e-05
4.1612000000000001e-05
4.1568000000000006e-05
4.1385000000000004e-05
4.1276000000000003e-05
4.1558000000000004e-05
4.1471000000000003e-05
4.1221999999999999e-05
4.1287e-05
4.1427000000000002e-05
4.1394999999999999e-05
4.1221999999999999e-05
4.1384000000000002e-05
4.1363000000000004e-05
4.1297000000000001e-05
6.141600000000001e-05
4.1601000000000004e-05
4.1385000000000004e-05
4.1428000000000004e-05
4.1320000000000004e-05
4.1330000000000006e-05
4.159e-05
4.159e-05
5.9758000000000006e-05
4.1568000000000006e-05
4.1330000000000006e-05
4.1677000000000001e-05
4.1482e-05
4.1373000000000005e-05
4.1623000000000005e-05
4.9184000000000002e-05
4.1504000000000001e-05
4.1341000000000003e-05
4.1558000000000004e-05
4.1406000000000003e-05
4.1557000000000002e-05
4.1558000000000004e-05
4.1504000000000001e-05
4.6466000000000005e-05
4.1459999999999999e-05
4.2543000000000002e-05
4.1579000000000003e-05
4.1482e-05
4.1503000000000006e-05
4.1525e-05
4.1471000000000003e-05
4.1438000000000005e-05
4.1394999999999999e-05
4.1384000000000002e-05
4.1384000000000002e-05
4.1503000000000006e-05
4.1417e-05
4.1515000000000005e-05
4.1504000000000001e-05
4.1471000000000003e-05
4.1515000000000005e-05
4.1308000000000005e-05
4.1373000000000005e-05
4.1363000000000004e-05
4.1481000000000005e-05
5.8816000000000001e-05
4.1666000000000004e-05
4.1362000000000001e-05
4.1276000000000003e-05
4.1363000000000004e-05
5.9508000000000007e-05
4.1482e-05
4.1298000000000003e-05
4.1427000000000002e-05
4.1406000000000003e-05
4.1319000000000002e-05
4.1254000000000002e-05
4.1287e-05
4.1493000000000004e-05
4.1254000000000002e-05
4.1406000000000003e-05
4.1579000000000003e-05
4.159e-05
4.1459999999999999e-05
4.1525e-05
4.159e-05
4.1341000000000003e-05
4.1450000000000005e-05
4.1600000000000002e-05
4.172e-05
4.1394999999999999e-05
4.1438000000000005e-05
4.1428000000000004e-05
4.1428000000000004e-05
4.1493000000000004e-05
4.1308000000000005e-05
4.1384000000000002e-05
4.1428000000000004e-05
4.1276000000000003e-05
4.1394999999999999e-05
4.1385000000000004e-05
4.1406000000000003e-05
4.1394999999999999e-05
4.1243000000000005e-05
5.8913000000000003e-05
4.1623000000000005e-05
4.1503000000000006e-05
4.1634000000000002e-05
4.1459999999999999e-05
4.1536000000000003e-05
4.1482e-05
4.1612000000000001e-05
4.1503000000000006e-05
4.1438000000000005e-05
4.1536000000000003e-05
4.1374000000000001e-05
4.1623000000000005e-05
4.1482e-05
4.1568000000000006e-05
4.1492000000000002e-05
5.9141000000000002e-05
4.1699000000000002e-05
4.1591000000000002e-05
4.1731000000000004e-05
4.1416000000000005e-05
4.1384000000000002e-05
4.1438000000000005e-05
4.159e-05
0.00011838900000000001
4.1492000000000002e-05
4.1319000000000002e-05
4.1557000000000002e-05
4.1644000000000003e-05
4.1514000000000003e-05
4.1439000000000001e-05
4.1439000000000001e-05
4.1385000000000004e-05
4.1341000000000003e-05
4.1459999999999999e-05
4.121e-05
4.1569000000000001e-05
4.1417e-05
5.9844000000000005e-05
4.1688000000000005e-05
4.1330000000000006e-05
4.1351000000000004e-05
4.1211000000000002e-05
4.1362000000000001e-05
4.1449000000000002e-05
4.1373000000000005e-05
4.1352e-05
4.1330000000000006e-05
4.1438000000000005e-05
4.1374000000000001e-05
4.1394999999999999e-05
4.1547e-05
4.1341000000000003e-05
4.1406000000000003e-05
4.1482e-05
6.422200000000001e-05
6.0473000000000002e-05
5.7212e-05
5.7428000000000006e-05
5.7623e-05
5.7927000000000003e-05
5.7602000000000002e-05
0.00010511800000000001
6.0278000000000001e-05
6.0028000000000002e-05
6.0256e-05
8.5162000000000009e-05
6.0397000000000005e-05
6.0191000000000007e-05
5.9974000000000005e-05
7.6778000000000002e-05
6.0126000000000007e-05
9.7177000000000008e-05
6.0093000000000002e-05
6.0072000000000004e-05
6.0408000000000002e-05
6.0419000000000005e-05
5.9303000000000005e-05
8.0667000000000005e-05
6.0170000000000002e-05
5.9942000000000003e-05
6.0246000000000006e-05
5.9867000000000001e-05
5.9975000000000001e-05
5.9974000000000005e-05
5.9693000000000006e-05
5.9964000000000004e-05
5.9898000000000001e-05
5.9801000000000006e-05
5.9779000000000005e-05
5.9704000000000003e-05
5.9866000000000006e-05
6.0040000000000001e-05
6.0051000000000005e-05
5.9953000000000007e-05
8.7016000000000008e-05
5.9899000000000004e-05
6.0018000000000007e-05
5.9877000000000003e-05
5.9845e-05
6.0126000000000007e-05
6.0127000000000002e-05
8.209700000000001e-05
6.0527000000000005e-05
6.0138000000000006e-05
5.9802000000000001e-05
6.0180000000000003e-05
5.9953000000000007e-05
5.9920000000000002e-05
5.9975000000000001e-05
6.0029000000000004e-05
6.0267000000000004e-05
5.9997000000000002e-05
6.0159000000000005e-05
6.0267000000000004e-05
5.9921000000000004e-05
6.0159000000000005e-05
6.0083000000000001e-05
7.6734000000000001e-05
6.0180000000000003e-05
6.0137000000000004e-05
5.9834000000000003e-05
5.9845e-05
5.9736000000000005e-05
5.9877000000000003e-05
5.9975000000000001e-05
6.0094000000000004e-05
5.9953000000000007e-05
6.0029000000000004e-05
6.0246000000000006e-05
6.0159000000000005e-05
6.0148000000000001e-05
6.0008000000000006e-05
5.9866000000000006e-05
6.0234000000000006e-05
5.9942000000000003e-05
6.0040000000000001e-05
7.9583e-05
6.0051000000000005e-05
6.0083000000000001e-05
6.0050000000000003e-05
7.5933000000000006e-05
6.0104000000000006e-05
5.9953000000000007e-05
6.0008000000000006e-05
6.0008000000000006e-05
5.9823000000000006e-05
6.0008000000000006e-05
5.9943000000000005e-05
5.9953000000000007e-05
5.9823000000000006e-05
6.0061000000000007e-05
6.0115000000000003e-05
5.9736000000000005e-05
5.9910000000000001e-05
5.9899000000000004e-05
6.0029000000000004e-05
6.0062000000000002e-05
5.9964000000000004e-05
7.2498999999999998e-05
6.0234000000000006e-05
6.0343000000000001e-05
6.0169000000000006e-05
6.0170000000000002e-05
6.0224000000000005e-05
7.7557000000000003e-05
6.0289000000000005e-05
6.0072000000000004e-05
6.0094000000000004e-05
7.5987000000000003e-05
6.0039000000000006e-05
8.0731999999999999e-05
5.8751e-05
0.00053990700000000006
6.0376000000000006e-05
6.0397000000000005e-05
8.4134000000000005e-05
6.0365000000000002e-05
6.0289000000000005e-05
6.0234000000000006e-05
6.0213000000000001e-05
8.2746999999999999e-05
6.0678000000000004e-05
6.0516000000000001e-05
6.0039000000000006e-05
6.0268000000000006e-05
6.0127000000000002e-05
6.0148000000000001e-05
6.0332000000000004e-05
6.0170000000000002e-05
6.0180000000000003e-05
6.0257000000000003e-05
6.0083000000000001e-05
7.6431000000000001e-05
6.0050000000000003e-05
5.9856000000000004e-05
6.0073000000000006e-05
5.9726000000000004e-05
5.9974000000000005e-05
8.8066000000000007e-05
6.0278000000000001e-05
6.0332000000000004e-05
6.0386000000000001e-05
6.0364000000000007e-05
6.0104000000000006e-05
6.0386000000000001e-05
6.0148000000000001e-05
8.1556000000000003e-05
6.0419000000000005e-05
6.0170000000000002e-05
6.0137000000000004e-05
5.9476000000000005e-05
5.9953000000000007e-05
7.0656000000000009e-05
6.0029000000000004e-05
8.209700000000001e-05
6.0419000000000005e-05
5.9996000000000006e-05
6.0245000000000003e-05
5.9888000000000007e-05
6.0235000000000002e-05
5.9974000000000005e-05
6.0105000000000001e-05
5.9975000000000001e-05
8.2725000000000005e-05
7.6409000000000007e-05
6.0300000000000002e-05
6.0028000000000002e-05
6.0051000000000005e-05
5.9726000000000004e-05
5.9649000000000004e-05
5.9715000000000007e-05
6.0062000000000002e-05
5.9671000000000005e-05
7.6008000000000008e-05
6.0299000000000007e-05
6.0343000000000001e-05
6.0213000000000001e-05
6.0158000000000002e-05
5.9931000000000006e-05
6.0018000000000007e-05
8.8467000000000005e-05
6.0397000000000005e-05
6.0170000000000002e-05
6.0051000000000005e-05
6.0310000000000004e-05
6.0299000000000007e-05
6.0354000000000005e-05
5.9899000000000004e-05
7.9248000000000011e-05
6.0202000000000004e-05
6.0094000000000004e-05
5.9964000000000004e-05
6.0007000000000003e-05
6.0213000000000001e-05
5.9845e-05
6.0137000000000004e-05
7.6745000000000011e-05
7.8804e-05
6.0321000000000001e-05
5.9909000000000005e-05
6.0365000000000002e-05
6.0332000000000004e-05
6.0234000000000006e-05
6.0105000000000001e-05
6.0159000000000005e-05
7.789400000000001e-05
6.0029000000000004e-05
5.9769000000000003e-05
6.0104000000000006e-05
6.0181000000000005e-05
5.9964000000000004e-05
6.0007000000000003e-05
5.9899000000000004e-05
6.0191000000000007e-05
8.9474000000000004e-05
6.0289000000000005e-05
6.0018000000000007e-05
6.0311000000000006e-05
6.0039000000000006e-05
6.0083000000000001e-05
6.0235000000000002e-05
6.0029000000000004e-05
7.8641000000000008e-05
6.0267000000000004e-05
5.9780000000000007e-05
6.0376000000000006e-05
6.0094000000000004e-05
7.6496000000000008e-05
6.0603000000000002e-05
6.0105000000000001e-05
7.8868000000000005e-05
6.0278000000000001e-05
5.9986000000000005e-05
6.0246000000000006e-05
5.9997000000000002e-05
6.0170000000000002e-05
6.0094000000000004e-05
6.0126000000000007e-05
5.1828000000000006e-05
6.3063000000000003e-05
5.7386000000000002e-05
5.6876000000000002e-05
5.8122000000000004e-05
5.9141000000000002e-05
5.8610000000000003e-05
5.6996000000000001e-05
5.6193000000000002e-05
5.7017000000000007e-05
5.0864000000000006e-05
4.4352000000000005e-05
5.7234000000000001e-05
5.8014000000000004e-05
5.6194000000000004e-05
5.5857000000000004e-05
4.2847000000000005e-05
4.1470000000000001e-05
4.1394999999999999e-05
4.1471000000000003e-05
4.1428000000000004e-05
4.1309e-05
7.7730000000000003e-05
6.1990000000000008e-05
4.1601000000000004e-05
4.1394999999999999e-05
5.1991000000000004e-05
4.3313000000000004e-05
4.1363000000000004e-05
5.7147e-05
4.1255000000000004e-05
4.6108e-05
0.000107978
6.311600000000001e-05
6.2974999999999999e-05
6.3095000000000005e-05
6.3225000000000005e-05
6.2618000000000003e-05
6.2976000000000001e-05
6.3084000000000008e-05
8.4751000000000002e-05
6.3441000000000005e-05
6.3365000000000001e-05
7.4578000000000003e-05
6.3442000000000007e-05
6.2748000000000003e-05
6.2998000000000009e-05
6.3311000000000004e-05
8.7026000000000003e-05
6.3453000000000004e-05
6.3105e-05
6.3387000000000008e-05
6.2792000000000005e-05
6.3245999999999997e-05
6.3127000000000007e-05
6.3171000000000009e-05
6.3127000000000007e-05
6.3040000000000006e-05
6.3225000000000005e-05
6.3225000000000005e-05
6.9129000000000008e-05
6.2976000000000001e-05
6.3311000000000004e-05
8.187e-05
9.3050000000000012e-05
6.3441000000000005e-05
6.3311000000000004e-05
6.2434000000000006e-05
6.3149000000000001e-05
6.3159999999999998e-05
6.3311000000000004e-05
6.3029999999999998e-05
8.3581000000000012e-05
6.3289999999999999e-05
6.3029000000000009e-05
6.2671999999999999e-05
6.2749000000000005e-05
6.3202999999999998e-05
6.3084000000000008e-05
6.3008000000000004e-05
8.4437000000000005e-05
6.3322000000000001e-05
6.2541999999999999e-05
6.3052000000000006e-05
6.3192000000000001e-05
6.2997000000000007e-05
6.2986999999999999e-05
6.3149000000000001e-05
8.5260000000000007e-05
6.3072999999999997e-05
6.2662000000000004e-05
6.2899999999999997e-05
6.9367000000000002e-05
6.3245999999999997e-05
6.2856000000000009e-05
6.2997000000000007e-05
8.4069000000000011e-05
8.0904999999999999e-05
6.2596000000000009e-05
6.3149000000000001e-05
6.3127000000000007e-05
6.3062e-05
7.277000000000001e-05
6.9920000000000008e-05
9.8607e-05
6.2748000000000003e-05
6.3322000000000001e-05
6.3095000000000005e-05
6.3094000000000003e-05
6.2867000000000006e-05
6.3235e-05
6.3062e-05
8.4112000000000011e-05
6.2716000000000001e-05
6.3279000000000002e-05
6.3181000000000004e-05
6.3149000000000001e-05
6.3063000000000003e-05
6.312800000000001e-05
6.3041000000000008e-05
8.367900000000001e-05
6.3235e-05
6.2911000000000008e-05
6.9627000000000003e-05
6.2921000000000003e-05
6.3019000000000001e-05
6.3105e-05
6.311600000000001e-05
0.00028086100000000003
6.3257000000000008e-05
6.3202999999999998e-05
6.2997000000000007e-05
6.2055000000000001e-05
8.4199000000000012e-05
6.3084000000000008e-05
8.2119000000000004e-05
6.3464000000000001e-05
6.3398000000000005e-05
6.3398000000000005e-05
6.3106000000000002e-05
8.6593000000000003e-05
6.3484000000000004e-05
6.3246999999999999e-05
6.315900000000001e-05
6.3062e-05
6.3095000000000005e-05
6.3062e-05
6.8913000000000009e-05
6.312800000000001e-05
6.3171000000000009e-05
6.2887999999999998e-05
6.3181000000000004e-05
6.9790000000000008e-05
6.3279000000000002e-05
6.3029000000000009e-05
6.268300000000001e-05
6.2801999999999999e-05
9.4403000000000011e-05
9.8195000000000004e-05
6.3051000000000003e-05
6.3214000000000008e-05
6.3074e-05
6.2737000000000006e-05
6.2899999999999997e-05
8.4004000000000004e-05
6.3084000000000008e-05
6.3116999999999999e-05
6.3332999999999998e-05
6.3170000000000007e-05
6.343100000000001e-05
6.2694000000000007e-05
6.3398000000000005e-05
8.3993000000000007e-05
6.3182000000000006e-05
6.3214000000000008e-05
6.3008000000000004e-05
6.3289999999999999e-05
6.268300000000001e-05
6.3245999999999997e-05
6.312800000000001e-05
9.0829000000000007e-05
6.4677000000000004e-05
6.3332999999999998e-05
8.0158000000000001e-05
6.9942000000000002e-05
6.2749000000000005e-05
6.2922000000000005e-05
6.3019000000000001e-05
6.2867000000000006e-05
6.3095000000000005e-05
8.1577000000000009e-05
6.3105e-05
6.2120000000000008e-05
6.3072999999999997e-05
6.3072999999999997e-05
6.2694000000000007e-05
9.3873000000000001e-05
6.3583000000000004e-05
6.3289999999999999e-05
6.3430000000000008e-05
6.2250000000000009e-05
6.3245999999999997e-05
6.3332999999999998e-05
6.3181000000000004e-05
8.7622000000000009e-05
6.3366000000000003e-05
6.3149000000000001e-05
6.2770000000000011e-05
6.3213000000000006e-05
6.6453000000000009e-05
6.6562000000000004e-05
6.3138000000000004e-05
8.8954000000000002e-05
6.3495000000000001e-05
6.3192000000000001e-05
6.264000000000001e-05
8.5898999999999999e-05
6.3149000000000001e-05
6.3214000000000008e-05
6.3029999999999998e-05
6.3072999999999997e-05
6.2997000000000007e-05
6.2856999999999998e-05
6.2228000000000001e-05
6.3149000000000001e-05
6.2889e-05
6.2748000000000003e-05
6.2844999999999999e-05
6.2932e-05
9.3927000000000011e-05
6.2846000000000001e-05
6.3181000000000004e-05
6.3312000000000006e-05
6.3084000000000008e-05
6.3268000000000005e-05
6.3202999999999998e-05
6.3106000000000002e-05
8.6300000000000011e-05
6.2844999999999999e-05
6.3419999999999999e-05
6.3236000000000002e-05
6.3332999999999998e-05
6.3159999999999998e-05
6.3202999999999998e-05
6.3181000000000004e-05
6.2899999999999997e-05
6.3289999999999999e-05
7.0245000000000003e-05
6.9844000000000004e-05
6.3116999999999999e-05
6.3105e-05
6.2889e-05
6.3072999999999997e-05
9.366700000000001e-05
6.3235e-05
6.3409000000000002e-05
6.3074e-05
6.3366000000000003e-05
6.3268000000000005e-05
6.3257000000000008e-05
6.2553000000000009e-05
8.3896000000000011e-05
6.3398000000000005e-05
6.3182000000000006e-05
6.3019000000000001e-05
6.3127000000000007e-05
6.3344000000000009e-05
6.3063000000000003e-05
6.2801999999999999e-05
0.00011790100000000001
6.2856999999999998e-05
6.2899000000000009e-05
6.9920000000000008e-05
6.3159999999999998e-05
6.298600000000001e-05
0.00010111000000000001
8.3018000000000011e-05
6.3387000000000008e-05
6.3138000000000004e-05
6.9627000000000003e-05
6.3214000000000008e-05
6.3138000000000004e-05
6.3159999999999998e-05
6.2184e-05
8.9377000000000008e-05
6.2933000000000002e-05
6.2997000000000007e-05
6.2921000000000003e-05
6.3279000000000002e-05
6.3225000000000005e-05
6.2456e-05
6.3301000000000009e-05
8.3928e-05
6.3399000000000007e-05
6.311600000000001e-05
6.311600000000001e-05
6.3147999999999999e-05
6.2650000000000005e-05
6.3040000000000006e-05
6.3062e-05
9.9842000000000011e-05
6.3052000000000006e-05
6.3084000000000008e-05
6.3095000000000005e-05
6.2932e-05
6.2521000000000007e-05
6.2954000000000007e-05
6.3213000000000006e-05
8.3883999999999998e-05
6.3365000000000001e-05
6.3332999999999998e-05
6.9433000000000011e-05
6.2304000000000005e-05
6.2650000000000005e-05
6.3062e-05
6.2899999999999997e-05
8.7145000000000007e-05
6.3202999999999998e-05
6.3214000000000008e-05
6.3138000000000004e-05
6.2520000000000004e-05
6.3040000000000006e-05
6.3193000000000003e-05
6.3127000000000007e-05
6.3019000000000001e-05
6.3149000000000001e-05
6.3084000000000008e-05
6.2932e-05
6.2509000000000007e-05
6.2835000000000004e-05
6.3008000000000004e-05
6.2726000000000009e-05
9.3223000000000012e-05
6.3192000000000001e-05
7.9930000000000002e-05
6.268300000000001e-05
6.3257000000000008e-05
6.2878000000000003e-05
6.2911000000000008e-05
8.822800000000001e-05
9.103400000000001e-05
6.3462999999999999e-05
6.2986999999999999e-05
6.9680999999999999e-05
6.3312000000000006e-05
6.3236000000000002e-05
6.2433000000000003e-05
6.298600000000001e-05
9.7232000000000007e-05
6.3236000000000002e-05
6.2466000000000008e-05
6.2953000000000005e-05
6.3084000000000008e-05
6.294300000000001e-05
6.2868000000000009e-05
6.2911000000000008e-05
8.3972000000000002e-05
6.2921000000000003e-05
6.3095000000000005e-05
6.3334e-05
6.3387000000000008e-05
6.2608000000000008e-05
6.3062e-05
6.3139000000000007e-05
8.4090000000000003e-05
6.2402000000000003e-05
6.3105e-05
6.3095000000000005e-05
6.3072999999999997e-05
6.3095000000000005e-05
6.3149000000000001e-05
6.3399000000000007e-05
0.00025215099999999999
0.00011825900000000001
9.1880000000000008e-05
6.0570000000000005e-05
6.0181000000000005e-05
6.0138000000000006e-05
0.00017686400000000002
6.1274999999999999e-05
6.1394000000000002e-05
6.1307000000000001e-05
6.1513000000000005e-05
6.1004000000000001e-05
6.0884000000000002e-05
6.1221000000000002e-05
6.1481000000000003e-05
6.1459000000000009e-05
7.7350999999999999e-05
6.1741000000000004e-05
6.1004000000000001e-05
6.0722000000000006e-05
6.0614000000000006e-05
6.0008000000000006e-05
6.0982000000000007e-05
6.1274999999999999e-05
0.00010668300000000001
6.0061000000000007e-05
5.9682000000000002e-05
5.9628000000000006e-05
5.9823000000000006e-05
6.0180000000000003e-05
6.0592000000000005e-05
6.2390000000000004e-05
6.2001000000000005e-05
6.8707000000000005e-05
6.3095000000000005e-05
6.2260000000000004e-05
6.2151999999999997e-05
6.2217000000000004e-05
6.251000000000001e-05
6.3105e-05
6.3398000000000005e-05
6.1057999999999997e-05
6.1264000000000002e-05
6.1210000000000005e-05
6.1329000000000009e-05
7.946400000000001e-05
6.1750999999999999e-05
6.1663999999999998e-05
6.1707999999999999e-05
6.2206000000000007e-05
6.1611000000000004e-05
6.1990000000000008e-05
6.2293000000000008e-05
8.6473999999999999e-05
8.8386000000000004e-05
5.8881000000000001e-05
5.7895e-05
5.7537000000000002e-05
5.7992000000000003e-05
5.8468000000000003e-05
5.8382000000000004e-05
5.8350000000000002e-05
5.8685000000000005e-05
5.8014000000000004e-05
5.7602000000000002e-05
5.8046000000000006e-05
5.7602000000000002e-05
5.8404000000000005e-05
5.8848000000000003e-05
5.9108000000000004e-05
6.6377000000000005e-05
5.9152000000000006e-05
5.8717e-05
5.7126000000000002e-05
5.7126000000000002e-05
5.7190000000000006e-05
5.8295000000000003e-05
5.7992000000000003e-05
5.8512000000000005e-05
6.9735000000000009e-05
5.8956000000000003e-05
5.8859000000000007e-05
5.7602000000000002e-05
5.7754000000000003e-05
8.3603000000000006e-05
5.8436000000000001e-05
5.8891000000000002e-05
5.8133000000000001e-05
5.7569000000000004e-05
5.8220000000000002e-05
5.7927000000000003e-05
5.8036000000000005e-05
5.783e-05
5.7764000000000005e-05
5.8696000000000002e-05
6.1025000000000006e-05
5.8729000000000006e-05
7.7817000000000004e-05
5.7927000000000003e-05
5.8057000000000003e-05
5.8176000000000007e-05
5.8555000000000004e-05
5.8794000000000007e-05
5.8534000000000006e-05
5.8166000000000005e-05
6.5717000000000008e-05
5.8685000000000005e-05
5.8751e-05
5.8317000000000004e-05
5.7699000000000004e-05
5.7873000000000006e-05
5.7407000000000001e-05
5.8220000000000002e-05
5.7721000000000005e-05
9.1078000000000011e-05
5.7548000000000005e-05
5.7093000000000004e-05
5.6887000000000006e-05
5.6952000000000006e-05
5.8902000000000006e-05
0.00010111400000000001
6.3517000000000009e-05
9.7069000000000002e-05
6.3582000000000002e-05
6.3355000000000006e-05
6.3505999999999998e-05
6.3355000000000006e-05
6.3365000000000001e-05
6.2986999999999999e-05
6.3279000000000002e-05
6.2823000000000005e-05
6.3289999999999999e-05
6.3366000000000003e-05
6.3072999999999997e-05
6.9550999999999999e-05
6.3159999999999998e-05
6.3182000000000006e-05
6.3072999999999997e-05
6.2423000000000009e-05
0.00013188800000000001
7.2488000000000001e-05
6.3105e-05
6.2889e-05
6.2856000000000009e-05
6.3008000000000004e-05
6.2714999999999998e-05
8.6733000000000011e-05
6.3301000000000009e-05
6.2824000000000007e-05
6.3235e-05
6.3181000000000004e-05
6.3052000000000006e-05
6.2434000000000006e-05
6.2954000000000007e-05
8.7817000000000003e-05
6.3268000000000005e-05
6.3105e-05
6.3236000000000002e-05
6.3202999999999998e-05
6.3312000000000006e-05
6.2704000000000001e-05
6.3105e-05
9.4165000000000004e-05
6.3202999999999998e-05
6.3017999999999999e-05
7.5716000000000005e-05
9.0038000000000008e-05
6.8967000000000006e-05
6.3040000000000006e-05
6.3245999999999997e-05
8.7514000000000003e-05
6.3235e-05
6.2986999999999999e-05
6.3149000000000001e-05
6.2596000000000009e-05
6.3171000000000009e-05
6.3268000000000005e-05
6.3062e-05
8.8250000000000004e-05
6.3289999999999999e-05
6.3127000000000007e-05
6.3072999999999997e-05
6.2618000000000003e-05
6.3029999999999998e-05
6.2997000000000007e-05
6.3063000000000003e-05
8.6246000000000001e-05
6.294300000000001e-05
6.3202999999999998e-05
6.2358000000000002e-05
6.2899999999999997e-05
6.312800000000001e-05
6.3072999999999997e-05
6.2932e-05
8.3667999999999999e-05
6.3366000000000003e-05
6.3159999999999998e-05
6.9443000000000006e-05
6.3019000000000001e-05
7.2997000000000006e-05
6.2834000000000002e-05
6.2922000000000005e-05
8.6463000000000002e-05
6.294300000000001e-05
6.2553000000000009e-05
6.3268000000000005e-05
6.3398000000000005e-05
6.3245999999999997e-05
6.3202999999999998e-05
6.3268000000000005e-05
6.3159999999999998e-05
6.3149000000000001e-05
6.2954000000000007e-05
6.3354000000000004e-05
6.3301000000000009e-05
6.311600000000001e-05
6.3040000000000006e-05
6.3365000000000001e-05
8.6387000000000012e-05
6.9844000000000004e-05
6.3279000000000002e-05
6.3202999999999998e-05
6.3268000000000005e-05
6.3225000000000005e-05
6.3214000000000008e-05
6.3452000000000002e-05
6.3257000000000008e-05
8.2898000000000005e-05
6.311600000000001e-05
6.951900000000001e-05
6.3040000000000006e-05
6.2922000000000005e-05
6.2954000000000007e-05
6.2574000000000001e-05
6.294300000000001e-05
8.3883999999999998e-05
6.311600000000001e-05
7.0158000000000002e-05
8.726400000000001e-05
6.3464000000000001e-05
6.3149000000000001e-05
6.3062e-05
8.3049999999999999e-05
6.3300000000000007e-05
6.3202999999999998e-05
6.298600000000001e-05
6.3116999999999999e-05
6.3149000000000001e-05
6.2932e-05
6.2596000000000009e-05
0.00018781700000000001
0.00021079999999995547
5.8263000000000001e-05
4.8838000000000002e-05
4.1709000000000003e-05
5.2207000000000003e-05
4.1330000000000006e-05
4.1579000000000003e-05
4.1363000000000004e-05
4.1515000000000005e-05
4.1428000000000004e-05
4.1482e-05
4.1514000000000003e-05
4.1503000000000006e-05
4.1341000000000003e-05
4.1504000000000001e-05
4.1579000000000003e-05
4.1416000000000005e-05
4.1341000000000003e-05
4.1373000000000005e-05
4.1362000000000001e-05
4.1449000000000002e-05
4.1319000000000002e-05
4.1243000000000005e-05
4.1449000000000002e-05
4.1449000000000002e-05
4.1438000000000005e-05
4.1416000000000005e-05
4.1459999999999999e-05
4.1471000000000003e-05
4.1459999999999999e-05
4.1471000000000003e-05
4.1449000000000002e-05
4.1374000000000001e-05
4.1352e-05
4.1287e-05
4.1558000000000004e-05
9.3147000000000008e-05
4.1492000000000002e-05
4.3247000000000001e-05
5.8176000000000007e-05
4.3898000000000006e-05
4.1297000000000001e-05
4.1254000000000002e-05
5.3951000000000006e-05
4.1558000000000004e-05
4.1525e-05
4.1406000000000003e-05
4.1459999999999999e-05
4.1243000000000005e-05
4.1341000000000003e-05
4.1481000000000005e-05
4.1416000000000005e-05
4.1384000000000002e-05
4.1438000000000005e-05
4.1428000000000004e-05
4.1341000000000003e-05
4.1330000000000006e-05
4.1341000000000003e-05
4.1514000000000003e-05
4.1417e-05
4.1341000000000003e-05
4.1394999999999999e-05
4.1298000000000003e-05
4.1319000000000002e-05
4.1363000000000004e-05
4.1276000000000003e-05
4.1352e-05
4.1320000000000004e-05
4.1352e-05
4.1611000000000005e-05
4.1406000000000003e-05
4.1201000000000001e-05
4.1384000000000002e-05
4.1363000000000004e-05
4.1211000000000002e-05
4.1439000000000001e-05
4.1438000000000005e-05
4.1427000000000002e-05
5.8968000000000002e-05
6.0895000000000006e-05
4.1362000000000001e-05
4.1438000000000005e-05
4.1482e-05
4.1427000000000002e-05
4.1287e-05
4.1406000000000003e-05
4.1276000000000003e-05
4.1157000000000006e-05
5.5132000000000007e-05
4.159e-05
4.4570000000000002e-05
4.2760000000000004e-05
4.1254000000000002e-05
4.1265000000000006e-05
4.1319000000000002e-05
9.7741000000000012e-05
4.1503000000000006e-05
4.1276000000000003e-05
4.1482e-05
4.1374000000000001e-05
4.1276000000000003e-05
4.1384000000000002e-05
4.1394999999999999e-05
4.1287e-05
4.1493000000000004e-05
4.1308000000000005e-05
4.1416000000000005e-05
4.1168000000000003e-05
4.1319000000000002e-05
4.1394999999999999e-05
4.1362000000000001e-05
4.1503000000000006e-05
4.1189000000000002e-05
4.1178000000000005e-05
4.1221000000000004e-05
4.1352e-05
4.1373000000000005e-05
4.1503000000000006e-05
4.1568000000000006e-05
4.1189000000000002e-05
4.1471000000000003e-05
4.1579000000000003e-05
4.1331000000000001e-05
4.1341000000000003e-05
4.1297000000000001e-05
4.1406000000000003e-05
4.1200000000000005e-05
4.1546000000000005e-05
4.1330000000000006e-05
6.0234000000000006e-05
4.1558000000000004e-05
4.1351000000000004e-05
4.1211000000000002e-05
4.1254000000000002e-05
4.1340000000000001e-05
4.1363000000000004e-05
4.1341000000000003e-05
4.1428000000000004e-05
4.1394999999999999e-05
4.1125000000000004e-05
4.1189000000000002e-05
4.1363000000000004e-05
4.1427000000000002e-05
4.1394999999999999e-05
4.1373000000000005e-05
4.1114e-05
4.1244e-05
4.1362000000000001e-05
5.7526000000000005e-05
4.1958e-05
4.1319000000000002e-05
4.1450000000000005e-05
4.1330000000000006e-05
4.1308000000000005e-05
4.1254000000000002e-05
4.1406000000000003e-05
4.1568000000000006e-05
4.1394999999999999e-05
4.1265000000000006e-05
4.1417e-05
4.1427000000000002e-05
4.1394999999999999e-05
4.1471000000000003e-05
4.1331000000000001e-05
4.1394999999999999e-05
4.1449000000000002e-05
4.1308000000000005e-05
4.1309e-05
4.1384000000000002e-05
4.1504000000000001e-05
4.1417e-05
4.1536000000000003e-05
4.1428000000000004e-05
4.1286000000000004e-05
4.1459999999999999e-05
4.1265000000000006e-05
4.1168000000000003e-05
4.1416000000000005e-05
4.1341000000000003e-05
5.8934000000000002e-05
4.1601000000000004e-05
4.1547e-05
4.1438000000000005e-05
4.1146000000000002e-05
4.1504000000000001e-05
4.1374000000000001e-05
4.1493000000000004e-05
4.8935000000000005e-05
4.1438000000000005e-05
4.1406000000000003e-05
4.1406000000000003e-05
4.1459999999999999e-05
8.8597000000000006e-05
4.1611000000000005e-05
4.1547e-05
4.1438000000000005e-05
4.1655e-05
4.1591000000000002e-05
4.1459999999999999e-05
4.1525e-05
4.1503000000000006e-05
4.1677000000000001e-05
4.1731000000000004e-05
4.1482e-05
4.1591000000000002e-05
4.1459999999999999e-05
4.1449000000000002e-05
4.1525e-05
4.1330000000000006e-05
4.1406000000000003e-05
4.1525e-05
4.1492000000000002e-05
4.1547e-05
4.159e-05
4.1341000000000003e-05
4.1471000000000003e-05
4.1363000000000004e-05
4.1557000000000002e-05
4.1394999999999999e-05
4.1319000000000002e-05
4.1416000000000005e-05
4.1449000000000002e-05
4.1492000000000002e-05
4.1459999999999999e-05
4.1525e-05
4.1449000000000002e-05
5.5186000000000003e-05
4.1612000000000001e-05
4.1481000000000005e-05
5.9780000000000007e-05
4.1394999999999999e-05
4.1319000000000002e-05
4.1525e-05
4.1287e-05
4.1405000000000001e-05
4.1568000000000006e-05
4.1352e-05
4.1558000000000004e-05
4.1492000000000002e-05
4.1493000000000004e-05
4.159e-05
4.1298000000000003e-05
4.1417e-05
4.1525e-05
4.1525e-05
4.1536000000000003e-05
4.1666000000000004e-05
4.1557000000000002e-05
4.1503000000000006e-05
4.1363000000000004e-05
4.1373000000000005e-05
4.1341000000000003e-05
4.1481000000000005e-05
4.1352e-05
4.1450000000000005e-05
4.1569000000000001e-05
4.1396000000000001e-05
4.1439000000000001e-05
4.1450000000000005e-05
4.1612000000000001e-05
4.1319000000000002e-05
4.1612000000000001e-05
4.1471000000000003e-05
4.1449000000000002e-05
4.1330000000000006e-05
4.1385000000000004e-05
4.1320000000000004e-05
4.1504000000000001e-05
4.1547e-05
4.1503000000000006e-05
4.1514000000000003e-05
4.1352e-05
4.1439000000000001e-05
4.1363000000000004e-05
4.1481000000000005e-05
4.1493000000000004e-05
4.1221999999999999e-05
4.159e-05
4.1439000000000001e-05
4.1331000000000001e-05
6.8133000000000006e-05
4.1439000000000001e-05
4.1655e-05
4.1601000000000004e-05
4.1569000000000001e-05
4.1439000000000001e-05
4.1416000000000005e-05
4.1536000000000003e-05
4.1351000000000004e-05
4.1449000000000002e-05
4.1449000000000002e-05
4.1611000000000005e-05
4.1536000000000003e-05
4.1579000000000003e-05
4.1687000000000003e-05
4.1438000000000005e-05
4.1503000000000006e-05
4.1362000000000001e-05
4.1384000000000002e-05
4.1438000000000005e-05
4.1319000000000002e-05
4.1373000000000005e-05
4.1406000000000003e-05
4.1362000000000001e-05
4.1623000000000005e-05
4.1298000000000003e-05
4.1319000000000002e-05
4.1308000000000005e-05
4.1373000000000005e-05
4.1265000000000006e-05
4.1438000000000005e-05
4.1492000000000002e-05
4.1363000000000004e-05
4.1352e-05
4.1449000000000002e-05
4.1297000000000001e-05
4.1503000000000006e-05
4.1341000000000003e-05
4.1330000000000006e-05
4.1579000000000003e-05
4.1525e-05
4.1362000000000001e-05
4.1482e-05
4.1471000000000003e-05
4.1319000000000002e-05
4.1459999999999999e-05
4.159e-05
4.1309e-05
4.1308000000000005e-05
4.1319000000000002e-05
4.1145e-05
5.8718000000000003e-05
4.1601000000000004e-05
4.1481000000000005e-05
4.1406000000000003e-05
4.1632999999999999e-05
4.1514000000000003e-05
4.1709000000000003e-05
4.1384000000000002e-05
4.1493000000000004e-05
4.1644000000000003e-05
4.1427000000000002e-05
4.1492000000000002e-05
4.1417e-05
4.1525e-05
4.1557000000000002e-05
4.1320000000000004e-05
4.1341000000000003e-05
4.1416000000000005e-05
4.1428000000000004e-05
4.1352e-05
4.1362000000000001e-05
4.1536000000000003e-05
4.1504000000000001e-05
4.1471000000000003e-05
4.1352e-05
4.1547e-05
4.159e-05
4.1579000000000003e-05
4.1373000000000005e-05
4.1471000000000003e-05
4.1394999999999999e-05
4.1427000000000002e-05
4.1394999999999999e-05
4.1481000000000005e-05
5.5132000000000007e-05
4.1514000000000003e-05
4.1481000000000005e-05
4.1536000000000003e-05
4.1742000000000001e-05
4.1547e-05
4.1471000000000003e-05
4.1439000000000001e-05
4.159e-05
7.4871000000000009e-05
4.1525e-05
4.1417e-05
4.1373000000000005e-05
4.1384000000000002e-05
4.1341000000000003e-05
0.00011533500000000001
6.0029000000000004e-05
5.7418000000000005e-05
5.9151000000000003e-05
6.1079000000000003e-05
6.0993000000000004e-05
6.1101999999999999e-05
6.0788000000000001e-05
5.8079000000000004e-05
6.0126000000000007e-05
6.0483000000000004e-05
6.0430000000000002e-05
6.0581000000000002e-05
6.0614000000000006e-05
6.0754000000000001e-05
6.0581000000000002e-05
6.0419000000000005e-05
6.0169000000000006e-05
6.5965999999999998e-05
6.0094000000000004e-05
5.9130000000000005e-05
5.9953000000000007e-05
6.0093000000000002e-05
6.0516000000000001e-05
6.0646000000000002e-05
6.0516000000000001e-05
6.0895000000000006e-05
6.0701e-05
6.0723000000000001e-05
8.4902000000000008e-05
6.0646000000000002e-05
6.0506000000000007e-05
6.0180000000000003e-05
6.0581000000000002e-05
6.0549000000000006e-05
6.0278000000000001e-05
6.0733000000000003e-05
6.0874000000000007e-05
6.0722000000000006e-05
6.0874000000000007e-05
6.0917000000000006e-05
6.0441000000000006e-05
6.0430000000000002e-05
6.0105000000000001e-05
6.0614000000000006e-05
6.0365000000000002e-05
6.0548000000000004e-05
5.8989000000000001e-05
5.8653000000000002e-05
6.0679000000000006e-05
6.0603000000000002e-05
6.0495000000000003e-05
6.0484000000000006e-05
5.9921000000000004e-05
4.1320000000000004e-05
4.1319000000000002e-05
4.1417e-05
4.1341000000000003e-05
4.1417e-05
4.1416000000000005e-05
4.1514000000000003e-05
5.0658000000000002e-05
4.1547e-05
4.1579000000000003e-05
4.1644000000000003e-05
4.1601000000000004e-05
4.1774000000000004e-05
4.1677000000000001e-05
6.0018000000000007e-05
4.1644000000000003e-05
4.1612000000000001e-05
4.1536000000000003e-05
4.1568000000000006e-05
4.1569000000000001e-05
4.1394999999999999e-05
4.1558000000000004e-05
4.1428000000000004e-05
4.1459999999999999e-05
4.1568000000000006e-05
4.1384000000000002e-05
4.1221000000000004e-05
4.1525e-05
4.1254000000000002e-05
4.1287e-05
4.1416000000000005e-05
4.1394999999999999e-05
4.1363000000000004e-05
4.1406000000000003e-05
4.1514000000000003e-05
4.1471000000000003e-05
4.1362000000000001e-05
4.1394999999999999e-05
4.1232000000000001e-05
4.1374000000000001e-05
4.1428000000000004e-05
4.1525e-05
4.1450000000000005e-05
4.1362000000000001e-05
4.1632999999999999e-05
6.1935999999999998e-05
4.1459999999999999e-05
4.1655e-05
4.1525e-05
4.1492000000000002e-05
4.1644000000000003e-05
4.1655e-05
4.1536000000000003e-05
4.1363000000000004e-05
4.1525e-05
4.1459999999999999e-05
4.1438000000000005e-05
4.1763e-05
4.1579000000000003e-05
4.1493000000000004e-05
4.1459999999999999e-05
4.1471000000000003e-05
4.1536000000000003e-05
4.1601000000000004e-05
4.1493000000000004e-05
5.9758000000000006e-05
4.1623000000000005e-05
4.1591000000000002e-05
4.1547e-05
4.1459999999999999e-05
4.1470000000000001e-05
4.1514000000000003e-05
4.159e-05
4.1632999999999999e-05
4.1482e-05
4.1428000000000004e-05
4.1394999999999999e-05
4.1394999999999999e-05
4.1449000000000002e-05
4.1459999999999999e-05
4.1416000000000005e-05
4.1438000000000005e-05
4.1276000000000003e-05
4.1243000000000005e-05
4.1405000000000001e-05
4.1449000000000002e-05
4.1493000000000004e-05
4.1450000000000005e-05
4.1298000000000003e-05
4.1449000000000002e-05
4.1417e-05
4.1406000000000003e-05
4.1558000000000004e-05
4.1352e-05
4.1655e-05
4.1428000000000004e-05
4.1471000000000003e-05
4.1438000000000005e-05
4.1406000000000003e-05
4.1546000000000005e-05
4.9748000000000005e-05
4.1622000000000002e-05
6.0397000000000005e-05
5.8295000000000003e-05
5.7894000000000005e-05
5.8209000000000005e-05
5.7158000000000004e-05
5.1329000000000003e-05
8.9258000000000005e-05
4.1557000000000002e-05
4.1569000000000001e-05
5.5360000000000005e-05
6.0961000000000001e-05
4.1742000000000001e-05
4.1417e-05
4.1416000000000005e-05
5.4406000000000001e-05
4.1459999999999999e-05
4.1601000000000004e-05
4.1569000000000001e-05
4.1439000000000001e-05
4.1394999999999999e-05
4.1298000000000003e-05
4.1309e-05
4.1319000000000002e-05
4.1374000000000001e-05
4.1482e-05
4.1146000000000002e-05
4.1179e-05
4.1385000000000004e-05
4.1471000000000003e-05
4.1352e-05
4.1265000000000006e-05
4.1255000000000004e-05
4.1233000000000003e-05
4.1405000000000001e-05
4.1244e-05
4.1200000000000005e-05
4.1244e-05
4.1363000000000004e-05
4.1244e-05
4.1405000000000001e-05
4.1233000000000003e-05
4.1081000000000002e-05
4.1341000000000003e-05
4.1254000000000002e-05
4.1308000000000005e-05
4.1503000000000006e-05
4.1319000000000002e-05
4.1362000000000001e-05
4.1254000000000002e-05
6.1262999999999999e-05
6.0386000000000001e-05
6.0213000000000001e-05
6.0039000000000006e-05
6.0192000000000002e-05
6.0288000000000003e-05
6.0321000000000001e-05
6.0332000000000004e-05
0.000105611
6.1383000000000005e-05
6.1665e-05
6.1286000000000009e-05
6.1665e-05
6.1437000000000001e-05
6.1383000000000005e-05
6.1513000000000005e-05
6.1556000000000005e-05
6.1447999999999998e-05
6.1404999999999999e-05
6.1415000000000007e-05
6.1404999999999999e-05
6.1015000000000005e-05
6.1556000000000005e-05
6.1383000000000005e-05
6.1394000000000002e-05
6.1643000000000006e-05
7.1545000000000007e-05
6.1360999999999997e-05
6.1057999999999997e-05
6.1470000000000006e-05
6.1404999999999999e-05
6.1155000000000007e-05
6.1285000000000007e-05
6.1447999999999998e-05
6.1123000000000004e-05
6.1470000000000006e-05
6.1394000000000002e-05
6.1178000000000003e-05
8.5672000000000002e-05
6.0646000000000002e-05
6.1524000000000003e-05
6.8132000000000004e-05
6.1795e-05
6.1144999999999998e-05
6.1285000000000007e-05
6.1113000000000009e-05
6.1577999999999999e-05
6.1577999999999999e-05
6.154600000000001e-05
6.1134000000000001e-05
6.140400000000001e-05
7.9540000000000001e-05
6.1438000000000004e-05
6.8413999999999999e-05
6.1622000000000001e-05
6.1221000000000002e-05
6.1514000000000008e-05
6.2065999999999998e-05
6.1253000000000005e-05
6.1632000000000009e-05
6.1242000000000008e-05
6.1069000000000008e-05
6.0755000000000004e-05
6.1187999999999998e-05
6.0820000000000004e-05
6.2564000000000006e-05
6.2974999999999999e-05
6.2878000000000003e-05
6.2976000000000001e-05
6.2824000000000007e-05
6.2748000000000003e-05
8.6354000000000007e-05
6.2076000000000007e-05
6.0603000000000002e-05
6.0853000000000002e-05
6.7688000000000007e-05
6.264000000000001e-05
6.3062e-05
6.2607000000000006e-05
6.3040000000000006e-05
6.1882000000000001e-05
6.1177000000000001e-05
5.9877000000000003e-05
6.0863000000000003e-05
6.2411999999999998e-05
6.1415000000000007e-05
6.1404999999999999e-05
6.1340000000000006e-05
7.0743999999999999e-05
6.1577999999999999e-05
6.1286000000000009e-05
6.1481000000000003e-05
6.1394000000000002e-05
6.1209000000000003e-05
6.1697000000000002e-05
6.1177000000000001e-05
6.1187999999999998e-05
6.1805000000000009e-05
6.1383000000000005e-05
6.1340000000000006e-05
6.1600000000000007e-05
6.1317999999999998e-05
6.1577999999999999e-05
6.1914000000000004e-05
6.127400000000001e-05
0.00015008300000000002
9.5232000000000012e-05
5.7613000000000006e-05
6.4265000000000009e-05
6.5933000000000007e-05
6.109e-05
6.1166000000000004e-05
6.158900000000001e-05
6.1187999999999998e-05
6.1242000000000008e-05
6.1307000000000001e-05
6.1707999999999999e-05
6.1567000000000002e-05
6.0993000000000004e-05
6.0960000000000006e-05
6.1752000000000001e-05
6.0961000000000001e-05
6.135e-05
6.1187999999999998e-05
6.0798000000000003e-05
6.1523e-05
6.1209000000000003e-05
6.1404999999999999e-05
6.1285000000000007e-05
6.1004000000000001e-05
6.0787000000000006e-05
6.1923999999999999e-05
6.0018000000000007e-05
6.0115000000000003e-05
0.00010595500000000001
6.0766000000000001e-05
6.0484000000000006e-05
6.0548000000000004e-05
6.1026000000000002e-05
6.0830000000000005e-05
6.0418000000000003e-05
6.0397000000000005e-05
6.0679000000000006e-05
6.0322000000000003e-05
6.0440000000000004e-05
5.4027000000000003e-05
6.0494000000000001e-05
6.0917000000000006e-05
5.9910000000000001e-05
6.1004000000000001e-05
7.0343000000000001e-05
6.0560000000000003e-05
6.0917000000000006e-05
6.1524000000000003e-05
6.0613000000000004e-05
6.0321000000000001e-05
6.0624000000000001e-05
6.0224000000000005e-05
6.0690000000000003e-05
6.0820000000000004e-05
6.1025000000000006e-05
6.0430000000000002e-05
9.7380000000000006e-05
4.9889000000000003e-05
7.6821000000000002e-05
5.9672000000000001e-05
6.0397000000000005e-05
5.9943000000000005e-05
5.9347000000000006e-05
6.0766000000000001e-05
6.0386000000000001e-05
6.0181000000000005e-05
6.0343000000000001e-05
6.0473000000000002e-05
6.0169000000000006e-05
8.8589000000000002e-05
4.1557000000000002e-05
4.1439000000000001e-05
4.6541e-05
5.8003000000000007e-05
5.7039000000000001e-05
5.9585000000000006e-05
6.0289000000000005e-05
6.0560000000000003e-05
6.0083000000000001e-05
6.0300000000000002e-05
6.514300000000001e-05
5.9509000000000002e-05
5.9650000000000007e-05
6.0180000000000003e-05
6.0733000000000003e-05
6.0972000000000005e-05
6.0711000000000002e-05
6.0766000000000001e-05
0.00012002300000000001
5.1579000000000002e-05
4.8849000000000006e-05
4.1492000000000002e-05
4.1579000000000003e-05
4.8534e-05
5.6746000000000002e-05
5.7374000000000003e-05
5.4493000000000002e-05
4.1525e-05
4.1416000000000005e-05
7.0408000000000008e-05
5.9021000000000003e-05
6.0158000000000002e-05
5.9920000000000002e-05
6.0007000000000003e-05
5.9953000000000007e-05
6.0224000000000005e-05
0.000104598
6.328900000000001e-05
7.9128000000000005e-05
6.3765999999999999e-05
6.3474000000000009e-05
6.3496000000000003e-05
6.3409000000000002e-05
6.3831000000000006e-05
6.9790000000000008e-05
6.3560000000000008e-05
6.3245999999999997e-05
6.2998000000000009e-05
6.2835000000000004e-05
0.000125041
6.1903000000000007e-05
6.1795e-05
6.1632000000000009e-05
6.1447999999999998e-05
6.1577999999999999e-05
6.1297000000000006e-05
6.1328000000000006e-05
8.3354000000000002e-05
6.1935000000000009e-05
6.1427000000000007e-05
6.1750999999999999e-05
6.1458000000000007e-05
6.1155000000000007e-05
6.1490999999999998e-05
6.1600000000000007e-05
8.9680000000000009e-05
6.1643000000000006e-05
6.2098000000000001e-05
6.1643000000000006e-05
6.1620999999999998e-05
6.1533999999999997e-05
6.171900000000001e-05
6.1675000000000008e-05
8.2226000000000009e-05
6.1610000000000001e-05
6.1697000000000002e-05
6.141600000000001e-05
6.1707999999999999e-05
6.1426000000000004e-05
6.1675000000000008e-05
6.1178000000000003e-05
8.3690000000000007e-05
6.1470000000000006e-05
6.1513000000000005e-05
8.7037e-05
6.1524000000000003e-05
6.1620999999999998e-05
6.1264000000000002e-05
6.1795e-05
8.2616999999999999e-05
6.1707999999999999e-05
6.1957000000000003e-05
6.1567000000000002e-05
6.124300000000001e-05
6.0332000000000004e-05
6.1274999999999999e-05
6.1459000000000009e-05
8.3395999999999999e-05
9.4501000000000009e-05
6.158900000000001e-05
6.0842000000000005e-05
6.1740000000000002e-05
6.1372000000000008e-05
6.1947000000000008e-05
6.1351000000000003e-05
8.2563000000000002e-05
6.1903000000000007e-05
6.154600000000001e-05
6.189200000000001e-05
6.171900000000001e-05
6.184900000000001e-05
6.1449000000000001e-05
6.1415000000000007e-05
8.3354000000000002e-05
6.2142000000000002e-05
6.2217000000000004e-05
6.1750999999999999e-05
6.1729000000000005e-05
6.1611000000000004e-05
6.1903000000000007e-05
6.1415000000000007e-05
6.1914000000000004e-05
8.3710999999999999e-05
6.1437000000000001e-05
6.1351000000000003e-05
6.8629999999999999e-05
6.2044000000000004e-05
6.2001000000000005e-05
6.1155000000000007e-05
6.2509000000000007e-05
8.9995000000000008e-05
6.2087000000000004e-05
6.2044000000000004e-05
6.1914000000000004e-05
6.1784000000000003e-05
6.2065999999999998e-05
6.2260000000000004e-05
6.2131000000000005e-05
9.0157000000000011e-05
6.1187999999999998e-05
6.1729000000000005e-05
6.1793999999999998e-05
6.189200000000001e-05
6.1935999999999998e-05
6.0646000000000002e-05
6.0993000000000004e-05
8.5293000000000012e-05
6.1339000000000003e-05
6.2596000000000009e-05
6.2629e-05
6.2705000000000004e-05
6.2964000000000002e-05
6.2932e-05
6.2314e-05
6.2011e-05
6.0918000000000002e-05
6.1134000000000001e-05
6.2445000000000003e-05
0.000101229
6.2770000000000011e-05
6.2997000000000007e-05
6.1360999999999997e-05
9.2226000000000008e-05
6.8067999999999999e-05
6.1383000000000005e-05
6.1112000000000007e-05
6.1567000000000002e-05
6.1957000000000003e-05
6.1620999999999998e-05
6.2141e-05
6.1870000000000002e-05
6.9270000000000006e-05
6.1620999999999998e-05
6.189200000000001e-05
6.1773000000000006e-05
6.1914000000000004e-05
6.1805000000000009e-05
6.1253000000000005e-05
6.1750999999999999e-05
8.3743000000000001e-05
6.1296000000000004e-05
6.1199000000000008e-05
6.1892999999999998e-05
6.1632000000000009e-05
6.1599000000000004e-05
6.1793999999999998e-05
6.1599000000000004e-05
0.00020956000000000002
0.00011704
5.9563000000000006e-05
9.1094000000000006e-05
6.3398000000000005e-05
6.3289999999999999e-05
6.2163000000000008e-05
6.3279000000000002e-05
6.3051000000000003e-05
6.3225000000000005e-05
6.311600000000001e-05
6.3072999999999997e-05
6.3278e-05
6.3257000000000008e-05
6.2401000000000001e-05
6.312800000000001e-05
6.3257000000000008e-05
8.8315000000000011e-05
6.3268000000000005e-05
6.3539000000000003e-05
6.3365000000000001e-05
6.2445000000000003e-05
6.1978999999999997e-05
0.00011409900000000001
6.3788000000000007e-05
8.9041000000000003e-05
0.00010601700000000001
4.1709000000000003e-05
4.1557000000000002e-05
4.1580000000000005e-05
4.1580000000000005e-05
4.1525e-05
4.1374000000000001e-05
4.1568000000000006e-05
4.1492000000000002e-05
5.6476000000000006e-05
5.2001000000000006e-05
4.1536000000000003e-05
4.1438000000000005e-05
4.1438000000000005e-05
4.159e-05
4.1557000000000002e-05
4.6140000000000002e-05
5.7548000000000005e-05
4.2056000000000005e-05
4.1297000000000001e-05
4.1503000000000006e-05
4.1341000000000003e-05
4.1427000000000002e-05
4.1612000000000001e-05
4.1547e-05
4.1503000000000006e-05
4.1471000000000003e-05
4.1731000000000004e-05
4.1504000000000001e-05
4.1276000000000003e-05
4.1449000000000002e-05
4.1514000000000003e-05
4.1373000000000005e-05
4.1525e-05
4.1406000000000003e-05
4.1504000000000001e-05
4.1396000000000001e-05
4.1417e-05
4.1297000000000001e-05
4.1504000000000001e-05
4.1308000000000005e-05
4.1373000000000005e-05
4.1308000000000005e-05
4.1482e-05
4.1341000000000003e-05
4.1221000000000004e-05
4.1254000000000002e-05
6.1080000000000005e-05
4.1536000000000003e-05
4.9032000000000001e-05
7.793700000000001e-05
4.1839000000000004e-05
4.1449000000000002e-05
5.5316000000000004e-05
4.2749e-05
4.1558000000000004e-05
4.1417e-05
4.1471000000000003e-05
4.1416000000000005e-05
4.1547e-05
4.1677000000000001e-05
4.1428000000000004e-05
4.1525e-05
5.6638000000000002e-05
4.1710000000000006e-05
4.1449000000000002e-05
4.6725000000000004e-05
4.1394999999999999e-05
4.1394999999999999e-05
4.1492000000000002e-05
4.1482e-05
4.1471000000000003e-05
4.1287e-05
4.1384000000000002e-05
4.1449000000000002e-05
4.1493000000000004e-05
4.1547e-05
4.1622000000000002e-05
4.1536000000000003e-05
4.1427000000000002e-05
4.1417e-05
4.3876000000000005e-05
4.1374000000000001e-05
4.1417e-05
4.159e-05
4.3973000000000001e-05
4.1709000000000003e-05
4.1525e-05
4.1665000000000002e-05
4.2901000000000001e-05
5.0886e-05
4.5761000000000005e-05
4.4710000000000004e-05
6.2358000000000002e-05
4.3096000000000002e-05
7.9399000000000003e-05
5.1080000000000006e-05
4.5696000000000004e-05
5.6692000000000005e-05
7.5337000000000001e-05
4.1752000000000003e-05
5.6291e-05
5.4135000000000003e-05
4.1785000000000001e-05
5.9996000000000006e-05
5.9541000000000005e-05
5.9855000000000002e-05
5.8827000000000004e-05
5.9996000000000006e-05
6.5543000000000006e-05
5.9726000000000004e-05
5.9444000000000002e-05
5.9411000000000004e-05
6.0733000000000003e-05
6.0754000000000001e-05
6.0766000000000001e-05
6.0777000000000004e-05
6.1057999999999997e-05
6.0906000000000003e-05
6.0982000000000007e-05
6.0928000000000003e-05
6.0993000000000004e-05
6.0765000000000005e-05
6.0863000000000003e-05
6.0896000000000001e-05
6.0820000000000004e-05
6.1057999999999997e-05
6.0895000000000006e-05
6.0842000000000005e-05
6.0809000000000007e-05
6.0993000000000004e-05
8.5130000000000007e-05
6.1080000000000005e-05
6.0830000000000005e-05
5.8891000000000002e-05
5.9152000000000006e-05
6.0614000000000006e-05
6.0256e-05
6.0029000000000004e-05
6.0321000000000001e-05
6.0213000000000001e-05
6.0311000000000006e-05
6.0559000000000001e-05
6.0484000000000006e-05
5.9563000000000006e-05
5.7288000000000004e-05
6.3961000000000006e-05
5.7732000000000002e-05
6.5489000000000009e-05
5.9433000000000005e-05
5.9335000000000007e-05
5.9975000000000001e-05
6.0646000000000002e-05
6.0809000000000007e-05
6.0896000000000001e-05
6.0831000000000001e-05
7.3960000000000003e-05
6.1156000000000009e-05
6.0754000000000001e-05
6.0787000000000006e-05
6.0907000000000005e-05
6.0679000000000006e-05
5.7970000000000002e-05
6.4383999999999999e-05
5.8003000000000007e-05
8.1077999999999999e-05
5.5685000000000006e-05
5.5717000000000002e-05
5.5024e-05
5.6140000000000001e-05
5.8458000000000002e-05
6.4362000000000005e-05
6.435200000000001e-05
4.5111000000000002e-05
6.4686999999999999e-05
4.1742000000000001e-05
4.1632999999999999e-05
4.1471000000000003e-05
4.1536000000000003e-05
4.1492000000000002e-05
4.1394999999999999e-05
4.1406000000000003e-05
4.1503000000000006e-05
4.1622000000000002e-05
4.1547e-05
4.9466000000000004e-05
4.5642000000000001e-05
4.7906000000000005e-05
5.7331000000000004e-05
5.8674000000000001e-05
5.8393000000000001e-05
5.8957000000000005e-05
5.7764000000000005e-05
5.6465000000000002e-05
4.1449000000000002e-05
4.1394999999999999e-05
4.1428000000000004e-05
4.1341000000000003e-05
4.1427000000000002e-05
5.4124000000000006e-05
4.1710000000000006e-05
4.1319000000000002e-05
4.1384000000000002e-05
4.1579000000000003e-05
4.1568000000000006e-05
5.7797000000000002e-05
5.7537000000000002e-05
5.8003000000000007e-05
7.837000000000001e-05
5.7309000000000003e-05
5.6833000000000003e-05
5.8100000000000003e-05
5.9087000000000005e-05
5.8598000000000004e-05
5.7071000000000003e-05
5.6930000000000006e-05
5.7266000000000004e-05
5.7613000000000006e-05
4.1363000000000004e-05
4.1394999999999999e-05
4.1459999999999999e-05
4.1287e-05
4.1320000000000004e-05
4.1352e-05
5.4644000000000001e-05
4.8058e-05
4.1297000000000001e-05
4.1254000000000002e-05
4.1503000000000006e-05
4.1221000000000004e-05
4.1406000000000003e-05
4.1341000000000003e-05
4.1504000000000001e-05
7.5445000000000007e-05
4.1536000000000003e-05
4.1482e-05
4.1416000000000005e-05
4.1428000000000004e-05
4.1645000000000005e-05
4.1459999999999999e-05
4.1525e-05
4.1558000000000004e-05
4.1341000000000003e-05
4.1449000000000002e-05
4.1547e-05
4.1330000000000006e-05
4.159e-05
4.1493000000000004e-05
4.1601000000000004e-05
4.1449000000000002e-05
4.1438000000000005e-05
4.1482e-05
5.4667000000000004e-05
7.8088000000000002e-05
5.2781000000000002e-05
4.1320000000000004e-05
4.1470000000000001e-05
4.1547e-05
4.1470000000000001e-05
4.1330000000000006e-05
4.1459999999999999e-05
4.1341000000000003e-05
4.1341000000000003e-05
4.1427000000000002e-05
6.3268000000000005e-05
4.1752000000000003e-05
4.1644000000000003e-05
4.1459999999999999e-05
4.1568000000000006e-05
4.1503000000000006e-05
4.1438000000000005e-05
4.1611000000000005e-05
4.1471000000000003e-05
4.1211000000000002e-05
4.1428000000000004e-05
4.1611000000000005e-05
4.1363000000000004e-05
4.1374000000000001e-05
4.1179e-05
4.1286000000000004e-05
4.1298000000000003e-05
4.1244e-05
4.1450000000000005e-05
4.1492000000000002e-05
4.1352e-05
4.1352e-05
4.1330000000000006e-05
4.1417e-05
4.1254000000000002e-05
4.1406000000000003e-05
4.1439000000000001e-05
4.1558000000000004e-05
4.1416000000000005e-05
4.1221999999999999e-05
4.1374000000000001e-05
4.1255000000000004e-05
4.1330000000000006e-05
0.00013999700000000002
9.8255e-05
5.7418000000000005e-05
5.7473000000000004e-05
7.6831999999999999e-05
6.0050000000000003e-05
8.6089000000000009e-05
5.8902000000000006e-05
5.8610000000000003e-05
5.8718000000000003e-05
5.9379000000000002e-05
5.8262000000000006e-05
5.9259000000000003e-05
5.8447000000000005e-05
5.8231000000000005e-05
5.8501000000000001e-05
8.0416999999999999e-05
5.9736000000000005e-05
5.9649000000000004e-05
6.0029000000000004e-05
6.0039000000000006e-05
6.0061000000000007e-05
6.0040000000000001e-05
5.9693000000000006e-05
5.9975000000000001e-05
5.9942000000000003e-05
5.9997000000000002e-05
6.0073000000000006e-05
8.0168000000000009e-05
5.0972000000000006e-05
4.9965e-05
4.1634000000000002e-05
4.7158000000000005e-05
5.4666000000000001e-05
5.8067000000000005e-05
5.8902000000000006e-05
4.3724000000000004e-05
4.2359000000000006e-05
5.7093000000000004e-05
5.8328000000000001e-05
5.8144000000000004e-05
5.8306e-05
5.6952000000000006e-05
5.0170000000000002e-05
4.1287e-05
5.2727000000000005e-05
5.2868000000000003e-05
4.1536000000000003e-05
4.1428000000000004e-05
4.1297000000000001e-05
4.1330000000000006e-05
5.1719000000000004e-05
5.5728000000000006e-05
5.6465000000000002e-05
5.8393000000000001e-05
5.6638000000000002e-05
5.8436000000000001e-05
5.3583000000000005e-05
5.1275000000000006e-05
5.6205000000000001e-05
5.6833000000000003e-05
5.7136000000000003e-05
5.6357000000000003e-05
5.7515000000000001e-05
6.421000000000001e-05
5.7050000000000004e-05
5.6779000000000006e-05
5.6714000000000006e-05
9.7057000000000003e-05
6.0224000000000005e-05
5.9715000000000007e-05
5.9888000000000007e-05
6.0104000000000006e-05
5.7364000000000002e-05
5.7299000000000001e-05
5.8123000000000006e-05
6.0646000000000002e-05
5.9975000000000001e-05
6.0516000000000001e-05
6.0679000000000006e-05
6.1990000000000008e-05
6.1784000000000003e-05
6.1177000000000001e-05
7.8598000000000009e-05
6.0593000000000001e-05
7.2769000000000008e-05
6.1773000000000006e-05
6.0777000000000004e-05
6.1535e-05
5.9509000000000002e-05
5.9303000000000005e-05
6.1187999999999998e-05
6.1242000000000008e-05
6.1427000000000007e-05
6.2098000000000001e-05
6.1264000000000002e-05
6.8089000000000005e-05
4.4168000000000001e-05
8.104600000000001e-05
4.1752000000000003e-05
4.1482e-05
4.1493000000000004e-05
4.1428000000000004e-05
4.1569000000000001e-05
4.1665000000000002e-05
4.1547e-05
4.1568000000000006e-05
4.1471000000000003e-05
4.1406000000000003e-05
4.1417e-05
4.1492000000000002e-05
4.1579000000000003e-05
4.1547e-05
4.7765000000000001e-05
5.6854000000000001e-05
6.0830000000000005e-05
6.0061000000000007e-05
6.0679000000000006e-05
5.9791000000000004e-05
6.0007000000000003e-05
6.0321000000000001e-05
5.9899000000000004e-05
6.0321000000000001e-05
6.0256e-05
6.0462000000000005e-05
5.9812000000000003e-05
6.0083000000000001e-05
5.9855000000000002e-05
5.9584000000000004e-05
5.9628000000000006e-05
6.0213000000000001e-05
6.0148000000000001e-05
6.0105000000000001e-05
6.0755000000000004e-05
6.0614000000000006e-05
6.0246000000000006e-05
4.3161000000000002e-05
4.1677000000000001e-05
4.1623000000000005e-05
6.1643000000000006e-05
4.1591000000000002e-05
4.1632999999999999e-05
4.1504000000000001e-05
4.1526000000000002e-05
4.1753000000000005e-05
4.1492000000000002e-05
4.1459999999999999e-05
4.1200000000000005e-05
4.1352e-05
4.1308000000000005e-05
4.1265000000000006e-05
4.1394999999999999e-05
4.1417e-05
4.1493000000000004e-05
4.1449000000000002e-05
4.1286000000000004e-05
4.1504000000000001e-05
4.1417e-05
4.1449000000000002e-05
4.1394999999999999e-05
4.1416000000000005e-05
4.1341000000000003e-05
5.4839000000000001e-05
4.1569000000000001e-05
4.1536000000000003e-05
4.1644000000000003e-05
4.1514000000000003e-05
4.1503000000000006e-05
4.1492000000000002e-05
4.1406000000000003e-05
4.1416000000000005e-05
4.159e-05
4.1373000000000005e-05
4.7700000000000001e-05
4.6433000000000001e-05
5.5803000000000001e-05
4.1699000000000002e-05
4.1427000000000002e-05
4.1319000000000002e-05
4.8458000000000003e-05
5.8664000000000006e-05
4.9737000000000002e-05
4.1709000000000003e-05
4.6248000000000002e-05
6.0657000000000006e-05
4.1632999999999999e-05
4.1406000000000003e-05
4.1601000000000004e-05
6.1947000000000008e-05
4.1883000000000005e-05
4.1568000000000006e-05
4.1536000000000003e-05
4.1557000000000002e-05
4.1492000000000002e-05
4.1622000000000002e-05
4.1373000000000005e-05
4.1536000000000003e-05
4.1309e-05
4.1276000000000003e-05
4.1352e-05
4.1471000000000003e-05
4.1373000000000005e-05
4.1536000000000003e-05
4.1492000000000002e-05
4.1341000000000003e-05
4.1622000000000002e-05
4.1287e-05
4.1459999999999999e-05
4.1320000000000004e-05
4.1547e-05
4.1481000000000005e-05
4.1438000000000005e-05
4.1374000000000001e-05
4.1525e-05
4.1579000000000003e-05
4.1471000000000003e-05
4.1427000000000002e-05
4.1394999999999999e-05
4.1568000000000006e-05
4.1579000000000003e-05
4.1514000000000003e-05
4.1579000000000003e-05
4.1449000000000002e-05
4.1459999999999999e-05
4.1406000000000003e-05
4.1394999999999999e-05
4.1471000000000003e-05
4.1470000000000001e-05
4.1449000000000002e-05
4.1406000000000003e-05
4.1211000000000002e-05
4.1385000000000004e-05
4.1287e-05
4.1286000000000004e-05
4.1417e-05
4.1276000000000003e-05
4.1330000000000006e-05
4.1265000000000006e-05
4.1297000000000001e-05
5.9108000000000004e-05
4.1482e-05
4.1417e-05
4.1351000000000004e-05
4.1189000000000002e-05
4.1438000000000005e-05
4.1394999999999999e-05
4.1406000000000003e-05
4.1427000000000002e-05
4.1459999999999999e-05
4.1427000000000002e-05
4.1471000000000003e-05
4.1644000000000003e-05
4.1363000000000004e-05
4.1427000000000002e-05
5.0257000000000003e-05
4.1438000000000005e-05
4.1514000000000003e-05
4.1416000000000005e-05
4.1438000000000005e-05
4.1417e-05
4.1351000000000004e-05
4.1352e-05
4.1546000000000005e-05
4.1265000000000006e-05
4.1536000000000003e-05
4.1287e-05
4.1536000000000003e-05
4.1580000000000005e-05
4.1536000000000003e-05
4.1471000000000003e-05
4.1405000000000001e-05
4.1352e-05
4.1221999999999999e-05
4.1221999999999999e-05
4.1536000000000003e-05
4.1319000000000002e-05
4.1471000000000003e-05
4.1340000000000001e-05
4.1352e-05
4.1416000000000005e-05
4.1459999999999999e-05
4.1276000000000003e-05
4.1601000000000004e-05
6.1524000000000003e-05
4.1493000000000004e-05
4.1742000000000001e-05
4.1557000000000002e-05
4.1568000000000006e-05
4.1612000000000001e-05
5.9389000000000003e-05
4.1481000000000005e-05
4.1503000000000006e-05
4.1373000000000005e-05
4.1319000000000002e-05
4.1319000000000002e-05
4.1406000000000003e-05
4.1221999999999999e-05
4.1373000000000005e-05
4.1254000000000002e-05
4.1439000000000001e-05
4.1470000000000001e-05
4.1287e-05
4.1320000000000004e-05
4.1471000000000003e-05
4.1211000000000002e-05
4.1536000000000003e-05
4.1384000000000002e-05
4.1406000000000003e-05
4.1427000000000002e-05
4.1221000000000004e-05
4.1319000000000002e-05
4.1384000000000002e-05
4.1449000000000002e-05
4.1286000000000004e-05
4.1352e-05
4.1385000000000004e-05
4.1309e-05
4.1266000000000001e-05
4.1330000000000006e-05
4.1492000000000002e-05
4.1298000000000003e-05
4.1546000000000005e-05
4.1298000000000003e-05
4.1254000000000002e-05
4.1287e-05
4.1308000000000005e-05
4.1178000000000005e-05
4.1363000000000004e-05
4.1286000000000004e-05
4.1482e-05
4.1417e-05
4.1384000000000002e-05
4.1221000000000004e-05
4.1406000000000003e-05
4.1416000000000005e-05
4.1233000000000003e-05
4.1330000000000006e-05
4.1406000000000003e-05
4.1297000000000001e-05
4.1287e-05
6.934600000000001e-05
0.000300838
0.00018111600000000002
4.1601000000000004e-05
4.3486000000000003e-05
5.7169000000000001e-05
9.1251000000000011e-05
9.5043000000000005e-05
5.7494000000000002e-05
5.7050000000000004e-05
5.7818000000000001e-05
5.8100000000000003e-05
5.7126000000000002e-05
5.2749000000000006e-05
5.4818000000000003e-05
4.1330000000000006e-05
4.1428000000000004e-05
4.1416000000000005e-05
4.1471000000000003e-05
4.1330000000000006e-05
4.1385000000000004e-05
4.1439000000000001e-05
4.1459999999999999e-05
4.1525e-05
4.1470000000000001e-05
4.1439000000000001e-05
4.1394999999999999e-05
4.1525e-05
4.1384000000000002e-05
4.159e-05
4.1482e-05
6.3139000000000007e-05
4.1481000000000005e-05
4.1351000000000004e-05
4.1514000000000003e-05
4.1363000000000004e-05
4.1211000000000002e-05
4.1352e-05
4.1287e-05
4.1449000000000002e-05
4.1362000000000001e-05
4.1352e-05
4.1547e-05
4.1330000000000006e-05
4.1394999999999999e-05
4.1394999999999999e-05
4.1428000000000004e-05
4.1612000000000001e-05
4.1330000000000006e-05
4.1319000000000002e-05
5.5587000000000002e-05
4.1699000000000002e-05
4.1352e-05
4.1774000000000004e-05
4.1839000000000004e-05
4.1459999999999999e-05
4.1515000000000005e-05
4.1710000000000006e-05
4.1493000000000004e-05
4.1568000000000006e-05
4.159e-05
4.1385000000000004e-05
4.1558000000000004e-05
4.1394999999999999e-05
4.1601000000000004e-05
4.1623000000000005e-05
4.1525e-05
4.1644000000000003e-05
4.1655e-05
4.1601000000000004e-05
4.1439000000000001e-05
4.1698e-05
4.1547e-05
4.1309e-05
4.1330000000000006e-05
4.1449000000000002e-05
4.1632999999999999e-05
4.1493000000000004e-05
4.1450000000000005e-05
4.1579000000000003e-05
4.1623000000000005e-05
4.1568000000000006e-05
5.9574000000000003e-05
4.1492000000000002e-05
4.1471000000000003e-05
4.2933000000000004e-05
4.8956000000000004e-05
4.1493000000000004e-05
4.1677000000000001e-05
4.1427000000000002e-05
4.1330000000000006e-05
4.1351000000000004e-05
4.1406000000000003e-05
4.1167000000000001e-05
4.1276000000000003e-05
4.1384000000000002e-05
4.1352e-05
4.1503000000000006e-05
4.1362000000000001e-05
4.1341000000000003e-05
4.1427000000000002e-05
4.1406000000000003e-05
4.1459999999999999e-05
4.1449000000000002e-05
4.1536000000000003e-05
4.1394999999999999e-05
4.1558000000000004e-05
4.1428000000000004e-05
4.1547e-05
4.1384000000000002e-05
4.1362000000000001e-05
4.1622000000000002e-05
4.1492000000000002e-05
6.1156000000000009e-05
4.1536000000000003e-05
4.1200000000000005e-05
4.1330000000000006e-05
4.1276000000000003e-05
4.1449000000000002e-05
4.1265000000000006e-05
4.1428000000000004e-05
4.1406000000000003e-05
4.1536000000000003e-05
4.1352e-05
4.1394999999999999e-05
4.1416000000000005e-05
4.1297000000000001e-05
4.1221999999999999e-05
4.1417e-05
4.1536000000000003e-05
4.1406000000000003e-05
4.1525e-05
7.2070000000000006e-05
4.172e-05
4.1394999999999999e-05
4.1287e-05
4.1233000000000003e-05
4.1286000000000004e-05
4.1568000000000006e-05
4.1459999999999999e-05
4.1276000000000003e-05
4.1406000000000003e-05
4.1287e-05
4.1428000000000004e-05
4.1179e-05
4.1200000000000005e-05
4.1428000000000004e-05
4.1200000000000005e-05
4.1449000000000002e-05
4.1178000000000005e-05
4.1362000000000001e-05
4.1471000000000003e-05
4.1276000000000003e-05
4.1482e-05
4.1546000000000005e-05
4.1482e-05
4.1331000000000001e-05
4.1579000000000003e-05
4.1428000000000004e-05
4.1504000000000001e-05
4.1504000000000001e-05
4.1255000000000004e-05
4.1309e-05
4.1221999999999999e-05
4.1362000000000001e-05
4.1450000000000005e-05
4.1406000000000003e-05
4.1276000000000003e-05
4.1385000000000004e-05
4.1406000000000003e-05
4.1514000000000003e-05
4.1146000000000002e-05
4.1330000000000006e-05
4.1428000000000004e-05
4.1255000000000004e-05
5.0040000000000002e-05
8.1761000000000005e-05
5.1405e-05
5.0376e-05
4.1416000000000005e-05
4.1471000000000003e-05
4.1341000000000003e-05
4.1644000000000003e-05
4.1503000000000006e-05
4.1394999999999999e-05
4.1449000000000002e-05
4.1406000000000003e-05
4.1665000000000002e-05
4.1547e-05
4.1330000000000006e-05
4.1644000000000003e-05
4.1742000000000001e-05
4.1623000000000005e-05
4.1459999999999999e-05
4.1504000000000001e-05
4.1515000000000005e-05
4.1385000000000004e-05
4.1558000000000004e-05
4.1459999999999999e-05
4.1373000000000005e-05
4.1525e-05
5.6357000000000003e-05
4.1645000000000005e-05
4.1394999999999999e-05
4.1493000000000004e-05
4.1612000000000001e-05
4.1558000000000004e-05
4.1298000000000003e-05
4.1362000000000001e-05
4.1394999999999999e-05
4.1233000000000003e-05
4.1286000000000004e-05
4.1385000000000004e-05
4.1330000000000006e-05
4.1492000000000002e-05
4.1481000000000005e-05
4.1601000000000004e-05
4.1438000000000005e-05
4.1309e-05
4.1591000000000002e-05
4.1362000000000001e-05
4.1471000000000003e-05
4.1352e-05
4.1558000000000004e-05
4.1514000000000003e-05
4.1601000000000004e-05
7.2616999999999999e-05
5.6909000000000007e-05
5.6139000000000006e-05
5.8035000000000003e-05
5.8371000000000001e-05
5.6021000000000005e-05
5.5966000000000006e-05
5.7667000000000002e-05
5.7591000000000005e-05
5.5858000000000006e-05
5.6540000000000004e-05
4.9867000000000002e-05
4.1374000000000001e-05
4.1427000000000002e-05
4.1731000000000004e-05
4.159e-05
4.1579000000000003e-05
4.1449000000000002e-05
4.1471000000000003e-05
4.1417e-05
4.1546000000000005e-05
4.1709000000000003e-05
4.1644000000000003e-05
4.1330000000000006e-05
4.1568000000000006e-05
4.1439000000000001e-05
4.1568000000000006e-05
4.1632999999999999e-05
4.1558000000000004e-05
4.1428000000000004e-05
4.1503000000000006e-05
4.1471000000000003e-05
4.1394999999999999e-05
4.1536000000000003e-05
4.1297000000000001e-05
4.1482e-05
4.1492000000000002e-05
4.1459999999999999e-05
4.1276000000000003e-05
4.1319000000000002e-05
4.1417e-05
5.0441e-05
4.1731000000000004e-05
4.1461000000000002e-05
4.1547e-05
4.1504000000000001e-05
4.1632999999999999e-05
6.0982000000000007e-05
4.1546000000000005e-05
4.1373000000000005e-05
4.1439000000000001e-05
4.1309e-05
4.1287e-05
4.1482e-05
4.1515000000000005e-05
4.1569000000000001e-05
4.1492000000000002e-05
4.1471000000000003e-05
4.1394999999999999e-05
4.1362000000000001e-05
4.1384000000000002e-05
4.1471000000000003e-05
4.1666000000000004e-05
4.1558000000000004e-05
4.1525e-05
4.1482e-05
4.1459999999999999e-05
4.1385000000000004e-05
4.1558000000000004e-05
4.1568000000000006e-05
4.1406000000000003e-05
4.1515000000000005e-05
4.1601000000000004e-05
4.1394999999999999e-05
4.1428000000000004e-05
4.1558000000000004e-05
4.1536000000000003e-05
4.1428000000000004e-05
4.1265000000000006e-05
4.1459999999999999e-05
4.1459999999999999e-05
4.1450000000000005e-05
4.1428000000000004e-05
4.159e-05
4.1449000000000002e-05
4.1416000000000005e-05
4.1406000000000003e-05
4.1265000000000006e-05
4.1244e-05
4.1308000000000005e-05
4.1352e-05
4.1504000000000001e-05
4.1493000000000004e-05
4.1439000000000001e-05
4.1525e-05
4.1351000000000004e-05
4.1481000000000005e-05
4.1504000000000001e-05
5.9878000000000005e-05
4.172e-05
4.1579000000000003e-05
5.5154000000000001e-05
4.159e-05
4.1417e-05
4.1352e-05
4.1352e-05
4.1536000000000003e-05
4.1374000000000001e-05
4.1309e-05
4.1428000000000004e-05
4.1331000000000001e-05
4.1471000000000003e-05
4.1394999999999999e-05
4.1417e-05
4.1298000000000003e-05
4.1394999999999999e-05
4.1666000000000004e-05
4.1525e-05
4.1439000000000001e-05
4.3486000000000003e-05
4.6032000000000002e-05
4.1416000000000005e-05
4.1439000000000001e-05
4.1450000000000005e-05
4.1287e-05
4.1525e-05
4.1503000000000006e-05
4.1449000000000002e-05
4.1330000000000006e-05
4.1287e-05
4.1427000000000002e-05
4.1352e-05
4.1298000000000003e-05
4.1438000000000005e-05
4.1427000000000002e-05
4.8491e-05
4.1233000000000003e-05
4.1287e-05
6.4264000000000007e-05
5.6204000000000006e-05
6.3171000000000009e-05
8.5520000000000008e-05
5.7764000000000005e-05
4.7234000000000002e-05
6.2358000000000002e-05
6.3897000000000002e-05
4.1698e-05
4.1764000000000002e-05
5.1546000000000004e-05
4.5468000000000006e-05
4.1482e-05
4.1547e-05
4.1428000000000004e-05
4.1385000000000004e-05
4.1525e-05
4.5566000000000004e-05
4.1449000000000002e-05
4.1666000000000004e-05
4.1525e-05
4.1428000000000004e-05
4.1579000000000003e-05
4.1568000000000006e-05
4.1731000000000004e-05
5.6248000000000001e-05
4.1459999999999999e-05
4.1459999999999999e-05
4.1406000000000003e-05
4.1471000000000003e-05
4.1417e-05
4.1493000000000004e-05
4.1276000000000003e-05
4.1503000000000006e-05
4.1406000000000003e-05
4.1449000000000002e-05
4.1450000000000005e-05
4.1374000000000001e-05
4.1666000000000004e-05
4.1394999999999999e-05
4.1579000000000003e-05
4.1547e-05
4.159e-05
4.1612000000000001e-05
4.1579000000000003e-05
4.1503000000000006e-05
4.1644000000000003e-05
4.1459999999999999e-05
4.1330000000000006e-05
4.1406000000000003e-05
4.1493000000000004e-05
4.1374000000000001e-05
4.1417e-05
4.1536000000000003e-05
4.1547e-05
4.1482e-05
4.1449000000000002e-05
6.0441000000000006e-05
4.1546000000000005e-05
4.1385000000000004e-05
4.1493000000000004e-05
5.5078000000000004e-05
4.1514000000000003e-05
4.1785000000000001e-05
4.1503000000000006e-05
4.1428000000000004e-05
4.1536000000000003e-05
4.1428000000000004e-05
4.1417e-05
4.1503000000000006e-05
4.159e-05
4.1688000000000005e-05
4.1547e-05
4.1677000000000001e-05
4.1428000000000004e-05
4.1221000000000004e-05
4.1417e-05
4.1632999999999999e-05
4.1362000000000001e-05
4.1417e-05
4.5663e-05
4.1384000000000002e-05
4.1340000000000001e-05
4.1449000000000002e-05
4.1536000000000003e-05
4.1406000000000003e-05
4.1363000000000004e-05
4.1255000000000004e-05
4.1374000000000001e-05
6.1556000000000005e-05
4.1579000000000003e-05
4.1374000000000001e-05
4.1547e-05
4.1547e-05
4.1471000000000003e-05
4.1384000000000002e-05
4.1362000000000001e-05
4.1287e-05
4.1331000000000001e-05
4.1634000000000002e-05
4.1493000000000004e-05
4.1362000000000001e-05
4.1384000000000002e-05
4.1211000000000002e-05
4.1568000000000006e-05
4.1396000000000001e-05
4.1363000000000004e-05
5.9975000000000001e-05
4.1785000000000001e-05
4.1742000000000001e-05
4.1655e-05
4.1503000000000006e-05
4.1655e-05
4.1536000000000003e-05
4.1493000000000004e-05
4.1535000000000001e-05
4.1558000000000004e-05
4.1601000000000004e-05
4.1394999999999999e-05
4.1146000000000002e-05
4.1416000000000005e-05
4.1459999999999999e-05
6.0234000000000006e-05
4.1514000000000003e-05
4.1428000000000004e-05
4.1459999999999999e-05
4.1493000000000004e-05
4.1244e-05
4.1374000000000001e-05
4.1569000000000001e-05
4.1362000000000001e-05
4.1438000000000005e-05
4.1687000000000003e-05
4.1428000000000004e-05
4.1385000000000004e-05
4.1504000000000001e-05
4.159e-05
4.1601000000000004e-05
4.1568000000000006e-05
4.1428000000000004e-05
4.1482e-05
4.1514000000000003e-05
4.1525e-05
4.1504000000000001e-05
4.1428000000000004e-05
4.1493000000000004e-05
4.1492000000000002e-05
4.1406000000000003e-05
4.1482e-05
4.1394999999999999e-05
4.1374000000000001e-05
4.1308000000000005e-05
5.5446000000000004e-05
6.4188000000000003e-05
5.8544000000000001e-05
6.0126000000000007e-05
6.1773000000000006e-05
4.1644000000000003e-05
4.1601000000000004e-05
4.1504000000000001e-05
4.1374000000000001e-05
4.1558000000000004e-05
4.1525e-05
4.159e-05
4.1449000000000002e-05
4.1417e-05
4.1330000000000006e-05
4.1514000000000003e-05
4.1459999999999999e-05
4.1632999999999999e-05
4.159e-05
4.1373000000000005e-05
4.1406000000000003e-05
4.1558000000000004e-05
4.1482e-05
4.1438000000000005e-05
4.1525e-05
4.9683000000000005e-05
4.1352e-05
4.1481000000000005e-05
4.1417e-05
4.1363000000000004e-05
4.1459999999999999e-05
4.1405000000000001e-05
4.1341000000000003e-05
4.1394999999999999e-05
4.1482e-05
4.1384000000000002e-05
4.1221000000000004e-05
4.1471000000000003e-05
4.1644000000000003e-05
4.159e-05
4.1471000000000003e-05
4.1428000000000004e-05
4.1374000000000001e-05
4.1396000000000001e-05
4.1579000000000003e-05
4.1504000000000001e-05
4.1525e-05
4.1579000000000003e-05
4.1459999999999999e-05
4.1417e-05
4.1459999999999999e-05
4.1558000000000004e-05
4.1449000000000002e-05
4.1504000000000001e-05
4.1309e-05
5.9075000000000006e-05
4.1644000000000003e-05
4.1557000000000002e-05
4.1124000000000001e-05
4.1417e-05
5.5902000000000001e-05
4.1601000000000004e-05
4.1417e-05
4.1503000000000006e-05
4.1612000000000001e-05
4.1482e-05
4.1362000000000001e-05
4.1579000000000003e-05
4.1503000000000006e-05
4.1622000000000002e-05
4.1221999999999999e-05
4.1341000000000003e-05
4.1341000000000003e-05
4.1341000000000003e-05
4.1644000000000003e-05
4.1471000000000003e-05
4.1525e-05
4.1461000000000002e-05
4.1438000000000005e-05
4.1493000000000004e-05
4.1471000000000003e-05
4.1612000000000001e-05
4.1600000000000002e-05
4.1459999999999999e-05
4.1438000000000005e-05
4.1471000000000003e-05
4.1330000000000006e-05
4.1471000000000003e-05
4.1276000000000003e-05
4.1211000000000002e-05
4.1385000000000004e-05
4.1298000000000003e-05
4.1286000000000004e-05
4.1493000000000004e-05
4.1232000000000001e-05
4.1394999999999999e-05
4.1394999999999999e-05
4.1427000000000002e-05
4.1394999999999999e-05
4.1503000000000006e-05
4.1546000000000005e-05
4.1319000000000002e-05
4.1385000000000004e-05
4.1417e-05
4.1558000000000004e-05
7.8760000000000012e-05
4.3703000000000005e-05
4.1687000000000003e-05
4.1731000000000004e-05
4.172e-05
4.1612000000000001e-05
4.1459999999999999e-05
4.1557000000000002e-05
4.1547e-05
4.1394999999999999e-05
4.1655e-05
4.1406000000000003e-05
4.1330000000000006e-05
4.9293000000000004e-05
4.1363000000000004e-05
4.1525e-05
4.1384000000000002e-05
4.1232000000000001e-05
4.1394999999999999e-05
4.1547e-05
4.1514000000000003e-05
4.1276000000000003e-05
4.1319000000000002e-05
4.1459999999999999e-05
4.1417e-05
4.1352e-05
4.1439000000000001e-05
4.1438000000000005e-05
4.1406000000000003e-05
4.1276000000000003e-05
4.1394999999999999e-05
4.1459999999999999e-05
4.1341000000000003e-05
4.1384000000000002e-05
4.1394999999999999e-05
4.1547e-05
4.1459999999999999e-05
4.1514000000000003e-05
4.1363000000000004e-05
4.1439000000000001e-05
4.1493000000000004e-05
4.1459999999999999e-05
4.1666000000000004e-05
4.1547e-05
6.0387000000000003e-05
4.1438000000000005e-05
4.1471000000000003e-05
4.1470000000000001e-05
4.1482e-05
4.1547e-05
4.1525e-05
4.1645000000000005e-05
4.1493000000000004e-05
4.1503000000000006e-05
4.1384000000000002e-05
4.1536000000000003e-05
4.1341000000000003e-05
4.1428000000000004e-05
4.1569000000000001e-05
4.1417e-05
4.1482e-05
4.1363000000000004e-05
4.1385000000000004e-05
4.1416000000000005e-05
4.1352e-05
4.1558000000000004e-05
4.1384000000000002e-05
4.1394999999999999e-05
4.7429000000000003e-05
4.1655e-05
5.3387000000000002e-05
4.1676000000000006e-05
5.3529000000000002e-05
4.1936e-05
4.1601000000000004e-05
4.1406000000000003e-05
4.1276000000000003e-05
4.1525e-05
5.6323000000000003e-05
4.1439000000000001e-05
4.1308000000000005e-05
4.1384000000000002e-05
4.1481000000000005e-05
4.1459999999999999e-05
4.1428000000000004e-05
4.1394999999999999e-05
4.1417e-05
4.1384000000000002e-05
4.1493000000000004e-05
4.159e-05
4.1265000000000006e-05
4.1503000000000006e-05
4.1439000000000001e-05
4.1450000000000005e-05
5.9758000000000006e-05
4.1612000000000001e-05
4.1341000000000003e-05
4.1308000000000005e-05
4.1373000000000005e-05
4.1568000000000006e-05
4.1276000000000003e-05
4.1352e-05
4.1330000000000006e-05
4.1450000000000005e-05
4.1459999999999999e-05
4.9108000000000005e-05
4.159e-05
4.1579000000000003e-05
4.1547e-05
4.1384000000000002e-05
4.1525e-05
4.1655e-05
4.1514000000000003e-05
4.1394999999999999e-05
4.1568000000000006e-05
4.1384000000000002e-05
4.1459999999999999e-05
4.1385000000000004e-05
4.1547e-05
4.1557000000000002e-05
4.1493000000000004e-05
4.1644000000000003e-05
4.1536000000000003e-05
4.1470000000000001e-05
4.1504000000000001e-05
4.1709000000000003e-05
4.1449000000000002e-05
4.1471000000000003e-05
4.1503000000000006e-05
4.1655e-05
4.9217e-05
8.7622000000000009e-05
8.1577000000000009e-05
4.5198000000000003e-05
4.1221000000000004e-05
4.1287e-05
4.1515000000000005e-05
4.1417e-05
4.1546000000000005e-05
4.1644000000000003e-05
4.1394999999999999e-05
4.1319000000000002e-05
4.1406000000000003e-05
5.9975000000000001e-05
4.1666000000000004e-05
4.1428000000000004e-05
4.1178000000000005e-05
4.1427000000000002e-05
4.1394999999999999e-05
4.1470000000000001e-05
4.1459999999999999e-05
4.1330000000000006e-05
4.1601000000000004e-05
4.1417e-05
4.1438000000000005e-05
4.1362000000000001e-05
4.1330000000000006e-05
4.1373000000000005e-05
4.1428000000000004e-05
4.1525e-05
4.1394999999999999e-05
4.1417e-05
4.1493000000000004e-05
4.1557000000000002e-05
4.1308000000000005e-05
4.1373000000000005e-05
4.1384000000000002e-05
4.1482e-05
4.1331000000000001e-05
4.1622000000000002e-05
4.1330000000000006e-05
4.1481000000000005e-05
4.1449000000000002e-05
4.1579000000000003e-05
4.1525e-05
4.1373000000000005e-05
4.1417e-05
4.1255000000000004e-05
4.1276000000000003e-05
4.1546000000000005e-05
4.1612000000000001e-05
4.1362000000000001e-05
4.1536000000000003e-05
4.1449000000000002e-05
4.1298000000000003e-05
4.1731000000000004e-05
4.1406000000000003e-05
4.1503000000000006e-05
4.1427000000000002e-05
4.1503000000000006e-05
4.1394999999999999e-05
4.1503000000000006e-05
4.1221999999999999e-05
4.159e-05
6.3138000000000004e-05
5.6270000000000002e-05
7.0211999999999998e-05
5.7310000000000005e-05
4.808e-05
4.1352e-05
4.1676000000000006e-05
4.1330000000000006e-05
4.1449000000000002e-05
4.1320000000000004e-05
4.1416000000000005e-05
4.1319000000000002e-05
4.1406000000000003e-05
4.1374000000000001e-05
4.1287e-05
4.1406000000000003e-05
4.1450000000000005e-05
4.159e-05
4.1493000000000004e-05
4.1428000000000004e-05
4.1526000000000002e-05
4.1514000000000003e-05
4.1179e-05
4.1330000000000006e-05
4.1146000000000002e-05
4.1580000000000005e-05
4.1352e-05
4.1221000000000004e-05
4.1373000000000005e-05
4.1265000000000006e-05
4.1254000000000002e-05
4.1265000000000006e-05
4.1287e-05
4.1113000000000004e-05
4.1330000000000006e-05
4.1406000000000003e-05
4.1374000000000001e-05
4.1558000000000004e-05
4.1493000000000004e-05
4.1178000000000005e-05
5.6421000000000001e-05
4.1526000000000002e-05
4.1504000000000001e-05
4.1428000000000004e-05
4.1568000000000006e-05
4.2922e-05
5.0051000000000006e-05
5.2738000000000002e-05
4.159e-05
5.9942000000000003e-05
6.1610000000000001e-05
4.159e-05
4.1503000000000006e-05
4.1319000000000002e-05
4.1394999999999999e-05
4.1362000000000001e-05
4.1536000000000003e-05
4.1449000000000002e-05
4.1687000000000003e-05
4.1525e-05
4.1287e-05
4.1341000000000003e-05
4.1298000000000003e-05
4.1470000000000001e-05
4.1374000000000001e-05
4.1558000000000004e-05
4.1503000000000006e-05
4.1601000000000004e-05
4.1363000000000004e-05
4.1363000000000004e-05
4.1352e-05
4.1450000000000005e-05
4.1471000000000003e-05
4.1276000000000003e-05
4.1265000000000006e-05
4.1515000000000005e-05
4.1471000000000003e-05
4.1385000000000004e-05
4.1330000000000006e-05
4.1211000000000002e-05
4.1449000000000002e-05
4.1416000000000005e-05
4.1384000000000002e-05
4.1568000000000006e-05
4.1406000000000003e-05
4.1503000000000006e-05
4.1438000000000005e-05
4.1406000000000003e-05
4.159e-05
4.1417e-05
4.1481000000000005e-05
4.1449000000000002e-05
4.172e-05
4.562e-05
7.3311000000000003e-05
4.1622000000000002e-05
4.1482e-05
4.1471000000000003e-05
5.9932000000000001e-05
4.1676000000000006e-05
4.1492000000000002e-05
6.7179000000000002e-05
4.159e-05
4.1309e-05
4.1373000000000005e-05
4.1394999999999999e-05
4.1362000000000001e-05
4.1373000000000005e-05
4.1308000000000005e-05
4.1363000000000004e-05
4.159e-05
4.1536000000000003e-05
4.1459999999999999e-05
4.1536000000000003e-05
4.1655e-05
4.1623000000000005e-05
4.1482e-05
4.1384000000000002e-05
4.1459999999999999e-05
4.1504000000000001e-05
4.1503000000000006e-05
4.1536000000000003e-05
4.1515000000000005e-05
4.1459999999999999e-05
4.1536000000000003e-05
4.1536000000000003e-05
4.1416000000000005e-05
4.1482e-05
4.1320000000000004e-05
4.1645000000000005e-05
4.1417e-05
4.1568000000000006e-05
4.1666000000000004e-05
4.1459999999999999e-05
4.1449000000000002e-05
4.1449000000000002e-05
4.1557000000000002e-05
4.1601000000000004e-05
4.1362000000000001e-05
4.1493000000000004e-05
4.159e-05
4.1417e-05
4.1503000000000006e-05
4.1632999999999999e-05
4.1525e-05
4.1546000000000005e-05
4.1547e-05
4.1547e-05
6.0126000000000007e-05
4.1558000000000004e-05
4.1428000000000004e-05
4.1244e-05
4.1286000000000004e-05
4.1536000000000003e-05
4.1406000000000003e-05
4.1623000000000005e-05
4.1362000000000001e-05
4.1482e-05
4.1221999999999999e-05
4.1178000000000005e-05
4.1308000000000005e-05
4.1384000000000002e-05
4.1298000000000003e-05
4.1287e-05
4.1362000000000001e-05
4.1352e-05
4.1438000000000005e-05
4.1471000000000003e-05
4.1211000000000002e-05
4.1330000000000006e-05
4.1427000000000002e-05
4.1298000000000003e-05
4.1168000000000003e-05
4.1536000000000003e-05
4.1438000000000005e-05
4.1200000000000005e-05
4.1276000000000003e-05
4.1384000000000002e-05
4.1330000000000006e-05
4.1091000000000003e-05
4.1352e-05
4.1362000000000001e-05
4.1384000000000002e-05
4.1276000000000003e-05
4.1330000000000006e-05
4.1319000000000002e-05
4.1265000000000006e-05
4.8166000000000006e-05
4.1427000000000002e-05
4.1568000000000006e-05
4.1666000000000004e-05
4.1308000000000005e-05
4.1232000000000001e-05
4.1373000000000005e-05
4.1200000000000005e-05
4.1459999999999999e-05
4.1385000000000004e-05
4.1200000000000005e-05
4.1211000000000002e-05
5.8794000000000007e-05
4.1504000000000001e-05
6.1360999999999997e-05
4.1438000000000005e-05
4.1189000000000002e-05
4.1482e-05
4.1276000000000003e-05
4.1601000000000004e-05
4.1666000000000004e-05
0.000127973
5.5621000000000002e-05
5.5741e-05
5.5441000000000007e-05
5.5721000000000004e-05
6.199100000000001e-05
6.2071000000000009e-05
5.5371000000000002e-05
6.1072000000000001e-05
5.5911000000000001e-05
5.5441000000000007e-05
5.4681e-05
5.5322000000000003e-05
5.5841000000000003e-05
5.5811000000000005e-05
5.5271000000000007e-05
5.5601000000000005e-05
5.5871000000000001e-05
5.6141000000000003e-05
5.5732000000000001e-05
5.5591000000000004e-05
5.5931000000000004e-05
5.4951000000000003e-05
5.5752000000000004e-05
5.5741e-05
5.5741e-05
5.5601000000000005e-05
5.6142000000000006e-05
5.5501000000000003e-05
5.6161000000000007e-05
5.5672000000000005e-05
5.8472000000000005e-05
5.4851000000000001e-05
7.6922000000000007e-05
5.4841000000000006e-05
5.6161000000000007e-05
5.6322e-05
5.5631000000000003e-05
6.2701000000000008e-05
5.6372000000000002e-05
5.6171000000000001e-05
5.5701000000000001e-05
6.0221000000000005e-05
5.2531000000000002e-05
5.3981000000000004e-05
6.4760999999999999e-05
5.8262000000000006e-05
5.8981000000000003e-05
5.8381000000000002e-05
5.3101000000000005e-05
6.8901999999999999e-05
6.309100000000001e-05
6.3771999999999999e-05
5.7881000000000004e-05
5.8032000000000003e-05
5.7881000000000004e-05
5.7751000000000003e-05
5.7962000000000005e-05
7.5731000000000011e-05
4.9241000000000005e-05
5.6342000000000004e-05
5.3511000000000003e-05
5.3361000000000006e-05
5.2741000000000002e-05
5.9352000000000004e-05
5.3491e-05
9.0179000000000005e-05
5.3902000000000007e-05
5.3471000000000004e-05
5.3871000000000006e-05
0.000104672
4.3021e-05
4.4101000000000003e-05
5.2372000000000006e-05
4.9461000000000006e-05
4.8931000000000003e-05
3.8121000000000003e-05
5.3061000000000006e-05
3.8381000000000004e-05
3.8141e-05
3.8251000000000004e-05
3.8241000000000002e-05
3.8520000000000004e-05
3.8371000000000002e-05
3.8241000000000002e-05
3.8180999999999999e-05
3.8341000000000004e-05
5.5831000000000001e-05
3.8291000000000003e-05
4.0391e-05
5.3401000000000006e-05
8.1052000000000009e-05
9.5562000000000004e-05
5.4011000000000002e-05
5.3731000000000004e-05
5.3271000000000005e-05
5.3091000000000004e-05
5.3511000000000003e-05
5.2352000000000003e-05
5.6951000000000004e-05
3.8091000000000005e-05
3.7911000000000003e-05
3.8010000000000004e-05
3.8180000000000004e-05
3.8091000000000005e-05
0.00015266600000000001
5.2211000000000005e-05
5.2051e-05
5.2031000000000004e-05
5.1881e-05
5.1991000000000004e-05
5.2222000000000002e-05
5.2021000000000002e-05
5.2111000000000003e-05
5.2061000000000002e-05
5.1991000000000004e-05
6.6651999999999998e-05
5.1971000000000001e-05
5.2211000000000005e-05
5.2081000000000005e-05
5.1962000000000002e-05
5.2151000000000003e-05
5.1901000000000003e-05
5.2121000000000005e-05
5.2131000000000006e-05
5.2302000000000002e-05
6.1451000000000005e-05
5.2301000000000006e-05
5.1921000000000007e-05
5.2161000000000004e-05
5.2271000000000001e-05
5.2211000000000005e-05
4.7221000000000001e-05
3.8081000000000004e-05
3.8051000000000006e-05
3.8131000000000005e-05
3.8050000000000003e-05
3.8350999999999999e-05
5.5652000000000002e-05
3.799e-05
3.8010999999999999e-05
3.8101e-05
3.7961000000000005e-05
5.3121000000000002e-05
3.8341000000000004e-05
3.8111000000000002e-05
3.8141e-05
3.8131000000000005e-05
3.8261000000000005e-05
3.8120000000000001e-05
3.8150000000000006e-05
3.8241000000000002e-05
3.8121000000000003e-05
3.8180999999999999e-05
3.8081000000000004e-05
3.8081000000000004e-05
3.8231e-05
3.8060000000000005e-05
3.7901000000000002e-05
3.8180999999999999e-05
3.8041000000000004e-05
3.8211000000000004e-05
3.8061e-05
3.8211000000000004e-05
3.8281000000000002e-05
3.7980000000000006e-05
3.8091000000000005e-05
3.8111000000000002e-05
3.7951000000000003e-05
3.8081000000000004e-05
5.3141000000000005e-05
3.8321000000000001e-05
3.8180999999999999e-05
3.8001000000000004e-05
3.8081000000000004e-05
3.8150000000000006e-05
3.8180999999999999e-05
3.8051000000000006e-05
3.8180999999999999e-05
3.8121000000000003e-05
3.8261000000000005e-05
3.8161000000000003e-05
3.8141e-05
3.8160000000000001e-05
3.8001000000000004e-05
3.8091000000000005e-05
3.8141e-05
3.8031000000000002e-05
6.8501e-05
3.8091000000000005e-05
3.8171000000000004e-05
3.8121000000000003e-05
3.8091000000000005e-05
3.8041000000000004e-05
3.7951000000000003e-05
3.8131000000000005e-05
3.8060000000000005e-05
5.3272000000000001e-05
3.8331000000000003e-05
3.8080000000000001e-05
3.8081000000000004e-05
3.7951000000000003e-05
3.8211000000000004e-05
3.8131000000000005e-05
3.8121000000000003e-05
3.8131000000000005e-05
3.8250000000000001e-05
5.0482000000000002e-05
3.807e-05
3.7980000000000006e-05
3.8010999999999999e-05
3.8031000000000002e-05
3.8091000000000005e-05
3.8101e-05
3.8031000000000002e-05
4.5951000000000001e-05
3.8191000000000001e-05
3.8050000000000003e-05
3.8151000000000001e-05
3.8101e-05
3.7921000000000005e-05
3.8141e-05
3.7941000000000001e-05
5.2261e-05
3.8211000000000004e-05
3.8241000000000002e-05
3.8111000000000002e-05
3.8031000000000002e-05
3.8109999999999999e-05
3.8331000000000003e-05
3.8051000000000006e-05
5.5181000000000006e-05
3.7991000000000003e-05
3.8021000000000001e-05
3.8101e-05
3.8111000000000002e-05
3.8111000000000002e-05
3.8141e-05
3.7920000000000003e-05
3.8051000000000006e-05
3.8111000000000002e-05
3.8010999999999999e-05
3.8010999999999999e-05
3.8071000000000002e-05
3.8141e-05
3.7981000000000001e-05
3.7960000000000002e-05
5.2582000000000006e-05
3.8190000000000005e-05
3.8180999999999999e-05
3.7961000000000005e-05
3.8201000000000002e-05
3.8010999999999999e-05
3.7941000000000001e-05
3.8061e-05
3.8121000000000003e-05
3.8010000000000004e-05
3.8111000000000002e-05
3.8111000000000002e-05
3.8061e-05
3.7911000000000003e-05
3.7961000000000005e-05
3.8051000000000006e-05
3.799e-05
3.7941000000000001e-05
3.7911000000000003e-05
3.7851000000000001e-05
3.8191000000000001e-05
3.8081000000000004e-05
5.7921000000000003e-05
5.3281e-05
4.3371000000000002e-05
3.7991000000000003e-05
3.7991000000000003e-05
9.589200000000001e-05
3.8211000000000004e-05
3.8180999999999999e-05
3.7931e-05
3.7871000000000004e-05
5.4351000000000002e-05
3.8331000000000003e-05
3.8101e-05
3.8131000000000005e-05
3.8261000000000005e-05
3.8000000000000002e-05
3.7951000000000003e-05
3.8151000000000001e-05
3.8081000000000004e-05
3.8061e-05
3.7981000000000001e-05
3.8131000000000005e-05
3.8109999999999999e-05
3.8021000000000001e-05
3.7921000000000005e-05
3.8101e-05
3.8001000000000004e-05
3.7970999999999999e-05
3.7961000000000005e-05
5.2281000000000003e-05
3.8061e-05
3.8041000000000004e-05
3.7980000000000006e-05
3.7911000000000003e-05
3.7931e-05
3.8091000000000005e-05
4.5641000000000006e-05
3.8091000000000005e-05
3.8221000000000006e-05
3.8061e-05
3.8231e-05
3.8100000000000005e-05
3.8041000000000004e-05
3.8201000000000002e-05
3.8221000000000006e-05
3.8141e-05
3.8061e-05
3.7961000000000005e-05
3.8071000000000002e-05
3.79e-05
3.7800999999999999e-05
3.7891e-05
3.8071000000000002e-05
3.8171000000000004e-05
5.2881000000000004e-05
3.8101e-05
3.8091000000000005e-05
3.8031000000000002e-05
3.8141e-05
3.8020000000000005e-05
3.8021000000000001e-05
5.3941000000000004e-05
3.8230000000000005e-05
5.0142000000000002e-05
3.8040000000000002e-05
3.7861000000000002e-05
3.7951000000000003e-05
3.7921000000000005e-05
3.7961000000000005e-05
3.7991000000000003e-05
3.8111000000000002e-05
3.7890000000000005e-05
3.8221000000000006e-05
3.7981000000000001e-05
3.7891e-05
3.8071000000000002e-05
3.7921000000000005e-05
5.3911000000000006e-05
3.8211000000000004e-05
3.8211000000000004e-05
3.7931e-05
3.8001000000000004e-05
3.8120000000000001e-05
3.8231e-05
3.8061e-05
3.8091000000000005e-05
3.8180999999999999e-05
3.8121000000000003e-05
3.8211000000000004e-05
3.8210000000000002e-05
3.8010000000000004e-05
3.7901000000000002e-05
3.8311e-05
3.8231e-05
3.8121000000000003e-05
3.8151000000000001e-05
3.8261000000000005e-05
3.8130000000000003e-05
3.8111000000000002e-05
3.8161000000000003e-05
3.8211000000000004e-05
3.8291000000000003e-05
5.2961000000000003e-05
3.8301000000000005e-05
3.8121000000000003e-05
3.8001000000000004e-05
3.8101e-05
3.7951000000000003e-05
3.8140000000000004e-05
3.7991000000000003e-05
3.8151000000000001e-05
5.9241000000000004e-05
3.8251000000000004e-05
3.8081000000000004e-05
3.8010999999999999e-05
3.8201000000000002e-05
3.7970999999999999e-05
5.0881000000000003e-05
5.1781000000000004e-05
5.1491000000000006e-05
5.2032000000000006e-05
8.2567000000000011e-05
5.6561000000000003e-05
5.6371000000000006e-05
6.4871999999999998e-05
5.6441000000000004e-05
5.6651000000000004e-05
5.6611000000000004e-05
5.6481000000000004e-05
5.6541000000000006e-05
7.3892000000000003e-05
5.6461e-05
5.6661000000000005e-05
5.6582000000000001e-05
5.6641000000000002e-05
5.6481000000000004e-05
5.6472000000000004e-05
5.7081000000000005e-05
5.6471000000000002e-05
5.7051000000000007e-05
5.6962000000000001e-05
5.6701000000000005e-05
5.6691000000000003e-05
5.6912000000000007e-05
5.7081000000000005e-05
5.6661000000000005e-05
9.3317000000000001e-05
5.5132000000000007e-05
4.5851000000000005e-05
3.8150000000000006e-05
3.8111000000000002e-05
3.8161000000000003e-05
3.8331000000000003e-05
3.8281000000000002e-05
3.8441e-05
5.2711000000000004e-05
5.3911000000000006e-05
6.9661999999999998e-05
5.4291000000000006e-05
5.2691000000000001e-05
4.7671000000000005e-05
3.8121000000000003e-05
3.8111000000000002e-05
3.8131000000000005e-05
3.8191000000000001e-05
3.8010999999999999e-05
3.8081000000000004e-05
3.807e-05
3.8091000000000005e-05
3.8010999999999999e-05
3.7881000000000005e-05
3.8281000000000002e-05
5.1731000000000003e-05
3.8251000000000004e-05
3.8241000000000002e-05
3.8051000000000006e-05
3.7970999999999999e-05
3.8220000000000003e-05
3.8140000000000004e-05
3.7901000000000002e-05
3.7970999999999999e-05
3.8091000000000005e-05
3.8071000000000002e-05
3.7911000000000003e-05
3.8051000000000006e-05
3.803e-05
3.7981000000000001e-05
5.5982e-05
3.824e-05
3.8061e-05
3.8101e-05
3.8001000000000004e-05
3.8001000000000004e-05
3.8261000000000005e-05
3.8241000000000002e-05
5.4461000000000006e-05
3.8201000000000002e-05
3.8021000000000001e-05
3.8341000000000004e-05
3.8140000000000004e-05
3.8051000000000006e-05
3.8271e-05
4.5201000000000003e-05
3.8161000000000003e-05
3.8031000000000002e-05
3.8211000000000004e-05
3.8081000000000004e-05
3.8231e-05
3.8220000000000003e-05
3.8171000000000004e-05
4.2741000000000003e-05
3.8121000000000003e-05
3.9131000000000002e-05
3.8251000000000004e-05
3.8141e-05
3.8161000000000003e-05
3.8190000000000005e-05
3.8131000000000005e-05
3.8121000000000003e-05
3.8071000000000002e-05
3.8051000000000006e-05
3.8051000000000006e-05
3.8161000000000003e-05
3.8101e-05
3.8170000000000002e-05
3.8171000000000004e-05
3.8131000000000005e-05
3.8180999999999999e-05
3.8001000000000004e-05
3.8051000000000006e-05
3.8031000000000002e-05
3.8140000000000004e-05
5.3592000000000005e-05
3.8311e-05
3.8050000000000003e-05
3.7961000000000005e-05
3.8041000000000004e-05
5.4241000000000005e-05
3.8131000000000005e-05
3.7981000000000001e-05
3.8111000000000002e-05
3.8091000000000005e-05
3.8001000000000004e-05
3.7931e-05
3.7981000000000001e-05
3.8150000000000006e-05
3.7941000000000001e-05
3.8081000000000004e-05
3.8231e-05
3.8261000000000005e-05
3.8141e-05
3.8191000000000001e-05
3.8250000000000001e-05
3.8010999999999999e-05
3.8111000000000002e-05
3.8251000000000004e-05
3.8361000000000001e-05
3.8081000000000004e-05
3.8101e-05
3.8101e-05
3.8100000000000005e-05
3.8161000000000003e-05
3.7991000000000003e-05
3.8051000000000006e-05
3.8091000000000005e-05
3.7970999999999999e-05
3.8071000000000002e-05
3.8060000000000005e-05
3.807e-05
3.8071000000000002e-05
3.7931e-05
5.3651000000000005e-05
3.8271e-05
3.8171000000000004e-05
3.8281000000000002e-05
3.8131000000000005e-05
3.8201000000000002e-05
3.8151000000000001e-05
3.8260000000000003e-05
3.8171000000000004e-05
3.8121000000000003e-05
3.8201000000000002e-05
3.8061e-05
3.8281000000000002e-05
3.8141e-05
3.8241000000000002e-05
3.8160000000000001e-05
5.3892000000000005e-05
3.8331000000000003e-05
3.824e-05
3.8381000000000004e-05
3.8091000000000005e-05
3.8061e-05
3.8121000000000003e-05
3.8251000000000004e-05
9.1001000000000005e-05
3.8151000000000001e-05
3.8010999999999999e-05
3.8221000000000006e-05
3.8301000000000005e-05
3.8191000000000001e-05
3.8100000000000005e-05
3.8101e-05
3.8061e-05
3.8021000000000001e-05
3.8141e-05
3.7901000000000002e-05
3.8231e-05
3.8090000000000003e-05
5.4531000000000004e-05
3.8311e-05
3.8010000000000004e-05
3.8020000000000005e-05
3.7911000000000003e-05
3.8041000000000004e-05
3.8111000000000002e-05
3.8051000000000006e-05
3.8031000000000002e-05
3.8010999999999999e-05
3.8100000000000005e-05
3.8041000000000004e-05
3.8071000000000002e-05
3.8201000000000002e-05
3.8021000000000001e-05
3.8081000000000004e-05
3.8151000000000001e-05
5.8581e-05
5.5601000000000005e-05
5.2611000000000002e-05
5.2812000000000002e-05
5.3011000000000005e-05
5.3261000000000004e-05
5.2961000000000003e-05
9.5913000000000001e-05
5.5371000000000002e-05
5.5201000000000002e-05
5.5421000000000004e-05
7.7762000000000005e-05
5.5501000000000003e-05
5.5361000000000001e-05
5.5151000000000001e-05
7.0051999999999999e-05
5.5251000000000003e-05
8.8632000000000001e-05
5.5221000000000005e-05
5.5242000000000004e-05
5.5551000000000004e-05
5.5551000000000004e-05
5.4551000000000007e-05
7.359200000000001e-05
5.5301000000000005e-05
5.5132000000000007e-05
5.5411000000000002e-05
5.5051000000000005e-05
5.5161000000000003e-05
5.5162000000000005e-05
5.4901000000000002e-05
5.5131000000000005e-05
5.5081000000000003e-05
5.5002000000000006e-05
5.4981000000000001e-05
5.4911000000000003e-05
5.5041000000000004e-05
5.5212000000000006e-05
5.5231e-05
5.5141000000000006e-05
7.9501999999999999e-05
5.5061e-05
5.5201000000000002e-05
5.5071000000000002e-05
5.5021000000000001e-05
5.5291000000000003e-05
5.5282000000000004e-05
7.4941e-05
5.5652000000000002e-05
5.5281000000000001e-05
5.5001000000000004e-05
5.5351000000000006e-05
5.5132000000000007e-05
5.5091000000000005e-05
5.5141000000000006e-05
5.5181000000000006e-05
5.5412000000000004e-05
5.5141000000000006e-05
5.5331000000000003e-05
5.5391000000000005e-05
5.5102000000000002e-05
5.5321000000000001e-05
5.5251000000000003e-05
7.0001999999999998e-05
5.5321000000000001e-05
5.5311000000000006e-05
5.5042000000000006e-05
5.5031000000000002e-05
5.4941000000000001e-05
5.5061e-05
5.5162000000000005e-05
5.5251000000000003e-05
5.5131000000000005e-05
5.5211000000000004e-05
5.5402000000000003e-05
5.5321000000000001e-05
5.5321000000000001e-05
5.5181000000000006e-05
5.5052000000000001e-05
5.5391000000000005e-05
5.5121000000000003e-05
5.5221000000000005e-05
7.2602000000000007e-05
5.5181000000000006e-05
5.5252000000000006e-05
5.5221000000000005e-05
6.9251000000000005e-05
5.5252000000000006e-05
5.5131000000000005e-05
5.5181000000000006e-05
5.5191000000000001e-05
5.5002000000000006e-05
5.5181000000000006e-05
5.5141000000000006e-05
5.5141000000000006e-05
5.5012000000000001e-05
5.5241000000000002e-05
5.5301000000000005e-05
5.4941000000000001e-05
5.5111000000000001e-05
5.5081000000000003e-05
5.5211000000000004e-05
5.5242000000000004e-05
5.5151000000000001e-05
6.6661000000000004e-05
5.5392000000000001e-05
5.5481000000000006e-05
5.5311000000000006e-05
5.5341000000000004e-05
5.5382000000000006e-05
7.0741000000000006e-05
5.5401e-05
5.5241000000000002e-05
5.5271000000000007e-05
6.9302000000000008e-05
5.5191000000000001e-05
7.3652000000000006e-05
5.3961000000000001e-05
0.00049720600000000004
5.5491000000000001e-05
5.5551000000000004e-05
7.6812000000000009e-05
5.5501000000000003e-05
5.5452000000000004e-05
5.5391000000000005e-05
5.5371000000000002e-05
7.5552000000000011e-05
5.5781000000000007e-05
5.5641000000000005e-05
5.5232000000000002e-05
5.5421000000000004e-05
5.5301000000000005e-05
5.5331000000000003e-05
5.5492000000000003e-05
5.5341000000000004e-05
5.5351000000000006e-05
5.5411000000000002e-05
5.5272000000000002e-05
6.9721000000000006e-05
5.5192000000000003e-05
5.5041000000000004e-05
5.5241000000000002e-05
5.4941000000000001e-05
5.5172000000000006e-05
8.0411e-05
5.5412000000000004e-05
5.5481000000000006e-05
5.5521000000000006e-05
5.5521000000000006e-05
5.5282000000000004e-05
5.5531000000000001e-05
5.5331000000000003e-05
7.4451999999999998e-05
5.5521000000000006e-05
5.5332000000000005e-05
5.5311000000000006e-05
5.4701000000000004e-05
5.5131000000000005e-05
6.4951999999999997e-05
5.5131000000000005e-05
7.495200000000001e-05
5.5531000000000001e-05
5.5191000000000001e-05
5.5422000000000006e-05
5.5081000000000003e-05
5.5381000000000004e-05
5.5151000000000001e-05
5.5282000000000004e-05
5.5171000000000004e-05
7.5522e-05
6.9680999999999999e-05
5.5411000000000002e-05
5.5212000000000006e-05
5.5221000000000005e-05
5.4921000000000005e-05
5.4851000000000001e-05
5.4922e-05
5.5251000000000003e-05
5.4871000000000004e-05
6.9292e-05
5.5431000000000005e-05
5.5501000000000003e-05
5.5382000000000006e-05
5.5331000000000003e-05
5.5111000000000001e-05
5.5201000000000002e-05
8.0792000000000008e-05
5.5521000000000006e-05
5.5341000000000004e-05
5.5231e-05
5.5451000000000002e-05
5.5462000000000005e-05
5.5521000000000006e-05
5.5081000000000003e-05
7.2322000000000003e-05
5.5331000000000003e-05
5.5281000000000001e-05
5.5142000000000002e-05
5.5201000000000002e-05
5.5381000000000004e-05
5.5041000000000004e-05
5.5312000000000002e-05
7.0011000000000004e-05
7.1882000000000001e-05
5.5461000000000003e-05
5.5101000000000007e-05
5.5512000000000007e-05
5.5501000000000003e-05
5.5421000000000004e-05
5.5281000000000001e-05
5.5322000000000003e-05
7.1061000000000003e-05
5.5162000000000005e-05
5.4971000000000006e-05
5.5281000000000001e-05
5.5351000000000006e-05
5.5132000000000007e-05
5.5181000000000006e-05
5.5081000000000003e-05
5.5371000000000002e-05
8.2012e-05
5.5351000000000006e-05
5.5201000000000002e-05
5.5471000000000005e-05
5.5231e-05
5.5252000000000006e-05
5.5401e-05
5.5221000000000005e-05
7.1762000000000009e-05
5.5391000000000005e-05
5.4971000000000006e-05
5.5521000000000006e-05
5.5282000000000004e-05
6.9760999999999998e-05
5.5722000000000006e-05
5.5271000000000007e-05
7.1962e-05
5.5421000000000004e-05
5.5171000000000004e-05
5.5411000000000002e-05
5.5172000000000006e-05
5.5331000000000003e-05
5.5271000000000007e-05
5.5301000000000005e-05
4.7671000000000005e-05
5.7442000000000003e-05
5.2741000000000002e-05
5.2291000000000005e-05
5.3461000000000002e-05
5.4382000000000002e-05
5.3891000000000003e-05
5.2431e-05
5.1681000000000002e-05
5.2461000000000005e-05
4.6772000000000006e-05
4.0779999999999999e-05
5.2642000000000002e-05
5.3351000000000005e-05
5.1651000000000004e-05
5.1361000000000005e-05
3.9391000000000003e-05
3.8131000000000005e-05
3.8061e-05
3.8141e-05
3.8111000000000002e-05
3.8001000000000004e-05
7.1001000000000007e-05
5.6511000000000002e-05
3.8241000000000002e-05
3.8071000000000002e-05
4.7851e-05
3.9821000000000004e-05
3.8031000000000002e-05
5.2031000000000004e-05
3.7921000000000005e-05
4.2391000000000001e-05
9.8732000000000003e-05
5.7982000000000002e-05
5.7921000000000003e-05
5.8001000000000003e-05
5.8142000000000007e-05
5.7561000000000007e-05
5.7911000000000002e-05
5.8002000000000005e-05
7.7201000000000008e-05
5.8312000000000007e-05
5.8241000000000007e-05
6.8572000000000007e-05
5.8341000000000003e-05
5.7681000000000006e-05
5.7912000000000004e-05
5.8201000000000001e-05
7.9362000000000004e-05
5.8331000000000001e-05
5.8021000000000006e-05
5.8291000000000001e-05
5.7721000000000005e-05
5.8181000000000004e-05
5.8032000000000003e-05
5.8081000000000002e-05
5.8041000000000002e-05
5.7982000000000002e-05
5.8111000000000007e-05
5.8131000000000003e-05
6.2992000000000009e-05
5.7891000000000005e-05
5.8192000000000001e-05
7.4600999999999999e-05
8.4902000000000008e-05
5.8252000000000004e-05
5.8231000000000005e-05
5.7391000000000007e-05
5.8072000000000002e-05
5.8071000000000007e-05
5.8221000000000004e-05
5.7972000000000007e-05
7.6221000000000001e-05
5.8162000000000003e-05
5.7971000000000005e-05
5.7601000000000006e-05
5.7702000000000004e-05
5.8091000000000003e-05
5.8001000000000003e-05
5.7942000000000002e-05
7.6981e-05
5.8212000000000004e-05
5.7501000000000004e-05
5.7981000000000006e-05
5.8082000000000004e-05
5.7901000000000007e-05
5.7921000000000003e-05
5.8082000000000004e-05
7.7751000000000008e-05
5.7932e-05
5.7601000000000006e-05
5.7831000000000002e-05
6.3242000000000002e-05
5.8151000000000006e-05
5.7791000000000003e-05
5.7941000000000006e-05
7.6642000000000002e-05
7.3731000000000003e-05
5.7522000000000003e-05
5.8061000000000005e-05
5.8051000000000004e-05
5.8002000000000005e-05
6.6880999999999999e-05
6.3782000000000007e-05
9.0052000000000011e-05
5.7671000000000004e-05
5.8231000000000005e-05
5.7992000000000003e-05
5.8021000000000006e-05
5.7831000000000002e-05
5.8152000000000002e-05
5.7981000000000006e-05
7.6672e-05
5.7651000000000001e-05
5.8201000000000001e-05
5.8082000000000004e-05
5.8071000000000007e-05
5.7981000000000006e-05
5.8032000000000003e-05
5.7961000000000003e-05
7.6281999999999999e-05
5.8131000000000003e-05
5.7831000000000002e-05
6.3472000000000005e-05
5.7851000000000006e-05
5.7962000000000005e-05
5.7971000000000005e-05
5.8041000000000002e-05
0.000257416
5.8161000000000001e-05
5.8102e-05
5.7931000000000005e-05
5.7051000000000007e-05
7.6742000000000005e-05
5.7971000000000005e-05
7.482200000000001e-05
5.8292000000000004e-05
5.8301000000000003e-05
5.8281000000000007e-05
5.8032000000000003e-05
7.8981000000000008e-05
5.8332000000000003e-05
5.8131000000000003e-05
5.8061000000000005e-05
5.7992000000000003e-05
5.8021000000000006e-05
5.7971000000000005e-05
6.2862000000000009e-05
5.8041000000000002e-05
5.8091000000000003e-05
5.7812000000000001e-05
5.8111000000000007e-05
6.3622000000000009e-05
5.8181000000000004e-05
5.7951000000000001e-05
5.7622000000000005e-05
5.7781000000000001e-05
8.6192000000000004e-05
8.9782000000000002e-05
5.7981000000000006e-05
5.8122000000000004e-05
5.7991000000000001e-05
5.7691e-05
5.7862000000000003e-05
7.6651000000000009e-05
5.8002000000000005e-05
5.8031000000000001e-05
5.8251000000000002e-05
5.8102e-05
5.8331000000000001e-05
5.7641000000000006e-05
5.8312000000000007e-05
7.6601000000000007e-05
5.8082000000000004e-05
5.8121000000000001e-05
5.7951000000000001e-05
5.8182000000000006e-05
5.7631000000000004e-05
5.8161000000000001e-05
5.8032000000000003e-05
8.2822000000000001e-05
5.9451000000000004e-05
5.8241000000000007e-05
7.3052000000000005e-05
6.377100000000001e-05
5.7662000000000005e-05
5.7861e-05
5.7951000000000001e-05
5.7822000000000003e-05
5.7991000000000001e-05
7.4382000000000007e-05
5.8001000000000003e-05
5.7121000000000004e-05
5.7982000000000002e-05
5.7981000000000006e-05
5.7651000000000001e-05
8.5672000000000002e-05
5.8452000000000002e-05
5.8201000000000001e-05
5.8341000000000003e-05
5.7242000000000005e-05
5.8151000000000006e-05
5.8251000000000002e-05
5.8102e-05
7.992100000000001e-05
5.8242000000000002e-05
5.8071000000000007e-05
5.7681000000000006e-05
5.8142000000000007e-05
6.0611000000000006e-05
6.1202000000000001e-05
5.8031000000000001e-05
8.1132000000000009e-05
5.8351000000000004e-05
5.8111000000000007e-05
5.7592000000000007e-05
7.8602000000000004e-05
5.7991000000000001e-05
5.8131000000000003e-05
5.7962000000000005e-05
5.7981000000000006e-05
5.7921000000000003e-05
5.7792000000000005e-05
5.7221000000000007e-05
5.8081000000000002e-05
5.7841000000000004e-05
5.7682000000000001e-05
5.7781000000000001e-05
5.7891000000000005e-05
8.5732000000000012e-05
5.7772000000000002e-05
5.8081000000000002e-05
5.8221000000000004e-05
5.7992000000000003e-05
5.8161000000000001e-05
5.8121000000000001e-05
5.8022000000000001e-05
7.8721000000000007e-05
5.7771000000000006e-05
5.8291000000000001e-05
5.8151000000000006e-05
5.8261000000000003e-05
5.8081000000000002e-05
5.8131000000000003e-05
5.8102e-05
5.7851000000000006e-05
5.8211000000000002e-05
6.3891000000000002e-05
6.3641999999999998e-05
5.7991000000000001e-05
5.8021000000000006e-05
5.7822000000000003e-05
5.7991000000000001e-05
8.5502000000000009e-05
5.8131000000000003e-05
5.8322000000000002e-05
5.8011000000000004e-05
5.8271000000000005e-05
5.8182000000000006e-05
5.8161000000000001e-05
5.7531000000000002e-05
7.6482000000000004e-05
5.8281000000000007e-05
5.8112000000000002e-05
5.7931000000000005e-05
5.8041000000000002e-05
5.8262000000000006e-05
5.7971000000000005e-05
5.7761000000000005e-05
0.00010783300000000001
5.7761000000000005e-05
5.7841000000000004e-05
6.3762000000000004e-05
5.8051000000000004e-05
5.7932e-05
9.246200000000001e-05
7.5681000000000009e-05
5.8282000000000002e-05
5.8071000000000007e-05
6.3482e-05
5.8101000000000005e-05
5.8071000000000007e-05
5.8072000000000002e-05
5.7181e-05
8.1542e-05
5.7871000000000002e-05
5.7931000000000005e-05
5.7862000000000003e-05
5.8201000000000001e-05
5.8141000000000005e-05
5.7422000000000007e-05
5.8211000000000002e-05
7.6542e-05
5.8281000000000007e-05
5.8031000000000001e-05
5.8022000000000001e-05
5.8051000000000004e-05
5.7591000000000005e-05
5.7972000000000007e-05
5.7981000000000006e-05
9.1222000000000002e-05
5.7951000000000001e-05
5.8012000000000006e-05
5.8031000000000001e-05
5.7861e-05
5.7492000000000005e-05
5.7901000000000007e-05
5.8131000000000003e-05
7.6422000000000008e-05
5.8232000000000001e-05
5.8241000000000007e-05
6.3281000000000006e-05
5.7282000000000005e-05
5.7621000000000003e-05
5.8011000000000004e-05
5.7842000000000006e-05
7.9431000000000006e-05
5.8102e-05
5.8101000000000005e-05
5.8051000000000004e-05
5.7512000000000001e-05
5.7971000000000005e-05
5.8121000000000001e-05
5.8062000000000001e-05
5.7951000000000001e-05
5.8071000000000007e-05
5.8022000000000001e-05
5.7861e-05
5.7461000000000004e-05
5.7792000000000005e-05
5.7911000000000002e-05
5.7691e-05
8.5052000000000012e-05
5.8092000000000006e-05
7.2971000000000003e-05
5.7612000000000003e-05
5.8161000000000001e-05
5.7821000000000001e-05
5.7852000000000001e-05
8.0481000000000004e-05
8.3042000000000009e-05
5.8312000000000007e-05
5.7921000000000003e-05
6.3530999999999999e-05
5.8192000000000001e-05
5.8151000000000006e-05
5.7411000000000003e-05
5.7922000000000005e-05
8.8782000000000005e-05
5.8141000000000005e-05
5.7421000000000005e-05
5.7862000000000003e-05
5.8021000000000006e-05
5.7881000000000004e-05
5.7792000000000005e-05
5.7861e-05
7.6592000000000001e-05
5.7841000000000004e-05
5.8011000000000004e-05
5.8242000000000002e-05
5.8281000000000007e-05
5.7581000000000003e-05
5.7992000000000003e-05
5.8071000000000007e-05
7.6672e-05
5.7321000000000002e-05
5.8042000000000004e-05
5.8021000000000006e-05
5.8011000000000004e-05
5.8021000000000006e-05
5.8061000000000005e-05
5.8311000000000005e-05
0.000230375
0.000107743
8.3732000000000004e-05
5.5661000000000001e-05
5.5352000000000001e-05
5.5321000000000001e-05
0.000162189
5.6291e-05
5.6451000000000006e-05
5.6372000000000002e-05
5.6351000000000003e-05
5.6111000000000005e-05
5.5981000000000005e-05
5.6202000000000002e-05
5.6441000000000004e-05
5.6471000000000002e-05
7.0702000000000002e-05
5.6761000000000001e-05
5.6041000000000001e-05
5.5691000000000006e-05
5.5611000000000007e-05
5.5181000000000006e-05
5.6052000000000005e-05
5.6331000000000007e-05
9.748700000000001e-05
5.5201000000000002e-05
5.4882000000000001e-05
5.4811000000000001e-05
5.5001000000000004e-05
5.5341000000000004e-05
5.5712000000000005e-05
5.7371000000000003e-05
5.7031000000000003e-05
6.2751999999999998e-05
5.8001000000000003e-05
5.7271000000000001e-05
5.7172000000000001e-05
5.7201000000000003e-05
5.7481000000000001e-05
5.8041000000000002e-05
5.8271000000000005e-05
5.6161000000000007e-05
5.6351000000000003e-05
5.6312000000000006e-05
5.6401000000000004e-05
7.2532000000000003e-05
5.6761000000000001e-05
5.6701000000000005e-05
5.6752000000000001e-05
5.7211000000000005e-05
5.6661000000000005e-05
5.7011000000000007e-05
5.7302000000000001e-05
7.9050999999999999e-05
8.049600000000001e-05
5.4111000000000004e-05
5.3261000000000004e-05
5.2921000000000004e-05
5.3321000000000007e-05
5.3732000000000007e-05
5.3671000000000002e-05
5.3661e-05
5.3961000000000001e-05
5.3351000000000005e-05
5.2981000000000007e-05
5.3311000000000005e-05
5.2971000000000005e-05
5.3721000000000003e-05
5.4132000000000003e-05
5.4361000000000004e-05
6.0481000000000006e-05
5.4281000000000004e-05
5.4012000000000004e-05
5.2351000000000001e-05
5.2431e-05
5.2491000000000003e-05
5.3611000000000006e-05
5.3331000000000002e-05
5.3801000000000002e-05
6.4030999999999997e-05
5.4222000000000004e-05
5.4121000000000006e-05
5.2971000000000005e-05
5.3131000000000003e-05
7.6332e-05
5.3721000000000003e-05
5.4171e-05
5.3471000000000004e-05
5.2961000000000003e-05
5.3541000000000001e-05
5.3301000000000003e-05
5.3392000000000007e-05
5.3201000000000001e-05
5.3131000000000003e-05
5.3981000000000004e-05
5.6141000000000003e-05
5.4011000000000002e-05
7.0990999999999998e-05
5.3252000000000004e-05
5.3381000000000003e-05
5.3511000000000003e-05
5.3851000000000003e-05
5.4051000000000001e-05
5.3822000000000001e-05
5.3431000000000004e-05
5.9981000000000001e-05
5.3952000000000001e-05
5.4031000000000005e-05
5.3621e-05
5.3061000000000006e-05
5.3221000000000004e-05
5.2782000000000004e-05
5.3551000000000003e-05
5.3091000000000004e-05
8.309200000000001e-05
5.2901000000000001e-05
5.2511000000000006e-05
5.2192000000000004e-05
5.2331000000000004e-05
5.4161000000000005e-05
9.2237000000000005e-05
5.8351000000000004e-05
8.8692000000000011e-05
5.8452000000000002e-05
5.8241000000000007e-05
5.8351000000000004e-05
5.8251000000000002e-05
5.8251000000000002e-05
5.7911000000000002e-05
5.8181000000000004e-05
5.7761000000000005e-05
5.8191000000000006e-05
5.8241000000000007e-05
5.7962000000000005e-05
6.3391000000000003e-05
5.8062000000000001e-05
5.8101000000000005e-05
5.7991000000000001e-05
5.7402000000000004e-05
0.00012071200000000001
6.6642000000000003e-05
5.7941000000000006e-05
5.7831000000000002e-05
5.7782000000000003e-05
5.7941000000000006e-05
5.7661000000000002e-05
7.9081999999999999e-05
5.8172000000000005e-05
5.7761000000000005e-05
5.8131000000000003e-05
5.8092000000000006e-05
5.7971000000000005e-05
5.7391000000000007e-05
5.7882000000000006e-05
8.0111000000000006e-05
5.8162000000000003e-05
5.8031000000000001e-05
5.8161000000000001e-05
5.8102e-05
5.8221000000000004e-05
5.7651000000000001e-05
5.8042000000000004e-05
8.5942000000000012e-05
5.8071000000000007e-05
5.7961000000000003e-05
6.9082e-05
8.2032000000000003e-05
6.3060999999999998e-05
5.7992000000000003e-05
5.8141000000000005e-05
7.9792000000000011e-05
5.8121000000000001e-05
5.7941000000000006e-05
5.8082000000000004e-05
5.7551000000000005e-05
5.8081000000000002e-05
5.8152000000000002e-05
5.7991000000000001e-05
8.0492000000000001e-05
5.8171000000000003e-05
5.8042000000000004e-05
5.8001000000000003e-05
5.7581000000000003e-05
5.7971000000000005e-05
5.7931000000000005e-05
5.7991000000000001e-05
7.8662e-05
5.7871000000000002e-05
5.8132000000000005e-05
5.7341000000000005e-05
5.7851000000000006e-05
5.8062000000000001e-05
5.8001000000000003e-05
5.7861e-05
7.6302000000000002e-05
5.8261000000000003e-05
5.8092000000000006e-05
6.3311000000000004e-05
5.7901000000000007e-05
6.7132000000000007e-05
5.7761000000000005e-05
5.7872000000000004e-05
7.8881000000000006e-05
5.7842000000000006e-05
5.7491000000000002e-05
5.8171000000000003e-05
5.8292000000000004e-05
5.8171000000000003e-05
5.8111000000000007e-05
5.8182000000000006e-05
5.8081000000000002e-05
5.8081000000000002e-05
5.7882000000000006e-05
5.8271000000000005e-05
5.8201000000000001e-05
5.8052000000000006e-05
5.7971000000000005e-05
5.8271000000000005e-05
5.7842000000000006e-05
6.359200000000001e-05
5.8191000000000006e-05
5.8131000000000003e-05
5.8192000000000001e-05
5.8151000000000006e-05
5.8131000000000003e-05
5.8352000000000006e-05
5.8181000000000004e-05
7.5592000000000004e-05
5.7991000000000001e-05
6.3371e-05
5.7952000000000004e-05
5.7871000000000002e-05
5.7891000000000005e-05
5.7532000000000004e-05
5.7881000000000004e-05
7.6532000000000005e-05
5.8001000000000003e-05
6.3792000000000002e-05
7.9592000000000006e-05
5.8311000000000005e-05
5.8081000000000002e-05
5.7992000000000003e-05
7.5711000000000007e-05
5.8161000000000001e-05
5.8111000000000007e-05
5.7921000000000003e-05
5.8041000000000002e-05
5.8051000000000004e-05
5.7851000000000006e-05
5.7552000000000001e-05
0.00017205900000000001
0.00019348400000000001
5.3512000000000005e-05
4.4901000000000003e-05
3.8341000000000004e-05
4.7961000000000004e-05
3.8001000000000004e-05
3.8230000000000005e-05
3.8051000000000006e-05
3.8180999999999999e-05
3.8101e-05
3.8141e-05
3.8171000000000004e-05
3.8180999999999999e-05
3.8010000000000004e-05
3.8161000000000003e-05
3.8241000000000002e-05
3.8081000000000004e-05
3.8031000000000002e-05
3.8051000000000006e-05
3.8031000000000002e-05
3.8111000000000002e-05
3.799e-05
3.7921000000000005e-05
3.8121000000000003e-05
3.8111000000000002e-05
3.8101e-05
3.8081000000000004e-05
3.8121000000000003e-05
3.8130000000000003e-05
3.8121000000000003e-05
3.8141e-05
3.8121000000000003e-05
3.8041000000000004e-05
3.8031000000000002e-05
3.7961000000000005e-05
3.8231e-05
8.5141000000000004e-05
3.8141e-05
3.9750999999999999e-05
5.3461000000000002e-05
4.0361000000000002e-05
3.7991000000000003e-05
3.7941000000000001e-05
4.9181000000000002e-05
3.8211000000000004e-05
3.8191000000000001e-05
3.8071000000000002e-05
3.8141e-05
3.7930000000000004e-05
3.8010999999999999e-05
3.8151000000000001e-05
3.8081000000000004e-05
3.8061e-05
3.8111000000000002e-05
3.8091000000000005e-05
3.8020000000000005e-05
3.8001000000000004e-05
3.8010999999999999e-05
3.8191000000000001e-05
3.8091000000000005e-05
3.8021000000000001e-05
3.8061e-05
3.7970999999999999e-05
3.8000000000000002e-05
3.8041000000000004e-05
3.7951000000000003e-05
3.8021000000000001e-05
3.8010999999999999e-05
3.8031000000000002e-05
3.8271e-05
3.8080000000000001e-05
3.7881000000000005e-05
3.8071000000000002e-05
3.8041000000000004e-05
3.7911000000000003e-05
3.8101e-05
3.8111000000000002e-05
3.8111000000000002e-05
5.3691000000000005e-05
5.5501000000000003e-05
3.8031000000000002e-05
3.8111000000000002e-05
3.8141e-05
3.8091000000000005e-05
3.7970000000000004e-05
3.8081000000000004e-05
3.7961000000000005e-05
3.7851000000000001e-05
5.0201000000000003e-05
3.8231e-05
4.0961000000000003e-05
3.9321000000000005e-05
3.7951000000000003e-05
3.7961000000000005e-05
3.799e-05
8.9512000000000006e-05
3.8140000000000004e-05
3.7961000000000005e-05
3.8161000000000003e-05
3.8051000000000006e-05
3.7961000000000005e-05
3.8061e-05
3.8081000000000004e-05
3.7960000000000002e-05
3.8171000000000004e-05
3.8001000000000004e-05
3.8091000000000005e-05
3.7861000000000002e-05
3.8001000000000004e-05
3.8071000000000002e-05
3.8051000000000006e-05
3.8180000000000004e-05
3.7891e-05
3.7871000000000004e-05
3.7911000000000003e-05
3.8041000000000004e-05
3.8041000000000004e-05
3.8171000000000004e-05
3.8230000000000005e-05
3.7881000000000005e-05
3.8141e-05
3.8241000000000002e-05
3.8010999999999999e-05
3.8010999999999999e-05
3.7991000000000003e-05
3.8091000000000005e-05
3.7890000000000005e-05
3.8221000000000006e-05
3.8021000000000001e-05
5.4911000000000003e-05
3.8201000000000002e-05
3.8031000000000002e-05
3.7911000000000003e-05
3.7951000000000003e-05
3.8010999999999999e-05
3.8041000000000004e-05
3.8000000000000002e-05
3.8111000000000002e-05
3.8081000000000004e-05
3.7821000000000003e-05
3.7871000000000004e-05
3.8041000000000004e-05
3.8091000000000005e-05
3.8061e-05
3.8060000000000005e-05
3.7811000000000001e-05
3.7931e-05
3.8041000000000004e-05
5.2401000000000002e-05
3.8571000000000001e-05
3.7991000000000003e-05
3.8111000000000002e-05
3.8010999999999999e-05
3.8001000000000004e-05
3.7930000000000004e-05
3.8091000000000005e-05
3.8231e-05
3.8081000000000004e-05
3.7951000000000003e-05
3.8091000000000005e-05
3.8101e-05
3.807e-05
3.8151000000000001e-05
3.8010999999999999e-05
3.8071000000000002e-05
3.8111000000000002e-05
3.7991000000000003e-05
3.8001000000000004e-05
3.8061e-05
3.8170000000000002e-05
3.8081000000000004e-05
3.8201000000000002e-05
3.8091000000000005e-05
3.7961000000000005e-05
3.8131000000000005e-05
3.7961000000000005e-05
3.7870000000000002e-05
3.8090000000000003e-05
3.8021000000000001e-05
5.3701000000000006e-05
3.8251000000000004e-05
3.8201000000000002e-05
3.8121000000000003e-05
3.7840999999999999e-05
3.8171000000000004e-05
3.8051000000000006e-05
3.8171000000000004e-05
4.4961000000000005e-05
3.8090000000000003e-05
3.8061e-05
3.8071000000000002e-05
3.8131000000000005e-05
8.1082000000000007e-05
3.8261000000000005e-05
3.8201000000000002e-05
3.8121000000000003e-05
3.8319999999999999e-05
3.8251000000000004e-05
3.8131000000000005e-05
3.8191000000000001e-05
3.8171000000000004e-05
3.8321000000000001e-05
3.8371000000000002e-05
3.8140000000000004e-05
3.8251000000000004e-05
3.8141e-05
3.8111000000000002e-05
3.8191000000000001e-05
3.8010999999999999e-05
3.8071000000000002e-05
3.8191000000000001e-05
3.8170000000000002e-05
3.8191000000000001e-05
3.8231e-05
3.8021000000000001e-05
3.8141e-05
3.8041000000000004e-05
3.8231e-05
3.8061e-05
3.8010000000000004e-05
3.8101e-05
3.8121000000000003e-05
3.8171000000000004e-05
3.8131000000000005e-05
3.8201000000000002e-05
3.8131000000000005e-05
5.0251000000000004e-05
3.8251000000000004e-05
3.8161000000000003e-05
5.4481000000000002e-05
3.8061e-05
3.8010000000000004e-05
3.82e-05
3.7970999999999999e-05
3.8091000000000005e-05
3.8231e-05
3.8041000000000004e-05
3.8211000000000004e-05
3.8151000000000001e-05
3.8160000000000001e-05
3.8261000000000005e-05
3.7981000000000001e-05
3.8091000000000005e-05
3.8180999999999999e-05
3.8180999999999999e-05
3.8201000000000002e-05
3.8321000000000001e-05
3.8210000000000002e-05
3.8161000000000003e-05
3.8041000000000004e-05
3.8051000000000006e-05
3.8021000000000001e-05
3.8141e-05
3.8041000000000004e-05
3.8120000000000001e-05
3.8230000000000005e-05
3.8071000000000002e-05
3.8121000000000003e-05
3.8111000000000002e-05
3.8281000000000002e-05
3.8001000000000004e-05
3.8261000000000005e-05
3.8140000000000004e-05
3.8111000000000002e-05
3.8001000000000004e-05
3.8071000000000002e-05
3.8001000000000004e-05
3.8171000000000004e-05
3.8211000000000004e-05
3.8171000000000004e-05
3.8170000000000002e-05
3.8031000000000002e-05
3.8121000000000003e-05
3.8051000000000006e-05
3.8141e-05
3.8161000000000003e-05
3.7921000000000005e-05
3.824e-05
3.8111000000000002e-05
3.8010999999999999e-05
6.2411999999999998e-05
3.8091000000000005e-05
3.8300000000000003e-05
3.8241000000000002e-05
3.8241000000000002e-05
3.8111000000000002e-05
3.8091000000000005e-05
3.8191000000000001e-05
3.8001000000000004e-05
3.8109999999999999e-05
3.8131000000000005e-05
3.8281000000000002e-05
3.8201000000000002e-05
3.8251000000000004e-05
3.8141e-05
3.8111000000000002e-05
3.8171000000000004e-05
3.803e-05
3.8071000000000002e-05
3.8111000000000002e-05
3.8010999999999999e-05
3.8061e-05
3.8071000000000002e-05
3.8041000000000004e-05
3.8281000000000002e-05
3.7980000000000006e-05
3.8010999999999999e-05
3.7991000000000003e-05
3.8041000000000004e-05
3.7941000000000001e-05
3.8121000000000003e-05
3.8161000000000003e-05
3.803e-05
3.8041000000000004e-05
3.8111000000000002e-05
3.7981000000000001e-05
3.8180999999999999e-05
3.8021000000000001e-05
3.8001000000000004e-05
3.8231e-05
3.8190000000000005e-05
3.8041000000000004e-05
3.8161000000000003e-05
3.8141e-05
3.8001000000000004e-05
3.8131000000000005e-05
3.8241000000000002e-05
3.8000000000000002e-05
3.7981000000000001e-05
3.8010999999999999e-05
3.7831000000000004e-05
5.3521000000000005e-05
3.8241000000000002e-05
3.8151000000000001e-05
3.8071000000000002e-05
3.8291000000000003e-05
3.8171000000000004e-05
3.8371000000000002e-05
3.807e-05
3.8171000000000004e-05
3.8291000000000003e-05
3.8101e-05
3.8171000000000004e-05
3.8091000000000005e-05
3.8201000000000002e-05
3.8210000000000002e-05
3.7991000000000003e-05
3.8031000000000002e-05
3.8101e-05
3.8091000000000005e-05
3.8031000000000002e-05
3.8041000000000004e-05
3.8211000000000004e-05
3.8170000000000002e-05
3.8131000000000005e-05
3.8031000000000002e-05
3.8221000000000006e-05
3.8251000000000004e-05
3.8241000000000002e-05
3.8051000000000006e-05
3.8141e-05
3.8080000000000001e-05
3.8111000000000002e-05
3.8081000000000004e-05
3.8141e-05
5.0201000000000003e-05
3.8161000000000003e-05
3.8141e-05
3.8191000000000001e-05
3.8391000000000006e-05
3.8220000000000003e-05
3.8140000000000004e-05
3.8121000000000003e-05
3.8251000000000004e-05
6.8431999999999998e-05
3.8161000000000003e-05
3.8080000000000001e-05
3.8051000000000006e-05
3.8051000000000006e-05
3.8021000000000001e-05
0.000104863
5.5161000000000003e-05
5.2811000000000006e-05
5.4371000000000005e-05
5.6182000000000005e-05
5.6101000000000004e-05
5.6201000000000006e-05
5.5911000000000001e-05
5.3331000000000002e-05
5.5261000000000005e-05
5.5601000000000005e-05
5.5562000000000001e-05
5.5711000000000002e-05
5.5741e-05
5.5891000000000004e-05
5.5702000000000003e-05
5.5571e-05
5.5321000000000001e-05
6.0092000000000007e-05
5.5191000000000001e-05
5.4361000000000004e-05
5.5131000000000005e-05
5.5272000000000002e-05
5.5661000000000001e-05
5.5771000000000005e-05
5.5661000000000001e-05
5.6012000000000005e-05
5.5811000000000005e-05
5.5851000000000004e-05
7.7452000000000003e-05
5.5741e-05
5.5642e-05
5.5351000000000006e-05
5.5721000000000004e-05
5.5701000000000001e-05
5.5442000000000002e-05
5.5871000000000001e-05
5.5971000000000003e-05
5.5841000000000003e-05
5.5992000000000002e-05
5.6041000000000001e-05
5.5571e-05
5.5581000000000002e-05
5.5291000000000003e-05
5.5761000000000004e-05
5.5531000000000001e-05
5.5692000000000001e-05
5.4241000000000005e-05
5.3931000000000003e-05
5.5801000000000003e-05
5.5722000000000006e-05
5.5631000000000003e-05
5.5631000000000003e-05
5.5091000000000005e-05
3.7991000000000003e-05
3.7991000000000003e-05
3.8081000000000004e-05
3.8010999999999999e-05
3.8091000000000005e-05
3.8101e-05
3.8190000000000005e-05
4.6552000000000004e-05
3.8190000000000005e-05
3.8231e-05
3.8291000000000003e-05
3.8261000000000005e-05
3.8411000000000002e-05
3.8311e-05
5.4671000000000006e-05
3.8271e-05
3.8261000000000005e-05
3.8211000000000004e-05
3.8231e-05
3.8230000000000005e-05
3.8071000000000002e-05
3.8211000000000004e-05
3.8111000000000002e-05
3.8121000000000003e-05
3.8241000000000002e-05
3.8071000000000002e-05
3.7921000000000005e-05
3.8180000000000004e-05
3.7931e-05
3.7961000000000005e-05
3.8091000000000005e-05
3.8071000000000002e-05
3.8041000000000004e-05
3.8071000000000002e-05
3.8190000000000005e-05
3.8140000000000004e-05
3.8051000000000006e-05
3.8061e-05
3.7921000000000005e-05
3.8051000000000006e-05
3.8111000000000002e-05
3.8201000000000002e-05
3.8120000000000001e-05
3.8031000000000002e-05
3.8281000000000002e-05
5.6471000000000002e-05
3.8109999999999999e-05
3.8311e-05
3.8191000000000001e-05
3.8171000000000004e-05
3.8301000000000005e-05
3.8301000000000005e-05
3.8211000000000004e-05
3.8050000000000003e-05
3.8180999999999999e-05
3.8121000000000003e-05
3.8111000000000002e-05
3.8411000000000002e-05
3.8231e-05
3.8141e-05
3.8131000000000005e-05
3.8140000000000004e-05
3.8191000000000001e-05
3.8271e-05
3.8171000000000004e-05
5.4461000000000006e-05
3.8261000000000005e-05
3.8261000000000005e-05
3.8221000000000006e-05
3.8131000000000005e-05
3.8141e-05
3.8180999999999999e-05
3.824e-05
3.8291000000000003e-05
3.8151000000000001e-05
3.8091000000000005e-05
3.8071000000000002e-05
3.8061e-05
3.8111000000000002e-05
3.8131000000000005e-05
3.8100000000000005e-05
3.8121000000000003e-05
3.7961000000000005e-05
3.7921000000000005e-05
3.8091000000000005e-05
3.8131000000000005e-05
3.8161000000000003e-05
3.8120000000000001e-05
3.7981000000000001e-05
3.8121000000000003e-05
3.8091000000000005e-05
3.8091000000000005e-05
3.8221000000000006e-05
3.8031000000000002e-05
3.8311e-05
3.8109999999999999e-05
3.8151000000000001e-05
3.8111000000000002e-05
3.8071000000000002e-05
3.8211000000000004e-05
4.5731e-05
3.8271e-05
5.5071000000000002e-05
5.3551000000000003e-05
5.3232000000000001e-05
5.3501000000000002e-05
5.2571000000000002e-05
4.7221000000000001e-05
8.1621999999999999e-05
3.8201000000000002e-05
3.8231e-05
5.0471000000000005e-05
5.5521000000000006e-05
3.8371000000000002e-05
3.8091000000000005e-05
3.8081000000000004e-05
4.9591e-05
3.8111000000000002e-05
3.8261000000000005e-05
3.8230000000000005e-05
3.8121000000000003e-05
3.8061e-05
3.7991000000000003e-05
3.7991000000000003e-05
3.7991000000000003e-05
3.8061e-05
3.8151000000000001e-05
3.7850000000000005e-05
3.7871000000000004e-05
3.8061e-05
3.8131000000000005e-05
3.8031000000000002e-05
3.7951000000000003e-05
3.7941000000000001e-05
3.7930000000000004e-05
3.8081000000000004e-05
3.7931e-05
3.7881000000000005e-05
3.7931e-05
3.8051000000000006e-05
3.7921000000000005e-05
3.8091000000000005e-05
3.7930000000000004e-05
3.7791000000000005e-05
3.8010999999999999e-05
3.7941000000000001e-05
3.7981000000000001e-05
3.8180999999999999e-05
3.8001000000000004e-05
3.8050000000000003e-05
3.7951000000000003e-05
5.5842000000000005e-05
5.5491000000000001e-05
5.5371000000000002e-05
5.5201000000000002e-05
5.5362000000000003e-05
5.5461000000000003e-05
5.5461000000000003e-05
5.5491000000000001e-05
9.6278000000000002e-05
5.6361000000000005e-05
5.6681000000000002e-05
5.6351000000000003e-05
5.6582000000000001e-05
5.6511000000000002e-05
5.6411000000000006e-05
5.6562000000000005e-05
5.6541000000000006e-05
5.6441000000000004e-05
5.6481000000000004e-05
5.6472000000000004e-05
5.6431000000000002e-05
5.6051000000000003e-05
5.6572000000000007e-05
5.6421000000000001e-05
5.6431000000000002e-05
5.6611000000000004e-05
6.5782000000000001e-05
5.6391000000000003e-05
5.6132000000000004e-05
5.6531000000000005e-05
5.6461e-05
5.6251000000000001e-05
5.6312000000000006e-05
5.6501000000000007e-05
5.6201000000000006e-05
5.6532e-05
5.6461e-05
5.6141000000000003e-05
7.8212000000000003e-05
5.5751000000000002e-05
5.6541000000000006e-05
6.2172e-05
5.6681000000000002e-05
5.6161000000000007e-05
5.6361000000000005e-05
5.6201000000000006e-05
5.6631e-05
5.6612000000000006e-05
5.6531000000000005e-05
5.6241000000000006e-05
5.6471000000000002e-05
7.2581000000000002e-05
5.6491000000000005e-05
6.2432000000000001e-05
5.6641000000000002e-05
5.6301000000000002e-05
5.6572000000000007e-05
5.7021000000000002e-05
5.6341000000000001e-05
5.6682000000000004e-05
5.6301000000000002e-05
5.6181000000000003e-05
5.5881000000000003e-05
5.6272000000000006e-05
5.5951e-05
5.7471000000000006e-05
5.7922000000000005e-05
5.7831000000000002e-05
5.7911000000000002e-05
5.7762e-05
5.7701000000000002e-05
7.8832000000000007e-05
5.7061000000000001e-05
5.5741e-05
5.5972000000000006e-05
6.1761000000000007e-05
5.7581000000000003e-05
5.7982000000000002e-05
5.7581000000000003e-05
5.7971000000000005e-05
5.6902000000000005e-05
5.6271000000000004e-05
5.5041000000000004e-05
5.5971000000000003e-05
5.7402000000000004e-05
5.6481000000000004e-05
5.6401000000000004e-05
5.6422000000000003e-05
6.5050999999999998e-05
5.6631e-05
5.6352000000000005e-05
5.6551000000000001e-05
5.6471000000000002e-05
5.6281000000000005e-05
5.6692000000000005e-05
5.6281000000000005e-05
5.6261000000000002e-05
5.6842000000000002e-05
5.6441000000000004e-05
5.6401000000000004e-05
5.6641000000000002e-05
5.6391000000000003e-05
5.6651000000000004e-05
5.6901000000000003e-05
5.6352000000000005e-05
0.00013742800000000001
8.6877000000000002e-05
5.2931000000000005e-05
5.8571000000000006e-05
6.0222e-05
5.6171000000000001e-05
5.6261000000000002e-05
5.6652000000000006e-05
5.6271000000000004e-05
5.6321000000000005e-05
5.6382000000000003e-05
5.6771000000000002e-05
5.6641000000000002e-05
5.6031000000000006e-05
5.6062000000000006e-05
5.6801e-05
5.6081000000000001e-05
5.6412000000000001e-05
5.6271000000000004e-05
5.5831000000000001e-05
5.6541000000000006e-05
5.6302000000000004e-05
5.6381000000000001e-05
5.6231000000000004e-05
5.6101000000000004e-05
5.5912000000000003e-05
5.6951000000000004e-05
5.5201000000000002e-05
5.5302e-05
9.6744000000000008e-05
5.5811000000000005e-05
5.5631000000000003e-05
5.5682000000000007e-05
5.6121e-05
5.5911000000000001e-05
5.5542000000000005e-05
5.5561000000000006e-05
5.5821000000000006e-05
5.5481000000000006e-05
5.5602000000000001e-05
4.9671000000000006e-05
5.5651000000000006e-05
5.6011000000000003e-05
5.5092e-05
5.6091000000000002e-05
6.466100000000001e-05
5.5702000000000003e-05
5.6031000000000006e-05
5.6591000000000001e-05
5.5731000000000006e-05
5.5492000000000003e-05
5.5761000000000004e-05
5.5391000000000005e-05
5.5812e-05
5.5951e-05
5.6131000000000002e-05
5.5571e-05
8.8870000000000008e-05
4.5831000000000002e-05
6.9992000000000003e-05
5.4801000000000006e-05
5.5511000000000004e-05
5.5102000000000002e-05
5.4541000000000005e-05
5.5881000000000003e-05
5.5512000000000007e-05
5.5351000000000006e-05
5.5481000000000006e-05
5.5611000000000007e-05
5.5332000000000005e-05
8.0864000000000004e-05
3.8190000000000005e-05
3.8111000000000002e-05
4.2781000000000003e-05
5.3342000000000005e-05
5.2451000000000003e-05
5.4781000000000003e-05
5.5421000000000004e-05
5.5681000000000004e-05
5.5261000000000005e-05
5.5451000000000002e-05
5.9381000000000006e-05
5.4712000000000001e-05
5.4851000000000001e-05
5.5351000000000006e-05
5.5861000000000006e-05
5.6072000000000001e-05
5.5841000000000003e-05
5.5851000000000004e-05
0.00010989100000000001
4.6881000000000001e-05
4.4871000000000005e-05
3.8161000000000003e-05
3.8251000000000004e-05
4.4611000000000004e-05
5.2181000000000001e-05
5.2751000000000004e-05
5.0101e-05
3.8191000000000001e-05
3.8101e-05
6.4201000000000004e-05
5.4232000000000005e-05
5.5311000000000006e-05
5.5091000000000005e-05
5.5161000000000003e-05
5.5122000000000005e-05
5.5371000000000002e-05
9.5532000000000006e-05
5.8141000000000005e-05
7.236200000000001e-05
5.8601000000000004e-05
5.8352000000000006e-05
5.8371000000000001e-05
5.8301000000000003e-05
5.8712000000000003e-05
6.3751000000000007e-05
5.8431000000000003e-05
5.8132000000000005e-05
5.7921000000000003e-05
5.7781000000000001e-05
0.00011456300000000001
5.6871000000000005e-05
5.6782000000000006e-05
5.6681000000000002e-05
5.6381000000000001e-05
5.6521000000000003e-05
5.6211000000000001e-05
5.6381000000000001e-05
7.6032000000000007e-05
5.6821000000000004e-05
5.6481000000000004e-05
5.6792000000000001e-05
5.6511000000000002e-05
5.6161000000000007e-05
5.6542000000000002e-05
5.6631e-05
8.186200000000001e-05
5.6521000000000003e-05
5.7121000000000004e-05
5.6702e-05
5.6571000000000004e-05
5.6601000000000002e-05
5.6742000000000007e-05
5.6711000000000006e-05
7.495200000000001e-05
5.6601000000000002e-05
5.6641000000000002e-05
5.6461e-05
5.6732000000000005e-05
5.6461e-05
5.6721000000000001e-05
5.6172000000000004e-05
7.6401000000000003e-05
5.6422000000000003e-05
5.6551000000000001e-05
7.9412000000000005e-05
5.6571000000000004e-05
5.6651000000000004e-05
5.6282000000000001e-05
5.6811000000000002e-05
7.5402000000000008e-05
5.6711000000000006e-05
5.6911000000000004e-05
5.6592000000000003e-05
5.6301000000000002e-05
5.5481000000000006e-05
5.6361000000000005e-05
5.6471000000000002e-05
7.6092000000000003e-05
8.6452000000000005e-05
5.6591000000000001e-05
5.5881000000000003e-05
5.6771000000000002e-05
5.6412000000000001e-05
5.6861000000000003e-05
5.6371000000000006e-05
7.5442e-05
5.6741000000000004e-05
5.6562000000000005e-05
5.6911000000000004e-05
5.6741000000000004e-05
5.6882000000000002e-05
5.6501000000000007e-05
5.6441000000000004e-05
7.6042000000000001e-05
5.7021000000000002e-05
5.7201000000000003e-05
5.6781000000000004e-05
5.6711000000000006e-05
5.6581000000000006e-05
5.6922000000000002e-05
5.6471000000000002e-05
5.6851000000000002e-05
7.639200000000001e-05
5.6471000000000002e-05
5.6412000000000001e-05
6.2681000000000005e-05
5.7001000000000005e-05
5.6942000000000005e-05
5.6211000000000001e-05
5.7481000000000001e-05
8.2162000000000004e-05
5.7011000000000007e-05
5.6991000000000004e-05
5.6941000000000003e-05
5.6811000000000002e-05
5.6992000000000006e-05
5.7251000000000005e-05
5.7091000000000006e-05
8.2322000000000002e-05
5.6221000000000003e-05
5.6711000000000006e-05
5.6831000000000005e-05
5.6891000000000001e-05
5.6952000000000006e-05
5.5651000000000006e-05
5.6091000000000002e-05
7.7862000000000008e-05
5.6381000000000001e-05
5.7582000000000005e-05
5.7591000000000005e-05
5.7611000000000001e-05
5.7812000000000001e-05
5.7791000000000003e-05
5.7191000000000002e-05
5.6932000000000003e-05
5.6021000000000005e-05
5.6191000000000005e-05
5.7301000000000006e-05
9.2682000000000005e-05
5.7711000000000004e-05
5.7961000000000003e-05
5.6421000000000001e-05
8.4302000000000007e-05
6.2142000000000002e-05
5.6361000000000005e-05
5.6171000000000001e-05
5.6592000000000003e-05
5.6831000000000005e-05
5.6571000000000004e-05
5.7142000000000003e-05
5.6881000000000006e-05
6.291200000000001e-05
5.6671000000000007e-05
5.6921000000000006e-05
5.6712000000000002e-05
5.6951000000000004e-05
5.6841000000000007e-05
5.6321000000000005e-05
5.6792000000000001e-05
7.6431000000000001e-05
5.6301000000000002e-05
5.6221000000000003e-05
5.6931000000000001e-05
5.6612000000000006e-05
5.6651000000000004e-05
5.6831000000000005e-05
5.6592000000000003e-05
0.00019237900000000001
0.00010706700000000001
5.4742000000000005e-05
8.1897000000000005e-05
5.8231000000000005e-05
5.8191000000000006e-05
5.7172000000000001e-05
5.8191000000000006e-05
5.7961000000000003e-05
5.8132000000000005e-05
5.8021000000000006e-05
5.7981000000000006e-05
5.8171000000000003e-05
5.8161000000000001e-05
5.7361000000000002e-05
5.8051000000000004e-05
5.8142000000000007e-05
8.0512000000000004e-05
5.8161000000000001e-05
5.8411e-05
5.8262000000000006e-05
5.7431000000000006e-05
5.7011000000000007e-05
0.00010432300000000001
5.8651000000000005e-05
8.1232000000000011e-05
9.7052000000000005e-05
3.8321000000000001e-05
3.8211000000000004e-05
3.8241000000000002e-05
3.8251000000000004e-05
3.82e-05
3.8060000000000005e-05
3.8221000000000006e-05
3.8161000000000003e-05
5.1931000000000001e-05
4.7841000000000005e-05
3.8211000000000004e-05
3.8121000000000003e-05
3.8121000000000003e-05
3.8251000000000004e-05
3.8211000000000004e-05
4.2421000000000006e-05
5.2931000000000005e-05
3.8671000000000003e-05
3.7991000000000003e-05
3.8171000000000004e-05
3.8020000000000005e-05
3.8111000000000002e-05
3.8271e-05
3.8211000000000004e-05
3.8161000000000003e-05
3.8131000000000005e-05
3.8381000000000004e-05
3.8170000000000002e-05
3.7961000000000005e-05
3.8121000000000003e-05
3.8180999999999999e-05
3.8051000000000006e-05
3.8180999999999999e-05
3.8081000000000004e-05
3.8180999999999999e-05
3.8060000000000005e-05
3.8091000000000005e-05
3.7970999999999999e-05
3.8161000000000003e-05
3.7991000000000003e-05
3.8051000000000006e-05
3.7991000000000003e-05
3.8151000000000001e-05
3.8010000000000004e-05
3.7921000000000005e-05
3.7931e-05
5.5651000000000006e-05
3.8191000000000001e-05
4.5081000000000004e-05
7.1122000000000001e-05
3.8461000000000003e-05
3.8121000000000003e-05
5.0361000000000001e-05
3.9281000000000006e-05
3.8221000000000006e-05
3.8080000000000001e-05
3.8140000000000004e-05
3.8091000000000005e-05
3.8221000000000006e-05
3.8331000000000003e-05
3.8101e-05
3.8191000000000001e-05
5.1541e-05
3.8350999999999999e-05
3.8111000000000002e-05
4.2971000000000006e-05
3.8061e-05
3.8060000000000005e-05
3.8161000000000003e-05
3.8161000000000003e-05
3.8131000000000005e-05
3.7981000000000001e-05
3.8051000000000006e-05
3.8111000000000002e-05
3.8150000000000006e-05
3.8211000000000004e-05
3.8281000000000002e-05
3.8201000000000002e-05
3.8091000000000005e-05
3.8081000000000004e-05
4.0351e-05
3.8041000000000004e-05
3.8080000000000001e-05
3.8241000000000002e-05
4.0451000000000003e-05
3.8350999999999999e-05
3.8180999999999999e-05
3.8321000000000001e-05
3.9421000000000001e-05
4.6731000000000004e-05
4.2071000000000004e-05
4.1091000000000003e-05
5.6931000000000001e-05
3.9591000000000001e-05
7.2542000000000011e-05
4.6951000000000005e-05
4.2011000000000001e-05
5.2141000000000001e-05
6.877100000000001e-05
3.8391000000000006e-05
5.1781000000000004e-05
4.9811000000000001e-05
3.8401e-05
5.5161000000000003e-05
5.4721e-05
5.4991000000000003e-05
5.4092000000000003e-05
5.5121000000000003e-05
5.9741000000000003e-05
5.4911000000000003e-05
5.4672000000000001e-05
5.4581000000000005e-05
5.5861000000000006e-05
5.5871000000000001e-05
5.5901000000000006e-05
5.5901000000000006e-05
5.6161000000000007e-05
5.6002000000000004e-05
5.6091000000000002e-05
5.6051000000000003e-05
5.6101000000000004e-05
5.5882000000000005e-05
5.5991000000000007e-05
5.6021000000000005e-05
5.5942000000000001e-05
5.6151000000000005e-05
5.6021000000000005e-05
5.5961000000000002e-05
5.5942000000000001e-05
5.6111000000000005e-05
7.7662000000000003e-05
5.6131000000000002e-05
5.5951e-05
5.4132000000000003e-05
5.4401000000000003e-05
5.5751000000000002e-05
5.5411000000000002e-05
5.5212000000000006e-05
5.5481000000000006e-05
5.5371000000000002e-05
5.5471000000000005e-05
5.5702000000000003e-05
5.5631000000000003e-05
5.4781000000000003e-05
5.2681000000000006e-05
5.8372000000000003e-05
5.3051000000000004e-05
5.9691000000000002e-05
5.4622000000000007e-05
5.4581000000000005e-05
5.5131000000000005e-05
5.5761000000000004e-05
5.5922000000000004e-05
5.6011000000000003e-05
5.5961000000000002e-05
6.8011999999999999e-05
5.6251000000000001e-05
5.5841000000000003e-05
5.5922000000000004e-05
5.6021000000000005e-05
5.5811000000000005e-05
5.3281e-05
5.8712000000000003e-05
5.3301000000000003e-05
7.4012000000000009e-05
5.1221000000000003e-05
5.1211000000000001e-05
5.0601000000000006e-05
5.1631000000000001e-05
5.3782000000000001e-05
5.8681000000000003e-05
5.8651000000000005e-05
4.1401000000000006e-05
5.8992e-05
3.8380000000000002e-05
3.8290000000000001e-05
3.8131000000000005e-05
3.8201000000000002e-05
3.8161000000000003e-05
3.8061e-05
3.8081000000000004e-05
3.8171000000000004e-05
3.8279999999999999e-05
3.8201000000000002e-05
4.5481e-05
4.1971000000000002e-05
4.4041000000000001e-05
5.2732000000000003e-05
5.3961000000000001e-05
5.3691000000000005e-05
5.4191000000000003e-05
5.3121000000000002e-05
5.1952e-05
3.8121000000000003e-05
3.807e-05
3.8101e-05
3.8010999999999999e-05
3.8101e-05
4.9371000000000006e-05
3.8341000000000004e-05
3.8001000000000004e-05
3.8061e-05
3.8241000000000002e-05
3.8231e-05
5.3141000000000005e-05
5.2911000000000002e-05
5.3351000000000005e-05
7.1522000000000011e-05
5.2621000000000003e-05
5.2251000000000005e-05
5.3441000000000006e-05
5.4302000000000003e-05
5.3871000000000006e-05
5.2501000000000004e-05
5.2341000000000006e-05
5.2681000000000006e-05
5.2951000000000002e-05
3.8041000000000004e-05
3.807e-05
3.8131000000000005e-05
3.7970999999999999e-05
3.7991000000000003e-05
3.8041000000000004e-05
5.0251000000000004e-05
4.4201000000000006e-05
3.7970999999999999e-05
3.7941000000000001e-05
3.8171000000000004e-05
3.7911000000000003e-05
3.8080000000000001e-05
3.8021000000000001e-05
3.8171000000000004e-05
6.8962000000000008e-05
3.8171000000000004e-05
3.8160000000000001e-05
3.8090000000000003e-05
3.8111000000000002e-05
3.8301000000000005e-05
3.8131000000000005e-05
3.8191000000000001e-05
3.8231e-05
3.8010999999999999e-05
3.8120000000000001e-05
3.8211000000000004e-05
3.8021000000000001e-05
3.8251000000000004e-05
3.8171000000000004e-05
3.8261000000000005e-05
3.8121000000000003e-05
3.8121000000000003e-05
3.8150000000000006e-05
5.0272000000000003e-05
7.123100000000001e-05
4.8521000000000005e-05
3.8001000000000004e-05
3.8141e-05
3.8211000000000004e-05
3.8131000000000005e-05
3.8021000000000001e-05
3.8141e-05
3.8010000000000004e-05
3.8031000000000002e-05
3.8101e-05
5.7781000000000001e-05
3.8381000000000004e-05
3.8311e-05
3.8141e-05
3.8241000000000002e-05
3.8180999999999999e-05
3.8111000000000002e-05
3.8261000000000005e-05
3.8140000000000004e-05
3.7891e-05
3.8091000000000005e-05
3.8261000000000005e-05
3.8041000000000004e-05
3.8051000000000006e-05
3.7871000000000004e-05
3.7970000000000004e-05
3.7980000000000006e-05
3.7931e-05
3.8131000000000005e-05
3.8171000000000004e-05
3.8031000000000002e-05
3.8041000000000004e-05
3.8010999999999999e-05
3.8090000000000003e-05
3.7941000000000001e-05
3.8081000000000004e-05
3.8121000000000003e-05
3.8211000000000004e-05
3.8081000000000004e-05
3.7901000000000002e-05
3.8041000000000004e-05
3.7939999999999999e-05
3.8001000000000004e-05
0.00012809800000000002
8.9617000000000006e-05
5.2772000000000002e-05
5.2861000000000001e-05
7.0071e-05
5.5201000000000002e-05
7.8336000000000004e-05
5.4131000000000001e-05
5.3901000000000005e-05
5.4011000000000002e-05
5.4621000000000004e-05
5.3592000000000005e-05
5.4501000000000006e-05
5.3771000000000004e-05
5.3551000000000003e-05
5.3812000000000006e-05
7.3651000000000003e-05
5.4902000000000004e-05
5.4841000000000006e-05
5.5201000000000002e-05
5.5221000000000005e-05
5.5232000000000002e-05
5.5221000000000005e-05
5.4911000000000003e-05
5.5161000000000003e-05
5.5112000000000004e-05
5.5191000000000001e-05
5.5251000000000003e-05
7.3182000000000005e-05
4.6791e-05
4.5961000000000003e-05
3.8291000000000003e-05
4.3381000000000004e-05
5.0271e-05
5.3341000000000003e-05
5.4141000000000002e-05
4.0171000000000006e-05
3.8931000000000004e-05
5.2491000000000003e-05
5.3632000000000004e-05
5.3471000000000004e-05
5.3631000000000002e-05
5.2391e-05
4.6141000000000004e-05
3.7981000000000001e-05
4.7981e-05
4.8551000000000003e-05
3.8201000000000002e-05
3.8101e-05
3.7981000000000001e-05
3.8021000000000001e-05
4.7571000000000002e-05
5.1251000000000001e-05
5.1781000000000004e-05
5.3662000000000002e-05
5.2051e-05
5.3681000000000003e-05
4.9221000000000002e-05
4.7091e-05
5.1661000000000006e-05
5.2272000000000004e-05
5.2541000000000004e-05
5.1791000000000006e-05
5.2911000000000002e-05
5.8552000000000005e-05
5.2441000000000002e-05
5.2211000000000005e-05
5.2161000000000004e-05
8.8472000000000003e-05
5.5321000000000001e-05
5.4832000000000006e-05
5.5041000000000004e-05
5.5171000000000004e-05
5.2671000000000004e-05
5.2631000000000005e-05
5.3402000000000001e-05
5.5741e-05
5.5151000000000001e-05
5.5601000000000005e-05
5.5741e-05
5.6971000000000001e-05
5.6831000000000005e-05
5.6262000000000004e-05
7.1611000000000003e-05
5.5612000000000002e-05
6.6880999999999999e-05
5.6771000000000002e-05
5.5882000000000005e-05
5.6501000000000007e-05
5.4701000000000004e-05
5.4531000000000004e-05
5.6282000000000001e-05
5.6341000000000001e-05
5.6441000000000004e-05
5.7122000000000006e-05
5.6321000000000005e-05
6.2121000000000011e-05
4.0561e-05
7.4072000000000005e-05
3.8371000000000002e-05
3.8151000000000001e-05
3.8161000000000003e-05
3.8090000000000003e-05
3.8221000000000006e-05
3.8311e-05
3.8201000000000002e-05
3.8231e-05
3.8131000000000005e-05
3.8081000000000004e-05
3.8091000000000005e-05
3.8170000000000002e-05
3.8231e-05
3.8211000000000004e-05
4.3911e-05
5.2271000000000001e-05
5.5962000000000004e-05
5.5231e-05
5.5821000000000006e-05
5.5001000000000004e-05
5.5202000000000004e-05
5.5471000000000005e-05
5.5081000000000003e-05
5.5501000000000003e-05
5.5432000000000001e-05
5.5611000000000007e-05
5.5011000000000006e-05
5.5241000000000002e-05
5.5041000000000004e-05
5.4811000000000001e-05
5.4861000000000002e-05
5.5382000000000006e-05
5.5311000000000006e-05
5.5291000000000003e-05
5.5891000000000004e-05
5.5712000000000005e-05
5.5421000000000004e-05
3.9691000000000003e-05
3.8321000000000001e-05
3.8279999999999999e-05
5.6161000000000007e-05
3.8231e-05
3.8281000000000002e-05
3.8160000000000001e-05
3.8191000000000001e-05
3.8401e-05
3.8171000000000004e-05
3.8141e-05
3.7901000000000002e-05
3.8041000000000004e-05
3.7991000000000003e-05
3.7950000000000001e-05
3.8071000000000002e-05
3.8091000000000005e-05
3.8161000000000003e-05
3.8111000000000002e-05
3.7970999999999999e-05
3.8161000000000003e-05
3.8080000000000001e-05
3.8121000000000003e-05
3.8061e-05
3.8081000000000004e-05
3.8021000000000001e-05
5.0401000000000001e-05
3.8211000000000004e-05
3.8191000000000001e-05
3.8311e-05
3.8180999999999999e-05
3.8180000000000004e-05
3.8171000000000004e-05
3.8081000000000004e-05
3.8081000000000004e-05
3.8241000000000002e-05
3.8051000000000006e-05
4.3851000000000004e-05
4.2701000000000003e-05
5.0791000000000002e-05
3.8341000000000004e-05
3.8101e-05
3.8010999999999999e-05
4.4591e-05
5.3431000000000004e-05
4.5701000000000002e-05
3.8350999999999999e-05
4.2501000000000005e-05
5.5351000000000006e-05
3.8271e-05
3.8071000000000002e-05
3.8271e-05
5.6451000000000006e-05
3.8501000000000003e-05
3.8231e-05
3.8191000000000001e-05
3.8230000000000005e-05
3.8171000000000004e-05
3.8281000000000002e-05
3.8051000000000006e-05
3.8201000000000002e-05
3.7991000000000003e-05
3.7961000000000005e-05
3.8040000000000002e-05
3.8141e-05
3.8041000000000004e-05
3.8191000000000001e-05
3.8161000000000003e-05
3.8010999999999999e-05
3.8271e-05
3.7961000000000005e-05
3.8120000000000001e-05
3.8001000000000004e-05
3.8221000000000006e-05
3.8141e-05
3.8111000000000002e-05
3.8051000000000006e-05
3.8191000000000001e-05
3.824e-05
3.8130000000000003e-05
3.8091000000000005e-05
3.8061e-05
3.8231e-05
3.8241000000000002e-05
3.8180999999999999e-05
3.8241000000000002e-05
3.8120000000000001e-05
3.8131000000000005e-05
3.8081000000000004e-05
3.8061e-05
3.8131000000000005e-05
3.8141e-05
3.8111000000000002e-05
3.8081000000000004e-05
3.7890000000000005e-05
3.8071000000000002e-05
3.7961000000000005e-05
3.7970999999999999e-05
3.8081000000000004e-05
3.7961000000000005e-05
3.8010999999999999e-05
3.7939999999999999e-05
3.7991000000000003e-05
5.3872000000000002e-05
3.8130000000000003e-05
3.8091000000000005e-05
3.8021000000000001e-05
3.7891e-05
3.8111000000000002e-05
3.8071000000000002e-05
3.8071000000000002e-05
3.8100000000000005e-05
3.8120000000000001e-05
3.8091000000000005e-05
3.8141e-05
3.8301000000000005e-05
3.8041000000000004e-05
3.8091000000000005e-05
4.6181000000000004e-05
3.8101e-05
3.8170000000000002e-05
3.8080000000000001e-05
3.8111000000000002e-05
3.8081000000000004e-05
3.8031000000000002e-05
3.8021000000000001e-05
3.8221000000000006e-05
3.7951000000000003e-05
3.82e-05
3.7970999999999999e-05
3.8191000000000001e-05
3.8241000000000002e-05
3.8191000000000001e-05
3.8141e-05
3.8081000000000004e-05
3.8031000000000002e-05
3.7920000000000003e-05
3.7911000000000003e-05
3.8201000000000002e-05
3.8010999999999999e-05
3.8151000000000001e-05
3.8021000000000001e-05
3.8031000000000002e-05
3.807e-05
3.8131000000000005e-05
3.7970999999999999e-05
3.8261000000000005e-05
5.6101000000000004e-05
3.8141e-05
3.8381000000000004e-05
3.8231e-05
3.8241000000000002e-05
3.8261000000000005e-05
5.4131000000000001e-05
3.8131000000000005e-05
3.8161000000000003e-05
3.8061e-05
3.799e-05
3.8010999999999999e-05
3.8081000000000004e-05
3.7911000000000003e-05
3.8051000000000006e-05
3.7931e-05
3.8101e-05
3.8141e-05
3.7980000000000006e-05
3.8001000000000004e-05
3.8131000000000005e-05
3.7891e-05
3.8191000000000001e-05
3.8061e-05
3.8081000000000004e-05
3.8100000000000005e-05
3.7911000000000003e-05
3.8001000000000004e-05
3.8051000000000006e-05
3.8121000000000003e-05
3.7981000000000001e-05
3.8031000000000002e-05
3.8061e-05
3.799e-05
3.7951000000000003e-05
3.8010999999999999e-05
3.8161000000000003e-05
3.7981000000000001e-05
3.8211000000000004e-05
3.7991000000000003e-05
3.7930000000000004e-05
3.7970999999999999e-05
3.7981000000000001e-05
3.7871000000000004e-05
3.8031000000000002e-05
3.7981000000000001e-05
3.8151000000000001e-05
3.8081000000000004e-05
3.8060000000000005e-05
3.7921000000000005e-05
3.8071000000000002e-05
3.8081000000000004e-05
3.7911000000000003e-05
3.8021000000000001e-05
3.8081000000000004e-05
3.799e-05
3.7970999999999999e-05
6.3301999999999998e-05
0.00027706600000000002
0.00016604400000000001
3.8191000000000001e-05
3.9971000000000001e-05
5.2531000000000002e-05
8.3122000000000008e-05
8.6672e-05
5.2801000000000005e-05
5.2462e-05
5.3171000000000003e-05
5.3421000000000002e-05
5.2491000000000003e-05
4.7951000000000002e-05
5.0361000000000001e-05
3.8010000000000004e-05
3.8091000000000005e-05
3.8091000000000005e-05
3.8141e-05
3.8010999999999999e-05
3.8071000000000002e-05
3.8101e-05
3.8120000000000001e-05
3.8180999999999999e-05
3.8141e-05
3.8121000000000003e-05
3.8071000000000002e-05
3.8180999999999999e-05
3.8061e-05
3.8251000000000004e-05
3.8150000000000006e-05
5.7512000000000001e-05
3.8141e-05
3.8040000000000002e-05
3.8171000000000004e-05
3.8041000000000004e-05
3.7891e-05
3.8031000000000002e-05
3.7970999999999999e-05
3.8131000000000005e-05
3.8031000000000002e-05
3.803e-05
3.8211000000000004e-05
3.8010999999999999e-05
3.8071000000000002e-05
3.8071000000000002e-05
3.8101e-05
3.8271e-05
3.8010000000000004e-05
3.7991000000000003e-05
5.0611e-05
3.8330000000000001e-05
3.8041000000000004e-05
3.8421000000000004e-05
3.8481e-05
3.8121000000000003e-05
3.8180999999999999e-05
3.8361000000000001e-05
3.8160000000000001e-05
3.8230000000000005e-05
3.8251000000000004e-05
3.8071000000000002e-05
3.8211000000000004e-05
3.8071000000000002e-05
3.8261000000000005e-05
3.8271e-05
3.8180000000000004e-05
3.8291000000000003e-05
3.8321000000000001e-05
3.8261000000000005e-05
3.8111000000000002e-05
3.8341000000000004e-05
3.8211000000000004e-05
3.7991000000000003e-05
3.8000000000000002e-05
3.8121000000000003e-05
3.8301000000000005e-05
3.8141e-05
3.8111000000000002e-05
3.8251000000000004e-05
3.8271e-05
3.8231e-05
5.4291000000000006e-05
3.8151000000000001e-05
3.8141e-05
3.9480000000000001e-05
4.4961000000000005e-05
3.8151000000000001e-05
3.8321000000000001e-05
3.8081000000000004e-05
3.8021000000000001e-05
3.8021000000000001e-05
3.8071000000000002e-05
3.7861000000000002e-05
3.7970000000000004e-05
3.8061e-05
3.8031000000000002e-05
3.8171000000000004e-05
3.8051000000000006e-05
3.8010999999999999e-05
3.8101e-05
3.8080000000000001e-05
3.8141e-05
3.8111000000000002e-05
3.8191000000000001e-05
3.8071000000000002e-05
3.8231e-05
3.8111000000000002e-05
3.8211000000000004e-05
3.807e-05
3.8031000000000002e-05
3.8291000000000003e-05
3.8171000000000004e-05
5.5741e-05
3.8191000000000001e-05
3.7891e-05
3.8021000000000001e-05
3.7951000000000003e-05
3.8111000000000002e-05
3.7950000000000001e-05
3.8100000000000005e-05
3.8071000000000002e-05
3.8201000000000002e-05
3.8010999999999999e-05
3.8061e-05
3.8081000000000004e-05
3.7970999999999999e-05
3.7920000000000003e-05
3.8091000000000005e-05
3.8201000000000002e-05
3.8071000000000002e-05
3.8180999999999999e-05
6.5586000000000005e-05
3.8261000000000005e-05
3.8061e-05
3.7970999999999999e-05
3.7921000000000005e-05
3.7970999999999999e-05
3.8231e-05
3.8130000000000003e-05
3.7941000000000001e-05
3.8081000000000004e-05
3.7970999999999999e-05
3.8091000000000005e-05
3.7871000000000004e-05
3.7901000000000002e-05
3.8100000000000005e-05
3.7891e-05
3.8121000000000003e-05
3.7871000000000004e-05
3.8041000000000004e-05
3.8131000000000005e-05
3.7961000000000005e-05
3.8131000000000005e-05
3.82e-05
3.8141e-05
3.8021000000000001e-05
3.8231e-05
3.8101e-05
3.8180999999999999e-05
3.8171000000000004e-05
3.7950000000000001e-05
3.799e-05
3.7911000000000003e-05
3.8041000000000004e-05
3.8131000000000005e-05
3.8071000000000002e-05
3.7961000000000005e-05
3.8051000000000006e-05
3.807e-05
3.8180999999999999e-05
3.7831000000000004e-05
3.8010999999999999e-05
3.8091000000000005e-05
3.7941000000000001e-05
4.6011000000000004e-05
7.4541000000000003e-05
4.7251000000000006e-05
4.6291000000000001e-05
3.8091000000000005e-05
3.8140000000000004e-05
3.8021000000000001e-05
3.8291000000000003e-05
3.8171000000000004e-05
3.8081000000000004e-05
3.8111000000000002e-05
3.8081000000000004e-05
3.8330000000000001e-05
3.8210000000000002e-05
3.8001000000000004e-05
3.8301000000000005e-05
3.8401e-05
3.8271e-05
3.8131000000000005e-05
3.8171000000000004e-05
3.8190000000000005e-05
3.8051000000000006e-05
3.8221000000000006e-05
3.8131000000000005e-05
3.8041000000000004e-05
3.8180999999999999e-05
5.1301000000000002e-05
3.8291000000000003e-05
3.8071000000000002e-05
3.8161000000000003e-05
3.8260000000000003e-05
3.8221000000000006e-05
3.7970999999999999e-05
3.8041000000000004e-05
3.8081000000000004e-05
3.7931e-05
3.7970999999999999e-05
3.8061e-05
3.8000000000000002e-05
3.8161000000000003e-05
3.8161000000000003e-05
3.8261000000000005e-05
3.8111000000000002e-05
3.7981000000000001e-05
3.8221000000000006e-05
3.8040000000000002e-05
3.8140000000000004e-05
3.8031000000000002e-05
3.8211000000000004e-05
3.8171000000000004e-05
3.8241000000000002e-05
6.6200999999999999e-05
5.2242000000000006e-05
5.1631000000000001e-05
5.3381000000000003e-05
5.3691000000000005e-05
5.1501e-05
5.1442000000000007e-05
5.3031000000000001e-05
5.2961000000000003e-05
5.1371e-05
5.1991000000000004e-05
4.5851000000000005e-05
3.8051000000000006e-05
3.8111000000000002e-05
3.8391000000000006e-05
3.8241000000000002e-05
3.8241000000000002e-05
3.8121000000000003e-05
3.8130000000000003e-05
3.8091000000000005e-05
3.8201000000000002e-05
3.8350999999999999e-05
3.8311e-05
3.8001000000000004e-05
3.8231e-05
3.8101e-05
3.8230000000000005e-05
3.8291000000000003e-05
3.8221000000000006e-05
3.8101e-05
3.8180999999999999e-05
3.8131000000000005e-05
3.8071000000000002e-05
3.82e-05
3.7981000000000001e-05
3.8151000000000001e-05
3.8161000000000003e-05
3.8141e-05
3.7961000000000005e-05
3.7981000000000001e-05
3.8081000000000004e-05
4.6371e-05
3.837e-05
3.8111000000000002e-05
3.8191000000000001e-05
3.8180999999999999e-05
3.8281000000000002e-05
5.5561000000000006e-05
3.8180999999999999e-05
3.8051000000000006e-05
3.8121000000000003e-05
3.8001000000000004e-05
3.7970999999999999e-05
3.8140000000000004e-05
3.8191000000000001e-05
3.8211000000000004e-05
3.8161000000000003e-05
3.8151000000000001e-05
3.8071000000000002e-05
3.8041000000000004e-05
3.8051000000000006e-05
3.8150000000000006e-05
3.8311e-05
3.8221000000000006e-05
3.8191000000000001e-05
3.8151000000000001e-05
3.8131000000000005e-05
3.8071000000000002e-05
3.82e-05
3.8230000000000005e-05
3.8061e-05
3.8180999999999999e-05
3.8251000000000004e-05
3.8071000000000002e-05
3.8091000000000005e-05
3.8211000000000004e-05
3.82e-05
3.8091000000000005e-05
3.7941000000000001e-05
3.8131000000000005e-05
3.8141e-05
3.8121000000000003e-05
3.8101e-05
3.8251000000000004e-05
3.8109999999999999e-05
3.8091000000000005e-05
3.8071000000000002e-05
3.7941000000000001e-05
3.7921000000000005e-05
3.7981000000000001e-05
3.8031000000000002e-05
3.8160000000000001e-05
3.8161000000000003e-05
3.8111000000000002e-05
3.8180999999999999e-05
3.8021000000000001e-05
3.8151000000000001e-05
3.8171000000000004e-05
5.4561000000000002e-05
3.8341000000000004e-05
3.8241000000000002e-05
5.0211000000000004e-05
3.8231e-05
3.8091000000000005e-05
3.8020000000000005e-05
3.8021000000000001e-05
3.8191000000000001e-05
3.8051000000000006e-05
3.8001000000000004e-05
3.8091000000000005e-05
3.8010999999999999e-05
3.8151000000000001e-05
3.8060000000000005e-05
3.8091000000000005e-05
3.7970999999999999e-05
3.8061e-05
3.8321000000000001e-05
3.8201000000000002e-05
3.8111000000000002e-05
3.9960000000000004e-05
4.2320000000000001e-05
3.8091000000000005e-05
3.8121000000000003e-05
3.8121000000000003e-05
3.7970999999999999e-05
3.8180999999999999e-05
3.8171000000000004e-05
3.8111000000000002e-05
3.8010000000000004e-05
3.7961000000000005e-05
3.8101e-05
3.8021000000000001e-05
3.7981000000000001e-05
3.8111000000000002e-05
3.8111000000000002e-05
4.4561000000000002e-05
3.79e-05
3.7941000000000001e-05
5.8662000000000002e-05
5.1681000000000002e-05
5.7621000000000003e-05
7.7972000000000005e-05
5.3051000000000004e-05
4.3421000000000003e-05
5.6852000000000004e-05
5.8181000000000004e-05
3.8321000000000001e-05
3.8401e-05
4.7391000000000001e-05
4.1801000000000002e-05
3.8151000000000001e-05
3.8210000000000002e-05
3.8091000000000005e-05
3.8061e-05
3.8191000000000001e-05
4.1911000000000006e-05
3.8121000000000003e-05
3.8301000000000005e-05
3.8180999999999999e-05
3.8100000000000005e-05
3.8230000000000005e-05
3.8221000000000006e-05
3.8341000000000004e-05
5.1771000000000003e-05
3.8131000000000005e-05
3.8121000000000003e-05
3.8081000000000004e-05
3.8141e-05
3.8081000000000004e-05
3.8160000000000001e-05
3.7950000000000001e-05
3.8161000000000003e-05
3.8081000000000004e-05
3.8121000000000003e-05
3.8121000000000003e-05
3.8051000000000006e-05
3.8311e-05
3.807e-05
3.8251000000000004e-05
3.8211000000000004e-05
3.8251000000000004e-05
3.8251000000000004e-05
3.8241000000000002e-05
3.8171000000000004e-05
3.8301000000000005e-05
3.8130000000000003e-05
3.8021000000000001e-05
3.8081000000000004e-05
3.8171000000000004e-05
3.8061e-05
3.8091000000000005e-05
3.8211000000000004e-05
3.8210000000000002e-05
3.8150000000000006e-05
3.8111000000000002e-05
5.5041000000000004e-05
3.8190000000000005e-05
3.8061e-05
3.8161000000000003e-05
4.4761000000000001e-05
3.8161000000000003e-05
3.8431000000000005e-05
3.8161000000000003e-05
3.8101e-05
3.8211000000000004e-05
3.8100000000000005e-05
3.8090000000000003e-05
3.8180999999999999e-05
3.8251000000000004e-05
3.8341000000000004e-05
3.8201000000000002e-05
3.8331000000000003e-05
3.8081000000000004e-05
3.7910000000000001e-05
3.8071000000000002e-05
3.8291000000000003e-05
3.8041000000000004e-05
3.8081000000000004e-05
4.2011000000000001e-05
3.8061e-05
3.8010999999999999e-05
3.8120000000000001e-05
3.8180999999999999e-05
3.8071000000000002e-05
3.8051000000000006e-05
3.7871000000000004e-05
3.8051000000000006e-05
5.6121e-05
3.8221000000000006e-05
3.8041000000000004e-05
3.8221000000000006e-05
3.8211000000000004e-05
3.8140000000000004e-05
3.8061e-05
3.8041000000000004e-05
3.7961000000000005e-05
3.8010999999999999e-05
3.8281000000000002e-05
3.8171000000000004e-05
3.8031000000000002e-05
3.8050000000000003e-05
3.7891e-05
3.8231e-05
3.8071000000000002e-05
3.8041000000000004e-05
5.4661000000000004e-05
3.8411000000000002e-05
3.8391000000000006e-05
3.8301000000000005e-05
3.8171000000000004e-05
3.8321000000000001e-05
3.82e-05
3.8151000000000001e-05
3.8191000000000001e-05
3.8221000000000006e-05
3.8251000000000004e-05
3.8071000000000002e-05
3.7840999999999999e-05
3.8100000000000005e-05
3.8121000000000003e-05
5.4912000000000006e-05
3.8170000000000002e-05
3.8101e-05
3.8131000000000005e-05
3.8161000000000003e-05
3.7921000000000005e-05
3.8041000000000004e-05
3.8221000000000006e-05
3.8051000000000006e-05
3.8100000000000005e-05
3.8331000000000003e-05
3.8101e-05
3.8051000000000006e-05
3.8171000000000004e-05
3.8241000000000002e-05
3.8261000000000005e-05
3.8221000000000006e-05
3.8100000000000005e-05
3.8151000000000001e-05
3.8171000000000004e-05
3.8191000000000001e-05
3.8171000000000004e-05
3.8091000000000005e-05
3.8161000000000003e-05
3.8160000000000001e-05
3.8081000000000004e-05
3.8161000000000003e-05
3.8071000000000002e-05
3.8041000000000004e-05
3.7991000000000003e-05
5.0951000000000001e-05
5.8531000000000006e-05
5.3772000000000006e-05
5.4851000000000001e-05
5.6251000000000001e-05
3.8271e-05
3.8251000000000004e-05
3.8161000000000003e-05
3.8021000000000001e-05
3.8221000000000006e-05
3.8190000000000005e-05
3.8251000000000004e-05
3.8121000000000003e-05
3.8081000000000004e-05
3.8001000000000004e-05
3.8191000000000001e-05
3.8131000000000005e-05
3.8290000000000001e-05
3.8251000000000004e-05
3.8041000000000004e-05
3.8091000000000005e-05
3.8221000000000006e-05
3.8151000000000001e-05
3.8111000000000002e-05
3.8191000000000001e-05
4.5661000000000002e-05
3.8010000000000004e-05
3.8131000000000005e-05
3.8061e-05
3.8051000000000006e-05
3.8131000000000005e-05
3.8081000000000004e-05
3.8031000000000002e-05
3.8081000000000004e-05
3.8140000000000004e-05
3.8061e-05
3.7911000000000003e-05
3.8141e-05
3.8301000000000005e-05
3.8251000000000004e-05
3.8131000000000005e-05
3.8109999999999999e-05
3.8040000000000002e-05
3.8061e-05
3.8251000000000004e-05
3.8161000000000003e-05
3.8191000000000001e-05
3.8231e-05
3.8141e-05
3.8090000000000003e-05
3.8121000000000003e-05
3.8221000000000006e-05
3.8121000000000003e-05
3.8171000000000004e-05
3.7981000000000001e-05
5.3831e-05
3.8291000000000003e-05
3.8211000000000004e-05
3.7821000000000003e-05
3.8091000000000005e-05
5.0901000000000006e-05
3.8241000000000002e-05
3.8080000000000001e-05
3.8171000000000004e-05
3.8271e-05
3.8151000000000001e-05
3.8031000000000002e-05
3.8241000000000002e-05
3.8171000000000004e-05
3.8281000000000002e-05
3.79e-05
3.8010999999999999e-05
3.8001000000000004e-05
3.8031000000000002e-05
3.8301000000000005e-05
3.8131000000000005e-05
3.8191000000000001e-05
3.8130000000000003e-05
3.8121000000000003e-05
3.8151000000000001e-05
3.8141e-05
3.8261000000000005e-05
3.8251000000000004e-05
3.8121000000000003e-05
3.8101e-05
3.8130000000000003e-05
3.8010999999999999e-05
3.8151000000000001e-05
3.7951000000000003e-05
3.7901000000000002e-05
3.8061e-05
3.7981000000000001e-05
3.7970000000000004e-05
3.8160000000000001e-05
3.7911000000000003e-05
3.8071000000000002e-05
3.8061e-05
3.8101e-05
3.8071000000000002e-05
3.8161000000000003e-05
3.82e-05
3.7981000000000001e-05
3.8051000000000006e-05
3.8091000000000005e-05
3.8231e-05
7.1460999999999999e-05
4.0151000000000002e-05
3.8350999999999999e-05
3.8371000000000002e-05
3.8371000000000002e-05
3.8271e-05
3.8121000000000003e-05
3.8211000000000004e-05
3.82e-05
3.8081000000000004e-05
3.8301000000000005e-05
3.8071000000000002e-05
3.8010999999999999e-05
4.5301000000000006e-05
3.8041000000000004e-05
3.8191000000000001e-05
3.8051000000000006e-05
3.7920000000000003e-05
3.8061e-05
3.8211000000000004e-05
3.8180999999999999e-05
3.7961000000000005e-05
3.7991000000000003e-05
3.8131000000000005e-05
3.8100000000000005e-05
3.8021000000000001e-05
3.8101e-05
3.8111000000000002e-05
3.8081000000000004e-05
3.7961000000000005e-05
3.8071000000000002e-05
3.8131000000000005e-05
3.803e-05
3.8051000000000006e-05
3.8071000000000002e-05
3.8191000000000001e-05
3.8121000000000003e-05
3.8171000000000004e-05
3.8041000000000004e-05
3.8120000000000001e-05
3.8150000000000006e-05
3.8131000000000005e-05
3.8311e-05
3.8201000000000002e-05
5.5051000000000005e-05
3.8091000000000005e-05
3.8131000000000005e-05
3.8151000000000001e-05
3.8141e-05
3.8211000000000004e-05
3.82e-05
3.8301000000000005e-05
3.8171000000000004e-05
3.8161000000000003e-05
3.8041000000000004e-05
3.8201000000000002e-05
3.8010999999999999e-05
3.8101e-05
3.8230000000000005e-05
3.8091000000000005e-05
3.8151000000000001e-05
3.8041000000000004e-05
3.8051000000000006e-05
3.8091000000000005e-05
3.8021000000000001e-05
3.8220000000000003e-05
3.8050000000000003e-05
3.8071000000000002e-05
4.3621000000000001e-05
3.8301000000000005e-05
4.8681000000000004e-05
3.8321000000000001e-05
4.8721000000000003e-05
3.8531000000000001e-05
3.8271e-05
3.8081000000000004e-05
3.7951000000000003e-05
3.8201000000000002e-05
5.1281000000000006e-05
3.8091000000000005e-05
3.7981000000000001e-05
3.807e-05
3.8141e-05
3.8131000000000005e-05
3.8111000000000002e-05
3.8071000000000002e-05
3.8081000000000004e-05
3.8061e-05
3.8160000000000001e-05
3.8251000000000004e-05
3.7951000000000003e-05
3.8171000000000004e-05
3.8111000000000002e-05
3.8121000000000003e-05
5.4461000000000006e-05
3.8261000000000005e-05
3.8021000000000001e-05
3.8001000000000004e-05
3.8041000000000004e-05
3.824e-05
3.7970999999999999e-05
3.8021000000000001e-05
3.8010999999999999e-05
3.8121000000000003e-05
3.8131000000000005e-05
4.5131000000000005e-05
3.8231e-05
3.8221000000000006e-05
3.8210000000000002e-05
3.8061e-05
3.8171000000000004e-05
3.8311e-05
3.8171000000000004e-05
3.8081000000000004e-05
3.8231e-05
3.807e-05
3.8121000000000003e-05
3.8071000000000002e-05
3.8221000000000006e-05
3.8221000000000006e-05
3.8171000000000004e-05
3.8291000000000003e-05
3.8201000000000002e-05
3.8140000000000004e-05
3.8171000000000004e-05
3.8361000000000001e-05
3.8131000000000005e-05
3.8141e-05
3.8171000000000004e-05
3.8311e-05
4.4771000000000002e-05
8.0132000000000011e-05
7.4441000000000001e-05
4.1551000000000002e-05
3.7911000000000003e-05
3.7970999999999999e-05
3.8180999999999999e-05
3.8091000000000005e-05
3.8211000000000004e-05
3.8290000000000001e-05
3.8061e-05
3.8001000000000004e-05
3.8081000000000004e-05
5.4671000000000006e-05
3.8311e-05
3.8091000000000005e-05
3.7871000000000004e-05
3.8101e-05
3.8081000000000004e-05
3.8141e-05
3.8140000000000004e-05
3.8001000000000004e-05
3.8261000000000005e-05
3.8081000000000004e-05
3.8101e-05
3.8031000000000002e-05
3.8021000000000001e-05
3.8040000000000002e-05
3.8111000000000002e-05
3.8191000000000001e-05
3.8071000000000002e-05
3.8101e-05
3.8151000000000001e-05
3.8221000000000006e-05
3.7991000000000003e-05
3.8050000000000003e-05
3.8061e-05
3.8151000000000001e-05
3.8010999999999999e-05
3.8281000000000002e-05
3.8010999999999999e-05
3.8141e-05
3.8120000000000001e-05
3.8241000000000002e-05
3.8191000000000001e-05
3.8061e-05
3.8081000000000004e-05
3.7951000000000003e-05
3.7970999999999999e-05
3.8201000000000002e-05
3.8260000000000003e-05
3.8051000000000006e-05
3.8201000000000002e-05
3.8131000000000005e-05
3.7970999999999999e-05
3.8371000000000002e-05
3.8081000000000004e-05
3.8180999999999999e-05
3.8109999999999999e-05
3.8161000000000003e-05
3.8071000000000002e-05
3.8171000000000004e-05
3.7921000000000005e-05
3.8241000000000002e-05
5.7481000000000001e-05
5.1641000000000002e-05
6.4542000000000006e-05
5.2651000000000001e-05
4.4191000000000004e-05
3.8041000000000004e-05
3.8321000000000001e-05
3.8021000000000001e-05
3.8130000000000003e-05
3.7981000000000001e-05
3.8081000000000004e-05
3.8001000000000004e-05
3.8081000000000004e-05
3.8061e-05
3.7970999999999999e-05
3.8090000000000003e-05
3.8131000000000005e-05
3.8241000000000002e-05
3.8161000000000003e-05
3.8101e-05
3.8191000000000001e-05
3.8180999999999999e-05
3.7861000000000002e-05
3.8010000000000004e-05
3.7840999999999999e-05
3.8251000000000004e-05
3.8031000000000002e-05
3.7911000000000003e-05
3.8061e-05
3.7941000000000001e-05
3.7939999999999999e-05
3.7951000000000003e-05
3.7970999999999999e-05
3.7800999999999999e-05
3.8010999999999999e-05
3.8091000000000005e-05
3.8051000000000006e-05
3.8211000000000004e-05
3.8160000000000001e-05
3.7861000000000002e-05
5.1361000000000005e-05
3.8171000000000004e-05
3.8161000000000003e-05
3.8101e-05
3.8221000000000006e-05
3.9451000000000006e-05
4.6031e-05
4.8041000000000003e-05
3.8221000000000006e-05
5.4211000000000007e-05
5.6152e-05
3.8231e-05
3.8180000000000004e-05
3.8001000000000004e-05
3.8071000000000002e-05
3.8041000000000004e-05
3.8191000000000001e-05
3.8121000000000003e-05
3.8350999999999999e-05
3.8201000000000002e-05
3.7970000000000004e-05
3.8031000000000002e-05
3.7970999999999999e-05
3.8151000000000001e-05
3.8041000000000004e-05
3.8221000000000006e-05
3.8161000000000003e-05
3.8270000000000005e-05
3.8040000000000002e-05
3.8031000000000002e-05
3.8021000000000001e-05
3.8131000000000005e-05
3.8151000000000001e-05
3.7951000000000003e-05
3.7941000000000001e-05
3.8180000000000004e-05
3.8131000000000005e-05
3.8061e-05
3.8010999999999999e-05
3.7891e-05
3.8111000000000002e-05
3.8091000000000005e-05
3.8071000000000002e-05
3.8230000000000005e-05
3.8081000000000004e-05
3.8171000000000004e-05
3.8091000000000005e-05
3.8061e-05
3.8241000000000002e-05
3.8081000000000004e-05
3.8150000000000006e-05
3.8121000000000003e-05
3.8331000000000003e-05
4.1951000000000005e-05
6.702200000000001e-05
3.8261000000000005e-05
3.8150000000000006e-05
3.8131000000000005e-05
5.4642000000000003e-05
3.8310000000000004e-05
3.8161000000000003e-05
6.1391999999999998e-05
3.8231e-05
3.8000000000000002e-05
3.8051000000000006e-05
3.8071000000000002e-05
3.8051000000000006e-05
3.8041000000000004e-05
3.8001000000000004e-05
3.8041000000000004e-05
3.8241000000000002e-05
3.82e-05
3.8131000000000005e-05
3.8191000000000001e-05
3.8311e-05
3.8271e-05
3.8161000000000003e-05
3.8051000000000006e-05
3.8141e-05
3.8170000000000002e-05
3.8161000000000003e-05
3.8201000000000002e-05
3.8171000000000004e-05
3.8121000000000003e-05
3.8211000000000004e-05
3.8191000000000001e-05
3.8080000000000001e-05
3.8141e-05
3.8001000000000004e-05
3.8311e-05
3.8091000000000005e-05
3.8221000000000006e-05
3.8311e-05
3.8141e-05
3.8120000000000001e-05
3.8121000000000003e-05
3.8221000000000006e-05
3.8261000000000005e-05
3.8051000000000006e-05
3.8151000000000001e-05
3.8251000000000004e-05
3.8081000000000004e-05
3.8180000000000004e-05
3.8281000000000002e-05
3.8191000000000001e-05
3.8211000000000004e-05
3.8211000000000004e-05
3.8211000000000004e-05
5.4801000000000006e-05
3.8201000000000002e-05
3.8091000000000005e-05
3.7931e-05
3.7980000000000006e-05
3.8201000000000002e-05
3.8071000000000002e-05
3.8271e-05
3.8041000000000004e-05
3.8151000000000001e-05
3.7901000000000002e-05
3.7871000000000004e-05
3.7980000000000006e-05
3.8061e-05
3.7970999999999999e-05
3.7970999999999999e-05
3.8041000000000004e-05
3.8041000000000004e-05
3.8101e-05
3.8140000000000004e-05
3.7901000000000002e-05
3.8010999999999999e-05
3.8101e-05
3.7970999999999999e-05
3.7861000000000002e-05
3.8211000000000004e-05
3.8111000000000002e-05
3.79e-05
3.7961000000000005e-05
3.8071000000000002e-05
3.8021000000000001e-05
3.7791000000000005e-05
3.8021000000000001e-05
3.8031000000000002e-05
3.8050000000000003e-05
3.7970999999999999e-05
3.8010999999999999e-05
3.7991000000000003e-05
3.7951000000000003e-05
4.4261000000000002e-05
3.8091000000000005e-05
3.8221000000000006e-05
3.8321000000000001e-05
3.799e-05
3.7911000000000003e-05
3.8051000000000006e-05
3.7881000000000005e-05
3.8141e-05
3.8061e-05
3.7901000000000002e-05
3.7890000000000005e-05
5.3572000000000001e-05
3.8161000000000003e-05
5.5961000000000002e-05
3.8091000000000005e-05
3.7881000000000005e-05
3.8150000000000006e-05
3.7951000000000003e-05
3.8271e-05
3.8321000000000001e-05
