6.6561231638873961
0.00011208400000000001
5.8090000000000001e-05
5.7483000000000005e-05
5.7538000000000004e-05
5.7267000000000006e-05
0.000101543
5.7580000000000001e-05
9.6746000000000012e-05
5.7862000000000003e-05
5.7948000000000002e-05
7.6323000000000008e-05
7.5997000000000011e-05
0.00014955800000000002
5.8079000000000004e-05
0.00027429500000000003
5.9076000000000002e-05
6.0159000000000005e-05
6.0733000000000003e-05
5.9758000000000006e-05
5.9401000000000003e-05
6.5814000000000004e-05
6.6225999999999999e-05
6.5901000000000005e-05
5.8707000000000006e-05
0.00016019600000000001
6.3052000000000006e-05
6.5814000000000004e-05
5.8599000000000006e-05
6.6821000000000003e-05
8.244300000000001e-05
8.7135000000000012e-05
5.8751e-05
5.8751e-05
6.5890000000000008e-05
5.8425000000000004e-05
6.5759000000000005e-05
6.1577999999999999e-05
6.8165000000000009e-05
5.9985000000000003e-05
6.0592000000000005e-05
5.9693000000000006e-05
6.1079000000000003e-05
6.0950000000000004e-05
6.0159000000000005e-05
5.7386000000000002e-05
5.9703000000000001e-05
7.1750999999999998e-05
5.9454000000000004e-05
5.9780000000000007e-05
0.00011067600000000001
5.9248000000000006e-05
0.00012238700000000001
6.6279000000000007e-05
5.9076000000000002e-05
5.9780000000000007e-05
5.9931000000000006e-05
6.0170000000000002e-05
5.9162e-05
6.5131000000000011e-05
5.9628000000000006e-05
6.7102999999999998e-05
8.3527000000000002e-05
5.9910000000000001e-05
6.0224000000000005e-05
5.9769000000000003e-05
5.8750000000000005e-05
5.9217000000000006e-05
8.2736000000000002e-05
5.9205000000000007e-05
5.8978000000000004e-05
5.9487000000000002e-05
5.8859000000000007e-05
6.0050000000000003e-05
6.0007000000000003e-05
5.9000000000000004e-05
6.6247000000000005e-05
6.6183e-05
6.7092000000000001e-05
6.6302000000000003e-05
6.561900000000001e-05
6.6734000000000002e-05
5.9519000000000004e-05
6.0234000000000006e-05
5.9899000000000004e-05
6.0181000000000005e-05
6.5338000000000004e-05
6.7189999999999999e-05
5.9390000000000006e-05
5.9000000000000004e-05
5.8187000000000004e-05
6.8771999999999998e-05
5.8783000000000003e-05
5.9963000000000002e-05
6.0115000000000003e-05
6.0527000000000005e-05
8.3256000000000004e-05
6.0300000000000002e-05
5.8946000000000001e-05
0.00021964
6.7027000000000007e-05
0.00010571400000000001
7.3279000000000001e-05
5.9108000000000004e-05
6.5445000000000008e-05
5.8480000000000003e-05
5.9032000000000007e-05
5.9130000000000005e-05
0.00037228800000000002
9.7102000000000006e-05
0.00023305100000000002
0.00016758500000000002
7.4643999999999999e-05
6.9357000000000007e-05
5.9942000000000003e-05
5.9812000000000003e-05
6.7114000000000008e-05
0.00012162800000000001
5.8144000000000004e-05
5.8144000000000004e-05
5.8588000000000002e-05
5.8339000000000005e-05
0.00019536100000000002
5.9108000000000004e-05
5.8804000000000001e-05
5.9574000000000003e-05
0.00016185900000000001
0.000111315
0.0008637120000000001
0.00025456700000000003
5.9444000000000002e-05
0.00059217999999999999
6.8002000000000004e-05
7.3192e-05
6.7916000000000005e-05
5.9281000000000004e-05
0.00014487200000000002
6.6941000000000008e-05
5.9498000000000005e-05
0.00021045800000000001
7.1978000000000008e-05
6.2564000000000006e-05
6.1079000000000003e-05
6.0993000000000004e-05
0.000100302
0.000195589
0.00017056300000000001
6.5607999999999999e-05
6.1242000000000008e-05
8.9859000000000008e-05
5.7418000000000005e-05
5.7461000000000004e-05
0.00011185600000000001
5.8046000000000006e-05
0.00019382400000000002
5.9065000000000005e-05
5.8501000000000001e-05
9.3543000000000009e-05
5.8967000000000006e-05
9.7503000000000005e-05
0.000117707
0.00026075000000000002
0.000127179
0.00018573600000000001
0.00017040600000000001
5.9151000000000003e-05
0.00030932600000000001
0.00014704400000000001
9.2692e-05
5.9888000000000007e-05
5.9596000000000003e-05
5.8523000000000002e-05
5.8577000000000005e-05
5.7742000000000004e-05
0.00047556700000000004
6.0354000000000005e-05
6.5327000000000007e-05
7.5119999999999999e-05
6.7059999999999998e-05
6.6648000000000003e-05
6.0040000000000001e-05
0.00039352900000000005
6.0863000000000003e-05
6.0863000000000003e-05
0.00012388200000000002
6.0646000000000002e-05
6.0928000000000003e-05
6.1156000000000009e-05
6.0982000000000007e-05
6.0365000000000002e-05
7.7492999999999998e-05
6.0831000000000001e-05
6.0776000000000002e-05
6.0506000000000007e-05
5.9444000000000002e-05
5.9844000000000005e-05
8.7611000000000012e-05
6.1404999999999999e-05
5.9866000000000006e-05
5.9996000000000006e-05
6.0029000000000004e-05
8.0711000000000007e-05
6.0159000000000005e-05
5.9357000000000001e-05
6.0029000000000004e-05
6.0343000000000001e-05
5.9498000000000005e-05
5.9292000000000001e-05
6.1654000000000003e-05
6.4709000000000007e-05
6.0853000000000002e-05
6.0690000000000003e-05
5.8924e-05
5.9920000000000002e-05
6.6280000000000009e-05
5.9260000000000005e-05
5.9542000000000007e-05
6.4492000000000005e-05
6.0841000000000002e-05
6.0798000000000003e-05
5.9649000000000004e-05
5.9639000000000003e-05
5.9975000000000001e-05
5.9812000000000003e-05
5.9259000000000003e-05
6.0473000000000002e-05
6.0722000000000006e-05
6.0375000000000004e-05
6.0311000000000006e-05
6.0397000000000005e-05
6.0809000000000007e-05
6.0776000000000002e-05
6.0116000000000005e-05
6.0516000000000001e-05
6.0419000000000005e-05
6.0863000000000003e-05
9.6543e-05
5.9476000000000005e-05
5.8350000000000002e-05
5.9899000000000004e-05
7.088500000000001e-05
5.7201000000000003e-05
6.5846000000000006e-05
6.6973000000000011e-05
5.9726000000000004e-05
5.9877000000000003e-05
5.9292000000000001e-05
5.9281000000000004e-05
5.8620000000000005e-05
5.9455000000000006e-05
5.9932000000000001e-05
6.0387000000000003e-05
5.9195000000000005e-05
5.7082000000000007e-05
6.4417000000000003e-05
6.9345000000000008e-05
5.6714000000000006e-05
5.6920000000000004e-05
5.6822000000000006e-05
8.5433000000000007e-05
6.3538000000000001e-05
5.6757000000000006e-05
8.0331e-05
5.6529e-05
6.4546000000000002e-05
5.9259000000000003e-05
5.9303000000000005e-05
5.9888000000000007e-05
5.9541000000000005e-05
6.6074000000000005e-05
7.929100000000001e-05
6.1447999999999998e-05
6.1686000000000005e-05
6.1762000000000009e-05
6.1795e-05
6.0917000000000006e-05
6.1827000000000003e-05
8.4274e-05
6.189200000000001e-05
6.1329000000000009e-05
6.1577999999999999e-05
7.941e-05
6.1871000000000004e-05
6.1285000000000007e-05
6.1707999999999999e-05
6.1221000000000002e-05
6.1686000000000005e-05
6.793700000000001e-05
6.8912000000000007e-05
5.7548000000000005e-05
5.6649000000000006e-05
5.6822000000000006e-05
5.8512000000000005e-05
5.8176000000000007e-05
5.7277000000000001e-05
5.5847000000000002e-05
9.8137000000000013e-05
6.2130000000000003e-05
6.2098000000000001e-05
6.1795e-05
6.0917000000000006e-05
6.1502000000000008e-05
6.1264000000000002e-05
6.1340000000000006e-05
6.1622000000000001e-05
6.1480000000000001e-05
6.1242000000000008e-05
6.1632000000000009e-05
6.1481000000000003e-05
6.1502000000000008e-05
6.1404999999999999e-05
6.141600000000001e-05
6.1533999999999997e-05
6.1524000000000003e-05
6.1426000000000004e-05
6.1600000000000007e-05
6.1415000000000007e-05
6.1317999999999998e-05
6.1394000000000002e-05
8.5596000000000012e-05
6.1524000000000003e-05
0.00012641700000000001
6.1556000000000005e-05
6.1535e-05
6.189200000000001e-05
6.1481000000000003e-05
6.1535e-05
6.1599000000000004e-05
6.8187000000000003e-05
6.1557000000000007e-05
6.1568000000000004e-05
6.1415000000000007e-05
6.1340000000000006e-05
6.1687000000000008e-05
6.2034000000000009e-05
6.1793999999999998e-05
6.171900000000001e-05
6.1404999999999999e-05
6.189200000000001e-05
6.1718000000000008e-05
6.1968e-05
6.1567000000000002e-05
6.1730000000000007e-05
6.1805000000000009e-05
6.1437000000000001e-05
6.1978999999999997e-05
6.1524000000000003e-05
6.1620999999999998e-05
6.1577999999999999e-05
5.9422000000000001e-05
5.6096000000000006e-05
5.6670000000000005e-05
8.5217000000000008e-05
6.7265000000000001e-05
5.9195000000000005e-05
5.9303000000000005e-05
6.0949000000000002e-05
6.1199000000000008e-05
5.9162e-05
6.5662000000000009e-05
5.8653000000000002e-05
5.9411000000000004e-05
5.9726000000000004e-05
5.8794000000000007e-05
6.0029000000000004e-05
5.9227000000000001e-05
5.9606000000000005e-05
5.9531000000000003e-05
5.9649000000000004e-05
6.294300000000001e-05
6.154600000000001e-05
7.7471000000000004e-05
5.9379000000000002e-05
6.5846000000000006e-05
6.469800000000001e-05
6.5717000000000008e-05
5.9530000000000001e-05
5.9000000000000004e-05
5.9162e-05
9.1631000000000004e-05
5.9887000000000004e-05
5.9129000000000003e-05
5.9487000000000002e-05
9.7978000000000003e-05
5.9065000000000005e-05
8.8661999999999999e-05
0.00053555200000000001
0.00031922200000000003
0.000209521
5.8273000000000003e-05
5.8360000000000004e-05
5.6205000000000001e-05
5.7580000000000001e-05
5.7927000000000003e-05
5.7895e-05
5.8718000000000003e-05
5.7267000000000006e-05
5.7754000000000003e-05
0.000188808
5.7927000000000003e-05
0.00021564800000000001
0.00015367400000000002
0.00019140700000000002
9.1012000000000002e-05
0.00050510900000000001
6.0830000000000005e-05
0.000116656
0.00053312600000000009
0.00010518300000000001
0.000127343
9.1419e-05
5.9390000000000006e-05
8.5444000000000004e-05
0.00016769300000000001
5.9823000000000006e-05
0.00020479800000000001
0.00020488900000000001
0.00025413399999999999
5.6920000000000004e-05
5.7071000000000003e-05
9.2118000000000001e-05
5.7407000000000001e-05
6.4958000000000011e-05
6.6432000000000004e-05
6.0528000000000001e-05
6.0321000000000001e-05
6.0029000000000004e-05
6.0202000000000004e-05
5.9217000000000006e-05
6.0181000000000005e-05
6.0083000000000001e-05
5.9942000000000003e-05
6.0040000000000001e-05
6.0191000000000007e-05
6.0354000000000005e-05
7.8251000000000007e-05
6.0430000000000002e-05
6.0278000000000001e-05
6.0051000000000005e-05
6.0191000000000007e-05
6.0365000000000002e-05
6.0246000000000006e-05
5.9997000000000002e-05
5.9877000000000003e-05
5.9986000000000005e-05
6.0029000000000004e-05
6.0072000000000004e-05
5.9975000000000001e-05
6.0191000000000007e-05
8.1880000000000009e-05
6.0462000000000005e-05
6.0495000000000003e-05
6.0387000000000003e-05
6.0245000000000003e-05
6.0321000000000001e-05
6.0040000000000001e-05
6.0202000000000004e-05
6.0310000000000004e-05
6.0376000000000006e-05
9.8347000000000012e-05
6.0408000000000002e-05
6.0072000000000004e-05
6.0105000000000001e-05
5.9541000000000005e-05
0.00012759800000000001
5.9964000000000004e-05
0.00016935100000000001
9.4599000000000007e-05
0.000122896
6.0517000000000004e-05
5.9975000000000001e-05
5.9888000000000007e-05
0.000158441
6.0213000000000001e-05
6.0138000000000006e-05
5.9909000000000005e-05
6.0062000000000002e-05
0.000111402
6.0148000000000001e-05
5.9498000000000005e-05
5.9888000000000007e-05
0.00012123800000000001
6.0581000000000002e-05
8.1241000000000004e-05
6.0159000000000005e-05
7.2412000000000011e-05
6.0321000000000001e-05
7.2789999999999999e-05
5.9877000000000003e-05
6.0224000000000005e-05
6.0050000000000003e-05
6.0072000000000004e-05
6.0138000000000006e-05
5.9249000000000001e-05
5.9888000000000007e-05
5.9834000000000003e-05
5.8751e-05
5.9660000000000001e-05
5.9574000000000003e-05
5.9899000000000004e-05
6.0527000000000005e-05
6.0072000000000004e-05
5.9379000000000002e-05
5.9488000000000004e-05
5.9877000000000003e-05
6.0289000000000005e-05
6.0007000000000003e-05
5.9466000000000003e-05
5.9336000000000002e-05
6.0289000000000005e-05
8.4577e-05
6.1427000000000007e-05
6.1242000000000008e-05
6.1632000000000009e-05
0.00010031800000000001
6.0343000000000001e-05
6.1707999999999999e-05
6.8576000000000002e-05
6.2315000000000002e-05
6.1620999999999998e-05
6.1805000000000009e-05
6.1524000000000003e-05
5.9498000000000005e-05
6.0288000000000003e-05
6.1360999999999997e-05
6.1264000000000002e-05
6.1458000000000007e-05
6.1513000000000005e-05
6.1568000000000004e-05
6.0809000000000007e-05
6.110100000000001e-05
6.1773000000000006e-05
6.1643000000000006e-05
6.1567000000000002e-05
6.1750999999999999e-05
6.1750999999999999e-05
5.7873000000000006e-05
6.1707999999999999e-05
6.2053999999999999e-05
6.1470000000000006e-05
6.1707999999999999e-05
6.1707999999999999e-05
6.1686000000000005e-05
8.0266000000000007e-05
8.3787000000000003e-05
6.2163000000000008e-05
6.1947000000000008e-05
6.1827000000000003e-05
6.2011e-05
5.8024000000000006e-05
6.1156000000000009e-05
6.8663000000000003e-05
6.2531000000000002e-05
6.1828000000000005e-05
6.2055000000000001e-05
6.1935999999999998e-05
6.0072000000000004e-05
6.202200000000001e-05
6.1859000000000005e-05
6.2151999999999997e-05
6.1935999999999998e-05
6.1957000000000003e-05
6.0581000000000002e-05
5.8144000000000004e-05
6.2218000000000006e-05
6.1990000000000008e-05
6.206500000000001e-05
6.0571000000000007e-05
6.1903000000000007e-05
6.1101999999999999e-05
6.2325999999999999e-05
6.2856000000000009e-05
8.0938000000000003e-05
6.2325999999999999e-05
6.1773000000000006e-05
6.0213000000000001e-05
9.6386000000000009e-05
7.8467000000000006e-05
5.9758000000000006e-05
6.3051000000000003e-05
6.3669000000000003e-05
6.3464000000000001e-05
6.3452000000000002e-05
6.0451000000000001e-05
7.245500000000001e-05
5.8220000000000002e-05
5.7927000000000003e-05
5.8252000000000004e-05
5.7949000000000004e-05
5.7883000000000001e-05
5.8057000000000003e-05
5.8144000000000004e-05
5.8003000000000007e-05
5.8068e-05
5.7829000000000005e-05
5.8035000000000003e-05
5.8263000000000001e-05
5.8165000000000003e-05
5.7895e-05
5.8154000000000006e-05
6.0744000000000007e-05
6.0137000000000004e-05
6.0202000000000004e-05
6.0614000000000006e-05
6.0473000000000002e-05
6.0007000000000003e-05
5.7895e-05
5.7591000000000005e-05
5.9238000000000004e-05
5.9953000000000007e-05
5.9704000000000003e-05
5.9271000000000002e-05
8.3092999999999999e-05
6.0300000000000002e-05
6.8110999999999999e-05
7.9778000000000008e-05
6.6518000000000002e-05
5.9152000000000006e-05
5.9097000000000007e-05
5.9433000000000005e-05
5.9595000000000001e-05
6.0343000000000001e-05
5.9129000000000003e-05
5.9736000000000005e-05
5.8425000000000004e-05
5.9628000000000006e-05
5.9985000000000003e-05
6.0278000000000001e-05
5.9021000000000003e-05
5.8610000000000003e-05
5.9216000000000004e-05
5.9866000000000006e-05
6.0863000000000003e-05
5.9455000000000006e-05
5.8631000000000002e-05
5.9021000000000003e-05
5.9802000000000001e-05
6.0364000000000007e-05
5.9888000000000007e-05
5.8751e-05
6.8631000000000001e-05
5.9812000000000003e-05
6.0126000000000007e-05
6.0083000000000001e-05
5.9075000000000006e-05
6.5500000000000006e-05
6.487100000000001e-05
8.4502000000000012e-05
6.9584000000000003e-05
7.0418000000000002e-05
6.5554000000000003e-05
5.9054000000000001e-05
6.4622000000000006e-05
6.1048000000000002e-05
7.3440000000000002e-05
5.8458000000000002e-05
5.8144000000000004e-05
5.7505000000000006e-05
5.7949000000000004e-05
5.7787000000000001e-05
5.7656000000000005e-05
5.7494000000000002e-05
5.7753000000000001e-05
5.7613000000000006e-05
5.9292000000000001e-05
6.3202999999999998e-05
6.4947e-05
5.9043000000000004e-05
5.8263000000000001e-05
5.9693000000000006e-05
6.0364000000000007e-05
6.0332000000000004e-05
6.5207000000000001e-05
5.8415000000000002e-05
5.7309000000000003e-05
5.8631000000000002e-05
5.9725000000000002e-05
5.8436000000000001e-05
5.9693000000000006e-05
5.9401000000000003e-05
5.9444000000000002e-05
8.3710999999999999e-05
5.9996000000000006e-05
8.4870000000000006e-05
5.8870000000000004e-05
5.9563000000000006e-05
5.9812000000000003e-05
5.9119000000000001e-05
6.7169000000000007e-05
5.8534000000000006e-05
5.9833000000000001e-05
6.0646000000000002e-05
6.0245000000000003e-05
5.9401000000000003e-05
5.7558000000000007e-05
5.6930000000000006e-05
5.6822000000000006e-05
5.8793000000000004e-05
7.9378000000000011e-05
5.9780000000000007e-05
6.2423000000000009e-05
6.3387000000000008e-05
7.6074000000000004e-05
7.1177e-05
5.9379000000000002e-05
5.9596000000000003e-05
6.0191000000000007e-05
5.8740000000000003e-05
5.7396000000000004e-05
5.7602000000000002e-05
5.7699000000000004e-05
5.7408000000000003e-05
5.7775000000000002e-05
5.7928000000000005e-05
5.7905000000000002e-05
5.7115000000000005e-05
7.9822000000000009e-05
5.6887000000000006e-05
5.9856000000000004e-05
5.9531000000000003e-05
5.9574000000000003e-05
5.8827000000000004e-05
5.8436000000000001e-05
8.134900000000001e-05
6.0646000000000002e-05
5.9584000000000004e-05
5.9758000000000006e-05
5.6941000000000003e-05
5.6714000000000006e-05
7.5109000000000002e-05
5.6768000000000003e-05
5.6616000000000001e-05
5.7147e-05
5.8036000000000005e-05
5.7624000000000003e-05
5.7558000000000007e-05
5.7678000000000006e-05
5.7548000000000005e-05
5.7851000000000006e-05
5.7905000000000002e-05
5.7797000000000002e-05
5.7808000000000006e-05
5.7483000000000005e-05
5.6768000000000003e-05
5.6854000000000001e-05
5.6746000000000002e-05
7.538e-05
5.7028000000000004e-05
5.6931000000000001e-05
5.6692000000000005e-05
5.6453000000000003e-05
0.000102588
5.8220000000000002e-05
5.7840000000000002e-05
5.7862000000000003e-05
5.7699000000000004e-05
5.7840000000000002e-05
5.8003000000000007e-05
5.7841000000000004e-05
5.8263000000000001e-05
5.8122000000000004e-05
7.7795999999999999e-05
5.8414000000000007e-05
5.8187000000000004e-05
6.6063000000000008e-05
5.8155000000000001e-05
5.8014000000000004e-05
5.7949000000000004e-05
6.8889999999999999e-05
5.7862000000000003e-05
8.6019000000000004e-05
5.8555000000000004e-05
5.8404000000000005e-05
0.00025794199999999999
6.0842000000000005e-05
6.1112000000000007e-05
6.1394000000000002e-05
6.141600000000001e-05
6.1221000000000002e-05
6.1502000000000008e-05
0.00010203100000000001
6.2846000000000001e-05
6.2748000000000003e-05
0.000141693
5.6866000000000001e-05
5.9683000000000004e-05
6.0386000000000001e-05
6.154600000000001e-05
8.1154000000000003e-05
6.1242000000000008e-05
6.1210000000000005e-05
6.0853000000000002e-05
7.8543999999999999e-05
6.1057999999999997e-05
6.0235000000000002e-05
9.9078000000000002e-05
6.0061000000000007e-05
6.0278000000000001e-05
6.0257000000000003e-05
6.0105000000000001e-05
6.0148000000000001e-05
6.0094000000000004e-05
6.0267000000000004e-05
5.9986000000000005e-05
7.8175000000000003e-05
6.0777000000000004e-05
7.6984000000000007e-05
6.0744000000000007e-05
6.0993000000000004e-05
5.9736000000000005e-05
6.0635000000000005e-05
6.0310000000000004e-05
5.9845e-05
6.0105000000000001e-05
5.6714000000000006e-05
6.0776000000000002e-05
4.7180000000000006e-05
4.1482e-05
4.1655e-05
4.1492000000000002e-05
4.1514000000000003e-05
4.1504000000000001e-05
4.1558000000000004e-05
4.1449000000000002e-05
4.1427000000000002e-05
4.1492000000000002e-05
4.8253e-05
4.1698e-05
4.1471000000000003e-05
8.1111000000000003e-05
4.1742000000000001e-05
4.1634000000000002e-05
4.1569000000000001e-05
4.1775000000000006e-05
4.1688000000000005e-05
4.1644000000000003e-05
4.1731000000000004e-05
4.1482e-05
4.1568000000000006e-05
4.1698e-05
4.1568000000000006e-05
4.1644000000000003e-05
4.1764000000000002e-05
4.1710000000000006e-05
4.1558000000000004e-05
4.1514000000000003e-05
4.1666000000000004e-05
4.1558000000000004e-05
5.1871000000000005e-05
5.0203e-05
4.1698e-05
4.1557000000000002e-05
4.1698e-05
4.1731000000000004e-05
4.1818000000000005e-05
4.1688000000000005e-05
4.1547e-05
4.1764000000000002e-05
4.1504000000000001e-05
4.1557000000000002e-05
4.1622000000000002e-05
4.1536000000000003e-05
4.1666000000000004e-05
4.1427000000000002e-05
4.159e-05
4.159e-05
4.1557000000000002e-05
4.1632999999999999e-05
4.1644000000000003e-05
4.1525e-05
4.1514000000000003e-05
4.1666000000000004e-05
4.1503000000000006e-05
4.1644000000000003e-05
6.4590000000000003e-05
5.3746000000000003e-05
5.5295000000000005e-05
6.5673000000000006e-05
4.2912000000000005e-05
4.1536000000000003e-05
5.3984000000000004e-05
5.9433000000000005e-05
5.9573e-05
6.0159000000000005e-05
6.0126000000000007e-05
6.0300000000000002e-05
6.0192000000000002e-05
5.9660000000000001e-05
6.0299000000000007e-05
5.9910000000000001e-05
6.0126000000000007e-05
5.9931000000000006e-05
5.9769000000000003e-05
7.7460000000000007e-05
6.0159000000000005e-05
7.5889000000000005e-05
6.0073000000000006e-05
5.9834000000000003e-05
6.0148000000000001e-05
5.9790000000000002e-05
5.9898000000000001e-05
5.9834000000000003e-05
5.9758000000000006e-05
6.0343000000000001e-05
5.9888000000000007e-05
5.9693000000000006e-05
6.0213000000000001e-05
9.7546000000000004e-05
6.0192000000000002e-05
5.9303000000000005e-05
4.1709000000000003e-05
5.8545000000000003e-05
4.3583000000000006e-05
7.8597000000000007e-05
4.5880000000000001e-05
5.9704000000000003e-05
5.9823000000000006e-05
7.710300000000001e-05
6.0203000000000006e-05
6.0061000000000007e-05
7.1079000000000002e-05
6.4980000000000005e-05
5.6941000000000003e-05
5.7797000000000002e-05
5.6248000000000001e-05
5.7299000000000001e-05
5.7808000000000006e-05
6.4189000000000005e-05
9.0785000000000006e-05
5.8945000000000006e-05
0.00010343400000000001
6.0571000000000007e-05
6.0224000000000005e-05
7.7699000000000003e-05
6.0148000000000001e-05
6.0322000000000003e-05
5.9726000000000004e-05
6.0051000000000005e-05
6.0451000000000001e-05
6.0180000000000003e-05
5.9802000000000001e-05
6.0072000000000004e-05
5.9909000000000005e-05
5.9628000000000006e-05
8.1988000000000002e-05
5.9964000000000004e-05
6.0191000000000007e-05
5.7862000000000003e-05
5.9888000000000007e-05
6.0104000000000006e-05
6.0234000000000006e-05
6.0159000000000005e-05
6.0169000000000006e-05
6.0072000000000004e-05
7.7438e-05
5.9964000000000004e-05
5.9867000000000001e-05
5.9151000000000003e-05
5.9866000000000006e-05
6.0018000000000007e-05
5.9650000000000007e-05
5.8957000000000005e-05
5.8750000000000005e-05
5.9790000000000002e-05
6.0040000000000001e-05
5.9726000000000004e-05
5.9964000000000004e-05
5.9812000000000003e-05
5.9217000000000006e-05
5.9195000000000005e-05
8.7394999999999999e-05
5.9390000000000006e-05
5.9910000000000001e-05
5.9801000000000006e-05
6.0072000000000004e-05
5.9877000000000003e-05
6.0213000000000001e-05
5.9747000000000002e-05
9.7448000000000006e-05
6.0202000000000004e-05
5.9877000000000003e-05
5.9899000000000004e-05
5.9411000000000004e-05
5.9737000000000001e-05
6.0051000000000005e-05
6.0169000000000006e-05
5.9888000000000007e-05
5.9845e-05
5.9390000000000006e-05
5.8664000000000006e-05
6.0115000000000003e-05
6.0029000000000004e-05
6.0028000000000002e-05
6.0116000000000005e-05
6.0560000000000003e-05
8.1815000000000002e-05
6.0332000000000004e-05
5.9985000000000003e-05
6.0235000000000002e-05
5.9877000000000003e-05
5.9943000000000005e-05
6.0018000000000007e-05
8.4491000000000001e-05
6.0516000000000001e-05
5.9790000000000002e-05
6.0429000000000007e-05
6.0051000000000005e-05
6.0104000000000006e-05
6.0159000000000005e-05
6.0137000000000004e-05
7.7200000000000006e-05
6.0375000000000004e-05
7.9692000000000009e-05
6.0690000000000003e-05
5.9682000000000002e-05
5.8285000000000002e-05
5.9715000000000007e-05
6.0062000000000002e-05
6.0343000000000001e-05
6.0332000000000004e-05
6.0137000000000004e-05
6.0495000000000003e-05
5.9606000000000005e-05
5.9823000000000006e-05
5.9942000000000003e-05
6.0159000000000005e-05
6.0235000000000002e-05
7.7145000000000008e-05
6.0364000000000007e-05
6.0278000000000001e-05
6.0387000000000003e-05
6.0018000000000007e-05
5.9931000000000006e-05
7.0776000000000001e-05
6.0278000000000001e-05
5.9931000000000006e-05
5.9855000000000002e-05
6.0083000000000001e-05
6.0147000000000005e-05
5.9498000000000005e-05
6.0073000000000006e-05
6.0343000000000001e-05
5.9834000000000003e-05
6.0148000000000001e-05
5.9498000000000005e-05
6.0039000000000006e-05
6.0127000000000002e-05
8.0081000000000008e-05
5.9509000000000002e-05
5.9693000000000006e-05
7.6246000000000001e-05
6.0333000000000007e-05
5.9812000000000003e-05
5.9899000000000004e-05
5.9931000000000006e-05
6.0029000000000004e-05
6.0061000000000007e-05
6.0116000000000005e-05
6.0051000000000005e-05
6.0397000000000005e-05
6.0451000000000001e-05
5.9845e-05
5.9758000000000006e-05
5.9693000000000006e-05
6.0061000000000007e-05
5.9618000000000004e-05
5.9184000000000001e-05
6.0029000000000004e-05
5.9920000000000002e-05
6.0018000000000007e-05
6.0018000000000007e-05
5.9975000000000001e-05
6.0007000000000003e-05
6.0062000000000002e-05
5.9855000000000002e-05
6.0083000000000001e-05
7.7752999999999999e-05
6.6756000000000009e-05
6.0148000000000001e-05
6.0213000000000001e-05
5.6161000000000007e-05
5.6486000000000001e-05
7.946400000000001e-05
5.8024000000000006e-05
5.8263000000000001e-05
5.8523000000000002e-05
5.7418000000000005e-05
5.8339000000000005e-05
5.8013000000000002e-05
5.7786000000000005e-05
6.5716000000000006e-05
0.00012537300000000002
6.0516000000000001e-05
6.0234000000000006e-05
0.000225233
6.3019000000000001e-05
4.1612000000000001e-05
5.1893000000000006e-05
5.7158000000000004e-05
5.7970000000000002e-05
7.6756000000000008e-05
6.0094000000000004e-05
5.7494000000000002e-05
5.9281000000000004e-05
6.4513999999999999e-05
5.9791000000000004e-05
5.9498000000000005e-05
5.9963000000000002e-05
5.9639000000000003e-05
6.0733000000000003e-05
6.1231000000000011e-05
6.0743000000000004e-05
6.0494000000000001e-05
5.8870000000000004e-05
6.0571000000000007e-05
6.0776000000000002e-05
6.1123000000000004e-05
6.0906000000000003e-05
6.1004000000000001e-05
6.0668000000000003e-05
6.0549000000000006e-05
6.0614000000000006e-05
6.0982000000000007e-05
6.0516000000000001e-05
8.6951000000000001e-05
6.0896000000000001e-05
6.0094000000000004e-05
6.3885000000000002e-05
5.9672000000000001e-05
6.7894000000000011e-05
6.1210000000000005e-05
6.0712000000000004e-05
6.0863000000000003e-05
6.0960000000000006e-05
6.0679000000000006e-05
5.8187000000000004e-05
5.8436000000000001e-05
6.0246000000000006e-05
6.0549000000000006e-05
6.0473000000000002e-05
6.0408000000000002e-05
6.0581000000000002e-05
6.0571000000000007e-05
6.0398000000000007e-05
6.0603000000000002e-05
5.9065000000000005e-05
6.5370000000000006e-05
5.9584000000000004e-05
5.9975000000000001e-05
5.9379000000000002e-05
6.0300000000000002e-05
6.0884000000000002e-05
6.0711000000000002e-05
6.0907000000000005e-05
6.1177000000000001e-05
5.9368000000000005e-05
6.0375000000000004e-05
7.7829000000000003e-05
8.8911000000000003e-05
6.7395000000000001e-05
6.0559000000000001e-05
6.0625000000000003e-05
6.0516000000000001e-05
6.0473000000000002e-05
7.7612000000000002e-05
6.1134000000000001e-05
6.0700000000000005e-05
6.0798000000000003e-05
6.0603000000000002e-05
6.0463000000000007e-05
6.0538000000000002e-05
6.0581000000000002e-05
6.0917000000000006e-05
6.0440000000000004e-05
6.0820000000000004e-05
6.0636000000000007e-05
6.0733000000000003e-05
6.0766000000000001e-05
6.0571000000000007e-05
6.0831000000000001e-05
6.0397000000000005e-05
6.0928000000000003e-05
6.0939e-05
6.0754000000000001e-05
6.0777000000000004e-05
8.0113999999999999e-05
6.0711000000000002e-05
6.0473000000000002e-05
6.0777000000000004e-05
6.0332000000000004e-05
6.6659e-05
7.9626e-05
7.3170000000000006e-05
6.2466000000000008e-05
7.153400000000001e-05
6.0484000000000006e-05
6.0625000000000003e-05
6.0202000000000004e-05
7.1112000000000006e-05
6.5121000000000002e-05
6.0603000000000002e-05
6.0842000000000005e-05
6.0755000000000004e-05
6.0408000000000002e-05
6.1057999999999997e-05
6.1123000000000004e-05
6.1025000000000006e-05
6.0733000000000003e-05
6.135e-05
6.0723000000000001e-05
6.0484000000000006e-05
6.0636000000000007e-05
6.0852000000000006e-05
6.1187999999999998e-05
6.0928000000000003e-05
6.0939e-05
6.0896000000000001e-05
6.0397000000000005e-05
6.1167000000000006e-05
0.00011124500000000001
5.8306e-05
6.2413e-05
5.7971000000000005e-05
5.5186000000000003e-05
5.8502000000000003e-05
5.8122000000000004e-05
6.3744000000000005e-05
7.9962000000000005e-05
6.2694000000000007e-05
6.2651000000000007e-05
6.2250000000000009e-05
6.0473000000000002e-05
6.0473000000000002e-05
6.0690000000000003e-05
6.0062000000000002e-05
5.9769000000000003e-05
5.9888000000000007e-05
6.0202000000000004e-05
6.0885000000000004e-05
5.9888000000000007e-05
6.0765000000000005e-05
5.9888000000000007e-05
5.9867000000000001e-05
6.0646000000000002e-05
6.1437000000000001e-05
6.140400000000001e-05
6.0083000000000001e-05
5.9379000000000002e-05
5.9325000000000005e-05
9.5471000000000008e-05
4.1980000000000001e-05
4.1632999999999999e-05
4.1438000000000005e-05
4.159e-05
4.1655e-05
4.1471000000000003e-05
4.1514000000000003e-05
4.1503000000000006e-05
4.1709000000000003e-05
4.1861000000000005e-05
4.1622000000000002e-05
4.1676000000000006e-05
4.1569000000000001e-05
4.1525e-05
4.1363000000000004e-05
4.1459999999999999e-05
4.1547e-05
4.1612000000000001e-05
4.1438000000000005e-05
4.1406000000000003e-05
4.1384000000000002e-05
4.1459999999999999e-05
4.1580000000000005e-05
6.2088000000000006e-05
5.8360000000000004e-05
4.1482e-05
4.1331000000000001e-05
4.1503000000000006e-05
4.1698e-05
4.159e-05
4.1632999999999999e-05
4.6910000000000003e-05
5.7418000000000005e-05
4.1796000000000004e-05
4.1666000000000004e-05
4.1417e-05
4.1568000000000006e-05
5.3583000000000005e-05
4.1644000000000003e-05
4.1482e-05
4.1449000000000002e-05
4.1373000000000005e-05
6.2878000000000003e-05
4.1709000000000003e-05
4.1439000000000001e-05
4.1623000000000005e-05
6.7081000000000004e-05
4.1774000000000004e-05
4.1438000000000005e-05
4.1644000000000003e-05
4.1645000000000005e-05
4.1645000000000005e-05
4.159e-05
4.1394999999999999e-05
4.1536000000000003e-05
4.1439000000000001e-05
4.1580000000000005e-05
4.1449000000000002e-05
4.1525e-05
4.1525e-05
4.1492000000000002e-05
4.1525e-05
4.1481000000000005e-05
4.1276000000000003e-05
4.159e-05
4.1677000000000001e-05
4.1449000000000002e-05
4.1482e-05
4.1427000000000002e-05
4.1482e-05
4.1438000000000005e-05
4.1459999999999999e-05
4.1612000000000001e-05
4.1428000000000004e-05
4.1492000000000002e-05
4.1471000000000003e-05
4.1396000000000001e-05
4.1439000000000001e-05
4.1601000000000004e-05
5.7439000000000004e-05
4.1558000000000004e-05
4.1492000000000002e-05
4.1394999999999999e-05
4.1459999999999999e-05
4.1471000000000003e-05
4.1525e-05
4.1167000000000001e-05
4.1632999999999999e-05
4.1394999999999999e-05
4.1417e-05
4.1459999999999999e-05
4.1493000000000004e-05
5.9661000000000004e-05
4.1731000000000004e-05
4.1504000000000001e-05
4.1687000000000003e-05
4.1557000000000002e-05
4.1482e-05
4.1600000000000002e-05
4.1504000000000001e-05
4.1417e-05
4.1471000000000003e-05
4.1710000000000006e-05
4.1623000000000005e-05
4.1601000000000004e-05
4.1579000000000003e-05
4.1514000000000003e-05
4.1493000000000004e-05
4.1493000000000004e-05
4.1374000000000001e-05
4.1514000000000003e-05
4.1471000000000003e-05
4.1579000000000003e-05
4.1482e-05
4.1492000000000002e-05
4.1547e-05
4.1459999999999999e-05
4.1233000000000003e-05
4.1471000000000003e-05
4.1601000000000004e-05
4.1557000000000002e-05
4.1677000000000001e-05
4.1504000000000001e-05
4.1742000000000001e-05
4.1482e-05
4.1331000000000001e-05
4.1449000000000002e-05
5.7624000000000003e-05
4.1721000000000003e-05
4.1493000000000004e-05
4.1438000000000005e-05
4.1362000000000001e-05
4.1568000000000006e-05
4.1655e-05
4.1579000000000003e-05
4.1482e-05
4.1557000000000002e-05
4.1449000000000002e-05
4.1438000000000005e-05
4.7841000000000005e-05
4.1362000000000001e-05
4.1428000000000004e-05
6.0354000000000005e-05
4.1525e-05
4.1569000000000001e-05
4.1525e-05
4.1709000000000003e-05
4.1698e-05
4.1807000000000001e-05
4.1558000000000004e-05
4.1677000000000001e-05
4.1601000000000004e-05
4.1666000000000004e-05
4.159e-05
4.1677000000000001e-05
4.1514000000000003e-05
4.1449000000000002e-05
4.1449000000000002e-05
4.1632999999999999e-05
4.1394999999999999e-05
4.1504000000000001e-05
4.1536000000000003e-05
4.1471000000000003e-05
4.1439000000000001e-05
4.1764000000000002e-05
4.1535000000000001e-05
5.5544000000000002e-05
4.1655e-05
4.1612000000000001e-05
4.1569000000000001e-05
4.1330000000000006e-05
4.1514000000000003e-05
4.1525e-05
4.1384000000000002e-05
5.4298000000000001e-05
4.1525e-05
4.1459999999999999e-05
5.8219000000000006e-05
4.1525e-05
4.159e-05
4.1449000000000002e-05
4.1341000000000003e-05
4.1330000000000006e-05
4.1536000000000003e-05
4.1632999999999999e-05
4.1525e-05
4.1514000000000003e-05
4.1417e-05
4.1525e-05
4.1623000000000005e-05
4.1536000000000003e-05
4.1547e-05
4.7689000000000004e-05
4.1547e-05
4.1525e-05
4.1514000000000003e-05
4.1373000000000005e-05
4.1492000000000002e-05
4.1471000000000003e-05
4.1622000000000002e-05
4.1493000000000004e-05
4.1450000000000005e-05
4.1406000000000003e-05
4.1503000000000006e-05
5.5262e-05
4.9206000000000003e-05
5.5284000000000001e-05
4.1503000000000006e-05
4.1688000000000005e-05
4.1623000000000005e-05
4.1482e-05
4.1546000000000005e-05
4.1504000000000001e-05
4.1579000000000003e-05
4.1298000000000003e-05
4.1471000000000003e-05
5.8100000000000003e-05
6.4914999999999998e-05
5.7169000000000001e-05
5.7840000000000002e-05
6.1903000000000007e-05
6.1816000000000006e-05
6.2759e-05
6.233700000000001e-05
6.1080000000000005e-05
7.2422000000000006e-05
6.0971000000000003e-05
8.0938000000000003e-05
6.8198e-05
6.4785000000000011e-05
5.8392000000000006e-05
0.00033095500000000002
5.9173000000000004e-05
0.000108596
6.4558000000000001e-05
6.4287000000000003e-05
5.5901000000000006e-05
6.3462999999999999e-05
5.7852000000000001e-05
5.7396000000000004e-05
5.6248000000000001e-05
6.9985000000000002e-05
4.5274000000000001e-05
4.1601000000000004e-05
4.1536000000000003e-05
4.1406000000000003e-05
4.1341000000000003e-05
4.1579000000000003e-05
4.1352e-05
4.1450000000000005e-05
4.1417e-05
4.1492000000000002e-05
4.1514000000000003e-05
4.1373000000000005e-05
4.1363000000000004e-05
4.1450000000000005e-05
4.1439000000000001e-05
4.1515000000000005e-05
4.1536000000000003e-05
4.1515000000000005e-05
4.1525e-05
4.1417e-05
4.1406000000000003e-05
4.1373000000000005e-05
4.1471000000000003e-05
4.1449000000000002e-05
4.1340000000000001e-05
4.1482e-05
4.1351000000000004e-05
4.1525e-05
4.1557000000000002e-05
4.1579000000000003e-05
6.7136000000000002e-05
4.1546000000000005e-05
4.1341000000000003e-05
4.1309e-05
4.1319000000000002e-05
4.1319000000000002e-05
4.1298000000000003e-05
4.1428000000000004e-05
4.4732000000000005e-05
5.5652000000000002e-05
5.5522000000000001e-05
9.2378000000000002e-05
7.4654000000000007e-05
6.5532999999999998e-05
5.8469000000000006e-05
5.7787000000000001e-05
5.7743000000000006e-05
7.4989999999999999e-05
8.6084000000000011e-05
5.8002000000000005e-05
5.7916000000000006e-05
5.783e-05
5.7699000000000004e-05
8.0861000000000011e-05
6.7754000000000002e-05
6.0224000000000005e-05
6.1144999999999998e-05
6.1610000000000001e-05
6.1394000000000002e-05
6.109e-05
6.0949000000000002e-05
6.0863000000000003e-05
6.0635000000000005e-05
6.0885000000000004e-05
6.1166000000000004e-05
6.1242000000000008e-05
0.00010077000000000001
6.0061000000000007e-05
5.4612000000000005e-05
5.7710000000000001e-05
5.9335000000000007e-05
4.5664000000000002e-05
5.3886000000000006e-05
5.0767000000000004e-05
4.8145000000000001e-05
5.5316000000000004e-05
4.2175000000000002e-05
4.1611000000000005e-05
4.1579000000000003e-05
4.1612000000000001e-05
4.1450000000000005e-05
4.1753000000000005e-05
4.159e-05
4.3930000000000001e-05
4.7516000000000004e-05
4.1557000000000002e-05
4.1622000000000002e-05
4.9195000000000006e-05
4.1514000000000003e-05
4.6476e-05
4.1655e-05
4.1644000000000003e-05
4.1601000000000004e-05
4.1547e-05
4.1504000000000001e-05
4.1535000000000001e-05
0.00022424400000000002
5.9022000000000005e-05
6.5869000000000002e-05
5.9888000000000007e-05
9.8171000000000006e-05
7.6625000000000006e-05
6.0137000000000004e-05
6.0441000000000006e-05
6.6063000000000008e-05
7.0071e-05
5.8382000000000004e-05
6.4958000000000011e-05
6.6571999999999999e-05
8.6819999999999999e-05
7.4567000000000006e-05
5.7093000000000004e-05
7.1165000000000001e-05
7.1501000000000005e-05
8.2367000000000006e-05
5.3410000000000005e-05
6.2651000000000007e-05
5.6985000000000004e-05
9.0319e-05
5.7656000000000005e-05
5.7191000000000002e-05
6.4839000000000007e-05
9.7318000000000006e-05
6.0517000000000004e-05
6.0299000000000007e-05
6.0148000000000001e-05
6.0310000000000004e-05
6.0170000000000002e-05
6.0213000000000001e-05
6.0213000000000001e-05
6.0245000000000003e-05
6.0332000000000004e-05
6.0234000000000006e-05
6.0245000000000003e-05
5.9715000000000007e-05
6.0289000000000005e-05
6.0246000000000006e-05
6.0170000000000002e-05
6.0213000000000001e-05
6.0202000000000004e-05
6.0191000000000007e-05
6.0256e-05
6.0332000000000004e-05
6.0256e-05
6.0387000000000003e-05
6.0094000000000004e-05
6.0256e-05
5.9964000000000004e-05
6.0104000000000006e-05
6.0115000000000003e-05
6.0180000000000003e-05
6.0192000000000002e-05
0.00010241300000000001
6.2152999999999999e-05
8.6365000000000004e-05
6.1773000000000006e-05
6.1871000000000004e-05
6.171900000000001e-05
6.2044000000000004e-05
7.9897000000000011e-05
6.1817000000000008e-05
6.2423000000000009e-05
6.246700000000001e-05
6.2249000000000007e-05
6.2348000000000007e-05
6.2748000000000003e-05
6.1762000000000009e-05
6.8196999999999998e-05
6.2001000000000005e-05
6.1686000000000005e-05
6.1698000000000005e-05
6.1882000000000001e-05
6.1968e-05
6.1730000000000007e-05
6.1795e-05
6.1968e-05
6.2044000000000004e-05
6.1957000000000003e-05
6.2034000000000009e-05
6.1882000000000001e-05
0.000119765
6.2033000000000007e-05
6.1947000000000008e-05
6.1643000000000006e-05
6.1903000000000007e-05
6.1729000000000005e-05
6.1989000000000006e-05
6.2454999999999997e-05
6.2217000000000004e-05
6.2498999999999999e-05
6.2478000000000007e-05
6.1859000000000005e-05
6.1577999999999999e-05
6.1383000000000005e-05
6.1860000000000007e-05
6.1567000000000002e-05
6.1360999999999997e-05
6.1394000000000002e-05
6.1372000000000008e-05
6.1707999999999999e-05
6.1903000000000007e-05
6.8999000000000008e-05
6.1880999999999999e-05
6.1914000000000004e-05
6.2087000000000004e-05
6.1871000000000004e-05
6.1848000000000008e-05
0.00027187200000000004
5.7126000000000002e-05
5.7180000000000005e-05
5.8350000000000002e-05
5.7841000000000004e-05
5.8632000000000004e-05
5.9324000000000003e-05
6.0094000000000004e-05
7.7417000000000008e-05
5.8426000000000006e-05
5.8708000000000001e-05
5.8729000000000006e-05
5.8869000000000002e-05
5.8338000000000003e-05
5.6660000000000003e-05
5.6584000000000006e-05
5.6974e-05
5.8794000000000007e-05
5.9076000000000002e-05
5.8166000000000005e-05
5.8307000000000003e-05
5.8296000000000006e-05
5.7429000000000002e-05
6.1773000000000006e-05
6.158900000000001e-05
6.1827000000000003e-05
6.2368999999999999e-05
6.2185000000000002e-05
6.1296000000000004e-05
6.0939e-05
9.940300000000001e-05
5.6335000000000002e-05
5.6335000000000002e-05
7.1101000000000009e-05
6.4276000000000006e-05
5.6682000000000004e-05
5.6930000000000006e-05
5.6790000000000003e-05
6.4027000000000002e-05
5.6713000000000004e-05
5.6877000000000004e-05
5.6562000000000005e-05
5.6519000000000006e-05
5.6476000000000006e-05
5.7006000000000003e-05
5.6962000000000001e-05
5.6605000000000004e-05
6.4969000000000008e-05
5.7505000000000006e-05
7.3983e-05
6.5056000000000009e-05
5.7743000000000006e-05
5.7852000000000001e-05
5.7428000000000006e-05
5.6963000000000003e-05
5.6822000000000006e-05
5.6552000000000003e-05
6.3843000000000005e-05
5.7722000000000001e-05
5.6497000000000005e-05
5.6573000000000002e-05
8.1230000000000007e-05
5.6920000000000004e-05
5.7006000000000003e-05
5.7017000000000007e-05
5.6746000000000002e-05
5.6984000000000002e-05
5.7158000000000004e-05
5.7147e-05
5.6584000000000006e-05
6.4601e-05
5.6259000000000005e-05
5.6443000000000002e-05
5.6822000000000006e-05
7.4600000000000011e-05
5.7298000000000006e-05
5.6963000000000003e-05
5.6931000000000001e-05
5.7504000000000004e-05
5.7612000000000003e-05
5.7332000000000006e-05
5.7298000000000006e-05
5.7320000000000007e-05
6.465500000000001e-05
5.6985000000000004e-05
6.4665000000000005e-05
5.7331000000000004e-05
5.6670000000000005e-05
5.6682000000000004e-05
5.6584000000000006e-05
5.6183000000000001e-05
5.5684000000000004e-05
5.6010000000000001e-05
5.5295000000000005e-05
5.7396000000000004e-05
5.6389000000000005e-05
5.7515000000000001e-05
8.1057000000000007e-05
0.00053736099999999998
5.9043000000000004e-05
5.9693000000000006e-05
5.8707000000000006e-05
5.8664000000000006e-05
5.9855000000000002e-05
0.000121119
6.0267000000000004e-05
6.0559000000000001e-05
6.4622000000000006e-05
5.8750000000000005e-05
5.7678000000000006e-05
4.9477000000000001e-05
6.5077000000000001e-05
5.8729000000000006e-05
5.8545000000000003e-05
6.5705999999999997e-05
5.8707000000000006e-05
5.8447000000000005e-05
5.8328000000000001e-05
5.8458000000000002e-05
5.8567000000000004e-05
9.9143000000000009e-05
4.1612000000000001e-05
4.1645000000000005e-05
4.1710000000000006e-05
4.1568000000000006e-05
4.1557000000000002e-05
4.1536000000000003e-05
4.1514000000000003e-05
4.1514000000000003e-05
4.1471000000000003e-05
4.1525e-05
4.1622000000000002e-05
4.1449000000000002e-05
4.1492000000000002e-05
4.1503000000000006e-05
4.1428000000000004e-05
4.159e-05
4.1330000000000006e-05
4.1536000000000003e-05
6.2541999999999999e-05
4.1612000000000001e-05
4.172e-05
4.1622000000000002e-05
4.1568000000000006e-05
4.1254000000000002e-05
4.1482e-05
4.1645000000000005e-05
4.1471000000000003e-05
4.1298000000000003e-05
4.1622000000000002e-05
5.7765000000000007e-05
6.4157000000000003e-05
4.4948999999999999e-05
4.1861000000000005e-05
5.8014000000000004e-05
6.3777999999999998e-05
6.3300000000000007e-05
6.0408000000000002e-05
6.0484000000000006e-05
7.8793000000000003e-05
0.00010463100000000001
6.3517000000000009e-05
6.3462999999999999e-05
7.1187000000000008e-05
6.3419000000000011e-05
6.294300000000001e-05
8.5434000000000009e-05
6.3029999999999998e-05
6.2325999999999999e-05
6.9085000000000007e-05
6.2055000000000001e-05
6.9487000000000007e-05
6.0180000000000003e-05
6.2910000000000006e-05
6.2629e-05
6.0928000000000003e-05
6.2044000000000004e-05
6.251000000000001e-05
6.2489000000000004e-05
6.2650000000000005e-05
6.3225000000000005e-05
6.2965000000000004e-05
6.2716000000000001e-05
6.2964000000000002e-05
6.2921000000000003e-05
6.264000000000001e-05
6.0885000000000004e-05
6.0386000000000001e-05
6.0712000000000004e-05
6.0505000000000004e-05
6.0679000000000006e-05
6.0300000000000002e-05
6.8153999999999998e-05
6.0852000000000006e-05
6.0787000000000006e-05
6.0538000000000002e-05
6.0754000000000001e-05
6.1187999999999998e-05
6.1004000000000001e-05
6.1166000000000004e-05
8.5304000000000009e-05
6.1556000000000005e-05
6.114400000000001e-05
6.1177000000000001e-05
6.0949000000000002e-05
6.0841000000000002e-05
6.1123000000000004e-05
6.0982000000000007e-05
6.0495000000000003e-05
6.1274999999999999e-05
6.1795e-05
6.2878000000000003e-05
6.2022999999999999e-05
6.2618000000000003e-05
6.2206000000000007e-05
6.1155000000000007e-05
6.0592000000000005e-05
6.0441000000000006e-05
6.0506000000000007e-05
6.0278000000000001e-05
6.0311000000000006e-05
6.0798000000000003e-05
6.0722000000000006e-05
6.1556000000000005e-05
6.1209000000000003e-05
7.3170000000000006e-05
6.8219000000000005e-05
6.1296000000000004e-05
6.0636000000000007e-05
6.0787000000000006e-05
6.1242000000000008e-05
6.0928000000000003e-05
7.3007000000000001e-05
5.9238000000000004e-05
9.6822000000000002e-05
5.9455000000000006e-05
7.7330000000000007e-05
5.9520000000000006e-05
0.00019845
7.1144000000000009e-05
6.0332000000000004e-05
7.0938000000000004e-05
6.0505000000000004e-05
6.0863000000000003e-05
6.0960000000000006e-05
6.1134000000000001e-05
5.9379000000000002e-05
5.7895e-05
5.9303000000000005e-05
6.0430000000000002e-05
6.0170000000000002e-05
5.8414000000000007e-05
9.5465000000000008e-05
0.00011403400000000001
7.3051000000000002e-05
6.6528999999999999e-05
0.00010000300000000001
8.4264000000000005e-05
6.0463000000000007e-05
6.0354000000000005e-05
6.0387000000000003e-05
6.0418000000000003e-05
6.0203000000000006e-05
6.0203000000000006e-05
6.0310000000000004e-05
6.0527000000000005e-05
6.0311000000000006e-05
6.0343000000000001e-05
6.0386000000000001e-05
6.0289000000000005e-05
6.0419000000000005e-05
6.0104000000000006e-05
6.0364000000000007e-05
6.0246000000000006e-05
5.9866000000000006e-05
6.0159000000000005e-05
6.0343000000000001e-05
6.0343000000000001e-05
6.0203000000000006e-05
6.0246000000000006e-05
6.0311000000000006e-05
6.0267000000000004e-05
6.0115000000000003e-05
0.00010743600000000001
6.5359000000000009e-05
5.8458000000000002e-05
5.9076000000000002e-05
5.8946000000000001e-05
5.8826000000000002e-05
5.9422000000000001e-05
8.1782999999999999e-05
5.9541000000000005e-05
5.8144000000000004e-05
6.5251000000000003e-05
5.8371000000000001e-05
5.9076000000000002e-05
5.9335000000000007e-05
5.8761000000000002e-05
8.1782999999999999e-05
5.8285000000000002e-05
6.5370000000000006e-05
5.9064000000000002e-05
5.8133000000000001e-05
5.8934000000000002e-05
5.9531000000000003e-05
5.9358000000000003e-05
5.8318000000000006e-05
8.0904999999999999e-05
5.8869000000000002e-05
6.4731000000000001e-05
5.8307000000000003e-05
5.9162e-05
5.8923000000000005e-05
5.8512000000000005e-05
5.9519000000000004e-05
8.0916000000000009e-05
5.9064000000000002e-05
5.8165000000000003e-05
5.9021000000000003e-05
5.9227000000000001e-05
5.9086000000000003e-05
5.8176000000000007e-05
5.9855000000000002e-05
5.8533000000000004e-05
8.713400000000001e-05
5.8295000000000003e-05
5.9227000000000001e-05
5.8848000000000003e-05
5.8534000000000006e-05
5.9043000000000004e-05
6.5327000000000007e-05
5.8935000000000004e-05
8.0472000000000012e-05
5.8924e-05
5.9346000000000004e-05
5.9206000000000002e-05
5.8155000000000001e-05
5.9888000000000007e-05
5.8295000000000003e-05
6.487100000000001e-05
5.8371000000000001e-05
8.0786000000000009e-05
5.8870000000000004e-05
5.8794000000000007e-05
5.8577000000000005e-05
7.7026000000000004e-05
5.8859000000000007e-05
5.8263000000000001e-05
5.9000000000000004e-05
8.3201000000000005e-05
5.9465000000000001e-05
5.8284000000000006e-05
5.8858000000000005e-05
8.7314000000000011e-05
6.8013000000000001e-05
4.2890000000000004e-05
4.1579000000000003e-05
4.1655e-05
4.1525e-05
5.7191000000000002e-05
4.1806000000000006e-05
4.1623000000000005e-05
4.1471000000000003e-05
4.1525e-05
5.6085000000000003e-05
4.1579000000000003e-05
4.1547e-05
4.1535000000000001e-05
4.1547e-05
4.2533000000000001e-05
5.2684000000000006e-05
0.00014625900000000001
9.9734000000000004e-05
6.0538000000000002e-05
6.0083000000000001e-05
0.0015893340000000002
0.00035077000000000003
9.274600000000001e-05
6.0733000000000003e-05
5.9974000000000005e-05
6.1155000000000007e-05
0.00010343900000000001
0.00010865500000000001
6.0137000000000004e-05
0.00010636700000000001
0.00029765600000000004
6.0311000000000006e-05
8.7995e-05
5.8328000000000001e-05
5.7959000000000005e-05
5.8209000000000005e-05
0.00012276100000000001
5.7342000000000001e-05
5.6757000000000006e-05
5.6800000000000005e-05
7.5370000000000005e-05
5.7938000000000007e-05
5.7461000000000004e-05
5.7418000000000005e-05
5.7374000000000003e-05
5.7526000000000005e-05
5.783e-05
5.7700000000000007e-05
5.7775000000000002e-05
5.7624000000000003e-05
9.6437000000000012e-05
6.0495000000000003e-05
6.0560000000000003e-05
6.0668000000000003e-05
6.0418000000000003e-05
8.5444000000000004e-05
6.0874000000000007e-05
6.0570000000000005e-05
6.0701e-05
6.0419000000000005e-05
6.0462000000000005e-05
6.0451000000000001e-05
5.9964000000000004e-05
0.00012370800000000002
5.8978000000000004e-05
6.4677000000000004e-05
6.5868e-05
6.0776000000000002e-05
6.0484000000000006e-05
6.0798000000000003e-05
6.0928000000000003e-05
6.0689000000000001e-05
6.0830000000000005e-05
6.0517000000000004e-05
6.0473000000000002e-05
6.0354000000000005e-05
5.9346000000000004e-05
6.0982000000000007e-05
8.6763000000000009e-05
4.9639000000000004e-05
5.7732000000000002e-05
6.4492000000000005e-05
7.6561000000000001e-05
5.8078000000000002e-05
5.9053000000000005e-05
5.9368000000000005e-05
5.9108000000000004e-05
5.8740000000000003e-05
6.5944000000000004e-05
5.8913000000000003e-05
5.8143000000000002e-05
5.8458000000000002e-05
5.8544000000000001e-05
5.8285000000000002e-05
5.8989000000000001e-05
5.8285000000000002e-05
7.8228999999999999e-05
5.9129000000000003e-05
5.8545000000000003e-05
5.8881000000000001e-05
5.8762000000000004e-05
5.8729000000000006e-05
5.8805000000000004e-05
5.9054000000000001e-05
5.8588000000000002e-05
5.9270000000000007e-05
5.7721000000000005e-05
5.8620000000000005e-05
5.8610000000000003e-05
5.7548000000000005e-05
7.9832000000000004e-05
4.1644000000000003e-05
4.1612000000000001e-05
4.9542000000000001e-05
5.9963000000000002e-05
6.0917000000000006e-05
6.0928000000000003e-05
6.0105000000000001e-05
6.0560000000000003e-05
5.9368000000000005e-05
6.0885000000000004e-05
6.1123000000000004e-05
6.0971000000000003e-05
6.0928000000000003e-05
6.1004000000000001e-05
6.1199000000000008e-05
6.1231000000000011e-05
6.114400000000001e-05
6.0907000000000005e-05
6.0863000000000003e-05
6.1080000000000005e-05
6.0787000000000006e-05
6.0397000000000005e-05
6.0104000000000006e-05
5.9390000000000006e-05
6.482800000000001e-05
6.6107000000000009e-05
6.1015000000000005e-05
6.0961000000000001e-05
6.0711000000000002e-05
6.0700000000000005e-05
5.9390000000000006e-05
5.9834000000000003e-05
6.0939e-05
6.0430000000000002e-05
6.0809000000000007e-05
0.000108869
6.0733000000000003e-05
6.0809000000000007e-05
6.0863000000000003e-05
6.0831000000000001e-05
7.7861000000000006e-05
6.0884000000000002e-05
6.0863000000000003e-05
6.0971000000000003e-05
6.0689000000000001e-05
6.0918000000000002e-05
6.0635000000000005e-05
6.0234000000000006e-05
6.0852000000000006e-05
6.0820000000000004e-05
6.0614000000000006e-05
6.0766000000000001e-05
6.0917000000000006e-05
6.0700000000000005e-05
5.9877000000000003e-05
5.9780000000000007e-05
5.9194000000000003e-05
6.5110000000000005e-05
6.544600000000001e-05
6.0636000000000007e-05
6.0798000000000003e-05
6.0766000000000001e-05
6.0635000000000005e-05
6.0582000000000004e-05
6.0766000000000001e-05
6.0224000000000005e-05
6.0831000000000001e-05
9.9926000000000005e-05
6.2454999999999997e-05
6.154600000000001e-05
6.0288000000000003e-05
6.0419000000000005e-05
6.2627999999999997e-05
6.2650000000000005e-05
6.1632999999999998e-05
6.2651000000000007e-05
6.2325999999999999e-05
6.0570000000000005e-05
6.0235000000000002e-05
6.2001000000000005e-05
9.0482000000000005e-05
6.1718000000000008e-05
6.141600000000001e-05
6.1620999999999998e-05
6.1317999999999998e-05
6.2574000000000001e-05
6.2694000000000007e-05
6.1524000000000003e-05
6.1957000000000003e-05
6.2077000000000009e-05
9.9989000000000008e-05
6.1502000000000008e-05
5.9932000000000001e-05
6.0029000000000004e-05
6.0560000000000003e-05
6.0451000000000001e-05
5.9910000000000001e-05
7.0851000000000003e-05
6.1437000000000001e-05
6.1438000000000004e-05
6.0700000000000005e-05
6.1048000000000002e-05
6.0960000000000006e-05
6.135e-05
6.1676000000000011e-05
5.9628000000000006e-05
5.7765000000000007e-05
5.7397000000000006e-05
5.7959000000000005e-05
6.1447999999999998e-05
6.1577999999999999e-05
6.1502000000000008e-05
6.1459000000000009e-05
6.1524000000000003e-05
5.9000000000000004e-05
4.3638000000000005e-05
4.1514000000000003e-05
4.1644000000000003e-05
4.1579000000000003e-05
4.1655e-05
4.1632999999999999e-05
4.1632999999999999e-05
6.2954000000000007e-05
4.1645000000000005e-05
4.1731000000000004e-05
4.1547e-05
4.1807000000000001e-05
4.1742000000000001e-05
4.1634000000000002e-05
4.159e-05
4.1601000000000004e-05
4.1644000000000003e-05
4.1644000000000003e-05
4.1698e-05
4.1557000000000002e-05
4.1428000000000004e-05
4.1558000000000004e-05
4.1459999999999999e-05
4.1785000000000001e-05
4.1622000000000002e-05
4.1796000000000004e-05
0.000224417
8.5585000000000001e-05
5.94e-05
8.9095e-05
5.7461000000000004e-05
8.3288000000000006e-05
5.8696000000000002e-05
5.9108000000000004e-05
5.8176000000000007e-05
5.9790000000000002e-05
5.8501000000000001e-05
5.7115000000000005e-05
5.7753000000000001e-05
6.0169000000000006e-05
7.0895000000000005e-05
0.00015080900000000001
9.4696000000000003e-05
5.6725000000000003e-05
5.6627000000000005e-05
5.6280000000000003e-05
5.6400000000000002e-05
5.6519000000000006e-05
9.3596000000000003e-05
5.8848000000000003e-05
0.00010752400000000001
5.7689000000000003e-05
7.551e-05
6.465500000000001e-05
5.8718000000000003e-05
5.8837000000000006e-05
9.0114000000000012e-05
5.7895e-05
5.9292000000000001e-05
6.0560000000000003e-05
5.8502000000000003e-05
5.8328000000000001e-05
0.00010382900000000001
5.9108000000000004e-05
7.665800000000001e-05
5.8923000000000005e-05
5.9043000000000004e-05
6.5251000000000003e-05
6.0061000000000007e-05
5.9921000000000004e-05
5.8230000000000003e-05
5.8707000000000006e-05
5.9107000000000002e-05
5.9693000000000006e-05
5.9498000000000005e-05
6.6919000000000001e-05
5.9812000000000003e-05
5.9271000000000002e-05
5.9248000000000006e-05
5.9466000000000003e-05
5.9205000000000007e-05
5.9346000000000004e-05
5.8501000000000001e-05
5.7526000000000005e-05
8.4340000000000009e-05
6.0137000000000004e-05
5.8707000000000006e-05
5.8230000000000003e-05
5.9151000000000003e-05
5.9086000000000003e-05
6.0245000000000003e-05
5.9877000000000003e-05
5.9552000000000002e-05
5.9552000000000002e-05
5.9228000000000003e-05
9.7903000000000001e-05
7.2801999999999999e-05
6.0917000000000006e-05
6.0386000000000001e-05
6.223800000000001e-05
6.3268000000000005e-05
6.2347000000000005e-05
6.233700000000001e-05
6.2055000000000001e-05
6.2563000000000004e-05
6.2272000000000003e-05
6.2694000000000007e-05
6.2120000000000008e-05
6.2120000000000008e-05
6.189200000000001e-05
8.9442000000000002e-05
6.2564000000000006e-05
6.2770000000000011e-05
6.2823000000000005e-05
6.2726000000000009e-05
6.5489000000000009e-05
6.6215000000000002e-05
0.000324498
6.0506000000000007e-05
8.2692e-05
5.9975000000000001e-05
5.9530000000000001e-05
6.4958000000000011e-05
6.2411999999999998e-05
6.2185000000000002e-05
6.2314e-05
6.2250000000000009e-05
6.2238999999999998e-05
6.2759e-05
6.2488000000000002e-05
6.2272000000000003e-05
6.2694000000000007e-05
6.2714999999999998e-05
6.2044000000000004e-05
6.294300000000001e-05
6.2261000000000006e-05
6.2271000000000001e-05
6.2174000000000005e-05
6.2498999999999999e-05
6.2423000000000009e-05
6.2163000000000008e-05
6.2781000000000008e-05
6.2477000000000005e-05
6.2834000000000002e-05
6.2867000000000006e-05
6.9356000000000005e-05
6.3496000000000003e-05
6.2954000000000007e-05
6.2867000000000006e-05
6.2887999999999998e-05
6.3040000000000006e-05
6.2922000000000005e-05
6.2770000000000011e-05
0.000102805
6.0517000000000004e-05
6.0267000000000004e-05
6.0246000000000006e-05
6.0278000000000001e-05
6.0300000000000002e-05
6.0072000000000004e-05
6.0072000000000004e-05
6.0007000000000003e-05
6.0051000000000005e-05
7.6983000000000005e-05
6.0246000000000006e-05
6.0062000000000002e-05
6.0148000000000001e-05
0.00010200900000000001
5.9964000000000004e-05
5.9585000000000006e-05
5.9942000000000003e-05
5.9628000000000006e-05
5.9855000000000002e-05
6.0083000000000001e-05
6.0028000000000002e-05
5.9834000000000003e-05
5.9942000000000003e-05
8.1458000000000005e-05
7.6236000000000007e-05
6.0202000000000004e-05
5.9899000000000004e-05
5.9909000000000005e-05
5.9986000000000005e-05
5.9780000000000007e-05
5.9931000000000006e-05
6.0105000000000001e-05
5.9986000000000005e-05
6.0050000000000003e-05
6.0040000000000001e-05
6.0018000000000007e-05
5.9758000000000006e-05
6.0224000000000005e-05
6.0126000000000007e-05
6.0299000000000007e-05
6.0257000000000003e-05
6.0115000000000003e-05
5.9996000000000006e-05
6.0224000000000005e-05
6.0213000000000001e-05
6.0072000000000004e-05
5.9899000000000004e-05
5.9855000000000002e-05
5.9866000000000006e-05
5.9953000000000007e-05
6.0126000000000007e-05
6.0137000000000004e-05
6.0127000000000002e-05
5.7981000000000006e-05
5.8599000000000006e-05
6.6432000000000004e-05
5.9661000000000004e-05
5.9314000000000002e-05
0.00010420000000000001
4.1612000000000001e-05
4.1546000000000005e-05
4.1298000000000003e-05
4.1504000000000001e-05
5.8577000000000005e-05
4.1536000000000003e-05
5.1297e-05
4.1569000000000001e-05
4.1709000000000003e-05
4.1341000000000003e-05
4.1482e-05
4.1677000000000001e-05
4.1492000000000002e-05
4.1384000000000002e-05
4.1362000000000001e-05
4.1569000000000001e-05
4.4689000000000005e-05
4.7202e-05
4.1417e-05
4.1168000000000003e-05
8.4143999999999999e-05
0.00011088200000000001
6.903100000000001e-05
5.9552000000000002e-05
6.0061000000000007e-05
5.9281000000000004e-05
6.0040000000000001e-05
9.7002000000000004e-05
5.8989000000000001e-05
5.9639000000000003e-05
5.9379000000000002e-05
5.9823000000000006e-05
6.0115000000000003e-05
5.9737000000000001e-05
5.9899000000000004e-05
5.9931000000000006e-05
5.9791000000000004e-05
5.9639000000000003e-05
5.9801000000000006e-05
5.9986000000000005e-05
5.9932000000000001e-05
4.7668000000000005e-05
4.1503000000000006e-05
4.1482e-05
4.1536000000000003e-05
4.1623000000000005e-05
4.1666000000000004e-05
4.1579000000000003e-05
4.1645000000000005e-05
4.1710000000000006e-05
4.1785000000000001e-05
4.1677000000000001e-05
6.281300000000001e-05
4.1611000000000005e-05
4.1569000000000001e-05
4.1612000000000001e-05
4.1363000000000004e-05
4.1493000000000004e-05
4.1459999999999999e-05
6.2108999999999998e-05
4.1710000000000006e-05
4.1482e-05
4.1514000000000003e-05
4.1482e-05
4.1677000000000001e-05
4.1666000000000004e-05
4.1710000000000006e-05
4.1514000000000003e-05
4.1449000000000002e-05
4.159e-05
4.1492000000000002e-05
4.1579000000000003e-05
4.1601000000000004e-05
4.1459999999999999e-05
4.1741000000000006e-05
4.1579000000000003e-05
4.1666000000000004e-05
4.1644000000000003e-05
4.1687000000000003e-05
4.1514000000000003e-05
4.1449000000000002e-05
4.1546000000000005e-05
4.1579000000000003e-05
4.1698e-05
4.3778e-05
0.00071209699999996712
4.1851000000000003e-05
4.4406000000000001e-05
6.3897000000000002e-05
7.6734000000000001e-05
5.8750000000000005e-05
5.7288000000000004e-05
0.000231995
6.1134000000000001e-05
8.8175000000000002e-05
6.1187999999999998e-05
6.1221000000000002e-05
6.1599000000000004e-05
6.1177000000000001e-05
6.0343000000000001e-05
6.1968e-05
5.7049000000000002e-05
9.130600000000001e-05
6.1697000000000002e-05
6.1882000000000001e-05
6.1600000000000007e-05
6.1610000000000001e-05
6.1404999999999999e-05
6.1859000000000005e-05
6.2184e-05
6.2174000000000005e-05
6.0993000000000004e-05
6.0300000000000002e-05
6.1004000000000001e-05
6.2044000000000004e-05
6.2391000000000006e-05
6.2249000000000007e-05
6.1687000000000008e-05
0.00015668100000000001
5.7862000000000003e-05
5.8393000000000001e-05
5.7570000000000006e-05
5.7678000000000006e-05
5.7711000000000004e-05
5.7440000000000006e-05
5.7765000000000007e-05
5.4319000000000006e-05
4.7721000000000006e-05
4.7040000000000004e-05
4.1309e-05
4.1341000000000003e-05
4.1525e-05
4.1297000000000001e-05
5.2846000000000002e-05
4.5588000000000005e-05
4.4927000000000005e-05
4.159e-05
6.2358000000000002e-05
5.8577000000000005e-05
6.0744000000000007e-05
6.1340000000000006e-05
6.1166000000000004e-05
6.0505000000000004e-05
6.0397000000000005e-05
6.1880999999999999e-05
6.0820000000000004e-05
6.0505000000000004e-05
6.189200000000001e-05
6.109e-05
6.0614000000000006e-05
6.0766000000000001e-05
8.2249000000000005e-05
6.1567000000000002e-05
6.0495000000000003e-05
6.0895000000000006e-05
6.1360999999999997e-05
9.2767000000000001e-05
6.2445000000000003e-05
6.233700000000001e-05
6.2098000000000001e-05
6.1665e-05
6.0311000000000006e-05
6.0603000000000002e-05
6.2076000000000007e-05
6.0798000000000003e-05
6.0614000000000006e-05
6.2532000000000004e-05
8.564e-05
6.1047e-05
6.2531000000000002e-05
8.4804999999999999e-05
6.1524000000000003e-05
6.1340000000000006e-05
6.1784000000000003e-05
6.1946000000000006e-05
6.233700000000001e-05
6.2619000000000005e-05
6.127400000000001e-05
6.1178000000000003e-05
6.1187999999999998e-05
6.1914000000000004e-05
6.1741000000000004e-05
6.2454999999999997e-05
6.189200000000001e-05
6.2131000000000005e-05
6.1362e-05
6.1372000000000008e-05
6.1610000000000001e-05
6.1567000000000002e-05
6.1253000000000005e-05
6.1707999999999999e-05
6.2001000000000005e-05
6.219500000000001e-05
6.1557000000000007e-05
6.1351000000000003e-05
6.1838e-05
6.1827000000000003e-05
6.1329000000000009e-05
6.2325999999999999e-05
6.1296000000000004e-05
6.1447999999999998e-05
6.8739000000000007e-05
6.1990000000000008e-05
6.2001000000000005e-05
8.4675000000000012e-05
6.2466000000000008e-05
6.2206000000000007e-05
6.1611000000000004e-05
6.1665e-05
6.1643000000000006e-05
6.1567000000000002e-05
6.1643000000000006e-05
6.2281999999999998e-05
7.0061000000000006e-05
6.114400000000001e-05
6.2087000000000004e-05
6.2044000000000004e-05
6.1968e-05
6.1968e-05
6.2304000000000005e-05
6.2325000000000011e-05
6.8176000000000006e-05
6.1828000000000005e-05
6.1903000000000007e-05
6.2411999999999998e-05
6.1643000000000006e-05
6.1741000000000004e-05
6.1632000000000009e-05
6.1773000000000006e-05
6.1793999999999998e-05
6.1620999999999998e-05
6.2141e-05
6.1297000000000006e-05
6.2087000000000004e-05
6.1903000000000007e-05
6.8447000000000004e-05
6.1535e-05
6.1784000000000003e-05
0.00010279700000000001
6.0549000000000006e-05
5.9249000000000001e-05
5.0019000000000003e-05
4.1471000000000003e-05
4.1623000000000005e-05
4.1557000000000002e-05
4.1459999999999999e-05
4.1492000000000002e-05
4.1569000000000001e-05
4.1504000000000001e-05
4.1449000000000002e-05
6.0820000000000004e-05
4.1904000000000004e-05
4.1623000000000005e-05
4.1775000000000006e-05
4.1482e-05
4.1644000000000003e-05
4.1666000000000004e-05
4.1504000000000001e-05
4.1634000000000002e-05
4.1536000000000003e-05
4.1471000000000003e-05
4.1427000000000002e-05
4.1612000000000001e-05
4.1622000000000002e-05
4.1677000000000001e-05
4.1503000000000006e-05
4.1579000000000003e-05
4.1634000000000002e-05
0.000116255
5.8415000000000002e-05
0.000254145
6.1502000000000008e-05
4.1632999999999999e-05
4.1341000000000003e-05
4.1406000000000003e-05
4.159e-05
4.1568000000000006e-05
4.1634000000000002e-05
4.1449000000000002e-05
4.1459999999999999e-05
4.1481000000000005e-05
4.1579000000000003e-05
4.1666000000000004e-05
4.1698e-05
9.3591000000000006e-05
4.1709000000000003e-05
8.6473999999999999e-05
4.1721000000000003e-05
5.5359000000000003e-05
4.1688000000000005e-05
5.9997000000000002e-05
4.1644000000000003e-05
4.1677000000000001e-05
4.1492000000000002e-05
4.1459999999999999e-05
4.1666000000000004e-05
4.1514000000000003e-05
4.8232000000000002e-05
5.3713000000000006e-05
5.7494000000000002e-05
5.8133000000000001e-05
5.7938000000000007e-05
5.8772000000000006e-05
5.9607e-05
6.3668000000000001e-05
6.2608000000000008e-05
5.8740000000000003e-05
6.2271000000000001e-05
6.311600000000001e-05
6.3375999999999998e-05
6.3614000000000005e-05
6.373400000000001e-05
6.3268000000000005e-05
6.3344000000000009e-05
6.1880999999999999e-05
6.298600000000001e-05
6.3582000000000002e-05
6.3788000000000007e-05
6.3702000000000008e-05
6.3723e-05
6.3539000000000003e-05
6.3853e-05
6.3691000000000011e-05
6.3635999999999999e-05
6.3690000000000009e-05
6.3864000000000011e-05
6.3691000000000011e-05
0.00010153000000000001
5.6887000000000006e-05
4.3465000000000005e-05
4.7928000000000006e-05
5.2912000000000004e-05
5.8426000000000006e-05
5.8740000000000003e-05
5.0257000000000003e-05
5.8046000000000006e-05
5.8545000000000003e-05
5.9151000000000003e-05
5.8512000000000005e-05
6.684300000000001e-05
6.2108999999999998e-05
9.2215000000000011e-05
6.7265000000000001e-05
6.0419000000000005e-05
6.0928000000000003e-05
6.122e-05
6.1556000000000005e-05
6.1155000000000007e-05
6.1123000000000004e-05
7.2683000000000009e-05
6.7298000000000005e-05
5.7071000000000003e-05
0.000111131
6.1535e-05
6.0841000000000002e-05
6.0452000000000003e-05
6.1221000000000002e-05
6.0051000000000005e-05
0.000110432
0.000246226
8.9928999999999999e-05
5.6443000000000002e-05
5.6595000000000003e-05
5.6855000000000004e-05
5.6822000000000006e-05
5.6757000000000006e-05
5.6464e-05
5.6789000000000001e-05
5.6898000000000003e-05
5.6919000000000002e-05
5.7191000000000002e-05
8.4123000000000008e-05
5.7711000000000004e-05
5.7202000000000006e-05
5.7168000000000006e-05
5.6843000000000004e-05
6.465500000000001e-05
5.7125000000000006e-05
5.6984000000000002e-05
0.00012680700000000002
6.1015000000000005e-05
6.0971000000000003e-05
6.0982000000000007e-05
6.0560000000000003e-05
6.0863000000000003e-05
6.0884000000000002e-05
5.7949000000000004e-05
5.6811000000000002e-05
5.6508000000000002e-05
5.6628000000000001e-05
5.6324000000000005e-05
5.6443000000000002e-05
5.6486000000000001e-05
5.6476000000000006e-05
5.6703000000000002e-05
5.6346000000000006e-05
5.6508000000000002e-05
5.6747000000000004e-05
5.6562000000000005e-05
5.6454000000000005e-05
5.6573000000000002e-05
5.6540000000000004e-05
5.6670000000000005e-05
5.6411000000000006e-05
5.6562000000000005e-05
5.6681000000000002e-05
5.6833000000000003e-05
5.6583000000000004e-05
5.6454000000000005e-05
8.8066000000000007e-05
5.6627000000000005e-05
5.6562000000000005e-05
5.6519000000000006e-05
5.6443000000000002e-05
5.6583000000000004e-05
5.6475000000000004e-05
5.6269000000000006e-05
5.6768000000000003e-05
5.6389000000000005e-05
5.6724000000000001e-05
5.6854000000000001e-05
5.6671000000000007e-05
5.6714000000000006e-05
5.7158000000000004e-05
5.6443000000000002e-05
5.6670000000000005e-05
5.6638000000000002e-05
5.6530000000000003e-05
5.6757000000000006e-05
5.6822000000000006e-05
5.6540000000000004e-05
5.6551000000000001e-05
5.6507000000000006e-05
5.6649000000000006e-05
5.6779000000000006e-05
5.6573000000000002e-05
5.6660000000000003e-05
5.6627000000000005e-05
5.6758000000000001e-05
5.6713000000000004e-05
5.6887000000000006e-05
5.6476000000000006e-05
5.7092000000000002e-05
5.6497000000000005e-05
5.6757000000000006e-05
4.9174e-05
4.1319000000000002e-05
5.9444000000000002e-05
5.7180000000000005e-05
4.1731000000000004e-05
4.1514000000000003e-05
4.1688000000000005e-05
4.1644000000000003e-05
4.1644000000000003e-05
4.1514000000000003e-05
4.1687000000000003e-05
4.1525e-05
4.1676000000000006e-05
4.159e-05
4.1557000000000002e-05
4.1525e-05
4.1568000000000006e-05
4.1503000000000006e-05
4.1558000000000004e-05
4.1601000000000004e-05
4.1632999999999999e-05
4.159e-05
4.1471000000000003e-05
4.1612000000000001e-05
4.1568000000000006e-05
4.1568000000000006e-05
4.159e-05
4.1449000000000002e-05
4.1503000000000006e-05
4.1601000000000004e-05
4.1536000000000003e-05
4.159e-05
4.1471000000000003e-05
4.1666000000000004e-05
4.1557000000000002e-05
4.1428000000000004e-05
4.1580000000000005e-05
4.1699000000000002e-05
4.1471000000000003e-05
4.1644000000000003e-05
4.6671000000000001e-05
4.1645000000000005e-05
4.1547e-05
4.1579000000000003e-05
4.8729000000000001e-05
4.1774000000000004e-05
4.1742000000000001e-05
4.1655e-05
4.159e-05
4.172e-05
4.1666000000000004e-05
4.1525e-05
4.1742000000000001e-05
6.2974999999999999e-05
4.172e-05
4.1632999999999999e-05
4.1439000000000001e-05
4.1688000000000005e-05
4.1623000000000005e-05
5.5868000000000001e-05
6.2986999999999999e-05
6.3095000000000005e-05
6.2889e-05
6.3182000000000006e-05
6.3149000000000001e-05
6.3181000000000004e-05
6.2954000000000007e-05
6.3193000000000003e-05
8.1339000000000002e-05
6.3442000000000007e-05
6.3245999999999997e-05
6.3517999999999997e-05
6.3375999999999998e-05
6.3214000000000008e-05
6.3344000000000009e-05
6.311600000000001e-05
6.2899000000000009e-05
6.2899000000000009e-05
6.355e-05
6.3365000000000001e-05
6.3344000000000009e-05
6.3245999999999997e-05
6.338800000000001e-05
6.3408e-05
6.3008000000000004e-05
6.3225000000000005e-05
6.3387000000000008e-05
6.3192000000000001e-05
0.00010457700000000001
6.2011e-05
6.2358000000000002e-05
6.1730000000000007e-05
6.1620999999999998e-05
6.1707999999999999e-05
6.5510000000000001e-05
6.0278000000000001e-05
6.1014000000000002e-05
6.0711000000000002e-05
6.0776000000000002e-05
6.0711000000000002e-05
6.0885000000000004e-05
6.0213000000000001e-05
6.0462000000000005e-05
6.1134000000000001e-05
6.1221000000000002e-05
6.110100000000001e-05
5.9618000000000004e-05
6.0137000000000004e-05
6.0733000000000003e-05
6.0777000000000004e-05
6.0863000000000003e-05
0.00010060100000000001
6.0213000000000001e-05
5.8220000000000002e-05
5.9866000000000006e-05
6.0386000000000001e-05
6.0592000000000005e-05
8.4761999999999999e-05
4.7104000000000002e-05
4.1482e-05
4.1459999999999999e-05
4.1254000000000002e-05
4.1482e-05
4.1558000000000004e-05
4.1373000000000005e-05
4.1427000000000002e-05
4.1417e-05
4.1622000000000002e-05
4.1319000000000002e-05
4.1265000000000006e-05
4.1515000000000005e-05
4.1547e-05
4.1449000000000002e-05
4.1525e-05
4.1416000000000005e-05
4.1558000000000004e-05
4.1535000000000001e-05
4.1569000000000001e-05
4.1504000000000001e-05
4.1514000000000003e-05
4.1569000000000001e-05
4.1514000000000003e-05
4.1514000000000003e-05
4.1320000000000004e-05
4.1417e-05
4.1579000000000003e-05
4.1492000000000002e-05
4.1482e-05
4.1601000000000004e-05
4.1459999999999999e-05
4.1428000000000004e-05
4.1579000000000003e-05
4.1612000000000001e-05
4.1417e-05
4.1385000000000004e-05
4.1385000000000004e-05
4.1493000000000004e-05
4.1394999999999999e-05
4.1525e-05
4.1298000000000003e-05
4.1493000000000004e-05
4.1492000000000002e-05
4.1632999999999999e-05
4.1417e-05
4.1319000000000002e-05
4.1438000000000005e-05
4.159e-05
4.1373000000000005e-05
6.109e-05
4.1612000000000001e-05
4.1428000000000004e-05
4.1525e-05
4.159e-05
4.1363000000000004e-05
4.1536000000000003e-05
4.1394999999999999e-05
4.1612000000000001e-05
4.1514000000000003e-05
4.1459999999999999e-05
4.1470000000000001e-05
4.1471000000000003e-05
4.1374000000000001e-05
4.1482e-05
4.1438000000000005e-05
4.1492000000000002e-05
4.159e-05
4.1471000000000003e-05
4.1471000000000003e-05
4.1655e-05
4.1525e-05
4.1385000000000004e-05
4.1515000000000005e-05
4.1482e-05
4.1622000000000002e-05
6.1101999999999999e-05
4.1796000000000004e-05
4.1601000000000004e-05
4.1569000000000001e-05
4.1384000000000002e-05
4.1601000000000004e-05
6.4438000000000009e-05
4.9716000000000003e-05
4.1352e-05
5.7093000000000004e-05
6.6107000000000009e-05
6.2402000000000003e-05
6.1610000000000001e-05
6.2261000000000006e-05
6.1740000000000002e-05
6.2411999999999998e-05
6.268300000000001e-05
6.1805000000000009e-05
0.00010534
7.4296000000000008e-05
5.7613000000000006e-05
5.7072000000000005e-05
5.7841000000000004e-05
5.7634000000000004e-05
8.2422000000000005e-05
5.6920000000000004e-05
5.8707000000000006e-05
5.7071000000000003e-05
5.8100000000000003e-05
5.8479e-05
5.7277000000000001e-05
5.7602000000000002e-05
5.7938000000000007e-05
5.8122000000000004e-05
5.8707000000000006e-05
5.9531000000000003e-05
6.0268000000000006e-05
6.0885000000000004e-05
6.0451000000000001e-05
6.1057999999999997e-05
6.0549000000000006e-05
6.0018000000000007e-05
6.0246000000000006e-05
6.0235000000000002e-05
6.0397000000000005e-05
5.9541000000000005e-05
4.6617000000000004e-05
4.1406000000000003e-05
4.1547e-05
4.1514000000000003e-05
6.2586e-05
6.1394000000000002e-05
6.0950000000000004e-05
6.0635000000000005e-05
6.1340000000000006e-05
6.0950000000000004e-05
6.0560000000000003e-05
6.1069000000000008e-05
6.0820000000000004e-05
6.0918000000000002e-05
6.1037000000000005e-05
6.0440000000000004e-05
6.0592000000000005e-05
6.0830000000000005e-05
6.0776000000000002e-05
6.0332000000000004e-05
6.0614000000000006e-05
6.0711000000000002e-05
6.0560000000000003e-05
6.0614000000000006e-05
6.0559000000000001e-05
7.3711e-05
6.0668000000000003e-05
6.0755000000000004e-05
6.0777000000000004e-05
6.0646000000000002e-05
6.0949000000000002e-05
6.0711000000000002e-05
6.0700000000000005e-05
6.0949000000000002e-05
6.0949000000000002e-05
6.0495000000000003e-05
6.1144999999999998e-05
6.0787000000000006e-05
6.1199000000000008e-05
8.2746999999999999e-05
6.1166000000000004e-05
6.0928000000000003e-05
6.1026000000000002e-05
6.1307000000000001e-05
6.1199000000000008e-05
6.0906000000000003e-05
6.0766000000000001e-05
6.1210000000000005e-05
6.109e-05
6.1242000000000008e-05
6.0884000000000002e-05
6.0960000000000006e-05
6.109e-05
6.0917000000000006e-05
6.0896000000000001e-05
6.0819000000000002e-05
6.1080000000000005e-05
6.1144999999999998e-05
6.1166000000000004e-05
6.1037000000000005e-05
6.1156000000000009e-05
6.0950000000000004e-05
6.0907000000000005e-05
6.1047e-05
6.1134000000000001e-05
6.0917000000000006e-05
6.0766000000000001e-05
6.0548000000000004e-05
6.0722000000000006e-05
6.0787000000000006e-05
5.0864000000000006e-05
4.1482e-05
4.1785000000000001e-05
4.1459999999999999e-05
4.1330000000000006e-05
6.0137000000000004e-05
4.1438000000000005e-05
4.9445000000000005e-05
4.1459999999999999e-05
4.1461000000000002e-05
5.1709000000000002e-05
5.3453000000000005e-05
5.0517000000000004e-05
5.5478000000000007e-05
7.7698e-05
5.8664000000000006e-05
5.7948000000000002e-05
0.000157374
6.0299000000000007e-05
6.0321000000000001e-05
7.0580000000000005e-05
0.000100438
6.1687000000000008e-05
6.1360999999999997e-05
6.1620999999999998e-05
6.1762999999999998e-05
5.9183000000000006e-05
6.0029000000000004e-05
6.0429000000000007e-05
6.110100000000001e-05
6.1187999999999998e-05
5.9931000000000006e-05
6.0343000000000001e-05
6.0820000000000004e-05
6.0884000000000002e-05
5.9791000000000004e-05
6.1459000000000009e-05
5.8934000000000002e-05
4.1547e-05
4.1341000000000003e-05
4.1384000000000002e-05
4.1276000000000003e-05
4.1514000000000003e-05
4.1384000000000002e-05
4.1373000000000005e-05
4.1416000000000005e-05
4.1449000000000002e-05
4.1406000000000003e-05
4.6238e-05
4.3757000000000001e-05
4.1427000000000002e-05
4.1471000000000003e-05
4.1417e-05
4.6692000000000006e-05
4.1341000000000003e-05
4.5349000000000002e-05
6.1221000000000002e-05
4.1611000000000005e-05
4.9499000000000002e-05
5.7765000000000007e-05
5.7873000000000006e-05
5.7819000000000003e-05
5.7006000000000003e-05
4.5382e-05
4.6444000000000005e-05
4.6270000000000003e-05
4.1514000000000003e-05
4.1536000000000003e-05
4.3898000000000006e-05
4.1493000000000004e-05
4.1449000000000002e-05
4.1449000000000002e-05
4.1471000000000003e-05
4.1459999999999999e-05
4.1493000000000004e-05
4.1557000000000002e-05
4.1265000000000006e-05
4.1622000000000002e-05
4.1330000000000006e-05
4.1568000000000006e-05
4.1330000000000006e-05
4.1471000000000003e-05
4.1568000000000006e-05
4.1525e-05
4.1438000000000005e-05
4.1427000000000002e-05
4.1547e-05
4.1417e-05
4.1557000000000002e-05
4.1276000000000003e-05
4.1352e-05
4.1493000000000004e-05
4.1525e-05
4.1363000000000004e-05
4.1569000000000001e-05
4.1427000000000002e-05
4.1579000000000003e-05
4.1611000000000005e-05
4.1438000000000005e-05
4.1525e-05
4.1536000000000003e-05
4.1515000000000005e-05
4.1525e-05
7.2206000000000006e-05
5.9856000000000004e-05
4.1699000000000002e-05
4.1428000000000004e-05
4.1579000000000003e-05
4.1394999999999999e-05
4.1515000000000005e-05
4.1417e-05
4.1287e-05
4.1525e-05
4.1341000000000003e-05
4.1492000000000002e-05
4.1352e-05
4.1330000000000006e-05
4.1265000000000006e-05
4.1394999999999999e-05
4.1427000000000002e-05
4.1439000000000001e-05
4.1330000000000006e-05
4.1363000000000004e-05
4.1351000000000004e-05
4.1449000000000002e-05
4.1459999999999999e-05
4.1341000000000003e-05
4.1493000000000004e-05
4.1244e-05
4.1287e-05
4.1394999999999999e-05
4.1352e-05
4.1232000000000001e-05
4.1612000000000001e-05
4.1340000000000001e-05
4.1547e-05
4.1394999999999999e-05
4.1384000000000002e-05
4.1417e-05
4.1449000000000002e-05
4.1439000000000001e-05
4.1340000000000001e-05
4.1309e-05
4.1298000000000003e-05
4.1330000000000006e-05
4.1385000000000004e-05
4.1374000000000001e-05
4.1394999999999999e-05
5.5403000000000005e-05
4.1775000000000006e-05
4.1665000000000002e-05
4.1601000000000004e-05
4.1666000000000004e-05
4.1558000000000004e-05
4.1514000000000003e-05
5.9682000000000002e-05
4.1600000000000002e-05
4.172e-05
4.1503000000000006e-05
4.1514000000000003e-05
4.1459999999999999e-05
4.159e-05
4.1579000000000003e-05
4.1449000000000002e-05
4.1568000000000006e-05
4.1655e-05
4.1417e-05
4.1568000000000006e-05
4.1525e-05
4.1558000000000004e-05
4.1352e-05
4.1632999999999999e-05
4.1731000000000004e-05
4.1482e-05
4.1493000000000004e-05
4.1612000000000001e-05
4.1363000000000004e-05
4.3442000000000002e-05
5.8393000000000001e-05
6.5598000000000005e-05
5.8826000000000002e-05
6.4113000000000001e-05
5.7569000000000004e-05
5.7819000000000003e-05
5.7906000000000004e-05
5.7884000000000003e-05
5.8024000000000006e-05
5.7992000000000003e-05
5.7754000000000003e-05
5.7992000000000003e-05
6.9747000000000008e-05
8.1771e-05
5.7689000000000003e-05
5.7504000000000004e-05
5.7689000000000003e-05
5.7678000000000006e-05
5.7570000000000006e-05
9.8218000000000001e-05
6.6398999999999999e-05
6.1047e-05
6.0928000000000003e-05
6.0906000000000003e-05
6.0798000000000003e-05
6.8078000000000008e-05
6.1025000000000006e-05
6.1057999999999997e-05
6.1123000000000004e-05
6.7211000000000004e-05
5.9151000000000003e-05
5.9628000000000006e-05
6.0267000000000004e-05
6.0451000000000001e-05
6.0743000000000004e-05
6.1231999999999999e-05
6.1415000000000007e-05
6.0863000000000003e-05
6.1880999999999999e-05
6.0289000000000005e-05
6.0711000000000002e-05
5.9010000000000006e-05
5.7634000000000004e-05
5.8230000000000003e-05
5.7840000000000002e-05
5.9043000000000004e-05
6.7569000000000003e-05
0.00010934800000000001
6.5673000000000006e-05
6.5424000000000002e-05
6.4513999999999999e-05
6.9660000000000007e-05
6.5695e-05
5.7743000000000006e-05
5.7180000000000005e-05
5.7505000000000006e-05
5.8068e-05
5.8360000000000004e-05
5.7320000000000007e-05
5.7635000000000006e-05
5.6996000000000001e-05
7.1024000000000003e-05
5.7407000000000001e-05
6.356100000000001e-05
5.7017000000000007e-05
7.6539000000000007e-05
7.1805000000000008e-05
9.7851000000000009e-05
6.1990000000000008e-05
0.00013165800000000002
5.9726000000000004e-05
5.8144000000000004e-05
6.7884000000000003e-05
7.0201000000000001e-05
5.8663000000000004e-05
5.5837000000000001e-05
5.9921000000000004e-05
5.8880000000000005e-05
5.6714000000000006e-05
5.3453000000000005e-05
5.6996000000000001e-05
5.3182e-05
5.8285000000000002e-05
5.9920000000000002e-05
5.8892000000000005e-05
5.5371000000000002e-05
5.6735000000000005e-05
4.8252000000000005e-05
4.1504000000000001e-05
4.1731000000000004e-05
5.2402000000000004e-05
5.8285000000000002e-05
4.3345000000000006e-05
5.2185000000000003e-05
5.8523000000000002e-05
4.1439000000000001e-05
5.1135000000000004e-05
5.6877000000000004e-05
4.6726e-05
4.1417e-05
5.5641000000000005e-05
5.4330000000000003e-05
8.2108000000000007e-05
6.0343000000000001e-05
9.8997000000000001e-05
5.9455000000000006e-05
5.9184000000000001e-05
5.9379000000000002e-05
5.9302000000000002e-05
5.9346000000000004e-05
5.9228000000000003e-05
5.9433000000000005e-05
5.9368000000000005e-05
5.9227000000000001e-05
5.9043000000000004e-05
5.9303000000000005e-05
5.8685000000000005e-05
5.6529e-05
5.6377000000000006e-05
5.7158000000000004e-05
5.7645000000000001e-05
5.6497000000000005e-05
5.5879000000000005e-05
5.5945000000000001e-05
6.3245999999999997e-05
5.1546000000000004e-05
4.1493000000000004e-05
4.1308000000000005e-05
4.1482e-05
4.1438000000000005e-05
4.1611000000000005e-05
4.1514000000000003e-05
4.1449000000000002e-05
4.8285000000000003e-05
4.1394999999999999e-05
4.1417e-05
5.2175000000000001e-05
4.1504000000000001e-05
6.2456e-05
4.1774000000000004e-05
4.1394999999999999e-05
4.1417e-05
4.1471000000000003e-05
4.1449000000000002e-05
4.1417e-05
4.1416000000000005e-05
4.1406000000000003e-05
7.3234999999999999e-05
4.4017000000000002e-05
4.1363000000000004e-05
4.1374000000000001e-05
4.1373000000000005e-05
4.1449000000000002e-05
4.1525e-05
4.1569000000000001e-05
4.1406000000000003e-05
4.1417e-05
4.1438000000000005e-05
4.1384000000000002e-05
4.1449000000000002e-05
4.1330000000000006e-05
4.1297000000000001e-05
4.1373000000000005e-05
5.4569000000000006e-05
6.0072000000000004e-05
6.0592000000000005e-05
6.0950000000000004e-05
6.0722000000000006e-05
5.9996000000000006e-05
5.8783000000000003e-05
6.0040000000000001e-05
6.0332000000000004e-05
6.0104000000000006e-05
6.0245000000000003e-05
5.9379000000000002e-05
5.7169000000000001e-05
6.0852000000000006e-05
6.1080000000000005e-05
6.0148000000000001e-05
5.9606000000000005e-05
0.000105877
6.0494000000000001e-05
6.1177000000000001e-05
6.1199000000000008e-05
6.1762000000000009e-05
6.0723000000000001e-05
6.0722000000000006e-05
6.1286000000000009e-05
6.135e-05
6.0896000000000001e-05
6.0841000000000002e-05
6.0820000000000004e-05
6.0701e-05
6.0083000000000001e-05
6.0765000000000005e-05
6.0928000000000003e-05
0.000123368
6.2120000000000008e-05
6.202200000000001e-05
6.1903000000000007e-05
6.1307000000000001e-05
5.8328000000000001e-05
4.1569000000000001e-05
4.1547e-05
4.1645000000000005e-05
4.1482e-05
4.1710000000000006e-05
4.1515000000000005e-05
4.1450000000000005e-05
4.1580000000000005e-05
4.1525e-05
4.1482e-05
4.1601000000000004e-05
4.1688000000000005e-05
4.1688000000000005e-05
4.1493000000000004e-05
4.1459999999999999e-05
4.1600000000000002e-05
4.1439000000000001e-05
4.1579000000000003e-05
5.1579000000000002e-05
4.1634000000000002e-05
4.1504000000000001e-05
4.1428000000000004e-05
4.1449000000000002e-05
4.1482e-05
4.1666000000000004e-05
4.1449000000000002e-05
4.1373000000000005e-05
4.1286000000000004e-05
4.1525e-05
4.1492000000000002e-05
4.1471000000000003e-05
4.1514000000000003e-05
4.1459999999999999e-05
4.1450000000000005e-05
4.1514000000000003e-05
7.538e-05
4.1742000000000001e-05
4.1525e-05
4.159e-05
4.1481000000000005e-05
4.172e-05
4.1547e-05
4.1764000000000002e-05
4.4385000000000003e-05
4.1601000000000004e-05
4.1503000000000006e-05
4.1352e-05
4.1503000000000006e-05
4.1525e-05
4.1417e-05
4.1439000000000001e-05
4.1569000000000001e-05
4.1385000000000004e-05
4.159e-05
4.1493000000000004e-05
4.1504000000000001e-05
4.1677000000000001e-05
4.159e-05
4.1352e-05
4.1558000000000004e-05
4.1504000000000001e-05
4.1471000000000003e-05
4.1471000000000003e-05
4.1461000000000002e-05
4.1459999999999999e-05
4.1493000000000004e-05
4.1428000000000004e-05
4.1394999999999999e-05
4.1493000000000004e-05
4.1557000000000002e-05
4.1449000000000002e-05
4.3854000000000004e-05
4.1481000000000005e-05
4.1504000000000001e-05
4.1504000000000001e-05
4.1493000000000004e-05
4.1427000000000002e-05
4.1503000000000006e-05
4.1471000000000003e-05
7.3744000000000004e-05
4.1796000000000004e-05
4.1449000000000002e-05
4.1546000000000005e-05
4.1622000000000002e-05
4.1634000000000002e-05
4.1579000000000003e-05
4.1622000000000002e-05
4.1546000000000005e-05
4.1644000000000003e-05
4.1525e-05
5.6237000000000004e-05
4.1352e-05
4.1417e-05
4.1341000000000003e-05
4.1504000000000001e-05
4.1655e-05
4.1632999999999999e-05
4.1417e-05
4.1438000000000005e-05
4.1406000000000003e-05
4.1341000000000003e-05
4.1428000000000004e-05
4.1482e-05
4.1211000000000002e-05
4.1470000000000001e-05
4.1309e-05
4.1471000000000003e-05
4.1525e-05
4.1178000000000005e-05
4.1427000000000002e-05
7.9096000000000003e-05
4.1775000000000006e-05
4.1796000000000004e-05
4.1753000000000005e-05
4.1666000000000004e-05
4.1796000000000004e-05
4.1742000000000001e-05
4.1698e-05
9.0103000000000001e-05
4.1775000000000006e-05
6.0765000000000005e-05
4.1861000000000005e-05
4.1611000000000005e-05
4.1449000000000002e-05
4.1471000000000003e-05
4.1320000000000004e-05
4.1352e-05
4.1482e-05
4.1536000000000003e-05
4.1514000000000003e-05
4.1579000000000003e-05
4.8350000000000003e-05
5.8707000000000006e-05
5.9606000000000005e-05
5.8881000000000001e-05
5.9574000000000003e-05
5.9162e-05
5.9888000000000007e-05
5.9791000000000004e-05
4.8545000000000004e-05
4.1774000000000004e-05
4.1417e-05
4.1687000000000003e-05
4.1493000000000004e-05
4.1481000000000005e-05
4.1449000000000002e-05
4.1796000000000004e-05
4.1569000000000001e-05
4.1482e-05
4.1742000000000001e-05
4.1645000000000005e-05
4.1601000000000004e-05
4.1655e-05
4.1482e-05
4.1753000000000005e-05
4.1676000000000006e-05
4.1688000000000005e-05
4.1493000000000004e-05
4.1438000000000005e-05
4.1666000000000004e-05
4.1601000000000004e-05
4.1687000000000003e-05
4.1634000000000002e-05
4.1536000000000003e-05
4.1666000000000004e-05
4.1504000000000001e-05
4.1622000000000002e-05
4.1493000000000004e-05
6.1502000000000008e-05
4.1558000000000004e-05
4.172e-05
4.1449000000000002e-05
4.1612000000000001e-05
4.1417e-05
4.1492000000000002e-05
4.1525e-05
4.1632999999999999e-05
0.00010498800000000001
0.00011771200000000001
9.3331000000000005e-05
5.9259000000000003e-05
6.0310000000000004e-05
6.0093000000000002e-05
6.0083000000000001e-05
5.9357000000000001e-05
6.0365000000000002e-05
6.0387000000000003e-05
6.0169000000000006e-05
6.0213000000000001e-05
6.0181000000000005e-05
9.8261e-05
0.00011859500000000001
6.0029000000000004e-05
5.9943000000000005e-05
6.0364000000000007e-05
6.0115000000000003e-05
6.0224000000000005e-05
6.0397000000000005e-05
5.9411000000000004e-05
5.9986000000000005e-05
6.0072000000000004e-05
5.9661000000000004e-05
4.2619e-05
5.6248000000000001e-05
4.1558000000000004e-05
6.1112000000000007e-05
4.5609000000000003e-05
5.6552000000000003e-05
4.1330000000000006e-05
4.1482e-05
4.1612000000000001e-05
4.1547e-05
5.9087000000000005e-05
6.0744000000000007e-05
6.0473000000000002e-05
6.0213000000000001e-05
6.0744000000000007e-05
6.0224000000000005e-05
6.0397000000000005e-05
6.0505000000000004e-05
6.6962e-05
4.8090000000000002e-05
4.1394999999999999e-05
4.2879000000000001e-05
5.5890000000000002e-05
4.1644000000000003e-05
4.1687000000000003e-05
4.159e-05
4.1417e-05
4.1687000000000003e-05
4.1568000000000006e-05
4.4786000000000001e-05
4.1709000000000003e-05
4.1622000000000002e-05
4.1525e-05
4.1709000000000003e-05
4.1514000000000003e-05
4.5988000000000001e-05
6.5056000000000009e-05
5.9271000000000002e-05
5.8902000000000006e-05
5.8079000000000004e-05
6.5023000000000004e-05
5.8447000000000005e-05
5.9444000000000002e-05
5.8794000000000007e-05
0.00010099600000000001
5.8653000000000002e-05
5.9628000000000006e-05
5.9141000000000002e-05
5.9997000000000002e-05
5.9433000000000005e-05
5.8653000000000002e-05
5.9779000000000005e-05
5.9650000000000007e-05
5.9195000000000005e-05
6.0332000000000004e-05
6.0418000000000003e-05
6.0224000000000005e-05
0.00010430500000000001
5.8826000000000002e-05
5.9466000000000003e-05
5.9910000000000001e-05
5.9303000000000005e-05
5.7678000000000006e-05
5.9617000000000002e-05
6.0019000000000003e-05
5.8577000000000005e-05
5.8512000000000005e-05
5.2327000000000002e-05
5.4373000000000003e-05
4.6357000000000004e-05
4.1525e-05
4.1396000000000001e-05
4.1558000000000004e-05
4.1503000000000006e-05
4.1394999999999999e-05
4.159e-05
9.1960000000000007e-05
5.9920000000000002e-05
5.9076000000000002e-05
5.9574000000000003e-05
5.9476000000000005e-05
5.9964000000000004e-05
6.0625000000000003e-05
5.9780000000000007e-05
5.9281000000000004e-05
5.1449000000000002e-05
4.1547e-05
4.1644000000000003e-05
4.159e-05
4.1622000000000002e-05
5.7645000000000001e-05
5.9249000000000001e-05
5.9412000000000006e-05
6.0203000000000006e-05
5.9693000000000006e-05
5.8729000000000006e-05
5.8642000000000005e-05
5.8556000000000007e-05
5.9227000000000001e-05
5.9986000000000005e-05
5.9682000000000002e-05
5.8393000000000001e-05
5.8663000000000004e-05
5.6909000000000007e-05
5.9671000000000005e-05
5.9975000000000001e-05
5.9790000000000002e-05
5.8523000000000002e-05
9.8613000000000013e-05
5.9043000000000004e-05
5.9108000000000004e-05
5.9617000000000002e-05
5.9487000000000002e-05
5.9509000000000002e-05
5.9552000000000002e-05
5.7699000000000004e-05
5.9693000000000006e-05
5.9141000000000002e-05
5.8512000000000005e-05
7.8088000000000002e-05
5.9292000000000001e-05
5.9086000000000003e-05
5.8295000000000003e-05
6.4265000000000009e-05
0.00010025400000000001
5.8328000000000001e-05
5.9985000000000003e-05
5.9227000000000001e-05
6.5413000000000005e-05
5.5890000000000002e-05
6.579200000000001e-05
4.4938000000000002e-05
0.00010621800000000001
5.9574000000000003e-05
6.0408000000000002e-05
6.0484000000000006e-05
6.0505000000000004e-05
6.0061000000000007e-05
0.000103943
6.1123000000000004e-05
6.2401000000000001e-05
6.1741000000000004e-05
6.2217000000000004e-05
6.1242000000000008e-05
6.2411999999999998e-05
6.1296000000000004e-05
6.1903000000000007e-05
6.1577999999999999e-05
6.1914000000000004e-05
6.1752000000000001e-05
6.2325999999999999e-05
6.8739000000000007e-05
6.1923999999999999e-05
6.1167000000000006e-05
6.1859000000000005e-05
6.1079000000000003e-05
6.1740000000000002e-05
6.1622000000000001e-05
6.1990000000000008e-05
6.2088000000000006e-05
6.8165000000000009e-05
8.5753000000000004e-05
5.8751e-05
5.9314000000000002e-05
5.8469000000000006e-05
4.2024000000000003e-05
4.1569000000000001e-05
6.3614000000000005e-05
6.531600000000001e-05
5.8989000000000001e-05
5.9281000000000004e-05
5.8858000000000005e-05
5.9303000000000005e-05
5.8436000000000001e-05
5.9476000000000005e-05
6.1904000000000009e-05
6.3332999999999998e-05
6.2954000000000007e-05
6.2759e-05
6.294300000000001e-05
6.312800000000001e-05
6.3399000000000007e-05
5.6345000000000003e-05
5.6118e-05
5.6713000000000004e-05
5.6140000000000001e-05
5.6475000000000004e-05
9.7783000000000009e-05
5.6432000000000005e-05
5.5923000000000007e-05
5.6465000000000002e-05
5.5912000000000003e-05
0.00010227100000000001
5.7624000000000003e-05
4.5479000000000003e-05
4.1417e-05
6.135e-05
5.9281000000000004e-05
8.2151000000000007e-05
5.9747000000000002e-05
0.00013787900000000001
6.0853000000000002e-05
0.00026714499999999999
5.9465000000000001e-05
5.9509000000000002e-05
5.9281000000000004e-05
5.9692000000000004e-05
6.0104000000000006e-05
6.0267000000000004e-05
9.6341000000000005e-05
5.8848000000000003e-05
4.2391000000000001e-05
4.1644000000000003e-05
4.1721000000000003e-05
4.1601000000000004e-05
4.3627000000000001e-05
5.6172000000000004e-05
4.159e-05
4.1698e-05
4.1525e-05
4.1623000000000005e-05
4.1687000000000003e-05
4.1666000000000004e-05
4.1655e-05
4.1742000000000001e-05
4.7494000000000003e-05
4.8188e-05
5.7699000000000004e-05
5.8989000000000001e-05
5.9650000000000007e-05
5.9801000000000006e-05
5.9964000000000004e-05
6.0256e-05
6.0137000000000004e-05
5.9606000000000005e-05
5.8783000000000003e-05
9.4222000000000007e-05
5.7190000000000006e-05
8.3722000000000009e-05
5.9748000000000005e-05
5.9714000000000005e-05
5.9661000000000004e-05
6.0278000000000001e-05
6.0224000000000005e-05
5.9248000000000006e-05
5.9087000000000005e-05
4.5924000000000003e-05
5.5598000000000005e-05
5.9368000000000005e-05
0.000825262
5.7700000000000007e-05
0.00017093200000000002
0.00019512300000000001
5.9411000000000004e-05
5.9779000000000005e-05
5.9909000000000005e-05
5.94e-05
5.9596000000000003e-05
5.9737000000000001e-05
6.0321000000000001e-05
5.9899000000000004e-05
6.0213000000000001e-05
6.0137000000000004e-05
6.0127000000000002e-05
8.6550000000000003e-05
5.9563000000000006e-05
5.9888000000000007e-05
0.000102132
5.3351000000000005e-05
5.2841000000000005e-05
5.2892000000000001e-05
5.2671000000000004e-05
9.2682000000000005e-05
5.2901000000000001e-05
8.8224000000000001e-05
5.3162000000000004e-05
5.3281e-05
6.9541000000000004e-05
6.9222000000000009e-05
0.00013665300000000001
5.3401000000000006e-05
0.00025224600000000002
5.4221000000000001e-05
5.5212000000000006e-05
5.5861000000000006e-05
5.4921000000000005e-05
5.4521000000000002e-05
5.9982000000000003e-05
6.0321000000000001e-05
6.0062000000000002e-05
5.3911000000000006e-05
5.4021000000000003e-05
5.7842000000000006e-05
5.9981000000000001e-05
5.3631000000000002e-05
6.0902000000000001e-05
7.5111000000000006e-05
7.9772000000000008e-05
5.3991000000000005e-05
5.3952000000000001e-05
6.0081000000000003e-05
5.3681000000000003e-05
5.9972000000000001e-05
5.6631e-05
6.2141e-05
5.5111000000000001e-05
5.5731000000000006e-05
5.4881000000000005e-05
5.6182000000000005e-05
5.6051000000000003e-05
5.5331000000000003e-05
5.2761000000000005e-05
5.4902000000000004e-05
6.5411000000000001e-05
5.4581000000000005e-05
5.4902000000000004e-05
0.000101142
5.4361000000000004e-05
0.00011199300000000001
6.0371000000000002e-05
5.4211000000000007e-05
5.4962000000000007e-05
5.5131000000000005e-05
5.5351000000000006e-05
5.4381000000000007e-05
5.9331000000000005e-05
5.4761000000000006e-05
6.1062000000000006e-05
7.6101000000000009e-05
5.5022000000000003e-05
5.5381000000000004e-05
5.4941000000000001e-05
5.3931000000000003e-05
5.4402000000000005e-05
7.5551000000000009e-05
5.4372000000000001e-05
5.4201000000000005e-05
5.4651000000000002e-05
5.4031000000000005e-05
5.5192000000000003e-05
5.5181000000000006e-05
5.4261000000000001e-05
6.0312000000000001e-05
6.0311000000000006e-05
6.110100000000001e-05
6.0322000000000003e-05
5.9831000000000004e-05
6.0802000000000005e-05
5.4511e-05
5.5401e-05
5.5101000000000007e-05
5.5322000000000003e-05
5.9611000000000002e-05
6.1211000000000007e-05
5.4461000000000006e-05
5.4221000000000001e-05
5.3311000000000005e-05
6.3192000000000001e-05
5.3981000000000004e-05
5.5131000000000005e-05
5.5301000000000005e-05
5.5672000000000005e-05
7.5971000000000008e-05
5.5441000000000007e-05
5.4211000000000007e-05
0.00020172500000000001
6.1191000000000004e-05
9.6342000000000007e-05
6.6792000000000007e-05
5.4251000000000006e-05
5.9611000000000002e-05
5.3632000000000004e-05
5.4161000000000005e-05
5.4321000000000004e-05
0.00034260099999999999
8.8582e-05
0.00021397500000000001
0.00015354300000000002
6.8082000000000003e-05
6.3270999999999998e-05
5.5092e-05
5.4991000000000003e-05
6.1221000000000002e-05
0.000111173
5.3431000000000004e-05
5.3451e-05
5.3872000000000002e-05
5.3621e-05
0.00017928400000000001
5.4231000000000003e-05
5.4031000000000005e-05
5.4782000000000005e-05
0.00014832800000000001
0.00010173200000000001
0.00079569300000000009
0.00023386500000000001
5.4581000000000005e-05
0.00054555700000000001
6.2042e-05
6.6721e-05
6.1972000000000009e-05
5.4461000000000006e-05
0.00013267800000000001
6.0942000000000007e-05
5.4671000000000006e-05
0.00017090400000000002
6.5272000000000008e-05
5.7491000000000002e-05
5.6121e-05
5.6051000000000003e-05
9.1576000000000005e-05
0.00017944400000000001
0.00015626300000000002
5.9712000000000007e-05
5.6301000000000002e-05
8.1807000000000011e-05
5.2751000000000004e-05
5.2841000000000005e-05
0.00010230300000000001
5.3321000000000007e-05
0.00017783400000000001
5.4271000000000003e-05
5.3721000000000003e-05
8.5287000000000012e-05
5.3981000000000004e-05
8.8912000000000005e-05
0.00010801200000000001
0.00023956300000000001
0.000116285
0.00017028900000000001
0.00015615900000000001
5.4351000000000002e-05
0.00028445200000000003
0.00013474300000000002
8.4642000000000007e-05
5.5031000000000002e-05
5.4801000000000006e-05
5.3801000000000002e-05
5.3782000000000001e-05
5.2871000000000003e-05
0.00043793500000000003
5.5421000000000004e-05
5.9542000000000007e-05
6.8411000000000006e-05
6.113200000000001e-05
6.0761000000000003e-05
5.5191000000000001e-05
0.00036222800000000003
5.5882000000000005e-05
5.5991000000000007e-05
0.00011340300000000001
5.5711000000000002e-05
5.6051000000000003e-05
5.6241000000000006e-05
5.6102000000000006e-05
5.5521000000000006e-05
7.0681999999999999e-05
5.5891000000000004e-05
5.5901000000000006e-05
5.5661000000000001e-05
5.4632000000000001e-05
5.5011000000000006e-05
8.029200000000001e-05
5.6411000000000006e-05
5.5051000000000005e-05
5.5172000000000006e-05
5.5211000000000004e-05
7.3621000000000005e-05
5.5261000000000005e-05
5.4561000000000002e-05
5.5191000000000001e-05
5.5512000000000007e-05
5.4731000000000002e-05
5.4351000000000002e-05
5.6721000000000001e-05
5.9002000000000002e-05
5.5941000000000005e-05
5.5801000000000003e-05
5.4162000000000001e-05
5.5081000000000003e-05
6.0431000000000005e-05
5.4461000000000006e-05
5.4741000000000003e-05
5.8781000000000005e-05
5.5861000000000006e-05
5.5942000000000001e-05
5.4861000000000002e-05
5.4831000000000004e-05
5.5181000000000006e-05
5.4992000000000005e-05
5.4471000000000001e-05
5.5631000000000003e-05
5.5871000000000001e-05
5.5532000000000003e-05
5.5481000000000006e-05
5.5551000000000004e-05
5.5932000000000006e-05
5.5841000000000003e-05
5.5261000000000005e-05
5.5671000000000003e-05
5.5582000000000004e-05
5.6001000000000001e-05
8.7897000000000002e-05
5.4601000000000001e-05
5.3581000000000001e-05
5.5091000000000005e-05
6.4672000000000007e-05
5.2571000000000002e-05
5.9961000000000004e-05
6.0981000000000004e-05
5.4801000000000006e-05
5.5061e-05
5.4502000000000001e-05
5.4511e-05
5.3851000000000003e-05
5.4661000000000004e-05
5.5122000000000005e-05
5.5551000000000004e-05
5.4451000000000004e-05
5.2491000000000003e-05
5.8722000000000005e-05
6.3281000000000006e-05
5.2111000000000003e-05
5.2342000000000001e-05
5.2261e-05
7.8132000000000003e-05
5.7991000000000001e-05
5.2151000000000003e-05
7.3302000000000011e-05
5.1961000000000006e-05
5.8841000000000001e-05
5.4402000000000005e-05
5.4471000000000001e-05
5.5071000000000002e-05
5.4741000000000003e-05
6.0252000000000005e-05
7.2421000000000003e-05
5.6461e-05
5.6711000000000006e-05
5.6781000000000004e-05
5.6822000000000006e-05
5.6031000000000006e-05
5.6851000000000002e-05
7.7012000000000001e-05
5.6891000000000001e-05
5.6402000000000006e-05
5.6641000000000002e-05
7.249200000000001e-05
5.6751000000000006e-05
5.6361000000000005e-05
5.6721000000000001e-05
5.6311000000000003e-05
5.6751000000000006e-05
6.2011e-05
6.2841000000000004e-05
5.2901000000000001e-05
5.2111000000000003e-05
5.2282000000000005e-05
5.3831e-05
5.3501000000000002e-05
5.2691000000000001e-05
5.1361000000000005e-05
8.9568000000000007e-05
5.7131000000000006e-05
5.7091000000000006e-05
5.6802000000000003e-05
5.6001000000000001e-05
5.6531000000000005e-05
5.6352000000000005e-05
5.6411000000000006e-05
5.6691000000000003e-05
5.6481000000000004e-05
5.6322e-05
5.6681000000000002e-05
5.6551000000000001e-05
5.6562000000000005e-05
5.6451000000000006e-05
5.6471000000000002e-05
5.6571000000000004e-05
5.6592000000000003e-05
5.6471000000000002e-05
5.6641000000000002e-05
5.6492000000000001e-05
5.6391000000000003e-05
5.6461e-05
7.8182000000000005e-05
5.6531000000000005e-05
0.00010514300000000001
5.6601000000000002e-05
5.6601000000000002e-05
5.6922000000000002e-05
5.6531000000000005e-05
5.6591000000000001e-05
5.6642000000000004e-05
6.2231000000000008e-05
5.6571000000000004e-05
5.6612000000000006e-05
5.6481000000000004e-05
5.6411000000000006e-05
5.6742000000000007e-05
5.7031000000000003e-05
5.6831000000000005e-05
5.6771000000000002e-05
5.6432000000000005e-05
5.6921000000000006e-05
5.6751000000000006e-05
5.6982000000000004e-05
5.6621000000000006e-05
5.6751000000000006e-05
5.6841000000000007e-05
5.6502000000000002e-05
5.7011000000000007e-05
5.6571000000000004e-05
5.6662000000000001e-05
5.6631e-05
5.4621000000000004e-05
5.1571000000000005e-05
5.2072000000000006e-05
7.7791000000000001e-05
6.1332000000000002e-05
5.4421000000000006e-05
5.4511e-05
5.6072000000000001e-05
5.6301000000000002e-05
5.4361000000000004e-05
5.9831000000000004e-05
5.3892000000000005e-05
5.4621000000000004e-05
5.4941000000000001e-05
5.4001e-05
5.5192000000000003e-05
5.4441000000000003e-05
5.4801000000000006e-05
5.4741000000000003e-05
5.4832000000000006e-05
5.7361000000000002e-05
5.6551000000000001e-05
7.0742000000000008e-05
5.4541000000000005e-05
6.0052000000000007e-05
5.8951000000000005e-05
5.9841000000000005e-05
5.4591000000000006e-05
5.4251000000000006e-05
5.4361000000000004e-05
8.3552000000000002e-05
5.5001000000000004e-05
5.4332000000000001e-05
5.4681e-05
8.9592000000000006e-05
5.4271000000000003e-05
8.0872000000000008e-05
0.00049333600000000003
0.00029353700000000002
0.00019235400000000002
5.3531000000000006e-05
5.3681000000000003e-05
5.1692000000000006e-05
5.2951000000000002e-05
5.3251000000000002e-05
5.3231000000000006e-05
5.4001e-05
5.2662000000000005e-05
5.3101000000000005e-05
0.00017332400000000001
5.3201000000000001e-05
0.00019799000000000002
0.00014082300000000002
0.00017561400000000002
8.3002000000000003e-05
0.00046515500000000003
5.5881000000000003e-05
0.00010666300000000001
0.00049096600000000002
9.6072000000000011e-05
0.00011654700000000001
8.3277000000000009e-05
5.4521000000000002e-05
7.7812000000000006e-05
0.00015361300000000001
5.4941000000000001e-05
0.00018800400000000002
0.00018792900000000001
0.00023227500000000002
5.2092000000000002e-05
5.2351000000000001e-05
8.4102000000000002e-05
5.2741000000000002e-05
5.9231000000000003e-05
6.0572000000000002e-05
5.5651000000000006e-05
5.5471000000000005e-05
5.5211000000000004e-05
5.5371000000000002e-05
5.4431000000000001e-05
5.5351000000000006e-05
5.5251000000000003e-05
5.5111000000000001e-05
5.5231e-05
5.5351000000000006e-05
5.5512000000000007e-05
7.1351000000000002e-05
5.5561000000000006e-05
5.5452000000000004e-05
5.5241000000000002e-05
5.5361000000000001e-05
5.5501000000000003e-05
5.5421000000000004e-05
5.5181000000000006e-05
5.5051000000000005e-05
5.5162000000000005e-05
5.5211000000000004e-05
5.5261000000000005e-05
5.5151000000000001e-05
5.5362000000000003e-05
7.4731e-05
5.5562000000000001e-05
5.5631000000000003e-05
5.5521000000000006e-05
5.5421000000000004e-05
5.5492000000000003e-05
5.5231e-05
5.5361000000000001e-05
5.5451000000000002e-05
5.5522000000000001e-05
8.9992000000000002e-05
5.5531000000000001e-05
5.5241000000000002e-05
5.5282000000000004e-05
5.4761000000000006e-05
0.00011688200000000001
5.5112000000000004e-05
0.00015533300000000001
8.6422000000000007e-05
0.000112553
5.5601000000000005e-05
5.5161000000000003e-05
5.5082000000000006e-05
0.00014537300000000002
5.5331000000000003e-05
5.5291000000000003e-05
5.5092e-05
5.5241000000000002e-05
0.000101952
5.5302e-05
5.4731000000000002e-05
5.5071000000000002e-05
0.00011103300000000001
5.5681000000000004e-05
7.4132000000000001e-05
5.5291000000000003e-05
6.6111000000000005e-05
5.5442000000000002e-05
6.644100000000001e-05
5.5021000000000001e-05
5.5382000000000006e-05
5.5231e-05
5.5251000000000003e-05
5.5311000000000006e-05
5.4472000000000003e-05
5.5091000000000005e-05
5.5011000000000006e-05
5.3951000000000006e-05
5.4812000000000003e-05
5.4751000000000005e-05
5.5091000000000005e-05
5.5662000000000003e-05
5.5221000000000005e-05
5.4501000000000006e-05
5.4691000000000002e-05
5.5052000000000001e-05
5.5451000000000002e-05
5.5161000000000003e-05
5.4641000000000001e-05
5.4552000000000002e-05
5.5441000000000007e-05
7.7112000000000003e-05
5.6471000000000002e-05
5.6311000000000003e-05
5.6682000000000004e-05
9.1762000000000007e-05
5.5311000000000006e-05
5.6741000000000004e-05
6.2552000000000007e-05
5.7281000000000003e-05
5.6681000000000002e-05
5.6842000000000002e-05
5.6571000000000004e-05
5.4721e-05
5.5431000000000005e-05
5.6432000000000005e-05
5.6341000000000001e-05
5.6521000000000003e-05
5.6572000000000007e-05
5.6611000000000004e-05
5.5791000000000002e-05
5.6191000000000005e-05
5.6802000000000003e-05
5.6681000000000002e-05
5.6581000000000006e-05
5.6792000000000001e-05
5.6791000000000006e-05
5.3181000000000005e-05
5.6741000000000004e-05
5.7052000000000002e-05
5.6531000000000005e-05
5.6761000000000001e-05
5.6762000000000003e-05
5.6711000000000006e-05
7.3211000000000001e-05
7.6401000000000003e-05
5.7112000000000005e-05
5.6961000000000006e-05
5.6871000000000005e-05
5.7011000000000007e-05
5.3272000000000001e-05
5.6261000000000002e-05
6.2611000000000001e-05
5.7452000000000005e-05
5.6841000000000007e-05
5.7051000000000007e-05
5.6962000000000001e-05
5.5231e-05
5.7031000000000003e-05
5.6881000000000006e-05
5.7091000000000006e-05
5.6951000000000004e-05
5.6971000000000001e-05
5.5712000000000005e-05
5.3411000000000001e-05
5.7231000000000001e-05
5.7021000000000002e-05
5.7071000000000003e-05
5.5711000000000002e-05
5.6941000000000003e-05
5.6182000000000005e-05
5.7321000000000002e-05
5.7791000000000003e-05
7.3802000000000009e-05
5.7291000000000004e-05
5.6822000000000006e-05
5.5001000000000004e-05
8.822200000000001e-05
7.1642000000000003e-05
5.4911000000000003e-05
5.7961000000000003e-05
5.8531000000000006e-05
5.8381000000000002e-05
5.8321000000000006e-05
5.5571e-05
6.6152e-05
5.3511000000000003e-05
5.3271000000000005e-05
5.3582000000000003e-05
5.3291000000000002e-05
5.3221000000000004e-05
5.3411000000000001e-05
5.3481000000000005e-05
5.3321000000000007e-05
5.3411000000000001e-05
5.3191000000000006e-05
5.3381000000000003e-05
5.3552000000000005e-05
5.3491e-05
5.3211000000000003e-05
5.3491e-05
5.5871000000000001e-05
5.5271000000000007e-05
5.5371000000000002e-05
5.5761000000000004e-05
5.5572000000000003e-05
5.5171000000000004e-05
5.2971000000000005e-05
5.2951000000000002e-05
5.4491000000000004e-05
5.5131000000000005e-05
5.4881000000000005e-05
5.4511e-05
7.5752000000000002e-05
5.5421000000000004e-05
6.2082000000000006e-05
7.2851000000000011e-05
6.0612000000000002e-05
5.4361000000000004e-05
5.4361000000000004e-05
5.4622000000000007e-05
5.4791000000000004e-05
5.5491000000000001e-05
5.4321000000000004e-05
5.4862000000000004e-05
5.3721000000000003e-05
5.4831000000000004e-05
5.5171000000000004e-05
5.5442000000000002e-05
5.4191000000000003e-05
5.3841000000000002e-05
5.4411000000000005e-05
5.5042000000000006e-05
5.5981000000000005e-05
5.4571000000000003e-05
5.3881000000000001e-05
5.4252000000000002e-05
5.4961000000000005e-05
5.5521000000000006e-05
5.5071000000000002e-05
5.3962000000000003e-05
6.309100000000001e-05
5.4991000000000003e-05
5.5292000000000005e-05
5.5251000000000003e-05
5.4271000000000003e-05
5.9751000000000004e-05
5.9141000000000002e-05
7.7132000000000006e-05
6.3241e-05
6.4252000000000008e-05
5.9731000000000001e-05
5.4281000000000004e-05
5.8902000000000006e-05
5.6121e-05
6.7052000000000008e-05
5.3391000000000004e-05
5.3481000000000005e-05
5.2861000000000001e-05
5.3311000000000005e-05
5.3132000000000006e-05
5.2941e-05
5.2861000000000001e-05
5.3121000000000002e-05
5.2971000000000005e-05
5.4031000000000005e-05
5.8081000000000002e-05
5.9211000000000006e-05
5.4211000000000007e-05
5.3551000000000003e-05
5.4911000000000003e-05
5.5531000000000001e-05
5.5491000000000001e-05
5.9441000000000002e-05
5.3681000000000003e-05
5.2712000000000006e-05
5.3901000000000005e-05
5.4941000000000001e-05
5.3681000000000003e-05
5.4892000000000002e-05
5.4631000000000006e-05
5.4651000000000002e-05
7.6382000000000002e-05
5.5131000000000005e-05
7.7462000000000012e-05
5.4041000000000007e-05
5.4771000000000001e-05
5.4972000000000002e-05
5.4351000000000002e-05
6.1241000000000005e-05
5.3781000000000006e-05
5.5001000000000004e-05
5.5771000000000005e-05
5.5361000000000001e-05
5.4612000000000005e-05
5.2841000000000005e-05
5.2371000000000004e-05
5.2261e-05
5.4061000000000003e-05
7.2381999999999999e-05
5.4921000000000005e-05
5.6922000000000002e-05
5.8271000000000005e-05
6.935200000000001e-05
6.5390999999999998e-05
5.4611000000000003e-05
5.4772000000000003e-05
5.5351000000000006e-05
5.3971000000000002e-05
5.2741000000000002e-05
5.2951000000000002e-05
5.2951000000000002e-05
5.2791000000000003e-05
5.3141000000000005e-05
5.3281e-05
5.3262000000000006e-05
5.2531000000000002e-05
7.2861000000000006e-05
5.2292e-05
5.5061e-05
5.4731000000000002e-05
5.4771000000000001e-05
5.4002000000000002e-05
5.3741000000000006e-05
7.4182000000000002e-05
5.5721000000000004e-05
5.4781000000000003e-05
5.4951000000000003e-05
5.2372000000000006e-05
5.2161000000000004e-05
6.8511000000000009e-05
5.2062000000000004e-05
5.2071000000000003e-05
5.2561e-05
5.3371000000000001e-05
5.3001000000000003e-05
5.2932000000000001e-05
5.3041000000000003e-05
5.2941e-05
5.3211000000000003e-05
5.3271000000000005e-05
5.3172000000000005e-05
5.3161000000000001e-05
5.2881000000000004e-05
5.2231000000000002e-05
5.2301000000000006e-05
5.2182000000000003e-05
6.8790999999999999e-05
5.2431e-05
5.2362000000000005e-05
5.2161000000000004e-05
5.1931000000000001e-05
9.3517000000000006e-05
5.3501000000000002e-05
5.3201000000000001e-05
5.3232000000000001e-05
5.3051000000000004e-05
5.3201000000000001e-05
5.3351000000000005e-05
5.3202000000000003e-05
5.3581000000000001e-05
5.3451e-05
7.0982000000000006e-05
5.3711000000000001e-05
5.3501000000000002e-05
6.0271000000000006e-05
5.3452000000000003e-05
5.3361000000000006e-05
5.3231000000000006e-05
6.3341000000000002e-05
5.3211000000000003e-05
7.8421e-05
5.3711000000000001e-05
5.3701000000000006e-05
0.00023702
5.5912000000000003e-05
5.6141000000000003e-05
5.6481000000000004e-05
5.6492000000000001e-05
5.6271000000000004e-05
5.6541000000000006e-05
9.3202000000000007e-05
5.7762e-05
5.7721000000000005e-05
0.00012979300000000001
5.2101000000000001e-05
5.4811000000000001e-05
5.5542000000000005e-05
5.6491000000000005e-05
7.4132000000000001e-05
5.6301000000000002e-05
5.6291e-05
5.5972000000000006e-05
7.1611000000000003e-05
5.6151000000000005e-05
5.5261000000000005e-05
9.0367000000000011e-05
5.5141000000000006e-05
5.5451000000000002e-05
5.5432000000000001e-05
5.5291000000000003e-05
5.5311000000000006e-05
5.5271000000000007e-05
5.5432000000000001e-05
5.5171000000000004e-05
7.1271000000000003e-05
5.5841000000000003e-05
7.0211000000000009e-05
5.5822000000000002e-05
5.6091000000000002e-05
5.4921000000000005e-05
5.5771000000000005e-05
5.5482000000000002e-05
5.5051000000000005e-05
5.5291000000000003e-05
5.2071000000000003e-05
5.5902000000000001e-05
4.3341000000000004e-05
3.8151000000000001e-05
3.8319999999999999e-05
3.8161000000000003e-05
3.8191000000000001e-05
3.8161000000000003e-05
3.8231e-05
3.8111000000000002e-05
3.8111000000000002e-05
3.8161000000000003e-05
4.3761000000000003e-05
3.8361000000000001e-05
3.8151000000000001e-05
7.4191000000000008e-05
3.8381000000000004e-05
3.8271e-05
3.8231e-05
3.8421000000000004e-05
3.8350999999999999e-05
3.8290000000000001e-05
3.837e-05
3.8151000000000001e-05
3.8231e-05
3.8350999999999999e-05
3.8241000000000002e-05
3.8301000000000005e-05
3.8401e-05
3.8360000000000005e-05
3.8220000000000003e-05
3.8171000000000004e-05
3.8331000000000003e-05
3.8221000000000006e-05
4.7101000000000002e-05
4.6151000000000006e-05
3.8350999999999999e-05
3.8201000000000002e-05
3.8341000000000004e-05
3.8371000000000002e-05
3.8471000000000005e-05
3.8330000000000001e-05
3.8211000000000004e-05
3.8421000000000004e-05
3.8161000000000003e-05
3.8221000000000006e-05
3.8291000000000003e-05
3.8191000000000001e-05
3.8321000000000001e-05
3.8090000000000003e-05
3.8241000000000002e-05
3.8261000000000005e-05
3.8211000000000004e-05
3.8291000000000003e-05
3.8301000000000005e-05
3.8180999999999999e-05
3.8171000000000004e-05
3.8319999999999999e-05
3.8171000000000004e-05
3.8301000000000005e-05
5.8841000000000001e-05
4.9401000000000004e-05
5.0841000000000003e-05
5.9871000000000003e-05
3.9451000000000006e-05
3.8201000000000002e-05
4.9621000000000005e-05
5.4651000000000002e-05
5.4772000000000003e-05
5.5341000000000004e-05
5.5291000000000003e-05
5.5481000000000006e-05
5.5362000000000003e-05
5.4861000000000002e-05
5.5451000000000002e-05
5.5101000000000007e-05
5.5312000000000002e-05
5.5131000000000005e-05
5.4951000000000003e-05
7.0601999999999999e-05
5.5281000000000001e-05
6.9232000000000004e-05
5.5211000000000004e-05
5.5041000000000004e-05
5.5311000000000006e-05
5.4982000000000003e-05
5.5091000000000005e-05
5.5011000000000006e-05
5.4971000000000006e-05
5.5491000000000001e-05
5.5101000000000007e-05
5.4901000000000002e-05
5.5372000000000004e-05
8.9252000000000005e-05
5.5331000000000003e-05
5.4571000000000003e-05
3.8361000000000001e-05
5.3321000000000007e-05
4.0041000000000005e-05
7.1512000000000002e-05
4.2151000000000004e-05
5.4911000000000003e-05
5.5021000000000001e-05
7.0211999999999998e-05
5.5341000000000004e-05
5.5201000000000002e-05
6.4832000000000005e-05
5.9231000000000003e-05
5.2282000000000005e-05
5.3061000000000006e-05
5.1701000000000005e-05
5.2671000000000004e-05
5.3131000000000003e-05
5.8552000000000005e-05
8.2872000000000002e-05
5.4151000000000004e-05
9.4187000000000011e-05
5.5642e-05
5.5401e-05
7.0822000000000007e-05
5.5281000000000001e-05
5.5491000000000001e-05
5.4931000000000007e-05
5.5232000000000002e-05
5.5581000000000002e-05
5.5331000000000003e-05
5.5001000000000004e-05
5.5222000000000001e-05
5.5071000000000002e-05
5.4821000000000002e-05
7.4772000000000008e-05
5.5091000000000005e-05
5.5361000000000001e-05
5.3222000000000006e-05
5.5071000000000002e-05
5.5281000000000001e-05
5.5391000000000005e-05
5.5352000000000001e-05
5.5341000000000004e-05
5.5241000000000002e-05
7.0642000000000006e-05
5.5121000000000003e-05
5.5051000000000005e-05
5.4402000000000005e-05
5.5031000000000002e-05
5.5181000000000006e-05
5.4871000000000004e-05
5.4222000000000004e-05
5.4021000000000003e-05
5.4971000000000006e-05
5.5211000000000004e-05
5.4932000000000002e-05
5.5141000000000006e-05
5.5031000000000002e-05
5.4421000000000006e-05
5.4342000000000002e-05
8.0041000000000002e-05
5.4562000000000004e-05
5.5071000000000002e-05
5.4991000000000003e-05
5.5221000000000005e-05
5.5072000000000004e-05
5.5381000000000004e-05
5.4961000000000005e-05
8.9022000000000002e-05
5.5322000000000003e-05
5.5071000000000002e-05
5.5101000000000007e-05
5.4631000000000006e-05
5.4942000000000004e-05
5.5241000000000002e-05
5.5351000000000006e-05
5.5101000000000007e-05
5.5042000000000006e-05
5.4631000000000006e-05
5.3921000000000001e-05
5.5291000000000003e-05
5.5212000000000006e-05
5.5221000000000005e-05
5.5281000000000001e-05
5.5681000000000004e-05
7.4642000000000008e-05
5.5471000000000005e-05
5.5182000000000001e-05
5.5411000000000002e-05
5.5071000000000002e-05
5.5111000000000001e-05
5.5202000000000004e-05
7.7101000000000006e-05
5.5582000000000004e-05
5.4981000000000001e-05
5.5571e-05
5.5231e-05
5.5301000000000005e-05
5.5321000000000001e-05
5.5311000000000006e-05
7.0432000000000006e-05
5.5521000000000006e-05
7.2692000000000001e-05
5.5761000000000004e-05
5.4891e-05
5.3602000000000006e-05
5.4921000000000005e-05
5.5241000000000002e-05
5.5501000000000003e-05
5.5492000000000003e-05
5.5311000000000006e-05
5.5651000000000006e-05
5.4811000000000001e-05
5.5002000000000006e-05
5.5151000000000001e-05
5.5341000000000004e-05
5.5391000000000005e-05
7.0382000000000005e-05
5.5471000000000005e-05
5.5442000000000002e-05
5.5541000000000002e-05
5.5191000000000001e-05
5.5121000000000003e-05
6.5072000000000003e-05
5.5431000000000005e-05
5.5121000000000003e-05
5.5052000000000001e-05
5.5261000000000005e-05
5.5321000000000001e-05
5.4721e-05
5.5262e-05
5.5521000000000006e-05
5.5041000000000004e-05
5.5191000000000001e-05
5.4732000000000004e-05
5.5231e-05
5.5291000000000003e-05
7.304200000000001e-05
5.4671000000000006e-05
5.4901000000000002e-05
6.9572000000000004e-05
5.5461000000000003e-05
5.5002000000000006e-05
5.5061e-05
5.5111000000000001e-05
5.5151000000000001e-05
5.5252000000000006e-05
5.5301000000000005e-05
5.5231e-05
5.5571e-05
5.5522000000000001e-05
5.5041000000000004e-05
5.4961000000000005e-05
5.4911000000000003e-05
5.5242000000000004e-05
5.4841000000000006e-05
5.4431000000000001e-05
5.5211000000000004e-05
5.5112000000000004e-05
5.5201000000000002e-05
5.5201000000000002e-05
5.5141000000000006e-05
5.5202000000000004e-05
5.5241000000000002e-05
5.5061e-05
5.5271000000000007e-05
7.0882000000000003e-05
6.0861000000000006e-05
5.5251000000000003e-05
5.5301000000000005e-05
5.1651000000000004e-05
5.1881e-05
7.2412000000000011e-05
5.3271000000000005e-05
5.3542000000000003e-05
5.3781000000000006e-05
5.2731e-05
5.3581000000000001e-05
5.3311000000000005e-05
5.3082000000000004e-05
5.9901000000000001e-05
0.00011437900000000001
5.5611000000000007e-05
5.5391000000000005e-05
0.00020684700000000002
5.7481000000000001e-05
3.8251000000000004e-05
4.7691000000000001e-05
5.2541000000000004e-05
5.3291000000000002e-05
6.9932000000000007e-05
5.5211000000000004e-05
5.2821000000000001e-05
5.4482000000000005e-05
5.8781000000000005e-05
5.4961000000000005e-05
5.4691000000000002e-05
5.5162000000000005e-05
5.4811000000000001e-05
5.5831000000000001e-05
5.6292000000000002e-05
5.5861000000000006e-05
5.5631000000000003e-05
5.4111000000000004e-05
5.5722000000000006e-05
5.5891000000000004e-05
5.6211000000000001e-05
5.6011000000000003e-05
5.6112000000000001e-05
5.5761000000000004e-05
5.5681000000000004e-05
5.5731000000000006e-05
5.6071000000000006e-05
5.5651000000000006e-05
7.9342e-05
5.5981000000000005e-05
5.5231e-05
5.8042000000000004e-05
5.4831000000000004e-05
6.1752000000000001e-05
5.6281000000000005e-05
5.5831000000000001e-05
5.5972000000000006e-05
5.6071000000000006e-05
5.5821000000000006e-05
5.3501000000000002e-05
5.3681000000000003e-05
5.5401e-05
5.5691000000000006e-05
5.5611000000000007e-05
5.5542000000000005e-05
5.5711000000000002e-05
5.5691000000000006e-05
5.5551000000000004e-05
5.5742000000000003e-05
5.4281000000000004e-05
5.9601000000000001e-05
5.4772000000000003e-05
5.5141000000000006e-05
5.4601000000000001e-05
5.5461000000000003e-05
5.5992000000000002e-05
5.5841000000000003e-05
5.6031000000000006e-05
5.6271000000000004e-05
5.4602000000000003e-05
5.5501000000000003e-05
7.1101999999999998e-05
8.1271000000000002e-05
6.1371000000000006e-05
5.5711000000000002e-05
5.5762000000000006e-05
5.5671000000000003e-05
5.5621000000000002e-05
7.0822000000000007e-05
5.6221000000000003e-05
5.5821000000000006e-05
5.5932000000000006e-05
5.5721000000000004e-05
5.5611000000000007e-05
5.5691000000000006e-05
5.5702000000000003e-05
5.6011000000000003e-05
5.5591000000000004e-05
5.5931000000000004e-05
5.5672000000000005e-05
5.5841000000000003e-05
5.5891000000000004e-05
5.5682000000000007e-05
5.5941000000000005e-05
5.5561000000000006e-05
5.6011000000000003e-05
5.6012000000000005e-05
5.5871000000000001e-05
5.5911000000000001e-05
7.3252000000000009e-05
5.5821000000000006e-05
5.5611000000000007e-05
5.5892000000000006e-05
5.5501000000000003e-05
6.0831000000000001e-05
7.2392000000000008e-05
6.6701999999999999e-05
5.7401000000000002e-05
6.5241000000000008e-05
5.5582000000000004e-05
5.5751000000000002e-05
5.5341000000000004e-05
6.4972000000000001e-05
5.9361000000000003e-05
5.5701000000000001e-05
5.5932000000000006e-05
5.5871000000000001e-05
5.5531000000000001e-05
5.6152e-05
5.6211000000000001e-05
5.6111000000000005e-05
5.5861000000000006e-05
5.6412000000000001e-05
5.5841000000000003e-05
5.5631000000000003e-05
5.5761000000000004e-05
5.5982e-05
5.6281000000000005e-05
5.6021000000000005e-05
5.6042000000000003e-05
5.5991000000000007e-05
5.5551000000000004e-05
5.6271000000000004e-05
0.000101798
5.3581000000000001e-05
5.6781000000000004e-05
5.3272000000000001e-05
5.0701000000000001e-05
5.3771000000000004e-05
5.3421000000000002e-05
5.8632000000000004e-05
7.3021000000000004e-05
5.7632000000000007e-05
5.7611000000000001e-05
5.7221000000000007e-05
5.5622000000000004e-05
5.5641000000000005e-05
5.5821000000000006e-05
5.5241000000000002e-05
5.4972000000000002e-05
5.5081000000000003e-05
5.5371000000000002e-05
5.5991000000000007e-05
5.5052000000000001e-05
5.5891000000000004e-05
5.5071000000000002e-05
5.4901000000000002e-05
5.5782000000000002e-05
5.6501000000000007e-05
5.6471000000000002e-05
5.5201000000000002e-05
5.4532000000000006e-05
5.4561000000000002e-05
8.7137000000000003e-05
3.8571000000000001e-05
3.8281000000000002e-05
3.8111000000000002e-05
3.8251000000000004e-05
3.8300000000000003e-05
3.8131000000000005e-05
3.8171000000000004e-05
3.8171000000000004e-05
3.8350999999999999e-05
3.8491000000000001e-05
3.8281000000000002e-05
3.8331000000000003e-05
3.8220000000000003e-05
3.8180999999999999e-05
3.8041000000000004e-05
3.8121000000000003e-05
3.8201000000000002e-05
3.8261000000000005e-05
3.8101e-05
3.8081000000000004e-05
3.8060000000000005e-05
3.8121000000000003e-05
3.8241000000000002e-05
5.6601000000000002e-05
5.3132000000000006e-05
3.8131000000000005e-05
3.8020000000000005e-05
3.8171000000000004e-05
3.8341000000000004e-05
3.8251000000000004e-05
3.8281000000000002e-05
4.3121000000000003e-05
5.2751000000000004e-05
3.8361000000000001e-05
3.8311e-05
3.8081000000000004e-05
3.8241000000000002e-05
4.8831000000000001e-05
3.8281000000000002e-05
3.8150000000000006e-05
3.8131000000000005e-05
3.8061e-05
5.7301000000000006e-05
3.8340000000000002e-05
3.8101e-05
3.8281000000000002e-05
6.1441999999999999e-05
3.8390000000000003e-05
3.8111000000000002e-05
3.8311e-05
3.8301000000000005e-05
3.8301000000000005e-05
3.8251000000000004e-05
3.8071000000000002e-05
3.8191000000000001e-05
3.8120000000000001e-05
3.8241000000000002e-05
3.8121000000000003e-05
3.8180999999999999e-05
3.8171000000000004e-05
3.8151000000000001e-05
3.8201000000000002e-05
3.8150000000000006e-05
3.7970999999999999e-05
3.8261000000000005e-05
3.8341000000000004e-05
3.8131000000000005e-05
3.8161000000000003e-05
3.8101e-05
3.8151000000000001e-05
3.8120000000000001e-05
3.8141e-05
3.8261000000000005e-05
3.8101e-05
3.8171000000000004e-05
3.8141e-05
3.8061e-05
3.8121000000000003e-05
3.8250000000000001e-05
5.2322000000000005e-05
3.8190000000000005e-05
3.8151000000000001e-05
3.8071000000000002e-05
3.8131000000000005e-05
3.8141e-05
3.8191000000000001e-05
3.7861000000000002e-05
3.8291000000000003e-05
3.807e-05
3.8081000000000004e-05
3.8121000000000003e-05
3.8161000000000003e-05
5.4381000000000007e-05
3.8371000000000002e-05
3.8161000000000003e-05
3.8341000000000004e-05
3.8221000000000006e-05
3.8141e-05
3.8261000000000005e-05
3.8160000000000001e-05
3.8091000000000005e-05
3.8151000000000001e-05
3.8361000000000001e-05
3.8271e-05
3.8251000000000004e-05
3.8241000000000002e-05
3.8180000000000004e-05
3.8160000000000001e-05
3.8171000000000004e-05
3.8051000000000006e-05
3.8171000000000004e-05
3.8131000000000005e-05
3.8231e-05
3.8161000000000003e-05
3.8160000000000001e-05
3.8201000000000002e-05
3.8131000000000005e-05
3.7921000000000005e-05
3.8131000000000005e-05
3.8261000000000005e-05
3.8221000000000006e-05
3.8331000000000003e-05
3.8180000000000004e-05
3.8381000000000004e-05
3.8141e-05
3.8010999999999999e-05
3.8111000000000002e-05
5.2491000000000003e-05
3.8350999999999999e-05
3.8161000000000003e-05
3.8101e-05
3.8041000000000004e-05
3.8220000000000003e-05
3.8311e-05
3.8231e-05
3.8141e-05
3.8211000000000004e-05
3.8111000000000002e-05
3.8101e-05
4.3431000000000005e-05
3.8041000000000004e-05
3.8091000000000005e-05
5.5011000000000006e-05
3.8180999999999999e-05
3.8241000000000002e-05
3.8180999999999999e-05
3.8361000000000001e-05
3.8350000000000004e-05
3.8441e-05
3.8221000000000006e-05
3.8331000000000003e-05
3.8261000000000005e-05
3.8321000000000001e-05
3.8251000000000004e-05
3.8321000000000001e-05
3.8180000000000004e-05
3.8121000000000003e-05
3.8131000000000005e-05
3.8301000000000005e-05
3.8071000000000002e-05
3.8171000000000004e-05
3.8191000000000001e-05
3.8130000000000003e-05
3.8120000000000001e-05
3.8411000000000002e-05
3.8191000000000001e-05
5.0571000000000001e-05
3.8291000000000003e-05
3.8271e-05
3.8231e-05
3.8010999999999999e-05
3.8180999999999999e-05
3.8190000000000005e-05
3.8060000000000005e-05
4.9541000000000006e-05
3.8170000000000002e-05
3.8141e-05
5.3021000000000006e-05
3.8180999999999999e-05
3.8251000000000004e-05
3.8111000000000002e-05
3.8021000000000001e-05
3.8010999999999999e-05
3.8191000000000001e-05
3.8281000000000002e-05
3.82e-05
3.8180999999999999e-05
3.8081000000000004e-05
3.8191000000000001e-05
3.8281000000000002e-05
3.8211000000000004e-05
3.8211000000000004e-05
4.3331000000000002e-05
3.8221000000000006e-05
3.8201000000000002e-05
3.8191000000000001e-05
3.8040000000000002e-05
3.8151000000000001e-05
3.8141e-05
3.8291000000000003e-05
3.8151000000000001e-05
3.8121000000000003e-05
3.8081000000000004e-05
3.8170000000000002e-05
5.0822000000000002e-05
4.5251000000000004e-05
5.0401000000000001e-05
3.8141e-05
3.8341000000000004e-05
3.8270000000000005e-05
3.8151000000000001e-05
3.8201000000000002e-05
3.8171000000000004e-05
3.8251000000000004e-05
3.7991000000000003e-05
3.8141e-05
5.2931000000000005e-05
5.9131000000000007e-05
5.2521000000000001e-05
5.3121000000000002e-05
5.6661000000000005e-05
5.6811000000000002e-05
5.7732000000000002e-05
5.7291000000000004e-05
5.6161000000000007e-05
6.6552000000000009e-05
5.6041000000000001e-05
7.3752000000000008e-05
6.2141e-05
5.9402000000000005e-05
5.3611000000000006e-05
0.00030429700000000003
5.4361000000000004e-05
9.9192000000000008e-05
5.8752000000000003e-05
5.8581e-05
5.1391000000000003e-05
5.7891000000000005e-05
5.3182e-05
5.2651000000000001e-05
5.1721000000000002e-05
6.3882000000000009e-05
4.159e-05
3.8270000000000005e-05
3.8201000000000002e-05
3.8081000000000004e-05
3.8021000000000001e-05
3.8241000000000002e-05
3.8031000000000002e-05
3.8121000000000003e-05
3.8090000000000003e-05
3.8151000000000001e-05
3.8180999999999999e-05
3.8051000000000006e-05
3.8051000000000006e-05
3.8111000000000002e-05
3.8111000000000002e-05
3.8191000000000001e-05
3.8210000000000002e-05
3.8171000000000004e-05
3.8191000000000001e-05
3.8101e-05
3.8071000000000002e-05
3.8061e-05
3.8151000000000001e-05
3.8109999999999999e-05
3.8021000000000001e-05
3.8151000000000001e-05
3.8041000000000004e-05
3.8191000000000001e-05
3.8221000000000006e-05
3.8251000000000004e-05
6.1211000000000007e-05
3.8201000000000002e-05
3.8010999999999999e-05
3.7991000000000003e-05
3.7991000000000003e-05
3.8000000000000002e-05
3.7970999999999999e-05
3.8101e-05
4.1131000000000003e-05
5.1191000000000005e-05
5.1051000000000003e-05
8.4332000000000005e-05
6.8112000000000001e-05
5.9731000000000001e-05
5.3742000000000001e-05
5.3011000000000005e-05
5.3101000000000005e-05
6.8392000000000005e-05
7.8631e-05
5.3342000000000005e-05
5.3141000000000005e-05
5.3201000000000001e-05
5.3051000000000004e-05
7.4012000000000009e-05
6.1771000000000002e-05
5.5332000000000005e-05
5.6161000000000007e-05
5.6671000000000007e-05
5.6472000000000004e-05
5.6181000000000003e-05
5.6041000000000001e-05
5.5961000000000002e-05
5.5742000000000003e-05
5.5961000000000002e-05
5.6241000000000006e-05
5.6301000000000002e-05
9.1910000000000006e-05
5.5101000000000007e-05
5.0221000000000006e-05
5.3091000000000004e-05
5.4051000000000001e-05
4.1961e-05
4.9572000000000006e-05
4.6161000000000001e-05
4.4241000000000006e-05
5.0841000000000003e-05
3.8741000000000001e-05
3.8281000000000002e-05
3.8250000000000001e-05
3.8281000000000002e-05
3.8121000000000003e-05
3.8401e-05
3.8241000000000002e-05
4.0371000000000004e-05
4.3681000000000004e-05
3.8221000000000006e-05
3.8281000000000002e-05
4.5271000000000001e-05
3.8180000000000004e-05
4.2740000000000001e-05
3.8301000000000005e-05
3.8311e-05
3.8261000000000005e-05
3.8211000000000004e-05
3.8171000000000004e-05
3.8211000000000004e-05
0.000206054
5.4212000000000002e-05
6.0071000000000001e-05
5.5051000000000005e-05
8.9600000000000009e-05
6.982200000000001e-05
5.5271000000000007e-05
5.5601000000000005e-05
6.0232000000000002e-05
6.3941000000000003e-05
5.3621e-05
5.9211000000000006e-05
6.0511000000000004e-05
7.8992000000000005e-05
6.7732000000000008e-05
5.1961000000000006e-05
6.4931000000000006e-05
6.5202000000000004e-05
7.4832000000000005e-05
4.8521000000000005e-05
5.7601000000000006e-05
5.2431e-05
8.2872000000000002e-05
5.2931000000000005e-05
5.2582000000000006e-05
5.9151000000000003e-05
8.8762000000000002e-05
5.5601000000000005e-05
5.5452000000000004e-05
5.5301000000000005e-05
5.5471000000000005e-05
5.5341000000000004e-05
5.5372000000000004e-05
5.5371000000000002e-05
5.5401e-05
5.5491000000000001e-05
5.5432000000000001e-05
5.5421000000000004e-05
5.4891e-05
5.5432000000000001e-05
5.5401e-05
5.5351000000000006e-05
5.5381000000000004e-05
5.5362000000000003e-05
5.5371000000000002e-05
5.5411000000000002e-05
5.5481000000000006e-05
5.5412000000000004e-05
5.5541000000000002e-05
5.5251000000000003e-05
5.5421000000000004e-05
5.5152000000000003e-05
5.5261000000000005e-05
5.5301000000000005e-05
5.5341000000000004e-05
5.5352000000000001e-05
9.3574000000000009e-05
5.7101000000000001e-05
7.8902000000000011e-05
5.6751000000000006e-05
5.6842000000000002e-05
5.6741000000000004e-05
5.7051000000000007e-05
7.2992000000000009e-05
5.6821000000000004e-05
5.7412000000000005e-05
5.7391000000000007e-05
5.7181e-05
5.7301000000000006e-05
5.7701000000000002e-05
5.6781000000000004e-05
6.2241000000000003e-05
5.6971000000000001e-05
5.6691000000000003e-05
5.6711000000000006e-05
5.6892000000000003e-05
5.6981000000000002e-05
5.6761000000000001e-05
5.6832000000000001e-05
5.6981000000000002e-05
5.7051000000000007e-05
5.6961000000000006e-05
5.7042e-05
5.6921000000000006e-05
0.00010967300000000001
5.6991000000000004e-05
5.6961000000000006e-05
5.6691000000000003e-05
5.6931000000000001e-05
5.6801e-05
5.6991000000000004e-05
5.7442000000000003e-05
5.7191000000000002e-05
5.7451000000000003e-05
5.7442000000000003e-05
5.6841000000000007e-05
5.6601000000000002e-05
5.6461e-05
5.6882000000000002e-05
5.6621000000000006e-05
5.6431000000000002e-05
5.6472000000000004e-05
5.6461e-05
5.6671000000000007e-05
5.6931000000000001e-05
6.2980999999999999e-05
5.6871000000000005e-05
5.6922000000000002e-05
5.7111000000000003e-05
5.6901000000000003e-05
5.6851000000000002e-05
0.00024985900000000001
5.2451000000000003e-05
5.2551000000000006e-05
5.3611000000000006e-05
5.3171000000000003e-05
5.3921000000000001e-05
5.4532000000000006e-05
5.5221000000000005e-05
7.0621e-05
5.3691000000000005e-05
5.3971000000000002e-05
5.3991000000000005e-05
5.4131000000000001e-05
5.3612000000000001e-05
5.2081000000000005e-05
5.2051e-05
5.2391e-05
5.4011000000000002e-05
5.4342000000000002e-05
5.3421000000000002e-05
5.3621e-05
5.3591000000000002e-05
5.2762000000000001e-05
5.6781000000000004e-05
5.6601000000000002e-05
5.6771000000000002e-05
5.7342000000000001e-05
5.7161000000000004e-05
5.6371000000000006e-05
5.6022000000000007e-05
9.0686000000000006e-05
5.1772000000000005e-05
5.1781000000000004e-05
6.5361e-05
5.8612000000000001e-05
5.2111000000000003e-05
5.2301000000000006e-05
5.2121000000000005e-05
5.8431000000000003e-05
5.2131000000000006e-05
5.2291000000000005e-05
5.2021000000000002e-05
5.1971000000000001e-05
5.1941000000000003e-05
5.2422000000000001e-05
5.2381000000000006e-05
5.2051e-05
5.9261000000000001e-05
5.2772000000000002e-05
6.746100000000001e-05
5.9322000000000006e-05
5.3061000000000006e-05
5.3121000000000002e-05
5.2831000000000003e-05
5.2411000000000004e-05
5.2262000000000002e-05
5.1991000000000004e-05
5.8241000000000007e-05
5.3021000000000006e-05
5.1951000000000005e-05
5.2021000000000002e-05
7.4091000000000006e-05
5.2322000000000005e-05
5.2421000000000005e-05
5.2431e-05
5.2181000000000001e-05
5.2341000000000006e-05
5.2582000000000006e-05
5.2551000000000006e-05
5.2041000000000005e-05
5.8921000000000001e-05
5.1661000000000006e-05
5.1911000000000005e-05
5.2261e-05
6.8051000000000003e-05
5.2652000000000003e-05
5.2361000000000002e-05
5.2341000000000006e-05
5.2901000000000001e-05
5.2981000000000007e-05
5.2732000000000003e-05
5.2681000000000006e-05
5.2701000000000002e-05
5.8981000000000003e-05
5.2272000000000004e-05
5.8971000000000002e-05
5.2641000000000006e-05
5.2121000000000005e-05
5.2052000000000002e-05
5.1921000000000007e-05
5.1571000000000005e-05
5.1221000000000003e-05
5.1401000000000005e-05
5.0861000000000007e-05
5.2802e-05
5.1861000000000004e-05
5.2891000000000006e-05
7.4012000000000009e-05
0.00049492600000000002
5.4241000000000005e-05
5.4891e-05
5.3931000000000003e-05
5.3911000000000006e-05
5.5001000000000004e-05
0.000110852
5.5321000000000001e-05
5.5671000000000003e-05
5.8851000000000003e-05
5.4002000000000002e-05
5.3061000000000006e-05
4.5471000000000006e-05
5.9351000000000001e-05
5.3982000000000006e-05
5.3851000000000003e-05
5.9961000000000004e-05
5.3971000000000002e-05
5.3772000000000006e-05
5.3651000000000005e-05
5.3791e-05
5.3861000000000005e-05
9.0557000000000007e-05
3.8221000000000006e-05
3.8291000000000003e-05
3.8350999999999999e-05
3.8231e-05
3.8221000000000006e-05
3.8201000000000002e-05
3.8180999999999999e-05
3.8170000000000002e-05
3.8141e-05
3.8191000000000001e-05
3.8271e-05
3.8131000000000005e-05
3.8161000000000003e-05
3.8171000000000004e-05
3.8111000000000002e-05
3.824e-05
3.8001000000000004e-05
3.8201000000000002e-05
5.7041000000000005e-05
3.8261000000000005e-05
3.8361000000000001e-05
3.8291000000000003e-05
3.8241000000000002e-05
3.7941000000000001e-05
3.8151000000000001e-05
3.8311e-05
3.8150000000000006e-05
3.7991000000000003e-05
3.8281000000000002e-05
5.2631000000000005e-05
5.8462000000000004e-05
4.1321e-05
3.8471000000000005e-05
5.3321000000000007e-05
5.8151000000000006e-05
5.7671000000000004e-05
5.5541000000000002e-05
5.5631000000000003e-05
7.1862000000000011e-05
9.5562000000000004e-05
5.8391000000000004e-05
5.8312000000000007e-05
6.5440999999999999e-05
5.8171000000000003e-05
5.7872000000000004e-05
7.8052000000000004e-05
5.7951000000000001e-05
5.7291000000000004e-05
6.3042000000000011e-05
5.7031000000000003e-05
6.3421000000000001e-05
5.5312000000000002e-05
5.7861e-05
5.7601000000000006e-05
5.5812e-05
5.6901000000000003e-05
5.7421000000000005e-05
5.7472000000000001e-05
5.7641000000000006e-05
5.8131000000000003e-05
5.7892000000000001e-05
5.7641000000000006e-05
5.7911000000000002e-05
5.7882000000000006e-05
5.7441000000000001e-05
5.5951e-05
5.5521000000000006e-05
5.5822000000000002e-05
5.5651000000000006e-05
5.5801000000000003e-05
5.5451000000000002e-05
6.2191000000000001e-05
5.5931000000000004e-05
5.5911000000000001e-05
5.5692000000000001e-05
5.5911000000000001e-05
5.6261000000000002e-05
5.6112000000000001e-05
5.6241000000000006e-05
7.7842000000000005e-05
5.6541000000000006e-05
5.6241000000000006e-05
5.6252000000000003e-05
5.6051000000000003e-05
5.5961000000000002e-05
5.6211000000000001e-05
5.6092000000000004e-05
5.5651000000000006e-05
5.6371000000000006e-05
5.6791000000000006e-05
5.7752000000000005e-05
5.7031000000000003e-05
5.7581000000000003e-05
5.7202000000000006e-05
5.6251000000000001e-05
5.5721000000000004e-05
5.5592000000000006e-05
5.5621000000000002e-05
5.5441000000000007e-05
5.5461000000000003e-05
5.5912000000000003e-05
5.5841000000000003e-05
5.6631e-05
5.6291e-05
6.7262000000000008e-05
6.2181000000000007e-05
5.6372000000000002e-05
5.5771000000000005e-05
5.5901000000000006e-05
5.6321000000000005e-05
5.6051000000000003e-05
6.6651000000000009e-05
5.4372000000000001e-05
8.8304e-05
5.4541000000000005e-05
7.0402000000000008e-05
5.4671000000000006e-05
0.00018216400000000001
6.4822000000000011e-05
5.5441000000000007e-05
6.4710999999999998e-05
5.5552000000000006e-05
5.5961000000000002e-05
5.6071000000000006e-05
5.6241000000000006e-05
5.4572000000000005e-05
5.3181000000000005e-05
5.4521000000000002e-05
5.5581000000000002e-05
5.5322000000000003e-05
5.3701000000000006e-05
8.7221999999999999e-05
0.000104252
6.6642000000000003e-05
6.0631000000000003e-05
9.1220000000000011e-05
7.6902000000000003e-05
5.5591000000000004e-05
5.5512000000000007e-05
5.5541000000000002e-05
5.5571e-05
5.5371000000000002e-05
5.5372000000000004e-05
5.5471000000000005e-05
5.5661000000000001e-05
5.5471000000000005e-05
5.5502000000000005e-05
5.5521000000000006e-05
5.5451000000000002e-05
5.5562000000000001e-05
5.5281000000000001e-05
5.5521000000000006e-05
5.5401e-05
5.5052000000000001e-05
5.5331000000000003e-05
5.5501000000000003e-05
5.5501000000000003e-05
5.5382000000000006e-05
5.5411000000000002e-05
5.5461000000000003e-05
5.5421000000000004e-05
5.5272000000000002e-05
9.8592000000000007e-05
5.9601000000000001e-05
5.3641000000000004e-05
5.4282000000000006e-05
5.4111000000000004e-05
5.4061000000000003e-05
5.4621000000000004e-05
7.4532000000000011e-05
5.4651000000000002e-05
5.3452000000000003e-05
5.9471e-05
5.3611000000000006e-05
5.4241000000000005e-05
5.4462000000000001e-05
5.4011000000000002e-05
7.4522000000000002e-05
5.3501000000000002e-05
5.9571000000000003e-05
5.4252000000000002e-05
5.3421000000000002e-05
5.4131000000000001e-05
5.4701000000000004e-05
5.4562000000000004e-05
5.3591000000000002e-05
7.3761000000000001e-05
5.4101000000000003e-05
5.8981000000000003e-05
5.3561000000000004e-05
5.4402000000000005e-05
5.4111000000000004e-05
5.3801000000000002e-05
5.4731000000000002e-05
7.3742e-05
5.4241000000000005e-05
5.3462000000000004e-05
5.4241000000000005e-05
5.4431000000000001e-05
5.4301000000000001e-05
5.3452000000000003e-05
5.5021000000000001e-05
5.3811000000000004e-05
7.9452000000000011e-05
5.3511000000000003e-05
5.4401000000000003e-05
5.4082000000000002e-05
5.3821000000000005e-05
5.4301000000000001e-05
5.9561000000000001e-05
5.4091000000000001e-05
7.3331000000000007e-05
5.4082000000000002e-05
5.4511e-05
5.4441000000000003e-05
5.3471000000000004e-05
5.5022000000000003e-05
5.3611000000000006e-05
5.9061000000000003e-05
5.3642000000000006e-05
7.3621000000000005e-05
5.4052000000000004e-05
5.4041000000000007e-05
5.3831e-05
7.0542000000000003e-05
5.4091000000000001e-05
5.3561000000000004e-05
5.4171e-05
7.5822000000000007e-05
5.4581000000000005e-05
5.3562000000000007e-05
5.4071000000000005e-05
7.963700000000001e-05
6.2011e-05
3.9410000000000004e-05
3.8241000000000002e-05
3.8311e-05
3.8201000000000002e-05
5.2061000000000002e-05
3.8441e-05
3.8291000000000003e-05
3.8141e-05
3.8201000000000002e-05
5.1141000000000004e-05
3.8231e-05
3.8211000000000004e-05
3.8201000000000002e-05
3.8210000000000002e-05
3.9081000000000001e-05
4.7991000000000002e-05
0.00010934300000000001
9.0303000000000006e-05
5.5641000000000005e-05
5.5261000000000005e-05
0.0014660480000000002
0.00032263700000000002
8.4582000000000011e-05
5.5812e-05
5.5131000000000005e-05
5.6191000000000005e-05
9.4622000000000003e-05
9.9156999999999999e-05
5.5212000000000006e-05
9.7084000000000008e-05
0.00027359900000000002
5.5402000000000003e-05
8.0296000000000005e-05
5.3561000000000004e-05
5.3322000000000002e-05
5.3511000000000003e-05
0.00011228800000000001
5.2711000000000004e-05
5.2161000000000004e-05
5.2271000000000001e-05
6.8792000000000001e-05
5.3261000000000004e-05
5.2831000000000003e-05
5.2822000000000003e-05
5.2741000000000002e-05
5.2921000000000004e-05
5.3071000000000001e-05
5.3081000000000002e-05
5.3112000000000002e-05
5.2981000000000007e-05
8.7949000000000008e-05
5.5591000000000004e-05
5.5711000000000002e-05
5.5791000000000002e-05
5.5572000000000003e-05
7.7941000000000005e-05
5.5931000000000004e-05
5.5701000000000001e-05
5.5821000000000006e-05
5.5572000000000003e-05
5.5611000000000007e-05
5.5621000000000002e-05
5.5161000000000003e-05
0.000113213
5.4141000000000002e-05
5.8912000000000001e-05
6.0051000000000005e-05
5.5861000000000006e-05
5.5622000000000004e-05
5.5931000000000004e-05
5.6001000000000001e-05
5.5801000000000003e-05
5.5962000000000004e-05
5.5651000000000006e-05
5.5611000000000007e-05
5.5511000000000004e-05
5.4572000000000005e-05
5.6101000000000004e-05
7.9180000000000011e-05
4.5591000000000004e-05
5.2961000000000003e-05
5.8821000000000005e-05
6.9912000000000004e-05
5.3341000000000003e-05
5.4231000000000003e-05
5.4602000000000003e-05
5.4311000000000002e-05
5.3901000000000005e-05
6.0071000000000001e-05
5.4081000000000006e-05
5.3441000000000006e-05
5.3661e-05
5.3781000000000006e-05
5.3582000000000003e-05
5.4271000000000003e-05
5.3601000000000004e-05
7.1361999999999999e-05
5.4311000000000002e-05
5.3851000000000003e-05
5.4001e-05
5.3991000000000005e-05
5.4021000000000003e-05
5.4111000000000004e-05
5.4311000000000002e-05
5.3872000000000002e-05
5.4531000000000004e-05
5.3071000000000001e-05
5.3911000000000006e-05
5.3762000000000005e-05
5.2931000000000005e-05
7.2900999999999999e-05
3.8291000000000003e-05
3.8271e-05
4.5551000000000005e-05
5.5131000000000005e-05
5.6021000000000005e-05
5.6031000000000006e-05
5.5241000000000002e-05
5.5692000000000001e-05
5.4561000000000002e-05
5.5991000000000007e-05
5.6211000000000001e-05
5.6062000000000006e-05
5.6031000000000006e-05
5.6091000000000002e-05
5.6291e-05
5.6291e-05
5.6191000000000005e-05
5.6011000000000003e-05
5.5972000000000006e-05
5.6181000000000003e-05
5.5901000000000006e-05
5.5541000000000002e-05
5.5292000000000005e-05
5.4601000000000001e-05
5.9071000000000004e-05
6.0242000000000004e-05
5.6091000000000002e-05
5.6081000000000001e-05
5.5852000000000007e-05
5.5831000000000001e-05
5.4601000000000001e-05
5.5011000000000006e-05
5.6062000000000006e-05
5.5561000000000006e-05
5.5941000000000005e-05
9.9925000000000003e-05
5.5791000000000002e-05
5.5901000000000006e-05
5.5971000000000003e-05
5.5932000000000006e-05
7.1001000000000007e-05
5.5952000000000002e-05
5.5981000000000005e-05
5.6081000000000001e-05
5.5821000000000006e-05
5.6012000000000005e-05
5.5721000000000004e-05
5.5411000000000002e-05
5.5971000000000003e-05
5.5931000000000004e-05
5.5761000000000004e-05
5.5911000000000001e-05
5.6032000000000002e-05
5.5821000000000006e-05
5.5051000000000005e-05
5.4961000000000005e-05
5.4432000000000003e-05
5.9301000000000007e-05
5.9981000000000001e-05
5.5782000000000002e-05
5.5921000000000002e-05
5.5891000000000004e-05
5.5771000000000005e-05
5.5732000000000001e-05
5.5891000000000004e-05
5.5371000000000002e-05
5.5952000000000002e-05
9.1119000000000006e-05
5.7331000000000004e-05
5.6601000000000002e-05
5.5451000000000002e-05
5.5562000000000001e-05
5.7551000000000005e-05
5.7601000000000006e-05
5.6652000000000006e-05
5.7591000000000005e-05
5.7231000000000001e-05
5.5651000000000006e-05
5.5311000000000006e-05
5.6981000000000002e-05
8.2532000000000002e-05
5.6691000000000003e-05
5.6452000000000001e-05
5.6671000000000007e-05
5.6321000000000005e-05
5.7541000000000004e-05
5.7672000000000006e-05
5.6601000000000002e-05
5.6971000000000001e-05
5.7092000000000002e-05
9.044700000000001e-05
5.6491000000000005e-05
5.5111000000000001e-05
5.5181000000000006e-05
5.5712000000000005e-05
5.5591000000000004e-05
5.5091000000000005e-05
6.5152000000000002e-05
5.6491000000000005e-05
5.6471000000000002e-05
5.5811000000000005e-05
5.6162000000000002e-05
5.6081000000000001e-05
5.6321000000000005e-05
5.6712000000000002e-05
5.4801000000000006e-05
5.3091000000000004e-05
5.2761000000000005e-05
5.3311000000000005e-05
5.6492000000000001e-05
5.6641000000000002e-05
5.6571000000000004e-05
5.6512000000000004e-05
5.6571000000000004e-05
5.3661e-05
4.0061000000000002e-05
3.8191000000000001e-05
3.8301000000000005e-05
3.8241000000000002e-05
3.8301000000000005e-05
3.8300000000000003e-05
3.8291000000000003e-05
5.7352000000000002e-05
3.8281000000000002e-05
3.8390000000000003e-05
3.8221000000000006e-05
3.8451000000000002e-05
3.8401e-05
3.8291000000000003e-05
3.8251000000000004e-05
3.8261000000000005e-05
3.8301000000000005e-05
3.8300000000000003e-05
3.8341000000000004e-05
3.8221000000000006e-05
3.8101e-05
3.8211000000000004e-05
3.8121000000000003e-05
3.8431000000000005e-05
3.8271e-05
3.8430000000000003e-05
0.000206135
7.7922000000000004e-05
5.4591000000000006e-05
8.131200000000001e-05
5.2811000000000006e-05
7.6021999999999998e-05
5.3951000000000006e-05
5.4321000000000004e-05
5.3511000000000003e-05
5.4981000000000001e-05
5.3791e-05
5.2471000000000006e-05
5.3112000000000002e-05
5.5311000000000006e-05
6.4721000000000006e-05
0.00013805800000000001
8.6462e-05
5.2122e-05
5.2051e-05
5.1751000000000006e-05
5.1881e-05
5.1991000000000004e-05
7.628700000000001e-05
5.4031000000000005e-05
9.8232000000000004e-05
5.3011000000000005e-05
6.8740999999999998e-05
5.8952000000000001e-05
5.3991000000000005e-05
5.4031000000000005e-05
8.2242000000000003e-05
5.3221000000000004e-05
5.4532000000000006e-05
5.5691000000000006e-05
5.3801000000000002e-05
5.3661e-05
9.4882000000000004e-05
5.4302000000000003e-05
6.9861000000000001e-05
5.4122000000000001e-05
5.4261000000000001e-05
5.9531000000000003e-05
5.5241000000000002e-05
5.5112000000000004e-05
5.3541000000000001e-05
5.3991000000000005e-05
5.4371000000000005e-05
5.4892000000000002e-05
5.4701000000000004e-05
6.1001000000000001e-05
5.4882000000000001e-05
5.4481000000000002e-05
5.4431000000000001e-05
5.4651000000000002e-05
5.4432000000000003e-05
5.4581000000000005e-05
5.3801000000000002e-05
5.2931000000000005e-05
7.6922000000000007e-05
5.5231e-05
5.3951000000000006e-05
5.3532000000000002e-05
5.4381000000000007e-05
5.4341e-05
5.5411000000000002e-05
5.5082000000000006e-05
5.4781000000000003e-05
5.4761000000000006e-05
5.4441000000000003e-05
8.8833000000000008e-05
6.6141000000000003e-05
5.5992000000000002e-05
5.5521000000000006e-05
5.7241000000000003e-05
5.8161000000000001e-05
5.7342000000000001e-05
5.7301000000000006e-05
5.7081000000000005e-05
5.7512000000000001e-05
5.7191000000000002e-05
5.7661000000000002e-05
5.7132000000000001e-05
5.7151000000000002e-05
5.6901000000000003e-05
8.1992000000000011e-05
5.7521e-05
5.7712000000000006e-05
5.7691e-05
5.7691e-05
5.9732000000000003e-05
6.0881000000000002e-05
0.00029850699999999999
5.5601000000000005e-05
7.5322000000000008e-05
5.5011000000000006e-05
5.4691000000000002e-05
5.9192000000000005e-05
5.7361000000000002e-05
5.7191000000000002e-05
5.7312000000000003e-05
5.7161000000000004e-05
5.7241000000000003e-05
5.7752000000000005e-05
5.7461000000000004e-05
5.7281000000000003e-05
5.7652000000000003e-05
5.7671000000000004e-05
5.7061000000000001e-05
5.7902000000000002e-05
5.7281000000000003e-05
5.7281000000000003e-05
5.7171000000000005e-05
5.7462000000000007e-05
5.7421000000000005e-05
5.7031000000000003e-05
5.7672000000000006e-05
5.7471000000000006e-05
5.7801000000000004e-05
5.7832000000000005e-05
6.3371e-05
5.8381000000000002e-05
5.7902000000000002e-05
5.7811000000000006e-05
5.7811000000000006e-05
5.8002000000000005e-05
5.7881000000000004e-05
5.7741000000000002e-05
9.3787000000000002e-05
5.5612000000000002e-05
5.5431000000000005e-05
5.5401e-05
5.5431000000000005e-05
5.5462000000000005e-05
5.5251000000000003e-05
5.5261000000000005e-05
5.5181000000000006e-05
5.5232000000000002e-05
7.0191000000000006e-05
5.5382000000000006e-05
5.5251000000000003e-05
5.5321000000000001e-05
9.3392000000000003e-05
5.5122000000000005e-05
5.4821000000000002e-05
5.5121000000000003e-05
5.4831000000000004e-05
5.5042000000000006e-05
5.5261000000000005e-05
5.5201000000000002e-05
5.5041000000000004e-05
5.5122000000000005e-05
7.4331000000000004e-05
6.9512000000000008e-05
5.5341000000000004e-05
5.5081000000000003e-05
5.5092e-05
5.5191000000000001e-05
5.4981000000000001e-05
5.5131000000000005e-05
5.5282000000000004e-05
5.5171000000000004e-05
5.5231e-05
5.5231e-05
5.5202000000000004e-05
5.4961000000000005e-05
5.5371000000000002e-05
5.5291000000000003e-05
5.5451000000000002e-05
5.5421000000000004e-05
5.5291000000000003e-05
5.5172000000000006e-05
5.5391000000000005e-05
5.5381000000000004e-05
5.5241000000000002e-05
5.5062000000000002e-05
5.5041000000000004e-05
5.5061e-05
5.5141000000000006e-05
5.5312000000000002e-05
5.5301000000000005e-05
5.5301000000000005e-05
5.3281e-05
5.3852000000000005e-05
6.0521000000000006e-05
5.4821000000000002e-05
5.4541000000000005e-05
9.5235000000000006e-05
3.8231e-05
3.8201000000000002e-05
3.7980000000000006e-05
3.8180999999999999e-05
5.3421000000000002e-05
3.8180000000000004e-05
4.7161000000000005e-05
3.8221000000000006e-05
3.8361000000000001e-05
3.8010999999999999e-05
3.8151000000000001e-05
3.8331000000000003e-05
3.8161000000000003e-05
3.8071000000000002e-05
3.8040000000000002e-05
3.8221000000000006e-05
4.1071e-05
4.3391000000000005e-05
3.8091000000000005e-05
3.7871000000000004e-05
7.6772000000000003e-05
0.00010136200000000001
6.3400999999999998e-05
5.4731000000000002e-05
5.5171000000000004e-05
5.4471000000000001e-05
5.5212000000000006e-05
8.846900000000001e-05
5.4192000000000006e-05
5.4821000000000002e-05
5.4531000000000004e-05
5.4971000000000006e-05
5.5252000000000006e-05
5.4931000000000007e-05
5.5061e-05
5.5092e-05
5.5001000000000004e-05
5.4801000000000006e-05
5.4921000000000005e-05
5.5142000000000002e-05
5.5091000000000005e-05
4.3841000000000003e-05
3.8161000000000003e-05
3.8151000000000001e-05
3.82e-05
3.8271e-05
3.8321000000000001e-05
3.8241000000000002e-05
3.8301000000000005e-05
3.8361000000000001e-05
3.8421000000000004e-05
3.8341000000000004e-05
5.7231000000000001e-05
3.8251000000000004e-05
3.8221000000000006e-05
3.8279999999999999e-05
3.8051000000000006e-05
3.8151000000000001e-05
3.8141e-05
5.6631e-05
3.8341000000000004e-05
3.8141e-05
3.8191000000000001e-05
3.8161000000000003e-05
3.8341000000000004e-05
3.8311e-05
3.8360000000000005e-05
3.8190000000000005e-05
3.8121000000000003e-05
3.8251000000000004e-05
3.8161000000000003e-05
3.8231e-05
3.8271e-05
3.8131000000000005e-05
3.8380000000000002e-05
3.8241000000000002e-05
3.8311e-05
3.8291000000000003e-05
3.8341000000000004e-05
3.8171000000000004e-05
3.8121000000000003e-05
3.8221000000000006e-05
3.824e-05
3.8350999999999999e-05
4.0231000000000002e-05
0.00065636000000000004
3.8461000000000003e-05
4.0821000000000001e-05
5.8251000000000002e-05
7.0122000000000004e-05
5.3911000000000006e-05
5.2672000000000007e-05
0.00021309900000000001
5.6152e-05
8.0461000000000001e-05
5.6252000000000003e-05
5.6281000000000005e-05
5.6651000000000004e-05
5.6252000000000003e-05
5.5461000000000003e-05
5.6951000000000004e-05
5.2401000000000002e-05
8.3272000000000012e-05
5.6682000000000004e-05
5.6891000000000001e-05
5.6631e-05
5.6581000000000006e-05
5.6462000000000003e-05
5.6891000000000001e-05
5.7141000000000001e-05
5.7162000000000006e-05
5.6071000000000006e-05
5.5471000000000005e-05
5.6081000000000001e-05
5.7002000000000001e-05
5.7351e-05
5.7231000000000001e-05
5.6712000000000002e-05
0.00014353800000000002
5.3111e-05
5.3602000000000006e-05
5.2951000000000002e-05
5.3041000000000003e-05
5.3091000000000004e-05
5.2821000000000001e-05
5.3142e-05
4.9971e-05
4.3891000000000004e-05
4.3261000000000005e-05
3.7991000000000003e-05
3.8020000000000005e-05
3.8191000000000001e-05
3.7991000000000003e-05
4.8161000000000002e-05
4.1911000000000006e-05
4.1301000000000003e-05
3.8251000000000004e-05
5.6861000000000003e-05
5.3332000000000004e-05
5.5761000000000004e-05
5.6391000000000003e-05
5.6261000000000002e-05
5.5642e-05
5.5541000000000002e-05
5.6871000000000005e-05
5.5922000000000004e-05
5.5651000000000006e-05
5.6941000000000003e-05
5.6161000000000007e-05
5.5742000000000003e-05
5.5821000000000006e-05
7.5181999999999999e-05
5.6601000000000002e-05
5.5631000000000003e-05
5.6012000000000005e-05
5.6291e-05
8.466200000000001e-05
5.7401000000000002e-05
5.7331000000000004e-05
5.7082000000000007e-05
5.6711000000000006e-05
5.5471000000000005e-05
5.5722000000000006e-05
5.7031000000000003e-05
5.5921000000000002e-05
5.5631000000000003e-05
5.7502000000000006e-05
7.8132000000000003e-05
5.6031000000000006e-05
5.7511000000000006e-05
7.7372000000000004e-05
5.6561000000000003e-05
5.6402000000000006e-05
5.6821000000000004e-05
5.6981000000000002e-05
5.7321000000000002e-05
5.7572000000000004e-05
5.6341000000000001e-05
5.6221000000000003e-05
5.6282000000000001e-05
5.6821000000000004e-05
5.6761000000000001e-05
5.7442000000000003e-05
5.6911000000000004e-05
5.7141000000000001e-05
5.6381000000000001e-05
5.6442000000000006e-05
5.6631e-05
5.6591000000000001e-05
5.6322e-05
5.6741000000000004e-05
5.7001000000000005e-05
5.7171000000000005e-05
5.6632000000000003e-05
5.6411000000000006e-05
5.6881000000000006e-05
5.6832000000000001e-05
5.6391000000000003e-05
5.7301000000000006e-05
5.6382000000000003e-05
5.6511000000000002e-05
6.2590999999999998e-05
5.6962000000000001e-05
5.7001000000000005e-05
7.7212000000000005e-05
5.7401000000000002e-05
5.7191000000000002e-05
5.6632000000000003e-05
5.6701000000000005e-05
5.6691000000000003e-05
5.6631e-05
5.6682000000000004e-05
5.7271000000000001e-05
6.4372e-05
5.6241000000000006e-05
5.7101000000000001e-05
5.7061000000000001e-05
5.6972000000000003e-05
5.6981000000000002e-05
5.7301000000000006e-05
5.7322000000000004e-05
6.2170999999999998e-05
5.6841000000000007e-05
5.6922000000000002e-05
5.7371000000000003e-05
5.6661000000000005e-05
5.6782000000000006e-05
5.6701000000000005e-05
5.6811000000000002e-05
5.6821000000000004e-05
5.6662000000000001e-05
5.7131000000000006e-05
5.6381000000000001e-05
5.7082000000000007e-05
5.6931000000000001e-05
6.2430999999999999e-05
5.6532e-05
5.6811000000000002e-05
9.3809000000000009e-05
5.5641000000000005e-05
5.4441000000000003e-05
4.6002000000000004e-05
3.8140000000000004e-05
3.8271e-05
3.8180999999999999e-05
3.8141e-05
3.8151000000000001e-05
3.8221000000000006e-05
3.8161000000000003e-05
3.8120000000000001e-05
5.5402000000000003e-05
3.8511000000000004e-05
3.8279999999999999e-05
3.841e-05
3.8141e-05
3.8301000000000005e-05
3.8331000000000003e-05
3.8171000000000004e-05
3.8291000000000003e-05
3.8201000000000002e-05
3.8140000000000004e-05
3.8101e-05
3.8261000000000005e-05
3.8281000000000002e-05
3.8331000000000003e-05
3.8171000000000004e-05
3.8231e-05
3.8291000000000003e-05
0.00010642200000000001
5.3671000000000002e-05
0.00023359500000000002
5.6521000000000003e-05
3.8291000000000003e-05
3.8021000000000001e-05
3.8090000000000003e-05
3.8251000000000004e-05
3.8241000000000002e-05
3.8291000000000003e-05
3.8121000000000003e-05
3.8141e-05
3.8141e-05
3.8231e-05
3.8319999999999999e-05
3.8361000000000001e-05
8.5672000000000002e-05
3.8331000000000003e-05
7.9102000000000003e-05
3.8331000000000003e-05
5.0401000000000001e-05
3.8321000000000001e-05
5.4691000000000002e-05
3.8281000000000002e-05
3.8341000000000004e-05
3.8151000000000001e-05
3.8131000000000005e-05
3.8310000000000004e-05
3.8191000000000001e-05
4.4351000000000003e-05
4.8891000000000003e-05
5.2841000000000005e-05
5.3491e-05
5.3271000000000005e-05
5.4051000000000001e-05
5.4832000000000006e-05
5.8571000000000006e-05
5.7551000000000005e-05
5.4001e-05
5.7251000000000005e-05
5.8051000000000004e-05
5.8251000000000002e-05
5.8502000000000003e-05
5.8481000000000005e-05
5.8151000000000006e-05
5.8242000000000002e-05
5.6891000000000001e-05
5.7921000000000003e-05
5.8492000000000002e-05
5.8681000000000003e-05
5.8561000000000004e-05
5.8582000000000003e-05
5.8401000000000005e-05
5.8711000000000001e-05
5.8542000000000003e-05
5.8491000000000006e-05
5.8581e-05
5.8722000000000005e-05
5.8571000000000006e-05
9.2650000000000002e-05
5.2231000000000002e-05
3.9941000000000003e-05
4.4061000000000004e-05
4.8661e-05
5.3722000000000005e-05
5.3831e-05
4.6211000000000002e-05
5.3371000000000001e-05
5.3821000000000005e-05
5.4362000000000006e-05
5.3731000000000004e-05
6.0891000000000004e-05
5.7112000000000005e-05
8.4101e-05
6.131100000000001e-05
5.5551000000000004e-05
5.6022000000000007e-05
5.6211000000000001e-05
5.6621000000000006e-05
5.6251000000000001e-05
5.6192000000000007e-05
6.6851000000000001e-05
6.0651000000000006e-05
5.2471000000000006e-05
0.000101613
5.6531000000000005e-05
5.5951e-05
5.5592000000000006e-05
5.6261000000000002e-05
5.5211000000000004e-05
0.000100938
0.00022624500000000003
8.1932000000000001e-05
5.1871000000000005e-05
5.2061000000000002e-05
5.2251000000000005e-05
5.2251000000000005e-05
5.2192000000000004e-05
5.1911000000000005e-05
5.2201000000000004e-05
5.2271000000000001e-05
5.2281000000000003e-05
5.2552000000000001e-05
7.683100000000001e-05
5.3032000000000003e-05
5.2521000000000001e-05
5.2571000000000002e-05
5.2271000000000001e-05
5.9011000000000001e-05
5.2532000000000005e-05
5.2391e-05
0.000115982
5.6062000000000006e-05
5.6061000000000004e-05
5.6071000000000006e-05
5.5691000000000006e-05
5.5992000000000002e-05
5.5971000000000003e-05
5.3301000000000003e-05
5.2261e-05
5.1992000000000006e-05
5.2101000000000001e-05
5.1811000000000003e-05
5.1931000000000001e-05
5.1971000000000001e-05
5.1951000000000005e-05
5.2162000000000006e-05
5.1831000000000006e-05
5.1991000000000004e-05
5.2191000000000002e-05
5.2041000000000005e-05
5.1932000000000004e-05
5.2051e-05
5.2021000000000002e-05
5.2131000000000006e-05
5.1901000000000003e-05
5.2041000000000005e-05
5.2131000000000006e-05
5.2261e-05
5.2041000000000005e-05
5.1941000000000003e-05
8.0482000000000006e-05
5.2061000000000002e-05
5.2021000000000002e-05
5.1982000000000005e-05
5.1931000000000001e-05
5.2041000000000005e-05
5.1951000000000005e-05
5.1761000000000001e-05
5.2232000000000004e-05
5.1881e-05
5.2191000000000002e-05
5.2291000000000005e-05
5.2131000000000006e-05
5.2161000000000004e-05
5.2582000000000006e-05
5.1941000000000003e-05
5.2131000000000006e-05
5.2111000000000003e-05
5.2001000000000006e-05
5.2212000000000001e-05
5.2271000000000001e-05
5.2011000000000001e-05
5.2011000000000001e-05
5.1991000000000004e-05
5.2102000000000004e-05
5.2221e-05
5.2041000000000005e-05
5.2121000000000005e-05
5.2101000000000001e-05
5.2221e-05
5.2172000000000001e-05
5.2331000000000004e-05
5.1961000000000006e-05
5.2531000000000002e-05
5.1981000000000003e-05
5.2222000000000002e-05
4.5211000000000005e-05
3.8000000000000002e-05
5.4172000000000002e-05
5.2061000000000002e-05
3.8361000000000001e-05
3.8180999999999999e-05
3.8341000000000004e-05
3.8290000000000001e-05
3.8301000000000005e-05
3.8180999999999999e-05
3.8341000000000004e-05
3.8191000000000001e-05
3.8331000000000003e-05
3.8241000000000002e-05
3.8221000000000006e-05
3.8180000000000004e-05
3.8241000000000002e-05
3.8180999999999999e-05
3.8221000000000006e-05
3.8271e-05
3.8291000000000003e-05
3.8251000000000004e-05
3.8150000000000006e-05
3.8260000000000003e-05
3.8221000000000006e-05
3.8231e-05
3.8261000000000005e-05
3.8121000000000003e-05
3.8171000000000004e-05
3.8261000000000005e-05
3.8190000000000005e-05
3.8241000000000002e-05
3.8141e-05
3.8311e-05
3.8231e-05
3.8101e-05
3.8231e-05
3.8361000000000001e-05
3.8130000000000003e-05
3.8311e-05
4.2930999999999999e-05
3.8301000000000005e-05
3.8201000000000002e-05
3.8241000000000002e-05
4.4781000000000004e-05
3.8391000000000006e-05
3.8371000000000002e-05
3.8301000000000005e-05
3.8260000000000003e-05
3.8381000000000004e-05
3.8321000000000001e-05
3.8180999999999999e-05
3.8401e-05
5.7431000000000006e-05
3.8350999999999999e-05
3.8281000000000002e-05
3.8101e-05
3.8341000000000004e-05
3.8271e-05
5.0951000000000001e-05
5.7911000000000002e-05
5.7971000000000005e-05
5.7842000000000006e-05
5.8101000000000005e-05
5.8011000000000004e-05
5.8112000000000002e-05
5.7881000000000004e-05
5.8061000000000005e-05
7.4292e-05
5.8311000000000005e-05
5.8172000000000005e-05
5.8421000000000002e-05
5.8231000000000005e-05
5.8142000000000007e-05
5.8181000000000004e-05
5.8021000000000006e-05
5.7842000000000006e-05
5.7831000000000002e-05
5.8461000000000002e-05
5.8252000000000004e-05
5.8211000000000002e-05
5.8101000000000005e-05
5.8302000000000005e-05
5.8291000000000001e-05
5.7931000000000005e-05
5.8142000000000007e-05
5.8291000000000001e-05
5.8111000000000007e-05
9.5443000000000001e-05
5.6961000000000006e-05
5.7322000000000004e-05
5.6721000000000001e-05
5.6651000000000004e-05
5.6691000000000003e-05
5.9791000000000004e-05
5.5441000000000007e-05
5.6111000000000005e-05
5.5862000000000001e-05
5.5911000000000001e-05
5.5851000000000004e-05
5.5991000000000007e-05
5.5361000000000001e-05
5.5581000000000002e-05
5.6221000000000003e-05
5.6322e-05
5.6201000000000006e-05
5.4821000000000002e-05
5.5301000000000005e-05
5.5872000000000003e-05
5.5911000000000001e-05
5.5991000000000007e-05
9.2182000000000006e-05
5.5352000000000001e-05
5.3481000000000005e-05
5.5001000000000004e-05
5.5521000000000006e-05
5.5712000000000005e-05
7.7311000000000006e-05
4.3271e-05
3.8151000000000001e-05
3.8141e-05
3.7931e-05
3.8151000000000001e-05
3.8221000000000006e-05
3.8061e-05
3.8111000000000002e-05
3.8090000000000003e-05
3.8291000000000003e-05
3.8001000000000004e-05
3.7961000000000005e-05
3.8171000000000004e-05
3.8211000000000004e-05
3.8121000000000003e-05
3.8190000000000005e-05
3.8091000000000005e-05
3.8231e-05
3.8201000000000002e-05
3.8241000000000002e-05
3.8171000000000004e-05
3.8180999999999999e-05
3.8231e-05
3.8190000000000005e-05
3.8180999999999999e-05
3.8010999999999999e-05
3.8091000000000005e-05
3.8241000000000002e-05
3.8151000000000001e-05
3.8141e-05
3.8271e-05
3.8130000000000003e-05
3.8091000000000005e-05
3.8251000000000004e-05
3.8271e-05
3.8081000000000004e-05
3.8061e-05
3.8061e-05
3.8151000000000001e-05
3.8060000000000005e-05
3.8191000000000001e-05
3.7991000000000003e-05
3.8161000000000003e-05
3.8161000000000003e-05
3.8291000000000003e-05
3.8091000000000005e-05
3.7991000000000003e-05
3.8120000000000001e-05
3.8251000000000004e-05
3.8061e-05
5.5651000000000006e-05
3.8261000000000005e-05
3.8111000000000002e-05
3.8191000000000001e-05
3.8251000000000004e-05
3.8031000000000002e-05
3.8191000000000001e-05
3.8061e-05
3.8270000000000005e-05
3.8180999999999999e-05
3.8141e-05
3.8141e-05
3.8131000000000005e-05
3.8041000000000004e-05
3.8151000000000001e-05
3.8109999999999999e-05
3.8150000000000006e-05
3.8241000000000002e-05
3.8141e-05
3.8131000000000005e-05
3.8301000000000005e-05
3.8191000000000001e-05
3.8061e-05
3.8180000000000004e-05
3.8141e-05
3.8281000000000002e-05
5.5691000000000006e-05
3.8420000000000001e-05
3.8261000000000005e-05
3.8221000000000006e-05
3.8051000000000006e-05
3.8261000000000005e-05
5.8831000000000006e-05
4.5271000000000001e-05
3.8031000000000002e-05
5.1991000000000004e-05
6.0232000000000002e-05
5.7341000000000005e-05
5.6611000000000004e-05
5.7152000000000004e-05
5.6731000000000003e-05
5.7321000000000002e-05
5.7622000000000005e-05
5.6811000000000002e-05
9.5847000000000006e-05
6.788100000000001e-05
5.2952000000000004e-05
5.2481000000000001e-05
5.3171000000000003e-05
5.2991000000000001e-05
7.5181999999999999e-05
5.2281000000000003e-05
5.3891000000000003e-05
5.2422000000000001e-05
5.3431000000000004e-05
5.3741000000000006e-05
5.2661000000000003e-05
5.2971000000000005e-05
5.3262000000000006e-05
5.3451e-05
5.3971000000000002e-05
5.4701000000000004e-05
5.5432000000000001e-05
5.5911000000000001e-05
5.5571e-05
5.6122000000000002e-05
5.5691000000000006e-05
5.5191000000000001e-05
5.5431000000000005e-05
5.5412000000000004e-05
5.5551000000000004e-05
5.4781000000000003e-05
4.2871000000000003e-05
3.8071000000000002e-05
3.8211000000000004e-05
3.8171000000000004e-05
5.7021000000000002e-05
5.5931000000000004e-05
5.6022000000000007e-05
5.5771000000000005e-05
5.6411000000000006e-05
5.6051000000000003e-05
5.5692000000000001e-05
5.6181000000000003e-05
5.5961000000000002e-05
5.6042000000000003e-05
5.6141000000000003e-05
5.5551000000000004e-05
5.5731000000000006e-05
5.5962000000000004e-05
5.5901000000000006e-05
5.5501000000000003e-05
5.5731000000000006e-05
5.5842000000000005e-05
5.5701000000000001e-05
5.5761000000000004e-05
5.5722000000000006e-05
6.7770999999999999e-05
5.5791000000000002e-05
5.5882000000000005e-05
5.5881000000000003e-05
5.5771000000000005e-05
5.6061000000000004e-05
5.5841000000000003e-05
5.5831000000000001e-05
5.6071000000000006e-05
5.6062000000000006e-05
5.5651000000000006e-05
5.6241000000000006e-05
5.5941000000000005e-05
5.6252000000000003e-05
7.5451000000000007e-05
5.6192000000000007e-05
5.6041000000000001e-05
5.6131000000000002e-05
5.6402000000000006e-05
5.6301000000000002e-05
5.6021000000000005e-05
5.5881000000000003e-05
5.6302000000000004e-05
5.6201000000000006e-05
5.6321000000000005e-05
5.5971000000000003e-05
5.6071000000000006e-05
5.6191000000000005e-05
5.6051000000000003e-05
5.6002000000000004e-05
5.5941000000000005e-05
5.6181000000000003e-05
5.6241000000000006e-05
5.6252000000000003e-05
5.6131000000000002e-05
5.6251000000000001e-05
5.6062000000000006e-05
5.6021000000000005e-05
5.6161000000000007e-05
5.6211000000000001e-05
5.6032000000000002e-05
5.5901000000000006e-05
5.5711000000000002e-05
5.5851000000000004e-05
5.5911000000000001e-05
4.6781000000000005e-05
3.8161000000000003e-05
3.8421000000000004e-05
3.8130000000000003e-05
3.8001000000000004e-05
5.4762000000000002e-05
3.8090000000000003e-05
4.5491000000000002e-05
3.8131000000000005e-05
3.8121000000000003e-05
4.7571000000000002e-05
4.9181000000000002e-05
4.6441000000000005e-05
5.1002000000000004e-05
7.0860999999999998e-05
5.3922000000000003e-05
5.3301000000000003e-05
0.000143988
5.5342000000000006e-05
5.5421000000000004e-05
6.487100000000001e-05
9.1682000000000008e-05
5.6662000000000001e-05
5.6431000000000002e-05
5.6671000000000007e-05
5.6791000000000006e-05
5.4432000000000003e-05
5.5201000000000002e-05
5.5561000000000006e-05
5.6182000000000005e-05
5.6281000000000005e-05
5.5111000000000001e-05
5.5471000000000005e-05
5.5892000000000006e-05
5.5941000000000005e-05
5.4951000000000003e-05
5.6491000000000005e-05
5.4192000000000006e-05
3.8201000000000002e-05
3.8010000000000004e-05
3.8061e-05
3.7970999999999999e-05
3.8191000000000001e-05
3.8071000000000002e-05
3.8051000000000006e-05
3.8081000000000004e-05
3.8109999999999999e-05
3.8081000000000004e-05
4.2511e-05
4.0241000000000003e-05
3.8101e-05
3.8141e-05
3.8081000000000004e-05
4.2961000000000004e-05
3.8010999999999999e-05
4.1721000000000003e-05
5.5771000000000005e-05
3.8251000000000004e-05
4.5491000000000002e-05
5.3131000000000003e-05
5.3251000000000002e-05
5.3191000000000006e-05
5.2452000000000005e-05
4.1721000000000003e-05
4.2721e-05
4.2551e-05
3.8180000000000004e-05
3.8201000000000002e-05
4.0371000000000004e-05
3.8151000000000001e-05
3.8121000000000003e-05
3.8111000000000002e-05
3.8131000000000005e-05
3.8131000000000005e-05
3.8140000000000004e-05
3.8221000000000006e-05
3.7951000000000003e-05
3.8281000000000002e-05
3.8010999999999999e-05
3.8231e-05
3.8010999999999999e-05
3.8140000000000004e-05
3.8241000000000002e-05
3.8191000000000001e-05
3.8111000000000002e-05
3.8111000000000002e-05
3.8201000000000002e-05
3.8101e-05
3.8221000000000006e-05
3.7970000000000004e-05
3.8041000000000004e-05
3.8161000000000003e-05
3.8180999999999999e-05
3.8051000000000006e-05
3.8241000000000002e-05
3.8091000000000005e-05
3.8241000000000002e-05
3.8279999999999999e-05
3.8111000000000002e-05
3.8191000000000001e-05
3.8191000000000001e-05
3.8180999999999999e-05
3.8191000000000001e-05
6.6141000000000003e-05
5.4541000000000005e-05
3.8340000000000002e-05
3.8091000000000005e-05
3.8241000000000002e-05
3.8061e-05
3.8180999999999999e-05
3.8081000000000004e-05
3.7961000000000005e-05
3.8180000000000004e-05
3.8021000000000001e-05
3.8171000000000004e-05
3.8041000000000004e-05
3.8010999999999999e-05
3.7941000000000001e-05
3.8081000000000004e-05
3.8101e-05
3.8100000000000005e-05
3.8010999999999999e-05
3.8031000000000002e-05
3.8041000000000004e-05
3.8121000000000003e-05
3.8121000000000003e-05
3.8031000000000002e-05
3.8150000000000006e-05
3.7931e-05
3.7970999999999999e-05
3.8061e-05
3.8021000000000001e-05
3.7921000000000005e-05
3.8271e-05
3.8031000000000002e-05
3.8210000000000002e-05
3.8071000000000002e-05
3.8071000000000002e-05
3.8091000000000005e-05
3.8111000000000002e-05
3.8111000000000002e-05
3.8031000000000002e-05
3.799e-05
3.7970000000000004e-05
3.8001000000000004e-05
3.8071000000000002e-05
3.8041000000000004e-05
3.8071000000000002e-05
5.0451000000000002e-05
3.8411000000000002e-05
3.8311e-05
3.8251000000000004e-05
3.8319999999999999e-05
3.8220000000000003e-05
3.8191000000000001e-05
5.4391000000000002e-05
3.8241000000000002e-05
3.8381000000000004e-05
3.8161000000000003e-05
3.8180999999999999e-05
3.8121000000000003e-05
3.8241000000000002e-05
3.8241000000000002e-05
3.8109999999999999e-05
3.8231e-05
3.8301000000000005e-05
3.8101e-05
3.8221000000000006e-05
3.8191000000000001e-05
3.8211000000000004e-05
3.8031000000000002e-05
3.8279999999999999e-05
3.8371000000000002e-05
3.8151000000000001e-05
3.8161000000000003e-05
3.8261000000000005e-05
3.8041000000000004e-05
3.9941000000000003e-05
5.3621e-05
5.9751000000000004e-05
5.4012000000000004e-05
5.8471000000000003e-05
5.2941e-05
5.3021000000000006e-05
5.3222000000000006e-05
5.3181000000000005e-05
5.3321000000000007e-05
5.3331000000000002e-05
5.3091000000000004e-05
5.3352e-05
6.4091000000000007e-05
7.4622000000000005e-05
5.3031000000000001e-05
5.2871000000000003e-05
5.2991000000000001e-05
5.3022000000000002e-05
5.2941e-05
8.9612000000000009e-05
6.0491000000000001e-05
5.6142000000000006e-05
5.6021000000000005e-05
5.5931000000000004e-05
5.5861000000000006e-05
6.202200000000001e-05
5.6081000000000001e-05
5.6131000000000002e-05
5.6202000000000002e-05
6.1241000000000005e-05
5.4311000000000002e-05
5.4822000000000005e-05
5.5401e-05
5.5571e-05
5.5851000000000004e-05
5.6302000000000004e-05
5.6491000000000005e-05
5.5971000000000003e-05
5.6902000000000005e-05
5.5431000000000005e-05
5.5811000000000005e-05
5.4271000000000003e-05
5.3022000000000002e-05
5.3551000000000003e-05
5.3171000000000003e-05
5.4291000000000006e-05
6.1632000000000009e-05
9.9887000000000001e-05
5.9891000000000006e-05
5.9562000000000003e-05
5.8791000000000007e-05
6.3581e-05
5.9921000000000004e-05
5.3061000000000006e-05
5.2561e-05
5.2902000000000003e-05
5.3381000000000003e-05
5.3651000000000005e-05
5.2711000000000004e-05
5.3021000000000006e-05
5.2432000000000002e-05
6.4840999999999998e-05
5.2751000000000004e-05
5.7982000000000002e-05
5.2411000000000004e-05
6.9881000000000004e-05
6.5492000000000002e-05
8.9234000000000007e-05
5.7001000000000005e-05
0.00012043000000000001
5.4831000000000004e-05
5.3472000000000006e-05
6.2001000000000005e-05
6.4401999999999998e-05
5.3901000000000005e-05
5.1371e-05
5.5091000000000005e-05
5.4131000000000001e-05
5.2162000000000006e-05
4.9181000000000002e-05
5.1891000000000002e-05
4.8901000000000005e-05
5.3591000000000002e-05
5.4592000000000002e-05
5.4111000000000004e-05
5.0901000000000006e-05
5.2161000000000004e-05
4.4381000000000001e-05
3.8171000000000004e-05
3.8371000000000002e-05
4.8201000000000001e-05
5.3611000000000006e-05
3.9861000000000003e-05
4.7991000000000002e-05
5.3872000000000002e-05
3.8109999999999999e-05
4.7031000000000004e-05
5.2342000000000001e-05
4.2991000000000002e-05
3.8100000000000005e-05
5.1182000000000006e-05
4.9991000000000003e-05
7.4751000000000003e-05
5.5421000000000004e-05
9.0262000000000011e-05
5.4661000000000004e-05
5.4421000000000006e-05
5.4622000000000007e-05
5.4541000000000005e-05
5.4581000000000005e-05
5.4491000000000004e-05
5.4662000000000006e-05
5.4601000000000001e-05
5.4471000000000001e-05
5.4311000000000002e-05
5.4542000000000001e-05
5.3921000000000001e-05
5.1991000000000004e-05
5.1861000000000004e-05
5.2591000000000005e-05
5.3022000000000002e-05
5.1941000000000003e-05
5.1381000000000002e-05
5.1441000000000004e-05
5.7711000000000004e-05
4.7381000000000006e-05
3.8151000000000001e-05
3.8001000000000004e-05
3.8141e-05
3.8101e-05
3.8261000000000005e-05
3.8180999999999999e-05
3.8121000000000003e-05
4.4431000000000002e-05
3.807e-05
3.8081000000000004e-05
4.8021e-05
3.8161000000000003e-05
5.6892000000000003e-05
3.841e-05
3.8081000000000004e-05
3.8101e-05
3.8141e-05
3.8111000000000002e-05
3.8091000000000005e-05
3.8091000000000005e-05
3.8091000000000005e-05
6.6960999999999998e-05
4.0441000000000001e-05
3.8031000000000002e-05
3.8051000000000006e-05
3.8051000000000006e-05
3.8120000000000001e-05
3.8191000000000001e-05
3.8221000000000006e-05
3.8071000000000002e-05
3.8101e-05
3.8111000000000002e-05
3.8071000000000002e-05
3.8121000000000003e-05
3.8010000000000004e-05
3.7991000000000003e-05
3.8061e-05
5.0191000000000001e-05
5.5242000000000004e-05
5.5731000000000006e-05
5.6061000000000004e-05
5.5851000000000004e-05
5.5152000000000003e-05
5.4001e-05
5.5211000000000004e-05
5.5501000000000003e-05
5.5292000000000005e-05
5.5341000000000004e-05
5.4631000000000006e-05
5.2571000000000002e-05
5.5972000000000006e-05
5.6161000000000007e-05
5.5331000000000003e-05
5.4801000000000006e-05
9.6802000000000013e-05
5.5621000000000002e-05
5.6281000000000005e-05
5.6282000000000001e-05
5.6821000000000004e-05
5.5851000000000004e-05
5.5861000000000006e-05
5.6372000000000002e-05
5.6461e-05
5.6011000000000003e-05
5.5902000000000001e-05
5.5951e-05
5.5831000000000001e-05
5.5251000000000003e-05
5.5882000000000005e-05
5.6041000000000001e-05
0.00011277700000000001
5.7042e-05
5.7041000000000005e-05
5.6931000000000001e-05
5.6362000000000007e-05
5.3201000000000001e-05
3.8201000000000002e-05
3.8211000000000004e-05
3.8301000000000005e-05
3.8160000000000001e-05
3.8361000000000001e-05
3.8180999999999999e-05
3.8111000000000002e-05
3.8241000000000002e-05
3.8201000000000002e-05
3.8141e-05
3.8270000000000005e-05
3.8331000000000003e-05
3.8341000000000004e-05
3.8151000000000001e-05
3.8121000000000003e-05
3.8261000000000005e-05
3.8111000000000002e-05
3.8231e-05
4.7391000000000001e-05
3.8301000000000005e-05
3.8160000000000001e-05
3.8101e-05
3.8121000000000003e-05
3.8141e-05
3.8311e-05
3.8101e-05
3.8041000000000004e-05
3.7970000000000004e-05
3.8180999999999999e-05
3.8161000000000003e-05
3.8131000000000005e-05
3.8171000000000004e-05
3.8121000000000003e-05
3.8121000000000003e-05
3.8180999999999999e-05
6.8781000000000004e-05
3.8381000000000004e-05
3.8191000000000001e-05
3.8251000000000004e-05
3.8161000000000003e-05
3.8381000000000004e-05
3.8201000000000002e-05
3.841e-05
4.0831000000000003e-05
3.8261000000000005e-05
3.8180999999999999e-05
3.8031000000000002e-05
3.8180999999999999e-05
3.8180999999999999e-05
3.8091000000000005e-05
3.8109999999999999e-05
3.8231e-05
3.8061e-05
3.8261000000000005e-05
3.8161000000000003e-05
3.8171000000000004e-05
3.8331000000000003e-05
3.8241000000000002e-05
3.8040000000000002e-05
3.8221000000000006e-05
3.8171000000000004e-05
3.8141e-05
3.8131000000000005e-05
3.8141e-05
3.8121000000000003e-05
3.8171000000000004e-05
3.8100000000000005e-05
3.8061e-05
3.8171000000000004e-05
3.8221000000000006e-05
3.8121000000000003e-05
4.0331000000000004e-05
3.8151000000000001e-05
3.8171000000000004e-05
3.8160000000000001e-05
3.8151000000000001e-05
3.8091000000000005e-05
3.8161000000000003e-05
3.8141e-05
6.7142000000000002e-05
3.8401e-05
3.8120000000000001e-05
3.8211000000000004e-05
3.8271e-05
3.8281000000000002e-05
3.8211000000000004e-05
3.8291000000000003e-05
3.8211000000000004e-05
3.8281000000000002e-05
3.82e-05
5.1212000000000004e-05
3.8010000000000004e-05
3.8091000000000005e-05
3.8021000000000001e-05
3.8161000000000003e-05
3.8321000000000001e-05
3.8281000000000002e-05
3.8091000000000005e-05
3.8101e-05
3.807e-05
3.8021000000000001e-05
3.8101e-05
3.8141e-05
3.7901000000000002e-05
3.8141e-05
3.8001000000000004e-05
3.8140000000000004e-05
3.8180999999999999e-05
3.7881000000000005e-05
3.8111000000000002e-05
7.2402000000000002e-05
3.8391000000000006e-05
3.8430000000000003e-05
3.8391000000000006e-05
3.8311e-05
3.8431000000000005e-05
3.8381000000000004e-05
3.8341000000000004e-05
8.2462000000000011e-05
3.8391000000000006e-05
5.5391000000000005e-05
3.8481e-05
3.8271e-05
3.8111000000000002e-05
3.8150000000000006e-05
3.8001000000000004e-05
3.8031000000000002e-05
3.8141e-05
3.8201000000000002e-05
3.8171000000000004e-05
3.8231e-05
4.4451000000000005e-05
5.3961000000000001e-05
5.4791000000000004e-05
5.4121000000000006e-05
5.4782000000000005e-05
5.4361000000000004e-05
5.5051000000000005e-05
5.4981000000000001e-05
4.4641000000000002e-05
3.8411000000000002e-05
3.8091000000000005e-05
3.8341000000000004e-05
3.8161000000000003e-05
3.8151000000000001e-05
3.8121000000000003e-05
3.8441e-05
3.8230000000000005e-05
3.8161000000000003e-05
3.8381000000000004e-05
3.8311e-05
3.8251000000000004e-05
3.8311e-05
3.8161000000000003e-05
3.8401e-05
3.8330000000000001e-05
3.8341000000000004e-05
3.8161000000000003e-05
3.8121000000000003e-05
3.8321000000000001e-05
3.8251000000000004e-05
3.8350999999999999e-05
3.8290000000000001e-05
3.8211000000000004e-05
3.8321000000000001e-05
3.8171000000000004e-05
3.8281000000000002e-05
3.8161000000000003e-05
5.6011000000000003e-05
3.8211000000000004e-05
3.8361000000000001e-05
3.8111000000000002e-05
3.8271e-05
3.8090000000000003e-05
3.8160000000000001e-05
3.8180999999999999e-05
3.8301000000000005e-05
9.6002000000000007e-05
0.00010756800000000001
8.5311999999999999e-05
5.4461000000000006e-05
5.5461000000000003e-05
5.5251000000000003e-05
5.5272000000000002e-05
5.4581000000000005e-05
5.5531000000000001e-05
5.5541000000000002e-05
5.5332000000000005e-05
5.5381000000000004e-05
5.5331000000000003e-05
8.9912000000000002e-05
0.00010857300000000001
5.5141000000000006e-05
5.5131000000000005e-05
5.5522000000000001e-05
5.5281000000000001e-05
5.5391000000000005e-05
5.5531000000000001e-05
5.4632000000000001e-05
5.5151000000000001e-05
5.5251000000000003e-05
5.4861000000000002e-05
3.9171000000000002e-05
5.1171000000000002e-05
3.8180999999999999e-05
5.5712000000000005e-05
4.1911000000000006e-05
5.2031000000000004e-05
3.8010999999999999e-05
3.8160000000000001e-05
3.8279999999999999e-05
3.8201000000000002e-05
5.3841000000000002e-05
5.5861000000000006e-05
5.5611000000000007e-05
5.5371000000000002e-05
5.5872000000000003e-05
5.5391000000000005e-05
5.5561000000000006e-05
5.5651000000000006e-05
6.1122000000000002e-05
4.4211000000000001e-05
3.8071000000000002e-05
3.9401000000000004e-05
5.0961000000000002e-05
3.8271e-05
3.8330000000000001e-05
3.8241000000000002e-05
3.8091000000000005e-05
3.8350999999999999e-05
3.8231e-05
4.1201000000000001e-05
3.8361000000000001e-05
3.8281000000000002e-05
3.8180999999999999e-05
3.8360000000000005e-05
3.8191000000000001e-05
4.2291000000000006e-05
5.9242000000000006e-05
5.4471000000000001e-05
5.4111000000000004e-05
5.3391000000000004e-05
5.9282000000000006e-05
5.3701000000000006e-05
5.4641000000000001e-05
5.4011000000000002e-05
9.2127000000000007e-05
5.3861000000000005e-05
5.4801000000000006e-05
5.4391000000000002e-05
5.5141000000000006e-05
5.4611000000000003e-05
5.3841000000000002e-05
5.4932000000000002e-05
5.4821000000000002e-05
5.4411000000000005e-05
5.5491000000000001e-05
5.5492000000000003e-05
5.5371000000000002e-05
9.5532000000000006e-05
5.3991000000000005e-05
5.4652000000000005e-05
5.5081000000000003e-05
5.4511e-05
5.3031000000000001e-05
5.4782000000000005e-05
5.5171000000000004e-05
5.3831e-05
5.3741000000000006e-05
4.8081000000000003e-05
4.9481000000000003e-05
4.261e-05
3.8190000000000005e-05
3.8081000000000004e-05
3.8211000000000004e-05
3.8171000000000004e-05
3.8081000000000004e-05
3.8261000000000005e-05
8.3836000000000002e-05
5.5002000000000006e-05
5.4261000000000001e-05
5.4771000000000001e-05
5.4631000000000006e-05
5.5102000000000002e-05
5.5751000000000002e-05
5.4951000000000003e-05
5.4381000000000007e-05
4.7302000000000002e-05
3.8210000000000002e-05
3.8291000000000003e-05
3.8241000000000002e-05
3.8281000000000002e-05
5.3001000000000003e-05
5.4481000000000002e-05
5.4622000000000007e-05
5.5341000000000004e-05
5.4861000000000002e-05
5.3951000000000006e-05
5.3791e-05
5.3731000000000004e-05
5.4421000000000006e-05
5.5161000000000003e-05
5.4831000000000004e-05
5.3631000000000002e-05
5.3881000000000001e-05
5.2291000000000005e-05
5.4842000000000001e-05
5.5141000000000006e-05
5.4921000000000005e-05
5.3761000000000002e-05
8.9958000000000008e-05
5.4221000000000001e-05
5.4301000000000001e-05
5.4752e-05
5.4611000000000003e-05
5.4671000000000006e-05
5.4711000000000005e-05
5.2992000000000004e-05
5.4901000000000002e-05
5.4311000000000002e-05
5.3731000000000004e-05
7.1142000000000004e-05
5.4391000000000002e-05
5.4262000000000003e-05
5.3561000000000004e-05
5.8591000000000002e-05
9.1662000000000004e-05
5.3591000000000002e-05
5.5181000000000006e-05
5.4421000000000006e-05
5.9611000000000002e-05
5.1332000000000003e-05
5.9721000000000006e-05
4.1281e-05
9.6927000000000002e-05
5.4731000000000002e-05
5.5561000000000006e-05
5.5592000000000006e-05
5.5641000000000005e-05
5.5231e-05
9.4918000000000002e-05
5.6191000000000005e-05
5.7391000000000007e-05
5.6782000000000006e-05
5.7211000000000005e-05
5.6271000000000004e-05
5.7401000000000002e-05
5.6322e-05
5.6921000000000006e-05
5.6511000000000002e-05
5.6852000000000004e-05
5.6781000000000004e-05
5.7331000000000004e-05
6.2801999999999999e-05
5.6911000000000004e-05
5.6191000000000005e-05
5.6872e-05
5.6181000000000003e-05
5.6791000000000006e-05
5.6581000000000006e-05
5.7012000000000002e-05
5.7091000000000006e-05
6.2161000000000003e-05
7.8096000000000006e-05
5.3921000000000001e-05
5.4521000000000002e-05
5.3691000000000005e-05
3.8621000000000002e-05
3.8230000000000005e-05
5.7912000000000004e-05
5.9431000000000001e-05
5.4151000000000004e-05
5.4451000000000004e-05
5.3981000000000004e-05
5.4471000000000001e-05
5.3631000000000002e-05
5.4672000000000001e-05
5.6461e-05
5.8201000000000001e-05
5.7882000000000006e-05
5.7701000000000002e-05
5.7841000000000004e-05
5.8052000000000006e-05
5.8291000000000001e-05
5.1781000000000004e-05
5.1601000000000003e-05
5.1992000000000006e-05
5.1651000000000004e-05
5.1941000000000003e-05
8.9542000000000004e-05
5.1881e-05
5.1431000000000003e-05
5.1932000000000004e-05
5.1441000000000004e-05
9.3344000000000006e-05
5.2921000000000004e-05
4.1801000000000002e-05
3.8091000000000005e-05
5.5901000000000006e-05
5.4472000000000003e-05
7.4861e-05
5.4862000000000004e-05
0.00012625200000000001
5.5872000000000003e-05
0.000245565
5.4542000000000001e-05
5.4651000000000002e-05
5.4491000000000004e-05
5.4871000000000004e-05
5.5252000000000006e-05
5.5421000000000004e-05
8.7839999999999999e-05
5.3961000000000001e-05
3.8971000000000003e-05
3.8301000000000005e-05
3.8371000000000002e-05
3.8261000000000005e-05
4.0100000000000006e-05
5.1682000000000004e-05
3.8261000000000005e-05
3.8350000000000004e-05
3.8191000000000001e-05
3.8281000000000002e-05
3.8331000000000003e-05
3.8321000000000001e-05
3.8301000000000005e-05
3.8391000000000006e-05
4.3701000000000001e-05
4.4301000000000002e-05
5.3041000000000003e-05
5.4201000000000005e-05
5.4811000000000001e-05
5.4962000000000007e-05
5.5131000000000005e-05
5.5391000000000005e-05
5.5281000000000001e-05
5.4782000000000005e-05
5.4001e-05
8.6014000000000007e-05
5.2521000000000001e-05
7.6292000000000007e-05
5.4781000000000003e-05
5.4872000000000006e-05
5.4811000000000001e-05
5.5441000000000007e-05
5.5331000000000003e-05
5.4442000000000005e-05
5.4261000000000001e-05
4.2221000000000001e-05
5.1131000000000002e-05
5.4471000000000001e-05
0.00076119000000000002
5.3011000000000005e-05
0.00015684300000000002
0.000178994
5.4551000000000007e-05
5.4892000000000002e-05
5.5071000000000002e-05
5.4581000000000005e-05
5.4731000000000002e-05
5.4862000000000004e-05
5.5431000000000005e-05
5.5061e-05
5.5352000000000001e-05
5.5301000000000005e-05
5.5261000000000005e-05
7.8892000000000003e-05
5.4671000000000006e-05
5.5031000000000002e-05
