2.29393307879749244E+01
1.88221999999999988E-04
1.59729999999999990E-04
1.58992999999999987E-04
1.58960999999999998E-04
1.58548999999999989E-04
1.80747999999999998E-04
1.58786999999999996E-04
1.67400000000000003E-04
1.58994000000000003E-04
1.58299999999999999E-04
1.58548999999999989E-04
1.58581999999999994E-04
1.58874000000000011E-04
1.58982999999999992E-04
2.29346999999999998E-04
1.60390999999999990E-04
1.58960999999999998E-04
1.68342999999999997E-04
1.76674000000000010E-04
1.58667999999999993E-04
1.58691000000000002E-04
1.58571000000000010E-04
1.58853000000000005E-04
1.58495000000000006E-04
1.58917999999999999E-04
1.69891999999999992E-04
1.77746000000000002E-04
1.58646999999999987E-04
1.58180999999999995E-04
1.58755000000000007E-04
1.58689999999999987E-04
1.76749999999999987E-04
1.58517000000000000E-04
1.58430000000000013E-04
1.58419999999999991E-04
1.58560000000000000E-04
1.58245999999999989E-04
1.58419000000000002E-04
1.58831000000000011E-04
1.58765999999999991E-04
1.86815000000000006E-04
2.35846000000000005E-04
2.28533999999999991E-04
2.72659999999999981E-04
2.10518000000000006E-04
2.09478000000000003E-04
2.09986999999999994E-04
2.09922999999999989E-04
2.09630000000000011E-04
2.08871000000000013E-04
2.08189000000000009E-04
2.08308000000000012E-04
2.65498999999999987E-04
2.30246000000000004E-04
2.34686999999999998E-04
2.33875000000000006E-04
2.27516000000000008E-04
2.24591000000000005E-04
2.28869999999999996E-04
2.38652999999999993E-04
2.67144999999999991E-04
2.21589000000000009E-04
2.12012999999999991E-04
2.52775000000000005E-04
2.16390000000000007E-04
2.09781000000000003E-04
2.11677000000000013E-04
2.01060000000000003E-04
2.06347000000000008E-04
2.19086999999999998E-04
2.05686000000000009E-04
2.33529000000000007E-04
2.11167999999999995E-04
2.13496999999999992E-04
2.18177000000000009E-04
2.13259000000000013E-04
2.17289000000000013E-04
2.62498000000000006E-04
2.09943999999999994E-04
2.14321000000000010E-04
2.11048999999999991E-04
2.34968999999999993E-04
2.13281000000000007E-04
2.10150000000000012E-04
2.15891999999999999E-04
2.03704000000000000E-04
2.07777999999999988E-04
2.23150000000000003E-04
2.13474999999999998E-04
2.11427999999999996E-04
2.09965999999999988E-04
2.35132000000000011E-04
2.13529999999999997E-04
2.13453999999999993E-04
2.18914000000000012E-04
2.29086000000000009E-04
2.16562999999999993E-04
2.08600000000000002E-04
2.15880999999999988E-04
2.11439000000000006E-04
2.14341999999999988E-04
2.33560999999999995E-04
2.08633000000000006E-04
2.06152000000000001E-04
2.01179000000000006E-04
2.04699999999999988E-04
2.17342999999999996E-04
2.07192000000000004E-04
2.09153000000000008E-04
2.24483000000000012E-04
2.16194999999999999E-04
2.36712999999999995E-04
2.12501000000000004E-04
2.12685000000000001E-04
2.38382000000000009E-04
2.09652000000000005E-04
2.16540999999999999E-04
2.27256000000000007E-04
2.16801000000000000E-04
2.25588000000000009E-04
2.16758000000000001E-04
2.30062000000000007E-04
2.16063999999999997E-04
2.13465000000000003E-04
2.37168000000000003E-04
2.02956000000000013E-04
2.07982999999999991E-04
2.09630000000000011E-04
2.13042000000000011E-04
2.12327000000000002E-04
2.08394000000000011E-04
2.36659000000000012E-04
2.59690999999999991E-04
2.12153999999999988E-04
2.17679000000000001E-04
2.10193000000000012E-04
2.14894999999999995E-04
2.08318999999999995E-04
2.08729999999999989E-04
2.20702000000000002E-04
2.15966999999999987E-04
2.41176999999999998E-04
2.20019000000000009E-04
2.13259000000000013E-04
2.02133000000000011E-04
2.05068000000000009E-04
2.20148999999999996E-04
2.05827000000000006E-04
2.08416000000000005E-04
2.15154999999999996E-04
2.72669999999999976E-04
2.37189999999999997E-04
2.12857999999999987E-04
2.10463999999999996E-04
2.26063999999999996E-04
2.08177999999999998E-04
2.12857999999999987E-04
2.15717999999999997E-04
2.20647000000000004E-04
2.15522999999999990E-04
2.14233999999999996E-04
2.34567999999999994E-04
2.02966999999999997E-04
2.15913000000000004E-04
2.13422000000000004E-04
2.07939000000000003E-04
2.13312999999999995E-04
2.08502999999999992E-04
2.10182000000000001E-04
2.48445999999999986E-04
2.13572999999999996E-04
2.35250999999999988E-04
2.10463999999999996E-04
2.14169000000000002E-04
2.08068999999999989E-04
2.11513999999999995E-04
2.19781000000000002E-04
2.33474000000000008E-04
2.21157000000000010E-04
2.14591000000000006E-04
2.06683000000000013E-04
2.31220999999999987E-04
2.04331999999999995E-04
2.09044000000000000E-04
2.18664999999999994E-04
2.09976000000000010E-04
2.04830999999999991E-04
2.46128000000000026E-04
2.07841999999999993E-04
2.01666999999999992E-04
2.02241000000000004E-04
2.32238999999999997E-04
2.08817000000000003E-04
2.15078999999999992E-04
2.28242000000000001E-04
2.37981999999999999E-04
2.26400000000000001E-04
2.10105999999999997E-04
2.35858000000000004E-04
2.10463999999999996E-04
2.51024999999999989E-04
1.99619999999999990E-04
1.72253000000000006E-04
1.91819000000000001E-04
1.85546999999999991E-04
1.72155999999999996E-04
2.06087000000000007E-04
1.89523000000000008E-04
1.59178000000000000E-04
1.61041000000000005E-04
1.86911999999999989E-04
2.06932999999999992E-04
2.22737999999999994E-04
1.81213000000000001E-04
2.06206000000000011E-04
2.08404999999999994E-04
2.06867000000000010E-04
2.10160999999999996E-04
2.10800000000000001E-04
2.12544000000000003E-04
2.08523999999999998E-04
2.10084999999999992E-04
2.31231999999999998E-04
2.09055000000000010E-04
2.09239000000000007E-04
2.40938999999999991E-04
2.09812999999999992E-04
2.09910999999999990E-04
2.11850999999999988E-04
2.07614999999999997E-04
2.08817000000000003E-04
2.10377000000000009E-04
2.30344000000000002E-04
2.10029999999999993E-04
2.11752999999999990E-04
2.11179000000000005E-04
2.08643999999999990E-04
1.84343999999999995E-04
1.75698999999999999E-04
1.61637000000000011E-04
1.63532999999999994E-04
1.61950999999999995E-04
1.91169000000000012E-04
1.99998999999999994E-04
2.27407000000000000E-04
2.29986000000000003E-04
2.10778000000000007E-04
2.05815999999999996E-04
2.05903000000000010E-04
2.23171000000000008E-04
2.06650000000000009E-04
2.14200999999999991E-04
2.02305999999999997E-04
2.03226999999999997E-04
2.32575000000000002E-04
2.06758999999999990E-04
2.06324999999999987E-04
2.07159999999999988E-04
2.05968000000000004E-04
2.11926999999999992E-04
2.02890999999999993E-04
1.99098999999999999E-04
2.12250999999999998E-04
2.11568000000000005E-04
2.36106000000000006E-04
2.07972000000000007E-04
2.08297000000000001E-04
2.10929999999999988E-04
2.02436000000000011E-04
2.03107999999999994E-04
2.11580000000000004E-04
2.07810000000000004E-04
2.24784999999999997E-04
2.50207000000000012E-04
2.15610000000000004E-04
7.44011999999999950E-04
2.49725000000000012E-04
4.16994999999999974E-04
2.18037000000000000E-04
2.21654999999999991E-04
2.38490000000000002E-04
2.15772000000000007E-04
2.12293999999999997E-04
2.13508000000000003E-04
2.13074000000000000E-04
2.14624000000000011E-04
2.15469000000000007E-04
2.13832999999999997E-04
2.18762000000000004E-04
2.13995999999999989E-04
2.55678000000000014E-04
2.18707999999999994E-04
2.18946000000000001E-04
2.35596999999999987E-04
2.17755000000000005E-04
2.01439000000000007E-04
1.59307999999999987E-04
2.06347000000000008E-04
1.58808999999999990E-04
1.92198000000000005E-04
1.58602999999999999E-04
1.58192000000000006E-04
1.58071999999999987E-04
1.58376000000000003E-04
1.58342999999999998E-04
1.59146000000000011E-04
1.73066000000000013E-04
1.74322999999999991E-04
1.58712000000000008E-04
1.58602999999999999E-04
1.58290000000000004E-04
1.58202000000000001E-04
2.00106999999999987E-04
1.58972000000000009E-04
2.00983999999999999E-04
2.01191000000000005E-04
2.00280000000000000E-04
2.00735000000000008E-04
2.07495999999999993E-04
2.14331000000000005E-04
2.16498000000000000E-04
2.38404000000000003E-04
2.13259000000000013E-04
2.42725999999999993E-04
2.13171999999999998E-04
2.37678000000000010E-04
2.15013999999999998E-04
2.49226000000000016E-04
2.08416000000000005E-04
2.15956000000000004E-04
2.30592000000000004E-04
2.05782999999999991E-04
2.32846000000000013E-04
2.09272000000000012E-04
2.09294000000000006E-04
2.28674999999999988E-04
2.10919000000000004E-04
2.48077999999999992E-04
2.16161999999999995E-04
2.11914999999999993E-04
2.09552999999999991E-04
2.09619000000000000E-04
2.37602000000000006E-04
2.10864000000000006E-04
2.10072999999999993E-04
2.33885999999999990E-04
2.14212000000000002E-04
2.16932000000000003E-04
2.20614999999999988E-04
2.15643000000000009E-04
2.94359000000000005E-04
2.30387000000000002E-04
3.93027000000000003E-04
2.05815999999999996E-04
2.05285999999999999E-04
2.15565999999999989E-04
2.05231000000000001E-04
2.05133999999999991E-04
2.54491999999999989E-04
2.05512999999999996E-04
2.04798000000000013E-04
2.04873999999999990E-04
2.04765999999999997E-04
2.04896000000000011E-04
2.05025999999999998E-04
2.04894999999999996E-04
2.05144000000000013E-04
2.04949999999999994E-04
2.23768000000000003E-04
2.05057999999999987E-04
2.04527000000000002E-04
2.04699999999999988E-04
2.04873999999999990E-04
2.04873999999999990E-04
2.13942000000000006E-04
2.19867000000000001E-04
2.05100999999999987E-04
2.05014999999999988E-04
2.04949999999999994E-04
2.23365999999999989E-04
2.05264000000000005E-04
2.05350000000000004E-04
2.05154999999999997E-04
2.04928000000000000E-04
2.04582000000000001E-04
2.04841000000000013E-04
2.04842000000000002E-04
2.04992999999999994E-04
2.04992999999999994E-04
2.23930000000000006E-04
2.05221000000000006E-04
2.04873999999999990E-04
2.04820000000000007E-04
2.31957999999999991E-04
2.05219999999999990E-04
2.05025000000000010E-04
2.04558999999999991E-04
2.04765000000000009E-04
2.04841000000000013E-04
2.37180000000000003E-04
2.05121999999999992E-04
2.04873000000000002E-04
2.04787000000000003E-04
2.04656999999999989E-04
2.04896000000000011E-04
2.05231000000000001E-04
2.04939000000000011E-04
2.05002999999999989E-04
2.04808000000000008E-04
2.04581000000000012E-04
2.23420999999999987E-04
2.04570999999999990E-04
2.13605000000000012E-04
2.04916999999999990E-04
2.04679000000000010E-04
2.04419000000000009E-04
2.04451999999999987E-04
2.04885000000000001E-04
2.04787000000000003E-04
2.04820000000000007E-04
2.23680999999999988E-04
2.26877000000000003E-04
2.05371999999999998E-04
2.05080000000000008E-04
2.05188000000000001E-04
2.05025000000000010E-04
2.04765999999999997E-04
2.04754999999999987E-04
2.04820000000000007E-04
2.23551000000000001E-04
2.04753999999999998E-04
2.32283000000000012E-04
7.58382000000000045E-04
2.11654999999999992E-04
2.12532999999999993E-04
2.09628999999999995E-04
2.09943999999999994E-04
2.10929999999999988E-04
2.35793000000000011E-04
2.53705000000000011E-04
2.12933999999999991E-04
2.34221999999999995E-04
2.31026000000000007E-04
2.10723999999999997E-04
2.56067999999999975E-04
2.08459000000000004E-04
2.42606999999999990E-04
2.04255999999999991E-04
1.58788000000000012E-04
2.01666999999999992E-04
2.09261000000000001E-04
2.09509999999999991E-04
1.69652999999999997E-04
1.59113000000000006E-04
2.29356999999999993E-04
1.66393000000000004E-04
1.63544000000000005E-04
1.73076999999999996E-04
1.58777000000000001E-04
1.62406000000000003E-04
1.59070000000000007E-04
1.58939999999999993E-04
1.59111999999999990E-04
1.59134000000000012E-04
1.59588999999999993E-04
1.61506999999999997E-04
1.58712000000000008E-04
1.77226000000000000E-04
1.59025999999999992E-04
1.83389999999999991E-04
2.24601999999999989E-04
1.66911999999999990E-04
1.58614000000000010E-04
1.58528000000000011E-04
1.58679999999999992E-04
1.58700999999999997E-04
1.58939999999999993E-04
1.58602999999999999E-04
1.58712000000000008E-04
1.76586999999999995E-04
1.58788000000000012E-04
1.58788000000000012E-04
1.58474000000000001E-04
1.58765999999999991E-04
1.58755000000000007E-04
1.58526999999999995E-04
1.58485000000000012E-04
1.60802000000000010E-04
2.07831000000000010E-04
2.12782000000000010E-04
2.11287999999999987E-04
2.12554999999999987E-04
2.66806000000000020E-04
6.75071999999999977E-04
3.01497999999999979E-04
2.09358999999999999E-04
2.10008999999999988E-04
2.12728000000000000E-04
2.42577999999999994E-04
1.83661000000000002E-04
1.67963999999999993E-04
1.58602999999999999E-04
1.66663999999999989E-04
1.58473000000000012E-04
1.58517000000000000E-04
1.58440999999999996E-04
1.68223999999999994E-04
1.65947999999999991E-04
1.58581999999999994E-04
1.81234999999999995E-04
2.00974000000000004E-04
1.58755000000000007E-04
2.11969000000000003E-04
2.19878000000000011E-04
2.19564000000000000E-04
2.19433999999999986E-04
2.19931999999999994E-04
2.19131000000000013E-04
2.25500999999999995E-04
2.73606999999999984E-04
2.37428999999999993E-04
1.58743999999999997E-04
1.66479000000000003E-04
2.08254000000000002E-04
1.58992999999999987E-04
1.58333000000000003E-04
1.58245999999999989E-04
1.67486999999999991E-04
2.09521999999999991E-04
2.03670999999999995E-04
2.41663999999999996E-04
2.05925000000000005E-04
2.31026000000000007E-04
2.13529999999999997E-04
2.11926999999999992E-04
2.12079000000000000E-04
2.15913999999999993E-04
2.12608000000000008E-04
2.39162000000000012E-04
2.13508000000000003E-04
2.13963000000000011E-04
2.12868999999999998E-04
2.14851000000000007E-04
2.06781000000000011E-04
2.13758000000000009E-04
2.14722000000000009E-04
2.18611000000000011E-04
2.08502999999999992E-04
2.20528999999999989E-04
2.14223000000000012E-04
2.13649000000000000E-04
2.10723999999999997E-04
2.42291999999999990E-04
2.09683999999999993E-04
2.03367999999999995E-04
2.08926000000000012E-04
2.14233999999999996E-04
2.09055999999999999E-04
2.40239999999999990E-04
2.08459999999999993E-04
2.08643999999999990E-04
2.08817000000000003E-04
2.07853000000000004E-04
2.07581999999999992E-04
2.08134999999999999E-04
2.23095999999999993E-04
2.27375000000000011E-04
2.19509000000000002E-04
2.08318000000000007E-04
2.08480999999999998E-04
2.08774000000000004E-04
2.07755999999999994E-04
2.08285999999999991E-04
2.07690000000000012E-04
2.07788000000000010E-04
2.08946999999999990E-04
2.27039000000000006E-04
2.08838000000000009E-04
2.08373000000000005E-04
2.07473000000000011E-04
2.08655000000000000E-04
2.08254000000000002E-04
2.08122999999999999E-04
2.08027000000000006E-04
2.08426999999999988E-04
2.08275000000000007E-04
2.85095999999999982E-04
2.23269000000000007E-04
2.08318999999999995E-04
2.08590000000000007E-04
2.08113000000000005E-04
2.07397999999999995E-04
2.07917999999999997E-04
2.08199000000000003E-04
2.08784999999999987E-04
2.07691000000000001E-04
2.07917999999999997E-04
2.21849999999999999E-04
2.01850999999999989E-04
2.01568999999999994E-04
2.01244000000000000E-04
2.01580000000000005E-04
2.01775000000000012E-04
2.01396000000000008E-04
2.01169000000000011E-04
2.09738000000000003E-04
2.01093000000000007E-04
2.19845000000000007E-04
2.01287999999999988E-04
2.01244000000000000E-04
2.01298999999999998E-04
2.01525999999999995E-04
2.00962000000000005E-04
2.01169000000000011E-04
2.15825999999999990E-04
2.01375000000000002E-04
2.01146999999999990E-04
2.00962999999999993E-04
2.18946000000000001E-04
2.00671000000000004E-04
2.00616000000000005E-04
2.00995000000000009E-04
2.00854000000000012E-04
2.01060000000000003E-04
2.10094999999999987E-04
2.01298999999999998E-04
2.01384999999999997E-04
2.01232999999999989E-04
2.20127000000000002E-04
2.01189999999999990E-04
2.00833000000000007E-04
2.00876000000000006E-04
2.00919000000000005E-04
2.00864999999999995E-04
2.01093000000000007E-04
2.00583000000000000E-04
2.00929999999999989E-04
2.00669999999999988E-04
2.01071000000000013E-04
2.19986999999999993E-04
2.01103000000000002E-04
2.22911000000000008E-04
2.01027999999999987E-04
2.01027999999999987E-04
2.34395000000000008E-04
2.01363999999999992E-04
2.00616000000000005E-04
2.00508000000000012E-04
2.00659000000000004E-04
2.16009999999999987E-04
2.03529999999999998E-04
2.00571999999999990E-04
2.00778999999999997E-04
2.00735000000000008E-04
2.00671000000000004E-04
2.01167999999999996E-04
2.00723999999999998E-04
2.00919999999999994E-04
2.00768000000000013E-04
2.00919000000000005E-04
2.19151999999999992E-04
2.01179999999999995E-04
2.00995000000000009E-04
2.51935000000000006E-04
2.00757000000000003E-04
2.00929999999999989E-04
2.00907999999999995E-04
2.01017000000000003E-04
2.11926000000000003E-04
2.19585999999999995E-04
2.31730999999999994E-04
2.00843999999999990E-04
1.97593999999999992E-04
1.97507000000000005E-04
1.97106000000000006E-04
1.97085000000000001E-04
1.97213999999999999E-04
1.97106000000000006E-04
1.96910999999999999E-04
1.97648000000000002E-04
1.97106000000000006E-04
6.12324000000000028E-04
4.43299000000000026E-04
3.16752000000000006E-04
2.19704999999999998E-04
2.19196000000000007E-04
2.20160000000000006E-04
2.51815999999999976E-04
2.19487999999999996E-04
2.37547999999999996E-04
2.20311999999999987E-04
2.19131000000000013E-04
2.19466000000000002E-04
2.25793000000000011E-04
2.18817000000000002E-04
2.19628999999999994E-04
2.49681000000000024E-04
2.30754999999999995E-04
2.17743999999999994E-04
2.19456000000000008E-04
2.19552999999999990E-04
2.19034000000000004E-04
2.19077000000000003E-04
2.19413000000000008E-04
2.19141000000000008E-04
2.17223999999999992E-04
2.46799000000000020E-04
2.19380000000000004E-04
2.19217000000000012E-04
2.19532000000000012E-04
2.19509999999999991E-04
2.19704999999999998E-04
2.18817000000000002E-04
2.20029999999999992E-04
2.18924999999999995E-04
2.30322000000000008E-04
2.47948000000000005E-04
2.18643000000000000E-04
2.19086999999999998E-04
2.18891999999999991E-04
2.24481999999999996E-04
2.17874000000000008E-04
2.19401999999999998E-04
2.19174000000000013E-04
2.19683000000000004E-04
2.63039000000000014E-04
2.19411999999999992E-04
2.18805999999999992E-04
2.19628999999999994E-04
2.19010999999999994E-04
2.20039999999999987E-04
2.19444999999999997E-04
2.29931999999999993E-04
2.19413000000000008E-04
2.35782000000000000E-04
2.06683000000000013E-04
1.58820000000000001E-04
1.58820000000000001E-04
1.58712000000000008E-04
1.58755000000000007E-04
1.58765999999999991E-04
1.58994000000000003E-04
1.58917000000000010E-04
1.58646999999999987E-04
1.58538999999999994E-04
1.58645999999999999E-04
1.58614999999999998E-04
1.58733000000000013E-04
1.95741000000000009E-04
1.58982999999999992E-04
1.58906999999999988E-04
1.58485000000000012E-04
1.58452000000000007E-04
1.58528000000000011E-04
1.58679000000000003E-04
1.58657999999999998E-04
1.69891999999999992E-04
1.58407999999999992E-04
1.58299999999999999E-04
1.57953999999999999E-04
1.96748999999999996E-04
2.44774000000000012E-04
2.41854000000000006E-04
2.17808999999999988E-04
2.15209000000000006E-04
2.36550999999999992E-04
2.17244999999999998E-04
2.18134000000000009E-04
2.42639999999999994E-04
2.48771000000000007E-04
2.14092999999999998E-04
2.46369000000000026E-04
1.59741000000000001E-04
1.58636000000000004E-04
1.70487999999999998E-04
1.84809999999999987E-04
2.93003000000000013E-04
2.32195999999999997E-04
2.02956000000000013E-04
2.06791000000000006E-04
2.33009000000000005E-04
2.05025000000000010E-04
2.29282000000000005E-04
2.05393000000000004E-04
2.04364999999999999E-04
2.29129999999999997E-04
2.06412000000000002E-04
2.06075999999999997E-04
2.07700999999999996E-04
2.03226999999999997E-04
2.39020999999999987E-04
2.08459000000000004E-04
2.39964000000000008E-04
2.13529999999999997E-04
2.42140999999999998E-04
2.49247999999999983E-04
2.13832999999999997E-04
2.36789999999999988E-04
2.10551000000000011E-04
2.37395999999999988E-04
2.00453000000000014E-04
2.03551999999999992E-04
2.10756000000000013E-04
2.04765999999999997E-04
2.04906000000000006E-04
2.42315000000000000E-04
2.05317999999999988E-04
2.05047000000000004E-04
2.06736999999999996E-04
2.05221000000000006E-04
2.34579000000000005E-04
2.04419000000000009E-04
2.66300000000000022E-04
2.09163999999999992E-04
2.08989999999999990E-04
2.54642999999999981E-04
2.05665000000000004E-04
2.38263000000000006E-04
2.14884000000000011E-04
2.30701000000000013E-04
2.12522000000000009E-04
2.19315000000000010E-04
2.43235000000000012E-04
2.09867999999999990E-04
2.33290000000000011E-04
2.07008000000000008E-04
2.10420000000000008E-04
2.09218000000000002E-04
2.15631000000000010E-04
2.61263000000000023E-04
2.20637000000000009E-04
2.18230999999999991E-04
2.28198000000000013E-04
2.08600000000000002E-04
2.14049000000000010E-04
2.08177999999999998E-04
2.07745000000000011E-04
3.09254999999999979E-04
2.10995000000000008E-04
2.37049000000000000E-04
2.09814000000000007E-04
2.30635999999999992E-04
2.09910999999999990E-04
2.08838000000000009E-04
2.09304000000000000E-04
2.07690000000000012E-04
2.38544000000000012E-04
2.43668999999999987E-04
2.44698000000000008E-04
2.10084999999999992E-04
2.07951000000000002E-04
2.24255000000000000E-04
2.08232000000000008E-04
2.22890000000000002E-04
2.10745000000000002E-04
2.08275999999999996E-04
2.25121999999999990E-04
2.07712000000000006E-04
2.07235000000000004E-04
2.25989000000000008E-04
2.08492999999999998E-04
2.27679000000000000E-04
2.08437999999999999E-04
2.07765999999999989E-04
2.07841999999999993E-04
2.08308000000000012E-04
2.71446000000000003E-04
2.08655000000000000E-04
2.08080999999999989E-04
2.08611000000000012E-04
2.08383999999999989E-04
2.34731000000000013E-04
2.08275000000000007E-04
2.08025999999999990E-04
2.45109999999999989E-04
2.08232000000000008E-04
2.28144000000000003E-04
2.09325999999999994E-04
2.25402999999999997E-04
2.09521000000000002E-04
2.07550000000000003E-04
2.24687999999999987E-04
2.08924999999999996E-04
2.26877000000000003E-04
2.19077000000000003E-04
2.07452000000000005E-04
2.07483999999999994E-04
2.07333000000000002E-04
2.07874000000000009E-04
2.62237000000000017E-04
2.08406000000000010E-04
2.24460000000000002E-04
2.07862999999999999E-04
2.26875999999999987E-04
2.07831000000000010E-04
2.08122999999999999E-04
2.33095000000000004E-04
2.08187999999999993E-04
2.08860999999999991E-04
2.22663000000000006E-04
2.07636000000000002E-04
2.33777999999999997E-04
2.41740999999999988E-04
2.25966999999999986E-04
2.08070000000000005E-04
2.07485000000000010E-04
2.25533000000000011E-04
2.07647000000000013E-04
2.25533000000000011E-04
2.08893000000000007E-04
2.07364999999999991E-04
2.24904999999999989E-04
2.08134000000000010E-04
2.90566999999999985E-04
1.98698000000000001E-04
2.12100000000000006E-04
2.41501999999999993E-04
2.29313999999999994E-04
2.14603000000000005E-04
2.17960000000000007E-04
2.44296999999999982E-04
2.16390000000000007E-04
2.35641000000000003E-04
2.18979000000000005E-04
2.19077000000000003E-04
2.48565999999999978E-04
2.17647000000000012E-04
2.14677999999999993E-04
2.37363999999999999E-04
2.27960000000000006E-04
2.38728999999999997E-04
2.18772999999999987E-04
2.39368000000000003E-04
2.18686000000000000E-04
2.20225000000000000E-04
2.39984999999999987E-04
2.19661999999999999E-04
2.50590999999999987E-04
2.23973999999999994E-04
2.38707000000000003E-04
2.19022000000000005E-04
2.24417999999999992E-04
2.29878000000000010E-04
2.07029000000000013E-04
1.61139000000000003E-04
1.64582999999999993E-04
1.98395999999999989E-04
2.38263000000000006E-04
1.94810000000000014E-04
1.87454000000000011E-04
1.74345000000000012E-04
1.96261000000000010E-04
2.08860000000000003E-04
2.40430000000000000E-04
2.07376000000000001E-04
2.29129999999999997E-04
2.51984000000000019E-04
2.01785999999999996E-04
2.02262999999999998E-04
2.01373999999999987E-04
2.02088999999999996E-04
2.08709000000000010E-04
1.60554000000000008E-04
1.58624999999999993E-04
1.58831000000000011E-04
1.78569999999999993E-04
1.58972000000000009E-04
1.77562000000000005E-04
1.58376000000000003E-04
1.58602999999999999E-04
1.58299999999999999E-04
1.58593000000000004E-04
1.58440999999999996E-04
1.72069000000000009E-04
1.58473000000000012E-04
1.58268000000000010E-04
1.58366000000000008E-04
1.58116000000000002E-04
1.57844999999999991E-04
1.85438999999999998E-04
1.58299999999999999E-04
1.58018999999999993E-04
1.86694999999999987E-04
1.58571000000000010E-04
1.57910000000000011E-04
1.58028999999999987E-04
1.58462999999999990E-04
1.58364999999999992E-04
1.58061999999999992E-04
1.57801999999999991E-04
1.58235000000000005E-04
1.58397999999999997E-04
1.77151000000000012E-04
1.58571000000000010E-04
1.58245999999999989E-04
1.58268000000000010E-04
1.58364999999999992E-04
1.58333000000000003E-04
1.58387000000000013E-04
1.58419000000000002E-04
5.90102000000000009E-04
2.99865000000000017E-04
2.12718000000000005E-04
2.13355999999999995E-04
2.12403000000000006E-04
2.12522999999999998E-04
2.12835999999999993E-04
2.53966000000000001E-04
2.20322000000000009E-04
2.24536000000000006E-04
2.19769999999999991E-04
2.19401999999999998E-04
2.35803999999999994E-04
2.20193000000000011E-04
2.19835000000000012E-04
2.20095000000000013E-04
2.59713999999999974E-04
2.18101999999999993E-04
2.06844999999999989E-04
2.24634000000000004E-04
2.21112999999999995E-04
2.52596000000000005E-04
2.20744000000000013E-04
2.43777999999999996E-04
2.25533000000000011E-04
2.20375999999999992E-04
2.20332999999999993E-04
2.21546000000000010E-04
2.20756000000000012E-04
2.26173000000000004E-04
2.10788999999999990E-04
2.16378999999999996E-04
2.19032999999999988E-04
2.42834000000000013E-04
2.20310999999999999E-04
2.21720000000000012E-04
2.32336999999999995E-04
2.21568999999999992E-04
2.20019000000000009E-04
2.24450000000000008E-04
2.17841999999999992E-04
2.19380000000000004E-04
2.17927999999999991E-04
2.50266000000000019E-04
2.19812999999999991E-04
2.19607999999999989E-04
2.42997000000000005E-04
2.20007999999999998E-04
2.25078000000000002E-04
2.22033999999999995E-04
2.24796999999999996E-04
2.17190999999999988E-04
2.44774000000000012E-04
2.18826999999999997E-04
2.29900000000000005E-04
2.17776000000000010E-04
2.17440000000000005E-04
2.18762000000000004E-04
2.22976999999999990E-04
2.17905999999999997E-04
2.19509999999999991E-04
2.18187999999999992E-04
2.40158999999999989E-04
2.12196999999999988E-04
2.30267999999999998E-04
2.17894999999999986E-04
2.19184999999999996E-04
2.18719000000000004E-04
2.23756000000000004E-04
2.19337000000000004E-04
2.18697999999999999E-04
2.19401999999999998E-04
2.44622000000000004E-04
8.16693999999999970E-04
2.14396999999999987E-04
2.22954999999999996E-04
2.18795000000000008E-04
2.18979000000000005E-04
2.18545999999999991E-04
2.43994000000000009E-04
2.24384999999999987E-04
2.19389999999999998E-04
2.35889999999999993E-04
2.20117000000000007E-04
2.24515000000000001E-04
2.19292999999999989E-04
2.18848999999999991E-04
2.53148000000000023E-04
2.41470000000000004E-04
2.19943000000000005E-04
2.19607999999999989E-04
2.19693999999999987E-04
2.19218000000000001E-04
2.19607000000000000E-04
2.23908000000000012E-04
2.19217000000000012E-04
2.18783999999999998E-04
2.19661999999999999E-04
2.41241999999999992E-04
2.19867999999999989E-04
2.19270999999999995E-04
2.19489000000000012E-04
2.19174000000000013E-04
2.19716000000000009E-04
1.82611000000000004E-04
1.69697000000000012E-04
1.58949999999999988E-04
1.59252999999999988E-04
1.59037000000000002E-04
1.77507999999999995E-04
1.59232000000000010E-04
1.72676999999999987E-04
1.59068999999999991E-04
1.58810000000000006E-04
1.58776000000000013E-04
1.58765999999999991E-04
1.58798000000000007E-04
2.02577000000000009E-04
1.58485000000000012E-04
1.58474000000000001E-04
1.58452000000000007E-04
1.58202999999999989E-04
1.76164999999999991E-04
1.58798000000000007E-04
1.58679000000000003E-04
1.58483999999999996E-04
1.58116000000000002E-04
1.58202999999999989E-04
1.58061999999999992E-04
1.66446999999999987E-04
1.58245999999999989E-04
1.58039999999999998E-04
1.58526999999999995E-04
1.58550000000000005E-04
1.58571000000000010E-04
1.75980000000000006E-04
1.58474000000000001E-04
1.58495000000000006E-04
1.58104999999999991E-04
1.58266999999999994E-04
1.57824000000000012E-04
1.58452000000000007E-04
1.58430000000000013E-04
1.58505999999999990E-04
1.58473000000000012E-04
1.58505999999999990E-04
1.58657999999999998E-04
1.77312999999999988E-04
1.58745000000000012E-04
1.92534999999999999E-04
1.58397999999999997E-04
1.58159000000000001E-04
1.58440999999999996E-04
1.58440999999999996E-04
1.88483000000000004E-04
1.59091000000000012E-04
1.58593000000000004E-04
1.58473000000000012E-04
1.58354000000000009E-04
1.58170000000000012E-04
1.77984999999999998E-04
3.56754999999999995E-04
2.15338999999999993E-04
2.15923999999999988E-04
2.14841000000000012E-04
2.15653000000000004E-04
2.10475000000000007E-04
2.13226999999999997E-04
2.13799999999999993E-04
2.40028000000000013E-04
2.16607000000000008E-04
2.16108000000000012E-04
2.16443999999999990E-04
2.26865000000000004E-04
2.16822999999999994E-04
2.16887999999999987E-04
2.17321000000000002E-04
2.13453999999999993E-04
2.29325000000000004E-04
2.39248999999999999E-04
2.18328000000000001E-04
2.13172999999999987E-04
2.14200999999999991E-04
2.16194999999999999E-04
2.16758000000000001E-04
2.16412000000000001E-04
2.15338999999999993E-04
2.20972999999999986E-04
2.17614000000000007E-04
2.36583999999999997E-04
2.13734999999999999E-04
2.23918999999999995E-04
2.11406000000000002E-04
2.12923000000000008E-04
2.15545000000000011E-04
2.16552000000000010E-04
2.15707000000000014E-04
2.06639999999999987E-04
2.21200000000000010E-04
2.35672999999999991E-04
2.14937999999999994E-04
2.15045999999999987E-04
2.38013000000000000E-04
2.15653000000000004E-04
2.16226999999999988E-04
2.15999999999999992E-04
2.16789999999999989E-04
2.15631999999999998E-04
2.20182000000000000E-04
4.19793000000000011E-04
2.30961000000000014E-04
2.07745000000000011E-04
2.06703999999999991E-04
2.05080000000000008E-04
2.10616000000000004E-04
2.12338000000000012E-04
2.10365999999999998E-04
2.30613999999999998E-04
2.26226999999999987E-04
2.08578999999999996E-04
2.10594000000000010E-04
2.11590999999999987E-04
2.05545000000000012E-04
2.06357000000000003E-04
2.17364999999999990E-04
2.22338000000000012E-04
2.05285000000000011E-04
2.36020000000000007E-04
2.15479000000000001E-04
2.27895000000000013E-04
2.29411999999999992E-04
2.16378999999999996E-04
3.20034000000000019E-04
2.82214999999999994E-04
2.19792000000000013E-04
2.08091000000000011E-04
3.01404000000000017E-04
2.19649999999999999E-04
2.19423000000000003E-04
1.66653000000000005E-04
1.79879999999999992E-04
1.80779999999999987E-04
1.58180999999999995E-04
1.58278999999999993E-04
1.58626000000000009E-04
1.85016000000000005E-04
1.68342999999999997E-04
1.58419000000000002E-04
1.58202999999999989E-04
1.58462000000000002E-04
1.58376000000000003E-04
1.58419999999999991E-04
1.58137000000000007E-04
1.57736999999999998E-04
1.58073000000000003E-04
1.58137999999999996E-04
1.57996000000000010E-04
1.58256000000000011E-04
1.58061999999999992E-04
1.76176000000000002E-04
1.58364999999999992E-04
1.58440999999999996E-04
1.58039999999999998E-04
1.58094000000000008E-04
1.58321999999999993E-04
1.58256999999999999E-04
1.58548999999999989E-04
1.58290000000000004E-04
1.58376000000000003E-04
1.58354999999999997E-04
1.58125999999999997E-04
1.65028000000000006E-04
1.75732000000000004E-04
1.58679000000000003E-04
1.63911999999999999E-04
1.62449000000000003E-04
1.58733000000000013E-04
1.58528000000000011E-04
1.58419000000000002E-04
1.58700999999999997E-04
1.58125999999999997E-04
1.57975999999999993E-04
1.58266999999999994E-04
1.71971999999999999E-04
1.80564000000000001E-04
1.75632999999999990E-04
1.58602999999999999E-04
1.58278000000000005E-04
1.58116000000000002E-04
1.58235000000000005E-04
1.58170000000000012E-04
1.58311000000000009E-04
1.58202000000000001E-04
1.58387000000000013E-04
1.58495000000000006E-04
1.58495999999999995E-04
1.90010000000000005E-04
1.58387000000000013E-04
1.58786999999999996E-04
1.76424999999999992E-04
1.58170000000000012E-04
1.58354999999999997E-04
1.58624999999999993E-04
1.58528000000000011E-04
1.58440999999999996E-04
1.58266999999999994E-04
1.58321999999999993E-04
1.58311000000000009E-04
1.57932000000000005E-04
1.58548999999999989E-04
1.58300999999999988E-04
1.58407999999999992E-04
1.75665999999999995E-04
1.58603999999999988E-04
1.58560000000000000E-04
1.58343999999999987E-04
1.58137999999999996E-04
1.58321999999999993E-04
1.58192000000000006E-04
1.58213000000000011E-04
1.86836000000000012E-04
1.64138999999999995E-04
1.58387000000000013E-04
1.58679999999999992E-04
1.58300999999999988E-04
1.58516000000000012E-04
1.77767999999999996E-04
1.58170000000000012E-04
1.58331999999999988E-04
1.71766999999999997E-04
1.58419999999999991E-04
1.58614000000000010E-04
1.58290000000000004E-04
1.58385999999999998E-04
1.58571000000000010E-04
1.58419999999999991E-04
1.58667999999999993E-04
1.64258999999999987E-04
2.07626000000000007E-04
1.89175999999999993E-04
1.63262000000000010E-04
1.58646999999999987E-04
1.58548999999999989E-04
1.60618000000000013E-04
1.65429000000000005E-04
1.58116000000000002E-04
1.58495000000000006E-04
1.58538000000000006E-04
1.58495000000000006E-04
1.58452000000000007E-04
1.58245999999999989E-04
1.58364999999999992E-04
1.75460999999999993E-04
1.58636000000000004E-04
1.58593000000000004E-04
1.58710999999999992E-04
1.58755999999999996E-04
1.58645999999999999E-04
1.58419999999999991E-04
1.58560000000000000E-04
1.58896000000000005E-04
1.58712000000000008E-04
1.58548999999999989E-04
1.58571000000000010E-04
1.58614999999999998E-04
1.58483999999999996E-04
1.76035000000000004E-04
1.77431999999999991E-04
1.64768000000000005E-04
1.66099999999999999E-04
1.58137000000000007E-04
1.58483999999999996E-04
1.58159999999999990E-04
1.58624999999999993E-04
1.80043000000000011E-04
1.58245999999999989E-04
1.58343999999999987E-04
1.58505999999999990E-04
1.58571000000000010E-04
1.76803999999999997E-04
1.58831000000000011E-04
1.76837000000000001E-04
1.76099999999999998E-04
1.58722999999999991E-04
1.78635000000000013E-04
1.58560000000000000E-04
1.58474000000000001E-04
1.58202000000000001E-04
1.58116000000000002E-04
1.58485000000000012E-04
1.58505999999999990E-04
1.58538000000000006E-04
1.76576000000000012E-04
1.89523000000000008E-04
1.58700999999999997E-04
1.58624999999999993E-04
1.58765999999999991E-04
1.58603999999999988E-04
1.58765999999999991E-04
1.58376000000000003E-04
1.58645999999999999E-04
1.58440999999999996E-04
1.58516000000000012E-04
1.58712000000000008E-04
1.58669000000000008E-04
1.97392999999999999E-04
1.58266999999999994E-04
1.58008000000000009E-04
1.58364999999999992E-04
1.58192000000000006E-04
1.58376000000000003E-04
1.58689999999999987E-04
1.58376000000000003E-04
1.73499000000000000E-04
1.62947999999999999E-04
1.58409000000000007E-04
1.58266999999999994E-04
1.89945000000000012E-04
1.84994000000000011E-04
1.58376000000000003E-04
1.58343999999999987E-04
1.58127000000000013E-04
1.58213000000000011E-04
1.58051000000000009E-04
1.58071999999999987E-04
1.58235999999999994E-04
1.58397000000000008E-04
1.58084000000000013E-04
1.58039999999999998E-04
1.57844999999999991E-04
1.76393000000000003E-04
1.58712000000000008E-04
1.58290000000000004E-04
1.58473000000000012E-04
1.58431000000000002E-04
1.58397999999999997E-04
1.58548999999999989E-04
1.58874999999999999E-04
1.58430000000000013E-04
1.58462999999999990E-04
1.58268000000000010E-04
2.01785999999999996E-04
3.05625999999999977E-04
2.51523000000000024E-04
2.26010000000000013E-04
2.19239000000000006E-04
2.20387000000000003E-04
2.50028000000000012E-04
2.19759000000000008E-04
2.19368999999999993E-04
2.52748000000000013E-04
2.23507000000000013E-04
2.40050999999999996E-04
2.23009000000000006E-04
1.86791999999999996E-04
2.08091000000000011E-04
1.77378000000000008E-04
1.58733000000000013E-04
1.59068999999999991E-04
1.58972000000000009E-04
1.58820000000000001E-04
2.02155000000000005E-04
1.59242999999999993E-04
1.79240999999999987E-04
1.88862000000000009E-04
1.73055999999999991E-04
2.15176000000000001E-04
2.29389999999999998E-04
2.09597000000000006E-04
2.32164000000000009E-04
2.09521999999999991E-04
2.09564999999999990E-04
2.30072000000000002E-04
2.08263999999999997E-04
2.07604000000000013E-04
2.08146000000000009E-04
2.08025999999999990E-04
2.57709000000000009E-04
2.09077000000000004E-04
2.32510000000000008E-04
2.20246000000000005E-04
2.08471000000000004E-04
2.26032000000000007E-04
2.09261000000000001E-04
2.24472000000000002E-04
2.08058999999999995E-04
2.07636000000000002E-04
2.28621000000000005E-04
2.08352000000000000E-04
2.06281999999999988E-04
1.89165000000000009E-04
1.62590000000000000E-04
1.99533000000000002E-04
1.61258000000000007E-04
2.06271999999999993E-04
2.40212999999999999E-04
2.19227999999999996E-04
2.45433999999999995E-04
2.21253999999999993E-04
2.29681999999999987E-04
2.18621000000000006E-04
2.19368999999999993E-04
2.50548000000000014E-04
2.19000999999999999E-04
2.19249999999999990E-04
2.19163000000000002E-04
2.34385000000000013E-04
2.48672999999999982E-04
2.19174000000000013E-04
2.39833999999999994E-04
2.19489000000000012E-04
2.38046000000000004E-04
2.20625000000000009E-04
2.18936000000000006E-04
2.39931000000000004E-04
2.19282000000000006E-04
2.48207999999999979E-04
2.18578000000000007E-04
2.19597000000000005E-04
5.18981999999999972E-04
2.37893999999999996E-04
2.24698999999999998E-04
2.38869999999999995E-04
2.19325999999999994E-04
2.43290000000000010E-04
2.19358000000000010E-04
2.19249000000000001E-04
2.19487999999999996E-04
2.19087999999999987E-04
2.44545999999999999E-04
2.19780000000000013E-04
2.18869999999999997E-04
2.52108000000000020E-04
2.18817000000000002E-04
2.41718000000000006E-04
2.19065999999999993E-04
2.39843999999999989E-04
2.18351000000000011E-04
2.19575000000000011E-04
2.40136999999999995E-04
2.19542000000000006E-04
2.42389999999999988E-04
2.19542999999999995E-04
2.18242999999999991E-04
2.19163999999999991E-04
2.24493000000000007E-04
2.71998999999999982E-04
2.19585999999999995E-04
2.45435000000000011E-04
2.19564000000000000E-04
2.29423000000000002E-04
2.19726999999999992E-04
2.19174000000000013E-04
2.46984000000000006E-04
2.20008999999999987E-04
2.40635000000000003E-04
2.42911000000000006E-04
2.42553000000000007E-04
2.19769000000000003E-04
2.18600000000000001E-04
2.38349999999999993E-04
2.18989999999999989E-04
2.39638999999999987E-04
2.19704999999999998E-04
2.44600999999999998E-04
2.20723000000000008E-04
2.21036999999999991E-04
2.51457999999999977E-04
2.19943000000000005E-04
2.18958000000000000E-04
2.20148999999999996E-04
2.19292999999999989E-04
2.52162000000000002E-04
2.19661999999999999E-04
2.39086000000000008E-04
2.19337000000000004E-04
2.48045999999999976E-04
2.19163000000000002E-04
2.19532000000000012E-04
2.42400999999999999E-04
2.36605000000000002E-04
2.19499000000000007E-04
2.19597000000000005E-04
2.49615999999999976E-04
2.29260000000000011E-04
2.19845000000000007E-04
2.24601999999999989E-04
2.19411999999999992E-04
2.52280999999999979E-04
2.19509999999999991E-04
5.56909999999999979E-04
2.65381999999999988E-04
2.09249999999999990E-04
2.88032999999999985E-04
2.41028999999999999E-04
2.06975000000000003E-04
2.05080000000000008E-04
2.09370000000000010E-04
1.58972000000000009E-04
1.58689999999999987E-04
1.58636000000000004E-04
1.70378999999999989E-04
1.58765999999999991E-04
1.58149000000000007E-04
1.77507999999999995E-04
1.58407999999999992E-04
1.69220000000000010E-04
1.61291000000000011E-04
1.58722999999999991E-04
1.58343999999999987E-04
1.58235999999999994E-04
1.58407999999999992E-04
1.58505999999999990E-04
1.57887999999999990E-04
1.58094000000000008E-04
1.58278999999999993E-04
1.58256000000000011E-04
1.76218000000000013E-04
1.58419999999999991E-04
1.58018999999999993E-04
1.58462000000000002E-04
1.58419999999999991E-04
1.73563999999999994E-04
1.61907999999999995E-04
1.58636000000000004E-04
1.58147999999999991E-04
1.66045999999999989E-04
1.58364999999999992E-04
1.90800999999999991E-04
1.58810000000000006E-04
1.58342999999999998E-04
1.79068000000000001E-04
1.58430000000000013E-04
1.58462000000000002E-04
1.58462999999999990E-04
1.58462000000000002E-04
1.58159999999999990E-04
1.58364999999999992E-04
1.58407999999999992E-04
1.58387000000000013E-04
1.58256999999999999E-04
1.58657999999999998E-04
1.58321999999999993E-04
1.58364999999999992E-04
1.76381000000000004E-04
1.58689999999999987E-04
1.58548999999999989E-04
1.58777000000000001E-04
1.58733000000000013E-04
1.58333000000000003E-04
2.01287999999999988E-04
1.58603999999999988E-04
1.58409000000000007E-04
1.58624999999999993E-04
1.58679000000000003E-04
1.58495000000000006E-04
1.58884999999999994E-04
1.91391000000000011E-04
1.58624999999999993E-04
1.58419000000000002E-04
1.58159999999999990E-04
1.57975000000000005E-04
1.58409000000000007E-04
1.57768999999999987E-04
1.58094000000000008E-04
1.58256999999999999E-04
1.58333000000000003E-04
1.58266999999999994E-04
1.58474000000000001E-04
1.78678000000000013E-04
1.58180999999999995E-04
1.58364999999999992E-04
1.58235000000000005E-04
1.58245999999999989E-04
1.63565000000000010E-04
1.89480000000000009E-04
1.58906000000000000E-04
1.58364999999999992E-04
1.58051000000000009E-04
1.58202000000000001E-04
1.58214000000000000E-04
1.58245999999999989E-04
1.76533000000000012E-04
1.58624999999999993E-04
1.58669000000000008E-04
1.58548999999999989E-04
1.58343999999999987E-04
1.58473000000000012E-04
1.58636000000000004E-04
1.58906999999999988E-04
1.98502999999999993E-04
2.30365000000000008E-04
1.77660000000000003E-04
1.58419999999999991E-04
1.99218999999999991E-04
2.48782000000000018E-04
2.10647999999999993E-04
2.19835000000000012E-04
2.08698000000000000E-04
1.67801000000000002E-04
1.58636000000000004E-04
1.59189000000000010E-04
1.58581000000000005E-04
1.59005000000000013E-04
1.59046999999999997E-04
1.93076000000000006E-04
1.58495000000000006E-04
1.58874000000000011E-04
1.58960999999999998E-04
1.58245999999999989E-04
1.58495000000000006E-04
1.58679000000000003E-04
1.58299999999999999E-04
1.58550000000000005E-04
1.58485000000000012E-04
1.58614000000000010E-04
1.58689999999999987E-04
1.81700999999999987E-04
2.30950000000000003E-04
1.59046999999999997E-04
1.58689999999999987E-04
1.89674000000000000E-04
1.59134000000000012E-04
1.59135000000000000E-04
1.59383999999999991E-04
1.73704999999999991E-04
1.59254000000000004E-04
1.59166999999999989E-04
1.58972000000000009E-04
1.59080000000000002E-04
1.83563999999999993E-04
1.97994000000000002E-04
1.99056000000000000E-04
1.95968000000000005E-04
1.58788000000000012E-04
1.58841999999999995E-04
1.58483999999999996E-04
1.77996000000000008E-04
2.14732000000000003E-04
1.68765999999999990E-04
1.59144999999999995E-04
1.85849999999999991E-04
2.29835000000000011E-04
2.12446000000000005E-04
2.17917999999999996E-04
2.20289000000000005E-04
2.11048999999999991E-04
2.09912000000000005E-04
2.06259999999999994E-04
2.12284000000000002E-04
2.15457999999999996E-04
2.13334999999999989E-04
2.34221999999999995E-04
2.25348999999999987E-04
2.12554999999999987E-04
2.13617000000000012E-04
2.12207999999999998E-04
2.15383000000000008E-04
2.09445999999999987E-04
2.10172000000000006E-04
2.15219000000000001E-04
2.11038000000000008E-04
2.45305000000000024E-04
2.07376000000000001E-04
2.12393000000000011E-04
2.11828999999999994E-04
2.11990999999999997E-04
2.11883000000000004E-04
2.11189000000000000E-04
2.07223999999999993E-04
2.16541999999999988E-04
2.12902000000000002E-04
2.33615000000000005E-04
2.11850999999999988E-04
2.11287999999999987E-04
2.07734000000000000E-04
2.18156000000000003E-04
3.88841000000000013E-04
2.38802000000000008E-04
2.05696999999999992E-04
2.76385999999999993E-04
2.58191000000000009E-04
2.33496000000000002E-04
2.08211000000000003E-04
3.18643000000000019E-04
1.87658999999999987E-04
2.39573999999999994E-04
2.25739000000000002E-04
2.12988000000000001E-04
2.11384999999999996E-04
2.41642999999999990E-04
2.01330999999999987E-04
2.00768000000000013E-04
2.30179999999999995E-04
2.02360000000000007E-04
2.22901000000000013E-04
2.02391999999999996E-04
2.35901000000000003E-04
2.23095999999999993E-04
2.02425000000000001E-04
2.01558000000000011E-04
2.02274000000000008E-04
2.23713000000000004E-04
2.00983999999999999E-04
1.98091000000000011E-04
2.02348999999999997E-04
2.02296000000000003E-04
2.18967999999999995E-04
2.23009000000000006E-04
2.03009999999999996E-04
2.03248999999999992E-04
2.16736999999999995E-04
2.03661000000000000E-04
2.00442999999999992E-04
2.03324000000000007E-04
2.04169000000000003E-04
2.15242000000000010E-04
2.21026999999999996E-04
2.05469999999999996E-04
2.22305000000000007E-04
2.05113000000000013E-04
1.79511999999999998E-04
1.80996999999999988E-04
1.58874000000000011E-04
1.86510999999999990E-04
1.65992000000000006E-04
1.92024999999999992E-04
2.06271000000000004E-04
2.08698000000000000E-04
2.23768000000000003E-04
2.37764999999999998E-04
2.07462999999999989E-04
2.08914000000000013E-04
2.26703000000000001E-04
2.09327000000000010E-04
2.36919000000000013E-04
1.62752999999999992E-04
1.82198999999999995E-04
1.59135000000000000E-04
1.58960999999999998E-04
1.59306999999999998E-04
1.88352999999999990E-04
1.58960999999999998E-04
1.75851000000000008E-04
1.58960999999999998E-04
1.59070000000000007E-04
1.58657999999999998E-04
1.58765999999999991E-04
1.74897999999999991E-04
1.58863000000000000E-04
1.58548999999999989E-04
1.63446000000000007E-04
1.58765999999999991E-04
1.58593000000000004E-04
2.02078000000000012E-04
1.58863000000000000E-04
1.58972000000000009E-04
1.59015000000000008E-04
1.58939000000000004E-04
1.59113000000000006E-04
2.54956999999999992E-04
1.98838999999999998E-04
2.13443000000000009E-04
2.13777999999999999E-04
2.05317999999999988E-04
1.61745000000000004E-04
1.82188000000000011E-04
2.26758000000000000E-04
2.05794999999999991E-04
2.04212999999999991E-04
2.33343999999999994E-04
2.07018999999999991E-04
2.11320000000000003E-04
2.25056999999999997E-04
2.07061999999999990E-04
2.14038000000000000E-04
2.47942999999999981E-04
2.08025999999999990E-04
2.54707999999999974E-04
2.08199999999999992E-04
2.08568000000000013E-04
2.09141999999999998E-04
2.08502999999999992E-04
2.08134999999999999E-04
2.42672000000000010E-04
2.08752999999999998E-04
2.09186000000000013E-04
2.08373000000000005E-04
2.08091000000000011E-04
2.07917999999999997E-04
2.23701999999999994E-04
2.09001999999999989E-04
2.07798000000000005E-04
2.07798000000000005E-04
2.07290000000000002E-04
2.26269999999999987E-04
2.23507000000000013E-04
2.45553999999999987E-04
2.23019999999999989E-04
2.07853000000000004E-04
2.07571000000000009E-04
2.08459999999999993E-04
2.24006000000000010E-04
2.07657999999999996E-04
2.07550000000000003E-04
2.26151000000000010E-04
2.08199999999999992E-04
2.08783999999999999E-04
2.08111999999999989E-04
2.08113000000000005E-04
2.22966000000000006E-04
2.07853000000000004E-04
2.08611000000000012E-04
2.07820999999999988E-04
2.07560999999999987E-04
2.60288000000000012E-04
2.07939999999999991E-04
2.08872000000000002E-04
2.23529000000000007E-04
2.08523999999999998E-04
2.08168000000000003E-04
2.08232000000000008E-04
2.24374000000000004E-04
2.08068999999999989E-04
2.08003999999999996E-04
2.29618000000000010E-04
2.08416999999999994E-04
2.08881999999999997E-04
2.08480999999999998E-04
2.08523999999999998E-04
2.07712000000000006E-04
2.07982999999999991E-04
2.24417000000000003E-04
2.08361999999999995E-04
2.16638999999999997E-04
2.26356000000000013E-04
2.08166999999999987E-04
2.09108999999999993E-04
2.07745000000000011E-04
2.08177999999999998E-04
2.07808999999999989E-04
2.08058999999999995E-04
2.24395000000000009E-04
2.08318000000000007E-04
2.07679000000000002E-04
2.26605000000000003E-04
2.30322000000000008E-04
2.09542999999999996E-04
2.07917999999999997E-04
2.08426999999999988E-04
2.08351000000000011E-04
2.08394000000000011E-04
2.20917999999999988E-04
2.25911999999999988E-04
1.98623000000000012E-04
2.15023999999999993E-04
1.98146000000000010E-04
1.97767000000000006E-04
1.97431000000000001E-04
1.97614999999999998E-04
1.97700999999999997E-04
1.97290000000000003E-04
2.12067000000000001E-04
1.97614999999999998E-04
1.97712999999999996E-04
1.97724000000000006E-04
2.14364000000000010E-04
1.96932000000000004E-04
1.97171000000000000E-04
1.97171000000000000E-04
1.96619000000000009E-04
1.97020000000000008E-04
2.31491999999999999E-04
1.97863999999999988E-04
1.97366000000000007E-04
1.97745000000000012E-04
1.97399000000000012E-04
2.15090000000000002E-04
1.97648000000000002E-04
1.77595000000000010E-04
1.58528000000000011E-04
1.58593000000000004E-04
1.74257999999999998E-04
1.58321999999999993E-04
1.58505999999999990E-04
1.58548999999999989E-04
1.65081999999999989E-04
1.58495000000000006E-04
1.59187999999999994E-04
1.92632000000000008E-04
1.59080999999999990E-04
1.58180999999999995E-04
1.58202999999999989E-04
1.58321000000000004E-04
1.68722000000000002E-04
2.13713000000000005E-04
1.58581999999999994E-04
1.57899000000000001E-04
1.57856000000000001E-04
1.58256999999999999E-04
1.58278000000000005E-04
1.71528000000000002E-04
1.76078000000000004E-04
1.59058999999999996E-04
1.58765999999999991E-04
1.58571000000000010E-04
1.58419000000000002E-04
1.58571000000000010E-04
1.74312000000000008E-04
1.58452000000000007E-04
1.58170000000000012E-04
1.58268000000000010E-04
1.58505999999999990E-04
1.58407999999999992E-04
1.58321999999999993E-04
1.58235000000000005E-04
1.81895999999999995E-04
1.74334000000000002E-04
1.69588999999999992E-04
1.98166999999999988E-04
1.58159000000000001E-04
1.58127000000000013E-04
1.74291000000000002E-04
1.58624999999999993E-04
1.58343999999999987E-04
1.58689999999999987E-04
1.58679000000000003E-04
1.58581999999999994E-04
1.58734000000000002E-04
1.75612000000000012E-04
2.04439999999999987E-04
2.13193999999999992E-04
2.26214999999999988E-04
2.09087999999999988E-04
2.09597000000000006E-04
2.10139000000000002E-04
2.09380999999999993E-04
2.28359999999999989E-04
2.08101999999999994E-04
2.32715999999999999E-04
2.43810000000000012E-04
2.14245000000000006E-04
2.32086999999999989E-04
2.10735000000000008E-04
2.10506999999999996E-04
2.08297000000000001E-04
2.07853000000000004E-04
2.10756000000000013E-04
2.16683000000000012E-04
2.31480999999999988E-04
2.17581000000000003E-04
2.10041000000000004E-04
2.10594000000000010E-04
2.11633999999999987E-04
2.09294000000000006E-04
2.30105000000000007E-04
2.36648000000000002E-04
2.11212000000000010E-04
2.28859000000000012E-04
2.30289999999999992E-04
2.09814000000000007E-04
2.02966999999999997E-04
2.16887999999999987E-04
2.14083000000000003E-04
2.10756000000000013E-04
2.15619999999999999E-04
2.09435000000000003E-04
2.09585999999999995E-04
2.16715000000000001E-04
2.30387000000000002E-04
2.11167999999999995E-04
2.11546999999999999E-04
2.10712999999999986E-04
2.12045999999999996E-04
2.27948999999999996E-04
2.10029999999999993E-04
2.16065000000000012E-04
2.21179000000000005E-04
2.12825000000000010E-04
2.32348000000000005E-04
2.27493999999999987E-04
2.10051999999999987E-04
2.13009999999999995E-04
2.10496000000000012E-04
2.11351999999999992E-04
2.10843000000000000E-04
2.10561000000000006E-04
2.10322999999999999E-04
2.23768000000000003E-04
2.32553999999999996E-04
2.10907999999999994E-04
2.11427999999999996E-04
2.41642999999999990E-04
2.18101000000000004E-04
2.18490999999999992E-04
2.29823000000000012E-04
2.13171999999999998E-04
2.10322999999999999E-04
2.14591999999999995E-04
2.31675999999999996E-04
2.10995000000000008E-04
2.15707000000000014E-04
2.11699000000000007E-04
2.28404000000000004E-04
2.11795999999999989E-04
2.10680000000000009E-04
2.11818000000000011E-04
4.33721999999999992E-04
2.11916000000000009E-04
2.45673000000000018E-04
3.43370999999999976E-04
2.10518000000000006E-04
2.20983000000000008E-04
2.09532000000000013E-04
2.10258000000000005E-04
2.30711999999999996E-04
2.47391000000000017E-04
2.03215999999999987E-04
1.79902000000000013E-04
1.58581999999999994E-04
1.58321999999999993E-04
1.58278000000000005E-04
3.03405000000000027E-04
1.63933999999999993E-04
1.58342999999999998E-04
1.90020999999999989E-04
2.14646000000000005E-04
1.72406000000000002E-04
1.59068999999999991E-04
1.58712000000000008E-04
1.58560000000000000E-04
1.58376000000000003E-04
1.58225000000000011E-04
1.86954999999999988E-04
1.58679000000000003E-04
2.55402000000000005E-04
2.89625000000000006E-04
2.11005000000000003E-04
1.74811000000000004E-04
1.59070000000000007E-04
1.58528000000000011E-04
1.59037000000000002E-04
1.59166999999999989E-04
1.58528000000000011E-04
1.58602999999999999E-04
1.58896000000000005E-04
1.58886000000000010E-04
1.58571000000000010E-04
1.58657000000000009E-04
1.58538999999999994E-04
1.58831000000000011E-04
1.76013000000000010E-04
1.59101999999999996E-04
1.58777000000000001E-04
1.58917999999999999E-04
1.58526999999999995E-04
2.52996999999999977E-04
2.58857999999999994E-04
2.07798999999999994E-04
2.31794999999999999E-04
2.08404999999999994E-04
2.08146000000000009E-04
3.47292000000000022E-04
2.08664999999999995E-04
2.29757999999999991E-04
2.08784999999999987E-04
2.08166999999999987E-04
2.07810000000000004E-04
2.08709000000000010E-04
2.11210999999999994E-04
2.10886000000000000E-04
2.34567999999999994E-04
2.09597000000000006E-04
2.25078999999999991E-04
2.19390999999999987E-04
2.10041999999999992E-04
2.08958000000000001E-04
2.06195999999999989E-04
2.06856000000000000E-04
2.06488000000000006E-04
2.06824000000000011E-04
2.72866000000000026E-04
2.23625999999999990E-04
2.06304000000000009E-04
2.11797000000000005E-04
2.07213999999999998E-04
2.05631999999999999E-04
2.24243999999999990E-04
2.09748999999999987E-04
5.43392999999999979E-04
2.15772999999999996E-04
2.03334999999999990E-04
2.03453999999999994E-04
2.03475999999999988E-04
2.02339000000000002E-04
2.23918999999999995E-04
2.00420999999999998E-04
2.47915999999999989E-04
2.24352000000000010E-04
2.23160999999999987E-04
2.08220999999999997E-04
2.08523999999999998E-04
2.07571000000000009E-04
2.23463999999999987E-04
2.08025999999999990E-04
2.28936000000000005E-04
2.09110000000000009E-04
2.24211000000000012E-04
2.07874999999999998E-04
2.18513000000000013E-04
2.08122999999999999E-04
2.24286999999999989E-04
2.08502999999999992E-04
2.08048000000000011E-04
2.07712000000000006E-04
2.55423000000000011E-04
2.08731000000000004E-04
2.23171000000000008E-04
2.07777999999999988E-04
2.08037000000000001E-04
2.23746000000000009E-04
2.09065999999999994E-04
2.07820999999999988E-04
2.08037000000000001E-04
2.23723999999999988E-04
2.28046000000000005E-04
2.09108999999999993E-04
2.46323000000000006E-04
2.23562000000000012E-04
2.07765999999999989E-04
2.08416000000000005E-04
2.08070000000000005E-04
2.07462999999999989E-04
2.23560999999999996E-04
2.08502999999999992E-04
2.28296000000000011E-04
2.07993000000000013E-04
2.07819999999999999E-04
2.23312000000000006E-04
2.08395000000000000E-04
2.09034000000000005E-04
2.08113000000000005E-04
2.07712000000000006E-04
2.44947000000000025E-04
2.07906999999999987E-04
2.37320000000000011E-04
2.07993000000000013E-04
2.08025999999999990E-04
2.07667999999999991E-04
2.23517999999999997E-04
2.08232000000000008E-04
2.07344000000000012E-04
2.07994000000000001E-04
2.07734000000000000E-04
2.07722999999999990E-04
2.42412000000000009E-04
2.08459000000000004E-04
2.08404999999999994E-04
2.08774000000000004E-04
2.08156000000000004E-04
2.09585999999999995E-04
2.24037999999999999E-04
2.07874000000000009E-04
2.07777999999999988E-04
2.18848999999999991E-04
2.08958000000000001E-04
4.04569000000000022E-04
2.42314000000000011E-04
2.51219000000000008E-04
3.02478000000000013E-04
2.18611000000000011E-04
2.11427999999999996E-04
2.27082999999999994E-04
1.98731000000000005E-04
1.96250000000000000E-04
1.93887999999999998E-04
1.76727999999999993E-04
1.83326000000000013E-04
1.70976000000000011E-04
2.14049999999999999E-04
2.40592000000000003E-04
2.18113000000000004E-04
2.26010000000000013E-04
2.35564999999999999E-04
2.16325000000000013E-04
2.51240999999999975E-04
2.15447000000000013E-04
2.42097999999999999E-04
2.16498000000000000E-04
2.15262999999999989E-04
2.34417000000000002E-04
2.18318000000000006E-04
2.48175000000000002E-04
2.17894999999999986E-04
2.43224999999999990E-04
2.17309999999999991E-04
2.22455999999999999E-04
2.52032000000000016E-04
2.30592000000000004E-04
2.37277000000000012E-04
1.90866000000000012E-04
1.91981000000000004E-04
2.12456999999999989E-04
2.18707999999999994E-04
2.42119999999999993E-04
2.37872999999999991E-04
2.19358999999999998E-04
2.19456000000000008E-04
2.19974999999999994E-04
2.57341000000000015E-04
2.24233000000000006E-04
2.38294999999999994E-04
2.19595999999999989E-04
2.48510999999999979E-04
2.36550999999999992E-04
2.19196000000000007E-04
2.19196000000000007E-04
2.60677000000000012E-04
2.53905999999999978E-04
2.28025000000000000E-04
2.44589999999999988E-04
2.18903000000000001E-04
2.55249999999999997E-04
2.19747999999999997E-04
2.44016000000000003E-04
2.38413999999999998E-04
2.19477000000000013E-04
2.40267000000000009E-04
2.25056999999999997E-04
2.40267000000000009E-04
2.37580000000000012E-04
2.20160000000000006E-04
2.42584999999999996E-04
2.58250000000000016E-04
2.19781000000000002E-04
2.19693999999999987E-04
2.49550999999999983E-04
2.20041000000000003E-04
2.40656999999999997E-04
3.52594999999999981E-04
2.18459000000000003E-04
2.18728999999999999E-04
2.19499000000000007E-04
2.25727999999999991E-04
2.20148999999999996E-04
2.47167999999999975E-04
2.19098000000000009E-04
2.37796999999999987E-04
2.19931999999999994E-04
2.37201000000000008E-04
2.59821999999999993E-04
2.19499000000000007E-04
2.20117000000000007E-04
2.19736999999999987E-04
2.40754999999999995E-04
2.24992000000000003E-04
2.19184999999999996E-04
2.36529999999999987E-04
2.19358000000000010E-04
2.19444000000000008E-04
2.19824000000000001E-04
2.19738000000000003E-04
2.20203999999999994E-04
2.19120000000000003E-04
2.45997999999999985E-04
2.19726999999999992E-04
2.19423999999999992E-04
2.39941999999999987E-04
2.60060000000000000E-04
2.19790999999999997E-04
2.19704999999999998E-04
2.19607999999999989E-04
2.20668999999999998E-04
2.42336000000000005E-04
2.24990999999999988E-04
2.18979000000000005E-04
2.18719000000000004E-04
2.52173000000000013E-04
2.19575000000000011E-04
2.19194999999999991E-04
2.19640000000000005E-04
2.19585999999999995E-04
2.19585999999999995E-04
2.45261999999999997E-04
2.19260000000000012E-04
2.32434000000000004E-04
2.19032999999999988E-04
2.36421000000000005E-04
2.20039999999999987E-04
2.19845999999999995E-04
2.19693999999999987E-04
2.24732000000000003E-04
2.41599000000000002E-04
2.24839999999999995E-04
2.19087999999999987E-04
2.18394000000000010E-04
2.19759000000000008E-04
2.37492999999999998E-04
2.19888999999999995E-04
2.19542000000000006E-04
2.20029999999999992E-04
2.20170999999999990E-04
2.40809000000000005E-04
2.37612999999999990E-04
2.19174000000000013E-04
2.18654000000000011E-04
2.43083000000000003E-04
2.37872000000000002E-04
2.19043999999999999E-04
2.19433999999999986E-04
2.39780000000000012E-04
2.41945999999999990E-04
3.84228000000000022E-04
2.78997000000000012E-04
2.37342000000000005E-04
2.11752999999999990E-04
2.49832999999999978E-04
2.33224999999999990E-04
2.21059000000000012E-04
2.29941999999999988E-04
2.03183999999999998E-04
2.04515999999999991E-04
2.04136999999999987E-04
2.36020999999999996E-04
2.09640999999999994E-04
2.00074000000000009E-04
2.19282000000000006E-04
1.97972999999999997E-04
2.69849000000000011E-04
2.00573000000000006E-04
1.58528000000000011E-04
1.58874000000000011E-04
1.75861000000000002E-04
1.72200000000000011E-04
1.58929000000000009E-04
1.58452000000000007E-04
1.58538000000000006E-04
1.58679999999999992E-04
1.93460000000000008E-04
1.58949999999999988E-04
1.97939999999999992E-04
1.58354000000000009E-04
1.58376000000000003E-04
1.58202999999999989E-04
1.58245999999999989E-04
1.58018999999999993E-04
1.58116000000000002E-04
1.58008000000000009E-04
1.58407999999999992E-04
1.81559999999999990E-04
1.93627999999999997E-04
1.75644000000000001E-04
1.58777000000000001E-04
1.58299999999999999E-04
1.58440999999999996E-04
1.58483999999999996E-04
1.58538999999999994E-04
1.58385999999999998E-04
1.58517000000000000E-04
1.58409000000000007E-04
1.58321999999999993E-04
1.58516000000000012E-04
1.58440999999999996E-04
1.84193000000000003E-04
1.84019000000000001E-04
1.65699999999999989E-04
1.58376000000000003E-04
1.72146000000000001E-04
1.76088999999999987E-04
1.58548999999999989E-04
1.57910000000000011E-04
1.58137000000000007E-04
1.77822000000000006E-04
1.99478999999999992E-04
1.91115000000000002E-04
1.92305999999999998E-04
1.58743999999999997E-04
1.58387000000000013E-04
1.58364999999999992E-04
1.58311000000000009E-04
1.58061999999999992E-04
1.58581999999999994E-04
1.58462000000000002E-04
1.58431000000000002E-04
1.58495000000000006E-04
1.74441999999999994E-04
1.58387000000000013E-04
1.76879000000000012E-04
1.90583999999999990E-04
1.58906999999999988E-04
1.58755000000000007E-04
1.58657999999999998E-04
1.58657000000000009E-04
1.58517000000000000E-04
1.58743999999999997E-04
1.66761999999999987E-04
2.00833000000000007E-04
1.58939000000000004E-04
1.81463000000000007E-04
1.77259000000000005E-04
1.76696000000000004E-04
1.58571000000000010E-04
1.74863999999999998E-04
1.58517000000000000E-04
1.58679999999999992E-04
1.58333000000000003E-04
4.01693000000000004E-04
2.05555999999999995E-04
2.16140000000000001E-04
2.09370000000000010E-04
2.22121000000000010E-04
2.15870000000000005E-04
2.15545000000000011E-04
2.13682000000000005E-04
2.14386000000000004E-04
1.60099000000000000E-04
1.58462000000000002E-04
1.58743999999999997E-04
1.58409000000000007E-04
1.58342999999999998E-04
1.75708999999999994E-04
1.58831000000000011E-04
1.79500999999999988E-04
1.65839999999999998E-04
1.58646999999999987E-04
1.58517000000000000E-04
1.60736999999999989E-04
1.78092999999999990E-04
1.58722999999999991E-04
1.58679000000000003E-04
1.58278000000000005E-04
1.72503000000000012E-04
1.70184000000000009E-04
1.58992999999999987E-04
1.58614000000000010E-04
1.58788000000000012E-04
1.58624999999999993E-04
1.58820000000000001E-04
1.58939000000000004E-04
1.58994000000000003E-04
1.88483000000000004E-04
1.59404999999999996E-04
1.59113000000000006E-04
1.75417000000000005E-04
1.58874999999999999E-04
1.58560000000000000E-04
1.58311000000000009E-04
1.58777000000000001E-04
1.58376000000000003E-04
1.58517000000000000E-04
1.58354000000000009E-04
1.58376000000000003E-04
1.77226999999999989E-04
1.58321999999999993E-04
1.58440999999999996E-04
1.58006999999999993E-04
1.58235000000000005E-04
1.66479000000000003E-04
1.58051000000000009E-04
1.91029000000000003E-04
2.09370000000000010E-04
2.09683999999999993E-04
2.08177999999999998E-04
2.12737999999999995E-04
2.48713999999999977E-04
2.04851999999999996E-04
2.05242000000000011E-04
2.05674999999999998E-04
2.83125000000000011E-04
4.06476000000000016E-04
2.55282000000000013E-04
2.27428999999999994E-04
2.20506000000000006E-04
2.06953999999999998E-04
2.04016999999999995E-04
2.15946000000000009E-04
2.05219999999999990E-04
2.82702999999999980E-04
4.79959999999999979E-04
2.08144999999999993E-04
2.33431000000000008E-04
2.11157000000000011E-04
2.11535999999999989E-04
2.31458999999999994E-04
2.03715000000000010E-04
2.05718999999999987E-04
2.03692999999999989E-04
2.04753999999999998E-04
2.14352999999999999E-04
2.04820000000000007E-04
2.28924999999999994E-04
4.13634999999999979E-04
3.01921000000000025E-04
2.34605999999999996E-04
2.14536999999999996E-04
2.12739000000000011E-04
2.08762999999999993E-04
2.12782000000000010E-04
2.38155000000000013E-04
1.58896000000000005E-04
1.84159999999999999E-04
1.58560000000000000E-04
1.58550000000000005E-04
1.58841000000000006E-04
1.58483999999999996E-04
1.58896000000000005E-04
1.58636000000000004E-04
1.58906999999999988E-04
1.58548999999999989E-04
1.59015000000000008E-04
1.59166999999999989E-04
1.58526999999999995E-04
2.07462999999999989E-04
1.58755000000000007E-04
1.58755999999999996E-04
1.58786999999999996E-04
1.58820000000000001E-04
1.58906999999999988E-04
1.58972000000000009E-04
1.58624999999999993E-04
1.58810000000000006E-04
1.58982000000000004E-04
1.58474000000000001E-04
1.58960999999999998E-04
1.58906999999999988E-04
1.76543999999999996E-04
1.58820000000000001E-04
1.58884999999999994E-04
1.58777000000000001E-04
1.58430000000000013E-04
1.58495999999999995E-04
1.58278000000000005E-04
1.58485000000000012E-04
1.72243000000000011E-04
1.69414999999999990E-04
1.59003999999999998E-04
1.58777000000000001E-04
1.84744999999999994E-04
1.76858000000000007E-04
1.59068999999999991E-04
1.58354000000000009E-04
1.58755000000000007E-04
1.59113000000000006E-04
1.58288999999999988E-04
1.58538999999999994E-04
1.58571000000000010E-04
1.72427000000000008E-04
1.58808999999999990E-04
1.62590999999999989E-04
1.59101999999999996E-04
1.59091000000000012E-04
1.58689999999999987E-04
1.76414000000000009E-04
1.58820999999999989E-04
1.58906999999999988E-04
1.59144999999999995E-04
1.58906999999999988E-04
1.58624999999999993E-04
1.58927999999999994E-04
1.58691000000000002E-04
1.58755000000000007E-04
1.65319999999999996E-04
1.59048000000000013E-04
1.58712000000000008E-04
1.58808999999999990E-04
1.76176000000000002E-04
1.58645999999999999E-04
1.58667999999999993E-04
1.58495000000000006E-04
1.58517000000000000E-04
1.58528000000000011E-04
1.58939000000000004E-04
1.59113000000000006E-04
1.58689999999999987E-04
1.59144999999999995E-04
1.58874999999999999E-04
1.59230999999999994E-04
1.59058999999999996E-04
1.58798000000000007E-04
1.96483000000000009E-04
2.23897999999999990E-04
2.05481000000000007E-04
1.82263999999999988E-04
1.58602999999999999E-04
1.58407999999999992E-04
2.18514000000000002E-04
1.58614000000000010E-04
1.69643000000000002E-04
1.58364999999999992E-04
1.95675999999999988E-04
3.72492999999999999E-04
1.71635999999999995E-04
1.93465000000000005E-04
2.02219000000000010E-04
2.05675999999999987E-04
2.15619999999999999E-04
2.14016999999999994E-04
2.13062999999999989E-04
2.13486000000000009E-04
2.15565999999999989E-04
2.35813999999999989E-04
2.19032999999999988E-04
2.10463999999999996E-04
2.09554000000000007E-04
2.28642999999999999E-04
2.10573000000000005E-04
2.11103000000000001E-04
2.11775000000000011E-04
2.09662999999999988E-04
2.09001000000000000E-04
2.28556000000000012E-04
2.09704999999999999E-04
2.08578999999999996E-04
2.08903999999999991E-04
2.08058000000000006E-04
2.16941999999999997E-04
2.11795999999999989E-04
2.22455999999999999E-04
1.70499000000000009E-04
1.71224000000000013E-04
2.01005999999999993E-04
1.83434000000000006E-04
1.61008999999999989E-04
2.06357999999999992E-04
2.24515000000000001E-04
2.13692000000000000E-04
2.09955000000000005E-04
2.10821000000000006E-04
2.09781000000000003E-04
2.13940999999999990E-04
2.15273999999999999E-04
2.14982000000000009E-04
2.36010000000000012E-04
2.14818999999999991E-04
2.17993000000000012E-04
2.15923999999999988E-04
2.17125999999999994E-04
2.13064000000000005E-04
2.14591999999999995E-04
2.14646000000000005E-04
2.12262999999999997E-04
2.15154000000000007E-04
2.47925999999999984E-04
2.11764000000000001E-04
2.34395000000000008E-04
2.13432999999999988E-04
2.13682000000000005E-04
2.15663999999999987E-04
2.20485000000000001E-04
2.13193999999999992E-04
2.14742999999999987E-04
2.11286999999999998E-04
2.31589000000000008E-04
2.08946999999999990E-04
2.15262999999999989E-04
2.31405000000000011E-04
2.09261999999999990E-04
2.09143000000000013E-04
2.09585999999999995E-04
2.05696999999999992E-04
2.25870000000000004E-04
2.13302000000000012E-04
2.33994999999999998E-04
2.07094000000000006E-04
2.13334000000000001E-04
2.12241000000000003E-04
2.32575000000000002E-04
2.11406000000000002E-04
2.13312999999999995E-04
2.11730999999999996E-04
2.87051999999999989E-04
1.99869000000000007E-04
1.99900999999999996E-04
1.97084000000000012E-04
2.06216999999999994E-04
2.05264000000000005E-04
2.01472000000000012E-04
2.38869000000000006E-04
3.02933999999999983E-04
2.13279999999999991E-04
2.11275999999999988E-04
2.13357000000000011E-04
2.08037000000000001E-04
2.12587999999999991E-04
2.12338000000000012E-04
2.19206999999999990E-04
2.07159999999999988E-04
2.31675999999999996E-04
2.26314000000000002E-04
1.77378000000000008E-04
1.86565000000000000E-04
1.75515000000000003E-04
1.76629999999999994E-04
1.96195999999999990E-04
1.78104000000000001E-04
1.87312999999999987E-04
1.71983000000000010E-04
1.94138000000000004E-04
2.32823999999999992E-04
1.96824000000000012E-04
2.13248000000000002E-04
2.09792000000000013E-04
2.13453999999999993E-04
2.09327000000000010E-04
2.14200999999999991E-04
2.12522000000000009E-04
2.12976999999999991E-04
2.36268999999999997E-04
2.16832999999999989E-04
2.10757000000000002E-04
2.33973000000000004E-04
2.14028000000000005E-04
2.12219000000000009E-04
2.12608999999999997E-04
2.11363000000000002E-04
2.14071000000000004E-04
2.24168000000000013E-04
2.39649000000000009E-04
2.18285999999999990E-04
2.14472999999999991E-04
2.12978000000000006E-04
2.36319999999999987E-04
1.87605000000000004E-04
1.96801999999999990E-04
1.68125999999999996E-04
1.61094999999999988E-04
1.58657999999999998E-04
1.58419000000000002E-04
2.35164999999999989E-04
3.66975999999999978E-04
1.58982999999999992E-04
1.58485000000000012E-04
1.58517000000000000E-04
1.58722999999999991E-04
1.58657000000000009E-04
1.58712000000000008E-04
1.58646999999999987E-04
1.95915000000000011E-04
1.58646999999999987E-04
1.76749999999999987E-04
1.72351000000000004E-04
1.58602999999999999E-04
1.82046999999999987E-04
1.95751999999999992E-04
1.59091000000000012E-04
1.59101000000000007E-04
1.59025999999999992E-04
1.59394000000000012E-04
1.59101999999999996E-04
1.59252999999999988E-04
1.59101999999999996E-04
1.59318999999999997E-04
1.76739000000000003E-04
1.58517000000000000E-04
1.58268000000000010E-04
1.58364999999999992E-04
1.58614000000000010E-04
1.58646999999999987E-04
3.09778999999999990E-04
2.59159999999999978E-04
2.01492999999999990E-04
2.01926999999999993E-04
2.02176000000000010E-04
2.01840000000000006E-04
2.08253000000000013E-04
2.02315999999999992E-04
2.01754000000000007E-04
2.26486000000000000E-04
2.03389999999999989E-04
2.02489999999999994E-04
2.02761000000000006E-04
2.02880000000000009E-04
2.02706999999999996E-04
2.19921000000000011E-04
2.03054000000000011E-04
2.07495000000000005E-04
2.01461999999999990E-04
2.24276999999999994E-04
2.02491000000000010E-04
2.27645999999999995E-04
2.08340999999999990E-04
2.07550000000000003E-04
2.09650999999999989E-04
2.09986999999999994E-04
2.09726999999999993E-04
2.14818999999999991E-04
2.09456000000000008E-04
2.32358999999999989E-04
2.11210999999999994E-04
2.19335999999999988E-04
2.15469000000000007E-04
2.09716000000000009E-04
2.10029999999999993E-04
2.09585999999999995E-04
2.09196000000000008E-04
2.16022000000000013E-04
2.08817000000000003E-04
2.37471999999999992E-04
2.06304000000000009E-04
2.23832000000000008E-04
2.07994000000000001E-04
2.07202999999999988E-04
2.05741000000000008E-04
2.14699999999999987E-04
2.09619000000000000E-04
2.13713999999999994E-04
2.07170000000000010E-04
2.30299999999999987E-04
2.12057000000000006E-04
2.09650999999999989E-04
2.08426999999999988E-04
2.32348000000000005E-04
2.09802999999999997E-04
2.07788000000000010E-04
2.08881999999999997E-04
2.15176000000000001E-04
2.51361000000000021E-04
2.28523000000000007E-04
2.09055999999999999E-04
2.09597000000000006E-04
2.09325999999999994E-04
2.08989999999999990E-04
2.08860000000000003E-04
2.13995999999999989E-04
2.06531000000000005E-04
2.36583000000000008E-04
2.09468000000000008E-04
2.30993000000000002E-04
2.07409000000000006E-04
2.10723999999999997E-04
2.09998000000000004E-04
2.07896999999999992E-04
2.09001999999999989E-04
2.15653000000000004E-04
2.27428999999999994E-04
1.72437999999999991E-04
1.80618000000000011E-04
4.89882999999999985E-04
2.09748999999999987E-04
2.09272000000000012E-04
2.07777000000000000E-04
2.12196999999999988E-04
2.13257999999999997E-04
2.14439999999999987E-04
2.13832999999999997E-04
1.83737999999999995E-04
1.59232000000000010E-04
1.62308999999999994E-04
1.59199999999999994E-04
1.58992999999999987E-04
1.59058000000000008E-04
1.59070000000000007E-04
1.61408999999999999E-04
1.72492000000000001E-04
1.88559000000000009E-04
1.58851999999999990E-04
1.58299999999999999E-04
1.58896000000000005E-04
1.76901999999999995E-04
1.58679000000000003E-04
1.58159999999999990E-04
1.58517000000000000E-04
1.58147999999999991E-04
1.58343999999999987E-04
1.58245999999999989E-04
1.58495000000000006E-04
1.58364999999999992E-04
1.58170000000000012E-04
1.58137999999999996E-04
1.58018000000000004E-04
1.58517000000000000E-04
1.76056999999999998E-04
1.58354000000000009E-04
1.72265000000000005E-04
2.03248000000000003E-04
1.97810000000000005E-04
1.98363000000000012E-04
1.74420999999999989E-04
1.85102000000000004E-04
1.73174000000000006E-04
1.58777000000000001E-04
1.58689999999999987E-04
1.58311000000000009E-04
1.58755999999999996E-04
1.76879000000000012E-04
1.58755999999999996E-04
1.59166999999999989E-04
1.63186000000000006E-04
1.58495000000000006E-04
1.61072999999999994E-04
1.58571000000000010E-04
1.58440999999999996E-04
1.58734000000000002E-04
1.87452999999999996E-04
1.63608000000000010E-04
1.58170000000000012E-04
1.58159000000000001E-04
1.76522000000000002E-04
1.58311000000000009E-04
1.58452000000000007E-04
1.58073000000000003E-04
1.58245999999999989E-04
2.04959999999999989E-04
1.58290000000000004E-04
1.57834999999999996E-04
1.58104999999999991E-04
1.72157000000000012E-04
1.58722000000000003E-04
1.58354000000000009E-04
1.58743999999999997E-04
1.76651999999999989E-04
1.58722999999999991E-04
1.58679999999999992E-04
1.58407999999999992E-04
1.58290000000000004E-04
1.58636000000000004E-04
1.58430000000000013E-04
1.58137999999999996E-04
1.65396000000000000E-04
2.02792999999999995E-04
1.67455000000000002E-04
1.67552000000000011E-04
1.59275999999999998E-04
1.77810999999999996E-04
1.58560000000000000E-04
1.58560000000000000E-04
1.66825999999999991E-04
1.58084000000000013E-04
1.58820000000000001E-04
1.58636000000000004E-04
1.58192000000000006E-04
1.58452000000000007E-04
1.58765999999999991E-04
1.78872999999999993E-04
1.58419000000000002E-04
4.29020000000000009E-04
1.58874000000000011E-04
1.57985999999999988E-04
1.58440999999999996E-04
1.58473000000000012E-04
1.58602999999999999E-04
1.58896000000000005E-04
1.59080000000000002E-04
1.58548999999999989E-04
1.58896000000000005E-04
1.78982000000000002E-04
1.58700999999999997E-04
1.58387000000000013E-04
1.58734000000000002E-04
1.71430000000000004E-04
1.58949999999999988E-04
1.58755000000000007E-04
1.58614999999999998E-04
1.58679000000000003E-04
1.58765999999999991E-04
1.58646999999999987E-04
1.58462999999999990E-04
1.58560000000000000E-04
1.75634000000000006E-04
1.58560000000000000E-04
1.57942999999999989E-04
1.58256999999999999E-04
1.58137999999999996E-04
2.13551000000000002E-04
1.58669000000000008E-04
1.58495000000000006E-04
1.58419000000000002E-04
1.58614999999999998E-04
1.58733000000000013E-04
1.58646999999999987E-04
1.58419000000000002E-04
1.58538999999999994E-04
1.78850999999999999E-04
1.58202999999999989E-04
1.65796999999999998E-04
1.58288999999999988E-04
1.58311000000000009E-04
1.58624999999999993E-04
1.58495999999999995E-04
1.58526999999999995E-04
1.58745000000000012E-04
1.58646999999999987E-04
1.58560000000000000E-04
1.58387000000000013E-04
1.58473000000000012E-04
1.80411999999999993E-04
1.58474000000000001E-04
1.58505999999999990E-04
1.58409000000000007E-04
1.58213000000000011E-04
1.58333000000000003E-04
1.58192000000000006E-04
1.58602999999999999E-04
1.58560000000000000E-04
1.58290000000000004E-04
1.58397000000000008E-04
1.58397999999999997E-04
1.77474999999999991E-04
1.58397999999999997E-04
2.91088000000000002E-04
3.17337000000000001E-04
3.17466999999999988E-04
3.16839000000000020E-04
1.73663000000000007E-04
1.58853000000000005E-04
1.66760999999999998E-04
1.87128000000000001E-04
1.73088000000000007E-04
1.59416000000000006E-04
1.59252999999999988E-04
1.58734000000000002E-04
1.58960999999999998E-04
1.64367000000000007E-04
1.59091000000000012E-04
1.59383999999999991E-04
1.59025999999999992E-04
1.59492000000000010E-04
1.59187999999999994E-04
1.59340999999999991E-04
1.82589000000000010E-04
1.77497000000000012E-04
1.59328999999999992E-04
1.59025999999999992E-04
1.59015999999999997E-04
1.58960999999999998E-04
1.58853000000000005E-04
1.58972000000000009E-04
1.59015000000000008E-04
1.58994000000000003E-04
1.59025999999999992E-04
1.59134000000000012E-04
1.59134000000000012E-04
1.58777000000000001E-04
1.99521999999999991E-04
2.09304999999999989E-04
2.39184000000000006E-04
2.05892000000000000E-04
2.44816999999999984E-04
2.21763000000000011E-04
1.95383000000000010E-04
2.18523999999999997E-04
2.49346000000000008E-04
2.19996999999999988E-04
2.03183999999999998E-04
2.45477999999999983E-04
2.14841000000000012E-04
2.17993000000000012E-04
1.94450999999999999E-04
1.93043000000000001E-04
1.92448000000000011E-04
1.92837000000000011E-04
1.93107999999999995E-04
2.17299999999999996E-04
1.88872000000000004E-04
1.97886000000000009E-04
1.96738000000000013E-04
2.04450999999999998E-04
1.77605999999999993E-04
1.90790000000000008E-04
1.87941000000000009E-04
1.74625999999999991E-04
2.14071999999999993E-04
1.62396000000000008E-04
1.73585999999999988E-04
2.27450999999999988E-04
2.13649000000000000E-04
2.15295000000000005E-04
2.14959999999999988E-04
2.14288000000000006E-04
2.13778999999999987E-04
2.15426000000000007E-04
2.17851999999999987E-04
2.10833000000000006E-04
2.02036000000000002E-04
2.04949999999999994E-04
1.95037000000000010E-04
2.02241000000000004E-04
1.59449000000000011E-04
1.65613000000000002E-04
1.59232000000000010E-04
1.58992999999999987E-04
2.03205000000000003E-04
1.60380000000000006E-04
2.06238999999999988E-04
2.13746999999999998E-04
2.52504000000000021E-04
2.07018999999999991E-04
1.77454000000000012E-04
1.87961999999999987E-04
1.69025000000000002E-04
1.61377000000000010E-04
1.62558000000000011E-04
1.58474000000000001E-04
2.11687999999999997E-04
2.14742999999999987E-04
2.39194000000000001E-04
2.13734999999999999E-04
2.15295000000000005E-04
2.17743999999999994E-04
2.12143000000000005E-04
2.27819000000000009E-04
2.16941999999999997E-04
1.72816999999999996E-04
1.82382999999999992E-04
1.89814999999999998E-04
1.94851999999999997E-04
2.01492999999999990E-04
1.65839999999999998E-04
1.60836000000000003E-04
1.81809000000000007E-04
1.75481999999999998E-04
1.86500000000000007E-04
1.99988000000000010E-04
2.05860000000000011E-04
1.80347000000000000E-04
2.09239999999999996E-04
2.05837999999999990E-04
3.25867999999999991E-04
2.09163999999999992E-04
2.09673000000000010E-04
2.10733999999999992E-04
2.70091999999999988E-04
2.09619000000000000E-04
2.15696000000000003E-04
2.15815999999999995E-04
1.92652999999999987E-04
1.58548999999999989E-04
1.58082999999999997E-04
1.58689999999999987E-04
1.58311000000000009E-04
1.58342999999999998E-04
1.58343999999999987E-04
1.58364999999999992E-04
1.80215999999999997E-04
1.58387000000000013E-04
1.58700999999999997E-04
1.58180999999999995E-04
1.58452000000000007E-04
1.77898000000000010E-04
1.58624999999999993E-04
1.58061999999999992E-04
1.58495000000000006E-04
1.58245999999999989E-04
1.58149000000000007E-04
1.90638999999999989E-04
1.58431000000000002E-04
1.58972000000000009E-04
1.76500000000000008E-04
1.58517000000000000E-04
1.58505999999999990E-04
1.58614999999999998E-04
1.58483999999999996E-04
1.58364999999999992E-04
1.58560000000000000E-04
1.58810000000000006E-04
1.58722000000000003E-04
1.58603999999999988E-04
1.58483999999999996E-04
1.58560000000000000E-04
1.58560000000000000E-04
1.90346000000000010E-04
1.59080000000000002E-04
1.58624999999999993E-04
1.59101999999999996E-04
1.58743999999999997E-04
1.58929000000000009E-04
1.58603999999999988E-04
2.09401999999999999E-04
2.27743000000000005E-04
2.35629999999999992E-04
2.43267999999999989E-04
2.19996999999999988E-04
2.19585999999999995E-04
2.19716000000000009E-04
2.19163000000000002E-04
2.12696000000000011E-04
1.58755000000000007E-04
1.61637000000000011E-04
1.58431000000000002E-04
1.58462999999999990E-04
1.58462999999999990E-04
1.58288999999999988E-04
1.86078000000000003E-04
1.64377000000000002E-04
1.58223999999999995E-04
1.58517000000000000E-04
1.58321999999999993E-04
1.58450999999999991E-04
1.58581999999999994E-04
1.69936000000000007E-04
1.58538999999999994E-04
1.58245999999999989E-04
1.58397999999999997E-04
1.58863000000000000E-04
1.58517000000000000E-04
1.75482999999999987E-04
1.58874999999999999E-04
1.58853000000000005E-04
1.58743999999999997E-04
1.58831000000000011E-04
1.58798000000000007E-04
1.58485000000000012E-04
1.58679000000000003E-04
1.58376000000000003E-04
1.58679000000000003E-04
1.58581999999999994E-04
1.58299999999999999E-04
1.58474000000000001E-04
1.58419999999999991E-04
1.76316999999999999E-04
2.08177999999999998E-04
2.19790999999999997E-04
2.19573999999999995E-04
2.29671999999999992E-04
2.19867000000000001E-04
2.13952000000000001E-04
2.10647999999999993E-04
2.61467999999999998E-04
2.91461000000000020E-04
2.27137000000000004E-04
2.71196999999999985E-04
2.19683000000000004E-04
1.74279999999999992E-04
1.89989000000000000E-04
1.69285000000000003E-04
1.58430000000000013E-04
1.88135999999999989E-04
1.64627000000000008E-04
1.58636000000000004E-04
1.58073000000000003E-04
1.58483999999999996E-04
1.58593000000000004E-04
1.58039999999999998E-04
1.90692999999999999E-04
1.58917999999999999E-04
1.58624999999999993E-04
1.58700999999999997E-04
1.58602999999999999E-04
1.58712000000000008E-04
1.76543999999999996E-04
1.59156000000000006E-04
1.58765999999999991E-04
1.58712000000000008E-04
1.58810000000000006E-04
1.58636000000000004E-04
1.58786999999999996E-04
1.59123999999999990E-04
1.58602999999999999E-04
1.58571000000000010E-04
1.58602999999999999E-04
1.62372999999999999E-04
1.95677000000000004E-04
1.58528000000000011E-04
1.76889999999999995E-04
1.58170000000000012E-04
1.58256999999999999E-04
1.58342999999999998E-04
1.65851999999999997E-04
1.78710000000000002E-04
1.58646999999999987E-04
1.80411999999999993E-04
1.58614000000000010E-04
1.58214000000000000E-04
1.58125999999999997E-04
1.58581999999999994E-04
1.76705999999999998E-04
1.76326999999999994E-04
1.62179000000000007E-04
1.58689999999999987E-04
1.60433999999999989E-04
1.58409000000000007E-04
1.58299999999999999E-04
1.58397000000000008E-04
1.58419999999999991E-04
1.62155999999999997E-04
1.58560000000000000E-04
1.58593000000000004E-04
1.58430000000000013E-04
1.58689999999999987E-04
1.75839999999999997E-04
1.59178000000000000E-04
1.58603999999999988E-04
1.66500999999999997E-04
1.58679000000000003E-04
1.58896000000000005E-04
1.58689999999999987E-04
1.59209999999999988E-04
1.58874999999999999E-04
1.58765999999999991E-04
1.58624999999999993E-04
1.58288999999999988E-04
1.58820000000000001E-04
1.58646999999999987E-04
1.75698999999999999E-04
1.58591999999999989E-04
1.58342999999999998E-04
1.67259999999999994E-04
2.14483000000000013E-04
2.28394000000000009E-04
1.67421999999999997E-04
1.58820000000000001E-04
1.58450999999999991E-04
1.69068999999999990E-04
1.58299999999999999E-04
1.60802000000000010E-04
1.77368000000000013E-04
1.75589999999999991E-04
1.58538000000000006E-04
1.62785000000000008E-04
1.59058999999999996E-04
1.58874000000000011E-04
1.58874000000000011E-04
1.58863999999999989E-04
1.58636000000000004E-04
4.86115999999999979E-04
2.13193000000000003E-04
2.16140999999999989E-04
1.88938000000000013E-04
1.59156000000000006E-04
1.58820999999999989E-04
1.58646999999999987E-04
1.58765999999999991E-04
1.58765999999999991E-04
1.80368000000000005E-04
2.14104000000000009E-04
2.10933000000000008E-04
1.59383999999999991E-04
2.26032000000000007E-04
1.58700999999999997E-04
1.58831000000000011E-04
1.58755000000000007E-04
1.58397000000000008E-04
1.58061999999999992E-04
1.58495000000000006E-04
1.71950999999999994E-04
1.58906999999999988E-04
1.59101000000000007E-04
1.58679999999999992E-04
1.86379999999999988E-04
2.14255000000000001E-04
2.43023999999999996E-04
2.11124999999999995E-04
2.14276999999999995E-04
2.11103000000000001E-04
2.08860000000000003E-04
2.10289999999999994E-04
2.11730999999999996E-04
2.12110999999999989E-04
2.53830999999999989E-04
2.41274999999999996E-04
2.16259999999999993E-04
2.10138000000000013E-04
2.15891000000000010E-04
2.17548999999999987E-04
2.09836000000000001E-04
2.27309999999999990E-04
2.13865000000000013E-04
2.13216000000000013E-04
2.15555000000000005E-04
2.38738999999999992E-04
2.40408000000000006E-04
2.16769000000000011E-04
2.13388999999999999E-04
2.09098999999999998E-04
2.09661999999999999E-04
2.19466000000000002E-04
2.51935000000000006E-04
2.17029000000000012E-04
2.40787000000000011E-04
2.15154000000000007E-04
2.16509000000000010E-04
2.16769000000000011E-04
2.09022999999999994E-04
2.14536999999999996E-04
2.04202000000000008E-04
2.12565999999999997E-04
2.13498000000000008E-04
2.13529000000000008E-04
2.38414999999999987E-04
2.13291999999999990E-04
2.14038999999999988E-04
2.13606000000000001E-04
2.14472000000000002E-04
2.14884000000000011E-04
2.51361000000000021E-04
2.20451999999999996E-04
2.12911999999999997E-04
2.12413999999999989E-04
2.41945999999999990E-04
2.13303000000000001E-04
2.15348999999999987E-04
2.15641999999999993E-04
2.13746000000000010E-04
2.13789999999999998E-04
6.72315000000000044E-04
2.10203000000000007E-04
2.10463999999999996E-04
2.17581999999999991E-04
2.14243999999999990E-04
2.22348000000000006E-04
2.29466000000000002E-04
2.11850999999999988E-04
2.20754999999999996E-04
2.32238999999999997E-04
2.16216999999999993E-04
2.11406000000000002E-04
2.13637999999999990E-04
2.20799000000000012E-04
2.14104000000000009E-04
2.16388999999999991E-04
2.10084999999999992E-04
2.13128999999999999E-04
2.19120000000000003E-04
2.34894000000000004E-04
2.09867999999999990E-04
2.11158000000000000E-04
2.30461999999999990E-04
2.19855999999999990E-04
2.22944000000000012E-04
2.22240000000000013E-04
2.10551000000000011E-04
2.11850999999999988E-04
2.57675999999999977E-04
2.09933000000000011E-04
2.15610000000000004E-04
2.11666000000000003E-04
2.11069999999999997E-04
2.15469000000000007E-04
2.13778999999999987E-04
2.20019000000000009E-04
2.10366999999999987E-04
2.11406000000000002E-04
2.36681000000000006E-04
2.13432999999999988E-04
2.17960000000000007E-04
2.09607999999999989E-04
2.11372999999999997E-04
2.29996999999999987E-04
2.10561000000000006E-04
2.21840000000000004E-04
2.30852999999999994E-04
2.17688999999999996E-04
2.32140999999999999E-04
2.11687999999999997E-04
2.04472999999999992E-04
2.07431000000000000E-04
2.09098999999999998E-04
2.12792999999999994E-04
2.06683000000000013E-04
2.03692999999999989E-04
2.06748000000000007E-04
2.09511000000000007E-04
2.36182999999999998E-04
2.08600999999999990E-04
2.12880000000000008E-04
2.47732000000000019E-04
2.08123999999999988E-04
2.12403000000000006E-04
2.06390000000000008E-04
2.03475999999999988E-04
2.15588000000000010E-04
2.06975999999999992E-04
2.30809999999999994E-04
2.07397999999999995E-04
2.29943000000000004E-04
2.02825999999999999E-04
2.03389000000000000E-04
2.14190999999999996E-04
2.08969000000000011E-04
2.10506999999999996E-04
2.05978999999999987E-04
2.05913999999999994E-04
3.32319999999999990E-04
2.68348000000000013E-04
3.20110999999999985E-04
9.10808000000000039E-04
2.69585999999999990E-04
2.61900999999999985E-04
2.20236000000000010E-04
2.11969999999999992E-04
2.26746000000000001E-04
2.11828999999999994E-04
2.42894000000000009E-04
1.58700999999999997E-04
1.58245999999999989E-04
2.06206000000000011E-04
2.25619999999999998E-04
2.10712999999999986E-04
2.19206999999999990E-04
1.92241999999999993E-04
2.07636000000000002E-04
2.08545999999999992E-04
2.06206000000000011E-04
1.91721999999999992E-04
1.58939000000000004E-04
1.58483999999999996E-04
1.58321999999999993E-04
1.58366000000000008E-04
1.76868999999999990E-04
1.58614000000000010E-04
1.58354999999999997E-04
1.58409000000000007E-04
1.74290000000000013E-04
1.58407999999999992E-04
1.58669000000000008E-04
1.58657999999999998E-04
1.58440999999999996E-04
1.62015999999999988E-04
1.74756000000000005E-04
1.58397000000000008E-04
1.84105999999999989E-04
1.75753000000000009E-04
1.58863000000000000E-04
1.58667999999999993E-04
1.58299999999999999E-04
1.58896000000000005E-04
1.58311000000000009E-04
1.58571000000000010E-04
1.75016999999999995E-04
1.92697000000000002E-04
2.11038000000000008E-04
2.24915999999999999E-04
2.09218000000000002E-04
2.56019999999999978E-04
2.19921999999999999E-04
2.19478000000000002E-04
2.19802999999999996E-04
2.24200000000000002E-04
2.37764000000000009E-04
2.19521000000000001E-04
2.52118999999999976E-04
2.46094999999999994E-04
2.19174000000000013E-04
2.41004000000000012E-04
2.22845999999999987E-04
2.19671999999999993E-04
2.19304000000000000E-04
2.18772999999999987E-04
2.37223000000000002E-04
2.20246999999999994E-04
2.19867000000000001E-04
2.46614999999999996E-04
2.18752000000000009E-04
2.31892000000000008E-04
2.44437999999999980E-04
1.78103000000000012E-04
1.80184000000000008E-04
1.59134000000000012E-04
1.59187999999999994E-04
2.29010999999999993E-04
1.59330000000000008E-04
1.58863999999999989E-04
1.42028199999999992E-03
2.06108000000000013E-04
2.29000000000000010E-04
2.39833999999999994E-04
2.24037999999999999E-04
2.08459000000000004E-04
2.08351000000000011E-04
2.07886000000000008E-04
2.08058999999999995E-04
2.23128999999999998E-04
2.54853999999999996E-04
2.08991000000000005E-04
2.11069999999999997E-04
2.10246999999999995E-04
2.25533000000000011E-04
2.10561000000000006E-04
2.09955000000000005E-04
2.31155999999999994E-04
2.37092999999999988E-04
2.09705999999999987E-04
2.28025000000000000E-04
2.08958000000000001E-04
2.27397000000000005E-04
2.13529000000000008E-04
2.49670999999999975E-04
2.13995999999999989E-04
2.14937999999999994E-04
2.21558000000000009E-04
1.97681000000000007E-04
1.75763999999999993E-04
1.58624999999999993E-04
1.60576000000000002E-04
1.58331999999999988E-04
1.58409000000000007E-04
1.79134000000000010E-04
1.58571000000000010E-04
1.74897999999999991E-04
1.58712000000000008E-04
1.58602999999999999E-04
1.58734000000000002E-04
1.58342999999999998E-04
1.58342999999999998E-04
1.58333000000000003E-04
1.58560000000000000E-04
1.74486000000000010E-04
1.58863999999999989E-04
1.58733000000000013E-04
1.76662999999999999E-04
1.58874000000000011E-04
1.58505999999999990E-04
1.58225000000000011E-04
1.58560000000000000E-04
2.05620999999999988E-04
1.58765999999999991E-04
1.58419000000000002E-04
1.58646999999999987E-04
1.72210999999999995E-04
1.58700999999999997E-04
1.58387000000000013E-04
1.58636000000000004E-04
1.90464999999999987E-04
1.58495999999999995E-04
1.58223999999999995E-04
1.57985999999999988E-04
1.57953000000000010E-04
2.06564000000000010E-04
2.06195999999999989E-04
1.90800999999999991E-04
1.76414000000000009E-04
1.61160999999999997E-04
1.58593000000000004E-04
1.68115000000000012E-04
1.59003999999999998E-04
1.77626999999999999E-04
1.58810000000000006E-04
1.58407999999999992E-04
1.86954999999999988E-04
1.76782000000000003E-04
1.58960999999999998E-04
1.58603999999999988E-04
1.61366000000000000E-04
1.58397999999999997E-04
1.58495000000000006E-04
1.58430000000000013E-04
1.58452000000000007E-04
2.12153999999999988E-04
2.32412999999999999E-04
3.06427000000000012E-04
2.10668999999999998E-04
2.39108000000000002E-04
2.13388999999999999E-04
2.14634000000000005E-04
2.14071999999999993E-04
1.86218000000000012E-04
1.58331999999999988E-04
1.58419999999999991E-04
1.84408999999999989E-04
1.66414000000000010E-04
1.58538000000000006E-04
1.58473000000000012E-04
1.58614999999999998E-04
1.62936999999999989E-04
1.58387000000000013E-04
1.58452000000000007E-04
1.58419000000000002E-04
1.58376000000000003E-04
1.75698999999999999E-04
2.09390999999999988E-04
2.25858000000000005E-04
1.58634999999999988E-04
1.58517000000000000E-04
1.58505999999999990E-04
1.58245999999999989E-04
1.58311000000000009E-04
1.58223999999999995E-04
1.58104999999999991E-04
1.58342999999999998E-04
1.58116000000000002E-04
1.74832000000000009E-04
1.58560000000000000E-04
1.58333000000000003E-04
2.06715000000000002E-04
1.82189000000000000E-04
1.58517000000000000E-04
1.58235999999999994E-04
1.57996999999999999E-04
1.58159999999999990E-04
1.58290000000000004E-04
1.99282999999999996E-04
1.69719000000000006E-04
1.58712000000000008E-04
1.58538000000000006E-04
1.58548999999999989E-04
1.58743999999999997E-04
1.59003999999999998E-04
1.77519000000000006E-04
1.59220999999999999E-04
1.58667999999999993E-04
1.58917999999999999E-04
1.74420999999999989E-04
1.58397999999999997E-04
1.58192000000000006E-04
1.58333000000000003E-04
1.58560000000000000E-04
1.58636000000000004E-04
1.69383000000000001E-04
1.58505999999999990E-04
1.58333000000000003E-04
1.75395000000000011E-04
1.58689999999999987E-04
1.58311999999999998E-04
1.76944999999999994E-04
1.94636000000000011E-04
1.72861000000000011E-04
1.58407999999999992E-04
1.74085000000000011E-04
1.58440999999999996E-04
1.58614000000000010E-04
1.58798999999999995E-04
1.58602999999999999E-04
1.58722999999999991E-04
1.76393000000000003E-04
1.58440999999999996E-04
1.74484999999999994E-04
1.58700999999999997E-04
1.58354999999999997E-04
1.58354000000000009E-04
1.58311000000000009E-04
1.58636000000000004E-04
1.66360000000000000E-04
1.58614999999999998E-04
1.58397000000000008E-04
1.58517000000000000E-04
1.58896000000000005E-04
1.75796000000000009E-04
1.58972000000000009E-04
1.74431000000000011E-04
1.58581999999999994E-04
1.58397999999999997E-04
1.58159999999999990E-04
1.58376000000000003E-04
1.58213000000000011E-04
1.58245999999999989E-04
1.59003999999999998E-04
1.99900999999999996E-04
2.00420999999999998E-04
2.13259000000000013E-04
2.24927000000000010E-04
2.43052000000000003E-04
2.05252999999999995E-04
2.02826999999999988E-04
2.20592999999999994E-04
2.28869999999999996E-04
2.16779999999999995E-04
2.11785999999999995E-04
1.99196999999999997E-04
1.85589999999999990E-04
2.51870000000000013E-04
2.17690000000000011E-04
2.09585999999999995E-04
2.08871000000000013E-04
2.30127000000000001E-04
2.09521000000000002E-04
2.08426999999999988E-04
2.08404999999999994E-04
2.08263999999999997E-04
2.28175999999999992E-04
2.08915000000000001E-04
2.08948000000000006E-04
2.07994000000000001E-04
2.20670000000000013E-04
2.08492000000000009E-04
2.08958000000000001E-04
2.24374000000000004E-04
2.29986000000000003E-04
2.09456999999999997E-04
2.27733000000000010E-04
2.09044000000000000E-04
2.08340999999999990E-04
2.08220999999999997E-04
2.08101999999999994E-04
2.08058000000000006E-04
2.08686999999999989E-04
2.08330000000000006E-04
2.07798999999999994E-04
2.07874000000000009E-04
2.27321000000000001E-04
2.08340999999999990E-04
2.43419999999999997E-04
2.36908999999999991E-04
2.11439000000000006E-04
2.12759999999999989E-04
2.15240999999999995E-04
2.10712999999999986E-04
2.28003999999999994E-04
1.88938000000000013E-04
1.63826000000000000E-04
1.79955999999999996E-04
2.41181999999999996E-04
2.13529000000000008E-04
2.13422000000000004E-04
2.13725000000000004E-04
2.13465000000000003E-04
2.12534000000000009E-04
2.13279999999999991E-04
2.13682000000000005E-04
2.13074999999999989E-04
2.46843000000000008E-04
2.12825000000000010E-04
2.13236999999999991E-04
2.13400000000000010E-04
2.13259000000000013E-04
2.12913000000000013E-04
2.12890999999999992E-04
2.12999000000000012E-04
2.30191999999999994E-04
2.13723999999999989E-04
2.36517999999999988E-04
2.13692000000000000E-04
2.13551999999999991E-04
2.13594999999999990E-04
2.13486999999999998E-04
3.37937999999999975E-04
2.17332000000000012E-04
2.20582000000000010E-04
2.12456999999999989E-04
2.25651999999999987E-04
2.03790999999999987E-04
2.03455000000000010E-04
2.02587999999999992E-04
2.07061999999999990E-04
1.93866999999999992E-04
1.59048000000000013E-04
1.61149999999999987E-04
1.58733000000000013E-04
1.66543999999999997E-04
1.58939000000000004E-04
1.76641999999999994E-04
1.89707000000000005E-04
1.58917999999999999E-04
1.58863000000000000E-04
1.58972000000000009E-04
1.58755000000000007E-04
1.59015000000000008E-04
1.58874000000000011E-04
1.58560000000000000E-04
1.58788000000000012E-04
1.69177000000000010E-04
1.79122000000000011E-04
1.60173999999999988E-04
1.59037000000000002E-04
1.76705999999999998E-04
1.59037000000000002E-04
1.72308000000000004E-04
1.58949999999999988E-04
1.58278999999999993E-04
1.58841999999999995E-04
1.58689999999999987E-04
1.58505999999999990E-04
1.58798000000000007E-04
1.59080000000000002E-04
1.58431000000000002E-04
1.58591999999999989E-04
1.58810000000000006E-04
1.58755999999999996E-04
1.76479000000000002E-04
1.58851999999999990E-04
2.00344999999999994E-04
1.98080999999999990E-04
1.64551000000000004E-04
1.58949999999999988E-04
1.92024999999999992E-04
1.94765999999999998E-04
2.11232999999999988E-04
2.11287999999999987E-04
2.14720999999999993E-04
2.53344000000000019E-04
2.07939999999999991E-04
2.07301000000000013E-04
2.07884999999999993E-04
2.06476999999999995E-04
2.06423000000000012E-04
2.32401999999999988E-04
2.09153000000000008E-04
2.08871000000000013E-04
2.36963000000000001E-04
2.08242999999999991E-04
2.12782000000000010E-04
2.09607999999999989E-04
2.08003999999999996E-04
2.39778999999999996E-04
2.11981000000000002E-04
2.11773999999999995E-04
2.11893999999999988E-04
2.12413999999999989E-04
2.50957000000000003E-04
2.03682000000000006E-04
2.03854999999999992E-04
2.03854999999999992E-04
2.09943999999999994E-04
2.04971000000000000E-04
2.06367999999999987E-04
3.45126000000000016E-04
2.36543999999999990E-04
2.05080000000000008E-04
1.67887999999999989E-04
1.58657999999999998E-04
1.58603999999999988E-04
1.58548999999999989E-04
5.13521999999999980E-04
2.64791000000000006E-04
3.22485999999999975E-04
2.02391999999999996E-04
2.01742999999999996E-04
2.02370999999999991E-04
2.00182999999999991E-04
2.01320000000000004E-04
2.25089000000000013E-04
2.01862000000000000E-04
2.02100000000000006E-04
2.45952000000000020E-04
2.08686999999999989E-04
2.06412999999999990E-04
2.06054999999999991E-04
2.09673000000000010E-04
2.14742999999999987E-04
2.20843000000000000E-04
2.13735999999999988E-04
3.10360999999999992E-04
2.08676000000000006E-04
2.06228000000000005E-04
2.25512000000000005E-04
2.07440999999999995E-04
2.07851999999999988E-04
2.10236000000000011E-04
3.38613999999999994E-04
2.09001000000000000E-04
2.08676000000000006E-04
2.43918000000000005E-04
2.06867000000000010E-04
2.07507000000000004E-04
2.07602999999999998E-04
2.07245999999999987E-04
2.20332999999999993E-04
2.13475999999999987E-04
2.94206999999999997E-04
2.06552999999999999E-04
3.16361999999999991E-04
2.07073000000000001E-04
2.07333000000000002E-04
2.08232000000000008E-04
2.39487000000000006E-04
2.63418000000000018E-04
2.25803999999999995E-04
2.09618000000000011E-04
2.12966999999999996E-04
2.07820999999999988E-04
2.33050999999999988E-04
2.07691000000000001E-04
2.06996999999999997E-04
2.12804000000000004E-04
2.21838999999999988E-04
2.07321999999999991E-04
2.10410000000000013E-04
2.30267999999999998E-04
2.07788000000000010E-04
2.13042000000000011E-04
2.36843999999999998E-04
3.38419000000000014E-04
2.07495000000000005E-04
2.09032999999999989E-04
2.08633000000000006E-04
2.14223000000000012E-04
2.18924999999999995E-04
2.02880000000000009E-04
2.36777999999999988E-04
3.34790000000000012E-04
2.08447999999999994E-04
3.88491999999999993E-04
2.11081000000000007E-04
2.13453999999999993E-04
8.97571000000000003E-04
2.15674999999999998E-04
2.35164000000000000E-04
2.08600999999999990E-04
2.19704000000000009E-04
2.35121000000000001E-04
2.25705999999999997E-04
2.15316999999999999E-04
2.32326000000000011E-04
2.15620999999999988E-04
2.15674999999999998E-04
2.23484999999999992E-04
2.36734999999999989E-04
2.16758999999999989E-04
2.18556000000000013E-04
2.20799000000000012E-04
1.59027000000000007E-04
1.87875999999999988E-04
2.25565999999999988E-04
2.17376000000000000E-04
2.14970000000000010E-04
2.13844000000000008E-04
2.38826000000000007E-04
1.71993999999999993E-04
1.47252999999999994E-04
1.46603999999999994E-04
1.46582999999999989E-04
1.46202999999999996E-04
1.66064000000000001E-04
1.46353000000000000E-04
1.54374000000000010E-04
1.46603000000000006E-04
1.45973000000000007E-04
1.46174000000000000E-04
1.46233000000000008E-04
1.46503000000000003E-04
1.46593000000000011E-04
1.46154000000000010E-04
1.47743000000000012E-04
1.46572999999999994E-04
1.55202999999999998E-04
1.62303999999999996E-04
1.46243000000000002E-04
1.46333999999999999E-04
1.46223000000000013E-04
1.46482999999999986E-04
1.46133000000000005E-04
1.46543999999999998E-04
1.56643000000000011E-04
1.63243999999999998E-04
1.46233000000000008E-04
1.45863000000000009E-04
1.46384000000000000E-04
1.46333000000000010E-04
1.62384000000000009E-04
1.46092999999999999E-04
1.46083000000000004E-04
1.46083000000000004E-04
1.46202999999999996E-04
1.45923000000000005E-04
1.46073000000000009E-04
1.46464000000000013E-04
1.46393000000000006E-04
1.67404000000000012E-04
2.16834999999999993E-04
2.10614000000000000E-04
2.50325999999999988E-04
1.93954000000000007E-04
1.93114999999999997E-04
1.93594000000000003E-04
1.93544000000000002E-04
1.93274999999999995E-04
1.92563999999999995E-04
1.91943999999999990E-04
1.92045000000000009E-04
2.43705000000000012E-04
2.12174999999999994E-04
2.16374999999999987E-04
2.15615000000000002E-04
2.09733999999999995E-04
2.07054999999999989E-04
2.10995000000000008E-04
2.19984999999999988E-04
2.45584999999999987E-04
2.04195000000000006E-04
1.95424000000000005E-04
2.32069999999999992E-04
1.98893999999999997E-04
1.93314000000000013E-04
1.94524999999999998E-04
1.85173999999999999E-04
1.90153999999999996E-04
2.01394999999999992E-04
1.89464000000000001E-04
2.14555000000000008E-04
1.94584000000000006E-04
1.96825000000000000E-04
2.00573999999999994E-04
1.96524999999999993E-04
1.99714000000000006E-04
2.41326000000000013E-04
1.93434000000000005E-04
1.96973999999999988E-04
1.94484999999999992E-04
2.15915000000000009E-04
1.96533999999999999E-04
1.93734000000000012E-04
1.98425000000000012E-04
1.87653999999999989E-04
1.90903999999999987E-04
2.05073999999999995E-04
1.96715000000000003E-04
1.94334000000000000E-04
1.93484000000000006E-04
2.16154999999999993E-04
1.96765000000000004E-04
1.96794000000000000E-04
2.01184999999999992E-04
2.10573999999999993E-04
1.98984999999999993E-04
1.92203999999999991E-04
1.98475000000000013E-04
1.94834000000000012E-04
1.97583999999999997E-04
2.14653999999999995E-04
1.92245000000000014E-04
1.90034000000000004E-04
1.85484000000000002E-04
1.88714000000000010E-04
1.99795000000000007E-04
1.90833999999999996E-04
1.92723999999999993E-04
1.96915000000000008E-04
1.98435000000000007E-04
2.17524000000000000E-04
1.95834000000000009E-04
1.96063999999999998E-04
2.19115000000000005E-04
1.93184999999999988E-04
1.99013999999999989E-04
2.08795000000000009E-04
1.99094000000000002E-04
2.07325000000000011E-04
1.99155000000000013E-04
2.11313999999999990E-04
1.99144999999999992E-04
1.96784000000000005E-04
2.17944999999999988E-04
1.87023999999999990E-04
1.91234999999999994E-04
1.93153999999999987E-04
1.96424000000000002E-04
1.95073999999999996E-04
1.92043999999999993E-04
2.17545000000000005E-04
2.38735999999999999E-04
1.95493999999999995E-04
2.00103999999999994E-04
1.93694999999999995E-04
1.97564000000000008E-04
1.91985000000000013E-04
1.92403999999999996E-04
2.02894000000000013E-04
1.99044000000000000E-04
2.21744999999999999E-04
2.02255000000000007E-04
1.95934000000000012E-04
1.86243999999999987E-04
1.89063999999999991E-04
2.02415000000000006E-04
1.89633999999999994E-04
1.92145000000000011E-04
1.97684000000000000E-04
2.42376000000000012E-04
2.17944999999999988E-04
1.96154000000000006E-04
1.94014000000000003E-04
2.07734999999999989E-04
1.91804000000000009E-04
1.95634000000000004E-04
1.98784000000000000E-04
2.02864999999999990E-04
1.98614000000000006E-04
1.97524999999999990E-04
2.15565000000000000E-04
1.87004000000000001E-04
1.98493999999999987E-04
1.96695000000000013E-04
1.91704000000000006E-04
1.96094999999999999E-04
1.92143999999999995E-04
1.93763999999999997E-04
2.28354999999999991E-04
1.96815000000000005E-04
2.16235000000000006E-04
1.93944000000000012E-04
1.96884999999999996E-04
1.91733999999999991E-04
1.95014000000000000E-04
2.02055000000000003E-04
2.14505000000000007E-04
2.03243999999999994E-04
1.97774999999999996E-04
1.90473999999999993E-04
2.12565000000000009E-04
1.88254000000000004E-04
1.92174000000000007E-04
2.00955000000000003E-04
1.93513999999999991E-04
1.88834999999999990E-04
2.26354999999999997E-04
1.91043999999999996E-04
1.85854000000000000E-04
1.86404000000000013E-04
2.13405000000000007E-04
1.92434999999999996E-04
1.97714000000000011E-04
2.09645000000000003E-04
2.18624999999999988E-04
2.07934000000000005E-04
1.93604999999999987E-04
2.16755000000000008E-04
1.93964000000000002E-04
2.30685000000000005E-04
1.83363999999999988E-04
1.58724000000000007E-04
1.76834000000000008E-04
1.71093999999999999E-04
1.58712999999999996E-04
1.89394999999999998E-04
1.74154000000000013E-04
1.46713000000000003E-04
1.48502999999999998E-04
1.72303999999999996E-04
1.90783999999999995E-04
2.04644999999999990E-04
1.66333999999999997E-04
1.89914000000000012E-04
1.92134000000000001E-04
1.90714999999999993E-04
1.93644000000000005E-04
1.94224000000000003E-04
1.95865000000000009E-04
1.92263999999999987E-04
1.93694000000000006E-04
2.12405000000000010E-04
1.92635000000000001E-04
1.92914000000000003E-04
2.21675000000000008E-04
1.93334000000000003E-04
1.93525000000000001E-04
1.95264000000000006E-04
1.91413999999999994E-04
1.92525000000000004E-04
1.93964000000000002E-04
2.11615000000000013E-04
1.93513999999999991E-04
1.95123999999999997E-04
1.94625000000000001E-04
1.92353999999999995E-04
1.69953999999999993E-04
1.61463999999999998E-04
1.48932999999999992E-04
1.50772999999999988E-04
1.49294000000000011E-04
1.75983999999999987E-04
1.84243999999999993E-04
2.08834999999999989E-04
2.04204000000000012E-04
1.93654999999999988E-04
1.89573999999999998E-04
1.89754000000000013E-04
2.04894999999999996E-04
1.90323999999999989E-04
1.96784999999999994E-04
1.86133999999999990E-04
1.87173999999999994E-04
2.13565000000000006E-04
1.90384000000000012E-04
1.90084000000000005E-04
1.90874999999999991E-04
1.89824000000000004E-04
1.94713999999999993E-04
1.86805000000000011E-04
1.83394000000000000E-04
1.94894000000000008E-04
1.94345000000000010E-04
2.16774000000000009E-04
1.91613999999999999E-04
1.91904000000000011E-04
1.93794000000000008E-04
1.86264000000000004E-04
1.87144000000000009E-04
1.94443999999999997E-04
1.91344999999999992E-04
2.06383999999999995E-04
2.29249999999999989E-04
1.98504999999999998E-04
6.85399999999999963E-04
2.29516000000000003E-04
3.83498000000000020E-04
2.00205000000000012E-04
2.04214000000000007E-04
2.19134999999999995E-04
1.98815000000000000E-04
1.95713999999999990E-04
1.96813999999999990E-04
1.96374999999999989E-04
1.97863999999999988E-04
1.98655000000000001E-04
1.97113999999999997E-04
2.01105000000000007E-04
1.97154000000000003E-04
2.34820000000000005E-04
2.01413999999999993E-04
2.01754999999999995E-04
2.16474000000000001E-04
2.00594000000000011E-04
1.85193999999999989E-04
1.46823999999999989E-04
1.89693999999999990E-04
1.46372999999999989E-04
1.76643999999999998E-04
1.46183000000000006E-04
1.45863999999999998E-04
1.45763000000000007E-04
1.46042999999999997E-04
1.46002999999999991E-04
1.46753999999999998E-04
1.59552999999999995E-04
1.60213999999999994E-04
1.46293000000000004E-04
1.46243999999999991E-04
1.45952999999999990E-04
1.45873000000000004E-04
1.83524000000000014E-04
1.46513999999999987E-04
1.84773999999999990E-04
1.85403999999999989E-04
1.84603999999999996E-04
1.85054000000000007E-04
1.90473999999999993E-04
1.96424000000000002E-04
1.99454000000000005E-04
2.18845000000000010E-04
1.96435000000000012E-04
2.23085000000000010E-04
1.96433999999999997E-04
2.18394999999999999E-04
1.98125000000000005E-04
2.29105000000000010E-04
1.91993999999999992E-04
1.98464000000000003E-04
2.11814000000000002E-04
1.89445000000000000E-04
2.13873999999999992E-04
1.92825000000000011E-04
1.92844000000000012E-04
2.10074999999999997E-04
1.94324000000000005E-04
2.28244999999999994E-04
1.98564999999999994E-04
1.95214000000000005E-04
1.93155000000000003E-04
1.93183999999999999E-04
2.18225000000000005E-04
1.94204000000000013E-04
1.93465000000000005E-04
2.14934000000000013E-04
1.97273999999999995E-04
1.99993999999999996E-04
2.02845000000000000E-04
1.98743999999999993E-04
2.70717000000000017E-04
2.11683999999999988E-04
3.61394000000000016E-04
1.89654000000000011E-04
1.89284000000000013E-04
1.98714999999999997E-04
1.89234000000000011E-04
1.89134000000000009E-04
2.33975999999999997E-04
1.89423999999999994E-04
1.88824000000000007E-04
1.88884000000000003E-04
1.88795000000000011E-04
1.88924000000000009E-04
1.89053999999999996E-04
1.88924000000000009E-04
1.89165000000000009E-04
1.88984000000000005E-04
2.05653999999999993E-04
1.89025000000000000E-04
1.88554000000000011E-04
1.88733999999999999E-04
1.88903999999999992E-04
1.88915000000000003E-04
1.97213999999999999E-04
2.02074999999999992E-04
1.89044000000000001E-04
1.89013999999999990E-04
1.88934000000000004E-04
2.05314999999999995E-04
1.89213999999999995E-04
1.89325000000000008E-04
1.89153999999999999E-04
1.88943999999999999E-04
1.88624000000000002E-04
1.88884000000000003E-04
1.88874999999999997E-04
1.89024000000000012E-04
1.89013999999999990E-04
2.05805000000000012E-04
1.89163999999999993E-04
1.88884000000000003E-04
1.88865000000000002E-04
2.13303999999999989E-04
1.89175000000000004E-04
1.89044000000000001E-04
1.88614000000000007E-04
1.88803999999999990E-04
1.88865000000000002E-04
2.18075000000000002E-04
1.89084000000000008E-04
1.88874000000000008E-04
1.88814000000000012E-04
1.88714999999999998E-04
1.88934000000000004E-04
1.89223999999999989E-04
1.88953999999999994E-04
1.89024000000000012E-04
1.88824999999999995E-04
1.88633999999999997E-04
2.05345000000000007E-04
1.88574000000000001E-04
1.96894000000000002E-04
1.88924000000000009E-04
1.88683999999999998E-04
1.88483999999999993E-04
1.88524000000000000E-04
1.88913999999999987E-04
1.88815000000000001E-04
1.88843999999999996E-04
2.05615000000000002E-04
2.08523999999999998E-04
1.89275000000000006E-04
1.89063999999999991E-04
1.89184000000000010E-04
1.89024000000000012E-04
1.88805000000000006E-04
1.88764000000000011E-04
1.88843999999999996E-04
2.05474999999999994E-04
1.88724000000000004E-04
2.13765000000000011E-04
6.98544999999999960E-04
1.95035000000000005E-04
1.95954000000000001E-04
1.93255000000000006E-04
1.93553999999999997E-04
1.94463999999999987E-04
2.16624999999999994E-04
2.32909999999999991E-04
1.96214000000000002E-04
2.15243999999999988E-04
2.12295000000000013E-04
1.94064999999999993E-04
2.34970000000000008E-04
1.92095000000000010E-04
2.23224999999999991E-04
1.88213999999999997E-04
1.46412999999999996E-04
1.85333999999999998E-04
1.92744999999999999E-04
1.93153999999999987E-04
1.56412999999999995E-04
1.46724000000000013E-04
2.10704000000000007E-04
1.53322999999999996E-04
1.50752999999999998E-04
1.59564000000000006E-04
1.46403000000000001E-04
1.49753999999999990E-04
1.46672999999999997E-04
1.46562999999999999E-04
1.46722999999999998E-04
1.46744000000000003E-04
1.47162999999999987E-04
1.48932999999999992E-04
1.46353999999999988E-04
1.62792999999999998E-04
1.46574000000000010E-04
1.68963000000000002E-04
2.06314999999999992E-04
1.53794000000000012E-04
1.46262999999999992E-04
1.46183000000000006E-04
1.46322999999999988E-04
1.46333999999999999E-04
1.46553000000000004E-04
1.46243000000000002E-04
1.46353999999999988E-04
1.62203000000000005E-04
1.46343999999999993E-04
1.46422999999999990E-04
1.46133000000000005E-04
1.46403000000000001E-04
1.46384000000000000E-04
1.46183000000000006E-04
1.46133000000000005E-04
1.48233999999999991E-04
1.91473999999999990E-04
1.96133999999999989E-04
1.94754999999999988E-04
1.95844000000000004E-04
2.45542999999999977E-04
6.22124000000000049E-04
2.77206000000000002E-04
1.92873999999999997E-04
1.93465000000000005E-04
1.95503999999999990E-04
2.22467999999999998E-04
1.68653999999999988E-04
1.54823999999999994E-04
1.46233000000000008E-04
1.53682999999999999E-04
1.46133999999999994E-04
1.46152999999999995E-04
1.46092999999999999E-04
1.55133999999999996E-04
1.53033000000000010E-04
1.46223000000000013E-04
1.66493999999999995E-04
1.84694000000000004E-04
1.46302999999999998E-04
1.94584000000000006E-04
2.02363999999999989E-04
2.02255000000000007E-04
2.02134999999999988E-04
2.02594000000000005E-04
2.01835000000000008E-04
2.07163999999999997E-04
2.51090999999999999E-04
2.17454999999999997E-04
1.46312999999999993E-04
1.53432999999999993E-04
1.91225000000000000E-04
1.46503000000000003E-04
1.45992999999999996E-04
1.45933999999999989E-04
1.53763000000000012E-04
1.92873999999999997E-04
1.87505000000000001E-04
2.22355000000000008E-04
1.89643999999999989E-04
2.12284999999999991E-04
1.96643999999999996E-04
1.95295000000000006E-04
1.95403999999999988E-04
1.98294000000000009E-04
1.95825000000000003E-04
2.19614999999999990E-04
1.96603999999999990E-04
1.97144999999999997E-04
1.96164000000000001E-04
1.96784000000000005E-04
1.90573999999999995E-04
1.96934999999999997E-04
1.97853999999999993E-04
2.00785000000000010E-04
1.91924000000000001E-04
2.03245000000000010E-04
1.97354000000000008E-04
1.96813999999999990E-04
1.94095000000000004E-04
2.16264999999999990E-04
1.93074000000000002E-04
1.87504000000000013E-04
1.92525000000000004E-04
1.96863999999999991E-04
1.92615000000000012E-04
2.20389999999999996E-04
1.92074000000000004E-04
1.92344000000000000E-04
1.92504999999999987E-04
1.91633999999999988E-04
1.91373999999999987E-04
1.91883999999999994E-04
2.04983999999999988E-04
2.08895000000000012E-04
2.02263999999999987E-04
1.92034999999999987E-04
1.92203999999999991E-04
1.92484000000000009E-04
1.91525000000000007E-04
1.92014000000000008E-04
1.91454000000000000E-04
1.91565000000000013E-04
1.92634000000000013E-04
2.08624999999999989E-04
1.92463999999999992E-04
1.92093999999999994E-04
1.91275000000000001E-04
1.92363999999999990E-04
1.91983999999999997E-04
1.91874000000000000E-04
1.91775000000000013E-04
1.92134000000000001E-04
1.92003999999999987E-04
2.62116000000000009E-04
2.05085000000000006E-04
1.91974000000000002E-04
1.92294999999999988E-04
1.91843999999999988E-04
1.91193999999999999E-04
1.91664999999999989E-04
1.91943999999999990E-04
1.92484000000000009E-04
1.91444000000000005E-04
1.91685000000000005E-04
2.03854000000000004E-04
1.86064999999999988E-04
1.85844000000000005E-04
1.85553999999999992E-04
1.85873999999999989E-04
1.86013999999999998E-04
1.85694000000000001E-04
1.85484999999999990E-04
1.93343999999999997E-04
1.85403999999999989E-04
2.02045000000000008E-04
1.85534000000000003E-04
1.85563999999999987E-04
1.85593999999999999E-04
1.85803999999999998E-04
1.85304000000000013E-04
1.85484999999999990E-04
1.98354000000000005E-04
1.85593999999999999E-04
1.85464000000000012E-04
1.85285000000000012E-04
2.01253999999999995E-04
1.84973999999999995E-04
1.84964000000000000E-04
1.85324999999999992E-04
1.85204000000000011E-04
1.85383999999999999E-04
1.93654000000000000E-04
1.85584000000000004E-04
1.85655000000000011E-04
1.85543999999999998E-04
2.02324000000000010E-04
1.85445000000000011E-04
1.85164000000000005E-04
1.85193999999999989E-04
1.85243999999999990E-04
1.85193999999999989E-04
1.85403999999999989E-04
1.84944000000000010E-04
1.85255000000000001E-04
1.85023999999999996E-04
1.85414000000000011E-04
2.02203999999999991E-04
1.85364000000000009E-04
2.04913999999999997E-04
1.85304000000000013E-04
1.85364999999999998E-04
2.15543999999999995E-04
1.85603999999999994E-04
1.84954000000000005E-04
1.84863999999999997E-04
1.85004000000000006E-04
1.98535000000000009E-04
1.87574000000000004E-04
1.84933999999999988E-04
1.85133999999999993E-04
1.85054000000000007E-04
1.85023999999999996E-04
1.85495000000000012E-04
1.85073999999999997E-04
1.85254000000000012E-04
1.85123999999999998E-04
1.85254000000000012E-04
2.01415000000000009E-04
1.85443999999999995E-04
1.85333999999999998E-04
2.31725000000000008E-04
1.85025000000000012E-04
1.85264000000000007E-04
1.85243999999999990E-04
1.85343999999999993E-04
1.94624000000000012E-04
2.02405000000000011E-04
2.13014999999999993E-04
1.84544000000000000E-04
1.82134000000000001E-04
1.82093999999999995E-04
1.81743999999999987E-04
1.81723999999999997E-04
1.81843999999999989E-04
1.81743999999999987E-04
1.81554999999999992E-04
1.82243999999999999E-04
1.81733999999999992E-04
5.62631999999999976E-04
4.08329000000000027E-04
2.91877000000000011E-04
2.02403999999999995E-04
2.01933999999999995E-04
2.02794999999999999E-04
2.31005000000000002E-04
2.02084999999999987E-04
2.17994999999999989E-04
2.02823999999999995E-04
2.01895000000000004E-04
2.02143999999999994E-04
2.07424999999999987E-04
2.01463999999999994E-04
2.02365000000000005E-04
2.29265000000000008E-04
2.12505000000000013E-04
2.00504999999999992E-04
2.02164000000000011E-04
2.02274999999999997E-04
2.01794000000000013E-04
2.01825000000000013E-04
2.02153999999999989E-04
2.01895000000000004E-04
2.00093999999999999E-04
2.26705000000000005E-04
2.02074999999999992E-04
2.01964999999999995E-04
2.02234000000000002E-04
2.02195000000000011E-04
2.02403999999999995E-04
2.01625000000000008E-04
2.02713999999999997E-04
2.01704999999999994E-04
2.12164999999999999E-04
2.27655000000000001E-04
2.01373999999999987E-04
2.01845000000000003E-04
2.01654000000000004E-04
2.06135000000000004E-04
2.00664999999999991E-04
2.02124000000000005E-04
2.01935000000000011E-04
2.02413999999999990E-04
2.41615999999999999E-04
2.02043999999999992E-04
2.01585000000000002E-04
2.02363999999999989E-04
2.01725000000000011E-04
2.02744000000000009E-04
2.02105000000000004E-04
2.11885000000000008E-04
2.02043999999999992E-04
2.16395000000000004E-04
1.89733999999999996E-04
1.46403999999999989E-04
1.46453000000000002E-04
1.46353000000000000E-04
1.46374000000000005E-04
1.46403000000000001E-04
1.46603000000000006E-04
1.46532999999999988E-04
1.46283999999999997E-04
1.46202999999999996E-04
1.46283000000000009E-04
1.46264000000000008E-04
1.46362999999999994E-04
1.79494000000000013E-04
1.46532999999999988E-04
1.46534000000000003E-04
1.46143000000000000E-04
1.46112999999999988E-04
1.46173000000000011E-04
1.46324000000000004E-04
1.46302999999999998E-04
1.56603000000000005E-04
1.46073999999999998E-04
1.45952999999999990E-04
1.45642999999999988E-04
1.80704000000000010E-04
2.24545000000000013E-04
2.21930000000000011E-04
2.00155000000000011E-04
1.98244000000000008E-04
2.17385000000000007E-04
2.00134999999999994E-04
2.00964000000000009E-04
2.22985000000000007E-04
2.28585000000000008E-04
1.97115000000000013E-04
2.26046999999999999E-04
1.47173999999999997E-04
1.46283000000000009E-04
1.57142999999999996E-04
1.69774000000000005E-04
2.69284000000000006E-04
2.13264999999999999E-04
1.87023999999999990E-04
1.90664000000000003E-04
2.14154999999999999E-04
1.88924000000000009E-04
2.10695000000000001E-04
1.89294000000000007E-04
1.88425000000000013E-04
2.10583999999999988E-04
1.90134999999999995E-04
1.89984000000000002E-04
1.91454000000000000E-04
1.87343999999999987E-04
2.19724999999999988E-04
1.91974999999999991E-04
2.20494999999999995E-04
1.96154000000000006E-04
2.22785000000000002E-04
2.28874999999999993E-04
1.96925000000000003E-04
2.17495000000000004E-04
1.93904000000000006E-04
2.18125000000000003E-04
1.84634000000000008E-04
1.87624000000000005E-04
1.93625000000000004E-04
1.88683999999999998E-04
1.88864000000000013E-04
2.22644999999999994E-04
1.89184999999999999E-04
1.88864000000000013E-04
1.90533999999999989E-04
1.89153999999999999E-04
2.15545000000000011E-04
1.88294000000000010E-04
2.44785999999999984E-04
1.92114000000000011E-04
1.92425000000000002E-04
2.33975000000000009E-04
1.89394000000000010E-04
2.18824999999999993E-04
1.97755000000000007E-04
2.11873999999999998E-04
1.95665000000000005E-04
2.01453999999999999E-04
2.23334999999999989E-04
1.93274000000000007E-04
2.14285000000000013E-04
1.90693999999999987E-04
1.93873999999999994E-04
1.92775000000000010E-04
1.98683999999999997E-04
2.31055000000000003E-04
2.03124000000000002E-04
2.00514999999999987E-04
2.09544000000000012E-04
1.92224999999999997E-04
1.96734000000000004E-04
1.91845000000000004E-04
1.91484000000000012E-04
2.84426000000000004E-04
1.94405000000000006E-04
2.17894999999999986E-04
1.93384000000000004E-04
2.11954999999999999E-04
1.93424000000000010E-04
1.92534000000000010E-04
1.92964999999999993E-04
1.91473999999999990E-04
2.19234999999999997E-04
2.23925000000000008E-04
2.24834999999999998E-04
1.93573999999999987E-04
1.91735000000000007E-04
2.06063999999999998E-04
1.91905000000000000E-04
2.04813999999999994E-04
1.94205000000000002E-04
1.92003999999999987E-04
2.06875000000000001E-04
1.91384000000000009E-04
1.91064000000000012E-04
2.07674999999999993E-04
1.92134000000000001E-04
2.09234999999999998E-04
1.92093999999999994E-04
1.91544999999999997E-04
1.91623999999999994E-04
1.92033999999999998E-04
2.49575999999999997E-04
1.92263999999999987E-04
1.91814999999999992E-04
1.92324000000000011E-04
1.92124000000000006E-04
2.15715000000000004E-04
1.91943999999999990E-04
1.91795000000000003E-04
2.25335000000000010E-04
1.91914000000000006E-04
2.09654999999999998E-04
1.92893999999999986E-04
2.07135000000000001E-04
1.93043999999999990E-04
1.91344000000000003E-04
2.06474000000000002E-04
1.92544000000000005E-04
2.08504000000000008E-04
2.01845000000000003E-04
1.91244000000000001E-04
1.91284000000000007E-04
1.91144999999999987E-04
1.91633999999999988E-04
2.41064999999999997E-04
1.92024999999999992E-04
2.06254000000000008E-04
1.91575000000000008E-04
2.08483999999999991E-04
1.91515000000000012E-04
1.91864000000000005E-04
2.14235000000000011E-04
1.91854000000000010E-04
1.92563999999999995E-04
2.04615000000000005E-04
1.91334000000000008E-04
2.14875000000000005E-04
2.22195000000000010E-04
2.07624999999999992E-04
1.91754000000000008E-04
1.91275000000000001E-04
2.07244000000000010E-04
1.91334999999999997E-04
2.07264000000000000E-04
1.92494999999999993E-04
1.91174000000000010E-04
2.06665000000000001E-04
1.91814000000000004E-04
2.67205999999999976E-04
1.82444000000000004E-04
1.94823999999999990E-04
2.21835000000000006E-04
2.10623999999999995E-04
1.97104999999999991E-04
2.00124000000000010E-04
2.24534999999999991E-04
1.99325000000000007E-04
2.16564999999999998E-04
2.01704000000000005E-04
2.01864999999999993E-04
2.28404999999999993E-04
2.00483999999999987E-04
1.97803999999999992E-04
2.18044999999999990E-04
2.09494999999999999E-04
2.19315000000000010E-04
2.01534000000000012E-04
2.19984999999999988E-04
2.01475000000000005E-04
2.02983999999999993E-04
2.20535000000000002E-04
2.02315000000000004E-04
2.30544999999999996E-04
2.05705000000000010E-04
2.19335000000000000E-04
2.01814000000000003E-04
2.06225000000000012E-04
2.11095000000000011E-04
1.90614000000000002E-04
1.48552999999999999E-04
1.51774000000000001E-04
1.82213999999999987E-04
2.18824999999999993E-04
1.79423999999999995E-04
1.72673999999999994E-04
1.60733000000000008E-04
1.80313999999999995E-04
1.92465000000000008E-04
2.20874999999999988E-04
1.90943999999999993E-04
2.10404999999999989E-04
2.31549999999999990E-04
1.85923999999999991E-04
1.86374000000000001E-04
1.85634000000000005E-04
1.86304000000000011E-04
1.91843999999999988E-04
1.47944000000000005E-04
1.46262999999999992E-04
1.46443000000000007E-04
1.64024000000000000E-04
1.46503000000000003E-04
1.63153999999999990E-04
1.45973000000000007E-04
1.46243999999999991E-04
1.45983000000000001E-04
1.46233000000000008E-04
1.46102999999999994E-04
1.58073999999999991E-04
1.46042999999999997E-04
1.45933000000000000E-04
1.46023000000000008E-04
1.45803000000000013E-04
1.45553000000000007E-04
1.70614000000000003E-04
1.45913000000000011E-04
1.45713999999999994E-04
1.71544000000000010E-04
1.46162999999999990E-04
1.45603000000000008E-04
1.45723000000000001E-04
1.46123999999999999E-04
1.46033000000000003E-04
1.45742999999999990E-04
1.45513999999999989E-04
1.45913000000000011E-04
1.46052999999999992E-04
1.62744000000000013E-04
1.46143000000000000E-04
1.45923000000000005E-04
1.45933999999999989E-04
1.46023000000000008E-04
1.46002999999999991E-04
1.46042999999999997E-04
1.46083999999999993E-04
5.43228999999999999E-04
2.75748999999999992E-04
1.95834999999999998E-04
1.96483999999999998E-04
1.95624000000000009E-04
1.95825000000000003E-04
1.96044000000000009E-04
2.33069999999999989E-04
2.02895000000000001E-04
2.06214999999999990E-04
2.02403999999999995E-04
2.02095000000000009E-04
2.16524999999999991E-04
2.02744000000000009E-04
2.02534999999999998E-04
2.02744000000000009E-04
2.38385999999999991E-04
2.00904000000000013E-04
1.89945000000000012E-04
2.06803999999999994E-04
2.03174999999999992E-04
2.32024999999999988E-04
2.03444999999999988E-04
2.24004999999999994E-04
2.07144000000000008E-04
2.02864999999999990E-04
2.03014999999999993E-04
2.04083999999999993E-04
2.02775000000000009E-04
2.07764000000000012E-04
1.94185000000000012E-04
1.99273999999999990E-04
2.01785000000000007E-04
2.23104999999999999E-04
2.02973999999999998E-04
2.04195000000000006E-04
2.14004999999999995E-04
2.04154000000000011E-04
2.02615000000000011E-04
2.06104999999999993E-04
2.00704000000000008E-04
2.02205000000000006E-04
2.00783999999999994E-04
2.29974999999999993E-04
2.02513999999999993E-04
2.02315000000000004E-04
2.23314999999999999E-04
2.02604000000000000E-04
2.06774999999999998E-04
2.04584000000000005E-04
2.06593999999999994E-04
1.99435000000000004E-04
2.24775000000000002E-04
2.01633999999999988E-04
2.11804999999999996E-04
2.00635000000000006E-04
2.00363999999999995E-04
2.01635000000000003E-04
2.04904000000000002E-04
2.00824999999999989E-04
2.02324000000000010E-04
2.01024999999999994E-04
2.20654999999999994E-04
1.95433999999999999E-04
2.08194999999999995E-04
2.00735000000000008E-04
2.02053999999999987E-04
2.01525000000000006E-04
2.05624000000000009E-04
2.02124999999999993E-04
2.01484000000000011E-04
2.02084999999999987E-04
2.25004999999999991E-04
7.52481999999999956E-04
1.97423999999999999E-04
2.04804999999999988E-04
2.01504000000000001E-04
2.01714999999999989E-04
2.01344999999999991E-04
2.24025000000000011E-04
2.06034000000000013E-04
2.02035000000000013E-04
2.16614999999999999E-04
2.02713999999999997E-04
2.06195000000000000E-04
2.01914000000000005E-04
2.01613999999999998E-04
2.32494999999999989E-04
2.21704999999999992E-04
2.02575000000000004E-04
2.02334000000000005E-04
2.02394999999999989E-04
2.02014999999999996E-04
2.02324000000000010E-04
2.05655000000000009E-04
2.01914000000000005E-04
2.01575000000000007E-04
2.02394000000000001E-04
2.21575000000000005E-04
2.02515000000000008E-04
2.02005000000000001E-04
2.02224000000000007E-04
2.01874999999999987E-04
2.02434000000000007E-04
1.67803999999999995E-04
1.56333000000000009E-04
1.46563999999999988E-04
1.46853000000000012E-04
1.46632999999999990E-04
1.63093999999999994E-04
1.46753000000000009E-04
1.58633999999999999E-04
1.46603000000000006E-04
1.46434000000000001E-04
1.46393000000000006E-04
1.46393000000000006E-04
1.46422999999999990E-04
1.86224999999999986E-04
1.46083000000000004E-04
1.46133000000000005E-04
1.46112999999999988E-04
1.45873999999999993E-04
1.61862999999999992E-04
1.46364000000000010E-04
1.46302999999999998E-04
1.46143000000000000E-04
1.45803000000000013E-04
1.45894000000000010E-04
1.45753000000000012E-04
1.53432999999999993E-04
1.45923999999999994E-04
1.45723000000000001E-04
1.46183000000000006E-04
1.46204000000000012E-04
1.46202999999999996E-04
1.61683000000000004E-04
1.46062999999999987E-04
1.46143000000000000E-04
1.45782999999999997E-04
1.45944000000000011E-04
1.45522999999999996E-04
1.46123000000000010E-04
1.46083000000000004E-04
1.46154000000000010E-04
1.46133000000000005E-04
1.46162999999999990E-04
1.46303999999999987E-04
1.62912999999999990E-04
1.46303999999999987E-04
1.76584000000000002E-04
1.45983000000000001E-04
1.45834000000000014E-04
1.46102999999999994E-04
1.46092999999999999E-04
1.73434000000000007E-04
1.46632999999999990E-04
1.46243999999999991E-04
1.46133000000000005E-04
1.46023000000000008E-04
1.45852999999999987E-04
1.63523999999999988E-04
3.27852000000000005E-04
1.97684999999999989E-04
1.98903999999999992E-04
1.98015000000000007E-04
1.98654000000000013E-04
1.94004000000000008E-04
1.96555000000000004E-04
1.97044000000000006E-04
2.20625000000000009E-04
1.99614999999999992E-04
1.99234000000000010E-04
1.99554999999999996E-04
2.09113999999999990E-04
1.99914999999999999E-04
1.99964000000000012E-04
2.00354999999999988E-04
1.96784000000000005E-04
2.10635000000000005E-04
2.19774999999999989E-04
2.01224999999999999E-04
1.96374000000000001E-04
1.97393999999999987E-04
1.99294999999999995E-04
1.99754000000000012E-04
1.99495000000000000E-04
1.98433999999999991E-04
2.03045000000000005E-04
1.99853999999999988E-04
2.17325000000000011E-04
1.96894999999999991E-04
2.06333999999999993E-04
1.94854999999999990E-04
1.96243999999999987E-04
1.98705000000000003E-04
1.99454000000000005E-04
1.98805000000000005E-04
1.90483999999999988E-04
2.03343999999999997E-04
2.16414000000000005E-04
1.98054999999999987E-04
1.98244000000000008E-04
2.18714999999999996E-04
1.98635000000000012E-04
1.99213999999999994E-04
1.99075000000000001E-04
1.99853999999999988E-04
1.98774999999999993E-04
2.02313999999999988E-04
3.86170999999999986E-04
2.12675000000000006E-04
1.91184000000000005E-04
1.90434000000000013E-04
1.88944999999999988E-04
1.93933999999999990E-04
1.94973999999999994E-04
1.93183999999999999E-04
2.11685000000000004E-04
2.08323999999999993E-04
1.92095000000000010E-04
1.94004000000000008E-04
1.94913999999999998E-04
1.89385000000000004E-04
1.90103999999999995E-04
2.00273999999999987E-04
2.04384999999999989E-04
1.89204000000000000E-04
2.17264999999999987E-04
1.98624999999999990E-04
2.10084000000000003E-04
2.11504999999999988E-04
1.99335000000000002E-04
2.94236000000000020E-04
2.58946000000000024E-04
2.00974999999999993E-04
1.91513999999999996E-04
2.76998999999999995E-04
2.01633999999999988E-04
2.01454999999999988E-04
1.53523000000000000E-04
1.65233999999999997E-04
1.66603999999999993E-04
1.45863000000000009E-04
1.45952999999999990E-04
1.46272999999999987E-04
1.69963999999999987E-04
1.55093999999999989E-04
1.46073000000000009E-04
1.45873000000000004E-04
1.46123999999999999E-04
1.46033000000000003E-04
1.46083000000000004E-04
1.45813000000000008E-04
1.45443999999999999E-04
1.45763000000000007E-04
1.45823000000000003E-04
1.45694000000000005E-04
1.45933000000000000E-04
1.45732999999999995E-04
1.61833999999999996E-04
1.45973000000000007E-04
1.46102999999999994E-04
1.45744000000000006E-04
1.45773000000000002E-04
1.46002999999999991E-04
1.45933000000000000E-04
1.46193999999999990E-04
1.45942999999999995E-04
1.46033000000000003E-04
1.46023000000000008E-04
1.45813999999999997E-04
1.52103000000000004E-04
1.61444000000000008E-04
1.46243000000000002E-04
1.51072999999999995E-04
1.49772999999999991E-04
1.46353000000000000E-04
1.46173000000000011E-04
1.46083999999999993E-04
1.46333000000000010E-04
1.45813000000000008E-04
1.45663999999999993E-04
1.45942999999999995E-04
1.57822999999999996E-04
1.65713999999999993E-04
1.61294000000000004E-04
1.46183000000000006E-04
1.45942999999999995E-04
1.45794000000000007E-04
1.45902999999999989E-04
1.45852999999999987E-04
1.45983000000000001E-04
1.45863999999999998E-04
1.46052999999999992E-04
1.46143000000000000E-04
1.46154000000000010E-04
1.74842999999999993E-04
1.45992999999999996E-04
1.46422999999999990E-04
1.62074000000000007E-04
1.45773000000000002E-04
1.46013000000000013E-04
1.46274000000000003E-04
1.46183000000000006E-04
1.46102999999999994E-04
1.45933000000000000E-04
1.46004000000000007E-04
1.45973000000000007E-04
1.45632999999999993E-04
1.46212999999999991E-04
1.45973000000000007E-04
1.46073000000000009E-04
1.61394000000000007E-04
1.46173000000000011E-04
1.46202999999999996E-04
1.46014000000000002E-04
1.45823000000000003E-04
1.45992999999999996E-04
1.45882999999999999E-04
1.45894000000000010E-04
1.71733000000000004E-04
1.51253000000000010E-04
1.46033000000000003E-04
1.46312999999999993E-04
1.45973999999999995E-04
1.46173000000000011E-04
1.63313999999999988E-04
1.45773000000000002E-04
1.45992999999999996E-04
1.57774000000000011E-04
1.46023000000000008E-04
1.46262999999999992E-04
1.45954000000000006E-04
1.46052999999999992E-04
1.46223000000000013E-04
1.46073999999999998E-04
1.46293000000000004E-04
1.50862999999999995E-04
1.90625000000000012E-04
1.73682999999999997E-04
1.50473000000000008E-04
1.46293000000000004E-04
1.46202999999999996E-04
1.48104000000000004E-04
1.52463000000000007E-04
1.45782999999999997E-04
1.46154000000000010E-04
1.46183000000000006E-04
1.46152999999999995E-04
1.46114000000000004E-04
1.45923000000000005E-04
1.46033000000000003E-04
1.61174000000000012E-04
1.46212999999999991E-04
1.46243000000000002E-04
1.46353999999999988E-04
1.46393000000000006E-04
1.46293000000000004E-04
1.46083000000000004E-04
1.46214000000000007E-04
1.46532999999999988E-04
1.46353000000000000E-04
1.46204000000000012E-04
1.46223000000000013E-04
1.46252999999999997E-04
1.46143000000000000E-04
1.61714000000000004E-04
1.62974000000000002E-04
1.51843000000000003E-04
1.53103999999999990E-04
1.45823000000000003E-04
1.46143000000000000E-04
1.45842999999999993E-04
1.46274000000000003E-04
1.65403000000000002E-04
1.45842999999999993E-04
1.46002999999999991E-04
1.46162999999999990E-04
1.46224000000000001E-04
1.62432999999999995E-04
1.46384000000000000E-04
1.63012999999999993E-04
1.62363999999999992E-04
1.46362999999999994E-04
1.64083999999999996E-04
1.46152999999999995E-04
1.46133000000000005E-04
1.45894000000000010E-04
1.45803000000000013E-04
1.46123000000000010E-04
1.46133999999999994E-04
1.46193000000000001E-04
1.62213000000000000E-04
1.74112999999999991E-04
1.46264000000000008E-04
1.46272999999999987E-04
1.46403000000000001E-04
1.46243999999999991E-04
1.46403000000000001E-04
1.46042999999999997E-04
1.46283000000000009E-04
1.46104000000000009E-04
1.46173000000000011E-04
1.46343000000000005E-04
1.46303999999999987E-04
1.80797999999999999E-04
1.45844000000000008E-04
1.45692999999999989E-04
1.46013000000000013E-04
1.45873000000000004E-04
1.46044000000000013E-04
1.46333000000000010E-04
1.46033000000000003E-04
1.59934000000000004E-04
1.50242999999999991E-04
1.46064000000000003E-04
1.45942999999999995E-04
1.74544000000000001E-04
1.70024000000000011E-04
1.45983000000000001E-04
1.46002999999999991E-04
1.45813000000000008E-04
1.45894000000000010E-04
1.45753000000000012E-04
1.45753000000000012E-04
1.45913000000000011E-04
1.46073000000000009E-04
1.45773000000000002E-04
1.45723000000000001E-04
1.45544000000000001E-04
1.62072999999999991E-04
1.46274000000000003E-04
1.45963000000000012E-04
1.46123000000000010E-04
1.46083000000000004E-04
1.46064000000000003E-04
1.46193000000000001E-04
1.46503000000000003E-04
1.46092999999999999E-04
1.46123000000000010E-04
1.45933000000000000E-04
1.85304000000000013E-04
2.80925999999999973E-04
2.30945999999999994E-04
2.07483999999999994E-04
2.01835000000000008E-04
2.02973999999999998E-04
2.29575999999999999E-04
2.02363999999999989E-04
2.02114999999999999E-04
2.32124999999999991E-04
2.05305000000000000E-04
2.20375000000000003E-04
2.04744000000000003E-04
1.71573999999999994E-04
1.91074000000000007E-04
1.63422999999999997E-04
1.46362999999999994E-04
1.46682999999999991E-04
1.46603000000000006E-04
1.46443000000000007E-04
1.85784999999999997E-04
1.46763000000000004E-04
1.64763999999999997E-04
1.73492999999999987E-04
1.59473000000000009E-04
1.98385000000000006E-04
2.10814000000000005E-04
1.93145000000000008E-04
2.13374000000000007E-04
1.93033999999999995E-04
1.93193999999999994E-04
2.11425000000000003E-04
1.91933999999999996E-04
1.91384999999999998E-04
1.91904000000000011E-04
1.91783999999999992E-04
2.36905000000000009E-04
1.92694000000000009E-04
2.13675000000000003E-04
2.02923999999999997E-04
1.92195000000000012E-04
2.07683999999999999E-04
1.92854999999999996E-04
2.06254000000000008E-04
1.91725000000000012E-04
1.91423999999999989E-04
2.10074999999999997E-04
1.92024000000000003E-04
1.90134000000000006E-04
1.74374000000000008E-04
1.49932999999999989E-04
1.83203999999999989E-04
1.48562999999999994E-04
1.89473999999999996E-04
2.20494999999999995E-04
2.01885000000000009E-04
2.25414999999999996E-04
2.03694000000000005E-04
2.11573999999999991E-04
2.01355000000000013E-04
2.02093999999999993E-04
2.30105999999999995E-04
2.01683999999999989E-04
2.01945000000000005E-04
2.01883999999999994E-04
2.15295000000000005E-04
2.28325000000000007E-04
2.01854999999999998E-04
2.20205000000000010E-04
2.02143999999999994E-04
2.18585000000000009E-04
2.03135000000000013E-04
2.01733999999999990E-04
2.20315000000000007E-04
2.01955000000000000E-04
2.28025000000000000E-04
2.01325000000000001E-04
2.02313999999999988E-04
4.77580999999999980E-04
2.18344999999999997E-04
2.06335000000000009E-04
2.19344000000000006E-04
2.01983999999999996E-04
2.23395000000000012E-04
2.02035000000000013E-04
2.01964000000000006E-04
2.02205000000000006E-04
2.01833999999999992E-04
2.24615000000000003E-04
2.02384999999999994E-04
2.01623999999999993E-04
2.31945000000000003E-04
2.01463999999999994E-04
2.21945000000000004E-04
2.01754999999999995E-04
2.20225000000000000E-04
2.01114000000000013E-04
2.02294999999999987E-04
2.20515000000000012E-04
2.02214000000000012E-04
2.22615000000000009E-04
2.02153999999999989E-04
2.01065000000000000E-04
2.01933999999999995E-04
2.06195000000000000E-04
2.49845000000000004E-04
2.02155000000000005E-04
2.25405000000000001E-04
2.02245000000000013E-04
2.11363999999999991E-04
2.02384999999999994E-04
2.01924999999999989E-04
2.26884999999999994E-04
2.02563999999999994E-04
2.20974999999999991E-04
2.23014999999999992E-04
2.22685000000000000E-04
2.02394999999999989E-04
2.01384000000000009E-04
2.18824999999999993E-04
2.01685000000000004E-04
2.20024999999999995E-04
2.02353999999999994E-04
2.24615999999999992E-04
2.03293999999999995E-04
2.03654999999999987E-04
2.31274999999999997E-04
2.02544000000000004E-04
2.01704000000000005E-04
2.02794999999999999E-04
2.02024000000000002E-04
2.31604999999999989E-04
2.02265000000000002E-04
2.19525000000000010E-04
2.01933999999999995E-04
2.22184999999999988E-04
2.01873999999999999E-04
2.02274999999999997E-04
2.22584999999999997E-04
2.17215000000000013E-04
2.02134000000000000E-04
2.02315000000000004E-04
2.29334999999999999E-04
2.11084999999999989E-04
2.02363999999999989E-04
2.06335000000000009E-04
2.02084999999999987E-04
2.31704999999999991E-04
2.02134000000000000E-04
5.12912000000000025E-04
2.20725000000000012E-04
1.90874000000000002E-04
2.64726000000000013E-04
2.21038000000000007E-04
1.90573999999999995E-04
1.88994999999999989E-04
1.92484000000000009E-04
1.46532999999999988E-04
1.46333999999999999E-04
1.46283000000000009E-04
1.57052999999999989E-04
1.46384000000000000E-04
1.45832999999999998E-04
1.63074000000000004E-04
1.46013000000000013E-04
1.55432999999999987E-04
1.48653999999999990E-04
1.46353000000000000E-04
1.46002999999999991E-04
1.45913999999999999E-04
1.46073000000000009E-04
1.46173000000000011E-04
1.45592999999999987E-04
1.45794000000000007E-04
1.45942999999999995E-04
1.45933000000000000E-04
1.61883999999999997E-04
1.46002999999999991E-04
1.45703000000000011E-04
1.46114000000000004E-04
1.46073000000000009E-04
1.59433999999999992E-04
1.49232999999999999E-04
1.46272999999999987E-04
1.45834000000000014E-04
1.53062999999999995E-04
1.46023000000000008E-04
1.75324000000000004E-04
1.46364000000000010E-04
1.46002999999999991E-04
1.64493000000000012E-04
1.46023000000000008E-04
1.46123000000000010E-04
1.46123000000000010E-04
1.46114000000000004E-04
1.45842999999999993E-04
1.46023000000000008E-04
1.46073000000000009E-04
1.46054000000000008E-04
1.45933000000000000E-04
1.46302999999999998E-04
1.45994000000000012E-04
1.46013000000000013E-04
1.62033000000000012E-04
1.46272999999999987E-04
1.46202999999999996E-04
1.46403000000000001E-04
1.46384000000000000E-04
1.46002999999999991E-04
1.85044000000000013E-04
1.46183000000000006E-04
1.46073999999999998E-04
1.46283000000000009E-04
1.46312999999999993E-04
1.46143999999999989E-04
1.46493000000000008E-04
1.75548999999999996E-04
1.46193000000000001E-04
1.46073000000000009E-04
1.45844000000000008E-04
1.45663000000000004E-04
1.46052999999999992E-04
1.45484000000000005E-04
1.45782999999999997E-04
1.45933000000000000E-04
1.46002999999999991E-04
1.45944000000000011E-04
1.46133000000000005E-04
1.64164000000000009E-04
1.45782999999999997E-04
1.46013000000000013E-04
1.45913000000000011E-04
1.45904000000000004E-04
1.50822999999999989E-04
1.74154000000000013E-04
1.46453000000000002E-04
1.46033999999999991E-04
1.45732999999999995E-04
1.45882999999999999E-04
1.45892999999999994E-04
1.45923999999999994E-04
1.62172999999999994E-04
1.46193999999999990E-04
1.46322999999999988E-04
1.46193000000000001E-04
1.46013000000000013E-04
1.46123000000000010E-04
1.46262999999999992E-04
1.46503000000000003E-04
1.82344000000000001E-04
2.11575000000000006E-04
1.63153999999999990E-04
1.46002999999999991E-04
1.83083999999999997E-04
2.28184999999999998E-04
1.94085000000000009E-04
2.02613999999999995E-04
1.92394999999999990E-04
1.54692999999999991E-04
1.46283000000000009E-04
1.46803999999999999E-04
1.46233000000000008E-04
1.46622999999999995E-04
1.46584000000000005E-04
1.77443000000000002E-04
1.46083000000000004E-04
1.46503000000000003E-04
1.46562999999999999E-04
1.45923999999999994E-04
1.46152999999999995E-04
1.46322999999999988E-04
1.45963000000000012E-04
1.46212999999999991E-04
1.46152999999999995E-04
1.46233000000000008E-04
1.46324000000000004E-04
1.66873000000000000E-04
2.11904999999999998E-04
1.46582999999999989E-04
1.46343000000000005E-04
1.74374000000000008E-04
1.46672999999999997E-04
1.46742999999999987E-04
1.46973999999999992E-04
1.59562999999999990E-04
1.46773999999999988E-04
1.46772999999999999E-04
1.46593000000000011E-04
1.46703000000000008E-04
1.68664000000000010E-04
1.81733999999999992E-04
1.83293999999999997E-04
1.80595000000000001E-04
1.46403000000000001E-04
1.46462999999999997E-04
1.46133000000000005E-04
1.63673999999999992E-04
1.97464999999999994E-04
1.54973000000000009E-04
1.46682999999999991E-04
1.70743999999999990E-04
2.11024999999999993E-04
1.95643999999999999E-04
2.00024000000000008E-04
2.02394999999999989E-04
1.94324000000000005E-04
1.93415000000000004E-04
1.90134000000000006E-04
1.95613999999999988E-04
1.97765000000000001E-04
1.96464000000000008E-04
2.15075000000000010E-04
2.06824999999999999E-04
1.95734000000000007E-04
1.96774999999999999E-04
1.94894000000000008E-04
1.97774000000000008E-04
1.92875000000000013E-04
1.93644000000000005E-04
1.97705000000000005E-04
1.94414000000000013E-04
2.25414999999999996E-04
1.91014000000000011E-04
1.95725000000000001E-04
1.95164000000000004E-04
1.95285000000000012E-04
1.95204000000000010E-04
1.94574000000000011E-04
1.90995000000000010E-04
1.98953999999999993E-04
1.96094999999999999E-04
2.14543999999999998E-04
1.95125000000000013E-04
1.94663999999999992E-04
1.91423999999999989E-04
2.00394000000000006E-04
3.57530000000000001E-04
2.18993000000000009E-04
1.89454999999999995E-04
2.53825000000000003E-04
2.36910000000000007E-04
2.14384999999999988E-04
1.91795000000000003E-04
2.92951000000000008E-04
1.72334000000000007E-04
2.19934999999999987E-04
2.07264999999999988E-04
1.96164000000000001E-04
1.94754999999999988E-04
2.21775000000000010E-04
1.85493999999999996E-04
1.85093999999999987E-04
2.11575000000000006E-04
1.86483999999999999E-04
2.04885000000000001E-04
1.86534000000000000E-04
2.17104999999999989E-04
2.05004000000000004E-04
1.86534999999999989E-04
1.85823999999999988E-04
1.86374000000000001E-04
2.05574999999999996E-04
1.85154000000000010E-04
1.82613999999999997E-04
1.86524000000000005E-04
1.86483999999999999E-04
2.01205000000000009E-04
2.04913999999999997E-04
1.86985000000000000E-04
1.87314000000000003E-04
1.99044000000000000E-04
1.87595000000000009E-04
1.84734000000000010E-04
1.87404000000000010E-04
1.88194000000000008E-04
1.98385000000000006E-04
2.03054000000000011E-04
1.89294000000000007E-04
2.04154999999999999E-04
1.88994000000000000E-04
1.65493999999999998E-04
1.66324000000000002E-04
1.46453000000000002E-04
1.71363999999999994E-04
1.52993000000000004E-04
1.76954000000000000E-04
1.89454999999999995E-04
1.92313999999999989E-04
2.05644999999999987E-04
2.18485000000000006E-04
1.91153999999999993E-04
1.92594000000000006E-04
2.08265000000000013E-04
1.92933999999999993E-04
2.18025000000000000E-04
1.49963999999999989E-04
1.67343000000000000E-04
1.46674000000000012E-04
1.46582999999999989E-04
1.46903000000000013E-04
1.73103999999999988E-04
1.46512999999999998E-04
1.61564000000000000E-04
1.46522999999999993E-04
1.46684000000000007E-04
1.46293000000000004E-04
1.46403000000000001E-04
1.60693999999999990E-04
1.46443000000000007E-04
1.46212999999999991E-04
1.50704000000000013E-04
1.46393000000000006E-04
1.46233000000000008E-04
1.85775000000000003E-04
1.46433000000000012E-04
1.46593000000000011E-04
1.46632999999999990E-04
1.46563999999999988E-04
1.46722999999999998E-04
2.34245000000000004E-04
1.83064000000000008E-04
1.96684000000000003E-04
1.96894000000000002E-04
1.88595000000000006E-04
1.49013000000000005E-04
1.67304000000000010E-04
2.08134000000000010E-04
1.89514000000000002E-04
1.88213999999999997E-04
2.14334999999999987E-04
1.90714000000000004E-04
1.94143999999999990E-04
2.06653999999999990E-04
1.90774000000000000E-04
1.96614000000000012E-04
2.27149999999999992E-04
1.91664999999999989E-04
2.34424999999999993E-04
1.91864000000000005E-04
1.92263999999999987E-04
1.92804999999999995E-04
1.92214000000000013E-04
1.91883999999999994E-04
2.23045000000000003E-04
1.92344999999999989E-04
1.92854000000000007E-04
1.92103999999999989E-04
1.91835000000000009E-04
1.91673999999999995E-04
2.05545000000000012E-04
1.92604000000000001E-04
1.91563999999999998E-04
1.91575000000000008E-04
1.91093999999999997E-04
2.07924999999999999E-04
2.05274000000000000E-04
2.25695000000000013E-04
2.04854999999999989E-04
1.91513999999999996E-04
1.91354999999999986E-04
1.92174000000000007E-04
2.05844999999999992E-04
1.91363999999999993E-04
1.91353999999999998E-04
2.07834999999999991E-04
1.91843999999999988E-04
1.92473999999999987E-04
1.91864000000000005E-04
1.91843999999999988E-04
2.04875000000000006E-04
1.91554000000000003E-04
1.92313999999999989E-04
1.91604999999999993E-04
1.91334000000000008E-04
2.39354999999999988E-04
1.91635000000000004E-04
1.92554000000000000E-04
2.05405000000000003E-04
1.92143999999999995E-04
1.91904000000000011E-04
1.91964999999999996E-04
2.06183999999999990E-04
1.91754999999999996E-04
1.91733999999999991E-04
2.11005000000000003E-04
1.92053999999999988E-04
1.92563999999999995E-04
1.92184999999999990E-04
1.92243999999999998E-04
1.91494000000000007E-04
1.91754000000000008E-04
2.06223999999999996E-04
1.92003999999999987E-04
1.99604999999999997E-04
2.08005000000000012E-04
1.91833999999999993E-04
1.92773999999999994E-04
1.91525000000000007E-04
1.91924000000000001E-04
1.91573999999999992E-04
1.91814999999999992E-04
2.06183999999999990E-04
1.91954000000000012E-04
1.91454000000000000E-04
2.08204000000000001E-04
2.11594000000000007E-04
1.93114999999999997E-04
1.91683999999999990E-04
1.92143999999999995E-04
1.92074999999999993E-04
1.92114000000000011E-04
2.03033999999999994E-04
2.07614999999999997E-04
1.83043999999999991E-04
1.97645000000000009E-04
1.82633999999999986E-04
1.82363999999999991E-04
1.82043999999999994E-04
1.82213999999999987E-04
1.82274000000000010E-04
1.81904000000000012E-04
1.94915000000000013E-04
1.82124000000000007E-04
1.82294000000000000E-04
1.82303999999999995E-04
1.97034000000000011E-04
1.81504999999999991E-04
1.81793999999999988E-04
1.81804000000000010E-04
1.81294000000000003E-04
1.81633999999999989E-04
2.12045000000000007E-04
1.82363999999999991E-04
1.81993999999999993E-04
1.82324000000000011E-04
1.82003999999999987E-04
1.97695000000000010E-04
1.82184000000000003E-04
1.63763000000000011E-04
1.46174000000000000E-04
1.46233000000000008E-04
1.60084000000000008E-04
1.45942999999999995E-04
1.46162999999999990E-04
1.46202999999999996E-04
1.52234000000000006E-04
1.46152999999999995E-04
1.46763000000000004E-04
1.76944000000000005E-04
1.46624000000000011E-04
1.45852999999999987E-04
1.45873000000000004E-04
1.45994000000000012E-04
1.55073000000000011E-04
1.96435000000000012E-04
1.46162999999999990E-04
1.45592999999999987E-04
1.45553000000000007E-04
1.45944000000000011E-04
1.45952999999999990E-04
1.57583000000000012E-04
1.61704000000000009E-04
1.46603000000000006E-04
1.46403999999999989E-04
1.46223000000000013E-04
1.46073000000000009E-04
1.46224000000000001E-04
1.60153000000000010E-04
1.46052999999999992E-04
1.45863999999999998E-04
1.45942999999999995E-04
1.46152999999999995E-04
1.46064000000000003E-04
1.45992999999999996E-04
1.45913000000000011E-04
1.67073999999999993E-04
1.60163000000000005E-04
1.55792999999999991E-04
1.82074000000000005E-04
1.45773000000000002E-04
1.45823999999999992E-04
1.60132999999999993E-04
1.46204000000000012E-04
1.46013000000000013E-04
1.46343000000000005E-04
1.46322999999999988E-04
1.46233999999999996E-04
1.46372999999999989E-04
1.61354000000000000E-04
1.87753999999999992E-04
1.95204000000000010E-04
2.07745000000000011E-04
1.92544000000000005E-04
1.93155000000000003E-04
1.93563999999999992E-04
1.92993999999999989E-04
2.09845000000000008E-04
1.91465000000000011E-04
2.13844000000000008E-04
2.24224999999999989E-04
1.97375000000000014E-04
2.13185000000000013E-04
1.94064000000000004E-04
1.94043999999999987E-04
1.92005000000000002E-04
1.91623999999999994E-04
1.94253999999999987E-04
1.99165000000000008E-04
2.12584999999999998E-04
1.99853999999999988E-04
1.93434999999999994E-04
1.94104000000000010E-04
1.95014000000000000E-04
1.92924999999999987E-04
2.11423999999999987E-04
2.17263999999999999E-04
1.94605000000000011E-04
2.10415000000000011E-04
2.11473999999999988E-04
1.93205000000000004E-04
1.87123999999999993E-04
1.99943999999999995E-04
1.97304999999999996E-04
1.94264000000000009E-04
1.98724999999999992E-04
1.92993999999999989E-04
1.93203999999999989E-04
1.99165000000000008E-04
2.11635000000000002E-04
1.94534000000000005E-04
1.95004000000000005E-04
1.94235000000000013E-04
1.95374000000000003E-04
2.09404999999999992E-04
1.93513999999999991E-04
1.98574999999999988E-04
2.03723999999999990E-04
1.95594999999999987E-04
2.13345000000000011E-04
2.08924000000000007E-04
1.93475000000000000E-04
1.96223999999999997E-04
1.93994000000000013E-04
1.94794999999999994E-04
1.94303999999999988E-04
1.94085000000000009E-04
1.93833999999999988E-04
1.98914000000000014E-04
2.13624000000000013E-04
1.94334999999999988E-04
1.94894000000000008E-04
2.22114999999999997E-04
2.00855000000000001E-04
2.01263999999999989E-04
2.11644999999999997E-04
1.96433999999999997E-04
1.93844999999999998E-04
1.97254000000000006E-04
2.12775000000000008E-04
1.94364000000000011E-04
1.98235000000000002E-04
1.95044000000000012E-04
2.09864999999999997E-04
1.95123999999999997E-04
1.94164999999999995E-04
1.95233999999999995E-04
3.98639000000000003E-04
1.95285000000000012E-04
2.25825000000000000E-04
3.15456999999999999E-04
1.93994000000000013E-04
2.03684999999999999E-04
1.93164000000000009E-04
1.93844999999999998E-04
2.12014000000000007E-04
2.26932000000000002E-04
1.86624999999999996E-04
1.65262999999999993E-04
1.46164000000000005E-04
1.45992999999999996E-04
1.45933000000000000E-04
2.79095999999999999E-04
1.51103000000000007E-04
1.46002999999999991E-04
1.74634000000000009E-04
1.97304999999999996E-04
1.58333000000000003E-04
1.46603999999999994E-04
1.46333000000000010E-04
1.46212999999999991E-04
1.46052999999999992E-04
1.45904000000000004E-04
1.71883000000000008E-04
1.46252999999999997E-04
2.34715000000000005E-04
2.66186000000000016E-04
1.93754000000000002E-04
1.60542999999999998E-04
1.46603000000000006E-04
1.46183999999999995E-04
1.46663000000000002E-04
1.46753000000000009E-04
1.46174000000000000E-04
1.46252999999999997E-04
1.46522999999999993E-04
1.46512999999999998E-04
1.46224000000000001E-04
1.46302999999999998E-04
1.46193000000000001E-04
1.46464000000000013E-04
1.61712999999999988E-04
1.46634000000000006E-04
1.46412999999999996E-04
1.46532999999999988E-04
1.46183000000000006E-04
2.32586000000000012E-04
2.37915000000000001E-04
1.91463999999999995E-04
2.13024999999999987E-04
1.92074000000000004E-04
1.91864999999999993E-04
3.19456999999999987E-04
1.92284000000000004E-04
2.11145000000000012E-04
1.92313999999999989E-04
1.91945000000000006E-04
1.91583999999999987E-04
1.92424000000000013E-04
1.94725000000000003E-04
1.94443999999999997E-04
2.15555000000000005E-04
1.93133999999999998E-04
2.07094999999999995E-04
2.01473999999999989E-04
1.93563999999999992E-04
1.92544000000000005E-04
1.90074000000000010E-04
1.90695000000000003E-04
1.90373999999999990E-04
1.90693999999999987E-04
2.50865999999999980E-04
2.05414999999999998E-04
1.90124000000000011E-04
1.94734000000000010E-04
1.90984999999999988E-04
1.89523999999999997E-04
2.06083999999999987E-04
1.93293999999999996E-04
4.99994000000000024E-04
1.98674000000000002E-04
1.87314999999999991E-04
1.87454000000000011E-04
1.87524000000000002E-04
1.86414000000000008E-04
2.05615000000000002E-04
1.84594000000000002E-04
2.27385000000000006E-04
2.06035000000000002E-04
2.04985000000000003E-04
1.91874000000000000E-04
1.92234000000000003E-04
1.91354999999999986E-04
2.05333999999999996E-04
1.91675000000000011E-04
2.10363999999999994E-04
1.92685000000000003E-04
2.06034000000000013E-04
1.91544999999999997E-04
2.01384000000000009E-04
1.91854000000000010E-04
2.06114999999999987E-04
1.92114000000000011E-04
1.91795000000000003E-04
1.91484000000000012E-04
2.34784999999999996E-04
1.92315000000000004E-04
2.05044000000000011E-04
1.91475000000000006E-04
1.91783999999999992E-04
2.05574999999999996E-04
1.92654000000000002E-04
1.91563999999999998E-04
1.91754999999999996E-04
2.05584000000000002E-04
2.09494999999999999E-04
1.92673999999999992E-04
2.26464999999999994E-04
2.05355000000000002E-04
1.91454000000000000E-04
1.92124999999999994E-04
1.91804000000000009E-04
1.91253999999999995E-04
2.05434999999999987E-04
1.92134000000000001E-04
2.09774999999999990E-04
1.91673999999999995E-04
1.91594999999999998E-04
2.05223999999999999E-04
1.92045000000000009E-04
1.92704000000000004E-04
1.91854000000000010E-04
1.91473999999999990E-04
2.25135000000000005E-04
1.91583999999999987E-04
2.18385000000000004E-04
1.91644000000000010E-04
1.91764000000000002E-04
1.91434999999999999E-04
2.05374000000000003E-04
1.91905000000000000E-04
1.91153999999999993E-04
1.91733999999999991E-04
1.91494999999999995E-04
1.91504000000000001E-04
2.22814999999999987E-04
1.92053999999999988E-04
1.92115000000000000E-04
1.92473999999999987E-04
1.91874000000000000E-04
1.93214000000000011E-04
2.05844999999999992E-04
1.91554000000000003E-04
1.91554999999999991E-04
2.01704000000000005E-04
1.92635000000000001E-04
3.71698000000000005E-04
2.22494999999999990E-04
2.30614999999999987E-04
2.77820999999999982E-04
2.00714999999999992E-04
1.94023999999999998E-04
2.08504999999999997E-04
1.82983999999999995E-04
1.80234000000000009E-04
1.77903999999999996E-04
1.62804000000000009E-04
1.68393999999999987E-04
1.57512999999999994E-04
1.97154999999999992E-04
2.20995000000000008E-04
2.00804000000000011E-04
2.08104999999999987E-04
2.16404999999999999E-04
1.99124000000000013E-04
2.30664999999999988E-04
1.98414999999999990E-04
2.22394999999999987E-04
1.99394000000000009E-04
1.98294999999999998E-04
2.15405000000000002E-04
2.01064000000000012E-04
2.28025000000000000E-04
2.00695000000000002E-04
2.23474999999999997E-04
2.00055000000000008E-04
2.04414000000000012E-04
2.31625000000000006E-04
2.11615000000000013E-04
2.18265000000000012E-04
1.75763999999999993E-04
1.76393999999999992E-04
1.95073999999999996E-04
2.01373999999999987E-04
2.22334999999999991E-04
2.18514999999999991E-04
2.02064999999999997E-04
2.02193999999999996E-04
2.02665000000000012E-04
2.36375000000000013E-04
2.05904999999999988E-04
2.18834999999999988E-04
2.02243999999999997E-04
2.28215000000000010E-04
2.17094999999999994E-04
2.01845000000000003E-04
2.01943999999999990E-04
2.39635999999999994E-04
2.33145000000000005E-04
2.09425000000000008E-04
2.24565000000000002E-04
2.01644999999999998E-04
2.34464999999999999E-04
2.02413999999999990E-04
2.24085000000000007E-04
2.18855000000000004E-04
2.02134999999999988E-04
2.20614999999999988E-04
2.06645000000000011E-04
2.20554999999999992E-04
2.18075000000000002E-04
2.02733999999999987E-04
2.22825000000000009E-04
2.37306000000000008E-04
2.02453999999999997E-04
2.02415000000000006E-04
2.29234999999999996E-04
2.02644000000000007E-04
2.21014999999999997E-04
3.23693000000000006E-04
2.01184999999999992E-04
2.01504000000000001E-04
2.02005000000000001E-04
2.07333999999999991E-04
2.02654999999999990E-04
2.26984999999999996E-04
2.01775000000000012E-04
2.18325000000000008E-04
2.02494000000000003E-04
2.17834999999999990E-04
2.38724999999999989E-04
2.02134000000000000E-04
2.02775000000000009E-04
2.02434000000000007E-04
2.21115000000000000E-04
2.06595000000000010E-04
2.01873999999999999E-04
2.17275000000000009E-04
2.02035000000000013E-04
2.02134000000000000E-04
2.02494999999999992E-04
2.02415000000000006E-04
2.02823999999999995E-04
2.01874999999999987E-04
2.25905000000000013E-04
2.02343999999999999E-04
2.02114999999999999E-04
2.20415000000000010E-04
2.38874999999999992E-04
2.02405000000000011E-04
2.02394000000000001E-04
2.02334999999999993E-04
2.03284999999999989E-04
2.22525000000000001E-04
2.06553999999999988E-04
2.01575000000000007E-04
2.01484000000000011E-04
2.31606000000000005E-04
2.02143999999999994E-04
2.01904999999999999E-04
2.02293999999999998E-04
2.02224999999999996E-04
2.02274000000000008E-04
2.25235000000000008E-04
2.01864999999999993E-04
2.13615000000000007E-04
2.01654000000000004E-04
2.17135000000000001E-04
2.02594999999999994E-04
2.02494000000000003E-04
2.02375000000000000E-04
2.06385000000000010E-04
2.21775000000000010E-04
2.06424000000000001E-04
2.01735000000000006E-04
2.01124000000000008E-04
2.02434999999999996E-04
2.18044999999999990E-04
2.02484000000000008E-04
2.02234000000000002E-04
2.02675000000000007E-04
2.02844000000000011E-04
2.21215000000000002E-04
2.18335000000000003E-04
2.01825000000000013E-04
2.01453999999999999E-04
2.23295000000000009E-04
2.18325000000000008E-04
2.01735000000000006E-04
2.02153999999999989E-04
2.20305000000000013E-04
2.22085000000000012E-04
3.52883000000000016E-04
2.56336000000000020E-04
2.17905000000000008E-04
1.95023999999999995E-04
2.29514999999999987E-04
2.14164999999999993E-04
2.03164999999999997E-04
2.11344999999999990E-04
1.87194000000000011E-04
1.88533999999999994E-04
1.88154000000000001E-04
2.16774999999999997E-04
1.92453999999999997E-04
1.84183999999999997E-04
2.01453999999999999E-04
1.82324000000000011E-04
2.47791000000000027E-04
1.84334000000000001E-04
1.46114000000000004E-04
1.46482999999999986E-04
1.61583999999999990E-04
1.58142999999999993E-04
1.46464000000000013E-04
1.46112999999999988E-04
1.46193000000000001E-04
1.46322999999999988E-04
1.77459000000000010E-04
1.46482999999999986E-04
1.82003999999999987E-04
1.45952999999999990E-04
1.46042999999999997E-04
1.45883999999999988E-04
1.45923000000000005E-04
1.45713000000000006E-04
1.45794000000000007E-04
1.45703000000000011E-04
1.46062999999999987E-04
1.67383999999999995E-04
1.77874000000000012E-04
1.61303000000000011E-04
1.46343000000000005E-04
1.45973000000000007E-04
1.46092999999999999E-04
1.46143999999999989E-04
1.46193000000000001E-04
1.46042999999999997E-04
1.46173000000000011E-04
1.46062999999999987E-04
1.45992999999999996E-04
1.46162999999999990E-04
1.46104000000000009E-04
1.69232999999999997E-04
1.69533999999999993E-04
1.52744000000000013E-04
1.46052999999999992E-04
1.58132999999999999E-04
1.61702999999999993E-04
1.46123000000000010E-04
1.45594000000000002E-04
1.45813000000000008E-04
1.63334000000000005E-04
1.83673999999999990E-04
1.76083999999999990E-04
1.76383999999999997E-04
1.46312999999999993E-04
1.46042999999999997E-04
1.46033000000000003E-04
1.45973999999999995E-04
1.45753000000000012E-04
1.46233000000000008E-04
1.46123999999999999E-04
1.46083000000000004E-04
1.46152999999999995E-04
1.60254000000000001E-04
1.45983000000000001E-04
1.62523999999999991E-04
1.75143999999999989E-04
1.46462999999999997E-04
1.46393000000000006E-04
1.46303999999999987E-04
1.46293000000000004E-04
1.46173000000000011E-04
1.46372999999999989E-04
1.53723999999999994E-04
1.85123999999999998E-04
1.46553000000000004E-04
1.66694000000000000E-04
1.62804000000000009E-04
1.62293000000000013E-04
1.46174000000000000E-04
1.60652999999999995E-04
1.46114000000000004E-04
1.46312999999999993E-04
1.46002999999999991E-04
3.69492999999999981E-04
1.89335000000000002E-04
1.99134000000000008E-04
1.92914000000000003E-04
2.04655000000000012E-04
1.98924999999999997E-04
1.98533999999999993E-04
1.96884000000000008E-04
1.96514999999999998E-04
1.47553000000000002E-04
1.46123999999999999E-04
1.46372999999999989E-04
1.46073000000000009E-04
1.46014000000000002E-04
1.61413000000000008E-04
1.46383000000000011E-04
1.64923000000000006E-04
1.52854000000000011E-04
1.46283000000000009E-04
1.46162999999999990E-04
1.48214000000000001E-04
1.63592999999999990E-04
1.46303999999999987E-04
1.46333000000000010E-04
1.45952999999999990E-04
1.58464000000000006E-04
1.56813000000000004E-04
1.46603999999999994E-04
1.46262999999999992E-04
1.46422999999999990E-04
1.46272999999999987E-04
1.46453999999999991E-04
1.46553000000000004E-04
1.46613000000000000E-04
1.72773999999999996E-04
1.46913999999999996E-04
1.46722999999999998E-04
1.61163999999999990E-04
1.46422999999999990E-04
1.46202999999999996E-04
1.45983000000000001E-04
1.46414000000000011E-04
1.46042999999999997E-04
1.46173000000000011E-04
1.46004000000000007E-04
1.46033000000000003E-04
1.62814000000000003E-04
1.45923000000000005E-04
1.46062999999999987E-04
1.45692999999999989E-04
1.45913999999999999E-04
1.53453000000000010E-04
1.45723000000000001E-04
1.75384000000000000E-04
1.92835000000000006E-04
1.93264000000000012E-04
1.91804000000000009E-04
1.96094999999999999E-04
2.28192000000000000E-04
1.88714000000000010E-04
1.89034000000000006E-04
1.89544000000000013E-04
2.60126000000000010E-04
3.73978999999999978E-04
2.34474999999999994E-04
2.08834999999999989E-04
2.02503999999999998E-04
1.90595000000000001E-04
1.87953999999999997E-04
1.98984000000000004E-04
1.89134999999999998E-04
2.59555000000000018E-04
4.41849000000000018E-04
1.91695000000000000E-04
2.14405000000000005E-04
1.94463999999999987E-04
1.94884000000000013E-04
2.12544999999999992E-04
1.87593999999999993E-04
1.89595000000000003E-04
1.87753999999999992E-04
1.88714000000000010E-04
1.96894999999999991E-04
1.88664000000000008E-04
2.10215000000000006E-04
3.80826000000000016E-04
2.77125999999999989E-04
2.15109999999999992E-04
1.97555000000000002E-04
1.95963999999999996E-04
1.92263999999999987E-04
1.95985000000000001E-04
2.18685000000000011E-04
1.46453000000000002E-04
1.64403999999999993E-04
1.46112999999999988E-04
1.46214000000000007E-04
1.46482999999999986E-04
1.46133000000000005E-04
1.46512999999999998E-04
1.46283999999999997E-04
1.46532999999999988E-04
1.46193000000000001E-04
1.46634000000000006E-04
1.46782999999999994E-04
1.46193000000000001E-04
1.90964000000000010E-04
1.46324000000000004E-04
1.46393000000000006E-04
1.46403000000000001E-04
1.46453999999999991E-04
1.46532999999999988E-04
1.46593000000000011E-04
1.46272999999999987E-04
1.46434000000000001E-04
1.46603000000000006E-04
1.46112999999999988E-04
1.46584000000000005E-04
1.46532999999999988E-04
1.62184000000000004E-04
1.46362999999999994E-04
1.46512999999999998E-04
1.46403000000000001E-04
1.46093999999999987E-04
1.46133000000000005E-04
1.45942999999999995E-04
1.46133999999999994E-04
1.58782999999999987E-04
1.55694000000000004E-04
1.46553000000000004E-04
1.46393000000000006E-04
1.69783999999999999E-04
1.62423999999999989E-04
1.46613000000000000E-04
1.46013000000000013E-04
1.46393999999999995E-04
1.46722999999999998E-04
1.45952999999999990E-04
1.46193000000000001E-04
1.46224000000000001E-04
1.58393000000000000E-04
1.46374000000000005E-04
1.49922999999999994E-04
1.46693000000000013E-04
1.46684000000000007E-04
1.46333000000000010E-04
1.62072999999999991E-04
1.46383000000000011E-04
1.46522999999999993E-04
1.46753000000000009E-04
1.46534000000000003E-04
1.46262999999999992E-04
1.46553000000000004E-04
1.46333999999999999E-04
1.46393000000000006E-04
1.52363000000000005E-04
1.46632999999999990E-04
1.46343000000000005E-04
1.46433000000000012E-04
1.61854000000000013E-04
1.46202999999999996E-04
1.46312999999999993E-04
1.46143999999999989E-04
1.46162999999999990E-04
1.46173000000000011E-04
1.46562999999999999E-04
1.46734000000000008E-04
1.46322999999999988E-04
1.46753000000000009E-04
1.46503999999999992E-04
1.46842999999999990E-04
1.46632999999999990E-04
1.46422999999999990E-04
1.80399000000000005E-04
2.05534999999999990E-04
1.89273999999999991E-04
1.67953999999999998E-04
1.46233000000000008E-04
1.46064000000000003E-04
2.00964000000000009E-04
1.46204000000000012E-04
1.55913000000000010E-04
1.45952999999999990E-04
1.79724000000000002E-04
3.42340000000000005E-04
1.56362999999999994E-04
1.78233999999999988E-04
1.86354000000000012E-04
1.89514999999999991E-04
1.98094000000000004E-04
1.96555000000000004E-04
1.96254000000000009E-04
1.96774000000000010E-04
1.98545000000000004E-04
2.16535000000000013E-04
2.01134000000000002E-04
1.93894999999999999E-04
1.93093999999999991E-04
2.10134999999999993E-04
1.94054000000000009E-04
1.94625000000000001E-04
1.95254000000000011E-04
1.93284000000000001E-04
1.92685000000000003E-04
2.09953999999999989E-04
1.93234999999999989E-04
1.92274000000000009E-04
1.92594000000000006E-04
1.91814999999999992E-04
1.99344000000000008E-04
1.94405000000000006E-04
2.04164000000000006E-04
1.57013999999999998E-04
1.57803000000000007E-04
1.84634000000000008E-04
1.69073999999999988E-04
1.48474000000000002E-04
1.89533999999999992E-04
2.06264999999999991E-04
1.96884000000000008E-04
1.93453999999999995E-04
1.94305000000000004E-04
1.93393999999999999E-04
1.97244000000000011E-04
1.98473999999999997E-04
1.98204000000000002E-04
2.16925000000000001E-04
1.97874999999999999E-04
2.00303999999999999E-04
1.98984999999999993E-04
2.00174000000000012E-04
1.96414999999999996E-04
1.97803999999999992E-04
1.97844999999999987E-04
1.95684000000000006E-04
1.98373999999999995E-04
2.28086000000000011E-04
1.95123999999999997E-04
2.15345000000000006E-04
1.96634000000000001E-04
1.96984999999999999E-04
1.98814000000000011E-04
2.02694999999999996E-04
1.96483999999999998E-04
1.97884999999999993E-04
1.94744000000000004E-04
2.12804999999999993E-04
1.92523999999999988E-04
1.97844999999999987E-04
2.12594000000000005E-04
1.92864999999999991E-04
1.92794000000000011E-04
1.93214000000000011E-04
1.89585000000000009E-04
2.07604000000000013E-04
1.96524999999999993E-04
2.14965000000000013E-04
1.90843999999999991E-04
1.95954000000000001E-04
1.95405000000000004E-04
2.13575000000000001E-04
1.94773999999999989E-04
1.96664000000000013E-04
1.95214999999999994E-04
2.63631000000000011E-04
1.83524000000000014E-04
1.83494000000000002E-04
1.81463999999999996E-04
1.89354000000000003E-04
1.88934999999999993E-04
1.85563999999999987E-04
2.19945000000000009E-04
2.78310999999999999E-04
1.96364999999999994E-04
1.94563999999999989E-04
1.96564999999999999E-04
1.91604000000000004E-04
1.95813999999999992E-04
1.95545000000000012E-04
2.01284000000000006E-04
1.90664999999999991E-04
2.12673999999999990E-04
2.07474999999999988E-04
1.63363999999999990E-04
1.72064000000000011E-04
1.61812999999999990E-04
1.62303999999999996E-04
1.80463999999999999E-04
1.64064000000000007E-04
1.72473999999999989E-04
1.58493000000000002E-04
1.78984000000000006E-04
2.13815000000000012E-04
1.81234000000000007E-04
1.96383999999999995E-04
1.93234999999999989E-04
1.96643999999999996E-04
1.92723999999999993E-04
1.97235000000000005E-04
1.95663999999999989E-04
1.96145000000000000E-04
2.16905000000000011E-04
1.99074000000000012E-04
1.93995000000000002E-04
2.14823999999999988E-04
1.97025000000000005E-04
1.95503999999999990E-04
1.95815000000000008E-04
1.94663999999999992E-04
1.97194000000000010E-04
2.06534999999999987E-04
2.20034999999999990E-04
2.00375000000000005E-04
1.97474000000000000E-04
1.96164999999999990E-04
2.16801000000000000E-04
1.72744000000000012E-04
1.80654000000000009E-04
1.54894000000000011E-04
1.48543000000000004E-04
1.46303999999999987E-04
1.46083000000000004E-04
2.16185000000000005E-04
3.37717000000000019E-04
1.46534000000000003E-04
1.46133000000000005E-04
1.46173000000000011E-04
1.46362999999999994E-04
1.46293999999999992E-04
1.46362999999999994E-04
1.46293000000000004E-04
1.80144000000000002E-04
1.46224000000000001E-04
1.62382999999999993E-04
1.58273999999999996E-04
1.46162999999999990E-04
1.67273999999999998E-04
1.79864000000000011E-04
1.46632999999999990E-04
1.46713999999999992E-04
1.46643000000000012E-04
1.46973000000000004E-04
1.46724000000000013E-04
1.46863000000000007E-04
1.46703000000000008E-04
1.46903000000000013E-04
1.62394000000000004E-04
1.46102999999999994E-04
1.45944000000000011E-04
1.46023000000000008E-04
1.46243000000000002E-04
1.46283000000000009E-04
2.84540000000000010E-04
2.38454999999999993E-04
1.85434000000000000E-04
1.86085000000000005E-04
1.86304000000000011E-04
1.86094000000000011E-04
1.91373999999999987E-04
1.86385000000000012E-04
1.85923999999999991E-04
2.08024000000000013E-04
1.87325000000000013E-04
1.86574000000000006E-04
1.86824000000000012E-04
1.86973999999999989E-04
1.86853999999999997E-04
2.02014999999999996E-04
1.87054000000000002E-04
1.90673999999999998E-04
1.85503999999999991E-04
2.06054000000000003E-04
1.86524999999999994E-04
2.09223999999999988E-04
1.91995000000000007E-04
1.91303999999999997E-04
1.93234000000000000E-04
1.93594999999999992E-04
1.93303999999999991E-04
1.97483999999999995E-04
1.92995000000000005E-04
2.13574000000000012E-04
1.94613999999999990E-04
2.02004000000000013E-04
1.98504999999999998E-04
1.93303999999999991E-04
1.93615000000000009E-04
1.93203999999999989E-04
1.92864000000000002E-04
1.98554999999999999E-04
1.92363999999999990E-04
2.18235000000000000E-04
1.90113999999999989E-04
2.05694999999999988E-04
1.91673999999999995E-04
1.91005000000000005E-04
1.89614000000000004E-04
1.97373999999999998E-04
1.93195000000000010E-04
1.96474000000000003E-04
1.90914000000000009E-04
2.11604999999999991E-04
1.95465000000000000E-04
1.93293999999999996E-04
1.92153999999999990E-04
2.13555000000000011E-04
1.93343999999999997E-04
1.91565000000000013E-04
1.92544000000000005E-04
1.97774000000000008E-04
2.31124999999999994E-04
2.09924000000000005E-04
1.92644999999999996E-04
1.93224000000000005E-04
1.92973999999999999E-04
1.92675000000000008E-04
1.92554000000000000E-04
1.96734999999999993E-04
1.90313999999999994E-04
2.17404999999999996E-04
1.93054000000000012E-04
2.12234999999999990E-04
1.91064000000000012E-04
1.94235000000000013E-04
1.93594000000000003E-04
1.91623999999999994E-04
1.92665000000000013E-04
1.98834000000000001E-04
2.09155000000000013E-04
1.58402999999999994E-04
1.65834000000000012E-04
4.50929999999999994E-04
1.93214999999999999E-04
1.92733999999999988E-04
1.91423999999999989E-04
1.95515000000000001E-04
1.96524000000000004E-04
1.97595000000000008E-04
1.96543999999999994E-04
1.68753999999999991E-04
1.46782999999999994E-04
1.49653999999999987E-04
1.46803000000000011E-04
1.46603000000000006E-04
1.46674000000000012E-04
1.46682999999999991E-04
1.48832999999999989E-04
1.58443999999999989E-04
1.73274000000000008E-04
1.46433000000000012E-04
1.45973000000000007E-04
1.46524000000000009E-04
1.62503000000000013E-04
1.46252999999999997E-04
1.45844000000000008E-04
1.46173000000000011E-04
1.45823000000000003E-04
1.45994000000000012E-04
1.45913000000000011E-04
1.46143000000000000E-04
1.46042999999999997E-04
1.45854000000000003E-04
1.45823000000000003E-04
1.45703000000000011E-04
1.46162999999999990E-04
1.61743000000000000E-04
1.45963000000000012E-04
1.58204000000000005E-04
1.87123999999999993E-04
1.82184000000000003E-04
1.82604000000000002E-04
1.60743999999999991E-04
1.70163999999999992E-04
1.59013000000000004E-04
1.46333000000000010E-04
1.46322999999999988E-04
1.45983000000000001E-04
1.46393999999999995E-04
1.62482999999999996E-04
1.46314000000000009E-04
1.46722999999999998E-04
1.50442999999999996E-04
1.46143999999999989E-04
1.48522999999999987E-04
1.46223000000000013E-04
1.46102999999999994E-04
1.46374000000000005E-04
1.72833999999999992E-04
1.50853000000000001E-04
1.45852999999999987E-04
1.45844000000000008E-04
1.62162999999999999E-04
1.45913999999999999E-04
1.46123000000000010E-04
1.45753000000000012E-04
1.45923000000000005E-04
1.88485000000000009E-04
1.45892999999999994E-04
1.45553000000000007E-04
1.45792999999999991E-04
1.58133999999999987E-04
1.46293000000000004E-04
1.46033999999999991E-04
1.46383000000000011E-04
1.62282999999999991E-04
1.46293000000000004E-04
1.46312999999999993E-04
1.46073000000000009E-04
1.45973999999999995E-04
1.46293000000000004E-04
1.46092999999999999E-04
1.45813000000000008E-04
1.52463999999999996E-04
1.86784000000000006E-04
1.54343999999999998E-04
1.53902999999999993E-04
1.46753000000000009E-04
1.63334000000000005E-04
1.46152999999999995E-04
1.46214000000000007E-04
1.53783000000000001E-04
1.45763000000000007E-04
1.46464000000000013E-04
1.46283000000000009E-04
1.45863000000000009E-04
1.46112999999999988E-04
1.46393999999999995E-04
1.64332999999999987E-04
1.46014000000000002E-04
3.94767999999999985E-04
1.46403999999999989E-04
1.45682999999999994E-04
1.46102999999999994E-04
1.46133999999999994E-04
1.46252999999999997E-04
1.46512999999999998E-04
1.46693000000000013E-04
1.46204000000000012E-04
1.46522999999999993E-04
1.64444000000000000E-04
1.46252999999999997E-04
1.46052999999999992E-04
1.46364000000000010E-04
1.57992999999999990E-04
1.46532999999999988E-04
1.46384000000000000E-04
1.46262999999999992E-04
1.46322999999999988E-04
1.46393999999999995E-04
1.46293000000000004E-04
1.46123000000000010E-04
1.46212999999999991E-04
1.61354000000000000E-04
1.46143000000000000E-04
1.45634000000000009E-04
1.45933000000000000E-04
1.45813000000000008E-04
1.96133999999999989E-04
1.46252999999999997E-04
1.46152999999999995E-04
1.46073000000000009E-04
1.46264000000000008E-04
1.46383000000000011E-04
1.46283000000000009E-04
1.46073999999999998E-04
1.46202999999999996E-04
1.64322999999999992E-04
1.45823000000000003E-04
1.52843000000000000E-04
1.45963000000000012E-04
1.45983000000000001E-04
1.46283000000000009E-04
1.46152999999999995E-04
1.46174000000000000E-04
1.46372999999999989E-04
1.46302999999999998E-04
1.46193000000000001E-04
1.46054000000000008E-04
1.46123000000000010E-04
1.65753999999999999E-04
1.46062999999999987E-04
1.46152999999999995E-04
1.46073999999999998E-04
1.45892999999999994E-04
1.46002999999999991E-04
1.45863000000000009E-04
1.46243999999999991E-04
1.46223000000000013E-04
1.45963000000000012E-04
1.46054000000000008E-04
1.46062999999999987E-04
1.63033000000000009E-04
1.45992999999999996E-04
2.67426000000000024E-04
2.92456999999999982E-04
2.92725999999999989E-04
2.92167000000000023E-04
1.60082999999999992E-04
1.46484000000000002E-04
1.53742999999999995E-04
1.71874000000000001E-04
1.58944000000000002E-04
1.46923000000000003E-04
1.46832999999999995E-04
1.46362999999999994E-04
1.46572999999999994E-04
1.46443000000000007E-04
1.46674000000000012E-04
1.46973000000000004E-04
1.46643000000000012E-04
1.47073000000000006E-04
1.46794000000000004E-04
1.46932999999999997E-04
1.67803999999999995E-04
1.63012999999999993E-04
1.46842999999999990E-04
1.46643000000000012E-04
1.46632999999999990E-04
1.46574000000000010E-04
1.46493000000000008E-04
1.46572999999999994E-04
1.46634000000000006E-04
1.46603000000000006E-04
1.46643000000000012E-04
1.46753000000000009E-04
1.46744000000000003E-04
1.46422999999999990E-04
1.83264000000000013E-04
1.92844000000000012E-04
2.19743999999999989E-04
1.89714999999999995E-04
2.24684999999999994E-04
2.03713999999999995E-04
1.79934000000000002E-04
2.00564999999999988E-04
2.29115000000000004E-04
2.01895000000000004E-04
1.86603999999999991E-04
2.25495000000000009E-04
1.97583999999999997E-04
2.00255000000000013E-04
1.79204000000000001E-04
1.77984000000000009E-04
1.77454000000000012E-04
1.77793999999999999E-04
1.78044000000000005E-04
1.99754000000000012E-04
1.74093999999999990E-04
1.82453999999999998E-04
1.81315000000000008E-04
1.88454000000000009E-04
1.63752999999999989E-04
1.75913999999999997E-04
1.73274000000000008E-04
1.61013999999999987E-04
1.96653999999999991E-04
1.49643999999999992E-04
1.59483000000000004E-04
1.97063999999999996E-04
1.96874000000000013E-04
1.98425000000000012E-04
1.98134000000000011E-04
1.97535000000000012E-04
1.97054000000000001E-04
1.98595000000000005E-04
2.00244000000000003E-04
1.93804999999999992E-04
1.86183999999999991E-04
1.88113999999999995E-04
1.79733999999999997E-04
1.86493999999999994E-04
1.47013999999999999E-04
1.52723000000000008E-04
1.46832999999999995E-04
1.46613999999999989E-04
1.86744000000000000E-04
1.47782999999999991E-04
1.90043999999999999E-04
1.97004999999999988E-04
2.31670000000000010E-04
1.90733999999999994E-04
1.63554000000000000E-04
1.72633999999999987E-04
1.55293000000000005E-04
1.48724000000000008E-04
1.49903000000000005E-04
1.46133000000000005E-04
1.94515000000000004E-04
1.97784000000000002E-04
2.19704999999999998E-04
1.96905000000000013E-04
1.98433999999999991E-04
2.00094999999999987E-04
1.95443999999999994E-04
2.09165000000000007E-04
1.99273999999999990E-04
1.59294000000000010E-04
1.68183999999999988E-04
1.75023999999999997E-04
1.79693999999999991E-04
1.85064000000000002E-04
1.52792999999999999E-04
1.48273999999999997E-04
1.67593000000000006E-04
1.61793999999999989E-04
1.71964000000000009E-04
1.83673999999999990E-04
1.89074000000000013E-04
1.66114000000000002E-04
1.92823999999999996E-04
1.89585000000000009E-04
2.99400999999999975E-04
1.92725000000000009E-04
1.93314000000000013E-04
1.94283999999999999E-04
2.48315999999999999E-04
1.93114000000000008E-04
1.98215000000000012E-04
1.97734999999999990E-04
1.77023999999999991E-04
1.46133000000000005E-04
1.45763000000000007E-04
1.46333000000000010E-04
1.45983999999999990E-04
1.46002999999999991E-04
1.46002999999999991E-04
1.46023999999999996E-04
1.65572999999999995E-04
1.45954000000000006E-04
1.46343000000000005E-04
1.45852999999999987E-04
1.46112999999999988E-04
1.63453999999999997E-04
1.46202999999999996E-04
1.45754000000000001E-04
1.46143000000000000E-04
1.45913000000000011E-04
1.45834000000000014E-04
1.75302999999999999E-04
1.46033000000000003E-04
1.46593000000000011E-04
1.62163999999999988E-04
1.46102999999999994E-04
1.46152999999999995E-04
1.46264000000000008E-04
1.46152999999999995E-04
1.46033000000000003E-04
1.46212999999999991E-04
1.46443999999999996E-04
1.46362999999999994E-04
1.46252999999999997E-04
1.46154000000000010E-04
1.46193000000000001E-04
1.46212999999999991E-04
1.74563999999999991E-04
1.46613999999999989E-04
1.46262999999999992E-04
1.46703000000000008E-04
1.46383000000000011E-04
1.46553999999999993E-04
1.46252999999999997E-04
1.92293999999999999E-04
2.09704999999999999E-04
2.16264999999999990E-04
2.23314999999999999E-04
2.02565000000000010E-04
2.02324000000000010E-04
2.02455000000000012E-04
2.01904000000000010E-04
1.95455000000000005E-04
1.46322999999999988E-04
1.49032999999999994E-04
1.46083999999999993E-04
1.46112999999999988E-04
1.46112999999999988E-04
1.45952999999999990E-04
1.63713999999999998E-04
1.50834000000000000E-04
1.45892999999999994E-04
1.46173000000000011E-04
1.45994000000000012E-04
1.46123000000000010E-04
1.46233000000000008E-04
1.56644000000000000E-04
1.46183000000000006E-04
1.45913000000000011E-04
1.46062999999999987E-04
1.46493999999999997E-04
1.46162999999999990E-04
1.61203999999999997E-04
1.46433000000000012E-04
1.46482999999999986E-04
1.46393999999999995E-04
1.46462999999999997E-04
1.46422999999999990E-04
1.46102999999999994E-04
1.46324000000000004E-04
1.46033000000000003E-04
1.46322999999999988E-04
1.46233000000000008E-04
1.45963000000000012E-04
1.46133000000000005E-04
1.46083000000000004E-04
1.61974000000000005E-04
1.91234000000000006E-04
2.02444999999999990E-04
2.02324000000000010E-04
2.11594999999999996E-04
2.02534999999999998E-04
1.96543999999999994E-04
1.93224999999999994E-04
2.39974999999999992E-04
2.67581000000000025E-04
2.09155000000000013E-04
2.49215000000000005E-04
2.02455000000000012E-04
1.60172999999999999E-04
1.75062999999999987E-04
1.56083999999999992E-04
1.46083000000000004E-04
1.72864000000000004E-04
1.51754000000000011E-04
1.46283000000000009E-04
1.45742999999999990E-04
1.46133000000000005E-04
1.46243999999999991E-04
1.45732999999999995E-04
1.75283999999999998E-04
1.46472999999999992E-04
1.46272999999999987E-04
1.46353000000000000E-04
1.46252999999999997E-04
1.46343000000000005E-04
1.62203999999999994E-04
1.46703000000000008E-04
1.46384000000000000E-04
1.46353000000000000E-04
1.46443000000000007E-04
1.46283000000000009E-04
1.46414000000000011E-04
1.46732999999999993E-04
1.46252999999999997E-04
1.46224000000000001E-04
1.46252999999999997E-04
1.49683000000000010E-04
1.80363999999999996E-04
1.46174000000000000E-04
1.62492999999999991E-04
1.45754000000000001E-04
1.45933000000000000E-04
1.46013000000000013E-04
1.52873000000000012E-04
1.64272999999999991E-04
1.46233000000000008E-04
1.65763000000000005E-04
1.46183999999999995E-04
1.45892999999999994E-04
1.45813000000000008E-04
1.46233000000000008E-04
1.62344000000000003E-04
1.61953999999999988E-04
1.49462999999999988E-04
1.46333000000000010E-04
1.47934000000000010E-04
1.46073000000000009E-04
1.45973000000000007E-04
1.46062999999999987E-04
1.46083000000000004E-04
1.49523000000000012E-04
1.46212999999999991E-04
1.46233999999999996E-04
1.46083000000000004E-04
1.46312999999999993E-04
1.61554000000000005E-04
1.46713000000000003E-04
1.46252999999999997E-04
1.53494000000000005E-04
1.46322999999999988E-04
1.46522999999999993E-04
1.46322999999999988E-04
1.46813000000000005E-04
1.46493000000000008E-04
1.46403999999999989E-04
1.46272999999999987E-04
1.45973000000000007E-04
1.46453000000000002E-04
1.46283000000000009E-04
1.61423000000000003E-04
1.46154000000000010E-04
1.46002999999999991E-04
1.53603000000000013E-04
1.96915000000000008E-04
2.09575000000000012E-04
1.54243000000000007E-04
1.46462999999999997E-04
1.46114000000000004E-04
1.55372999999999991E-04
1.45904000000000004E-04
1.48283000000000003E-04
1.62954000000000012E-04
1.61802999999999996E-04
1.46193000000000001E-04
1.50113999999999993E-04
1.46663000000000002E-04
1.46493000000000008E-04
1.46503999999999992E-04
1.46493000000000008E-04
1.46283000000000009E-04
4.47292000000000013E-04
1.96274999999999987E-04
1.99124000000000013E-04
1.73613999999999995E-04
1.46694000000000002E-04
1.46453000000000002E-04
1.46283000000000009E-04
1.46403000000000001E-04
1.46393999999999995E-04
1.65653000000000008E-04
1.97273999999999995E-04
1.93517000000000011E-04
1.46903000000000013E-04
2.07824000000000008E-04
1.46283000000000009E-04
1.46462999999999997E-04
1.46393000000000006E-04
1.46064000000000003E-04
1.45732999999999995E-04
1.46143000000000000E-04
1.57953999999999999E-04
1.46443000000000007E-04
1.46713000000000003E-04
1.46324000000000004E-04
1.71103000000000005E-04
1.97294000000000012E-04
2.22890000000000002E-04
1.94434000000000002E-04
1.97395000000000003E-04
1.94513999999999988E-04
1.92484000000000009E-04
1.93804999999999992E-04
1.95154000000000009E-04
1.95383999999999998E-04
2.33166000000000010E-04
2.21515000000000009E-04
1.98683999999999997E-04
1.93544000000000002E-04
1.98884000000000002E-04
1.99874000000000004E-04
1.93253999999999990E-04
2.08664999999999995E-04
1.96874000000000013E-04
1.96514000000000009E-04
1.98535000000000009E-04
2.19304999999999988E-04
2.20704999999999995E-04
1.99013999999999989E-04
1.96464999999999997E-04
1.92563999999999995E-04
1.93214999999999999E-04
2.01594000000000008E-04
2.31475000000000002E-04
1.99895000000000010E-04
2.21134999999999989E-04
1.98094000000000004E-04
1.99475000000000010E-04
1.99564000000000002E-04
1.91895000000000005E-04
1.97554000000000013E-04
1.88104000000000000E-04
1.95805000000000013E-04
1.96664000000000013E-04
1.96684999999999991E-04
2.18924000000000007E-04
1.96404000000000012E-04
1.97163999999999998E-04
1.96744999999999987E-04
1.97543999999999991E-04
1.97894999999999988E-04
2.30955000000000000E-04
2.02355000000000010E-04
1.96073999999999993E-04
1.95613999999999988E-04
2.22164999999999998E-04
1.96395000000000006E-04
1.98383999999999990E-04
1.98635000000000012E-04
1.96794000000000000E-04
1.96934999999999997E-04
6.19239000000000052E-04
1.93663999999999994E-04
1.94023999999999998E-04
1.99945000000000011E-04
1.97443999999999989E-04
2.04364999999999999E-04
2.10924999999999991E-04
1.95224000000000000E-04
2.02895000000000001E-04
2.13324999999999995E-04
1.98674000000000002E-04
1.94804000000000000E-04
1.96944999999999992E-04
2.02933999999999992E-04
1.97275000000000011E-04
1.99464000000000000E-04
1.93654999999999988E-04
1.96503999999999987E-04
2.01365000000000008E-04
2.15775000000000000E-04
1.93403999999999993E-04
1.94663999999999992E-04
2.11725000000000010E-04
2.01974999999999990E-04
2.05343999999999991E-04
2.04245000000000007E-04
1.94033999999999993E-04
1.95285000000000012E-04
2.36815000000000002E-04
1.93424000000000010E-04
1.98194999999999996E-04
1.95054000000000006E-04
1.94544999999999988E-04
1.97974000000000012E-04
1.96994999999999993E-04
2.02174000000000006E-04
1.93863999999999999E-04
1.94894999999999997E-04
2.17425000000000013E-04
1.96653999999999991E-04
2.00344999999999994E-04
1.93114000000000008E-04
1.94873999999999991E-04
2.11425000000000003E-04
1.94035000000000008E-04
2.03773999999999991E-04
2.11954999999999999E-04
1.99883999999999999E-04
2.13104000000000012E-04
1.94964999999999987E-04
1.88323999999999995E-04
1.91074000000000007E-04
1.92635000000000001E-04
1.95314000000000007E-04
1.90153999999999996E-04
1.87665000000000000E-04
1.90434000000000013E-04
1.93043999999999990E-04
2.16905000000000011E-04
1.91983999999999997E-04
1.95534999999999991E-04
2.27734999999999987E-04
1.91583999999999987E-04
1.95125000000000013E-04
1.90024000000000009E-04
1.87553999999999987E-04
1.98044999999999992E-04
1.90604000000000007E-04
2.11945000000000004E-04
1.91003999999999989E-04
2.11215000000000003E-04
1.86863999999999992E-04
1.87424000000000000E-04
1.96705000000000008E-04
1.92313999999999989E-04
1.93944000000000012E-04
1.89795000000000008E-04
1.89783999999999998E-04
3.05377000000000014E-04
2.46304999999999994E-04
2.94006999999999992E-04
8.39335999999999988E-04
2.46878999999999979E-04
2.40265000000000004E-04
2.02195000000000011E-04
1.95104000000000008E-04
2.08065000000000008E-04
1.94973999999999994E-04
2.23019999999999989E-04
1.46252999999999997E-04
1.45923999999999994E-04
1.89544000000000013E-04
2.07104999999999990E-04
1.93343999999999997E-04
2.01315000000000006E-04
1.77123999999999993E-04
1.90733999999999994E-04
1.91964000000000007E-04
1.89215000000000010E-04
1.76154000000000008E-04
1.46503000000000003E-04
1.46133000000000005E-04
1.45992999999999996E-04
1.46023999999999996E-04
1.62503000000000013E-04
1.46183999999999995E-04
1.46023000000000008E-04
1.46083000000000004E-04
1.60123999999999987E-04
1.46002999999999991E-04
1.46312999999999993E-04
1.46303999999999987E-04
1.46102999999999994E-04
1.49363000000000013E-04
1.61094000000000000E-04
1.46062999999999987E-04
1.69383999999999990E-04
1.61413999999999997E-04
1.46412999999999996E-04
1.46312999999999993E-04
1.45973999999999995E-04
1.46522999999999993E-04
1.45973000000000007E-04
1.46212999999999991E-04
1.60803999999999987E-04
1.76994000000000007E-04
1.94463999999999987E-04
2.06405000000000000E-04
1.92733999999999988E-04
2.34896000000000009E-04
2.02424000000000012E-04
2.02145000000000010E-04
2.02523999999999987E-04
2.05985000000000001E-04
2.18225000000000005E-04
2.02184999999999990E-04
2.31974999999999987E-04
2.26044999999999995E-04
2.01883999999999994E-04
2.21274000000000010E-04
2.04563999999999988E-04
2.02344999999999988E-04
2.02043999999999992E-04
2.01575000000000007E-04
2.17894999999999986E-04
2.02854000000000006E-04
2.02604999999999989E-04
2.26495000000000006E-04
2.01504000000000001E-04
2.12923999999999996E-04
2.24424999999999993E-04
1.63654000000000002E-04
1.65513999999999988E-04
1.46663000000000002E-04
1.46803000000000011E-04
2.10575000000000009E-04
1.46854000000000000E-04
1.46482999999999986E-04
1.30974900000000003E-03
1.89743999999999991E-04
2.10284999999999997E-04
2.19895000000000008E-04
2.05775000000000001E-04
1.92093999999999994E-04
1.92064000000000010E-04
1.91635000000000004E-04
1.91814000000000004E-04
2.05025000000000010E-04
2.34290000000000008E-04
1.92463999999999992E-04
1.94465000000000002E-04
1.93713999999999996E-04
2.07054999999999989E-04
1.93954000000000007E-04
1.93374999999999998E-04
2.12234000000000001E-04
2.17655000000000002E-04
1.93114999999999997E-04
2.09384000000000013E-04
1.92425000000000002E-04
2.08764000000000009E-04
1.96023999999999992E-04
2.29124999999999999E-04
1.97185000000000004E-04
1.98134000000000011E-04
2.03534999999999995E-04
1.82053999999999989E-04
1.61984000000000000E-04
1.46262999999999992E-04
1.48063000000000009E-04
1.45992999999999996E-04
1.46073000000000009E-04
1.64513000000000002E-04
1.46152999999999995E-04
1.60662999999999990E-04
1.46274000000000003E-04
1.46243000000000002E-04
1.46353000000000000E-04
1.46014000000000002E-04
1.46002999999999991E-04
1.45992999999999996E-04
1.46212999999999991E-04
1.60294000000000007E-04
1.46433000000000012E-04
1.46374000000000005E-04
1.62282999999999991E-04
1.46434000000000001E-04
1.46173000000000011E-04
1.45892999999999994E-04
1.46223000000000013E-04
1.89065000000000007E-04
1.46322999999999988E-04
1.46073000000000009E-04
1.46293000000000004E-04
1.58192999999999995E-04
1.46252999999999997E-04
1.46054000000000008E-04
1.46283000000000009E-04
1.75014000000000002E-04
1.46083000000000004E-04
1.45902999999999989E-04
1.45684000000000010E-04
1.45653000000000010E-04
1.89743999999999991E-04
1.89874999999999994E-04
1.75823000000000000E-04
1.62022999999999990E-04
1.48524000000000003E-04
1.46243000000000002E-04
1.54482999999999991E-04
1.46553999999999993E-04
1.63183000000000013E-04
1.46374000000000005E-04
1.46073000000000009E-04
1.71723999999999998E-04
1.62313000000000003E-04
1.46524000000000009E-04
1.46252999999999997E-04
1.48793000000000010E-04
1.46054000000000008E-04
1.46152999999999995E-04
1.46092999999999999E-04
1.46123000000000010E-04
1.94825000000000006E-04
2.13315000000000000E-04
2.81645999999999980E-04
1.94023999999999998E-04
2.19535000000000005E-04
1.96605000000000006E-04
1.97784000000000002E-04
1.97304999999999996E-04
1.71113999999999988E-04
1.45923000000000005E-04
1.46073000000000009E-04
1.69433999999999991E-04
1.53322999999999996E-04
1.46183999999999995E-04
1.46133000000000005E-04
1.46272999999999987E-04
1.50184000000000011E-04
1.46042999999999997E-04
1.46112999999999988E-04
1.46073000000000009E-04
1.46044000000000013E-04
1.61332999999999995E-04
1.92324999999999999E-04
2.07574000000000002E-04
1.46204000000000012E-04
1.46162999999999990E-04
1.46152999999999995E-04
1.45923999999999994E-04
1.45963000000000012E-04
1.45882999999999999E-04
1.45773000000000002E-04
1.46004000000000007E-04
1.45803000000000013E-04
1.60614000000000004E-04
1.46123000000000010E-04
1.45992999999999996E-04
1.89984000000000002E-04
1.67343999999999989E-04
1.46102999999999994E-04
1.45902999999999989E-04
1.45692999999999989E-04
1.45842999999999993E-04
1.45964000000000000E-04
1.83083999999999997E-04
1.56422999999999990E-04
1.46364000000000010E-04
1.46202999999999996E-04
1.46202999999999996E-04
1.46393000000000006E-04
1.46634000000000006E-04
1.63093000000000005E-04
1.46744000000000003E-04
1.46312999999999993E-04
1.46512999999999998E-04
1.60223999999999989E-04
1.46002999999999991E-04
1.45873000000000004E-04
1.46014000000000002E-04
1.46202999999999996E-04
1.46283000000000009E-04
1.56143999999999988E-04
1.46133000000000005E-04
1.45992999999999996E-04
1.61124000000000011E-04
1.46262999999999992E-04
1.45983999999999990E-04
1.62463000000000006E-04
1.79053999999999997E-04
1.58803999999999993E-04
1.46002999999999991E-04
1.59903999999999992E-04
1.46033000000000003E-04
1.46262999999999992E-04
1.46434000000000001E-04
1.46243000000000002E-04
1.46362999999999994E-04
1.62043999999999996E-04
1.46042999999999997E-04
1.60284000000000012E-04
1.46283000000000009E-04
1.46023000000000008E-04
1.45994000000000012E-04
1.45973000000000007E-04
1.46283000000000009E-04
1.53353999999999996E-04
1.46252999999999997E-04
1.46023000000000008E-04
1.46173000000000011E-04
1.46524000000000009E-04
1.61492999999999994E-04
1.46513999999999987E-04
1.60242999999999990E-04
1.46164000000000005E-04
1.46062999999999987E-04
1.45842999999999993E-04
1.46042999999999997E-04
1.45894000000000010E-04
1.45933000000000000E-04
1.46562999999999999E-04
1.83544000000000003E-04
1.84594999999999990E-04
1.95894000000000005E-04
2.06555000000000004E-04
2.23195000000000007E-04
1.89153999999999999E-04
1.86824000000000012E-04
2.02935000000000008E-04
2.10043999999999997E-04
1.99294000000000007E-04
1.94503999999999993E-04
1.83394999999999988E-04
1.70463000000000011E-04
2.30845000000000003E-04
1.99934000000000000E-04
1.93114000000000008E-04
1.92544999999999994E-04
2.11403999999999997E-04
1.93093999999999991E-04
1.92153999999999990E-04
1.92134000000000001E-04
1.92005000000000002E-04
2.09673999999999999E-04
1.92523999999999988E-04
1.92634000000000013E-04
1.91744000000000013E-04
2.03405000000000008E-04
1.92203999999999991E-04
1.92644999999999996E-04
2.06144000000000010E-04
2.11274999999999999E-04
1.93043999999999990E-04
2.09254999999999988E-04
1.92654999999999991E-04
1.92074000000000004E-04
1.91954000000000012E-04
1.91854000000000010E-04
1.91804999999999997E-04
1.92394000000000001E-04
1.92033999999999998E-04
1.91554999999999991E-04
1.91623999999999994E-04
2.08845000000000010E-04
1.91964000000000007E-04
2.23744999999999993E-04
2.17135000000000001E-04
1.94794999999999994E-04
1.96144000000000011E-04
1.98444000000000013E-04
1.94274000000000004E-04
2.09454999999999993E-04
1.73573000000000000E-04
1.50993000000000009E-04
1.65224000000000002E-04
2.21239999999999989E-04
1.96734000000000004E-04
1.96703999999999992E-04
1.97004999999999988E-04
1.96784000000000005E-04
1.95894999999999994E-04
1.96564000000000011E-04
1.96944999999999992E-04
1.96424000000000002E-04
2.27135000000000000E-04
1.96123999999999995E-04
1.96553999999999989E-04
1.96713999999999987E-04
1.96584999999999989E-04
1.96264000000000003E-04
1.96225000000000013E-04
1.96343999999999989E-04
2.11434999999999998E-04
1.96894000000000002E-04
2.17254999999999993E-04
1.96925000000000003E-04
1.96844000000000001E-04
1.96853999999999996E-04
1.96774999999999999E-04
3.10631999999999976E-04
2.00234000000000008E-04
2.03145000000000007E-04
1.95744000000000002E-04
2.07254999999999993E-04
1.87714000000000012E-04
1.87555000000000003E-04
1.86784000000000006E-04
1.90144000000000001E-04
1.78433999999999993E-04
1.46653000000000007E-04
1.48593999999999994E-04
1.46372999999999989E-04
1.53553000000000012E-04
1.46553999999999993E-04
1.62232999999999990E-04
1.74274000000000006E-04
1.46464000000000013E-04
1.46482999999999986E-04
1.46582999999999989E-04
1.46403000000000001E-04
1.46634000000000006E-04
1.46503000000000003E-04
1.46212999999999991E-04
1.46424000000000006E-04
1.55932999999999999E-04
1.64513999999999991E-04
1.47603000000000003E-04
1.46643000000000012E-04
1.62334000000000008E-04
1.46572999999999994E-04
1.58273999999999996E-04
1.46503000000000003E-04
1.45954000000000006E-04
1.46462999999999997E-04
1.46343000000000005E-04
1.46152999999999995E-04
1.46434000000000001E-04
1.46693000000000013E-04
1.46083000000000004E-04
1.46243999999999991E-04
1.46453000000000002E-04
1.46393000000000006E-04
1.62124000000000008E-04
1.46403000000000001E-04
1.83983999999999992E-04
1.82444000000000004E-04
1.51714000000000005E-04
1.46572999999999994E-04
1.76514000000000011E-04
1.78924000000000010E-04
1.94634000000000007E-04
1.94734999999999998E-04
1.97934000000000006E-04
2.32496000000000005E-04
1.91353999999999998E-04
1.90984000000000000E-04
1.91534000000000013E-04
1.90284000000000010E-04
1.90184000000000007E-04
2.13424999999999997E-04
1.92654000000000002E-04
1.92394999999999990E-04
2.17593999999999991E-04
1.91785000000000008E-04
1.96054000000000004E-04
1.93114999999999997E-04
1.91764000000000002E-04
2.20465000000000011E-04
1.95193999999999988E-04
1.95045000000000000E-04
1.95283999999999996E-04
1.95663999999999989E-04
2.30282000000000002E-04
1.87645000000000010E-04
1.87824000000000010E-04
1.87874000000000011E-04
1.92914000000000003E-04
1.88893999999999998E-04
1.90074000000000010E-04
3.17437000000000003E-04
2.16987999999999990E-04
1.88884999999999991E-04
1.54062999999999992E-04
1.46283000000000009E-04
1.46254000000000013E-04
1.46173000000000011E-04
4.72650000000000023E-04
2.43023000000000007E-04
2.96298999999999976E-04
1.86364000000000007E-04
1.85884000000000011E-04
1.86464000000000009E-04
1.84453999999999993E-04
1.85474000000000007E-04
2.06695000000000012E-04
1.85954000000000002E-04
1.86214000000000003E-04
2.25672999999999992E-04
1.92053999999999988E-04
1.90184000000000007E-04
1.89793999999999992E-04
1.93155000000000003E-04
1.97213999999999999E-04
2.03374999999999997E-04
1.96913999999999992E-04
2.85367000000000021E-04
1.92193999999999997E-04
1.89884000000000000E-04
2.07094999999999995E-04
1.91003999999999989E-04
1.91515000000000012E-04
1.93704000000000001E-04
3.11406999999999982E-04
1.92563999999999995E-04
1.92334999999999994E-04
2.24064999999999990E-04
1.90463999999999998E-04
1.91103999999999992E-04
1.91275000000000001E-04
1.90943999999999993E-04
2.03024000000000000E-04
1.96083999999999988E-04
2.70345999999999976E-04
1.90303999999999999E-04
2.90917000000000020E-04
1.90623999999999996E-04
1.91003999999999989E-04
1.91895000000000005E-04
2.19984999999999988E-04
2.41954999999999997E-04
2.07354999999999996E-04
1.93054000000000012E-04
1.96225000000000013E-04
1.91473999999999990E-04
2.14025000000000012E-04
1.91294000000000002E-04
1.90754000000000010E-04
1.96054999999999992E-04
2.04374000000000005E-04
1.90945000000000009E-04
1.93264000000000012E-04
2.11325000000000000E-04
1.91434000000000011E-04
1.96245000000000002E-04
2.17564999999999995E-04
3.11186999999999987E-04
1.91113999999999987E-04
1.92673999999999992E-04
1.92305000000000010E-04
1.97333999999999991E-04
2.01103999999999991E-04
1.86923999999999988E-04
2.17564999999999995E-04
3.07777000000000018E-04
1.92024000000000003E-04
3.57477999999999995E-04
1.94384000000000001E-04
1.96655000000000007E-04
8.27015999999999971E-04
1.98054999999999987E-04
2.15884999999999997E-04
1.92134000000000001E-04
2.02475000000000002E-04
2.15915000000000009E-04
2.07294000000000011E-04
1.98294999999999998E-04
2.13315000000000000E-04
1.98554000000000010E-04
1.98695000000000008E-04
2.05934000000000011E-04
2.17375000000000012E-04
1.99604999999999997E-04
2.01363999999999992E-04
2.02785000000000004E-04
1.46543000000000010E-04
1.72534000000000012E-04
2.07175000000000008E-04
2.00174000000000012E-04
1.97915000000000005E-04
1.96994000000000005E-04
2.19335000000000000E-04
