2.29393307879749244E+01
1.84019999999999990E-04
1.58917999999999999E-04
1.58256999999999999E-04
1.95491999999999991E-04
1.58431000000000002E-04
1.58299999999999999E-04
1.58387000000000013E-04
1.58223999999999995E-04
1.58462999999999990E-04
1.58030000000000003E-04
1.57865999999999996E-04
1.58256999999999999E-04
1.58084000000000013E-04
1.58137000000000007E-04
1.57899999999999989E-04
2.48858000000000022E-04
6.77727000000000039E-04
2.47342000000000005E-04
2.18860000000000002E-04
2.19673000000000009E-04
2.19575000000000011E-04
2.19769999999999991E-04
2.37698999999999989E-04
1.58311000000000009E-04
1.58495000000000006E-04
1.58440999999999996E-04
1.59080000000000002E-04
1.58593000000000004E-04
1.58646999999999987E-04
1.58689999999999987E-04
1.58743999999999997E-04
1.58376000000000003E-04
1.58333000000000003E-04
1.57791000000000008E-04
1.58159000000000001E-04
1.58354000000000009E-04
1.75937000000000006E-04
1.58906999999999988E-04
1.69762000000000005E-04
1.58550000000000005E-04
1.58192000000000006E-04
1.75970000000000011E-04
1.71647000000000005E-04
1.58636000000000004E-04
1.58311000000000009E-04
1.58667999999999993E-04
1.58321999999999993E-04
1.58603999999999988E-04
1.58591999999999989E-04
1.76316000000000011E-04
1.58387000000000013E-04
1.58082999999999997E-04
1.58149000000000007E-04
1.58190999999999990E-04
1.58073000000000003E-04
1.63446000000000007E-04
1.58235000000000005E-04
1.58474000000000001E-04
1.58366000000000008E-04
1.58170000000000012E-04
1.57887999999999990E-04
1.58202999999999989E-04
1.58278000000000005E-04
2.04278000000000012E-04
1.58387000000000013E-04
1.57932000000000005E-04
1.58602999999999999E-04
1.58321999999999993E-04
1.58094000000000008E-04
1.58700999999999997E-04
1.58223999999999995E-04
1.58409000000000007E-04
1.58526999999999995E-04
1.58192000000000006E-04
1.58299999999999999E-04
1.58180999999999995E-04
1.75990999999999989E-04
1.58419000000000002E-04
1.58397999999999997E-04
1.77335000000000009E-04
1.58906999999999988E-04
1.58743999999999997E-04
1.58376000000000003E-04
1.58485000000000012E-04
1.58483999999999996E-04
1.58288999999999988E-04
1.58192000000000006E-04
1.58343999999999987E-04
1.65667000000000012E-04
1.75178000000000009E-04
1.58483999999999996E-04
1.58006999999999993E-04
1.58256999999999999E-04
1.58104999999999991E-04
1.58548999999999989E-04
1.58018999999999993E-04
1.58061000000000003E-04
1.58116000000000002E-04
1.58028999999999987E-04
1.58299999999999999E-04
1.58159999999999990E-04
1.58235000000000005E-04
1.58354000000000009E-04
1.75124999999999988E-04
1.58256999999999999E-04
1.58073000000000003E-04
1.58094999999999997E-04
1.58528000000000011E-04
1.58137999999999996E-04
1.58288999999999988E-04
1.58202000000000001E-04
1.58409000000000007E-04
1.58214000000000000E-04
1.65980999999999995E-04
1.58311000000000009E-04
3.48721999999999986E-04
2.38957000000000009E-04
2.17604000000000012E-04
2.17690000000000011E-04
2.17018000000000001E-04
2.18089999999999994E-04
2.15512000000000006E-04
2.18979000000000005E-04
2.54983999999999983E-04
2.07407999999999990E-04
2.07819999999999999E-04
2.06715000000000002E-04
2.13095999999999994E-04
2.07245999999999987E-04
2.06672000000000003E-04
2.06541999999999989E-04
2.16984999999999997E-04
2.34471000000000012E-04
2.11773999999999995E-04
2.33138999999999992E-04
2.12002000000000007E-04
2.11699000000000007E-04
2.16887999999999987E-04
2.10213999999999990E-04
2.39497999999999990E-04
2.05848000000000012E-04
2.05892000000000000E-04
1.88786000000000005E-04
1.58765999999999991E-04
1.58841999999999995E-04
1.59025999999999992E-04
1.59091000000000012E-04
1.72806000000000012E-04
1.58474000000000001E-04
1.58245999999999989E-04
1.77572999999999989E-04
1.58342999999999998E-04
1.75102999999999994E-04
1.57975000000000005E-04
1.57920999999999995E-04
1.57996999999999999E-04
1.57822999999999996E-04
1.58104999999999991E-04
1.57996999999999999E-04
1.57801999999999991E-04
1.57911000000000000E-04
1.57779999999999997E-04
1.58104999999999991E-04
1.74560999999999998E-04
1.58700999999999997E-04
1.58994000000000003E-04
1.58548999999999989E-04
1.58755000000000007E-04
1.58333000000000003E-04
1.58614000000000010E-04
1.58624999999999993E-04
1.58517000000000000E-04
1.58646999999999987E-04
1.58278999999999993E-04
1.58343999999999987E-04
1.58474000000000001E-04
1.58299999999999999E-04
2.34753000000000007E-04
1.58550000000000005E-04
1.58028999999999987E-04
1.58560000000000000E-04
1.58505999999999990E-04
1.58407999999999992E-04
1.77140000000000001E-04
1.58462999999999990E-04
1.58409000000000007E-04
1.58321999999999993E-04
1.58387000000000013E-04
1.58321000000000004E-04
1.58245999999999989E-04
1.74930000000000007E-04
1.58299999999999999E-04
1.58125999999999997E-04
1.57963999999999994E-04
1.58149000000000007E-04
1.58495000000000006E-04
1.58342999999999998E-04
1.58581999999999994E-04
1.57985999999999988E-04
1.58104999999999991E-04
1.58214000000000000E-04
1.65482999999999988E-04
1.58495000000000006E-04
1.75255000000000002E-04
1.58972000000000009E-04
1.59025999999999992E-04
1.58691000000000002E-04
1.58863999999999989E-04
1.58387000000000013E-04
3.44810999999999989E-04
1.93238999999999998E-04
1.96292999999999999E-04
2.02014000000000008E-04
1.96942999999999988E-04
1.74551000000000003E-04
1.61105999999999999E-04
1.60769999999999994E-04
1.60998000000000006E-04
1.74691000000000012E-04
1.57889000000000006E-04
1.76295000000000005E-04
1.58452000000000007E-04
1.58268000000000010E-04
1.66848000000000013E-04
1.57942000000000000E-04
1.58245999999999989E-04
1.58321999999999993E-04
1.57867000000000012E-04
1.62480999999999992E-04
1.65319999999999996E-04
1.76944000000000005E-04
1.58084000000000013E-04
1.58094999999999997E-04
1.75947999999999990E-04
1.58127000000000013E-04
1.57877000000000006E-04
1.57758999999999992E-04
1.58116000000000002E-04
1.57791000000000008E-04
1.58170000000000012E-04
1.58082999999999997E-04
1.58116000000000002E-04
1.57639999999999988E-04
1.57953000000000010E-04
1.57910000000000011E-04
1.58039999999999998E-04
1.57736999999999998E-04
1.75264999999999997E-04
1.87820999999999989E-04
1.57920999999999995E-04
1.58073000000000003E-04
1.57899000000000001E-04
1.58039999999999998E-04
1.58039999999999998E-04
1.57748000000000008E-04
1.71528000000000002E-04
1.58006999999999993E-04
1.57834000000000007E-04
1.57768999999999987E-04
1.57779999999999997E-04
1.75482999999999987E-04
1.57899000000000001E-04
1.57736999999999998E-04
1.57748000000000008E-04
1.57844999999999991E-04
1.58214000000000000E-04
1.58104999999999991E-04
1.57899000000000001E-04
1.57617999999999994E-04
1.57801000000000002E-04
1.57791000000000008E-04
1.57889000000000006E-04
1.58061999999999992E-04
2.07495000000000005E-04
1.58354999999999997E-04
1.62959000000000010E-04
1.80823000000000013E-04
1.58039999999999998E-04
1.57932000000000005E-04
1.58127000000000013E-04
1.58018000000000004E-04
1.57963999999999994E-04
1.57889000000000006E-04
1.57834999999999996E-04
1.57985999999999988E-04
1.57822999999999996E-04
1.57942000000000000E-04
1.96650999999999998E-04
1.63945000000000003E-04
1.57824000000000012E-04
1.57996999999999999E-04
1.57887999999999990E-04
1.58071999999999987E-04
1.57736999999999998E-04
1.57877999999999995E-04
1.57703999999999993E-04
1.58116000000000002E-04
1.84885999999999991E-04
1.60716000000000011E-04
1.57791000000000008E-04
1.75524999999999997E-04
1.58245999999999989E-04
1.57844999999999991E-04
1.58268000000000010E-04
1.58223999999999995E-04
1.57856000000000001E-04
1.58321999999999993E-04
1.57953000000000010E-04
1.58225000000000011E-04
1.58548999999999989E-04
1.58073000000000003E-04
3.81694000000000022E-04
1.75904999999999990E-04
2.00172000000000007E-04
2.48414000000000024E-04
2.30809999999999994E-04
2.54588999999999998E-04
2.55173999999999993E-04
2.58932999999999982E-04
2.21374000000000012E-04
2.20549999999999994E-04
1.72220999999999990E-04
1.82437000000000002E-04
2.01601999999999999E-04
1.95016000000000004E-04
1.99413000000000010E-04
1.93021999999999996E-04
1.58483999999999996E-04
1.99024000000000011E-04
2.45160000000000018E-04
3.44572999999999982E-04
2.14190000000000008E-04
1.81461999999999992E-04
1.58235000000000005E-04
2.19335999999999988E-04
1.68375000000000013E-04
1.62947000000000010E-04
1.62384999999999998E-04
2.03985000000000006E-04
1.77378000000000008E-04
2.11578999999999988E-04
2.05989000000000009E-04
2.05620999999999988E-04
2.03768999999999993E-04
2.07626000000000007E-04
2.05025999999999998E-04
2.08144999999999993E-04
2.06140999999999990E-04
2.10506999999999996E-04
2.13711000000000001E-04
1.75200999999999992E-04
1.67400999999999992E-04
1.59772999999999990E-04
1.90692999999999999E-04
1.73348000000000008E-04
1.80118999999999988E-04
1.79089999999999995E-04
1.58593000000000004E-04
1.58354000000000009E-04
1.71886000000000001E-04
1.57996000000000010E-04
1.58192000000000006E-04
1.80184000000000008E-04
1.98254999999999992E-04
2.00962999999999993E-04
1.98784999999999988E-04
1.95025999999999999E-04
2.07039999999999996E-04
1.95904000000000000E-04
2.07927999999999992E-04
2.06378999999999997E-04
2.03713999999999995E-04
2.03074999999999989E-04
1.59091000000000012E-04
1.58733000000000013E-04
1.91580999999999994E-04
2.40353000000000008E-04
2.08958000000000001E-04
2.11406999999999990E-04
2.50298999999999997E-04
2.08492000000000009E-04
2.08189000000000009E-04
2.09347999999999989E-04
1.88104000000000000E-04
2.02880999999999998E-04
1.94863000000000008E-04
1.67899000000000000E-04
1.63597999999999988E-04
1.64875999999999998E-04
1.62298000000000010E-04
1.76760999999999997E-04
1.86901000000000005E-04
1.89793000000000004E-04
1.86347999999999999E-04
1.75851000000000008E-04
1.28239700000000001E-03
2.12663000000000007E-04
2.14137000000000013E-04
2.20398000000000013E-04
2.12835999999999993E-04
2.07808999999999989E-04
2.13226999999999997E-04
2.51202999999999973E-04
2.08676000000000006E-04
2.07906999999999987E-04
2.07516999999999999E-04
2.07387000000000012E-04
2.07917999999999997E-04
2.08308000000000012E-04
1.64952000000000002E-04
1.61854000000000013E-04
1.62947000000000010E-04
1.77541000000000000E-04
1.80693999999999988E-04
2.17831000000000009E-04
1.58820000000000001E-04
1.92761000000000007E-04
2.10084000000000003E-04
2.11764000000000001E-04
2.10800000000000001E-04
2.13985000000000005E-04
1.58278000000000005E-04
1.58127000000000013E-04
1.81365000000000009E-04
1.78233999999999988E-04
1.66068000000000010E-04
1.58202999999999989E-04
1.64832999999999999E-04
1.70618000000000012E-04
1.58548999999999989E-04
1.70650000000000001E-04
1.69869999999999998E-04
1.58462999999999990E-04
1.58526999999999995E-04
1.58116000000000002E-04
1.58387000000000013E-04
1.95904000000000000E-04
1.82220999999999989E-04
1.58407999999999992E-04
1.83856000000000010E-04
1.74995000000000001E-04
2.04949000000000006E-04
1.99521999999999991E-04
1.92740000000000001E-04
2.13443000000000009E-04
2.08144999999999993E-04
2.07745000000000011E-04
2.41869999999999986E-04
2.08285999999999991E-04
2.23410000000000004E-04
2.13789000000000009E-04
2.07180999999999994E-04
2.18545999999999991E-04
2.10811000000000012E-04
2.10377000000000009E-04
2.10659000000000004E-04
2.40721999999999990E-04
2.08134999999999999E-04
2.09141999999999998E-04
2.08080999999999989E-04
2.07777000000000000E-04
2.07288999999999987E-04
2.18719000000000004E-04
2.05631999999999999E-04
2.09380000000000004E-04
2.00313000000000005E-04
2.36474999999999988E-04
1.79382000000000011E-04
1.58268000000000010E-04
1.64226000000000010E-04
1.65927000000000012E-04
1.84505999999999998E-04
1.84820999999999998E-04
1.98721000000000010E-04
1.72263999999999989E-04
1.85514000000000013E-04
2.89088000000000008E-04
2.06467000000000000E-04
2.32933000000000001E-04
2.05295999999999994E-04
2.32303999999999990E-04
2.11525999999999994E-04
2.09294000000000006E-04
2.08352000000000000E-04
2.45477999999999983E-04
2.34610999999999994E-04
2.11265000000000004E-04
2.15760999999999996E-04
2.11222000000000005E-04
2.11578999999999988E-04
2.14515000000000002E-04
2.09835000000000013E-04
2.34655000000000009E-04
2.10007999999999999E-04
2.23486000000000008E-04
2.15383000000000008E-04
2.09814000000000007E-04
2.15164999999999991E-04
2.17635000000000013E-04
2.13443000000000009E-04
2.09239999999999996E-04
2.03594999999999991E-04
2.21556999999999993E-04
2.13269999999999996E-04
2.10344999999999993E-04
2.14493999999999997E-04
2.16703999999999991E-04
2.18752000000000009E-04
2.07679999999999990E-04
2.10745999999999991E-04
2.18795000000000008E-04
2.14949000000000005E-04
2.15739999999999991E-04
2.25879999999999999E-04
2.11537000000000004E-04
2.14613000000000000E-04
2.26681000000000007E-04
2.16411000000000012E-04
2.10573000000000005E-04
2.10886000000000000E-04
2.15187000000000012E-04
2.10583000000000000E-04
2.36280000000000008E-04
2.09012000000000011E-04
2.04484000000000003E-04
2.06519999999999995E-04
2.00387999999999993E-04
2.00280999999999989E-04
1.99955000000000006E-04
2.00757000000000003E-04
2.13940999999999990E-04
2.04971000000000000E-04
2.24849999999999990E-04
2.29845000000000006E-04
2.08003999999999996E-04
2.13897999999999991E-04
2.09835000000000013E-04
2.25111000000000007E-04
2.12598000000000013E-04
2.10485000000000002E-04
2.14710999999999998E-04
2.06932000000000004E-04
2.09196000000000008E-04
2.31579000000000013E-04
2.08719999999999994E-04
2.15619999999999999E-04
2.08406000000000010E-04
2.07495000000000005E-04
2.14677999999999993E-04
2.09693999999999988E-04
2.26290999999999992E-04
2.08492000000000009E-04
2.09239999999999996E-04
2.36194000000000009E-04
2.09327000000000010E-04
2.10712999999999986E-04
2.14147999999999997E-04
2.10051999999999987E-04
2.34665999999999992E-04
6.60230000000000040E-04
2.10029999999999993E-04
2.77540000000000002E-04
2.06044000000000008E-04
2.14071999999999993E-04
2.38122000000000008E-04
2.11275999999999988E-04
2.19910000000000000E-04
2.05479999999999991E-04
2.39838999999999992E-04
2.07409000000000006E-04
1.63976999999999992E-04
1.58180999999999995E-04
1.58342999999999998E-04
1.58376000000000003E-04
1.58571000000000010E-04
1.58245999999999989E-04
1.58170000000000012E-04
1.58061999999999992E-04
1.58190999999999990E-04
1.58409000000000007E-04
1.97528000000000010E-04
2.00778000000000008E-04
2.09499999999999997E-04
2.32315000000000001E-04
2.20019000000000009E-04
2.20539000000000011E-04
2.20690000000000003E-04
2.26540999999999998E-04
2.20831999999999989E-04
1.81050999999999998E-04
1.77973999999999987E-04
1.58354999999999997E-04
1.58082999999999997E-04
1.58505999999999990E-04
1.58137999999999996E-04
1.58299999999999999E-04
1.58517000000000000E-04
1.58474000000000001E-04
1.58278000000000005E-04
1.57975999999999993E-04
1.57703999999999993E-04
1.58073000000000003E-04
1.58071999999999987E-04
1.75634000000000006E-04
1.58159000000000001E-04
1.58202000000000001E-04
1.58245999999999989E-04
1.58008000000000009E-04
1.58040999999999987E-04
1.58431000000000002E-04
1.57942000000000000E-04
2.12966999999999996E-04
2.14364000000000010E-04
2.12911999999999997E-04
2.15631000000000010E-04
2.45711000000000020E-04
1.58376000000000003E-04
1.58159000000000001E-04
1.58061999999999992E-04
1.58387000000000013E-04
1.58071999999999987E-04
1.58149000000000007E-04
1.58147999999999991E-04
1.58321999999999993E-04
1.57584999999999990E-04
1.57932000000000005E-04
1.58039999999999998E-04
1.76848000000000012E-04
1.58593000000000004E-04
1.58202999999999989E-04
1.58798999999999995E-04
1.58028999999999987E-04
1.58039999999999998E-04
1.58018999999999993E-04
1.87691999999999991E-04
1.58192000000000006E-04
1.57953999999999999E-04
1.57953000000000010E-04
1.58008000000000009E-04
1.58170000000000012E-04
1.75698999999999999E-04
1.58321999999999993E-04
1.58278999999999993E-04
1.58202000000000001E-04
1.95383999999999998E-04
2.00995000000000009E-04
2.00453000000000014E-04
2.20072999999999992E-04
2.00984999999999987E-04
2.25305999999999987E-04
2.01027999999999987E-04
2.40126000000000011E-04
2.14288000000000006E-04
2.14038999999999988E-04
2.20549999999999994E-04
2.17950000000000012E-04
2.24417000000000003E-04
2.07571000000000009E-04
2.10289999999999994E-04
2.64121999999999990E-04
2.07700999999999996E-04
2.20819999999999990E-04
2.03162000000000004E-04
2.01916000000000010E-04
2.20139000000000001E-04
2.01992000000000014E-04
2.18621999999999995E-04
2.02610000000000013E-04
2.01656000000000009E-04
2.19888999999999995E-04
2.21492000000000000E-04
2.22694999999999995E-04
2.01232999999999989E-04
2.02565999999999998E-04
2.38588000000000000E-04
2.26335000000000007E-04
2.20928999999999998E-04
2.20052000000000013E-04
2.01406999999999991E-04
2.26454000000000011E-04
2.05827000000000006E-04
2.06467000000000000E-04
2.23345000000000011E-04
2.04136999999999987E-04
2.30418999999999991E-04
2.07073000000000001E-04
2.25132000000000012E-04
2.07571000000000009E-04
2.76511000000000009E-04
2.14223000000000012E-04
2.05469000000000008E-04
2.12499999999999988E-04
2.32358999999999989E-04
2.29661000000000009E-04
2.17927999999999991E-04
2.14601999999999989E-04
2.36053000000000012E-04
2.11687999999999997E-04
2.28588999999999989E-04
2.13475999999999987E-04
2.14818999999999991E-04
2.14526000000000012E-04
2.19292999999999989E-04
2.13205000000000003E-04
2.31697999999999990E-04
2.11026999999999997E-04
2.33030999999999999E-04
2.13735999999999988E-04
2.10626999999999988E-04
2.31752000000000000E-04
2.20604000000000004E-04
2.05686000000000009E-04
2.01721000000000002E-04
1.75579999999999996E-04
1.59123999999999990E-04
1.58387000000000013E-04
1.58061999999999992E-04
1.76111000000000008E-04
1.58646999999999987E-04
1.73553999999999999E-04
1.58929000000000009E-04
1.58039999999999998E-04
1.57770000000000002E-04
1.57541999999999990E-04
4.04840000000000007E-04
2.20864000000000005E-04
2.01711000000000007E-04
2.27700000000000005E-04
2.22575999999999991E-04
2.01828999999999995E-04
2.13398999999999994E-04
2.12456999999999989E-04
2.20723999999999996E-04
2.32315999999999990E-04
2.10940999999999999E-04
2.10929999999999988E-04
2.12446000000000005E-04
2.27645999999999995E-04
2.47771999999999999E-04
2.09489000000000013E-04
2.23420999999999987E-04
2.08328999999999990E-04
2.08903999999999991E-04
2.08070000000000005E-04
2.08177999999999998E-04
2.07950000000000013E-04
2.57235999999999988E-04
2.38664000000000004E-04
2.31014999999999996E-04
2.18654000000000011E-04
2.19618000000000010E-04
2.20354999999999987E-04
2.19564000000000000E-04
2.49494000000000007E-04
2.23138999999999993E-04
2.07452000000000005E-04
2.07874999999999998E-04
3.88198999999999988E-04
2.02078000000000012E-04
1.98710000000000000E-04
2.09304999999999989E-04
2.58974999999999993E-04
2.10062999999999998E-04
2.10876000000000005E-04
2.12425000000000000E-04
2.09368999999999994E-04
2.18871000000000012E-04
2.10246999999999995E-04
2.42837000000000006E-04
3.08756999999999998E-04
2.11134999999999990E-04
1.70044000000000000E-04
1.58311000000000009E-04
1.58245999999999989E-04
1.76641000000000005E-04
1.91721999999999992E-04
2.07972000000000007E-04
2.36660000000000001E-04
2.19368999999999993E-04
2.18091000000000010E-04
2.18914000000000012E-04
2.24059999999999993E-04
2.94305000000000022E-04
2.35629999999999992E-04
2.36832999999999987E-04
2.39984999999999987E-04
2.19401999999999998E-04
2.18134000000000009E-04
2.19065999999999993E-04
2.37471999999999992E-04
2.19931999999999994E-04
3.32418000000000015E-04
2.20148999999999996E-04
2.24796999999999996E-04
2.19368999999999993E-04
2.75800999999999998E-04
2.19065999999999993E-04
2.18373000000000005E-04
9.27850000000000029E-04
2.13052999999999995E-04
2.16411000000000012E-04
2.24925999999999994E-04
2.11773999999999995E-04
2.07256999999999998E-04
2.25240999999999994E-04
2.11449000000000001E-04
2.08893000000000007E-04
2.09153000000000008E-04
2.08416999999999994E-04
2.26638000000000008E-04
2.09922000000000000E-04
2.07755000000000006E-04
2.10322999999999999E-04
2.12327000000000002E-04
2.09619000000000000E-04
2.32012000000000001E-04
2.17884999999999992E-04
2.12685000000000001E-04
1.58722999999999991E-04
1.58712000000000008E-04
1.76846999999999996E-04
1.59080000000000002E-04
1.58517000000000000E-04
1.80237999999999991E-04
2.20019000000000009E-04
2.19509999999999991E-04
2.69253000000000005E-04
2.07788000000000010E-04
2.07431000000000000E-04
2.08643999999999990E-04
2.07886000000000008E-04
2.07073000000000001E-04
2.07593000000000003E-04
2.07581999999999992E-04
2.23551000000000001E-04
2.30083000000000013E-04
2.19325000000000005E-04
2.07288999999999987E-04
2.07593000000000003E-04
1.77269999999999988E-04
1.58636000000000004E-04
1.58278000000000005E-04
1.58419000000000002E-04
1.58192000000000006E-04
1.75016999999999995E-04
1.58624999999999993E-04
1.58116000000000002E-04
1.82306999999999988E-04
1.58071999999999987E-04
1.58082999999999997E-04
1.57975000000000005E-04
1.58311000000000009E-04
1.58202000000000001E-04
1.57748000000000008E-04
1.69306999999999997E-04
1.62914999999999994E-04
1.58354999999999997E-04
1.58700999999999997E-04
1.58235000000000005E-04
1.58170000000000012E-04
1.89891000000000002E-04
1.58321999999999993E-04
1.57953999999999999E-04
1.69263999999999998E-04
1.71527000000000013E-04
1.68743999999999996E-04
1.75493000000000009E-04
1.58268000000000010E-04
1.58137999999999996E-04
1.58051000000000009E-04
1.58170000000000012E-04
1.57953000000000010E-04
1.58235000000000005E-04
1.78419000000000001E-04
1.66935000000000000E-04
1.65384999999999989E-04
1.58430000000000013E-04
1.57985999999999988E-04
1.58061000000000003E-04
1.90974000000000005E-04
1.58354000000000009E-04
1.58149000000000007E-04
1.57867000000000012E-04
1.57942999999999989E-04
2.01819000000000000E-04
4.93435999999999983E-04
2.08308000000000012E-04
2.24049000000000009E-04
2.08134999999999999E-04
2.07798999999999994E-04
2.07636999999999991E-04
2.07982999999999991E-04
2.24049000000000009E-04
2.07841999999999993E-04
2.29681999999999987E-04
2.08232000000000008E-04
1.78808000000000000E-04
1.57911000000000000E-04
1.58700999999999997E-04
1.57889000000000006E-04
1.57865999999999996E-04
1.58397999999999997E-04
1.58777000000000001E-04
2.37049999999999989E-04
2.14937999999999994E-04
2.13692999999999988E-04
2.37776000000000008E-04
2.14071000000000004E-04
2.15825999999999990E-04
2.12186999999999993E-04
2.35836000000000010E-04
2.16226999999999988E-04
2.20332999999999993E-04
2.07863999999999987E-04
2.21298000000000008E-04
2.07831000000000010E-04
2.42639999999999994E-04
2.09456000000000008E-04
2.19931999999999994E-04
2.08535000000000008E-04
2.21263999999999988E-04
2.20843000000000000E-04
2.23322999999999989E-04
2.22262000000000008E-04
2.23085000000000010E-04
2.28230999999999991E-04
2.23486000000000008E-04
2.11861999999999999E-04
2.22467999999999998E-04
2.25629999999999993E-04
2.22856999999999998E-04
2.11374000000000013E-04
2.21298000000000008E-04
2.08156000000000004E-04
2.18957000000000011E-04
2.47058999999999994E-04
2.16509000000000010E-04
2.13463999999999988E-04
2.15088999999999987E-04
2.52552000000000017E-04
2.22706000000000005E-04
2.13875999999999997E-04
2.14364000000000010E-04
2.14710999999999998E-04
2.13160999999999987E-04
2.37872999999999991E-04
2.14720999999999993E-04
2.32899999999999996E-04
2.13474999999999998E-04
2.39812000000000000E-04
2.19532000000000012E-04
2.17679000000000001E-04
2.11482000000000006E-04
2.24753000000000008E-04
2.48900999999999994E-04
2.21188999999999999E-04
2.09771000000000008E-04
2.30821000000000005E-04
2.27981000000000012E-04
2.20095000000000013E-04
2.13248000000000002E-04
2.22360000000000006E-04
3.68287000000000020E-04
2.43279000000000000E-04
2.07180999999999994E-04
1.97939999999999992E-04
2.06259999999999994E-04
2.10864000000000006E-04
2.58836000000000027E-04
2.68857000000000004E-04
1.66328000000000011E-04
1.74691000000000012E-04
2.46041000000000011E-04
2.14233999999999996E-04
2.23930000000000006E-04
2.12436000000000010E-04
2.31122999999999989E-04
2.14169000000000002E-04
2.13541000000000008E-04
2.13551999999999991E-04
2.33300999999999994E-04
2.11243999999999999E-04
2.37786000000000003E-04
2.33030000000000010E-04
2.13259000000000013E-04
2.15371000000000009E-04
2.13355999999999995E-04
2.13918999999999996E-04
2.46170999999999998E-04
2.13388999999999999E-04
2.22121000000000010E-04
2.33322000000000000E-04
2.91238999999999994E-04
2.13236999999999991E-04
2.31102000000000011E-04
2.13562000000000013E-04
2.33918000000000006E-04
2.14028000000000005E-04
2.14190000000000008E-04
2.18903000000000001E-04
2.29693999999999987E-04
2.39702999999999992E-04
2.13009999999999995E-04
2.14114999999999992E-04
2.31990000000000007E-04
2.32119999999999993E-04
2.11427999999999996E-04
2.12868000000000009E-04
2.11677000000000013E-04
2.36388999999999989E-04
2.48077999999999992E-04
2.13519000000000013E-04
2.29716000000000008E-04
2.13756999999999993E-04
2.12608999999999997E-04
2.08080000000000000E-04
2.23322999999999989E-04
2.09077000000000004E-04
2.06519999999999995E-04
2.28783000000000008E-04
2.41513000000000003E-04
2.07734000000000000E-04
2.23746000000000009E-04
2.04245000000000007E-04
2.09022999999999994E-04
2.23453000000000003E-04
2.04104999999999998E-04
2.30788000000000000E-04
2.14830000000000001E-04
2.28955999999999995E-04
2.27872999999999992E-04
2.04744000000000003E-04
2.08893000000000007E-04
2.03097000000000011E-04
2.20928999999999998E-04
2.09022999999999994E-04
2.05219999999999990E-04
2.04190999999999997E-04
2.10074000000000008E-04
2.35889999999999993E-04
2.52346000000000026E-04
2.13529999999999997E-04
2.19227999999999996E-04
1.73641000000000013E-04
2.00356000000000004E-04
2.27862999999999997E-04
1.70693999999999989E-04
1.97182000000000010E-04
1.85600000000000012E-04
2.12045000000000007E-04
2.10497000000000001E-04
2.31372999999999995E-04
2.10322999999999999E-04
2.11775000000000011E-04
2.10019999999999998E-04
2.28783999999999997E-04
2.08979000000000006E-04
2.19184999999999996E-04
2.07397999999999995E-04
2.01635000000000003E-04
2.07419000000000001E-04
2.45250000000000025E-04
2.13312999999999995E-04
2.14276999999999995E-04
2.13918999999999996E-04
2.25305999999999987E-04
2.08091000000000011E-04
2.15750000000000013E-04
2.25295000000000004E-04
2.11840000000000005E-04
2.26886999999999998E-04
2.29618000000000010E-04
2.15913000000000004E-04
2.03150999999999993E-04
2.06032000000000009E-04
2.06920999999999993E-04
2.25424999999999991E-04
2.18588000000000002E-04
2.06011000000000003E-04
2.02143999999999994E-04
2.04419000000000009E-04
2.28914000000000011E-04
2.02458000000000005E-04
2.07127000000000011E-04
2.33257999999999995E-04
2.09380000000000004E-04
2.10041000000000004E-04
2.17137999999999994E-04
2.11795999999999989E-04
2.03627999999999996E-04
2.02186999999999994E-04
2.23940000000000001E-04
2.24591000000000005E-04
2.15035999999999992E-04
2.30115999999999990E-04
2.14493999999999997E-04
2.16118999999999995E-04
2.19704999999999998E-04
2.15674999999999998E-04
2.15696000000000003E-04
2.50234000000000003E-04
2.33615999999999994E-04
2.45900000000000014E-04
2.10962000000000004E-04
2.08655000000000000E-04
2.08686999999999989E-04
2.13074999999999989E-04
2.35304999999999998E-04
2.06161999999999996E-04
2.12902000000000002E-04
2.16368000000000013E-04
2.27180000000000003E-04
2.16314000000000003E-04
2.09759999999999997E-04
2.12229999999999992E-04
2.30916999999999998E-04
2.19239000000000006E-04
2.16128999999999990E-04
2.29824000000000001E-04
2.16345999999999992E-04
2.45391000000000023E-04
2.16412000000000001E-04
2.16042999999999991E-04
2.14569000000000012E-04
2.30203000000000005E-04
2.10907999999999994E-04
2.13930999999999995E-04
2.12587000000000003E-04
2.13009999999999995E-04
2.17342999999999996E-04
2.34211000000000011E-04
2.06736999999999996E-04
2.16920999999999992E-04
2.26010000000000013E-04
2.13345000000000011E-04
2.15381999999999992E-04
2.19509999999999991E-04
2.15620999999999988E-04
2.25619999999999998E-04
2.15827000000000006E-04
2.34515000000000000E-04
2.37266000000000001E-04
2.64376999999999993E-04
2.20377000000000008E-04
2.19390999999999987E-04
2.19933000000000010E-04
2.19640000000000005E-04
2.20039999999999987E-04
2.20007999999999998E-04
2.19736999999999987E-04
2.24331000000000004E-04
2.58661999999999998E-04
2.19499000000000007E-04
2.19661999999999999E-04
2.19153000000000007E-04
2.19888999999999995E-04
2.29174000000000012E-04
2.19683000000000004E-04
2.19261000000000000E-04
2.16887999999999987E-04
1.77085999999999991E-04
1.58755000000000007E-04
1.74107000000000005E-04
1.58505999999999990E-04
1.58116000000000002E-04
1.71397999999999988E-04
1.58376000000000003E-04
1.58440999999999996E-04
1.58213000000000011E-04
1.58571000000000010E-04
1.58376000000000003E-04
1.58440999999999996E-04
1.58008000000000009E-04
1.58288999999999988E-04
1.75970000000000011E-04
1.58397999999999997E-04
1.58430000000000013E-04
1.82091000000000002E-04
1.81072000000000004E-04
2.02468999999999989E-04
1.58788000000000012E-04
1.81105000000000008E-04
2.17278000000000002E-04
2.09759000000000009E-04
2.11525999999999994E-04
2.56704000000000014E-04
2.15295999999999993E-04
2.09867999999999990E-04
2.05274999999999989E-04
3.81557999999999995E-04
2.09814000000000007E-04
3.21714000000000017E-04
2.39074999999999997E-04
2.15068000000000008E-04
1.22112599999999990E-03
2.07376999999999990E-04
2.37299000000000006E-04
2.25729000000000007E-04
2.05913999999999994E-04
2.06650999999999997E-04
2.07982999999999991E-04
2.08698000000000000E-04
2.13140000000000009E-04
2.08762999999999993E-04
2.54232000000000015E-04
2.08275000000000007E-04
2.15966999999999987E-04
2.58825000000000016E-04
2.08209999999999987E-04
2.19726999999999992E-04
2.53657000000000014E-04
2.07008000000000008E-04
2.10475000000000007E-04
2.11472000000000011E-04
2.17862999999999998E-04
2.12262000000000008E-04
2.36616000000000013E-04
2.20354999999999987E-04
2.05849000000000001E-04
2.16216000000000005E-04
2.05925000000000005E-04
2.09683999999999993E-04
2.07550000000000003E-04
2.07333000000000002E-04
2.32184999999999987E-04
2.07550000000000003E-04
2.30873999999999999E-04
2.18328999999999989E-04
2.12804000000000004E-04
2.15414999999999997E-04
2.06574000000000005E-04
2.02446999999999995E-04
2.06011000000000003E-04
2.06390999999999996E-04
2.17082999999999995E-04
2.08762999999999993E-04
2.31556999999999992E-04
2.07268000000000008E-04
2.07593000000000003E-04
2.07788000000000010E-04
2.07278999999999992E-04
2.03238000000000008E-04
2.03410999999999994E-04
2.06932000000000004E-04
2.44942000000000000E-04
2.11699000000000007E-04
2.09836000000000001E-04
2.68704999999999996E-04
2.11632999999999998E-04
1.58516000000000012E-04
1.58505999999999990E-04
1.73098999999999991E-04
1.59015000000000008E-04
1.58538999999999994E-04
1.97843000000000010E-04
1.58851999999999990E-04
1.58614999999999998E-04
1.58777000000000001E-04
1.58299999999999999E-04
1.58538999999999994E-04
1.59003999999999998E-04
1.58884999999999994E-04
1.58354000000000009E-04
1.58409000000000007E-04
1.58851999999999990E-04
1.60044000000000001E-04
1.77540000000000011E-04
2.22305000000000007E-04
1.89977999999999989E-04
2.03594999999999991E-04
2.04885000000000001E-04
2.04245000000000007E-04
2.08795000000000009E-04
1.77984999999999998E-04
4.21133000000000022E-04
2.12630000000000002E-04
2.04863000000000007E-04
1.81179999999999997E-04
1.58853000000000005E-04
1.62871999999999995E-04
1.58452000000000007E-04
1.68700000000000008E-04
1.70184999999999998E-04
2.30907000000000004E-04
2.05610000000000005E-04
2.66765999999999987E-04
2.44406000000000018E-04
2.67178000000000023E-04
2.58955000000000003E-04
2.31968000000000013E-04
2.19196000000000007E-04
2.77079000000000008E-04
2.79462999999999977E-04
3.22234000000000019E-04
3.19861000000000006E-04
3.51960999999999973E-04
3.27044000000000022E-04
3.33435999999999997E-04
3.40812999999999978E-04
3.03718999999999983E-04
3.15235999999999988E-04
3.22516000000000014E-04
3.18323000000000022E-04
3.15300000000000020E-04
2.80167000000000003E-04
2.15739999999999991E-04
2.43842999999999989E-04
2.17894999999999986E-04
2.16746999999999990E-04
2.15273999999999999E-04
2.17137000000000005E-04
2.62166999999999999E-04
2.07581999999999992E-04
2.66348999999999980E-04
2.18578000000000007E-04
2.13052999999999995E-04
2.16867000000000009E-04
2.11926999999999992E-04
2.44989999999999997E-04
2.52963999999999999E-04
2.00649000000000010E-04
2.00475999999999996E-04
1.99965999999999989E-04
1.99836000000000002E-04
1.99597999999999995E-04
1.98860999999999992E-04
2.42474000000000010E-04
2.28339999999999999E-04
5.60950999999999963E-04
2.16681999999999997E-04
2.15620999999999988E-04
2.17018999999999990E-04
2.14364000000000010E-04
2.39530000000000005E-04
2.24298999999999988E-04
2.16454000000000012E-04
2.11005999999999992E-04
2.12360000000000006E-04
2.32379999999999994E-04
2.16509000000000010E-04
2.16065000000000012E-04
2.16378999999999996E-04
9.65824000000000001E-04
3.16687000000000012E-04
2.93961999999999988E-04
3.08497000000000025E-04
2.03432999999999988E-04
2.12339000000000001E-04
2.20625999999999998E-04
2.07431000000000000E-04
2.14818999999999991E-04
2.09564999999999990E-04
2.45586000000000003E-04
2.19347999999999988E-04
2.09748999999999987E-04
2.09294000000000006E-04
2.06920999999999993E-04
2.06402000000000007E-04
2.07548999999999988E-04
2.08991000000000005E-04
2.07495999999999993E-04
2.37471999999999992E-04
2.07431000000000000E-04
2.15305999999999988E-04
2.29931999999999993E-04
2.13821999999999987E-04
2.30993999999999991E-04
2.14157999999999992E-04
2.14591000000000006E-04
2.15056999999999998E-04
2.11914999999999993E-04
2.32661999999999989E-04
2.13117999999999988E-04
2.19964999999999999E-04
2.14343000000000004E-04
2.15457999999999996E-04
2.15944999999999993E-04
2.10170999999999991E-04
2.07256999999999998E-04
2.09022999999999994E-04
2.06617999999999993E-04
2.27862000000000008E-04
2.07051000000000007E-04
2.12966999999999996E-04
2.08211000000000003E-04
2.36280000000000008E-04
2.06206000000000011E-04
2.10148999999999997E-04
2.11091999999999991E-04
2.11081000000000007E-04
2.30592999999999993E-04
2.26974000000000013E-04
2.09792000000000013E-04
2.34168000000000012E-04
2.04581000000000012E-04
2.11871999999999993E-04
2.11871999999999993E-04
2.11947999999999998E-04
2.12587000000000003E-04
2.19552999999999990E-04
2.14906000000000005E-04
2.35944999999999992E-04
2.14581000000000011E-04
2.27375000000000011E-04
2.12673999999999990E-04
2.14223000000000012E-04
2.15197999999999995E-04
2.15837000000000000E-04
2.15187000000000012E-04
2.05827000000000006E-04
2.11320000000000003E-04
2.34958000000000009E-04
2.10876000000000005E-04
2.16574000000000004E-04
2.12164000000000010E-04
1.51240399999999996E-03
3.76901000000000016E-04
2.04798000000000013E-04
2.19098000000000009E-04
2.11243999999999999E-04
2.50201000000000026E-04
2.48900999999999994E-04
2.04310000000000001E-04
2.07538999999999993E-04
1.86651999999999988E-04
1.86641000000000004E-04
2.40683999999999988E-04
2.09110000000000009E-04
2.11936999999999987E-04
2.08979000000000006E-04
2.09532000000000013E-04
2.08926000000000012E-04
2.09748999999999987E-04
2.53213000000000017E-04
2.28977999999999989E-04
2.05956999999999993E-04
2.75534999999999983E-04
2.08265000000000013E-04
2.08958000000000001E-04
2.08502999999999992E-04
2.07886000000000008E-04
2.06639999999999987E-04
2.08383000000000000E-04
2.08080999999999989E-04
2.08318999999999995E-04
2.05068000000000009E-04
2.28793999999999992E-04
2.20571999999999988E-04
1.95111999999999998E-04
1.81549000000000006E-04
1.58094999999999997E-04
2.03172999999999988E-04
2.26974000000000013E-04
1.60564999999999992E-04
1.79435999999999994E-04
1.81179999999999997E-04
1.58440999999999996E-04
1.58483999999999996E-04
2.06584999999999988E-04
2.20928999999999998E-04
2.21406000000000001E-04
2.22088000000000005E-04
2.22360000000000006E-04
2.22456999999999988E-04
2.21611999999999992E-04
2.21081000000000006E-04
2.21535999999999988E-04
2.23300999999999995E-04
2.43057000000000001E-04
1.58516000000000012E-04
1.58333000000000003E-04
1.58180999999999995E-04
2.03823000000000003E-04
1.99499999999999997E-04
1.68798000000000006E-04
2.08936000000000007E-04
2.12759999999999989E-04
2.14233999999999996E-04
2.65016000000000025E-04
2.13799999999999993E-04
2.12976999999999991E-04
2.13064000000000005E-04
2.12933000000000002E-04
2.12673999999999990E-04
2.12900999999999987E-04
2.12857999999999987E-04
2.13009999999999995E-04
2.32379999999999994E-04
2.10962000000000004E-04
4.21539000000000017E-04
2.37189999999999997E-04
2.46007999999999980E-04
2.28859000000000012E-04
2.03086000000000000E-04
2.27536999999999987E-04
2.05751000000000002E-04
2.30570999999999999E-04
2.06390000000000008E-04
2.10723999999999997E-04
2.03021000000000007E-04
1.98731000000000005E-04
1.64453999999999994E-04
1.60759000000000010E-04
1.61062999999999999E-04
1.73542999999999988E-04
1.67378999999999998E-04
1.80542000000000007E-04
1.74128000000000011E-04
2.27688999999999995E-04
1.82892999999999999E-04
2.07538999999999993E-04
2.10561000000000006E-04
2.13995999999999989E-04
2.14159000000000007E-04
2.14028000000000005E-04
2.13562000000000013E-04
2.14114999999999992E-04
2.13909000000000001E-04
2.38972000000000002E-04
1.96564000000000011E-04
1.94419999999999999E-04
1.95870999999999995E-04
1.89478999999999993E-04
1.99705999999999988E-04
1.73358000000000003E-04
1.63325999999999988E-04
2.19736999999999987E-04
2.13670000000000006E-04
2.26443000000000000E-04
2.28881000000000006E-04
2.19900000000000005E-04
2.19532000000000012E-04
2.19986999999999993E-04
2.20117000000000007E-04
2.24622999999999994E-04
2.39952999999999998E-04
2.25510999999999989E-04
2.53634999999999993E-04
2.36270000000000013E-04
2.19401999999999998E-04
2.19108999999999992E-04
2.19552999999999990E-04
2.19466999999999991E-04
2.19845999999999995E-04
2.18654000000000011E-04
2.10712999999999986E-04
2.20408999999999997E-04
2.32911000000000007E-04
2.19607000000000000E-04
2.13605000000000012E-04
2.10344999999999993E-04
2.09747999999999998E-04
2.14786000000000013E-04
2.10950999999999993E-04
2.11277000000000003E-04
2.14407999999999998E-04
2.14677999999999993E-04
2.33973000000000004E-04
2.10972999999999987E-04
2.10854000000000011E-04
2.10745000000000002E-04
2.13778999999999987E-04
2.19996999999999988E-04
2.14190999999999996E-04
2.09607999999999989E-04
2.19781000000000002E-04
2.33300999999999994E-04
9.61917999999999974E-04
2.11048999999999991E-04
2.39422000000000013E-04
2.09673000000000010E-04
2.90653999999999999E-04
1.84983000000000001E-04
1.58407999999999992E-04
1.92966999999999997E-04
2.06584999999999988E-04
2.06292000000000010E-04
2.13388999999999999E-04
2.11709999999999991E-04
2.22510999999999998E-04
2.31026000000000007E-04
2.20592999999999994E-04
2.57703999999999984E-04
2.08091000000000011E-04
2.09673000000000010E-04
2.07538999999999993E-04
2.08654000000000012E-04
2.05718999999999987E-04
2.07290000000000002E-04
2.12391999999999995E-04
2.10213999999999990E-04
2.37254999999999991E-04
2.17657999999999995E-04
2.12143000000000005E-04
2.32520999999999992E-04
2.18156000000000003E-04
2.17722999999999989E-04
2.06986000000000014E-04
2.16433000000000006E-04
2.01969999999999992E-04
2.08220999999999997E-04
2.29303999999999999E-04
2.14081999999999988E-04
2.06681999999999997E-04
2.04949999999999994E-04
2.02804999999999994E-04
2.29769999999999991E-04
2.09108999999999993E-04
2.09705999999999987E-04
2.07777000000000000E-04
2.12153999999999988E-04
2.34557000000000011E-04
2.16042999999999991E-04
1.61831999999999991E-04
1.58419000000000002E-04
1.63315999999999993E-04
1.58245999999999989E-04
1.58278000000000005E-04
1.69598999999999987E-04
1.58213000000000011E-04
1.58213000000000011E-04
1.58734000000000002E-04
1.58364999999999992E-04
1.58853000000000005E-04
1.75980000000000006E-04
1.71754999999999998E-04
1.58917999999999999E-04
1.58354999999999997E-04
1.58278000000000005E-04
1.57985999999999988E-04
1.58321999999999993E-04
1.58214000000000000E-04
1.58321999999999993E-04
1.57963999999999994E-04
1.58473000000000012E-04
1.58256999999999999E-04
1.57942000000000000E-04
1.57932000000000005E-04
1.76099999999999998E-04
1.58949999999999988E-04
1.58722999999999991E-04
1.58646999999999987E-04
1.58082999999999997E-04
1.88602000000000008E-04
1.58810000000000006E-04
1.58419000000000002E-04
1.58061999999999992E-04
1.58333000000000003E-04
1.58571000000000010E-04
1.58550000000000005E-04
1.58159000000000001E-04
1.89544000000000013E-04
2.12272999999999992E-04
2.06206000000000011E-04
2.08557000000000002E-04
2.06846000000000005E-04
2.07538999999999993E-04
2.07560999999999987E-04
2.05362000000000003E-04
2.07278999999999992E-04
2.34557000000000011E-04
2.46713000000000021E-04
1.61268999999999990E-04
1.79089999999999995E-04
1.84701000000000006E-04
1.58409000000000007E-04
1.72969000000000004E-04
2.08729999999999989E-04
2.08352000000000000E-04
2.13453999999999993E-04
2.13940999999999990E-04
2.55706999999999983E-04
2.81239000000000022E-04
6.63556999999999949E-04
2.58781999999999990E-04
2.08480999999999998E-04
2.12685000000000001E-04
2.51288000000000010E-04
2.08308000000000012E-04
2.08447999999999994E-04
2.16183000000000000E-04
2.07299999999999997E-04
2.07896000000000003E-04
2.07831000000000010E-04
2.08523999999999998E-04
2.07516999999999999E-04
2.28263999999999995E-04
2.08416000000000005E-04
2.07679000000000002E-04
2.22283000000000013E-04
2.27688999999999995E-04
2.07288999999999987E-04
2.07344000000000012E-04
2.07700999999999996E-04
2.07669000000000007E-04
2.08762999999999993E-04
2.26075000000000006E-04
2.08113000000000005E-04
2.07299999999999997E-04
2.42725999999999993E-04
2.08709000000000010E-04
2.07159000000000000E-04
2.08025999999999990E-04
2.07972999999999996E-04
2.08242999999999991E-04
2.08395000000000000E-04
2.25944999999999992E-04
2.07440999999999995E-04
2.07170000000000010E-04
2.07094999999999995E-04
2.07831999999999998E-04
2.07354000000000007E-04
2.07755000000000006E-04
2.22499999999999987E-04
2.07960999999999997E-04
2.08719000000000005E-04
2.08068999999999989E-04
2.27168999999999993E-04
2.16736000000000007E-04
2.07808999999999989E-04
2.08719000000000005E-04
2.07192000000000004E-04
2.07409000000000006E-04
2.07993000000000013E-04
2.07591999999999987E-04
2.08848999999999992E-04
2.08027000000000006E-04
2.26323999999999997E-04
2.08146000000000009E-04
2.08025999999999990E-04
2.08643999999999990E-04
2.07874999999999998E-04
2.07896999999999992E-04
2.08113000000000005E-04
2.07593000000000003E-04
2.08958000000000001E-04
2.29477000000000012E-04
2.35207999999999988E-04
2.08535999999999997E-04
2.08242999999999991E-04
2.08318999999999995E-04
2.07560999999999987E-04
2.07485000000000010E-04
1.82177999999999989E-04
1.71332999999999994E-04
1.75536000000000008E-04
1.63587000000000004E-04
1.86435000000000013E-04
2.21957999999999991E-04
1.96021999999999988E-04
1.96175000000000011E-04
1.99814999999999997E-04
1.76717000000000009E-04
1.58030000000000003E-04
1.58018000000000004E-04
1.57856000000000001E-04
1.57302999999999995E-04
1.58137999999999996E-04
1.78884000000000004E-04
1.58061999999999992E-04
2.12997999999999996E-04
1.66588000000000012E-04
1.58051000000000009E-04
1.71440999999999987E-04
1.58440999999999996E-04
1.57877000000000006E-04
1.58288999999999988E-04
1.58268000000000010E-04
1.58235000000000005E-04
1.76424999999999992E-04
1.58051000000000009E-04
1.58028999999999987E-04
1.80812000000000003E-04
2.21503000000000010E-04
1.97421000000000006E-04
1.60077000000000006E-04
1.58517000000000000E-04
1.58755000000000007E-04
1.58560000000000000E-04
1.58593000000000004E-04
1.58526999999999995E-04
1.78159000000000000E-04
1.99120999999999993E-04
1.57887999999999990E-04
1.58397000000000008E-04
1.58008000000000009E-04
1.76013999999999999E-04
1.58387000000000013E-04
1.58571000000000010E-04
1.58288999999999988E-04
1.58689999999999987E-04
1.58256999999999999E-04
1.58452000000000007E-04
1.58073000000000003E-04
1.71344000000000005E-04
1.58765999999999991E-04
1.58538999999999994E-04
1.57899000000000001E-04
1.57953999999999999E-04
1.58376000000000003E-04
1.74842999999999993E-04
1.58094000000000008E-04
1.57920999999999995E-04
1.57996000000000010E-04
1.57639999999999988E-04
1.75937000000000006E-04
2.08623000000000012E-04
1.57942000000000000E-04
1.57844999999999991E-04
1.57910000000000011E-04
1.57834000000000007E-04
1.57887999999999990E-04
1.58008000000000009E-04
1.75622999999999995E-04
1.57985999999999988E-04
1.57758999999999992E-04
1.58082999999999997E-04
1.57996999999999999E-04
1.58364999999999992E-04
1.58225000000000011E-04
1.57975000000000005E-04
1.58116000000000002E-04
1.58223999999999995E-04
1.58333000000000003E-04
1.63544000000000005E-04
1.71408999999999998E-04
1.74811000000000004E-04
1.57942000000000000E-04
1.58094000000000008E-04
2.10962000000000004E-04
2.43560999999999995E-04
2.08926000000000012E-04
2.12976999999999991E-04
2.08936999999999995E-04
2.09802999999999997E-04
2.17397000000000006E-04
2.12479000000000010E-04
2.37352999999999989E-04
2.10983999999999998E-04
2.10225000000000001E-04
2.10854000000000011E-04
2.11287999999999987E-04
2.13496999999999992E-04
2.11590999999999987E-04
2.12035000000000012E-04
2.12207999999999998E-04
2.12295000000000013E-04
2.39487000000000006E-04
2.21840000000000004E-04
2.34904999999999988E-04
2.12532999999999993E-04
2.13713999999999994E-04
2.14603000000000005E-04
2.10354999999999988E-04
2.13551999999999991E-04
2.11470999999999995E-04
2.12382000000000000E-04
2.39237999999999989E-04
2.14839999999999996E-04
2.16986000000000013E-04
2.12391999999999995E-04
2.34557000000000011E-04
2.12413999999999989E-04
2.12684000000000012E-04
2.12835999999999993E-04
2.11363000000000002E-04
2.13529000000000008E-04
2.49117999999999996E-04
2.12133000000000010E-04
2.12956000000000012E-04
2.12436000000000010E-04
2.12880000000000008E-04
2.12618999999999992E-04
2.30430000000000001E-04
2.11308999999999992E-04
2.12434999999999995E-04
2.12219000000000009E-04
2.40809000000000005E-04
2.12055999999999990E-04
2.11146999999999989E-04
2.10864999999999994E-04
2.11298000000000009E-04
2.12164999999999999E-04
2.11785999999999995E-04
2.12282999999999987E-04
2.55173999999999993E-04
2.35479000000000000E-04
2.19000999999999999E-04
2.12651999999999996E-04
2.11990999999999997E-04
2.13355999999999995E-04
2.10062999999999998E-04
2.05047000000000004E-04
2.05946000000000010E-04
2.08914000000000013E-04
2.31210000000000004E-04
2.34849999999999989E-04
2.18772999999999987E-04
2.13193999999999992E-04
2.12413999999999989E-04
2.13920000000000012E-04
2.11286999999999998E-04
2.12737999999999995E-04
2.48576999999999989E-04
2.64523999999999977E-04
1.83649999999999992E-04
1.58798999999999995E-04
1.58407999999999992E-04
1.58538000000000006E-04
1.58311000000000009E-04
1.58689999999999987E-04
1.80812000000000003E-04
1.64930999999999997E-04
1.58517000000000000E-04
1.58333000000000003E-04
1.78223000000000004E-04
1.58462999999999990E-04
1.74117000000000000E-04
1.63727000000000013E-04
1.58116000000000002E-04
1.58483999999999996E-04
1.58333000000000003E-04
1.73131000000000006E-04
1.58343999999999987E-04
1.58342999999999998E-04
1.58214000000000000E-04
1.58712000000000008E-04
1.93021999999999996E-04
1.77149999999999996E-04
1.58667999999999993E-04
1.58538999999999994E-04
1.62926999999999994E-04
1.58202999999999989E-04
1.58505999999999990E-04
1.58528000000000011E-04
1.58581999999999994E-04
1.58364999999999992E-04
1.58387000000000013E-04
1.67574000000000005E-04
1.60175000000000004E-04
1.77378000000000008E-04
1.77161000000000007E-04
1.58700999999999997E-04
1.58863000000000000E-04
1.58528000000000011E-04
1.58743999999999997E-04
1.58755000000000007E-04
1.58646999999999987E-04
1.58603999999999988E-04
1.58602999999999999E-04
1.58528000000000011E-04
1.65667000000000012E-04
1.58691000000000002E-04
1.62017000000000004E-04
1.75558000000000002E-04
1.78851999999999988E-04
1.58624999999999993E-04
1.58841999999999995E-04
1.58331999999999988E-04
1.58354999999999997E-04
1.58125999999999997E-04
1.58614999999999998E-04
1.58450999999999991E-04
1.63100000000000007E-04
1.58505999999999990E-04
1.58505999999999990E-04
1.58431000000000002E-04
1.58299999999999999E-04
1.75298000000000001E-04
1.58256999999999999E-04
1.58397999999999997E-04
1.58343999999999987E-04
1.58116000000000002E-04
1.58331999999999988E-04
1.58387000000000013E-04
1.58473000000000012E-04
1.90757999999999992E-04
1.58657999999999998E-04
1.58526999999999995E-04
1.58581999999999994E-04
1.58462000000000002E-04
1.76262000000000001E-04
1.58657999999999998E-04
1.58419000000000002E-04
1.58223999999999995E-04
1.58321999999999993E-04
1.71885000000000012E-04
1.58517000000000000E-04
1.58679999999999992E-04
1.58387000000000013E-04
1.58798999999999995E-04
1.57920999999999995E-04
1.57965000000000010E-04
1.58755999999999996E-04
1.58235000000000005E-04
1.77118000000000007E-04
1.58994000000000003E-04
1.58321999999999993E-04
1.58483999999999996E-04
1.59037000000000002E-04
1.58841999999999995E-04
1.65245000000000008E-04
1.58798000000000007E-04
1.59144999999999995E-04
3.15310999999999977E-04
2.04038999999999989E-04
2.02976999999999991E-04
2.02685000000000002E-04
2.02534000000000009E-04
2.01613000000000009E-04
2.03303000000000002E-04
2.03649000000000001E-04
2.50352999999999980E-04
1.79912999999999997E-04
1.58571000000000010E-04
1.58225000000000011E-04
1.57910000000000011E-04
1.57889000000000006E-04
1.58084000000000013E-04
1.58082999999999997E-04
1.58667999999999993E-04
1.58202999999999989E-04
1.67443999999999991E-04
1.58202999999999989E-04
1.76565999999999990E-04
1.58571000000000010E-04
1.58137000000000007E-04
1.58051000000000009E-04
1.58333000000000003E-04
1.58364999999999992E-04
1.58288999999999988E-04
1.58419000000000002E-04
1.58214000000000000E-04
1.58462000000000002E-04
1.57942999999999989E-04
1.58137999999999996E-04
1.57725999999999987E-04
1.58028999999999987E-04
1.91787000000000012E-04
1.57779999999999997E-04
1.57768999999999987E-04
1.57844999999999991E-04
1.58061999999999992E-04
1.57813000000000002E-04
1.58235000000000005E-04
1.57985999999999988E-04
1.57942000000000000E-04
1.64584000000000009E-04
1.71408999999999998E-04
1.58008000000000009E-04
1.57942999999999989E-04
1.75460000000000004E-04
1.58939000000000004E-04
2.11363000000000002E-04
2.06130000000000007E-04
1.81387000000000003E-04
1.58104999999999991E-04
1.58593000000000004E-04
1.58431000000000002E-04
1.57953999999999999E-04
1.58430000000000013E-04
1.58116000000000002E-04
1.57844999999999991E-04
1.57932000000000005E-04
1.77855000000000011E-04
1.57975000000000005E-04
1.57887999999999990E-04
1.57466000000000013E-04
1.58039999999999998E-04
1.57725999999999987E-04
1.58278999999999993E-04
1.65505000000000009E-04
1.57746999999999992E-04
1.58278999999999993E-04
1.58278000000000005E-04
1.57779999999999997E-04
1.58225000000000011E-04
1.75114000000000004E-04
1.58115000000000013E-04
1.77855000000000011E-04
1.58299999999999999E-04
1.58288999999999988E-04
1.57791000000000008E-04
1.58266999999999994E-04
1.57953999999999999E-04
1.57844999999999991E-04
1.58354000000000009E-04
1.57932000000000005E-04
1.57953000000000010E-04
1.57412000000000003E-04
1.57791000000000008E-04
1.75405999999999994E-04
1.57953000000000010E-04
1.57910000000000011E-04
1.57801000000000002E-04
1.57975000000000005E-04
1.64031000000000002E-04
1.57824000000000012E-04
1.61702000000000005E-04
1.71766999999999997E-04
1.58137000000000007E-04
1.57531000000000007E-04
1.58321999999999993E-04
1.57865999999999996E-04
3.18253000000000004E-04
2.41859000000000003E-04
2.36421000000000005E-04
2.11697999999999991E-04
2.64193000000000023E-04
2.16476999999999994E-04
1.64541000000000009E-04
2.16984999999999997E-04
2.43613999999999989E-04
2.19759000000000008E-04
2.19976000000000009E-04
2.29952999999999999E-04
2.18924999999999995E-04
2.19812999999999991E-04
2.19401999999999998E-04
2.07820999999999988E-04
1.58831000000000011E-04
2.13117999999999988E-04
1.58473000000000012E-04
1.88037999999999991E-04
1.58387000000000013E-04
1.58321999999999993E-04
1.62558000000000011E-04
1.58061000000000003E-04
1.58225000000000011E-04
1.58116000000000002E-04
1.58256999999999999E-04
1.76694999999999988E-04
1.58245999999999989E-04
1.64897999999999992E-04
1.58137000000000007E-04
1.58299999999999999E-04
1.76305999999999989E-04
1.65006000000000012E-04
2.25121000000000002E-04
2.03064999999999995E-04
2.02966999999999997E-04
2.03856000000000008E-04
2.03780000000000004E-04
2.03942000000000007E-04
2.04278000000000012E-04
2.03833999999999987E-04
2.20788000000000001E-04
2.51960999999999982E-04
2.22153999999999988E-04
2.17354000000000006E-04
2.15500999999999996E-04
2.19661000000000010E-04
2.15090000000000002E-04
1.58214000000000000E-04
1.58061999999999992E-04
1.58170000000000012E-04
1.81191000000000007E-04
1.68288999999999987E-04
1.71342999999999989E-04
1.62189000000000002E-04
1.58192000000000006E-04
1.58192000000000006E-04
1.57930999999999989E-04
1.57834999999999996E-04
1.58094999999999997E-04
1.58116000000000002E-04
1.58159000000000001E-04
1.57910000000000011E-04
1.58354000000000009E-04
1.76316999999999999E-04
1.58266999999999994E-04
1.57856000000000001E-04
1.57595000000000012E-04
1.64074999999999990E-04
1.63696000000000013E-04
1.58180999999999995E-04
1.58094000000000008E-04
1.57715000000000004E-04
1.58006999999999993E-04
2.03443999999999999E-04
1.75796999999999998E-04
1.58505999999999990E-04
1.84193000000000003E-04
1.58321999999999993E-04
1.57725999999999987E-04
1.58235000000000005E-04
1.58343999999999987E-04
1.57965000000000010E-04
1.57812000000000013E-04
1.58202999999999989E-04
1.57725999999999987E-04
1.57466000000000013E-04
1.57996000000000010E-04
1.57963999999999994E-04
1.58018000000000004E-04
1.58127000000000013E-04
7.43123000000000047E-04
4.55920000000000012E-04
1.71127000000000003E-04
1.67920999999999994E-04
1.60771000000000010E-04
1.70261000000000002E-04
1.81201999999999991E-04
1.75427999999999988E-04
1.61246999999999996E-04
1.58939000000000004E-04
1.58798000000000007E-04
1.58853000000000005E-04
1.58474000000000001E-04
1.58581999999999994E-04
1.58896000000000005E-04
1.58278000000000005E-04
1.58669000000000008E-04
1.58419000000000002E-04
1.57963999999999994E-04
1.58354000000000009E-04
1.76577000000000000E-04
1.58593000000000004E-04
1.58214000000000000E-04
1.71614999999999989E-04
2.47178999999999986E-04
2.23019999999999989E-04
1.86510999999999990E-04
1.58288999999999988E-04
1.58018999999999993E-04
1.65894000000000008E-04
1.57985999999999988E-04
1.57553000000000001E-04
1.76391999999999988E-04
1.74627000000000007E-04
1.58376000000000003E-04
1.58256000000000011E-04
1.58831000000000011E-04
1.58538000000000006E-04
1.58030000000000003E-04
1.74226000000000009E-04
1.58419000000000002E-04
1.58137999999999996E-04
1.58018999999999993E-04
1.57942000000000000E-04
1.74312000000000008E-04
1.75558000000000002E-04
1.58407999999999992E-04
1.57899000000000001E-04
1.58288999999999988E-04
1.74777999999999999E-04
1.57920999999999995E-04
1.58214000000000000E-04
1.57682999999999988E-04
1.89566000000000008E-04
1.75352000000000011E-04
1.58290000000000004E-04
1.57920999999999995E-04
1.57996999999999999E-04
1.75829000000000013E-04
1.74832000000000009E-04
1.58030000000000003E-04
1.58645999999999999E-04
1.57985999999999988E-04
1.58245999999999989E-04
1.72112000000000008E-04
1.59610999999999987E-04
1.57629000000000005E-04
1.58137999999999996E-04
1.57932000000000005E-04
1.61473999999999993E-04
1.71256999999999990E-04
1.73911000000000009E-04
1.69058000000000007E-04
1.58039999999999998E-04
1.58202999999999989E-04
1.58331999999999988E-04
1.74236999999999992E-04
1.91287999999999989E-04
1.57865999999999996E-04
1.57942000000000000E-04
1.57746999999999992E-04
1.57887999999999990E-04
1.73825000000000010E-04
1.77973999999999987E-04
1.58018999999999993E-04
1.57736999999999998E-04
1.57932000000000005E-04
1.57996999999999999E-04
1.58180999999999995E-04
1.73403000000000007E-04
1.58008000000000009E-04
1.57812000000000013E-04
1.58061999999999992E-04
1.57910000000000011E-04
1.58245999999999989E-04
1.73673000000000002E-04
1.87486000000000000E-04
2.60959000000000006E-04
2.14438999999999998E-04
2.10182000000000001E-04
2.19618000000000010E-04
2.06163000000000011E-04
2.53484000000000001E-04
2.06042999999999992E-04
2.06271000000000004E-04
2.47660999999999986E-04
2.08979999999999995E-04
2.08459000000000004E-04
2.08177999999999998E-04
2.09239999999999996E-04
2.23756999999999992E-04
2.08166999999999987E-04
2.30093999999999996E-04
2.40377999999999995E-04
1.59144999999999995E-04
1.58376000000000003E-04
1.58223999999999995E-04
1.91592000000000005E-04
1.58202999999999989E-04
1.58180999999999995E-04
2.16140999999999989E-04
2.08383999999999989E-04
2.87036000000000008E-04
3.22233000000000003E-04
2.27538000000000002E-04
2.10657999999999988E-04
2.87241999999999999E-04
2.06357000000000003E-04
1.58159000000000001E-04
1.68342999999999997E-04
1.58192000000000006E-04
1.57768999999999987E-04
1.75309000000000012E-04
1.58407999999999992E-04
1.75775000000000004E-04
1.58321999999999993E-04
1.57985999999999988E-04
1.57932000000000005E-04
1.58202999999999989E-04
1.58028999999999987E-04
1.91852000000000006E-04
1.58354000000000009E-04
1.86553999999999990E-04
1.80692999999999999E-04
1.78375000000000012E-04
1.58397999999999997E-04
1.58483999999999996E-04
1.75980000000000006E-04
1.58245999999999989E-04
2.93850000000000014E-04
2.02219999999999998E-04
2.09141999999999998E-04
2.30267999999999998E-04
2.05610000000000005E-04
2.05426000000000008E-04
2.38435999999999992E-04
2.53960000000000015E-04
2.18328999999999989E-04
1.58462000000000002E-04
1.58235999999999994E-04
1.70976000000000011E-04
1.94754999999999988E-04
1.58008000000000009E-04
1.57932000000000005E-04
1.58266999999999994E-04
1.58214000000000000E-04
1.57672000000000004E-04
1.57985999999999988E-04
1.58213000000000011E-04
1.57910000000000011E-04
1.76121999999999992E-04
1.74009000000000007E-04
1.57834000000000007E-04
1.58116000000000002E-04
1.70931999999999996E-04
1.58159000000000001E-04
1.57953999999999999E-04
1.58235000000000005E-04
1.57791000000000008E-04
1.57748000000000008E-04
1.58073000000000003E-04
1.73229000000000005E-04
1.58387000000000013E-04
1.75732000000000004E-04
1.58170000000000012E-04
2.00616999999999994E-04
1.58028999999999987E-04
2.25555000000000005E-04
2.27277000000000013E-04
2.61872999999999978E-04
1.75591000000000007E-04
2.15663999999999987E-04
1.62210999999999996E-04
1.64703000000000012E-04
1.57781000000000013E-04
1.58192000000000006E-04
1.58147999999999991E-04
1.57856000000000001E-04
1.77627999999999987E-04
1.58473000000000012E-04
1.58268000000000010E-04
1.83661000000000002E-04
2.09433999999999987E-04
2.09456000000000008E-04
2.33073000000000010E-04
2.31925000000000013E-04
2.48001999999999988E-04
2.05989999999999998E-04
2.07810000000000004E-04
2.34221999999999995E-04
2.15283999999999994E-04
2.12598000000000013E-04
2.30451999999999995E-04
2.10127999999999991E-04
2.12706999999999995E-04
2.10712999999999986E-04
2.11904999999999998E-04
1.98602000000000007E-04
2.03486999999999998E-04
2.51075000000000018E-04
2.23236000000000002E-04
2.07939000000000003E-04
2.08666000000000011E-04
2.07788000000000010E-04
2.16476999999999994E-04
2.07691000000000001E-04
2.07321999999999991E-04
3.62544000000000017E-04
2.14916000000000000E-04
1.75135999999999998E-04
2.01862000000000000E-04
1.97865000000000004E-04
1.70986000000000006E-04
1.58387000000000013E-04
1.67650000000000009E-04
1.95133999999999992E-04
1.78526999999999993E-04
1.78569999999999993E-04
1.62296999999999995E-04
1.94658000000000006E-04
1.86314999999999994E-04
2.09044000000000000E-04
2.00041999999999993E-04
2.05665000000000004E-04
2.15999999999999992E-04
1.95274999999999990E-04
1.94407999999999999E-04
2.18903000000000001E-04
2.08123999999999988E-04
2.15794000000000001E-04
2.02923999999999997E-04
2.07342999999999997E-04
2.15099999999999997E-04
2.14787000000000002E-04
2.15793000000000012E-04
2.10831999999999990E-04
2.08719999999999994E-04
2.10831999999999990E-04
2.47938000000000010E-04
2.11525999999999994E-04
2.14493000000000008E-04
2.04808999999999997E-04
2.08134999999999999E-04
2.26161999999999994E-04
2.14699999999999987E-04
2.09141999999999998E-04
2.10983999999999998E-04
2.13940999999999990E-04
2.35326999999999992E-04
2.07917000000000008E-04
2.22663000000000006E-04
2.05913999999999994E-04
2.05815999999999996E-04
2.04505999999999997E-04
2.05512999999999996E-04
2.04603000000000006E-04
2.05555999999999995E-04
2.03758000000000010E-04
2.26345999999999991E-04
2.04722000000000009E-04
1.88483000000000004E-04
1.58331999999999988E-04
1.67865999999999995E-04
1.58192000000000006E-04
1.78201000000000010E-04
1.57562999999999996E-04
1.73823999999999995E-04
1.58202000000000001E-04
1.58245999999999989E-04
1.58235000000000005E-04
1.57779999999999997E-04
1.76175000000000013E-04
1.58278999999999993E-04
1.57963999999999994E-04
1.57856000000000001E-04
1.58137999999999996E-04
1.58170000000000012E-04
1.57736999999999998E-04
1.57899000000000001E-04
1.58256999999999999E-04
1.58028999999999987E-04
1.57887999999999990E-04
1.57834999999999996E-04
1.74842999999999993E-04
1.75947999999999990E-04
1.63575999999999994E-04
2.00983999999999999E-04
1.58667999999999993E-04
1.58299999999999999E-04
1.58256999999999999E-04
1.77757000000000013E-04
1.58268000000000010E-04
1.58560000000000000E-04
1.58397999999999997E-04
1.58299999999999999E-04
1.58364999999999992E-04
1.57932000000000005E-04
1.76424999999999992E-04
1.69371999999999990E-04
2.16715000000000001E-04
1.99208000000000008E-04
1.84074000000000000E-04
1.58440999999999996E-04
1.58430000000000013E-04
1.58278000000000005E-04
1.58452000000000007E-04
1.57942999999999989E-04
1.58071999999999987E-04
1.58299999999999999E-04
1.58321999999999993E-04
1.85135000000000009E-04
1.58245999999999989E-04
1.57910000000000011E-04
1.57887999999999990E-04
1.58288999999999988E-04
1.73618999999999992E-04
1.57963999999999994E-04
1.57877999999999995E-04
1.57911000000000000E-04
1.58366000000000008E-04
1.57877000000000006E-04
1.57813000000000002E-04
1.58342999999999998E-04
1.75916000000000001E-04
1.58311000000000009E-04
1.58040999999999987E-04
1.58214000000000000E-04
1.57867000000000012E-04
1.58387000000000013E-04
1.58051000000000009E-04
1.76142999999999997E-04
1.96801999999999990E-04
2.21752999999999989E-04
1.58180999999999995E-04
1.69025000000000002E-04
1.58311000000000009E-04
1.76078000000000004E-04
1.57899000000000001E-04
1.58104999999999991E-04
1.57996999999999999E-04
1.58094000000000008E-04
1.58331999999999988E-04
1.58073000000000003E-04
1.58061999999999992E-04
1.58018999999999993E-04
1.57617000000000006E-04
3.43728000000000013E-04
2.86781000000000004E-04
2.05479999999999991E-04
2.06304000000000009E-04
2.67887000000000019E-04
2.18643000000000000E-04
2.12479000000000010E-04
2.51809999999999990E-04
2.54707999999999974E-04
1.98805999999999994E-04
1.90487000000000008E-04
1.89230000000000003E-04
1.66586999999999996E-04
1.58192000000000006E-04
1.65081999999999989E-04
1.84744999999999994E-04
2.08850000000000008E-04
2.48604999999999996E-04
2.35739000000000001E-04
2.04710999999999999E-04
2.88724999999999984E-04
3.18853999999999980E-04
1.99576000000000001E-04
2.12945000000000002E-04
2.11656000000000008E-04
1.85188999999999992E-04
1.58288999999999988E-04
1.58170000000000012E-04
1.86033999999999988E-04
1.58331999999999988E-04
1.58256999999999999E-04
1.59189000000000010E-04
2.18210000000000013E-04
2.98898000000000024E-04
2.96211000000000000E-04
2.09793000000000002E-04
2.29119000000000013E-04
2.08383999999999989E-04
2.07939000000000003E-04
2.08395000000000000E-04
2.07278999999999992E-04
2.07636000000000002E-04
2.07192000000000004E-04
2.07344000000000012E-04
2.07235000000000004E-04
2.37991999999999994E-04
2.77968000000000019E-04
2.08134000000000010E-04
2.08568000000000013E-04
2.29898999999999989E-04
2.09273000000000000E-04
2.07767000000000005E-04
2.07927999999999992E-04
2.07495000000000005E-04
2.07192000000000004E-04
2.07407999999999990E-04
3.59449999999999982E-04
1.79631000000000002E-04
1.57963999999999994E-04
1.58333000000000003E-04
1.58354000000000009E-04
1.57887999999999990E-04
1.58171000000000001E-04
1.57715000000000004E-04
1.58288999999999988E-04
1.57953000000000010E-04
1.58180999999999995E-04
1.66729000000000009E-04
1.93876999999999987E-04
1.58591999999999989E-04
1.58071999999999987E-04
1.58061999999999992E-04
1.58841999999999995E-04
1.57846000000000006E-04
1.57877000000000006E-04
1.58082999999999997E-04
1.57899000000000001E-04
1.58116000000000002E-04
1.58235000000000005E-04
1.77259000000000005E-04
1.58387000000000013E-04
1.57617000000000006E-04
1.57889000000000006E-04
1.57812000000000013E-04
5.02440000000000048E-04
2.76006000000000027E-04
2.12911999999999997E-04
2.15815000000000006E-04
2.13768000000000004E-04
2.24309999999999999E-04
2.13162000000000003E-04
1.92642000000000003E-04
1.58571000000000010E-04
1.58170000000000012E-04
1.58624999999999993E-04
1.58550000000000005E-04
1.58299999999999999E-04
1.58419000000000002E-04
1.87691999999999991E-04
1.89382000000000011E-04
1.58602999999999999E-04
1.89153999999999999E-04
1.60315000000000013E-04
1.58376000000000003E-04
1.58689999999999987E-04
1.58376000000000003E-04
1.59242000000000004E-04
1.58407999999999992E-04
1.58528000000000011E-04
1.88015999999999997E-04
1.79576999999999992E-04
1.81125999999999987E-04
2.23842999999999991E-04
1.91754999999999996E-04
2.15956000000000004E-04
2.14245000000000006E-04
2.03811999999999993E-04
1.77605000000000005E-04
1.58278999999999993E-04
1.58366000000000008E-04
1.71072999999999993E-04
1.59306999999999998E-04
1.58051000000000009E-04
1.58202999999999989E-04
1.76944999999999994E-04
1.58214000000000000E-04
1.62384000000000009E-04
2.17526999999999993E-04
2.07364999999999991E-04
2.07550000000000003E-04
2.08394000000000011E-04
2.08328999999999990E-04
2.39941999999999987E-04
2.19368999999999993E-04
2.12716999999999990E-04
2.15056999999999998E-04
1.79599000000000013E-04
1.58366000000000008E-04
1.58268000000000010E-04
1.97853000000000005E-04
1.73305000000000009E-04
1.58419000000000002E-04
1.57932000000000005E-04
1.58614999999999998E-04
1.69263999999999998E-04
1.87843999999999999E-04
2.36571999999999998E-04
2.15045999999999987E-04
2.08361999999999995E-04
1.99316000000000001E-04
1.98080999999999990E-04
1.98070000000000006E-04
2.62010000000000021E-04
2.12143000000000005E-04
2.12880000000000008E-04
2.10301000000000005E-04
2.28242000000000001E-04
2.09998000000000004E-04
2.09370000000000010E-04
2.13355999999999995E-04
2.00432000000000008E-04
2.01406999999999991E-04
2.00041999999999993E-04
2.00745999999999992E-04
2.07853000000000004E-04
2.02988000000000002E-04
2.01472000000000012E-04
2.60406999999999989E-04
2.02491000000000010E-04
2.07614999999999997E-04
2.08015000000000007E-04
2.27839999999999987E-04
5.52360000000000004E-04
3.02017999999999980E-04
1.94484000000000003E-04
1.58982999999999992E-04
1.74355999999999996E-04
1.58082999999999997E-04
1.58192000000000006E-04
1.58018000000000004E-04
1.58127000000000013E-04
1.58127000000000013E-04
1.58008000000000009E-04
1.58245999999999989E-04
2.08903000000000002E-04
1.57736999999999998E-04
1.58235000000000005E-04
1.58170000000000012E-04
1.57705000000000009E-04
1.58256999999999999E-04
1.57768999999999987E-04
1.57844999999999991E-04
1.88514999999999993E-04
1.58180999999999995E-04
1.57768999999999987E-04
1.58278999999999993E-04
1.58202000000000001E-04
1.76176000000000002E-04
1.58268000000000010E-04
1.58040999999999987E-04
1.58084000000000013E-04
1.58223999999999995E-04
1.58104999999999991E-04
1.57553000000000001E-04
1.57779999999999997E-04
1.57942000000000000E-04
1.58137999999999996E-04
1.58147999999999991E-04
1.57498000000000002E-04
1.57899999999999989E-04
1.57531000000000007E-04
1.75341999999999989E-04
1.57920999999999995E-04
1.57887999999999990E-04
1.58073000000000003E-04
1.57963999999999994E-04
1.58061999999999992E-04
1.84083999999999995E-04
1.58602999999999999E-04
1.80389999999999999E-04
1.74107000000000005E-04
1.57834000000000007E-04
1.57932000000000005E-04
1.73033999999999997E-04
1.76078000000000004E-04
1.58483999999999996E-04
1.58419999999999991E-04
1.58170000000000012E-04
1.58051000000000009E-04
1.57942999999999989E-04
1.57877000000000006E-04
1.58028999999999987E-04
1.58040999999999987E-04
1.57867000000000012E-04
1.58202999999999989E-04
1.58268000000000010E-04
1.57985999999999988E-04
1.75341999999999989E-04
1.58679000000000003E-04
1.58278000000000005E-04
1.58202999999999989E-04
1.66133000000000003E-04
1.57975000000000005E-04
1.58343999999999987E-04
1.57899000000000001E-04
1.58171000000000001E-04
1.58342999999999998E-04
1.58030000000000003E-04
1.58213000000000011E-04
1.57953999999999999E-04
1.58082999999999997E-04
1.74746000000000010E-04
1.58137000000000007E-04
1.57953999999999999E-04
1.57856000000000001E-04
1.58202999999999989E-04
1.57996999999999999E-04
1.58018000000000004E-04
1.58409000000000007E-04
1.58137000000000007E-04
1.58343999999999987E-04
1.58321999999999993E-04
1.58548999999999989E-04
1.58278999999999993E-04
1.75081999999999988E-04
1.58223999999999995E-04
1.85773999999999987E-04
1.58190999999999990E-04
1.58137999999999996E-04
1.58147999999999991E-04
1.58127000000000013E-04
1.78970999999999991E-04
1.58245999999999989E-04
1.58104999999999991E-04
1.58137000000000007E-04
1.58149000000000007E-04
1.37893999999999994E-03
2.13269999999999996E-04
2.10854000000000011E-04
2.34579000000000005E-04
2.10031000000000009E-04
2.09141999999999998E-04
2.17874000000000008E-04
2.08308000000000012E-04
2.08459000000000004E-04
2.08134999999999999E-04
2.14863000000000006E-04
2.08621999999999996E-04
2.09044000000000000E-04
2.46117000000000015E-04
2.14341999999999988E-04
2.05643000000000010E-04
2.15414000000000008E-04
2.18015000000000006E-04
2.17289000000000013E-04
2.14548000000000006E-04
2.18003999999999995E-04
2.16584999999999987E-04
2.65032000000000006E-04
2.27493999999999987E-04
2.49420999999999996E-04
2.17841000000000004E-04
2.17905999999999997E-04
2.15782999999999990E-04
2.17385999999999995E-04
2.18817000000000002E-04
2.31666000000000001E-04
2.17667999999999990E-04
2.35608999999999987E-04
2.17278000000000002E-04
2.13236999999999991E-04
2.14450999999999997E-04
2.16683000000000012E-04
2.14558999999999990E-04
2.14548000000000006E-04
2.17170000000000010E-04
2.14493999999999997E-04
2.56536000000000025E-04
2.17006999999999991E-04
2.04527000000000002E-04
2.03877000000000013E-04
2.04873999999999990E-04
2.27332000000000011E-04
2.09087999999999988E-04
2.02857999999999988E-04
2.04028999999999994E-04
2.03357000000000011E-04
2.76624000000000000E-04
2.03703000000000011E-04
2.03162000000000004E-04
2.03627999999999996E-04
3.30067000000000023E-04
2.24667000000000009E-04
2.09716000000000009E-04
2.04429999999999993E-04
2.03617000000000012E-04
2.16226999999999988E-04
2.03551999999999992E-04
2.04343000000000005E-04
2.04548000000000007E-04
2.05199000000000012E-04
2.05371999999999998E-04
2.27223000000000003E-04
2.15045999999999987E-04
2.05610000000000005E-04
2.31642999999999991E-04
2.11947999999999998E-04
2.20711999999999997E-04
2.15414999999999997E-04
2.10258000000000005E-04
2.06326000000000003E-04
2.34536000000000006E-04
3.14129999999999976E-04
2.59408999999999996E-04
2.19141999999999997E-04
1.58538000000000006E-04
1.77118000000000007E-04
1.58342999999999998E-04
1.57985999999999988E-04
1.57627999999999989E-04
1.58006999999999993E-04
1.57899999999999989E-04
1.58202999999999989E-04
1.58039999999999998E-04
1.76164999999999991E-04
1.58354000000000009E-04
1.57899000000000001E-04
1.57920999999999995E-04
2.97521999999999988E-04
1.90540999999999991E-04
1.58483999999999996E-04
1.57975999999999993E-04
2.26171999999999989E-04
1.58288999999999988E-04
2.05457999999999997E-04
1.58691000000000002E-04
1.85395000000000010E-04
1.77572999999999989E-04
1.57822999999999996E-04
1.58159000000000001E-04
1.80053999999999994E-04
2.30506000000000005E-04
1.58288999999999988E-04
2.26963000000000002E-04
1.58018000000000004E-04
1.58104999999999991E-04
1.57930999999999989E-04
1.58084000000000013E-04
1.87961999999999987E-04
1.57768999999999987E-04
1.58290000000000004E-04
1.57856000000000001E-04
1.58039999999999998E-04
1.57682999999999988E-04
1.58018000000000004E-04
1.58473000000000012E-04
1.58202999999999989E-04
1.57412000000000003E-04
1.57932000000000005E-04
1.57822999999999996E-04
1.86576000000000011E-04
1.76760999999999997E-04
1.58192000000000006E-04
1.58235000000000005E-04
1.58051000000000009E-04
1.57834000000000007E-04
1.58116000000000002E-04
1.58147999999999991E-04
1.57856000000000001E-04
1.57758999999999992E-04
1.57877999999999995E-04
1.58722000000000003E-04
3.32831999999999974E-04
2.12933000000000002E-04
2.11406999999999990E-04
2.11807000000000000E-04
2.11687999999999997E-04
2.12857999999999987E-04
2.13952000000000001E-04
2.28934999999999989E-04
2.12436000000000010E-04
2.61652999999999983E-04
2.13443000000000009E-04
2.12587000000000003E-04
2.12456999999999989E-04
2.13074999999999989E-04
2.11730999999999996E-04
2.12837000000000009E-04
2.12241000000000003E-04
2.32770000000000009E-04
2.31394000000000001E-04
2.11807000000000000E-04
2.12391999999999995E-04
2.11969999999999992E-04
2.11114000000000012E-04
2.12749999999999994E-04
2.09683000000000005E-04
2.12802999999999988E-04
2.13043000000000000E-04
2.20668999999999998E-04
2.12553999999999998E-04
2.18351000000000011E-04
2.12033999999999996E-04
2.11439000000000006E-04
2.12966999999999996E-04
2.12207999999999998E-04
2.13725000000000004E-04
2.27645999999999995E-04
2.12348999999999996E-04
2.12098999999999990E-04
2.13735999999999988E-04
2.32878000000000002E-04
2.13226000000000008E-04
2.14298999999999989E-04
2.15946000000000009E-04
2.13259000000000013E-04
2.16194999999999999E-04
2.13887000000000007E-04
2.20344000000000003E-04
2.12771000000000000E-04
2.29898999999999989E-04
2.19065999999999993E-04
2.14202000000000007E-04
2.14873000000000001E-04
2.15858999999999994E-04
2.13519000000000013E-04
2.15381999999999992E-04
2.14396999999999987E-04
2.12467999999999999E-04
2.13594999999999990E-04
2.27039000000000006E-04
2.16455000000000000E-04
2.13064000000000005E-04
2.13054000000000010E-04
2.13844000000000008E-04
2.12988000000000001E-04
2.42790999999999987E-04
2.11980000000000013E-04
2.12663000000000007E-04
2.13324000000000006E-04
2.31427000000000005E-04
2.41914000000000002E-04
2.12771000000000000E-04
2.00106999999999987E-04
1.98784999999999988E-04
1.99824999999999992E-04
1.99748999999999988E-04
1.98655000000000001E-04
1.78287999999999998E-04
1.58245999999999989E-04
1.92270999999999989E-04
1.58863999999999989E-04
1.57682999999999988E-04
1.58125999999999997E-04
1.58116000000000002E-04
1.58474000000000001E-04
1.58288999999999988E-04
2.01666999999999992E-04
1.58094000000000008E-04
1.58268000000000010E-04
1.57834000000000007E-04
1.58127000000000013E-04
1.76705999999999998E-04
1.57867000000000012E-04
1.58409000000000007E-04
1.57996999999999999E-04
1.57844999999999991E-04
1.58008000000000009E-04
1.58039999999999998E-04
1.76436000000000003E-04
1.70888999999999996E-04
1.58223999999999995E-04
1.58268000000000010E-04
1.58278000000000005E-04
1.57932000000000005E-04
1.75872000000000013E-04
1.58149000000000007E-04
1.57910000000000011E-04
1.58159000000000001E-04
1.57889000000000006E-04
1.58018000000000004E-04
2.30496000000000010E-04
4.11613999999999979E-04
2.13279999999999991E-04
2.13346000000000000E-04
2.16378999999999996E-04
2.14732000000000003E-04
2.12933000000000002E-04
2.12673999999999990E-04
2.12900999999999987E-04
1.97256999999999999E-04
1.58235000000000005E-04
1.58354000000000009E-04
1.58278999999999993E-04
1.58039999999999998E-04
1.58094000000000008E-04
1.58235000000000005E-04
1.58094000000000008E-04
1.58073000000000003E-04
1.57984999999999999E-04
1.57584999999999990E-04
1.57899000000000001E-04
1.69741000000000000E-04
1.87323999999999997E-04
1.58170000000000012E-04
1.58061999999999992E-04
1.58278999999999993E-04
1.58159999999999990E-04
1.57985999999999988E-04
1.58225000000000011E-04
1.58278000000000005E-04
1.58061999999999992E-04
1.58180999999999995E-04
1.58116000000000002E-04
1.58149000000000007E-04
1.58256000000000011E-04
1.77085999999999991E-04
1.58256000000000011E-04
1.58376000000000003E-04
1.57867000000000012E-04
1.57975000000000005E-04
1.57932000000000005E-04
1.58018000000000004E-04
1.58245999999999989E-04
1.58137000000000007E-04
1.57996999999999999E-04
1.58214000000000000E-04
1.93226999999999998E-04
1.58354999999999997E-04
1.57813000000000002E-04
1.75157000000000004E-04
1.58180999999999995E-04
1.57812000000000013E-04
1.58149000000000007E-04
1.57822999999999996E-04
1.58039999999999998E-04
1.58213000000000011E-04
1.58008000000000009E-04
1.57834000000000007E-04
1.58170000000000012E-04
1.57996999999999999E-04
1.58235000000000005E-04
1.57791000000000008E-04
1.75481999999999998E-04
1.77280000000000010E-04
1.58419000000000002E-04
1.58159000000000001E-04
1.58061999999999992E-04
1.58071999999999987E-04
1.57889000000000006E-04
1.57834000000000007E-04
1.64854000000000004E-04
1.57867000000000012E-04
1.57768999999999987E-04
1.57920999999999995E-04
1.57953999999999999E-04
1.57617999999999994E-04
1.89674999999999989E-04
1.57932000000000005E-04
1.57748000000000008E-04
1.57748000000000008E-04
1.58343999999999987E-04
1.58061999999999992E-04
1.57932000000000005E-04
1.58104999999999991E-04
1.58051000000000009E-04
1.58104999999999991E-04
1.58127000000000013E-04
1.58018999999999993E-04
1.83293999999999997E-04
1.58788000000000012E-04
1.57975000000000005E-04
1.57768999999999987E-04
1.57856000000000001E-04
1.68559999999999999E-04
1.58440999999999996E-04
2.05013999999999999E-04
2.02835999999999994E-04
1.98870999999999987E-04
1.70347000000000001E-04
1.58808999999999990E-04
3.31300999999999991E-04
2.44589000000000026E-04
2.40515999999999999E-04
2.27721999999999999E-04
2.11818000000000011E-04
2.08838999999999997E-04
2.16671000000000013E-04
2.34016000000000004E-04
2.13431999999999999E-04
2.13529999999999997E-04
2.13162000000000003E-04
2.14071999999999993E-04
2.18643000000000000E-04
2.50190000000000015E-04
2.14233999999999996E-04
2.12012999999999991E-04
2.13475999999999987E-04
2.34135000000000007E-04
2.13302000000000012E-04
2.11818000000000011E-04
2.12988000000000001E-04
2.11677000000000013E-04
2.18979000000000005E-04
2.18934999999999990E-04
2.28912999999999995E-04
2.12577000000000008E-04
2.13768000000000004E-04
2.34839000000000006E-04
2.11449999999999990E-04
2.12739000000000011E-04
2.12976999999999991E-04
2.51630999999999990E-04
2.17354000000000006E-04
2.12121000000000011E-04
2.12945000000000002E-04
2.11828999999999994E-04
2.32086999999999989E-04
2.15707000000000014E-04
2.11807000000000000E-04
2.16801999999999989E-04
2.14970999999999999E-04
2.12012999999999991E-04
2.18253000000000013E-04
2.13572999999999996E-04
2.13908000000000013E-04
2.38187000000000002E-04
2.34958999999999998E-04
2.15946000000000009E-04
2.14157999999999992E-04
2.29053999999999993E-04
2.18328999999999989E-04
2.23572000000000007E-04
2.11277000000000003E-04
2.11677000000000013E-04
2.12229999999999992E-04
2.11644000000000009E-04
2.32715999999999999E-04
2.09814000000000007E-04
2.08209999999999987E-04
2.18437000000000009E-04
2.10766999999999996E-04
2.17862999999999998E-04
2.10604000000000005E-04
2.21589999999999998E-04
2.11633999999999987E-04
2.16877000000000004E-04
2.31622000000000013E-04
2.04353999999999989E-04
2.09327000000000010E-04
1.96987000000000003E-04
1.97614999999999998E-04
1.97464000000000005E-04
2.04894999999999996E-04
1.97908000000000003E-04
1.95524000000000007E-04
2.01482000000000007E-04
1.94235000000000013E-04
3.61862999999999974E-04
2.36476000000000004E-04
2.08989999999999990E-04
2.10203999999999995E-04
2.09445999999999987E-04
2.11048999999999991E-04
2.11546999999999999E-04
2.07950000000000013E-04
2.39671000000000003E-04
2.12575999999999992E-04
1.58636000000000004E-04
1.58397000000000008E-04
1.73207000000000010E-04
1.58028999999999987E-04
1.58028999999999987E-04
1.58028999999999987E-04
1.58440999999999996E-04
1.57856000000000001E-04
1.57920999999999995E-04
1.58245999999999989E-04
1.58051000000000009E-04
1.77648999999999993E-04
1.64236999999999993E-04
2.20971999999999998E-04
1.59827000000000000E-04
1.58171000000000001E-04
1.58300999999999988E-04
1.58517000000000000E-04
1.57953999999999999E-04
1.58364999999999992E-04
1.58006999999999993E-04
1.58180999999999995E-04
1.58039999999999998E-04
1.58256999999999999E-04
1.86488999999999996E-04
1.58127000000000013E-04
1.58084000000000013E-04
1.58180999999999995E-04
1.57996999999999999E-04
1.58192000000000006E-04
1.57932000000000005E-04
1.58311000000000009E-04
1.57834000000000007E-04
1.57856000000000001E-04
1.58245999999999989E-04
1.57768999999999987E-04
1.58235000000000005E-04
1.75135999999999998E-04
1.58190999999999990E-04
1.58137999999999996E-04
1.57705000000000009E-04
1.58006999999999993E-04
1.57791000000000008E-04
1.57975999999999993E-04
1.71289999999999995E-04
1.58159000000000001E-04
1.57736000000000009E-04
1.58073000000000003E-04
1.87658999999999987E-04
1.58116000000000002E-04
1.58159000000000001E-04
1.76164999999999991E-04
1.58268000000000010E-04
1.58104999999999991E-04
1.57975000000000005E-04
1.58170000000000012E-04
1.58061999999999992E-04
1.58171000000000001E-04
1.58342999999999998E-04
1.67335000000000010E-04
1.58256999999999999E-04
1.58137000000000007E-04
1.58149000000000007E-04
1.75894000000000007E-04
1.75395999999999999E-04
1.57953000000000010E-04
1.57889000000000006E-04
1.57920999999999995E-04
1.57498000000000002E-04
1.57856000000000001E-04
1.57910000000000011E-04
1.57932000000000005E-04
1.57650000000000010E-04
1.86836000000000012E-04
1.57985999999999988E-04
1.57975000000000005E-04
1.58127000000000013E-04
1.75298000000000001E-04
1.58311000000000009E-04
1.77746000000000002E-04
1.58137999999999996E-04
1.57932000000000005E-04
1.57639000000000000E-04
1.57920999999999995E-04
1.57791000000000008E-04
1.58364999999999992E-04
1.58008000000000009E-04
1.57650000000000010E-04
1.57824000000000012E-04
1.57942999999999989E-04
4.98392999999999970E-04
5.54950000000000018E-04
5.72847000000000026E-04
2.22164000000000009E-04
2.38533999999999990E-04
2.19509999999999991E-04
2.10723999999999997E-04
2.10778000000000007E-04
2.12608999999999997E-04
2.12933999999999991E-04
2.14255999999999990E-04
2.13594999999999990E-04
2.13758000000000009E-04
2.13649000000000000E-04
2.50689000000000012E-04
2.45807999999999975E-04
2.01959999999999998E-04
2.02740000000000000E-04
2.01938000000000004E-04
2.11568999999999993E-04
2.01623999999999993E-04
2.01570000000000010E-04
2.01482000000000007E-04
2.02382000000000001E-04
2.39000000000000009E-04
1.98905000000000007E-04
1.97908000000000003E-04
1.96899999999999988E-04
1.96455999999999991E-04
1.97051000000000008E-04
1.99196999999999997E-04
1.97507000000000005E-04
1.97431000000000001E-04
1.99359000000000000E-04
1.81396999999999998E-04
1.58462999999999990E-04
1.69566999999999998E-04
1.60282000000000008E-04
1.66252000000000007E-04
1.73379999999999997E-04
1.86598000000000005E-04
1.71332999999999994E-04
1.77075000000000008E-04
1.58311000000000009E-04
1.62091999999999992E-04
2.29378999999999987E-04
2.50180000000000020E-04
2.10843000000000000E-04
2.12663000000000007E-04
2.11644999999999997E-04
2.11212000000000010E-04
2.14450999999999997E-04
2.14906000000000005E-04
2.66548999999999985E-04
2.11785999999999995E-04
2.12804000000000004E-04
2.12825000000000010E-04
2.12608999999999997E-04
2.13107000000000005E-04
2.22272000000000002E-04
2.12522000000000009E-04
2.32477000000000004E-04
2.12792999999999994E-04
2.11785999999999995E-04
2.12868999999999998E-04
2.13703000000000010E-04
2.12186000000000004E-04
2.12338000000000012E-04
2.12902000000000002E-04
2.12489000000000005E-04
2.33994999999999998E-04
2.30711999999999996E-04
2.14016999999999994E-04
2.12544000000000003E-04
2.11504000000000000E-04
2.12859000000000003E-04
2.13768000000000004E-04
2.13042000000000011E-04
5.92737999999999989E-04
1.68612999999999993E-04
1.58311000000000009E-04
1.98330999999999996E-04
2.10952000000000009E-04
2.14765000000000008E-04
2.30983000000000008E-04
2.16347000000000007E-04
1.94853000000000013E-04
1.94505999999999997E-04
1.95622000000000005E-04
2.07299999999999997E-04
2.18903000000000001E-04
2.17905999999999997E-04
2.15393000000000003E-04
2.14288000000000006E-04
2.37461000000000009E-04
2.29477000000000012E-04
2.12813999999999999E-04
2.14775999999999991E-04
2.14569000000000012E-04
2.13811999999999992E-04
2.19174000000000013E-04
2.14861999999999990E-04
2.14906000000000005E-04
2.15522999999999990E-04
2.38013000000000000E-04
2.14483000000000013E-04
2.16281999999999987E-04
2.15977999999999998E-04
2.15436000000000002E-04
2.16065000000000012E-04
2.18838000000000008E-04
2.17538000000000003E-04
2.18437999999999998E-04
2.24006000000000010E-04
1.98872000000000003E-04
2.09769999999999992E-04
2.11515000000000010E-04
2.31654999999999990E-04
2.10246999999999995E-04
2.09943999999999994E-04
2.09650999999999989E-04
2.07982999999999991E-04
2.09022999999999994E-04
2.07788000000000010E-04
2.26626999999999997E-04
2.07788000000000010E-04
2.08101999999999994E-04
2.28068999999999988E-04
2.07734000000000000E-04
2.08134999999999999E-04
2.07819999999999999E-04
2.08058000000000006E-04
2.17939000000000002E-04
2.07691000000000001E-04
2.25901999999999993E-04
2.08209999999999987E-04
2.08005000000000012E-04
2.08719999999999994E-04
2.08070000000000005E-04
2.08091999999999999E-04
2.23073999999999999E-04
2.07972000000000007E-04
2.08502999999999992E-04
2.07982999999999991E-04
2.25707000000000013E-04
2.07700999999999996E-04
2.07344000000000012E-04
2.07982999999999991E-04
2.07690000000000012E-04
2.07483999999999994E-04
2.07170000000000010E-04
2.18523999999999997E-04
2.08156000000000004E-04
2.07041000000000012E-04
2.25674000000000008E-04
2.06445000000000006E-04
2.08361999999999995E-04
2.09315000000000011E-04
2.08568000000000013E-04
2.07994000000000001E-04
2.08113000000000005E-04
2.07604000000000013E-04
2.08492000000000009E-04
2.07819999999999999E-04
2.65308999999999977E-04
1.58495000000000006E-04
1.57660999999999994E-04
1.57889000000000006E-04
1.57985999999999988E-04
1.69490999999999994E-04
2.02186999999999994E-04
2.21026999999999996E-04
2.38370999999999998E-04
2.13193999999999992E-04
2.15512000000000006E-04
2.05696999999999992E-04
2.07571000000000009E-04
2.05880999999999989E-04
2.11535999999999989E-04
2.06519999999999995E-04
2.04570000000000001E-04
2.05123000000000008E-04
2.27667999999999989E-04
2.05946999999999999E-04
1.98557999999999992E-04
1.58700999999999997E-04
1.90616999999999995E-04
2.14548000000000006E-04
2.16173000000000005E-04
2.36106999999999994E-04
2.28253000000000012E-04
2.09087999999999988E-04
2.07884999999999993E-04
2.56343999999999984E-04
2.31145000000000010E-04
2.19346999999999999E-04
2.19921999999999999E-04
2.36020000000000007E-04
2.13584000000000007E-04
2.34395000000000008E-04
2.19108999999999992E-04
2.48999000000000019E-04
2.17753999999999989E-04
2.13443000000000009E-04
2.16801000000000000E-04
2.14364000000000010E-04
2.75410999999999983E-04
2.56810000000000003E-04
2.41394000000000000E-04
2.19921999999999999E-04
2.19337000000000004E-04
2.58054999999999981E-04
2.13660000000000011E-04
2.18306999999999995E-04
2.19087999999999987E-04
2.44242999999999999E-04
2.17950000000000012E-04
2.13627000000000006E-04
2.19867000000000001E-04
2.18588999999999990E-04
2.48586999999999983E-04
2.17690000000000011E-04
2.25326999999999993E-04
2.48771000000000007E-04
2.85508000000000018E-04
2.46247000000000002E-04
2.26042000000000002E-04
2.45239000000000015E-04
2.30353999999999997E-04
2.47643999999999989E-04
2.27039999999999995E-04
2.17072000000000011E-04
3.19373000000000020E-04
1.76250999999999990E-04
1.75644999999999990E-04
1.58268000000000010E-04
1.63630000000000004E-04
1.73532999999999993E-04
1.72599999999999994E-04
1.58116000000000002E-04
1.88829000000000004E-04
2.08275000000000007E-04
2.05794999999999991E-04
2.45683999999999974E-04
2.06975000000000003E-04
2.08275999999999996E-04
2.07235999999999992E-04
2.07614999999999997E-04
2.40201999999999988E-04
2.12771000000000000E-04
2.32661000000000001E-04
2.08168000000000003E-04
2.03692999999999989E-04
2.26411000000000011E-04
2.08340000000000001E-04
2.26280000000000009E-04
2.13486000000000009E-04
2.07722999999999990E-04
2.27819000000000009E-04
2.13410999999999993E-04
2.39270000000000005E-04
2.08199999999999992E-04
2.21730999999999995E-04
2.32076000000000005E-04
2.09444999999999998E-04
2.37037999999999989E-04
2.09576000000000001E-04
2.08969000000000011E-04
2.36724000000000006E-04
2.18480000000000009E-04
2.29563000000000011E-04
2.09012000000000011E-04
2.08514000000000003E-04
2.31968000000000013E-04
2.08275000000000007E-04
2.27375000000000011E-04
2.07256999999999998E-04
2.09001000000000000E-04
2.65540999999999998E-04
2.08404999999999994E-04
2.37862000000000007E-04
2.13713999999999994E-04
2.35998000000000013E-04
2.08330000000000006E-04
2.08795999999999998E-04
2.26844999999999987E-04
2.10072999999999993E-04
2.30050999999999997E-04
2.14438999999999998E-04
2.08741999999999988E-04
2.26106999999999995E-04
2.12522000000000009E-04
2.31632999999999996E-04
2.09034000000000005E-04
2.06748000000000007E-04
2.11818000000000011E-04
2.08383999999999989E-04
2.40494000000000005E-04
2.21957999999999991E-04
2.11124000000000007E-04
2.10322999999999999E-04
2.08232000000000008E-04
2.40017000000000003E-04
2.07647000000000013E-04
2.11091999999999991E-04
2.09186000000000013E-04
2.14276999999999995E-04
2.36497000000000009E-04
2.15426000000000007E-04
2.08643999999999990E-04
4.64084000000000024E-04
2.34903999999999999E-04
2.11482000000000006E-04
2.13085999999999999E-04
2.12813999999999999E-04
2.23832999999999996E-04
2.28816000000000013E-04
2.18480999999999997E-04
1.60998000000000006E-04
1.61831999999999991E-04
1.73661999999999992E-04
1.58571000000000010E-04
1.78125999999999995E-04
1.58397000000000008E-04
1.57932000000000005E-04
1.57650000000000010E-04
1.58084000000000013E-04
1.58223999999999995E-04
1.57996999999999999E-04
1.58137000000000007E-04
1.57813000000000002E-04
1.58084000000000013E-04
1.58192000000000006E-04
1.59502000000000005E-04
1.62981000000000004E-04
1.58094000000000008E-04
1.75970000000000011E-04
1.58290000000000004E-04
1.58256999999999999E-04
1.91895000000000005E-04
1.57996999999999999E-04
1.57932000000000005E-04
1.71592999999999995E-04
1.58853000000000005E-04
1.58343999999999987E-04
1.58028999999999987E-04
1.58321999999999993E-04
1.57932000000000005E-04
1.58290000000000004E-04
1.75286999999999991E-04
1.57758000000000003E-04
1.57975000000000005E-04
1.58051000000000009E-04
1.58440999999999996E-04
1.58116000000000002E-04
1.58223999999999995E-04
1.58431000000000002E-04
1.58223999999999995E-04
1.57758000000000003E-04
1.57953999999999999E-04
1.57899000000000001E-04
1.58061999999999992E-04
1.75526000000000013E-04
2.10150000000000012E-04
1.58321999999999993E-04
1.57975999999999993E-04
1.62558000000000011E-04
1.58147999999999991E-04
1.58245999999999989E-04
1.77302000000000004E-04
1.58051000000000009E-04
1.57834999999999996E-04
1.57748000000000008E-04
1.57899000000000001E-04
1.57985999999999988E-04
1.75114000000000004E-04
1.58343999999999987E-04
1.58256999999999999E-04
1.58223999999999995E-04
1.58104999999999991E-04
1.57932000000000005E-04
1.58387000000000013E-04
1.58256999999999999E-04
1.58170000000000012E-04
1.58214000000000000E-04
1.57812000000000013E-04
1.57877999999999995E-04
1.57715000000000004E-04
1.65028000000000006E-04
1.75081000000000000E-04
1.58039999999999998E-04
1.58061999999999992E-04
1.57736999999999998E-04
1.57953000000000010E-04
1.57932000000000005E-04
1.57758000000000003E-04
1.57639999999999988E-04
1.71170000000000003E-04
1.57975999999999993E-04
1.58073000000000003E-04
1.58116000000000002E-04
1.57574999999999995E-04
1.72828000000000006E-04
1.60834999999999987E-04
1.57596000000000000E-04
1.57953000000000010E-04
1.57975000000000005E-04
1.57682999999999988E-04
1.58039999999999998E-04
1.57746999999999992E-04
3.99054999999999993E-04
2.19824000000000001E-04
2.08600000000000002E-04
2.14558999999999990E-04
2.06846000000000005E-04
2.04517000000000007E-04
2.05806000000000001E-04
2.08144999999999993E-04
2.08220999999999997E-04
1.58333000000000003E-04
1.58235000000000005E-04
1.71776999999999992E-04
1.57930999999999989E-04
1.58071999999999987E-04
1.58008000000000009E-04
1.58061999999999992E-04
1.57856000000000001E-04
1.58180999999999995E-04
1.57834000000000007E-04
1.58028999999999987E-04
1.57996999999999999E-04
1.75493000000000009E-04
1.58018000000000004E-04
1.57801999999999991E-04
1.68115000000000012E-04
1.57607000000000011E-04
1.57715000000000004E-04
1.57768999999999987E-04
1.58082999999999997E-04
1.57650000000000010E-04
1.57768999999999987E-04
1.57953999999999999E-04
1.57844999999999991E-04
1.58159999999999990E-04
1.58116000000000002E-04
1.74746000000000010E-04
1.58180999999999995E-04
1.58180999999999995E-04
1.58073000000000003E-04
1.57965000000000010E-04
1.57703999999999993E-04
1.57899000000000001E-04
1.58051000000000009E-04
1.57844999999999991E-04
1.57770000000000002E-04
1.58278000000000005E-04
2.51491000000000008E-04
2.08285999999999991E-04
2.70004999999999974E-04
2.12186999999999993E-04
2.13562000000000013E-04
2.12110000000000000E-04
2.13973999999999995E-04
2.15013999999999998E-04
2.15025000000000009E-04
2.12403000000000006E-04
2.36920000000000002E-04
2.30418999999999991E-04
2.12565000000000009E-04
2.13529000000000008E-04
2.11253999999999994E-04
2.13475999999999987E-04
2.12381000000000012E-04
2.12673999999999990E-04
2.13692999999999988E-04
2.13606000000000001E-04
2.49508000000000011E-04
2.13248000000000002E-04
2.12522000000000009E-04
2.11396000000000007E-04
2.12446000000000005E-04
2.15002999999999988E-04
2.15522999999999990E-04
2.11699000000000007E-04
2.14386000000000004E-04
2.12045000000000007E-04
2.35250999999999988E-04
2.10745000000000002E-04
2.36323999999999996E-04
2.12999000000000012E-04
2.12489999999999993E-04
2.13768000000000004E-04
2.11406999999999990E-04
2.12663000000000007E-04
2.22641000000000012E-04
2.10962000000000004E-04
3.42004999999999989E-04
2.16075000000000007E-04
2.13410999999999993E-04
2.11601000000000009E-04
2.13355999999999995E-04
2.07700999999999996E-04
2.09564999999999990E-04
2.14581000000000011E-04
2.11069999999999997E-04
2.11513999999999995E-04
2.36204000000000004E-04
2.12143000000000005E-04
2.31307000000000013E-04
2.11818000000000011E-04
2.11730999999999996E-04
2.14124999999999987E-04
2.28101000000000004E-04
2.13572999999999996E-04
2.13322999999999990E-04
2.33551000000000001E-04
2.13930000000000007E-04
2.13140000000000009E-04
2.12966000000000007E-04
2.12575999999999992E-04
2.12382000000000000E-04
2.12272999999999992E-04
2.11308999999999992E-04
2.11981000000000002E-04
2.12122000000000000E-04
2.14223000000000012E-04
2.34264999999999994E-04
2.09824999999999991E-04
2.11797000000000005E-04
2.10322999999999999E-04
2.71846999999999974E-04
2.13042000000000011E-04
2.30721999999999991E-04
2.10594000000000010E-04
2.03529999999999998E-04
2.27278000000000002E-04
2.09640000000000005E-04
2.09001000000000000E-04
2.09986999999999994E-04
2.12900999999999987E-04
2.14255000000000001E-04
2.11470999999999995E-04
2.07962000000000012E-04
2.10616000000000004E-04
2.11990999999999997E-04
2.30387000000000002E-04
2.19282999999999994E-04
2.12262000000000008E-04
2.11179000000000005E-04
2.23064000000000004E-04
2.12857999999999987E-04
2.11363000000000002E-04
2.14429000000000003E-04
2.13768000000000004E-04
2.12857999999999987E-04
2.03412000000000010E-04
2.27602000000000007E-04
2.19792000000000013E-04
2.09933000000000011E-04
2.07301000000000013E-04
2.11157000000000011E-04
2.09619000000000000E-04
2.06488000000000006E-04
2.06877999999999994E-04
2.09380999999999993E-04
2.07571999999999997E-04
2.29867000000000000E-04
2.18339000000000011E-04
2.17831000000000009E-04
2.17722000000000000E-04
2.09466999999999992E-04
2.09347999999999989E-04
2.08991000000000005E-04
2.12284000000000002E-04
2.11255000000000009E-04
2.15371999999999997E-04
2.30549000000000005E-04
2.11091999999999991E-04
2.15598999999999994E-04
2.08903999999999991E-04
2.11482000000000006E-04
2.35228999999999994E-04
2.43761999999999988E-04
3.40758999999999995E-04
2.08373000000000005E-04
2.23756999999999992E-04
2.07853000000000004E-04
2.07591999999999987E-04
2.73471999999999973E-04
2.73450000000000006E-04
8.05357000000000035E-04
2.09585999999999995E-04
1.80444000000000009E-04
1.58462999999999990E-04
1.58528000000000011E-04
1.58094000000000008E-04
1.58354999999999997E-04
1.58061999999999992E-04
1.58473000000000012E-04
1.77973999999999987E-04
1.58581999999999994E-04
1.57996999999999999E-04
2.35175000000000011E-04
2.84619000000000007E-04
1.78743000000000006E-04
1.58299999999999999E-04
1.58170000000000012E-04
1.77648999999999993E-04
1.71799000000000013E-04
1.58777000000000001E-04
1.58755000000000007E-04
1.76338000000000005E-04
1.58116000000000002E-04
1.58061000000000003E-04
1.58170000000000012E-04
1.57877999999999995E-04
1.80910000000000001E-04
1.82752000000000001E-04
1.94083000000000005E-04
1.59123999999999990E-04
1.58505999999999990E-04
1.58528000000000011E-04
1.58734000000000002E-04
1.58788000000000012E-04
1.76424000000000004E-04
1.58483999999999996E-04
1.97213999999999999E-04
1.58008000000000009E-04
1.58039999999999998E-04
1.58299999999999999E-04
1.58028999999999987E-04
1.58278999999999993E-04
2.69626000000000024E-04
1.63782000000000012E-04
1.57899000000000001E-04
1.58321999999999993E-04
1.58104999999999991E-04
1.76717999999999998E-04
1.58159999999999990E-04
1.57488000000000007E-04
1.57887999999999990E-04
1.58039999999999998E-04
1.71571999999999990E-04
1.58667999999999993E-04
1.58235000000000005E-04
1.58159999999999990E-04
1.57736999999999998E-04
1.57378999999999999E-04
1.57455000000000003E-04
1.57705000000000009E-04
2.70287000000000023E-04
1.60683999999999995E-04
1.57963999999999994E-04
1.57715000000000004E-04
1.57519999999999996E-04
1.57304000000000010E-04
1.57932000000000005E-04
1.57682999999999988E-04
1.57801999999999991E-04
1.58071999999999987E-04
1.57531000000000007E-04
1.58018999999999993E-04
1.58061999999999992E-04
2.62192000000000013E-04
2.26204999999999993E-04
2.07808999999999989E-04
2.09814000000000007E-04
1.83661999999999991E-04
1.85372999999999989E-04
1.72556999999999995E-04
1.94376000000000011E-04
1.95958000000000010E-04
2.16688000000000010E-04
1.72730000000000008E-04
1.62818000000000012E-04
1.58483999999999996E-04
1.69306999999999997E-04
1.58387000000000013E-04
1.58591999999999989E-04
1.57813000000000002E-04
1.58214000000000000E-04
1.58073000000000003E-04
1.58235000000000005E-04
1.58245999999999989E-04
1.58073000000000003E-04
1.90416999999999990E-04
1.58192000000000006E-04
1.58116000000000002E-04
1.57899000000000001E-04
1.58171000000000001E-04
1.58311000000000009E-04
1.57705000000000009E-04
1.58342999999999998E-04
1.58061999999999992E-04
1.58311000000000009E-04
1.58170000000000012E-04
1.68288999999999987E-04
1.76813999999999991E-04
1.58213000000000011E-04
1.58073000000000003E-04
1.76436000000000003E-04
1.58387000000000013E-04
1.58071999999999987E-04
1.58084000000000013E-04
1.57813000000000002E-04
1.58299999999999999E-04
1.58452000000000007E-04
1.58127000000000013E-04
1.58180999999999995E-04
1.58030000000000003E-04
1.75427999999999988E-04
1.58321000000000004E-04
1.58256999999999999E-04
1.58256999999999999E-04
1.58550000000000005E-04
1.58430000000000013E-04
1.58170000000000012E-04
1.58180999999999995E-04
1.57865999999999996E-04
1.58159999999999990E-04
1.77149999999999996E-04
1.88189999999999999E-04
1.87182000000000011E-04
2.28058000000000004E-04
1.89544000000000013E-04
1.58213000000000011E-04
1.58104999999999991E-04
1.58039999999999998E-04
1.57932000000000005E-04
1.57942999999999989E-04
1.58018000000000004E-04
1.57942000000000000E-04
1.58321999999999993E-04
1.57975000000000005E-04
1.58170000000000012E-04
1.58028999999999987E-04
1.67603999999999990E-04
1.46512999999999998E-04
1.45933000000000000E-04
1.79514000000000003E-04
1.46033999999999991E-04
1.45973000000000007E-04
1.46062999999999987E-04
1.45913999999999999E-04
1.46042999999999997E-04
1.45723000000000001E-04
1.45572999999999997E-04
1.45933999999999989E-04
1.45782999999999997E-04
1.45823000000000003E-04
1.45603000000000008E-04
1.62174000000000010E-04
6.24594000000000017E-04
2.27065000000000009E-04
2.01544000000000007E-04
2.02405000000000011E-04
2.02293999999999998E-04
2.02475000000000002E-04
2.18375000000000009E-04
1.45923000000000005E-04
1.46152999999999995E-04
1.46104000000000009E-04
1.46693000000000013E-04
1.46233000000000008E-04
1.46303999999999987E-04
1.46322999999999988E-04
1.46362999999999994E-04
1.46033000000000003E-04
1.46014000000000002E-04
1.45503000000000006E-04
1.45842999999999993E-04
1.46023999999999996E-04
1.61633000000000002E-04
1.46472999999999992E-04
1.56484000000000001E-04
1.46193000000000001E-04
1.45863999999999998E-04
1.61683000000000004E-04
1.57614000000000013E-04
1.46223000000000013E-04
1.45983000000000001E-04
1.46314000000000009E-04
1.45992999999999996E-04
1.46262999999999992E-04
1.46243000000000002E-04
1.61993999999999994E-04
1.45983000000000001E-04
1.45763999999999996E-04
1.45823000000000003E-04
1.45873000000000004E-04
1.45763000000000007E-04
1.50712999999999992E-04
1.45902999999999989E-04
1.46133000000000005E-04
1.46023999999999996E-04
1.45852999999999987E-04
1.45582999999999992E-04
1.45883999999999988E-04
1.45952999999999990E-04
1.87824000000000010E-04
1.45992999999999996E-04
1.45644000000000003E-04
1.46252999999999997E-04
1.45992999999999996E-04
1.45782999999999997E-04
1.46343999999999993E-04
1.45902999999999989E-04
1.46062999999999987E-04
1.46183999999999995E-04
1.45863000000000009E-04
1.45973000000000007E-04
1.45863000000000009E-04
1.61704000000000009E-04
1.46023000000000008E-04
1.46064000000000003E-04
1.62933000000000007E-04
1.46474000000000007E-04
1.46383000000000011E-04
1.46033000000000003E-04
1.46133000000000005E-04
1.46133999999999994E-04
1.45963000000000012E-04
1.45873000000000004E-04
1.46013000000000013E-04
1.52723999999999997E-04
1.60943999999999996E-04
1.46073000000000009E-04
1.45703000000000011E-04
1.45923000000000005E-04
1.45784000000000012E-04
1.46202999999999996E-04
1.45713000000000006E-04
1.45753000000000012E-04
1.45804000000000002E-04
1.45713000000000006E-04
1.45983000000000001E-04
1.45844000000000008E-04
1.45913000000000011E-04
1.46033000000000003E-04
1.60893999999999995E-04
1.45873000000000004E-04
1.45763000000000007E-04
1.45784000000000012E-04
1.46173000000000011E-04
1.45823000000000003E-04
1.45963000000000012E-04
1.45894000000000010E-04
1.46062999999999987E-04
1.45892999999999994E-04
1.52993999999999992E-04
1.45963000000000012E-04
3.20537999999999986E-04
2.19354999999999989E-04
2.00463999999999997E-04
2.00604999999999994E-04
2.00003999999999991E-04
2.01014999999999999E-04
1.98554000000000010E-04
2.01825000000000013E-04
2.34119999999999988E-04
1.91003999999999989E-04
1.91484000000000012E-04
1.90473999999999993E-04
1.95794000000000003E-04
1.90893999999999992E-04
1.90404999999999990E-04
1.90253999999999998E-04
1.99893999999999994E-04
2.15395000000000007E-04
1.94985000000000004E-04
2.14123999999999998E-04
1.95245000000000005E-04
1.95014000000000000E-04
1.99265000000000011E-04
1.93553999999999997E-04
2.19764999999999994E-04
1.89583999999999993E-04
1.89805000000000003E-04
1.74043999999999989E-04
1.46393000000000006E-04
1.46453000000000002E-04
1.46632999999999990E-04
1.46694000000000002E-04
1.58703000000000002E-04
1.46054000000000008E-04
1.45913000000000011E-04
1.63143000000000007E-04
1.45952999999999990E-04
1.61403000000000013E-04
1.45663999999999993E-04
1.45603000000000008E-04
1.45672999999999999E-04
1.45522999999999996E-04
1.45792999999999991E-04
1.45682999999999994E-04
1.45513000000000001E-04
1.45603999999999997E-04
1.45493000000000011E-04
1.45782999999999997E-04
1.60363999999999998E-04
1.46283000000000009E-04
1.46603000000000006E-04
1.46204000000000012E-04
1.46383000000000011E-04
1.45992999999999996E-04
1.46262999999999992E-04
1.46264000000000008E-04
1.46173000000000011E-04
1.46293000000000004E-04
1.45964000000000000E-04
1.46002999999999991E-04
1.46133000000000005E-04
1.45973000000000007E-04
2.15985000000000000E-04
1.46123999999999999E-04
1.45713000000000006E-04
1.46212999999999991E-04
1.46162999999999990E-04
1.46073999999999998E-04
1.62752999999999992E-04
1.46064000000000003E-04
1.46052999999999992E-04
1.45983000000000001E-04
1.46052999999999992E-04
1.46004000000000007E-04
1.45923000000000005E-04
1.60724000000000001E-04
1.45913000000000011E-04
1.45813000000000008E-04
1.45663000000000004E-04
1.45834000000000014E-04
1.46152999999999995E-04
1.46002999999999991E-04
1.46233999999999996E-04
1.45682999999999994E-04
1.45792999999999991E-04
1.45892999999999994E-04
1.52544000000000009E-04
1.46143000000000000E-04
1.61013999999999987E-04
1.46543000000000010E-04
1.46632999999999990E-04
1.46314000000000009E-04
1.46482999999999986E-04
1.46052999999999992E-04
3.16966999999999976E-04
1.77824000000000010E-04
1.80774000000000001E-04
1.86054999999999993E-04
1.81444000000000006E-04
1.60862999999999994E-04
1.48543999999999993E-04
1.48252999999999992E-04
1.48452999999999996E-04
1.60444000000000011E-04
1.45522999999999996E-04
1.61974000000000005E-04
1.46062999999999987E-04
1.45942999999999995E-04
1.53783999999999990E-04
1.45622999999999998E-04
1.45923000000000005E-04
1.45983999999999990E-04
1.45563000000000002E-04
1.49772999999999991E-04
1.52404000000000000E-04
1.62573000000000004E-04
1.45713999999999994E-04
1.45782999999999997E-04
1.61644000000000013E-04
1.45753000000000012E-04
1.45582999999999992E-04
1.45472999999999994E-04
1.45804000000000002E-04
1.45503000000000006E-04
1.45852999999999987E-04
1.45773000000000002E-04
1.45794000000000007E-04
1.45362999999999997E-04
1.45653000000000010E-04
1.45613999999999992E-04
1.45713000000000006E-04
1.45443000000000010E-04
1.61034000000000004E-04
1.72584000000000013E-04
1.45563000000000002E-04
1.45763000000000007E-04
1.45603000000000008E-04
1.45713999999999994E-04
1.45732999999999995E-04
1.45453000000000005E-04
1.57574000000000006E-04
1.45632999999999993E-04
1.45543000000000012E-04
1.45484000000000005E-04
1.45493000000000011E-04
1.61222999999999998E-04
1.45532999999999990E-04
1.45453000000000005E-04
1.45463000000000000E-04
1.45544000000000001E-04
1.45873000000000004E-04
1.45782999999999997E-04
1.45603000000000008E-04
1.45343999999999996E-04
1.45513000000000001E-04
1.45513000000000001E-04
1.45582999999999992E-04
1.45754000000000001E-04
1.74534000000000006E-04
1.45963000000000012E-04
1.50263999999999997E-04
1.66183000000000005E-04
1.45684000000000010E-04
1.45642999999999988E-04
1.45813000000000008E-04
1.45713999999999994E-04
1.45663000000000004E-04
1.45582999999999992E-04
1.45532999999999990E-04
1.45673999999999988E-04
1.45522999999999996E-04
1.45622999999999998E-04
1.80733999999999994E-04
1.45933999999999989E-04
1.45522999999999996E-04
1.45703000000000011E-04
1.45592999999999987E-04
1.45763999999999996E-04
1.45443000000000010E-04
1.45582999999999992E-04
1.45412999999999998E-04
1.45803000000000013E-04
1.69914000000000013E-04
1.48142999999999994E-04
1.45503000000000006E-04
1.61253999999999998E-04
1.45873000000000004E-04
1.45553000000000007E-04
1.45944000000000011E-04
1.45892999999999994E-04
1.45563000000000002E-04
1.45983000000000001E-04
1.45653000000000010E-04
1.45892999999999994E-04
1.46202999999999996E-04
1.45763999999999996E-04
3.50923000000000001E-04
1.62083000000000013E-04
1.84374000000000007E-04
2.28086000000000011E-04
2.12463999999999991E-04
2.34486000000000004E-04
2.34324999999999990E-04
2.37945000000000013E-04
2.04025000000000013E-04
2.02854000000000006E-04
1.58213000000000011E-04
1.67553999999999989E-04
1.85784000000000009E-04
1.79643999999999990E-04
1.82993999999999990E-04
1.77793999999999999E-04
1.46133999999999994E-04
1.82854000000000008E-04
2.24882000000000006E-04
3.16917000000000002E-04
1.97304000000000007E-04
1.66694000000000000E-04
1.45852999999999987E-04
2.01664999999999988E-04
1.55224000000000003E-04
1.50263000000000008E-04
1.49743000000000006E-04
1.87514000000000007E-04
1.62954000000000012E-04
1.94865000000000012E-04
1.89783999999999998E-04
1.89404000000000005E-04
1.87724000000000007E-04
1.91255000000000011E-04
1.88903999999999992E-04
1.91773999999999997E-04
1.89914000000000012E-04
1.93384999999999992E-04
1.95942000000000002E-04
1.61504000000000004E-04
1.54322999999999993E-04
1.47314000000000006E-04
1.75123000000000010E-04
1.59753000000000000E-04
1.65524000000000010E-04
1.64453999999999994E-04
1.46193000000000001E-04
1.46013000000000013E-04
1.58443999999999989E-04
1.45682999999999994E-04
1.45863000000000009E-04
1.65443999999999997E-04
1.82033999999999999E-04
1.85064000000000002E-04
1.82633999999999986E-04
1.79724000000000002E-04
1.90824999999999990E-04
1.80594000000000013E-04
1.91664000000000000E-04
1.90263999999999993E-04
1.87745000000000013E-04
1.87233999999999990E-04
1.46703000000000008E-04
1.46372999999999989E-04
1.76603999999999992E-04
2.20654999999999994E-04
1.92475000000000003E-04
1.94854000000000002E-04
2.30344999999999991E-04
1.92074999999999993E-04
1.91804000000000009E-04
1.92973999999999999E-04
1.72754000000000007E-04
1.86374000000000001E-04
1.78934000000000005E-04
1.54694000000000007E-04
1.50822999999999989E-04
1.52024000000000007E-04
1.49652999999999998E-04
1.62974000000000002E-04
1.72303999999999996E-04
1.75004000000000007E-04
1.71862999999999991E-04
1.62093999999999997E-04
1.18286200000000002E-03
1.95884000000000010E-04
1.97323999999999997E-04
2.02505000000000014E-04
1.95973999999999991E-04
1.91315000000000007E-04
1.96424000000000002E-04
2.30480000000000002E-04
1.92294999999999988E-04
1.91664000000000000E-04
1.91303999999999997E-04
1.91194999999999988E-04
1.91683999999999990E-04
1.92053999999999988E-04
1.52053999999999991E-04
1.49213000000000009E-04
1.50242999999999991E-04
1.62993999999999992E-04
1.66493999999999995E-04
2.00203999999999996E-04
1.46314000000000009E-04
1.77653999999999990E-04
1.93634000000000010E-04
1.95214000000000005E-04
1.94345000000000010E-04
1.96564000000000011E-04
1.45892999999999994E-04
1.45804000000000002E-04
1.66443000000000005E-04
1.64284000000000001E-04
1.53134000000000001E-04
1.45882999999999999E-04
1.51972999999999990E-04
1.57314000000000005E-04
1.46202999999999996E-04
1.57354000000000012E-04
1.56632999999999989E-04
1.46123000000000010E-04
1.46174000000000000E-04
1.45813000000000008E-04
1.46042999999999997E-04
1.79953999999999992E-04
1.67874000000000013E-04
1.46073000000000009E-04
1.69564000000000005E-04
1.61344000000000006E-04
1.88173999999999991E-04
1.83734000000000013E-04
1.77543999999999993E-04
1.96185000000000006E-04
1.91804000000000009E-04
1.91534000000000013E-04
2.22035000000000011E-04
1.91924999999999989E-04
2.05354000000000013E-04
1.96455000000000002E-04
1.90914000000000009E-04
2.00854000000000012E-04
1.94264999999999998E-04
1.93933999999999990E-04
1.94085000000000009E-04
2.21465000000000008E-04
1.91793999999999987E-04
1.92663999999999997E-04
1.91843999999999988E-04
1.91523999999999991E-04
1.91043999999999996E-04
2.01024999999999994E-04
1.89404000000000005E-04
1.92263999999999987E-04
1.84474000000000009E-04
2.17075000000000004E-04
1.64813999999999998E-04
1.45873000000000004E-04
1.51433999999999987E-04
1.52983000000000009E-04
1.70103999999999996E-04
1.70323999999999991E-04
1.82594000000000007E-04
1.58714000000000012E-04
1.71062999999999998E-04
2.65511000000000013E-04
1.90194000000000002E-04
2.14014999999999990E-04
1.88974000000000010E-04
2.13365000000000001E-04
1.94954000000000004E-04
1.92923999999999998E-04
1.92074999999999993E-04
2.25364999999999995E-04
2.15414999999999997E-04
1.94474000000000009E-04
1.98154999999999989E-04
1.94414000000000013E-04
1.95004000000000005E-04
1.97104999999999991E-04
1.93234000000000000E-04
2.15505000000000004E-04
1.93353999999999992E-04
2.05884999999999998E-04
1.97813999999999987E-04
1.93224000000000005E-04
1.97703999999999990E-04
2.00234999999999996E-04
1.96574000000000005E-04
1.92165000000000001E-04
1.87414000000000005E-04
2.03264000000000011E-04
1.96033999999999987E-04
1.93684000000000011E-04
1.97035000000000000E-04
1.99373999999999992E-04
2.00924999999999991E-04
1.91224000000000011E-04
1.94154000000000012E-04
2.00945000000000008E-04
1.97294000000000012E-04
1.98134000000000011E-04
2.06744999999999987E-04
1.94813999999999995E-04
1.97164999999999987E-04
2.08154999999999988E-04
1.98733999999999998E-04
1.93873999999999994E-04
1.94295000000000009E-04
1.97714000000000011E-04
1.93954999999999995E-04
2.17004999999999987E-04
1.92523999999999988E-04
1.88354000000000006E-04
1.89714000000000007E-04
1.84575000000000001E-04
1.84563999999999990E-04
1.84233999999999998E-04
1.84983999999999989E-04
1.96574000000000005E-04
1.88764000000000011E-04
2.06664000000000012E-04
2.11034999999999988E-04
1.91554999999999991E-04
1.96503999999999987E-04
1.93274000000000007E-04
2.06755000000000008E-04
1.95293999999999991E-04
1.93814999999999987E-04
1.97283999999999990E-04
1.90604999999999995E-04
1.92733999999999988E-04
2.12744999999999997E-04
1.92193999999999997E-04
1.98044999999999992E-04
1.91933999999999996E-04
1.91184000000000005E-04
1.97254999999999994E-04
1.93064000000000007E-04
2.07965000000000005E-04
1.91904000000000011E-04
1.92794000000000011E-04
2.16865000000000005E-04
1.92704999999999992E-04
1.94114000000000005E-04
1.96743999999999999E-04
1.93334999999999991E-04
2.15624999999999996E-04
6.08323000000000023E-04
1.93384999999999992E-04
2.54680999999999983E-04
1.89743999999999991E-04
1.96713999999999987E-04
2.18685000000000011E-04
1.94405000000000006E-04
2.02584000000000011E-04
1.89284000000000013E-04
2.20058999999999988E-04
1.90485000000000003E-04
1.51082999999999990E-04
1.45863000000000009E-04
1.46004000000000007E-04
1.46042999999999997E-04
1.46223000000000013E-04
1.45923000000000005E-04
1.45844000000000008E-04
1.45753000000000012E-04
1.45873000000000004E-04
1.46073999999999998E-04
1.81594000000000010E-04
1.85054000000000007E-04
1.93093999999999991E-04
2.13494999999999988E-04
2.02534999999999998E-04
2.03284000000000001E-04
2.02885000000000007E-04
2.08704000000000013E-04
2.03565000000000007E-04
1.66353999999999986E-04
1.63453000000000009E-04
1.45964000000000000E-04
1.45763000000000007E-04
1.46152999999999995E-04
1.45813999999999997E-04
1.45963000000000012E-04
1.46162999999999990E-04
1.46123000000000010E-04
1.45954000000000006E-04
1.45682999999999994E-04
1.45422999999999993E-04
1.45763000000000007E-04
1.45763999999999996E-04
1.61353000000000012E-04
1.45784000000000012E-04
1.45882999999999999E-04
1.45923000000000005E-04
1.45703000000000011E-04
1.45742999999999990E-04
1.46092999999999999E-04
1.45632999999999993E-04
1.95705000000000011E-04
1.97524000000000001E-04
1.96254999999999997E-04
1.98803999999999989E-04
2.25679999999999994E-04
1.45963000000000012E-04
1.45834000000000014E-04
1.45732999999999995E-04
1.46042999999999997E-04
1.45753000000000012E-04
1.45834000000000014E-04
1.45832999999999998E-04
1.45992999999999996E-04
1.45303999999999990E-04
1.45632999999999993E-04
1.45732999999999995E-04
1.62484000000000012E-04
1.46183000000000006E-04
1.45873000000000004E-04
1.46434000000000001E-04
1.45723000000000001E-04
1.45723000000000001E-04
1.45703000000000011E-04
1.72723999999999995E-04
1.45794000000000007E-04
1.45653000000000010E-04
1.45653000000000010E-04
1.45703000000000011E-04
1.45844000000000008E-04
1.61423000000000003E-04
1.45933999999999989E-04
1.45942999999999995E-04
1.45882999999999999E-04
1.79564000000000004E-04
1.85254000000000012E-04
1.84813999999999996E-04
2.02274000000000008E-04
1.85243999999999990E-04
2.07115000000000012E-04
1.85293999999999991E-04
2.20375000000000003E-04
1.96963999999999993E-04
1.96743999999999999E-04
2.02744999999999998E-04
2.00544000000000010E-04
2.06185000000000005E-04
1.90764000000000005E-04
1.93274000000000007E-04
2.42415000000000002E-04
1.90833999999999996E-04
2.02925000000000013E-04
1.87264000000000001E-04
1.86133999999999990E-04
2.02365000000000005E-04
1.86144000000000012E-04
2.00924000000000003E-04
1.86734999999999993E-04
1.85894000000000006E-04
2.02074000000000004E-04
2.03395000000000014E-04
2.04495000000000013E-04
1.85464000000000012E-04
1.86713999999999988E-04
2.19315000000000010E-04
2.07965000000000005E-04
2.03004000000000010E-04
2.01995000000000007E-04
1.85524000000000008E-04
2.08104999999999987E-04
1.89664000000000006E-04
1.90263999999999993E-04
2.05175000000000013E-04
1.88013999999999993E-04
2.11675000000000009E-04
1.90833999999999996E-04
2.06834999999999994E-04
1.91263999999999990E-04
2.53860999999999974E-04
1.97144999999999997E-04
1.89163999999999993E-04
1.95653999999999994E-04
2.13505000000000010E-04
2.10714999999999991E-04
2.00654000000000007E-04
1.97614000000000009E-04
2.16755000000000008E-04
1.94823999999999990E-04
2.09845000000000008E-04
1.96514000000000009E-04
1.97874999999999999E-04
1.97653999999999988E-04
2.01384999999999997E-04
1.96374000000000001E-04
2.12735000000000002E-04
1.94353999999999989E-04
2.13994000000000011E-04
1.96865000000000007E-04
1.94033999999999993E-04
2.12794999999999998E-04
2.03164999999999997E-04
1.89363999999999998E-04
1.85393999999999994E-04
1.61223999999999986E-04
1.46663000000000002E-04
1.46052999999999992E-04
1.45754000000000001E-04
1.61783000000000006E-04
1.46243000000000002E-04
1.59433999999999992E-04
1.46493000000000008E-04
1.45734000000000011E-04
1.45493000000000011E-04
1.45272999999999990E-04
3.72398000000000022E-04
2.02804000000000005E-04
1.85873999999999989E-04
2.09105000000000011E-04
2.04455000000000007E-04
1.86004000000000003E-04
1.96634000000000001E-04
1.95715000000000006E-04
2.02754000000000004E-04
2.13224999999999992E-04
1.94414000000000013E-04
1.94443999999999997E-04
1.95753999999999996E-04
2.09125000000000001E-04
2.27271999999999988E-04
1.93024999999999989E-04
2.05304000000000012E-04
1.92014000000000008E-04
1.92585000000000000E-04
1.91814000000000004E-04
1.91924000000000001E-04
1.91725000000000012E-04
2.36068000000000004E-04
2.19015000000000003E-04
2.12785000000000003E-04
2.01434999999999998E-04
2.02303999999999993E-04
2.02995000000000004E-04
2.02234000000000002E-04
2.28891999999999990E-04
2.04954999999999992E-04
1.91193999999999999E-04
1.91644000000000010E-04
3.57157999999999998E-04
1.85603999999999994E-04
1.82463999999999993E-04
1.92733999999999988E-04
2.37743000000000004E-04
1.93505000000000012E-04
1.94403999999999991E-04
1.95805000000000013E-04
1.93004000000000011E-04
2.01723999999999995E-04
1.93715000000000011E-04
2.22806999999999996E-04
2.83756000000000026E-04
1.94594999999999989E-04
1.56753000000000008E-04
1.45964000000000000E-04
1.45923000000000005E-04
1.62382999999999993E-04
1.76142999999999997E-04
1.90854000000000013E-04
2.17314999999999989E-04
2.02143999999999994E-04
2.01005000000000004E-04
2.01833999999999992E-04
2.05925000000000005E-04
2.70466000000000022E-04
2.16395000000000004E-04
2.17845000000000012E-04
2.20454999999999989E-04
2.02184999999999990E-04
2.01084000000000001E-04
2.01964999999999995E-04
2.18194000000000005E-04
2.02684000000000013E-04
3.05746999999999985E-04
2.02875000000000012E-04
2.06583999999999999E-04
2.02184999999999990E-04
2.53465000000000027E-04
2.01895000000000004E-04
2.01305000000000011E-04
8.55646999999999961E-04
1.96194000000000012E-04
1.92933999999999993E-04
2.06564000000000010E-04
1.95064999999999990E-04
1.91064000000000012E-04
2.06984999999999998E-04
1.94873999999999991E-04
1.92584000000000011E-04
1.92725000000000009E-04
1.92153999999999990E-04
2.08144999999999993E-04
1.93363999999999987E-04
1.91534000000000013E-04
1.93875000000000010E-04
1.95694000000000000E-04
1.93264000000000012E-04
2.13045000000000004E-04
2.00764999999999993E-04
1.95464000000000011E-04
1.46312999999999993E-04
1.46353999999999988E-04
1.62482999999999996E-04
1.46644000000000001E-04
1.46173000000000011E-04
1.65474000000000008E-04
2.02604000000000000E-04
2.02195000000000011E-04
2.47050999999999976E-04
1.91413999999999994E-04
1.91234000000000006E-04
1.92344999999999989E-04
1.91644000000000010E-04
1.90903999999999987E-04
1.91394999999999993E-04
1.91353999999999998E-04
2.05414000000000009E-04
2.11353999999999996E-04
2.02074999999999992E-04
1.91093999999999997E-04
1.91384000000000009E-04
1.63424000000000013E-04
1.46272999999999987E-04
1.45944000000000011E-04
1.46083000000000004E-04
1.45873000000000004E-04
1.60783999999999997E-04
1.46202999999999996E-04
1.45792999999999991E-04
1.67514000000000009E-04
1.45713000000000006E-04
1.45784000000000012E-04
1.45682999999999994E-04
1.45983000000000001E-04
1.45873999999999993E-04
1.45453000000000005E-04
1.55432999999999987E-04
1.50123999999999988E-04
1.46023000000000008E-04
1.46343000000000005E-04
1.45913999999999999E-04
1.45842999999999993E-04
1.74474000000000010E-04
1.45933000000000000E-04
1.45642999999999988E-04
1.56044000000000012E-04
1.58132999999999999E-04
1.55074000000000000E-04
1.61134000000000006E-04
1.45882999999999999E-04
1.45823000000000003E-04
1.45732999999999995E-04
1.45863999999999998E-04
1.45642999999999988E-04
1.45902999999999989E-04
1.63904000000000008E-04
1.53852999999999992E-04
1.52494000000000007E-04
1.46092999999999999E-04
1.45682999999999994E-04
1.45734000000000011E-04
1.75493999999999997E-04
1.45963000000000012E-04
1.45832999999999998E-04
1.45572999999999997E-04
1.45644000000000003E-04
1.85524000000000008E-04
4.53940000000000008E-04
1.91933999999999996E-04
2.05875000000000003E-04
1.91793999999999987E-04
1.91544000000000008E-04
1.91384999999999998E-04
1.91723999999999996E-04
2.05834999999999997E-04
1.91523999999999991E-04
2.11034999999999988E-04
1.91893999999999989E-04
1.64844000000000009E-04
1.45613000000000003E-04
1.46343000000000005E-04
1.45594000000000002E-04
1.45572999999999997E-04
1.46062999999999987E-04
1.46362999999999994E-04
2.18094999999999991E-04
1.97934999999999995E-04
1.96794000000000000E-04
2.18435000000000005E-04
1.97115000000000013E-04
1.98853999999999990E-04
1.95495000000000011E-04
2.16693999999999996E-04
1.98445000000000002E-04
2.02914000000000002E-04
1.91523999999999991E-04
2.03844000000000009E-04
1.91504999999999990E-04
2.22945000000000001E-04
1.92914000000000003E-04
2.02594999999999994E-04
1.92014000000000008E-04
2.03815000000000013E-04
2.03114000000000007E-04
2.05634999999999992E-04
2.04183999999999995E-04
2.05474999999999994E-04
2.09604999999999996E-04
2.05724000000000011E-04
1.94725000000000003E-04
2.04923999999999992E-04
2.07185000000000003E-04
2.05274999999999989E-04
1.94224000000000003E-04
2.03835000000000003E-04
1.91773999999999997E-04
2.01764999999999990E-04
2.27025000000000002E-04
1.99413999999999999E-04
1.96595000000000011E-04
1.98194000000000007E-04
2.32184999999999987E-04
2.04495000000000013E-04
1.96944000000000004E-04
1.97514999999999995E-04
1.97793999999999997E-04
1.96374999999999989E-04
2.18525000000000013E-04
1.97724000000000006E-04
2.13985000000000005E-04
1.96593999999999995E-04
2.20315000000000007E-04
2.01585000000000002E-04
2.00463999999999997E-04
1.94653999999999997E-04
2.06595000000000010E-04
2.28624999999999987E-04
2.03734000000000011E-04
1.93224999999999994E-04
2.12654000000000001E-04
2.09284999999999999E-04
2.02685000000000002E-04
1.95913999999999995E-04
2.04815000000000010E-04
3.38647000000000026E-04
2.23334999999999989E-04
1.90203999999999997E-04
1.82124000000000007E-04
1.89953999999999991E-04
1.94205000000000002E-04
2.38444999999999998E-04
2.46975000000000027E-04
1.53272999999999994E-04
1.61084000000000005E-04
2.26015000000000010E-04
1.97383999999999993E-04
2.06295000000000003E-04
1.95703999999999995E-04
2.12184999999999989E-04
1.97183999999999988E-04
1.96705000000000008E-04
1.96774000000000010E-04
2.14214999999999995E-04
1.94565000000000005E-04
2.18294000000000008E-04
2.13964000000000000E-04
1.96385000000000011E-04
1.98464000000000003E-04
1.96574999999999994E-04
1.96994000000000005E-04
2.26094999999999996E-04
1.96524999999999993E-04
2.03994000000000012E-04
2.14185000000000010E-04
2.67986000000000005E-04
1.96355000000000000E-04
2.12234000000000001E-04
1.96715000000000003E-04
2.14775000000000003E-04
1.97144000000000008E-04
1.97385000000000008E-04
2.01064000000000012E-04
2.10814999999999993E-04
2.20055000000000006E-04
1.96214000000000002E-04
1.97264999999999989E-04
2.13035000000000009E-04
2.13133999999999996E-04
1.94744999999999993E-04
1.96133999999999989E-04
1.95075000000000012E-04
2.17053999999999999E-04
2.27795000000000010E-04
1.96634000000000001E-04
2.10924999999999991E-04
1.96944000000000004E-04
1.95844999999999993E-04
1.91764000000000002E-04
2.05095000000000001E-04
1.92554000000000000E-04
1.90303999999999999E-04
2.10084999999999992E-04
2.21744999999999999E-04
1.91313999999999991E-04
2.05445000000000009E-04
1.88184000000000013E-04
1.92585000000000000E-04
2.05193999999999987E-04
1.88073999999999989E-04
2.11943999999999989E-04
1.97905000000000010E-04
2.10234000000000007E-04
2.09234000000000010E-04
1.88614000000000007E-04
1.92444000000000003E-04
1.87183999999999989E-04
2.02914999999999991E-04
1.92513999999999994E-04
1.89123999999999987E-04
1.88173999999999991E-04
1.93534999999999996E-04
2.16634999999999988E-04
2.31794999999999999E-04
1.96083999999999988E-04
2.01284999999999995E-04
1.59963999999999988E-04
1.84703999999999999E-04
2.09203999999999998E-04
1.57243999999999987E-04
1.81213999999999990E-04
1.71003999999999991E-04
1.95474000000000006E-04
1.93975000000000012E-04
2.12594000000000005E-04
1.93804000000000003E-04
1.95193999999999988E-04
1.93494999999999990E-04
2.10174000000000011E-04
1.92544999999999994E-04
2.01353999999999997E-04
1.91115000000000002E-04
1.85844000000000005E-04
1.91124000000000009E-04
2.25364999999999995E-04
1.96524999999999993E-04
1.97524000000000001E-04
1.97183999999999988E-04
2.07585000000000012E-04
1.91723999999999996E-04
1.98325000000000010E-04
2.06865000000000006E-04
1.95143999999999987E-04
2.08354999999999993E-04
2.10933999999999997E-04
1.98364999999999989E-04
1.87173999999999994E-04
1.89914000000000012E-04
1.90764999999999994E-04
2.07123999999999991E-04
2.00874999999999990E-04
1.89774000000000003E-04
1.86374000000000001E-04
1.88435000000000008E-04
2.10413999999999995E-04
1.86615000000000001E-04
1.90974000000000005E-04
2.14474999999999996E-04
1.92993999999999989E-04
1.93663999999999994E-04
1.99664999999999993E-04
1.95004000000000005E-04
1.87745000000000013E-04
1.86424000000000003E-04
2.05844000000000003E-04
2.06354999999999999E-04
1.98184000000000012E-04
2.11463999999999993E-04
1.97664999999999999E-04
1.99254000000000000E-04
2.01995000000000007E-04
1.98774000000000005E-04
1.98865000000000001E-04
2.30024999999999994E-04
2.14665000000000006E-04
2.13374999999999996E-04
1.94443999999999997E-04
1.92384999999999995E-04
1.92353999999999995E-04
1.96443999999999991E-04
2.16304999999999997E-04
1.90013999999999987E-04
1.96295000000000004E-04
1.99373999999999992E-04
2.08614999999999994E-04
1.98784999999999988E-04
1.93303999999999991E-04
1.95634000000000004E-04
2.12305000000000008E-04
2.01504999999999989E-04
1.99173999999999987E-04
2.11274999999999999E-04
1.99394000000000009E-04
2.25564999999999999E-04
1.99454000000000005E-04
1.99173999999999987E-04
1.97815000000000003E-04
2.11535000000000000E-04
1.94314000000000010E-04
1.96603999999999990E-04
1.95894000000000005E-04
1.96354000000000011E-04
2.00375000000000005E-04
2.15095000000000000E-04
1.90494000000000009E-04
1.99464000000000000E-04
2.07664000000000009E-04
1.96584999999999989E-04
1.98574000000000000E-04
2.01864999999999993E-04
1.98703999999999987E-04
2.07965000000000005E-04
1.98974000000000010E-04
2.15605000000000007E-04
2.17984999999999994E-04
2.42389999999999988E-04
2.02954000000000009E-04
2.02134999999999988E-04
2.02604000000000000E-04
2.02334999999999993E-04
2.02713999999999997E-04
2.02675000000000007E-04
2.02434000000000007E-04
2.05994999999999995E-04
2.37485000000000007E-04
2.02145000000000010E-04
2.02384999999999994E-04
2.01873999999999999E-04
2.02584999999999999E-04
2.11134000000000002E-04
2.02375000000000000E-04
2.01983999999999996E-04
1.99284000000000012E-04
1.62623999999999993E-04
1.46322999999999988E-04
1.59943999999999999E-04
1.46102999999999994E-04
1.45792999999999991E-04
1.57453999999999987E-04
1.45983000000000001E-04
1.46092999999999999E-04
1.45894000000000010E-04
1.46233000000000008E-04
1.46042999999999997E-04
1.46092999999999999E-04
1.45704000000000000E-04
1.45952999999999990E-04
1.61683999999999992E-04
1.46002999999999991E-04
1.46092999999999999E-04
1.67923999999999987E-04
1.66364000000000008E-04
1.86033999999999988E-04
1.46362999999999994E-04
1.66364000000000008E-04
1.99203999999999999E-04
1.93303999999999991E-04
1.94933999999999987E-04
2.35367999999999987E-04
1.97714000000000011E-04
1.93265000000000000E-04
1.89144000000000004E-04
3.51097999999999992E-04
1.93264000000000012E-04
2.94315999999999979E-04
2.19444000000000008E-04
1.98094999999999993E-04
1.12624300000000008E-03
1.90993999999999995E-04
2.17974999999999999E-04
2.07254999999999993E-04
1.89774000000000003E-04
1.90304999999999988E-04
1.91613999999999999E-04
1.92334000000000005E-04
1.95915000000000011E-04
1.92353999999999995E-04
2.33345000000000010E-04
1.91843999999999988E-04
1.98974000000000010E-04
2.37495000000000002E-04
1.91814999999999992E-04
2.02544000000000004E-04
2.32704999999999989E-04
1.90664000000000003E-04
1.93883999999999989E-04
1.94825000000000006E-04
2.00043999999999998E-04
1.95353999999999987E-04
2.17233999999999987E-04
2.02324999999999998E-04
1.89523999999999997E-04
1.98564999999999994E-04
1.89583999999999993E-04
1.93303999999999991E-04
1.91344999999999992E-04
1.91134000000000003E-04
2.13324999999999995E-04
1.91263999999999990E-04
2.12164999999999999E-04
2.00363999999999995E-04
1.95954999999999990E-04
1.97863999999999988E-04
1.90304999999999988E-04
1.86553999999999990E-04
1.89733999999999996E-04
1.90153999999999996E-04
1.99344999999999996E-04
1.92243999999999998E-04
2.12744999999999997E-04
1.91003999999999989E-04
1.91384999999999998E-04
1.91583999999999987E-04
1.91084000000000002E-04
1.87133999999999987E-04
1.87335000000000008E-04
1.90714000000000004E-04
2.24679999999999997E-04
1.94994999999999999E-04
1.93234000000000000E-04
2.46955999999999998E-04
1.94233999999999997E-04
1.46102999999999994E-04
1.46164000000000005E-04
1.59003000000000009E-04
1.46574000000000010E-04
1.46193000000000001E-04
1.81843999999999989E-04
1.46422999999999990E-04
1.46262999999999992E-04
1.46403999999999989E-04
1.45973000000000007E-04
1.46202999999999996E-04
1.46613999999999989E-04
1.46503000000000003E-04
1.46023000000000008E-04
1.46083000000000004E-04
1.46484000000000002E-04
1.47553000000000002E-04
1.63663999999999997E-04
2.04083999999999993E-04
1.74983999999999990E-04
1.87643999999999994E-04
1.88824000000000007E-04
1.88213999999999997E-04
1.91814000000000004E-04
1.64014000000000005E-04
3.87527999999999994E-04
1.95834000000000009E-04
1.88814000000000012E-04
1.66524000000000007E-04
1.46422999999999990E-04
1.50163999999999994E-04
1.46102999999999994E-04
1.55042999999999999E-04
1.56794000000000003E-04
2.12014999999999995E-04
1.89333999999999987E-04
2.45095000000000024E-04
2.22654999999999988E-04
2.45655000000000005E-04
2.37936000000000007E-04
2.13264000000000010E-04
2.01945000000000005E-04
2.54845999999999979E-04
2.54914999999999981E-04
2.95675999999999979E-04
2.94177000000000013E-04
3.24086999999999975E-04
3.01456999999999984E-04
3.07167000000000009E-04
3.12966999999999987E-04
2.79276000000000014E-04
2.90136999999999990E-04
2.96856999999999980E-04
2.93006000000000006E-04
2.89177000000000000E-04
2.57854999999999977E-04
1.98853999999999990E-04
2.14705000000000012E-04
1.99874999999999993E-04
1.99774000000000002E-04
1.98404000000000007E-04
2.00134000000000005E-04
2.40609999999999988E-04
1.85195000000000005E-04
2.44550000000000008E-04
2.00795000000000005E-04
1.96214000000000002E-04
1.99294999999999995E-04
1.95224000000000000E-04
2.25295000000000004E-04
2.32324999999999996E-04
1.84754000000000000E-04
1.84754000000000000E-04
1.84293999999999994E-04
1.84083999999999995E-04
1.83933999999999991E-04
1.83303999999999992E-04
2.22422000000000006E-04
2.09514000000000000E-04
5.16531999999999994E-04
1.99593999999999987E-04
1.98655000000000001E-04
1.99924000000000006E-04
1.97485000000000011E-04
2.19934999999999987E-04
2.06583999999999999E-04
1.98734999999999987E-04
1.94283999999999999E-04
1.95684999999999994E-04
2.13353999999999990E-04
1.99394000000000009E-04
1.99034000000000006E-04
1.99373999999999992E-04
8.90190000000000013E-04
2.91026000000000002E-04
2.68809000000000008E-04
2.83367000000000026E-04
1.86753999999999994E-04
1.94983999999999988E-04
2.03234999999999988E-04
1.91244000000000001E-04
1.98044999999999992E-04
1.93214000000000011E-04
2.25345000000000005E-04
2.01365000000000008E-04
1.93164000000000009E-04
1.92833999999999990E-04
1.90723999999999999E-04
1.90144000000000001E-04
1.91244000000000001E-04
1.92604999999999990E-04
1.91143999999999998E-04
2.18144999999999993E-04
1.91024000000000006E-04
1.97715000000000000E-04
2.11064000000000011E-04
1.96903999999999997E-04
2.12804999999999993E-04
1.97314000000000002E-04
1.97674999999999994E-04
1.98154000000000000E-04
1.95143999999999987E-04
2.13575000000000001E-04
1.96225000000000013E-04
2.02004000000000013E-04
1.97335000000000007E-04
1.98493999999999987E-04
1.98955000000000009E-04
1.93684000000000011E-04
1.90953999999999988E-04
1.92494999999999993E-04
1.90363999999999995E-04
2.09325000000000006E-04
1.90673999999999998E-04
1.95624000000000009E-04
1.91745000000000001E-04
2.08313999999999998E-04
1.89934000000000001E-04
1.93584000000000009E-04
1.94424999999999996E-04
1.94463999999999987E-04
2.11845000000000002E-04
2.08445000000000001E-04
1.93324000000000008E-04
2.15095000000000000E-04
1.88524000000000000E-04
1.95324000000000002E-04
1.95335000000000013E-04
1.95393999999999993E-04
1.95944999999999995E-04
2.01833999999999992E-04
1.98065000000000009E-04
2.16834000000000005E-04
1.97734000000000001E-04
2.09055000000000010E-04
1.96004000000000002E-04
1.97485000000000011E-04
1.98394000000000012E-04
1.98984000000000004E-04
1.98235000000000002E-04
1.89704000000000012E-04
1.94844999999999995E-04
2.16004000000000001E-04
1.94374999999999995E-04
1.99113999999999991E-04
1.95495000000000011E-04
1.39483599999999999E-03
3.46517999999999978E-04
1.88683999999999998E-04
2.01315000000000006E-04
1.94124000000000000E-04
2.29614999999999989E-04
2.28664999999999993E-04
1.88075000000000004E-04
1.90633999999999991E-04
1.72024000000000005E-04
1.72043999999999995E-04
2.20969999999999993E-04
1.92704000000000004E-04
1.94813999999999995E-04
1.92585000000000000E-04
1.93124000000000003E-04
1.92613999999999996E-04
1.93234999999999989E-04
2.32694999999999994E-04
2.10375000000000004E-04
1.89793999999999992E-04
2.52931000000000022E-04
1.91893999999999989E-04
1.92644000000000008E-04
1.92205000000000007E-04
1.91633999999999988E-04
1.90473999999999993E-04
1.92093999999999994E-04
1.91845000000000004E-04
1.92064000000000010E-04
1.88963999999999989E-04
2.10215000000000006E-04
2.02505000000000014E-04
1.79184000000000011E-04
1.67273999999999998E-04
1.45782999999999997E-04
1.86643999999999997E-04
2.08475000000000012E-04
1.47982999999999996E-04
1.64923999999999995E-04
1.67023999999999992E-04
1.46102999999999994E-04
1.46143000000000000E-04
1.89774000000000003E-04
2.03605000000000013E-04
2.04135000000000010E-04
2.04773999999999988E-04
2.04994999999999998E-04
2.05104000000000007E-04
2.04334999999999988E-04
2.03825000000000008E-04
2.04254000000000013E-04
2.05214999999999993E-04
2.23069999999999990E-04
1.46102999999999994E-04
1.45994000000000012E-04
1.45863000000000009E-04
1.87254000000000007E-04
1.83584000000000010E-04
1.55624000000000013E-04
1.91754000000000008E-04
1.95994999999999996E-04
1.97504000000000012E-04
2.43269999999999993E-04
1.97075000000000006E-04
1.96374000000000001E-04
1.96445000000000007E-04
1.96333999999999994E-04
1.96094999999999999E-04
1.96304000000000010E-04
1.96254000000000009E-04
1.96405000000000001E-04
2.13515000000000005E-04
1.94463999999999987E-04
3.87813999999999997E-04
2.17805000000000006E-04
2.25865000000000007E-04
2.10065000000000002E-04
1.87104000000000003E-04
2.08984000000000004E-04
1.89544000000000013E-04
2.11704999999999993E-04
1.90124000000000011E-04
1.93503999999999996E-04
1.87034000000000012E-04
1.83155000000000004E-04
1.51652999999999993E-04
1.48242999999999997E-04
1.48504000000000013E-04
1.59373000000000007E-04
1.53634000000000013E-04
1.66212999999999989E-04
1.60003000000000006E-04
2.09015000000000004E-04
1.68474000000000000E-04
1.90654000000000008E-04
1.93794000000000008E-04
1.97065000000000011E-04
1.97223999999999994E-04
1.97094999999999996E-04
1.96724000000000009E-04
1.97194999999999998E-04
1.97023999999999989E-04
2.19330000000000002E-04
1.81064000000000013E-04
1.79204000000000001E-04
1.80433999999999987E-04
1.74524000000000012E-04
1.83403999999999994E-04
1.59783000000000012E-04
1.50554000000000009E-04
2.01773999999999996E-04
1.96164999999999990E-04
2.07454999999999998E-04
2.10774999999999987E-04
2.02553999999999999E-04
2.02215000000000001E-04
2.02673999999999991E-04
2.02754999999999993E-04
2.06295000000000003E-04
2.20194999999999988E-04
2.07044000000000005E-04
2.32866000000000003E-04
2.16853999999999994E-04
2.02014000000000008E-04
2.01825000000000013E-04
2.02253999999999992E-04
2.01625000000000008E-04
2.01924000000000000E-04
2.00864999999999995E-04
1.94143999999999990E-04
2.03135000000000013E-04
2.14035000000000006E-04
2.01833999999999992E-04
1.96834999999999995E-04
1.93844000000000010E-04
1.93353999999999992E-04
1.97505000000000000E-04
1.94303999999999988E-04
1.94763999999999994E-04
1.97633999999999999E-04
1.97913999999999989E-04
2.14994999999999997E-04
1.94355000000000005E-04
1.94393999999999996E-04
1.94274000000000004E-04
1.97085000000000001E-04
2.02243999999999997E-04
1.97395000000000003E-04
1.93234000000000000E-04
2.02594999999999994E-04
2.14414000000000011E-04
8.86474000000000051E-04
1.94474999999999997E-04
2.20015000000000000E-04
1.93234000000000000E-04
2.67205999999999976E-04
1.69864000000000012E-04
1.46013000000000013E-04
1.77803999999999994E-04
1.90124000000000011E-04
1.90065000000000004E-04
1.96044000000000009E-04
1.94954999999999993E-04
2.04983999999999988E-04
2.12875000000000011E-04
2.03264999999999999E-04
2.36579999999999988E-04
1.91625000000000009E-04
1.93193999999999994E-04
1.91213999999999989E-04
1.92263999999999987E-04
1.89514000000000002E-04
1.91053999999999991E-04
1.95744000000000002E-04
1.93804999999999992E-04
2.18015000000000006E-04
1.99984000000000002E-04
1.95465000000000000E-04
2.13723999999999989E-04
2.00953999999999987E-04
2.00625000000000011E-04
1.90743999999999988E-04
1.99094000000000002E-04
1.85894999999999995E-04
1.91833999999999993E-04
2.10625000000000010E-04
1.96674000000000008E-04
1.90463999999999998E-04
1.88924999999999998E-04
1.86913999999999993E-04
2.11024999999999993E-04
1.92584000000000011E-04
1.93093999999999991E-04
1.91394999999999993E-04
1.95464000000000011E-04
2.15324999999999989E-04
1.98383999999999990E-04
1.49123999999999991E-04
1.46062999999999987E-04
1.50602999999999994E-04
1.45923999999999994E-04
1.45942999999999995E-04
1.56343000000000004E-04
1.45883999999999988E-04
1.45892999999999994E-04
1.46372999999999989E-04
1.46033999999999991E-04
1.46482999999999986E-04
1.61652999999999992E-04
1.57693999999999998E-04
1.46493000000000008E-04
1.46014000000000002E-04
1.45942999999999995E-04
1.45682999999999994E-04
1.45992999999999996E-04
1.45894000000000010E-04
1.45992999999999996E-04
1.45663000000000004E-04
1.46133999999999994E-04
1.45933000000000000E-04
1.45632999999999993E-04
1.45613000000000003E-04
1.61774000000000000E-04
1.46503000000000003E-04
1.46353999999999988E-04
1.46302999999999998E-04
1.45763000000000007E-04
1.73353999999999994E-04
1.46383000000000011E-04
1.46083999999999993E-04
1.45753000000000012E-04
1.46013000000000013E-04
1.46212999999999991E-04
1.46204000000000012E-04
1.45842999999999993E-04
1.74054000000000011E-04
1.94863999999999996E-04
1.89855000000000004E-04
1.92074000000000004E-04
1.90454000000000003E-04
1.91144999999999987E-04
1.91143999999999998E-04
1.89173999999999988E-04
1.90893999999999992E-04
2.15324999999999989E-04
2.26624999999999993E-04
1.48614000000000011E-04
1.65133000000000006E-04
1.69774000000000005E-04
1.46014000000000002E-04
1.58903000000000006E-04
1.92374000000000012E-04
1.92093999999999994E-04
1.96784000000000005E-04
1.97225000000000010E-04
2.34706999999999987E-04
2.58385999999999989E-04
6.11232999999999980E-04
2.37755999999999992E-04
1.91874000000000000E-04
1.95715000000000006E-04
2.30568000000000006E-04
1.91974000000000002E-04
1.92174000000000007E-04
1.99225000000000004E-04
1.91124000000000009E-04
1.91633999999999988E-04
1.91613999999999999E-04
1.92234000000000003E-04
1.91303999999999997E-04
2.09755000000000000E-04
1.92083999999999999E-04
1.91465000000000011E-04
2.04314000000000009E-04
2.09175000000000002E-04
1.91024000000000006E-04
1.91155000000000009E-04
1.91473999999999990E-04
1.91463999999999995E-04
1.92465000000000008E-04
2.07734000000000000E-04
1.91804999999999997E-04
1.91124000000000009E-04
2.23135000000000011E-04
1.92344000000000000E-04
1.90984999999999988E-04
1.91783999999999992E-04
1.91723999999999996E-04
1.91995000000000007E-04
1.92124000000000006E-04
2.07624000000000003E-04
1.91174000000000010E-04
1.90993999999999995E-04
1.90943999999999993E-04
1.91625000000000009E-04
1.91153999999999993E-04
1.91554000000000003E-04
2.04455000000000007E-04
1.91664000000000000E-04
1.92425000000000002E-04
1.91814000000000004E-04
2.08745000000000008E-04
1.99714000000000006E-04
1.91573999999999992E-04
1.92425000000000002E-04
1.91034000000000001E-04
1.91213999999999989E-04
1.91764999999999991E-04
1.91394000000000004E-04
1.92544000000000005E-04
1.91783999999999992E-04
2.07974000000000012E-04
1.91835000000000009E-04
1.91783999999999992E-04
1.92344000000000000E-04
1.91633999999999988E-04
1.91635000000000004E-04
1.91843999999999988E-04
1.91384000000000009E-04
1.92635000000000001E-04
2.10874000000000001E-04
2.16114999999999987E-04
1.92195000000000012E-04
1.91974000000000002E-04
1.92043999999999993E-04
1.91354999999999986E-04
1.91303999999999997E-04
1.67953999999999998E-04
1.57903000000000009E-04
1.61743999999999988E-04
1.50853000000000001E-04
1.71533999999999988E-04
2.03665000000000009E-04
1.80623999999999997E-04
1.80864000000000008E-04
1.84193999999999992E-04
1.62904000000000011E-04
1.45713000000000006E-04
1.45703000000000011E-04
1.45563000000000002E-04
1.45054000000000011E-04
1.45823000000000003E-04
1.64424000000000010E-04
1.45692999999999989E-04
1.95464000000000011E-04
1.53494000000000005E-04
1.45742999999999990E-04
1.57493999999999993E-04
1.46033000000000003E-04
1.45582999999999992E-04
1.45963000000000012E-04
1.45944000000000011E-04
1.45913000000000011E-04
1.62093999999999997E-04
1.45692999999999989E-04
1.45723000000000001E-04
1.66094000000000013E-04
2.03324999999999996E-04
1.81743999999999987E-04
1.47583000000000013E-04
1.46173000000000011E-04
1.46384000000000000E-04
1.46212999999999991E-04
1.46243000000000002E-04
1.46183000000000006E-04
1.63723999999999993E-04
1.82993999999999990E-04
1.45534000000000006E-04
1.46062999999999987E-04
1.45713000000000006E-04
1.61714000000000004E-04
1.46013000000000013E-04
1.46183000000000006E-04
1.45944000000000011E-04
1.46333000000000010E-04
1.45923000000000005E-04
1.46123000000000010E-04
1.45754000000000001E-04
1.57393000000000002E-04
1.46343999999999993E-04
1.46193000000000001E-04
1.45603000000000008E-04
1.45642999999999988E-04
1.46044000000000013E-04
1.60633000000000005E-04
1.45713999999999994E-04
1.45622999999999998E-04
1.45692999999999989E-04
1.45362999999999997E-04
1.61673999999999997E-04
1.91733999999999991E-04
1.45574000000000013E-04
1.45553000000000007E-04
1.45603000000000008E-04
1.45543000000000012E-04
1.45594000000000002E-04
1.45692999999999989E-04
1.61354000000000000E-04
1.45622999999999998E-04
1.45472999999999994E-04
1.45773000000000002E-04
1.45694000000000005E-04
1.46002999999999991E-04
1.45902999999999989E-04
1.45672999999999999E-04
1.45804000000000002E-04
1.45902999999999989E-04
1.46002999999999991E-04
1.46104000000000009E-04
1.57433000000000009E-04
1.60554000000000008E-04
1.45572999999999997E-04
1.45773000000000002E-04
1.93794999999999997E-04
2.23925000000000008E-04
1.92413999999999991E-04
1.95605000000000008E-04
1.92403999999999996E-04
1.93324000000000008E-04
1.99755000000000001E-04
1.95653999999999994E-04
2.17944999999999988E-04
1.94355000000000005E-04
1.93723999999999990E-04
1.94264000000000009E-04
1.94655000000000012E-04
1.96634000000000001E-04
1.94915000000000013E-04
1.95383999999999998E-04
1.95503999999999990E-04
1.95634999999999993E-04
2.19945000000000009E-04
2.04353999999999989E-04
2.15744999999999988E-04
1.95705000000000011E-04
1.96934000000000009E-04
1.97664000000000010E-04
1.93825000000000009E-04
1.96824000000000012E-04
1.94844999999999995E-04
1.95694000000000000E-04
2.19654999999999997E-04
1.97853999999999993E-04
1.99325000000000007E-04
1.95543999999999997E-04
2.15414999999999997E-04
1.95584999999999992E-04
1.95973999999999991E-04
1.96144000000000011E-04
1.94734999999999998E-04
1.96753999999999994E-04
2.28905000000000005E-04
1.95355000000000002E-04
1.96233999999999992E-04
1.95734999999999995E-04
1.96173999999999996E-04
1.95913999999999995E-04
2.11613999999999997E-04
1.94605000000000011E-04
1.95753999999999996E-04
1.95543999999999997E-04
2.21184999999999991E-04
1.95324999999999991E-04
1.94524000000000010E-04
1.94305000000000004E-04
1.94663999999999992E-04
1.95503999999999990E-04
1.95154999999999998E-04
1.95524000000000007E-04
2.34515000000000000E-04
2.16144000000000010E-04
2.01105000000000007E-04
1.95853999999999999E-04
1.95355000000000002E-04
1.96564000000000011E-04
1.93444999999999988E-04
1.88963999999999989E-04
1.89824000000000004E-04
1.92484000000000009E-04
2.12274999999999996E-04
2.15615000000000002E-04
2.00914999999999997E-04
1.96354000000000011E-04
1.95703999999999995E-04
1.97115000000000013E-04
1.94674000000000013E-04
1.96035000000000003E-04
2.28485000000000005E-04
2.42575000000000001E-04
1.68664000000000010E-04
1.46372999999999989E-04
1.46083999999999993E-04
1.46193000000000001E-04
1.45992999999999996E-04
1.46333999999999999E-04
1.66052999999999991E-04
1.51984000000000000E-04
1.46183000000000006E-04
1.46002999999999991E-04
1.63694000000000009E-04
1.46073000000000009E-04
1.60554000000000008E-04
1.50953000000000003E-04
1.45804000000000002E-04
1.46143000000000000E-04
1.45992999999999996E-04
1.59003999999999998E-04
1.45952999999999990E-04
1.46013000000000013E-04
1.45883999999999988E-04
1.46343000000000005E-04
1.77524000000000003E-04
1.62704000000000006E-04
1.46243000000000002E-04
1.46193000000000001E-04
1.50232999999999996E-04
1.45883999999999988E-04
1.46162999999999990E-04
1.46183000000000006E-04
1.46224000000000001E-04
1.46033000000000003E-04
1.46042999999999997E-04
1.53893999999999987E-04
1.47603000000000003E-04
1.62954000000000012E-04
1.62702999999999990E-04
1.46274000000000003E-04
1.46493000000000008E-04
1.46173000000000011E-04
1.46372999999999989E-04
1.46393999999999995E-04
1.46293000000000004E-04
1.46262999999999992E-04
1.46264000000000008E-04
1.46173000000000011E-04
1.52683000000000002E-04
1.46314000000000009E-04
1.49383000000000003E-04
1.61273999999999988E-04
1.64272999999999991E-04
1.46214000000000007E-04
1.46472999999999992E-04
1.46002999999999991E-04
1.46013000000000013E-04
1.45813999999999997E-04
1.46262999999999992E-04
1.46112999999999988E-04
1.50404000000000005E-04
1.46162999999999990E-04
1.46152999999999995E-04
1.46073000000000009E-04
1.45963000000000012E-04
1.61043000000000010E-04
1.45863999999999998E-04
1.46062999999999987E-04
1.46002999999999991E-04
1.45804000000000002E-04
1.45992999999999996E-04
1.46052999999999992E-04
1.46133000000000005E-04
1.75353999999999988E-04
1.46254000000000013E-04
1.46183000000000006E-04
1.46233000000000008E-04
1.46123000000000010E-04
1.61933999999999998E-04
1.46243000000000002E-04
1.46083999999999993E-04
1.45902999999999989E-04
1.45992999999999996E-04
1.57894000000000003E-04
1.46112999999999988E-04
1.46322999999999988E-04
1.46064000000000003E-04
1.46433000000000012E-04
1.45632999999999993E-04
1.45672999999999999E-04
1.46393999999999995E-04
1.45913000000000011E-04
1.62714000000000001E-04
1.46553000000000004E-04
1.45992999999999996E-04
1.46143999999999989E-04
1.46653000000000007E-04
1.46472999999999992E-04
1.52274000000000013E-04
1.46422999999999990E-04
1.46753000000000009E-04
2.89316999999999981E-04
1.87984000000000008E-04
1.87073999999999991E-04
1.86794000000000001E-04
1.86674000000000009E-04
1.85753999999999997E-04
1.87393999999999988E-04
1.87674000000000006E-04
2.02355000000000010E-04
1.64133999999999998E-04
1.46133000000000005E-04
1.45913999999999999E-04
1.45603000000000008E-04
1.45592999999999987E-04
1.45773000000000002E-04
1.45773999999999990E-04
1.46312999999999993E-04
1.45892999999999994E-04
1.54253999999999991E-04
1.45863000000000009E-04
1.62203999999999994E-04
1.46173000000000011E-04
1.45803000000000013E-04
1.45753000000000012E-04
1.45992999999999996E-04
1.46033000000000003E-04
1.45963000000000012E-04
1.46083999999999993E-04
1.45892999999999994E-04
1.46123000000000010E-04
1.45642999999999988E-04
1.45813999999999997E-04
1.45443000000000010E-04
1.45713000000000006E-04
1.76283999999999995E-04
1.45443000000000010E-04
1.45484000000000005E-04
1.45553000000000007E-04
1.45753000000000012E-04
1.45524000000000011E-04
1.45902999999999989E-04
1.45672999999999999E-04
1.45632999999999993E-04
1.51693999999999988E-04
1.57472999999999988E-04
1.45653999999999998E-04
1.45632999999999993E-04
1.61203000000000008E-04
1.46472999999999992E-04
1.94154000000000012E-04
1.89853999999999988E-04
1.67023999999999992E-04
1.45773999999999990E-04
1.46233000000000008E-04
1.46083000000000004E-04
1.45642999999999988E-04
1.46064000000000003E-04
1.45792999999999991E-04
1.45553000000000007E-04
1.45622999999999998E-04
1.63363999999999990E-04
1.45613000000000003E-04
1.45594000000000002E-04
1.45202999999999999E-04
1.45732999999999995E-04
1.45443000000000010E-04
1.45954000000000006E-04
1.52523000000000003E-04
1.45453000000000005E-04
1.45944000000000011E-04
1.45942999999999995E-04
1.45493000000000011E-04
1.45892999999999994E-04
1.60883000000000011E-04
1.45732999999999995E-04
1.63424000000000013E-04
1.45923000000000005E-04
1.45954000000000006E-04
1.45503000000000006E-04
1.45942999999999995E-04
1.45653000000000010E-04
1.45544000000000001E-04
1.46023000000000008E-04
1.45632999999999993E-04
1.45644000000000003E-04
1.45152999999999998E-04
1.45493000000000011E-04
1.61153999999999996E-04
1.45603000000000008E-04
1.45613000000000003E-04
1.45503999999999995E-04
1.45672999999999999E-04
1.51192999999999987E-04
1.45522999999999996E-04
1.49054000000000000E-04
1.57832999999999991E-04
1.45773999999999990E-04
1.45253000000000000E-04
1.45992999999999996E-04
1.45572999999999997E-04
2.92591999999999993E-04
2.21935000000000009E-04
2.17025000000000003E-04
1.94723999999999988E-04
2.42491000000000006E-04
1.98585000000000010E-04
1.51652999999999993E-04
1.99244999999999994E-04
2.23655000000000013E-04
2.02313999999999988E-04
2.02644999999999995E-04
2.11825000000000012E-04
2.01654000000000004E-04
2.02444999999999990E-04
2.02074000000000004E-04
1.90914000000000009E-04
1.46362999999999994E-04
1.96454000000000013E-04
1.46112999999999988E-04
1.72704000000000005E-04
1.45973999999999995E-04
1.45992999999999996E-04
1.49903000000000005E-04
1.45763999999999996E-04
1.45892999999999994E-04
1.45803000000000013E-04
1.45933000000000000E-04
1.62324000000000013E-04
1.45863000000000009E-04
1.52034000000000002E-04
1.45813000000000008E-04
1.45963000000000012E-04
1.61974000000000005E-04
1.52103000000000004E-04
2.06765000000000003E-04
1.87013999999999995E-04
1.87104000000000003E-04
1.87934999999999996E-04
1.87803999999999993E-04
1.87974000000000013E-04
1.88263999999999999E-04
1.87665000000000000E-04
2.02823999999999995E-04
2.31160000000000003E-04
2.03954999999999995E-04
2.00194000000000001E-04
1.97874999999999999E-04
2.02284000000000003E-04
1.97655000000000004E-04
1.45823000000000003E-04
1.45753000000000012E-04
1.45844000000000008E-04
1.66462999999999995E-04
1.55054000000000010E-04
1.57462999999999993E-04
1.49504000000000011E-04
1.45873000000000004E-04
1.45873000000000004E-04
1.45623999999999987E-04
1.45532999999999990E-04
1.45782999999999997E-04
1.45803000000000013E-04
1.45854000000000003E-04
1.45613000000000003E-04
1.46023000000000008E-04
1.61984000000000000E-04
1.45873000000000004E-04
1.45563000000000002E-04
1.45324000000000007E-04
1.51253000000000010E-04
1.50912999999999997E-04
1.45834000000000014E-04
1.45773000000000002E-04
1.45422999999999993E-04
1.45704000000000000E-04
1.86844000000000002E-04
1.61502999999999988E-04
1.46104000000000009E-04
1.69232999999999997E-04
1.45933000000000000E-04
1.45432999999999988E-04
1.45913000000000011E-04
1.46023999999999996E-04
1.45642999999999988E-04
1.45522999999999996E-04
1.45882999999999999E-04
1.45443999999999999E-04
1.45193000000000004E-04
1.45692999999999989E-04
1.45663000000000004E-04
1.45713999999999994E-04
1.45803000000000013E-04
6.83899999999999981E-04
4.18509999999999976E-04
1.57593999999999996E-04
1.54833000000000000E-04
1.48242999999999997E-04
1.56944000000000007E-04
1.66493999999999995E-04
1.61103000000000006E-04
1.48634000000000000E-04
1.46572999999999994E-04
1.46433000000000012E-04
1.46484000000000002E-04
1.46133000000000005E-04
1.46233000000000008E-04
1.46512999999999998E-04
1.45944000000000011E-04
1.46293000000000004E-04
1.46083000000000004E-04
1.45663000000000004E-04
1.46023999999999996E-04
1.62222999999999995E-04
1.46174000000000000E-04
1.45892999999999994E-04
1.57643999999999997E-04
2.27044999999999992E-04
2.04723999999999987E-04
1.71783999999999994E-04
1.45942999999999995E-04
1.45694000000000005E-04
1.52912999999999991E-04
1.45663000000000004E-04
1.45264000000000011E-04
1.62033000000000012E-04
1.60354000000000003E-04
1.45983000000000001E-04
1.45944000000000011E-04
1.46462999999999997E-04
1.46193000000000001E-04
1.45723000000000001E-04
1.60034000000000006E-04
1.46023000000000008E-04
1.45813999999999997E-04
1.45713000000000006E-04
1.45642999999999988E-04
1.60134000000000009E-04
1.61222999999999998E-04
1.46023999999999996E-04
1.45603000000000008E-04
1.45963000000000012E-04
1.60544000000000013E-04
1.45563000000000002E-04
1.45882999999999999E-04
1.45403999999999992E-04
1.74224000000000004E-04
1.61053000000000005E-04
1.45913999999999999E-04
1.45622999999999998E-04
1.45692999999999989E-04
1.61523999999999994E-04
1.60552999999999992E-04
1.45663999999999993E-04
1.46293000000000004E-04
1.45682999999999994E-04
1.45933000000000000E-04
1.58063999999999996E-04
1.47102999999999991E-04
1.45353999999999991E-04
1.45813000000000008E-04
1.45632999999999993E-04
1.48903000000000007E-04
1.57302999999999995E-04
1.59693999999999993E-04
1.54212999999999995E-04
1.45713999999999994E-04
1.45873000000000004E-04
1.46002999999999991E-04
1.60074000000000013E-04
1.75863999999999995E-04
1.45522999999999996E-04
1.45642999999999988E-04
1.45463999999999988E-04
1.45592999999999987E-04
1.59693999999999993E-04
1.63472999999999998E-04
1.45653999999999998E-04
1.45443000000000010E-04
1.45622999999999998E-04
1.45692999999999989E-04
1.45863999999999998E-04
1.59292999999999994E-04
1.45653000000000010E-04
1.45522999999999996E-04
1.45753000000000012E-04
1.45603000000000008E-04
1.45933999999999989E-04
1.59552999999999995E-04
1.72163999999999987E-04
2.39544999999999998E-04
1.96963999999999993E-04
1.93584000000000009E-04
2.02324999999999998E-04
1.89914000000000012E-04
2.32835000000000003E-04
1.89705000000000001E-04
1.90034000000000004E-04
2.27180000000000003E-04
1.92544999999999994E-04
1.92164000000000012E-04
1.91933999999999996E-04
1.92885000000000007E-04
2.05603999999999992E-04
1.91864000000000005E-04
2.11444000000000004E-04
2.20666999999999993E-04
1.46694000000000002E-04
1.46042999999999997E-04
1.45902999999999989E-04
1.76094000000000012E-04
1.45823999999999992E-04
1.45863000000000009E-04
1.98853999999999990E-04
1.92014999999999997E-04
2.63945999999999983E-04
2.96236000000000015E-04
2.09015000000000004E-04
1.94054000000000009E-04
2.64135999999999993E-04
1.89705000000000001E-04
1.45782999999999997E-04
1.54703000000000013E-04
1.45823999999999992E-04
1.45493000000000011E-04
1.61034000000000004E-04
1.46023000000000008E-04
1.61502999999999988E-04
1.45933000000000000E-04
1.45672999999999999E-04
1.45632999999999993E-04
1.45883999999999988E-04
1.45732999999999995E-04
1.71053999999999992E-04
1.45963000000000012E-04
1.71454000000000002E-04
1.65973999999999993E-04
1.63842999999999996E-04
1.46002999999999991E-04
1.46133000000000005E-04
1.61683999999999992E-04
1.45852999999999987E-04
2.70215999999999989E-04
1.86333999999999995E-04
1.92575000000000005E-04
2.11444000000000004E-04
1.89315000000000013E-04
1.89254000000000001E-04
2.19034999999999993E-04
2.33255000000000002E-04
2.00465000000000013E-04
1.46062999999999987E-04
1.45913000000000011E-04
1.57013999999999998E-04
1.78583999999999996E-04
1.45642999999999988E-04
1.45632999999999993E-04
1.45944000000000011E-04
1.45892999999999994E-04
1.45403000000000004E-04
1.45684000000000010E-04
1.45892999999999994E-04
1.45613000000000003E-04
1.61814000000000006E-04
1.59803000000000001E-04
1.45474000000000010E-04
1.45792999999999991E-04
1.57042999999999994E-04
1.45794000000000007E-04
1.45653000000000010E-04
1.45902999999999989E-04
1.45503999999999995E-04
1.45453000000000005E-04
1.45763000000000007E-04
1.59144000000000006E-04
1.45983000000000001E-04
1.61454000000000003E-04
1.45792999999999991E-04
1.84424000000000008E-04
1.45663000000000004E-04
2.07395000000000002E-04
2.08685000000000012E-04
2.40427999999999996E-04
1.61723999999999999E-04
1.98013999999999992E-04
1.49442999999999999E-04
1.51872999999999987E-04
1.45494000000000000E-04
1.45873000000000004E-04
1.45832999999999998E-04
1.45563000000000002E-04
1.63174000000000007E-04
1.46062999999999987E-04
1.45923999999999994E-04
1.68683000000000011E-04
1.92814999999999989E-04
1.93004000000000011E-04
2.13935000000000004E-04
2.12844999999999999E-04
2.27674999999999991E-04
1.89664000000000006E-04
1.91394000000000004E-04
2.14983999999999987E-04
1.97655000000000004E-04
1.95784000000000008E-04
2.11525000000000005E-04
1.93453999999999995E-04
1.95954999999999990E-04
1.94033999999999993E-04
1.95204999999999999E-04
1.83093999999999992E-04
1.87624000000000005E-04
2.30162000000000010E-04
2.05054999999999994E-04
1.91573999999999992E-04
1.92384000000000007E-04
1.91554999999999991E-04
1.99533999999999991E-04
1.91473999999999990E-04
1.91144999999999987E-04
3.33304999999999995E-04
1.97454999999999999E-04
1.60802999999999998E-04
1.85935000000000001E-04
1.82353999999999996E-04
1.57593000000000007E-04
1.46052999999999992E-04
1.54534000000000008E-04
1.79793999999999993E-04
1.63993999999999989E-04
1.64403000000000005E-04
1.49643999999999992E-04
1.78793999999999996E-04
1.71723999999999998E-04
1.92143999999999995E-04
1.84324000000000006E-04
1.89604000000000010E-04
1.99105000000000012E-04
1.79943999999999997E-04
1.79184000000000011E-04
2.01134000000000002E-04
1.91714000000000001E-04
1.98313999999999999E-04
1.86374000000000001E-04
1.90974000000000005E-04
1.98213999999999997E-04
1.97994999999999991E-04
1.98953999999999993E-04
1.94345000000000010E-04
1.92263999999999987E-04
1.94334000000000000E-04
2.27815000000000000E-04
1.94875000000000007E-04
1.97133999999999987E-04
1.88693999999999993E-04
1.91864999999999993E-04
2.08053999999999997E-04
1.97805000000000008E-04
1.92764000000000000E-04
1.94484999999999992E-04
1.96643999999999996E-04
2.15505000000000004E-04
1.90993999999999995E-04
2.04345000000000009E-04
1.89654000000000011E-04
1.89593999999999988E-04
1.88425000000000013E-04
1.89373999999999993E-04
1.88524000000000000E-04
1.89413999999999999E-04
1.87755000000000007E-04
2.07824000000000008E-04
1.88495000000000004E-04
1.73704000000000002E-04
1.46002999999999991E-04
1.54763000000000009E-04
1.45873999999999993E-04
1.63682999999999998E-04
1.45224000000000004E-04
1.59672999999999987E-04
1.45823000000000003E-04
1.45913999999999999E-04
1.45913000000000011E-04
1.45493000000000011E-04
1.61854000000000013E-04
1.45902999999999989E-04
1.45663000000000004E-04
1.45563999999999991E-04
1.45813000000000008E-04
1.45852999999999987E-04
1.45453999999999993E-04
1.45592999999999987E-04
1.45933000000000000E-04
1.45732999999999995E-04
1.45574000000000013E-04
1.45532999999999990E-04
1.60623000000000010E-04
1.61592999999999996E-04
1.50764000000000009E-04
1.84773999999999990E-04
1.46233000000000008E-04
1.45973000000000007E-04
1.45933999999999989E-04
1.63303000000000005E-04
1.45873999999999993E-04
1.46202999999999996E-04
1.46062999999999987E-04
1.45973000000000007E-04
1.46044000000000013E-04
1.45622999999999998E-04
1.62084000000000002E-04
1.55503000000000005E-04
1.98905000000000007E-04
1.83484000000000007E-04
1.69664000000000007E-04
1.46083000000000004E-04
1.46083000000000004E-04
1.45963000000000012E-04
1.46114000000000004E-04
1.45642999999999988E-04
1.45763000000000007E-04
1.45983999999999990E-04
1.45992999999999996E-04
1.70354000000000002E-04
1.45852999999999987E-04
1.45603000000000008E-04
1.45572999999999997E-04
1.45964000000000000E-04
1.59492999999999999E-04
1.45613999999999992E-04
1.45582999999999992E-04
1.45613000000000003E-04
1.46033000000000003E-04
1.45584000000000007E-04
1.45522999999999996E-04
1.46002999999999991E-04
1.61604000000000007E-04
1.45913000000000011E-04
1.45742999999999990E-04
1.45894000000000010E-04
1.45572999999999997E-04
1.46042999999999997E-04
1.45754000000000001E-04
1.61862999999999992E-04
1.81384000000000010E-04
2.03825000000000008E-04
1.45813000000000008E-04
1.55804000000000001E-04
1.45983000000000001E-04
1.61754000000000010E-04
1.45553000000000007E-04
1.45792999999999991E-04
1.45692999999999989E-04
1.45794000000000007E-04
1.45992999999999996E-04
1.45742999999999990E-04
1.45742999999999990E-04
1.45713999999999994E-04
1.45333000000000013E-04
3.16377000000000010E-04
2.62881000000000020E-04
1.89194000000000005E-04
1.90034000000000004E-04
2.45980999999999988E-04
2.00874999999999990E-04
1.95794000000000003E-04
2.31040000000000011E-04
2.34075000000000011E-04
1.83054000000000013E-04
1.75584000000000005E-04
1.74403999999999992E-04
1.53573000000000002E-04
1.45863999999999998E-04
1.52222999999999996E-04
1.69733999999999998E-04
1.92444000000000003E-04
2.28132000000000004E-04
2.16414999999999994E-04
1.88504000000000010E-04
2.65366000000000007E-04
2.93196999999999978E-04
1.83873999999999995E-04
1.96333999999999994E-04
1.95154999999999998E-04
1.70134000000000008E-04
1.45892999999999994E-04
1.45842999999999993E-04
1.71034000000000003E-04
1.45942999999999995E-04
1.45933999999999989E-04
1.46742999999999987E-04
2.00583999999999989E-04
2.74746999999999990E-04
2.72356000000000020E-04
1.93334000000000003E-04
2.10585000000000004E-04
1.92033999999999998E-04
1.91704999999999995E-04
1.92143999999999995E-04
1.91103999999999992E-04
1.91423999999999989E-04
1.91015000000000000E-04
1.91163999999999988E-04
1.91053999999999991E-04
2.18735000000000012E-04
2.55795999999999975E-04
1.91783999999999992E-04
1.92265000000000003E-04
2.11253999999999994E-04
1.92825000000000011E-04
1.91544000000000008E-04
1.91673999999999995E-04
1.91294999999999990E-04
1.91024000000000006E-04
1.91224000000000011E-04
3.30441000000000003E-04
1.64992999999999997E-04
1.45603999999999997E-04
1.46002999999999991E-04
1.46023000000000008E-04
1.45594000000000002E-04
1.45852999999999987E-04
1.45432999999999988E-04
1.45963000000000012E-04
1.45653999999999998E-04
1.45873000000000004E-04
1.53663000000000009E-04
1.77903999999999996E-04
1.46162999999999990E-04
1.45763999999999996E-04
1.45753000000000012E-04
1.46472999999999992E-04
1.45563999999999991E-04
1.45582999999999992E-04
1.45782999999999997E-04
1.45603000000000008E-04
1.45813999999999997E-04
1.45892999999999994E-04
1.62854000000000010E-04
1.45983000000000001E-04
1.45343000000000008E-04
1.45582999999999992E-04
1.45524000000000011E-04
4.62649999999999997E-04
2.53326000000000007E-04
1.96194000000000012E-04
1.98955000000000009E-04
1.96984000000000010E-04
2.06085000000000003E-04
1.96404000000000012E-04
1.76954000000000000E-04
1.46162999999999990E-04
1.45863999999999998E-04
1.46272999999999987E-04
1.46193000000000001E-04
1.45983999999999990E-04
1.46073000000000009E-04
1.73004000000000013E-04
1.74574000000000013E-04
1.46252999999999997E-04
1.73494000000000003E-04
1.47713000000000000E-04
1.46044000000000013E-04
1.46322999999999988E-04
1.46023000000000008E-04
1.46834000000000011E-04
1.46073000000000009E-04
1.46183000000000006E-04
1.72823999999999997E-04
1.65474000000000008E-04
1.66402999999999999E-04
2.05433999999999999E-04
1.76564000000000012E-04
1.98545000000000004E-04
1.96784000000000005E-04
1.87123999999999993E-04
1.63153999999999990E-04
1.45892999999999994E-04
1.46023999999999996E-04
1.57672999999999993E-04
1.46873000000000001E-04
1.45744000000000006E-04
1.45873000000000004E-04
1.62563999999999997E-04
1.45842999999999993E-04
1.49743000000000006E-04
1.99824999999999992E-04
1.91003999999999989E-04
1.91284000000000007E-04
1.92124999999999994E-04
1.92053999999999988E-04
2.20644999999999999E-04
2.01904999999999999E-04
1.95403999999999988E-04
1.97564999999999996E-04
1.65012999999999987E-04
1.45973999999999995E-04
1.45942999999999995E-04
1.81704000000000007E-04
1.59184000000000013E-04
1.46023000000000008E-04
1.45622999999999998E-04
1.46262999999999992E-04
1.55544000000000000E-04
1.72974000000000001E-04
2.17254999999999993E-04
1.98053999999999998E-04
1.91804999999999997E-04
1.83524000000000014E-04
1.82523999999999989E-04
1.82384000000000007E-04
2.41005000000000001E-04
1.95395000000000009E-04
1.95553999999999992E-04
1.93644000000000005E-04
2.09494000000000011E-04
1.92864999999999991E-04
1.92814000000000001E-04
1.96564000000000011E-04
1.84734999999999999E-04
1.85474000000000007E-04
1.84393999999999997E-04
1.85054000000000007E-04
1.90974000000000005E-04
1.87075000000000007E-04
1.85694000000000001E-04
2.39394999999999994E-04
1.86543999999999995E-04
1.91244999999999989E-04
1.91683999999999990E-04
2.09454999999999993E-04
5.08300999999999957E-04
2.77286000000000015E-04
1.78633999999999998E-04
1.46532999999999988E-04
1.60163000000000005E-04
1.45713000000000006E-04
1.45873999999999993E-04
1.45703000000000011E-04
1.45813000000000008E-04
1.45813000000000008E-04
1.45713999999999994E-04
1.45923000000000005E-04
1.92064000000000010E-04
1.45413999999999987E-04
1.45913000000000011E-04
1.45852999999999987E-04
1.45422999999999993E-04
1.45933999999999989E-04
1.45482999999999989E-04
1.45543000000000012E-04
1.73303999999999993E-04
1.45813000000000008E-04
1.45484000000000005E-04
1.45933000000000000E-04
1.45882999999999999E-04
1.61864000000000007E-04
1.45882999999999999E-04
1.45723000000000001E-04
1.45773999999999990E-04
1.45882999999999999E-04
1.45803000000000013E-04
1.45274000000000005E-04
1.45493000000000011E-04
1.45642999999999988E-04
1.45823000000000003E-04
1.45823999999999992E-04
1.45233000000000010E-04
1.45603000000000008E-04
1.45262999999999995E-04
1.61084000000000005E-04
1.45553000000000007E-04
1.45553999999999996E-04
1.45742999999999990E-04
1.45663000000000004E-04
1.45753000000000012E-04
1.69194000000000007E-04
1.46193999999999990E-04
1.65682999999999992E-04
1.60344000000000008E-04
1.45543000000000012E-04
1.45622999999999998E-04
1.58903999999999995E-04
1.61723999999999999E-04
1.46092999999999999E-04
1.46083000000000004E-04
1.45852999999999987E-04
1.45753000000000012E-04
1.45632999999999993E-04
1.45572999999999997E-04
1.45723999999999989E-04
1.45732999999999995E-04
1.45572999999999997E-04
1.45882999999999999E-04
1.45933999999999989E-04
1.45682999999999994E-04
1.61094000000000000E-04
1.46262999999999992E-04
1.45952999999999990E-04
1.45873000000000004E-04
1.53153999999999991E-04
1.45642999999999988E-04
1.46013000000000013E-04
1.45594000000000002E-04
1.45842999999999993E-04
1.46013000000000013E-04
1.45703000000000011E-04
1.45883999999999988E-04
1.45653000000000010E-04
1.45763000000000007E-04
1.60544000000000013E-04
1.45753000000000012E-04
1.45653000000000010E-04
1.45563999999999991E-04
1.45873000000000004E-04
1.45692999999999989E-04
1.45704000000000000E-04
1.46062999999999987E-04
1.45832999999999998E-04
1.46013000000000013E-04
1.46004000000000007E-04
1.46193000000000001E-04
1.45942999999999995E-04
1.60864000000000010E-04
1.45842999999999993E-04
1.70783999999999997E-04
1.45813000000000008E-04
1.45834000000000014E-04
1.45832999999999998E-04
1.45803000000000013E-04
1.64444000000000000E-04
1.45852999999999987E-04
1.45792999999999991E-04
1.45823999999999992E-04
1.45832999999999998E-04
1.27129799999999992E-03
1.96545000000000010E-04
1.94374000000000006E-04
2.15595000000000012E-04
1.93544000000000002E-04
1.92804999999999995E-04
2.00814000000000006E-04
1.92055000000000003E-04
1.92174000000000007E-04
1.91893999999999989E-04
1.91833999999999993E-04
1.92293999999999999E-04
1.92713999999999998E-04
2.25865999999999995E-04
1.97504000000000012E-04
1.89454000000000006E-04
1.98574999999999988E-04
2.00983999999999999E-04
2.00325000000000004E-04
1.97793999999999997E-04
2.00984999999999987E-04
1.99673999999999999E-04
2.43476000000000011E-04
2.09013999999999988E-04
2.29155999999999999E-04
2.00733999999999993E-04
2.00885000000000012E-04
1.98943999999999998E-04
2.00425000000000006E-04
2.01723999999999995E-04
2.12794999999999998E-04
2.00583999999999989E-04
2.16404000000000010E-04
1.99674999999999988E-04
1.96433999999999997E-04
1.97695000000000010E-04
1.99754000000000012E-04
1.97815000000000003E-04
1.97793999999999997E-04
2.00234999999999996E-04
1.97734000000000001E-04
2.35622000000000002E-04
1.99895000000000010E-04
1.88493999999999988E-04
1.87884000000000006E-04
1.88795000000000011E-04
2.08924000000000007E-04
1.92155000000000006E-04
1.86923999999999988E-04
1.88084000000000011E-04
1.87404000000000010E-04
2.54336000000000026E-04
1.87714000000000012E-04
1.87304999999999996E-04
1.87724000000000007E-04
3.03646999999999988E-04
2.06414000000000006E-04
1.92725000000000009E-04
1.88373999999999996E-04
1.87703999999999990E-04
1.99315000000000012E-04
1.87603999999999988E-04
1.88383999999999991E-04
1.88514000000000005E-04
1.89173999999999988E-04
1.89234000000000011E-04
2.08843999999999995E-04
1.97634999999999987E-04
1.89433999999999989E-04
2.12814999999999988E-04
1.95064000000000001E-04
2.02744999999999998E-04
1.97824000000000009E-04
1.93054000000000012E-04
1.90063999999999988E-04
2.15345000000000006E-04
2.88737000000000011E-04
2.39094999999999987E-04
2.01544000000000007E-04
1.46123000000000010E-04
1.62723000000000007E-04
1.45944000000000011E-04
1.45672999999999999E-04
1.45343000000000008E-04
1.45704000000000000E-04
1.45603000000000008E-04
1.45882999999999999E-04
1.45713000000000006E-04
1.61843999999999991E-04
1.45963000000000012E-04
1.45584000000000007E-04
1.45622999999999998E-04
2.73565999999999989E-04
1.74944000000000011E-04
1.46073000000000009E-04
1.45663999999999993E-04
2.07924000000000010E-04
1.45902999999999989E-04
1.88743999999999994E-04
1.46272999999999987E-04
1.70573999999999997E-04
1.63143999999999995E-04
1.45472999999999994E-04
1.45842999999999993E-04
1.65443999999999997E-04
2.11825000000000012E-04
1.45902999999999989E-04
2.08504999999999997E-04
1.45653000000000010E-04
1.45792999999999991E-04
1.45632999999999993E-04
1.45763999999999996E-04
1.72744000000000012E-04
1.45412999999999998E-04
1.45952999999999990E-04
1.45553000000000007E-04
1.45734000000000011E-04
1.45403000000000004E-04
1.45703000000000011E-04
1.46133999999999994E-04
1.45882999999999999E-04
1.45152999999999998E-04
1.45632999999999993E-04
1.45524000000000011E-04
1.71463000000000008E-04
1.62303000000000008E-04
1.45803000000000013E-04
1.45923999999999994E-04
1.45742999999999990E-04
1.45543000000000012E-04
1.45804000000000002E-04
1.45832999999999998E-04
1.45563000000000002E-04
1.45472999999999994E-04
1.45584000000000007E-04
1.46302999999999998E-04
3.05859999999999975E-04
1.96243999999999987E-04
1.94925000000000008E-04
1.95304000000000013E-04
1.95193999999999988E-04
1.96254999999999997E-04
1.97273999999999995E-04
2.10394999999999994E-04
1.95794000000000003E-04
2.40856000000000013E-04
1.96724000000000009E-04
1.96025000000000008E-04
1.95894000000000005E-04
1.96443999999999991E-04
1.95195000000000004E-04
1.96233999999999992E-04
1.95705000000000011E-04
2.13913999999999999E-04
2.12625000000000005E-04
1.95224999999999988E-04
1.95823999999999987E-04
1.95433999999999999E-04
1.94655000000000012E-04
1.96154000000000006E-04
1.93305000000000007E-04
1.96204000000000007E-04
1.96433999999999997E-04
2.03424999999999998E-04
1.95973999999999991E-04
2.00253999999999997E-04
1.95474000000000006E-04
1.94964999999999987E-04
1.96374000000000001E-04
1.95644999999999988E-04
1.97054000000000001E-04
2.09215000000000009E-04
1.95734000000000007E-04
1.95534999999999991E-04
1.97063999999999996E-04
2.14045000000000001E-04
1.96514000000000009E-04
1.97574999999999991E-04
1.99103999999999996E-04
1.96634999999999990E-04
1.99354000000000003E-04
1.97204999999999993E-04
2.03114000000000007E-04
1.96133999999999989E-04
2.11315000000000005E-04
2.01924999999999989E-04
1.97504000000000012E-04
1.98104999999999988E-04
1.99034000000000006E-04
1.96865000000000007E-04
1.98574000000000000E-04
1.97674000000000005E-04
1.95884999999999999E-04
1.96963999999999993E-04
2.08635000000000011E-04
1.99483999999999989E-04
1.96435000000000012E-04
1.96443999999999991E-04
1.97154999999999992E-04
1.96333999999999994E-04
2.23424999999999996E-04
1.95355000000000002E-04
1.96063999999999998E-04
1.96674000000000008E-04
2.12694999999999996E-04
2.21735000000000004E-04
1.95374000000000003E-04
1.84114999999999995E-04
1.82964000000000005E-04
1.83993999999999987E-04
1.84023999999999999E-04
1.82964000000000005E-04
1.63864000000000002E-04
1.45863000000000009E-04
1.76371000000000009E-04
1.46393999999999995E-04
1.45403000000000004E-04
1.45803000000000013E-04
1.45803000000000013E-04
1.46123999999999999E-04
1.45963000000000012E-04
1.85383999999999999E-04
1.45732999999999995E-04
1.45933999999999989E-04
1.45543000000000012E-04
1.45813000000000008E-04
1.62344000000000003E-04
1.45522999999999996E-04
1.46073999999999998E-04
1.45692999999999989E-04
1.45553000000000007E-04
1.45692999999999989E-04
1.45734000000000011E-04
1.62112999999999998E-04
1.56944000000000007E-04
1.45842999999999993E-04
1.45952999999999990E-04
1.45954000000000006E-04
1.45622999999999998E-04
1.61583999999999990E-04
1.45773000000000002E-04
1.45613000000000003E-04
1.45832999999999998E-04
1.45594000000000002E-04
1.45703000000000011E-04
2.11974999999999989E-04
3.78760999999999974E-04
1.96514999999999998E-04
1.96693999999999998E-04
1.99454999999999994E-04
1.97894000000000000E-04
1.96293999999999988E-04
1.96015000000000013E-04
1.96223999999999997E-04
1.80903999999999988E-04
1.45852999999999987E-04
1.46014000000000002E-04
1.45952999999999990E-04
1.45732999999999995E-04
1.45782999999999997E-04
1.45904000000000004E-04
1.45782999999999997E-04
1.45763000000000007E-04
1.45684000000000010E-04
1.45312999999999996E-04
1.45603000000000008E-04
1.56443999999999995E-04
1.72153000000000003E-04
1.45784000000000012E-04
1.45732999999999995E-04
1.45942999999999995E-04
1.45844000000000008E-04
1.45682999999999994E-04
1.45902999999999989E-04
1.45942999999999995E-04
1.45754000000000001E-04
1.45863000000000009E-04
1.45803000000000013E-04
1.45832999999999998E-04
1.45923999999999994E-04
1.62702999999999990E-04
1.45873999999999993E-04
1.46042999999999997E-04
1.45563000000000002E-04
1.45673999999999988E-04
1.45622999999999998E-04
1.45713000000000006E-04
1.45923000000000005E-04
1.45813999999999997E-04
1.45682999999999994E-04
1.45902999999999989E-04
1.77624000000000006E-04
1.45963000000000012E-04
1.45524000000000011E-04
1.60933000000000012E-04
1.45794000000000007E-04
1.45513000000000001E-04
1.45823000000000003E-04
1.45532999999999990E-04
1.45734000000000011E-04
1.45902999999999989E-04
1.45703000000000011E-04
1.45543000000000012E-04
1.45852999999999987E-04
1.45692999999999989E-04
1.45902999999999989E-04
1.45503999999999995E-04
1.61222999999999998E-04
1.62833999999999993E-04
1.46013000000000013E-04
1.45842999999999993E-04
1.45754000000000001E-04
1.45773000000000002E-04
1.45582999999999992E-04
1.45544000000000001E-04
1.51962999999999995E-04
1.45563000000000002E-04
1.45463000000000000E-04
1.45613000000000003E-04
1.45653000000000010E-04
1.45333000000000013E-04
1.74033999999999994E-04
1.45574000000000013E-04
1.45463000000000000E-04
1.45463000000000000E-04
1.46023999999999996E-04
1.45753000000000012E-04
1.45632999999999993E-04
1.45792999999999991E-04
1.45744000000000006E-04
1.45782999999999997E-04
1.45803000000000013E-04
1.45713000000000006E-04
1.68414000000000004E-04
1.46364000000000010E-04
1.45672999999999999E-04
1.45493000000000011E-04
1.45563000000000002E-04
1.54904000000000006E-04
1.46042999999999997E-04
1.88364000000000001E-04
1.86884999999999997E-04
1.83234000000000001E-04
1.57032999999999999E-04
1.46434000000000001E-04
3.04506999999999976E-04
2.24524000000000007E-04
2.20983999999999997E-04
2.09284000000000011E-04
1.95164999999999992E-04
1.92503999999999999E-04
1.99664000000000005E-04
2.15014999999999987E-04
1.96715000000000003E-04
1.96874000000000013E-04
1.96514999999999998E-04
1.97333999999999991E-04
2.00964000000000009E-04
2.29995000000000010E-04
1.97393999999999987E-04
1.95434999999999988E-04
1.96794000000000000E-04
2.15104999999999995E-04
1.96514000000000009E-04
1.95255000000000000E-04
1.96364000000000006E-04
1.95033999999999990E-04
2.01325000000000001E-04
2.01174999999999997E-04
2.10344000000000004E-04
1.95904999999999989E-04
1.96984000000000010E-04
2.15865000000000008E-04
1.94863999999999996E-04
1.96125000000000010E-04
1.96223999999999997E-04
2.31455000000000013E-04
1.99745000000000006E-04
1.95464000000000011E-04
1.96345000000000005E-04
1.95264000000000006E-04
2.13274999999999993E-04
1.98724000000000004E-04
1.95274999999999990E-04
1.99874000000000004E-04
1.98194999999999996E-04
1.95343999999999992E-04
2.00614999999999989E-04
1.96813999999999990E-04
1.97204999999999993E-04
2.18943999999999996E-04
2.15853999999999997E-04
1.99024999999999999E-04
1.97364000000000003E-04
2.10774999999999987E-04
2.01215000000000004E-04
2.05503999999999989E-04
1.94704999999999987E-04
1.95183999999999993E-04
1.95703999999999995E-04
1.95135000000000008E-04
2.13894999999999998E-04
1.93314000000000013E-04
1.91843999999999988E-04
2.00203999999999996E-04
1.94114000000000005E-04
2.00113999999999989E-04
1.93883999999999989E-04
2.03985000000000006E-04
1.94894000000000008E-04
1.99705000000000000E-04
2.12575000000000004E-04
1.87653999999999989E-04
1.92854000000000007E-04
1.81554000000000004E-04
1.82164000000000013E-04
1.82055000000000004E-04
1.88333999999999989E-04
1.82344000000000001E-04
1.80184000000000008E-04
1.85164000000000005E-04
1.78974000000000011E-04
3.32677999999999988E-04
2.17135000000000001E-04
1.92584000000000011E-04
1.93784000000000014E-04
1.93024000000000000E-04
1.94513999999999988E-04
1.94944999999999998E-04
1.91664000000000000E-04
2.20165000000000004E-04
1.95353999999999987E-04
1.46233999999999996E-04
1.46052999999999992E-04
1.59113000000000006E-04
1.45673999999999988E-04
1.45723000000000001E-04
1.45723000000000001E-04
1.46104000000000009E-04
1.45563000000000002E-04
1.45622999999999998E-04
1.45913000000000011E-04
1.45744000000000006E-04
1.63203000000000003E-04
1.51344000000000007E-04
2.02864000000000001E-04
1.47283000000000006E-04
1.45854000000000003E-04
1.45963000000000012E-04
1.46173000000000011E-04
1.45653999999999998E-04
1.46042999999999997E-04
1.45703000000000011E-04
1.45852999999999987E-04
1.45734000000000011E-04
1.45923000000000005E-04
1.71373999999999989E-04
1.45763000000000007E-04
1.45763000000000007E-04
1.45863999999999998E-04
1.45682999999999994E-04
1.45863000000000009E-04
1.45632999999999993E-04
1.45983999999999990E-04
1.45553000000000007E-04
1.45553000000000007E-04
1.45933000000000000E-04
1.45484000000000005E-04
1.45902999999999989E-04
1.60903999999999990E-04
1.45832999999999998E-04
1.45813000000000008E-04
1.45422999999999993E-04
1.45694000000000005E-04
1.45503000000000006E-04
1.45672999999999999E-04
1.57354000000000012E-04
1.45782999999999997E-04
1.45443000000000010E-04
1.45773999999999990E-04
1.72504000000000000E-04
1.45753000000000012E-04
1.45832999999999998E-04
1.61833999999999996E-04
1.45873000000000004E-04
1.45792999999999991E-04
1.45673999999999988E-04
1.45852999999999987E-04
1.45763000000000007E-04
1.45863000000000009E-04
1.46014000000000002E-04
1.54272999999999992E-04
1.45942999999999995E-04
1.45823999999999992E-04
1.45832999999999998E-04
1.61614000000000001E-04
1.61082999999999989E-04
1.45594000000000002E-04
1.45603000000000008E-04
1.45622999999999998E-04
1.45243000000000005E-04
1.45553999999999996E-04
1.45603000000000008E-04
1.45613000000000003E-04
1.45372999999999992E-04
1.71723999999999998E-04
1.45623999999999987E-04
1.45672999999999999E-04
1.45803000000000013E-04
1.61053999999999993E-04
1.45913000000000011E-04
1.63324000000000010E-04
1.45763000000000007E-04
1.45642999999999988E-04
1.45364000000000013E-04
1.45622999999999998E-04
1.45503000000000006E-04
1.46023000000000008E-04
1.45694000000000005E-04
1.45362999999999997E-04
1.45522999999999996E-04
1.45632999999999993E-04
4.51896000000000025E-04
5.10771000000000033E-04
5.27332000000000039E-04
2.04064999999999992E-04
2.19094999999999989E-04
2.01644000000000009E-04
1.94214999999999996E-04
1.94283999999999999E-04
1.96004000000000002E-04
1.96295000000000004E-04
1.97414000000000004E-04
1.96905000000000013E-04
1.97044000000000006E-04
1.96934999999999997E-04
2.30334999999999996E-04
2.25589999999999986E-04
1.86073999999999994E-04
1.86873999999999987E-04
1.86173999999999997E-04
1.94975000000000009E-04
1.85813999999999993E-04
1.85813999999999993E-04
1.85744000000000002E-04
1.86514000000000010E-04
2.19325000000000005E-04
1.83224000000000006E-04
1.82403999999999997E-04
1.81465000000000012E-04
1.81053999999999991E-04
1.81604000000000005E-04
1.83594000000000004E-04
1.82033999999999999E-04
1.82003999999999987E-04
1.83704000000000002E-04
1.66593999999999998E-04
1.46083000000000004E-04
1.56374000000000004E-04
1.47753000000000007E-04
1.53282999999999989E-04
1.59884000000000003E-04
1.71434000000000012E-04
1.57892999999999987E-04
1.62773999999999997E-04
1.45913000000000011E-04
1.49433999999999993E-04
2.10714000000000002E-04
2.29564999999999988E-04
1.94145000000000006E-04
1.95954000000000001E-04
1.94954000000000004E-04
1.94544999999999988E-04
1.97583999999999997E-04
1.97975000000000001E-04
2.44664999999999976E-04
1.95143999999999987E-04
1.96214999999999991E-04
1.96214000000000002E-04
1.96025000000000008E-04
1.96483999999999998E-04
2.04904999999999991E-04
1.95944000000000006E-04
2.13665000000000008E-04
1.96133999999999989E-04
1.95274999999999990E-04
1.96293999999999988E-04
1.97023999999999989E-04
1.95644999999999988E-04
1.95784000000000008E-04
1.96285000000000009E-04
1.95913999999999995E-04
2.15075000000000010E-04
2.11985000000000011E-04
1.97254000000000006E-04
1.95954999999999990E-04
1.95014000000000000E-04
1.96243999999999987E-04
1.97094999999999996E-04
1.96404000000000012E-04
5.45801999999999963E-04
1.55384000000000002E-04
1.45973000000000007E-04
1.82234000000000004E-04
1.94185000000000012E-04
1.97774000000000008E-04
2.12145000000000009E-04
1.98674000000000002E-04
1.79464000000000002E-04
1.79184000000000011E-04
1.80194000000000003E-04
1.90964000000000010E-04
2.01143999999999997E-04
2.00714999999999992E-04
1.98454000000000008E-04
1.97445000000000004E-04
2.18055000000000012E-04
2.10824999999999988E-04
1.96033999999999987E-04
1.97863999999999988E-04
1.97724999999999995E-04
1.97044000000000006E-04
2.01275000000000000E-04
1.97934000000000006E-04
1.98044999999999992E-04
1.98583999999999995E-04
2.18574999999999987E-04
1.97535000000000012E-04
1.99234000000000010E-04
1.99044999999999989E-04
1.98504000000000009E-04
1.99094999999999990E-04
2.01084000000000001E-04
1.99824999999999992E-04
2.00633999999999990E-04
2.05854999999999987E-04
1.82523999999999989E-04
1.93274000000000007E-04
1.94985000000000004E-04
2.12854000000000005E-04
1.93754000000000002E-04
1.93553999999999997E-04
1.93284999999999990E-04
1.91733999999999991E-04
1.92694000000000009E-04
1.91554000000000003E-04
2.08244000000000007E-04
1.91475000000000006E-04
1.91864000000000005E-04
2.09585000000000007E-04
1.91444000000000005E-04
1.91874000000000000E-04
1.91594000000000009E-04
1.91804999999999997E-04
2.00804000000000011E-04
1.91465000000000011E-04
2.07593999999999991E-04
1.91895000000000005E-04
1.91754000000000008E-04
1.92394000000000001E-04
1.91804999999999997E-04
1.91823999999999998E-04
2.04983999999999988E-04
1.91625000000000009E-04
1.92214000000000013E-04
1.91704000000000006E-04
2.07414999999999992E-04
1.91423999999999989E-04
1.91134999999999992E-04
1.91754000000000008E-04
1.91484000000000012E-04
1.91284999999999996E-04
1.90984000000000000E-04
2.01334000000000007E-04
1.91905000000000000E-04
1.90874000000000002E-04
2.07364999999999991E-04
1.90223999999999987E-04
1.92083999999999999E-04
1.92954999999999998E-04
1.92274000000000009E-04
1.91754000000000008E-04
1.91864999999999993E-04
1.91384000000000009E-04
1.92214000000000013E-04
1.91594000000000009E-04
2.43300999999999994E-04
1.46033000000000003E-04
1.45382999999999987E-04
1.45594000000000002E-04
1.45682999999999994E-04
1.56202999999999995E-04
1.86175000000000012E-04
2.03663999999999993E-04
2.18995000000000013E-04
1.96314999999999993E-04
1.98554000000000010E-04
1.89464000000000001E-04
1.91255000000000011E-04
1.89674000000000000E-04
1.94334000000000000E-04
1.90225000000000002E-04
1.88524000000000000E-04
1.88994000000000000E-04
2.09015000000000004E-04
1.89623999999999999E-04
1.82444000000000004E-04
1.46283000000000009E-04
1.75092999999999999E-04
1.97624999999999993E-04
1.99163999999999993E-04
2.16765000000000002E-04
2.09654999999999998E-04
1.92594000000000006E-04
1.91494999999999995E-04
2.35295000000000003E-04
2.12374999999999999E-04
2.02174000000000006E-04
2.02754999999999993E-04
2.16934999999999996E-04
1.96813999999999990E-04
2.15414999999999997E-04
2.01914000000000005E-04
2.28934999999999989E-04
2.00583999999999989E-04
1.96734999999999993E-04
1.99864000000000010E-04
1.97595000000000008E-04
2.53285000000000012E-04
2.36135999999999990E-04
2.21864999999999991E-04
2.02684000000000013E-04
2.02174999999999995E-04
2.37265000000000013E-04
1.96863999999999991E-04
2.01265000000000005E-04
2.01974999999999990E-04
2.24405000000000004E-04
2.00373999999999989E-04
1.96934999999999997E-04
2.02704000000000003E-04
2.01494999999999994E-04
2.28554999999999996E-04
2.00633999999999990E-04
2.07774999999999995E-04
2.28745000000000006E-04
2.62646000000000006E-04
2.26345000000000002E-04
2.08364999999999988E-04
2.25505000000000003E-04
2.12344999999999987E-04
2.27685000000000013E-04
2.09284999999999999E-04
2.00124000000000010E-04
2.93796999999999993E-04
1.62423000000000000E-04
1.61334000000000011E-04
1.45892999999999994E-04
1.50884000000000001E-04
1.59433000000000003E-04
1.58504000000000013E-04
1.45753000000000012E-04
1.73434000000000007E-04
1.91924000000000001E-04
1.89724999999999990E-04
2.25844999999999990E-04
1.90683999999999992E-04
1.92033999999999998E-04
1.91045000000000011E-04
1.91373999999999987E-04
2.20845000000000004E-04
1.95574000000000008E-04
2.13794999999999995E-04
1.91845000000000004E-04
1.87784000000000003E-04
2.08073999999999987E-04
1.92034999999999987E-04
2.07994000000000001E-04
1.96214000000000002E-04
1.91444000000000005E-04
2.09385000000000002E-04
1.96123999999999995E-04
2.19835000000000012E-04
1.91874999999999988E-04
2.03804000000000002E-04
2.13255000000000004E-04
1.93004000000000011E-04
2.17874999999999997E-04
1.93085000000000012E-04
1.92634000000000013E-04
2.17485000000000009E-04
2.00874000000000002E-04
2.10893999999999990E-04
1.92644999999999996E-04
1.92224000000000008E-04
2.13234999999999987E-04
1.91924000000000001E-04
2.09024999999999999E-04
1.91024000000000006E-04
1.92683999999999987E-04
2.44135999999999995E-04
1.92064000000000010E-04
2.18574999999999987E-04
1.96424999999999990E-04
2.16824999999999998E-04
1.91974000000000002E-04
1.92484000000000009E-04
2.08464999999999990E-04
1.93623999999999988E-04
2.11515000000000010E-04
1.97063999999999996E-04
1.92384000000000007E-04
2.07765000000000000E-04
1.95844000000000004E-04
2.12904999999999995E-04
1.92644000000000008E-04
1.90594000000000012E-04
1.95264999999999995E-04
1.92124000000000006E-04
2.21055000000000004E-04
2.03985000000000006E-04
1.94553999999999994E-04
1.93894000000000011E-04
1.91974999999999991E-04
2.20635000000000004E-04
1.91344000000000003E-04
1.94563999999999989E-04
1.92864999999999991E-04
1.97013999999999994E-04
2.17325000000000011E-04
1.97955000000000011E-04
1.92263999999999987E-04
4.26704999999999988E-04
2.15553999999999990E-04
1.94834000000000012E-04
1.96254000000000009E-04
1.96075000000000009E-04
2.06204000000000006E-04
2.10094999999999987E-04
2.00645000000000001E-04
1.48362999999999989E-04
1.49202999999999988E-04
1.59604000000000012E-04
1.46173000000000011E-04
1.63623999999999991E-04
1.45983000000000001E-04
1.45634000000000009E-04
1.45362999999999997E-04
1.45773000000000002E-04
1.45902999999999989E-04
1.45694000000000005E-04
1.45823000000000003E-04
1.45522999999999996E-04
1.45763000000000007E-04
1.45863999999999998E-04
1.47042999999999995E-04
1.50242999999999991E-04
1.45784000000000012E-04
1.61662999999999987E-04
1.45894000000000010E-04
1.45933000000000000E-04
1.76403999999999987E-04
1.45632999999999993E-04
1.45622999999999998E-04
1.57624000000000007E-04
1.46412999999999996E-04
1.46014000000000002E-04
1.45723000000000001E-04
1.45983000000000001E-04
1.45632999999999993E-04
1.45964000000000000E-04
1.61043000000000010E-04
1.45424000000000009E-04
1.45672999999999999E-04
1.45742999999999990E-04
1.46092999999999999E-04
1.45804000000000002E-04
1.45902999999999989E-04
1.46083000000000004E-04
1.45913000000000011E-04
1.45463999999999988E-04
1.45642999999999988E-04
1.45603000000000008E-04
1.45754000000000001E-04
1.61263000000000004E-04
1.93393999999999999E-04
1.45913000000000011E-04
1.45672999999999999E-04
1.49872999999999993E-04
1.45844000000000008E-04
1.45913000000000011E-04
1.62914000000000006E-04
1.45672999999999999E-04
1.45543000000000012E-04
1.45463000000000000E-04
1.45584000000000007E-04
1.45682999999999994E-04
1.60893999999999995E-04
1.45952999999999990E-04
1.45923000000000005E-04
1.45902999999999989E-04
1.45804000000000002E-04
1.45622999999999998E-04
1.46052999999999992E-04
1.45933999999999989E-04
1.45863000000000009E-04
1.45892999999999994E-04
1.45513000000000001E-04
1.45584000000000007E-04
1.45422999999999993E-04
1.52143000000000010E-04
1.60853999999999988E-04
1.45672999999999999E-04
1.45754000000000001E-04
1.45453000000000005E-04
1.45653000000000010E-04
1.45632999999999993E-04
1.45463999999999988E-04
1.45362999999999997E-04
1.57242999999999999E-04
1.45603999999999997E-04
1.45753000000000012E-04
1.45792999999999991E-04
1.45303000000000001E-04
1.58784000000000003E-04
1.48242999999999997E-04
1.45324000000000007E-04
1.45653000000000010E-04
1.45672999999999999E-04
1.45403000000000004E-04
1.45734000000000011E-04
1.45453000000000005E-04
3.66707999999999986E-04
2.02484999999999997E-04
1.92243999999999998E-04
1.97225000000000010E-04
1.90564000000000000E-04
1.88493999999999988E-04
1.89724000000000002E-04
1.91854999999999999E-04
1.91324000000000013E-04
1.45952999999999990E-04
1.45904000000000004E-04
1.57803000000000007E-04
1.45572999999999997E-04
1.45773999999999990E-04
1.45692999999999989E-04
1.45732999999999995E-04
1.45563999999999991E-04
1.45852999999999987E-04
1.45543000000000012E-04
1.45713000000000006E-04
1.45694000000000005E-04
1.61242999999999987E-04
1.45653999999999998E-04
1.45513000000000001E-04
1.54973000000000009E-04
1.45324000000000007E-04
1.45422999999999993E-04
1.45472999999999994E-04
1.45763000000000007E-04
1.45374000000000008E-04
1.45472999999999994E-04
1.45642999999999988E-04
1.45543000000000012E-04
1.45834000000000014E-04
1.45803000000000013E-04
1.60554000000000008E-04
1.45782999999999997E-04
1.45863000000000009E-04
1.45763000000000007E-04
1.45663999999999993E-04
1.45412999999999998E-04
1.45603000000000008E-04
1.45753000000000012E-04
1.45544000000000001E-04
1.45482999999999989E-04
1.45952999999999990E-04
2.31024999999999991E-04
1.91745000000000001E-04
2.48086000000000010E-04
1.95493999999999995E-04
1.96743999999999999E-04
1.95374999999999992E-04
1.97094000000000007E-04
1.98044999999999992E-04
1.98173999999999990E-04
1.95655000000000010E-04
2.17533999999999995E-04
2.11494000000000005E-04
1.95744999999999990E-04
1.96713999999999987E-04
1.94674000000000013E-04
1.96643999999999996E-04
1.95753999999999996E-04
1.95965000000000012E-04
1.96913999999999992E-04
1.96844999999999990E-04
2.29225000000000002E-04
1.96283999999999993E-04
1.95805000000000013E-04
1.94744000000000004E-04
1.95753999999999996E-04
1.98185000000000001E-04
1.98614000000000006E-04
1.95075000000000012E-04
1.96913999999999992E-04
1.95295000000000006E-04
2.16004000000000001E-04
1.94114999999999994E-04
2.16994999999999992E-04
1.96194000000000012E-04
1.95784999999999997E-04
1.96944000000000004E-04
1.94753999999999999E-04
1.95994999999999996E-04
2.05164000000000003E-04
1.94395000000000012E-04
3.14267000000000019E-04
1.98953999999999993E-04
1.96595000000000011E-04
1.94863999999999996E-04
1.96464999999999997E-04
1.91384000000000009E-04
1.93074000000000002E-04
1.97664999999999999E-04
1.94484000000000003E-04
1.94863999999999996E-04
2.16894999999999989E-04
1.95355000000000002E-04
2.12523999999999987E-04
1.95054000000000006E-04
1.95054000000000006E-04
1.97235000000000005E-04
2.09793999999999991E-04
1.96703999999999992E-04
1.96533999999999999E-04
2.14445000000000011E-04
1.96965000000000009E-04
1.96374000000000001E-04
1.96204000000000007E-04
1.95844999999999993E-04
1.95674000000000011E-04
1.95555000000000007E-04
1.94624000000000012E-04
1.95304000000000013E-04
1.95434999999999988E-04
1.97373999999999998E-04
2.15095000000000000E-04
1.93224999999999994E-04
1.95014000000000000E-04
1.93794000000000008E-04
2.49976000000000007E-04
1.96264000000000003E-04
2.11874999999999987E-04
1.93994000000000013E-04
1.87553999999999987E-04
2.08724000000000003E-04
1.93085000000000012E-04
1.92604000000000001E-04
1.93563999999999992E-04
1.96145000000000000E-04
1.97423999999999999E-04
1.94885000000000002E-04
1.91673999999999995E-04
1.94023999999999998E-04
1.95364999999999997E-04
2.11554999999999990E-04
2.02004000000000013E-04
1.95584000000000003E-04
1.94613999999999990E-04
2.05524000000000006E-04
1.96114000000000000E-04
1.94794000000000006E-04
1.97595000000000008E-04
1.96984000000000010E-04
1.95574999999999997E-04
1.87414000000000005E-04
2.09113999999999990E-04
2.01883999999999994E-04
1.93444000000000000E-04
1.91074999999999996E-04
1.94584000000000006E-04
1.93203999999999989E-04
1.90354999999999989E-04
1.90733999999999994E-04
1.93043999999999990E-04
1.91365000000000008E-04
2.11224000000000009E-04
2.01184999999999992E-04
2.00704000000000008E-04
2.00583999999999989E-04
1.93043999999999990E-04
1.92945000000000003E-04
1.92644000000000008E-04
1.95584000000000003E-04
1.94625000000000001E-04
1.97834000000000004E-04
2.11675000000000009E-04
1.94503999999999993E-04
1.98664999999999996E-04
1.92523999999999988E-04
1.94935000000000003E-04
2.16013999999999996E-04
2.23362000000000007E-04
3.13417000000000025E-04
1.92024000000000003E-04
2.05875000000000003E-04
1.91494000000000007E-04
1.91324000000000013E-04
2.51385999999999981E-04
2.51306000000000023E-04
7.42145999999999952E-04
1.92895000000000002E-04
1.65773000000000000E-04
1.46054000000000008E-04
1.46183000000000006E-04
1.45773000000000002E-04
1.46014000000000002E-04
1.45753000000000012E-04
1.46133000000000005E-04
1.63503999999999999E-04
1.46173000000000011E-04
1.45692999999999989E-04
2.16015000000000011E-04
2.61645999999999981E-04
1.64234000000000000E-04
1.45913000000000011E-04
1.45863000000000009E-04
1.63224000000000008E-04
1.57753999999999994E-04
1.46353000000000000E-04
1.46393000000000006E-04
1.62014000000000011E-04
1.45742999999999990E-04
1.45753000000000012E-04
1.45854000000000003E-04
1.45572999999999997E-04
1.66293999999999990E-04
1.67853999999999996E-04
1.78323999999999996E-04
1.46672999999999997E-04
1.46162999999999990E-04
1.46162999999999990E-04
1.46364000000000010E-04
1.46422999999999990E-04
1.62103999999999992E-04
1.46073000000000009E-04
1.81274000000000013E-04
1.45642999999999988E-04
1.45734000000000011E-04
1.45973000000000007E-04
1.45713000000000006E-04
1.45952999999999990E-04
2.47905999999999994E-04
1.50962999999999998E-04
1.45603999999999997E-04
1.46002999999999991E-04
1.45792999999999991E-04
1.62373999999999987E-04
1.45773000000000002E-04
1.45222999999999988E-04
1.45584000000000007E-04
1.45732999999999995E-04
1.57622999999999992E-04
1.46252999999999997E-04
1.45902999999999989E-04
1.45842999999999993E-04
1.45453999999999993E-04
1.45123000000000013E-04
1.45193000000000004E-04
1.45422999999999993E-04
2.48545999999999988E-04
1.48102999999999988E-04
1.45663999999999993E-04
1.45432999999999988E-04
1.45243000000000005E-04
1.45052999999999995E-04
1.45634000000000009E-04
1.45403000000000004E-04
1.45513000000000001E-04
1.45753000000000012E-04
1.45264000000000011E-04
1.45703000000000011E-04
1.45753000000000012E-04
2.40814000000000002E-04
2.07724000000000005E-04
1.90774000000000000E-04
1.92723999999999993E-04
1.69194000000000007E-04
1.70824000000000003E-04
1.59042999999999988E-04
1.78934000000000005E-04
1.80483999999999988E-04
1.99289000000000009E-04
1.58602999999999999E-04
1.50073999999999986E-04
1.46143000000000000E-04
1.55593000000000013E-04
1.45994000000000012E-04
1.46252999999999997E-04
1.45522999999999996E-04
1.45894000000000010E-04
1.45753000000000012E-04
1.45913000000000011E-04
1.45923000000000005E-04
1.45763999999999996E-04
1.74649000000000001E-04
1.45792999999999991E-04
1.45803000000000013E-04
1.45603999999999997E-04
1.45852999999999987E-04
1.45983000000000001E-04
1.45422999999999993E-04
1.45933999999999989E-04
1.45742999999999990E-04
1.45983000000000001E-04
1.45852999999999987E-04
1.55114000000000006E-04
1.62454000000000000E-04
1.45823000000000003E-04
1.45763000000000007E-04
1.62103999999999992E-04
1.45983000000000001E-04
1.45773000000000002E-04
1.45773999999999990E-04
1.45532999999999990E-04
1.45973000000000007E-04
1.46112999999999988E-04
1.45823999999999992E-04
1.45863000000000009E-04
1.45713000000000006E-04
1.61184000000000007E-04
1.45942999999999995E-04
1.45933000000000000E-04
1.45933000000000000E-04
1.46202999999999996E-04
1.46092999999999999E-04
1.45854000000000003E-04
1.45863000000000009E-04
1.45572999999999997E-04
1.45842999999999993E-04
1.62764000000000002E-04
1.72914000000000005E-04
1.72394000000000003E-04
2.09454999999999993E-04
1.74563999999999991E-04
1.45892999999999994E-04
1.45792999999999991E-04
1.45732999999999995E-04
1.45634000000000009E-04
1.45642999999999988E-04
1.45713000000000006E-04
1.45642999999999988E-04
1.45983999999999990E-04
1.45682999999999994E-04
1.45852999999999987E-04
1.45723999999999989E-04
