2.29393307879749244E+01
1.88428000000000006E-04
2.07072000000000012E-04
2.63008999999999975E-04
2.30050999999999997E-04
2.12229000000000004E-04
2.19867999999999989E-04
2.12890000000000003E-04
2.21384000000000007E-04
2.29800999999999991E-04
2.29812999999999990E-04
3.41539000000000024E-04
2.17430000000000010E-04
2.35142000000000006E-04
2.15923999999999988E-04
2.12315999999999991E-04
2.15588000000000010E-04
2.14071000000000004E-04
2.18740000000000010E-04
3.45547999999999992E-04
2.36800000000000010E-04
1.97702000000000012E-04
1.58745000000000012E-04
1.95037000000000010E-04
2.04093999999999988E-04
1.93954000000000007E-04
1.58841999999999995E-04
1.58636000000000004E-04
1.59080000000000002E-04
1.58863000000000000E-04
1.58669000000000008E-04
1.59058999999999996E-04
1.59101999999999996E-04
1.78743000000000006E-04
1.58722000000000003E-04
1.82274999999999999E-04
2.37309999999999989E-04
2.85204000000000002E-04
2.17516999999999998E-04
3.57338000000000013E-04
1.59394000000000012E-04
1.59318999999999997E-04
1.58343999999999987E-04
1.58949999999999988E-04
1.58430000000000013E-04
1.58733000000000013E-04
1.58798999999999995E-04
1.58863000000000000E-04
1.58602999999999999E-04
1.58593000000000004E-04
1.58462999999999990E-04
1.78504000000000011E-04
1.59340000000000002E-04
1.59113000000000006E-04
1.58917999999999999E-04
1.59080000000000002E-04
1.59091000000000012E-04
1.58896000000000005E-04
1.58743999999999997E-04
1.58951000000000003E-04
1.58960999999999998E-04
1.58939000000000004E-04
1.92403999999999996E-04
1.98471000000000004E-04
1.82664999999999987E-04
1.58884999999999994E-04
1.58982999999999992E-04
1.72578999999999989E-04
1.59361999999999996E-04
1.59621999999999997E-04
1.59220999999999999E-04
1.58972000000000009E-04
1.59318000000000008E-04
1.59166999999999989E-04
1.58700999999999997E-04
1.59242999999999993E-04
1.63522000000000011E-04
1.76457999999999997E-04
1.59080999999999990E-04
1.59166999999999989E-04
1.58992999999999987E-04
1.58808999999999990E-04
1.58669000000000008E-04
1.58874000000000011E-04
1.58960999999999998E-04
1.59048000000000013E-04
1.58777000000000001E-04
1.59058000000000008E-04
1.83878000000000004E-04
1.59101999999999996E-04
1.77335000000000009E-04
1.59492000000000010E-04
1.58722999999999991E-04
1.58874000000000011E-04
1.59037000000000002E-04
1.58474000000000001E-04
1.58949999999999988E-04
1.58929000000000009E-04
1.58896000000000005E-04
1.58786999999999996E-04
1.72621999999999988E-04
1.59113000000000006E-04
1.77681999999999997E-04
1.59156000000000006E-04
1.76836000000000012E-04
1.59187999999999994E-04
1.58733000000000013E-04
1.61583000000000001E-04
1.60683000000000006E-04
1.58505999999999990E-04
1.58906999999999988E-04
1.59068999999999991E-04
2.00995000000000009E-04
1.59514000000000005E-04
1.59135000000000000E-04
1.58505999999999990E-04
1.58841000000000006E-04
1.77226999999999989E-04
1.59080999999999990E-04
1.58960999999999998E-04
1.59091000000000012E-04
1.59166999999999989E-04
1.59113000000000006E-04
1.59242000000000004E-04
1.58734000000000002E-04
1.58917000000000010E-04
1.58765999999999991E-04
1.58853000000000005E-04
1.58755000000000007E-04
1.58863999999999989E-04
1.76825000000000002E-04
1.58874000000000011E-04
1.72644000000000009E-04
1.58646999999999987E-04
1.58624999999999993E-04
1.58820000000000001E-04
1.85990999999999988E-04
2.29921000000000010E-04
2.16779999999999995E-04
2.12381000000000012E-04
2.11210999999999994E-04
2.11038000000000008E-04
2.50228999999999979E-04
2.09836000000000001E-04
2.09077000000000004E-04
2.09445999999999987E-04
2.07734000000000000E-04
2.08664999999999995E-04
2.14970000000000010E-04
2.07550000000000003E-04
2.07094000000000006E-04
2.52367999999999993E-04
2.09456999999999997E-04
2.09098999999999998E-04
2.09153000000000008E-04
2.18308000000000011E-04
2.08893000000000007E-04
2.08762999999999993E-04
2.29292999999999988E-04
2.29888999999999994E-04
1.75730999999999988E-04
1.81797999999999996E-04
1.67400000000000003E-04
1.59512999999999989E-04
1.59144999999999995E-04
1.58679000000000003E-04
1.58745000000000012E-04
1.58798000000000007E-04
1.58972000000000009E-04
1.58798000000000007E-04
1.58939999999999993E-04
1.58906999999999988E-04
1.77529999999999989E-04
1.59328999999999992E-04
1.64778000000000000E-04
1.66164999999999992E-04
1.58810000000000006E-04
1.59383000000000002E-04
2.00432000000000008E-04
1.59588999999999993E-04
1.59523999999999999E-04
1.59101000000000007E-04
1.59113000000000006E-04
1.58982999999999992E-04
1.58949999999999988E-04
1.77042000000000003E-04
1.59860000000000004E-04
1.60032999999999991E-04
1.58939999999999993E-04
1.58917000000000010E-04
1.59318999999999997E-04
1.99564999999999991E-04
1.79392999999999995E-04
1.59189000000000010E-04
1.78808000000000000E-04
1.59135000000000000E-04
1.58982999999999992E-04
1.58810000000000006E-04
1.76338000000000005E-04
1.74983999999999990E-04
1.78092999999999990E-04
2.03627999999999996E-04
1.81093999999999998E-04
1.59199000000000005E-04
1.59340000000000002E-04
1.59101999999999996E-04
1.59134000000000012E-04
1.67519000000000007E-04
1.59263999999999998E-04
1.59144999999999995E-04
1.73045000000000008E-04
2.12002000000000007E-04
1.81614000000000000E-04
1.74128000000000011E-04
1.75990999999999989E-04
1.59686999999999991E-04
1.59285999999999992E-04
1.99337999999999995E-04
2.05264000000000005E-04
2.05772999999999996E-04
2.05946000000000010E-04
2.07104999999999990E-04
2.29824000000000001E-04
2.45808999999999991E-04
1.59113000000000006E-04
1.58603999999999988E-04
1.58679000000000003E-04
1.58734000000000002E-04
2.51739000000000010E-04
2.38062000000000012E-04
2.11861999999999999E-04
2.05491000000000002E-04
2.05145000000000002E-04
2.08027000000000006E-04
2.11427999999999996E-04
2.11914999999999993E-04
2.36951999999999991E-04
2.08535000000000008E-04
2.02317000000000008E-04
2.07722999999999990E-04
2.02890999999999993E-04
2.07419000000000001E-04
2.07896000000000003E-04
2.35803999999999994E-04
2.09812999999999992E-04
2.09716000000000009E-04
2.33062999999999988E-04
2.11873000000000009E-04
2.04190999999999997E-04
2.19239000000000006E-04
2.10766999999999996E-04
2.11048999999999991E-04
2.13474999999999998E-04
2.05481000000000007E-04
2.08297000000000001E-04
2.09022999999999994E-04
2.08805999999999993E-04
2.32228000000000013E-04
2.09824999999999991E-04
2.10430999999999992E-04
2.11959000000000008E-04
2.20983000000000008E-04
2.11406000000000002E-04
2.07743999999999995E-04
2.06920999999999993E-04
2.05502000000000012E-04
2.11060000000000002E-04
2.31276000000000013E-04
2.05892000000000000E-04
2.09218000000000002E-04
2.08924999999999996E-04
2.08308000000000012E-04
2.13940999999999990E-04
2.08070000000000005E-04
2.31026000000000007E-04
2.05555999999999995E-04
2.27428999999999994E-04
2.35142000000000006E-04
2.02761000000000006E-04
2.08068999999999989E-04
2.11775000000000011E-04
2.04386000000000005E-04
2.12012999999999991E-04
2.10193000000000012E-04
2.07906999999999987E-04
2.14018000000000010E-04
2.14417999999999992E-04
2.29964000000000009E-04
2.08762999999999993E-04
2.08881999999999997E-04
2.05371999999999998E-04
2.06488000000000006E-04
2.11742000000000007E-04
2.04667999999999999E-04
2.08220999999999997E-04
2.07409000000000006E-04
2.03921000000000001E-04
2.28437000000000009E-04
2.09130999999999987E-04
2.33441999999999992E-04
2.08719000000000005E-04
2.15240999999999995E-04
2.08568000000000013E-04
2.09824000000000002E-04
2.09423999999999993E-04
2.08893000000000007E-04
2.05371999999999998E-04
2.27256000000000007E-04
2.09022999999999994E-04
4.58768999999999985E-04
1.67292000000000010E-04
1.59784999999999989E-04
1.59502999999999994E-04
1.59545999999999993E-04
2.07256999999999998E-04
2.37709999999999999E-04
2.13042000000000011E-04
2.47629000000000024E-04
2.04992999999999994E-04
1.99468000000000009E-04
1.82167000000000006E-04
2.41565999999999998E-04
2.25934000000000009E-04
2.10668999999999998E-04
1.87832999999999989E-04
1.58777000000000001E-04
1.58624999999999993E-04
1.58765999999999991E-04
1.59058999999999996E-04
1.58710999999999992E-04
1.62775000000000013E-04
1.77085000000000003E-04
1.58679000000000003E-04
1.58571000000000010E-04
1.58831000000000011E-04
1.58571000000000010E-04
1.58571000000000010E-04
1.58722999999999991E-04
1.58851999999999990E-04
1.66794000000000003E-04
1.77670999999999987E-04
1.67953000000000010E-04
1.89826000000000008E-04
1.59220999999999999E-04
2.00323000000000000E-04
2.09120000000000004E-04
2.00280999999999989E-04
1.59199999999999994E-04
1.58972000000000009E-04
1.86185999999999996E-04
1.66684999999999994E-04
1.76088999999999987E-04
1.59036000000000014E-04
1.89891000000000002E-04
2.00430999999999992E-04
1.98762999999999994E-04
1.83477000000000005E-04
1.71938999999999995E-04
1.77507999999999995E-04
1.59416000000000006E-04
1.58906000000000000E-04
1.58431000000000002E-04
1.85698000000000010E-04
1.58798000000000007E-04
1.58896000000000005E-04
1.58689999999999987E-04
1.58765999999999991E-04
1.58755000000000007E-04
1.58917999999999999E-04
1.77128999999999991E-04
1.59036000000000014E-04
1.58851999999999990E-04
1.58788000000000012E-04
1.58333000000000003E-04
1.58646999999999987E-04
1.58917000000000010E-04
1.58354000000000009E-04
1.58689999999999987E-04
1.58603999999999988E-04
1.58430000000000013E-04
1.58581999999999994E-04
1.58788000000000012E-04
1.76252000000000006E-04
1.58679000000000003E-04
1.58560999999999988E-04
1.58710999999999992E-04
2.07431000000000000E-04
2.00940999999999999E-04
1.97452999999999995E-04
1.97626000000000008E-04
1.79685000000000012E-04
1.58603999999999988E-04
1.58786999999999996E-04
1.79652999999999996E-04
1.58906999999999988E-04
1.76240000000000007E-04
1.58667999999999993E-04
1.58646999999999987E-04
1.58734000000000002E-04
1.58526999999999995E-04
1.58745000000000012E-04
1.58495000000000006E-04
1.58863000000000000E-04
1.58939999999999993E-04
3.99319999999999992E-04
2.19867000000000001E-04
2.66056999999999991E-04
2.64220000000000015E-04
2.07690000000000012E-04
2.08101999999999994E-04
2.09619000000000000E-04
2.05653999999999993E-04
1.72926000000000004E-04
1.59036000000000014E-04
1.58863000000000000E-04
1.58994000000000003E-04
1.93823000000000004E-04
1.59144999999999995E-04
1.58734000000000002E-04
1.58679000000000003E-04
1.58820000000000001E-04
1.58841999999999995E-04
1.59113000000000006E-04
1.58820000000000001E-04
1.58646999999999987E-04
1.59654000000000013E-04
1.59426999999999990E-04
2.06564000000000010E-04
1.59146000000000011E-04
1.58689999999999987E-04
1.86044999999999998E-04
1.58917000000000010E-04
1.58743999999999997E-04
1.58646999999999987E-04
1.58364999999999992E-04
1.58788000000000012E-04
1.58906999999999988E-04
1.58733000000000013E-04
1.58722999999999991E-04
1.58841999999999995E-04
2.03596000000000007E-04
2.42737999999999992E-04
2.20442000000000001E-04
2.20637000000000009E-04
2.20518000000000005E-04
2.20723000000000008E-04
2.20289999999999993E-04
2.71457000000000013E-04
2.60109999999999974E-04
2.04787000000000003E-04
2.19552999999999990E-04
2.05524000000000006E-04
2.04245000000000007E-04
2.03086000000000000E-04
2.07538000000000004E-04
2.08655000000000000E-04
2.08394000000000011E-04
2.35435000000000012E-04
2.79473999999999988E-04
2.09554000000000007E-04
2.10962999999999993E-04
2.20874999999999988E-04
2.07376000000000001E-04
3.23522999999999986E-04
2.08254000000000002E-04
2.16703999999999991E-04
2.14190999999999996E-04
2.25393000000000002E-04
2.18177999999999997E-04
2.09153000000000008E-04
2.08514000000000003E-04
2.08719999999999994E-04
2.09435000000000003E-04
2.08805999999999993E-04
2.09922000000000000E-04
2.03129999999999988E-04
2.10583000000000000E-04
2.25326999999999993E-04
2.09705999999999987E-04
2.05588000000000011E-04
2.06054999999999991E-04
2.04982000000000010E-04
2.43636000000000010E-04
2.50548000000000014E-04
2.10029999999999993E-04
2.11795999999999989E-04
8.85171000000000026E-04
2.53842000000000000E-04
2.26832999999999988E-04
2.26247999999999993E-04
2.21155999999999995E-04
2.20799000000000012E-04
2.20766000000000007E-04
2.26075000000000006E-04
2.25598000000000004E-04
3.30521999999999977E-04
2.09661999999999999E-04
2.09738000000000003E-04
2.07560999999999987E-04
2.07245999999999987E-04
2.08969000000000011E-04
2.74360000000000023E-04
2.17321000000000002E-04
2.28318000000000005E-04
2.32272000000000001E-04
2.08459999999999993E-04
2.08893000000000007E-04
2.10107000000000013E-04
2.12436000000000010E-04
2.10690999999999992E-04
2.10616000000000004E-04
2.08784999999999987E-04
2.14765000000000008E-04
2.11320000000000003E-04
2.35154000000000005E-04
2.11158000000000000E-04
2.09640000000000005E-04
2.31308000000000002E-04
2.12284000000000002E-04
2.49832999999999978E-04
2.10463999999999996E-04
2.09661999999999999E-04
2.17407999999999989E-04
2.09879000000000001E-04
2.32868000000000007E-04
2.11167999999999995E-04
2.10420000000000008E-04
2.11654999999999992E-04
2.09824999999999991E-04
2.10659000000000004E-04
2.10506999999999996E-04
2.31155999999999994E-04
2.14818000000000002E-04
1.61561000000000007E-04
1.63792999999999995E-04
1.78147999999999989E-04
1.59330000000000008E-04
1.58994000000000003E-04
1.73608000000000009E-04
2.12577000000000008E-04
2.10399000000000003E-04
2.11537000000000004E-04
2.09251000000000006E-04
2.09933000000000011E-04
2.10549999999999995E-04
2.11439000000000006E-04
2.50098999999999992E-04
2.13453999999999993E-04
2.14786000000000013E-04
2.16789999999999989E-04
2.16130000000000006E-04
2.15262999999999989E-04
2.16574000000000004E-04
2.19552999999999990E-04
2.34579000000000005E-04
2.12565999999999997E-04
2.17559999999999997E-04
2.10745000000000002E-04
2.21677000000000012E-04
2.13074999999999989E-04
2.30355000000000013E-04
2.14699999999999987E-04
2.54587999999999982E-04
6.03670000000000053E-04
3.18051999999999983E-04
2.58349000000000003E-04
2.63483000000000011E-04
2.61879999999999980E-04
1.98915000000000002E-04
3.39848999999999978E-04
2.12814999999999988E-04
2.10778000000000007E-04
2.27287999999999996E-04
2.11601000000000009E-04
2.12868000000000009E-04
2.12868999999999998E-04
2.70135000000000015E-04
2.84521999999999998E-04
3.28548999999999974E-04
1.59697000000000013E-04
1.59101000000000007E-04
1.59015000000000008E-04
1.58927999999999994E-04
1.58939999999999993E-04
1.59187999999999994E-04
1.59404999999999996E-04
1.59015000000000008E-04
1.59275000000000009E-04
1.78483000000000005E-04
1.76901000000000006E-04
1.59080000000000002E-04
1.59361000000000008E-04
1.59037000000000002E-04
2.03410999999999994E-04
1.58994000000000003E-04
1.58939999999999993E-04
1.58972000000000009E-04
1.58462999999999990E-04
1.58788000000000012E-04
3.33747000000000015E-04
2.21654999999999991E-04
2.17755000000000005E-04
2.19607000000000000E-04
2.23031000000000000E-04
2.18979000000000005E-04
2.18817000000000002E-04
2.17927999999999991E-04
2.44123999999999996E-04
2.19650999999999988E-04
2.35738000000000012E-04
2.18664999999999994E-04
2.15913000000000004E-04
2.57524999999999985E-04
2.18924999999999995E-04
2.18296000000000012E-04
2.18480999999999997E-04
2.19423000000000003E-04
2.40515999999999999E-04
2.22489000000000004E-04
2.18719000000000004E-04
2.18903000000000001E-04
2.15946000000000009E-04
2.18263999999999996E-04
2.13443000000000009E-04
2.12479000000000010E-04
2.12033999999999996E-04
2.37330999999999995E-04
2.19943000000000005E-04
2.19022000000000005E-04
2.20690999999999992E-04
2.61684999999999999E-04
2.20711999999999997E-04
2.23777999999999998E-04
2.20310999999999999E-04
2.19769000000000003E-04
2.19423000000000003E-04
2.40527000000000010E-04
2.17950000000000012E-04
3.11259999999999998E-04
2.07755000000000006E-04
1.92057999999999997E-04
1.69762000000000005E-04
2.16335000000000008E-04
2.23777999999999998E-04
2.21709000000000001E-04
2.21134999999999989E-04
2.42866999999999991E-04
2.16368000000000013E-04
2.60654999999999990E-04
2.17851999999999987E-04
1.99034999999999994E-04
2.10051999999999987E-04
2.25154000000000006E-04
2.18719000000000004E-04
2.20279000000000010E-04
2.43083999999999992E-04
2.19012000000000010E-04
2.19790999999999997E-04
2.42097999999999999E-04
2.24503999999999990E-04
2.19108999999999992E-04
2.22131999999999994E-04
2.16986000000000013E-04
2.16411000000000012E-04
2.16984999999999997E-04
2.50362999999999974E-04
2.15025000000000009E-04
2.39974999999999992E-04
2.21611999999999992E-04
2.26464999999999994E-04
2.23410000000000004E-04
2.18556000000000013E-04
2.16369000000000001E-04
2.17743999999999994E-04
2.19239000000000006E-04
2.42715000000000010E-04
2.27721999999999999E-04
2.35435000000000012E-04
2.11515000000000010E-04
2.29270999999999994E-04
2.18492000000000008E-04
2.18134000000000009E-04
2.18848999999999991E-04
2.21482000000000005E-04
2.39823000000000011E-04
2.19423000000000003E-04
2.17483999999999993E-04
2.16627999999999987E-04
2.15436000000000002E-04
2.16216000000000005E-04
2.15696999999999992E-04
2.15512999999999995E-04
2.16595000000000009E-04
2.18187999999999992E-04
2.40353999999999996E-04
2.27721999999999999E-04
2.36832999999999987E-04
2.18003999999999995E-04
2.22727000000000011E-04
2.13031000000000001E-04
2.26767999999999995E-04
2.27213000000000008E-04
2.18199000000000003E-04
2.18654000000000011E-04
2.41036000000000001E-04
2.17256999999999997E-04
1.94148999999999987E-04
2.12425000000000000E-04
2.23963000000000010E-04
2.19444999999999997E-04
2.18881000000000007E-04
2.20528000000000000E-04
2.16996000000000007E-04
2.18382999999999999E-04
2.43247000000000011E-04
3.27122000000000003E-04
2.65734000000000001E-04
2.22575999999999991E-04
2.56429999999999983E-04
6.15726000000000034E-04
2.08199999999999992E-04
2.39974000000000003E-04
2.55488000000000004E-04
2.43765999999999997E-04
1.79197999999999988E-04
1.59545999999999993E-04
1.59318999999999997E-04
1.59070000000000007E-04
1.67996000000000009E-04
1.59275000000000009E-04
1.59275000000000009E-04
1.67238000000000000E-04
1.80172999999999998E-04
2.45982000000000004E-04
2.09695000000000004E-04
2.17755000000000005E-04
2.21005000000000002E-04
2.31914999999999991E-04
2.25295000000000004E-04
2.09619000000000000E-04
2.08915000000000001E-04
2.48874000000000003E-04
2.29769000000000002E-04
2.10897000000000010E-04
2.32596999999999996E-04
2.10518000000000006E-04
2.10668999999999998E-04
2.29432999999999997E-04
2.10475000000000007E-04
2.09576000000000001E-04
2.09110000000000009E-04
2.10473999999999991E-04
2.37168999999999992E-04
2.10105999999999997E-04
2.38891000000000000E-04
2.08535999999999997E-04
2.08265000000000013E-04
2.29986000000000003E-04
2.09769999999999992E-04
2.27483000000000004E-04
2.10344999999999993E-04
2.31057999999999996E-04
2.26714000000000012E-04
2.09955000000000005E-04
2.32381000000000010E-04
2.09423999999999993E-04
2.42624000000000013E-04
2.19802999999999996E-04
2.18263999999999996E-04
2.10518000000000006E-04
1.91320999999999993E-04
1.63282999999999988E-04
1.59967999999999997E-04
2.11222000000000005E-04
1.59156000000000006E-04
1.59123999999999990E-04
1.77822999999999995E-04
1.59275000000000009E-04
1.58528000000000011E-04
1.59025999999999992E-04
1.59263999999999998E-04
1.58853000000000005E-04
1.59285999999999992E-04
1.58874000000000011E-04
1.59416000000000006E-04
1.72730000000000008E-04
1.59762999999999995E-04
1.59037000000000002E-04
1.58917999999999999E-04
1.76770999999999992E-04
1.59263999999999998E-04
1.59297000000000003E-04
1.59111999999999990E-04
1.59209999999999988E-04
1.58884999999999994E-04
3.79532999999999986E-04
2.52270999999999984E-04
2.13248000000000002E-04
2.13074999999999989E-04
2.10843000000000000E-04
1.82188000000000011E-04
1.59156000000000006E-04
1.58722000000000003E-04
1.59025999999999992E-04
1.79056999999999990E-04
1.58896000000000005E-04
1.58474000000000001E-04
1.58538999999999994E-04
1.96109000000000002E-04
1.59654000000000013E-04
1.59101999999999996E-04
1.58722999999999991E-04
1.58896000000000005E-04
1.59187999999999994E-04
1.59113000000000006E-04
1.59080999999999990E-04
1.59135000000000000E-04
1.78970000000000003E-04
1.59242999999999993E-04
1.70824000000000003E-04
1.59003999999999998E-04
1.58700999999999997E-04
2.02653000000000013E-04
1.58896000000000005E-04
1.58884999999999994E-04
1.58884999999999994E-04
1.59037000000000002E-04
1.59199000000000005E-04
1.59037000000000002E-04
1.58808999999999990E-04
1.90688000000000001E-04
1.60087999999999989E-04
1.59285999999999992E-04
1.59514000000000005E-04
1.72394000000000003E-04
1.59426999999999990E-04
1.59383999999999991E-04
1.59437000000000012E-04
1.59220999999999999E-04
1.59318999999999997E-04
1.59459000000000006E-04
1.59373000000000007E-04
1.77875999999999989E-04
1.82329000000000009E-04
1.59394000000000012E-04
1.58906999999999988E-04
1.58798000000000007E-04
1.58636000000000004E-04
1.58788000000000012E-04
1.58528000000000011E-04
1.58517000000000000E-04
1.58722000000000003E-04
1.76749999999999987E-04
2.03443999999999999E-04
2.21818000000000010E-04
1.67238000000000000E-04
1.61029999999999995E-04
1.64518999999999988E-04
1.59156000000000006E-04
1.58820000000000001E-04
1.58906999999999988E-04
1.70108999999999994E-04
1.58929000000000009E-04
1.62091999999999992E-04
1.68862999999999999E-04
1.80421999999999988E-04
1.68028999999999987E-04
2.19032999999999988E-04
1.63804000000000006E-04
1.75212000000000002E-04
1.59068999999999991E-04
1.58755000000000007E-04
1.58972000000000009E-04
1.58841999999999995E-04
1.58874000000000011E-04
1.62179000000000007E-04
1.58636000000000004E-04
1.62535999999999990E-04
1.65331000000000007E-04
1.58657000000000009E-04
1.76880000000000001E-04
1.58884999999999994E-04
1.58853000000000005E-04
1.58462000000000002E-04
1.58636000000000004E-04
1.58624999999999993E-04
1.58808999999999990E-04
1.58831000000000011E-04
1.58929000000000009E-04
1.58786999999999996E-04
1.59058999999999996E-04
1.66338000000000006E-04
1.59037000000000002E-04
1.64258999999999987E-04
1.75569000000000013E-04
1.59037000000000002E-04
1.72546000000000011E-04
1.59058000000000008E-04
8.09310999999999950E-04
3.17439999999999996E-04
2.23572000000000007E-04
1.88817999999999994E-04
1.59795000000000011E-04
1.64680999999999991E-04
1.58874000000000011E-04
1.59113000000000006E-04
1.59015000000000008E-04
1.58917000000000010E-04
1.59037000000000002E-04
1.59254000000000004E-04
1.70184999999999998E-04
1.58982999999999992E-04
1.77085999999999991E-04
1.58874000000000011E-04
1.59015000000000008E-04
1.59113000000000006E-04
1.77800000000000012E-04
1.58863999999999989E-04
1.59025999999999992E-04
1.62081000000000009E-04
1.58917999999999999E-04
1.58874000000000011E-04
1.59048000000000013E-04
1.58722999999999991E-04
1.58906999999999988E-04
1.76749999999999987E-04
1.72763000000000013E-04
1.59328999999999992E-04
1.59340999999999991E-04
1.59318999999999997E-04
1.59144999999999995E-04
1.58949999999999988E-04
1.58939000000000004E-04
1.59351000000000013E-04
1.59394000000000012E-04
1.66782000000000003E-04
1.59178000000000000E-04
1.60998000000000006E-04
1.88710000000000001E-04
1.97452000000000006E-04
2.15144000000000012E-04
2.14613000000000000E-04
2.12424000000000011E-04
2.13193999999999992E-04
2.15047000000000003E-04
2.14656999999999988E-04
2.16206000000000010E-04
2.18318000000000006E-04
1.77421999999999996E-04
1.78798000000000005E-04
1.67323999999999999E-04
1.68039999999999997E-04
1.90280999999999990E-04
2.16118999999999995E-04
2.19704999999999998E-04
2.12857999999999987E-04
2.01005999999999993E-04
2.00757000000000003E-04
2.06001000000000009E-04
2.10258000000000005E-04
2.53245999999999994E-04
2.13085000000000011E-04
2.21449000000000000E-04
2.09976000000000010E-04
2.11558000000000010E-04
2.14083000000000003E-04
2.14061000000000009E-04
2.10723999999999997E-04
2.35705999999999996E-04
2.15404000000000013E-04
2.12002000000000007E-04
2.10647999999999993E-04
2.19325999999999994E-04
2.15729000000000008E-04
2.51057000000000005E-04
2.10377000000000009E-04
2.10561000000000006E-04
2.13107000000000005E-04
2.37504000000000008E-04
2.13475999999999987E-04
2.10311999999999988E-04
2.36020000000000007E-04
4.61136000000000011E-04
2.09585999999999995E-04
2.09141999999999998E-04
2.09012999999999999E-04
2.41219999999999998E-04
2.10246999999999995E-04
2.09249999999999990E-04
2.08752000000000010E-04
2.08914000000000013E-04
2.45130999999999995E-04
2.09239999999999996E-04
2.09466999999999992E-04
2.28924999999999994E-04
1.66999999999999994E-04
1.98438999999999988E-04
1.97571999999999998E-04
2.08979000000000006E-04
2.08254000000000002E-04
2.09943000000000006E-04
2.33181000000000002E-04
2.12759999999999989E-04
2.09175000000000002E-04
2.26963000000000002E-04
2.09315000000000011E-04
2.26476000000000005E-04
2.09110000000000009E-04
3.02261999999999973E-04
2.32467000000000009E-04
2.47708999999999983E-04
2.20463000000000007E-04
2.21124000000000006E-04
2.20993999999999992E-04
2.21275999999999987E-04
2.21460000000000011E-04
2.86537000000000011E-04
2.15295999999999993E-04
2.58997999999999976E-04
2.23312000000000006E-04
2.13539999999999992E-04
2.12911999999999997E-04
2.14429000000000003E-04
2.14699999999999987E-04
2.16118999999999995E-04
2.17548999999999987E-04
2.16476999999999994E-04
2.32055000000000000E-04
2.37884000000000001E-04
2.22618999999999991E-04
2.14515999999999991E-04
2.13291999999999990E-04
2.16421999999999996E-04
2.15555000000000005E-04
2.15512000000000006E-04
2.20940000000000009E-04
2.14982000000000009E-04
2.14698999999999999E-04
2.37569000000000002E-04
2.20885000000000010E-04
2.16390000000000007E-04
2.15729000000000008E-04
2.14266000000000012E-04
2.16898999999999998E-04
2.17202999999999987E-04
2.43149000000000013E-04
2.09738000000000003E-04
2.13422000000000004E-04
2.36788999999999999E-04
2.15577999999999988E-04
2.15099999999999997E-04
2.15209000000000006E-04
2.15794000000000001E-04
2.12694999999999996E-04
2.21222000000000004E-04
2.17354000000000006E-04
2.15502000000000011E-04
2.16130000000000006E-04
2.60698999999999978E-04
2.26681999999999996E-04
2.21351999999999991E-04
2.21319000000000013E-04
2.30744000000000012E-04
2.20690999999999992E-04
2.20518000000000005E-04
2.21654999999999991E-04
2.21145000000000011E-04
2.42790999999999987E-04
2.25717999999999996E-04
2.21482000000000005E-04
2.20377000000000008E-04
2.21720000000000012E-04
2.64858999999999993E-04
2.21546000000000010E-04
2.20539000000000011E-04
2.50992000000000012E-04
2.07288999999999987E-04
2.06195000000000000E-04
2.07225000000000009E-04
1.59492000000000010E-04
1.58972000000000009E-04
1.90270000000000006E-04
1.59025999999999992E-04
1.59037000000000002E-04
1.59036000000000014E-04
1.79089999999999995E-04
1.59048000000000013E-04
1.58700999999999997E-04
1.59275000000000009E-04
1.59189000000000010E-04
1.58624999999999993E-04
1.58992999999999987E-04
1.59068999999999991E-04
1.58896000000000005E-04
1.58689999999999987E-04
1.59015999999999997E-04
1.58462000000000002E-04
1.58788000000000012E-04
1.79858999999999987E-04
1.58798999999999995E-04
1.58841999999999995E-04
1.63565000000000010E-04
1.58646999999999987E-04
1.59447999999999995E-04
1.58929000000000009E-04
2.31291999999999994E-04
2.12923000000000008E-04
2.32933000000000001E-04
2.12393000000000011E-04
2.12489999999999993E-04
2.17495000000000004E-04
2.12792999999999994E-04
2.12988000000000001E-04
2.13562000000000013E-04
2.37006000000000001E-04
2.14049000000000010E-04
2.13128999999999999E-04
2.14818000000000002E-04
2.13183999999999997E-04
2.15383000000000008E-04
2.19585999999999995E-04
2.15793000000000012E-04
2.13138999999999993E-04
2.47698999999999988E-04
2.36777999999999988E-04
2.14178999999999997E-04
2.18297000000000001E-04
2.14699999999999987E-04
2.15187000000000012E-04
2.16464999999999995E-04
2.20408999999999997E-04
2.30007000000000009E-04
2.15891999999999999E-04
2.21828999999999993E-04
2.39162000000000012E-04
2.15696000000000003E-04
2.16194999999999999E-04
2.16280999999999998E-04
2.18447999999999993E-04
2.19098000000000009E-04
2.22045000000000006E-04
2.28154999999999987E-04
2.15858999999999994E-04
2.39291999999999999E-04
2.73732000000000001E-04
2.11677000000000013E-04
2.06032999999999997E-04
2.33853000000000012E-04
2.70493000000000014E-04
2.23832999999999996E-04
2.07084000000000012E-04
1.97810000000000005E-04
2.09466999999999992E-04
2.09163999999999992E-04
2.14786000000000013E-04
2.35672999999999991E-04
2.33322999999999989E-04
2.14016999999999994E-04
2.13388999999999999E-04
2.31556999999999992E-04
2.11341999999999997E-04
2.17321999999999990E-04
2.12976999999999991E-04
2.09511000000000007E-04
2.14081999999999988E-04
2.10972999999999987E-04
2.37991999999999994E-04
2.10172000000000006E-04
2.08774000000000004E-04
2.15262999999999989E-04
2.12315999999999991E-04
2.12911999999999997E-04
2.14937999999999994E-04
2.14352999999999999E-04
2.15176999999999990E-04
2.11807000000000000E-04
2.37602000000000006E-04
2.40928000000000008E-04
2.13995000000000000E-04
2.18568000000000012E-04
2.18719000000000004E-04
2.13952999999999989E-04
2.12045999999999996E-04
2.17571000000000008E-04
1.76295000000000005E-04
1.59189000000000010E-04
1.74377000000000001E-04
2.47557999999999990E-04
2.09390999999999988E-04
2.10062999999999998E-04
2.37547999999999996E-04
2.08394000000000011E-04
2.31687000000000006E-04
2.09196000000000008E-04
2.09955000000000005E-04
2.56491000000000021E-04
2.45748000000000006E-04
2.45494000000000018E-04
2.13811000000000003E-04
2.08729999999999989E-04
2.25393000000000002E-04
2.07311999999999996E-04
2.13496999999999992E-04
2.06813000000000000E-04
2.08297000000000001E-04
2.31599999999999992E-04
2.06801999999999990E-04
2.10647999999999993E-04
2.12510999999999999E-04
2.06552000000000011E-04
2.08719000000000005E-04
2.12100000000000006E-04
2.11157000000000011E-04
2.08048000000000011E-04
2.23766999999999987E-04
2.30678999999999991E-04
2.08199000000000003E-04
2.05858999999999995E-04
2.12554999999999987E-04
2.08166999999999987E-04
2.53765999999999996E-04
2.27127999999999998E-04
2.95247000000000001E-04
2.13226000000000008E-04
3.60572999999999992E-04
2.82746000000000006E-04
4.58974999999999975E-04
3.49137000000000015E-04
2.21231999999999999E-04
2.40126000000000011E-04
2.18425999999999999E-04
2.18328999999999989E-04
2.22196999999999987E-04
2.17907000000000013E-04
2.17147999999999988E-04
2.40883999999999993E-04
2.17483999999999993E-04
2.18036000000000011E-04
2.17972000000000006E-04
2.18263999999999996E-04
2.18740000000000010E-04
2.18502000000000003E-04
2.22868999999999997E-04
2.17569999999999992E-04
2.40971000000000007E-04
2.43331999999999994E-04
2.18187999999999992E-04
2.09325999999999994E-04
1.92305999999999998E-04
1.91678999999999992E-04
3.07587000000000008E-04
2.29790999999999996E-04
3.10040999999999995E-04
2.61982999999999975E-04
2.09390999999999988E-04
1.83844999999999999E-04
1.60044999999999990E-04
1.60153000000000010E-04
2.45883999999999979E-04
1.91570000000000011E-04
1.99576000000000001E-04
1.93336000000000007E-04
1.91191000000000006E-04
1.96455999999999991E-04
1.87994999999999992E-04
1.94138000000000004E-04
1.86944000000000004E-04
2.05100999999999987E-04
1.82675000000000009E-04
1.95806000000000002E-04
1.80931999999999995E-04
1.90117999999999998E-04
1.88774999999999994E-04
1.99619000000000001E-04
1.76770999999999992E-04
1.62470999999999997E-04
1.89891000000000002E-04
1.73814000000000000E-04
1.67497000000000013E-04
1.88958999999999991E-04
1.97245999999999988E-04
1.81072000000000004E-04
1.86412999999999992E-04
1.96207000000000000E-04
1.88850999999999998E-04
1.78569999999999993E-04
1.84863999999999997E-04
2.51870000000000013E-04
1.77118000000000007E-04
2.04803000000000011E-04
2.09576000000000001E-04
2.09955000000000005E-04
2.11189000000000000E-04
2.09521000000000002E-04
2.08979999999999995E-04
2.13281000000000007E-04
2.01613000000000009E-04
2.12456999999999989E-04
2.35435000000000012E-04
2.11210999999999994E-04
4.90467999999999980E-04
1.99056000000000000E-04
2.01611999999999993E-04
1.90606000000000011E-04
1.91353000000000009E-04
2.31687000000000006E-04
1.80769000000000003E-04
1.67410999999999987E-04
1.65288000000000007E-04
1.59383000000000002E-04
2.17104999999999989E-04
2.21534999999999999E-04
2.16791000000000005E-04
2.17657000000000007E-04
2.19595999999999989E-04
2.21709000000000001E-04
2.19022999999999993E-04
2.20582999999999999E-04
2.14937999999999994E-04
1.58972000000000009E-04
1.77832999999999990E-04
1.62936999999999989E-04
1.58927999999999994E-04
2.00139999999999991E-04
1.63943999999999988E-04
1.58528000000000011E-04
1.66815000000000008E-04
1.59015999999999997E-04
1.58863000000000000E-04
1.58820000000000001E-04
1.58788000000000012E-04
1.58906999999999988E-04
1.59058999999999996E-04
1.77378000000000008E-04
1.59275999999999998E-04
1.59068999999999991E-04
1.66121999999999993E-04
1.95037000000000010E-04
1.87063000000000008E-04
1.70368000000000006E-04
1.79273999999999992E-04
1.58733000000000013E-04
1.59123999999999990E-04
1.64400000000000012E-04
1.64301999999999986E-04
1.60976000000000012E-04
1.76749999999999987E-04
1.58939000000000004E-04
1.58722000000000003E-04
1.59025999999999992E-04
1.89587000000000013E-04
1.59003999999999998E-04
1.59189000000000010E-04
1.58831000000000011E-04
1.59275000000000009E-04
1.59307999999999987E-04
1.59242999999999993E-04
1.59080000000000002E-04
1.72308000000000004E-04
2.02918000000000011E-04
1.58571000000000010E-04
1.59600000000000003E-04
1.59080000000000002E-04
1.58765999999999991E-04
1.59123000000000001E-04
1.58798999999999995E-04
1.59123000000000001E-04
1.59178000000000000E-04
1.79707000000000006E-04
2.24427999999999986E-04
2.63043999999999984E-04
2.21351000000000002E-04
2.49714000000000002E-04
2.20907000000000004E-04
2.20191999999999995E-04
2.21623000000000002E-04
2.26994999999999991E-04
2.45564999999999998E-04
2.48836000000000001E-04
2.20809999999999995E-04
2.21546000000000010E-04
2.21048000000000002E-04
2.45305000000000024E-04
2.20506999999999995E-04
2.21460000000000011E-04
2.19998000000000003E-04
2.26388999999999990E-04
3.31443000000000005E-04
2.16627999999999987E-04
2.71716000000000026E-04
2.09141999999999998E-04
2.46679999999999990E-04
2.24298000000000000E-04
2.51436000000000010E-04
2.30895999999999993E-04
2.09186000000000013E-04
2.09316000000000000E-04
2.44698000000000008E-04
2.09738000000000003E-04
2.09012000000000011E-04
2.93492000000000015E-04
2.08146000000000009E-04
2.69821000000000004E-04
2.17569999999999992E-04
2.09650999999999989E-04
2.16877999999999993E-04
2.14634999999999994E-04
2.52952999999999989E-04
2.21081000000000006E-04
2.20950999999999992E-04
2.21394999999999990E-04
2.21220999999999988E-04
2.21720000000000012E-04
2.26855000000000009E-04
2.20940000000000009E-04
2.48468000000000007E-04
2.20897000000000010E-04
2.21666000000000002E-04
2.39432000000000007E-04
2.20907999999999993E-04
2.20960999999999987E-04
2.21535999999999988E-04
2.21384000000000007E-04
2.21167999999999994E-04
2.76993000000000009E-04
2.26357000000000001E-04
2.21200000000000010E-04
2.21568000000000004E-04
2.28208999999999996E-04
2.21363000000000001E-04
2.20420000000000007E-04
2.21480999999999989E-04
2.21114000000000011E-04
2.25305999999999987E-04
1.86262000000000000E-04
1.75785999999999987E-04
1.71993999999999993E-04
1.86987000000000004E-04
1.59005000000000013E-04
1.58777000000000001E-04
1.63966000000000009E-04
1.70769999999999993E-04
1.76359999999999999E-04
1.97247000000000004E-04
2.32455999999999998E-04
2.38306000000000005E-04
2.47092000000000026E-04
2.20711999999999997E-04
2.21319000000000013E-04
2.20463000000000007E-04
2.21091000000000001E-04
2.20983000000000008E-04
2.26474999999999989E-04
2.21394999999999990E-04
2.21048000000000002E-04
2.42834000000000013E-04
2.21665000000000013E-04
2.21059000000000012E-04
2.43517000000000006E-04
2.20225000000000000E-04
2.21222000000000004E-04
2.39692999999999997E-04
2.21752000000000001E-04
2.35347999999999997E-04
2.47763999999999981E-04
2.10604000000000005E-04
1.76923000000000000E-04
1.75124999999999988E-04
1.91451000000000007E-04
2.40029000000000002E-04
2.04982000000000010E-04
1.71268000000000001E-04
1.88743000000000005E-04
2.00812000000000001E-04
1.74496000000000004E-04
2.15837000000000000E-04
2.37115000000000009E-04
2.16032000000000008E-04
2.17667999999999990E-04
2.17548999999999987E-04
2.29921000000000010E-04
2.17786999999999994E-04
2.17342999999999996E-04
2.20516999999999989E-04
2.15707000000000014E-04
2.36810999999999993E-04
2.22098999999999989E-04
2.19487999999999996E-04
2.14212999999999990E-04
2.16724999999999996E-04
2.17884999999999992E-04
2.16791000000000005E-04
2.18513000000000013E-04
2.20322000000000009E-04
2.19499000000000007E-04
2.37450999999999987E-04
2.16226999999999988E-04
2.14147999999999997E-04
2.24178999999999996E-04
2.12055999999999990E-04
2.15966999999999987E-04
2.17125999999999994E-04
2.17960999999999996E-04
2.22326000000000012E-04
2.17376000000000000E-04
2.27190999999999987E-04
2.02945000000000003E-04
2.07820999999999988E-04
2.17765000000000000E-04
2.18122999999999999E-04
2.17864000000000013E-04
2.18079999999999999E-04
2.22012000000000001E-04
2.21871999999999993E-04
2.13995999999999989E-04
2.36789999999999988E-04
2.17170000000000010E-04
2.69994999999999979E-04
2.16996000000000007E-04
2.17765999999999988E-04
2.18089999999999994E-04
2.18490999999999992E-04
2.22489000000000004E-04
2.17593000000000002E-04
2.17592000000000013E-04
2.36571999999999998E-04
2.16595999999999998E-04
2.14223000000000012E-04
2.17993000000000012E-04
2.22921999999999991E-04
2.38273999999999989E-04
2.18881000000000007E-04
2.22921999999999991E-04
2.18924999999999995E-04
2.46138999999999982E-04
2.17927999999999991E-04
2.17385999999999995E-04
2.18013999999999990E-04
2.16161999999999995E-04
2.30830000000000011E-04
2.13920000000000012E-04
2.15414000000000008E-04
2.22358999999999990E-04
2.18707999999999994E-04
2.38609000000000005E-04
2.19098000000000009E-04
2.18967999999999995E-04
2.18340000000000000E-04
2.17635000000000013E-04
2.17624999999999991E-04
2.21014999999999997E-04
2.21417000000000011E-04
2.19867000000000001E-04
2.14796999999999997E-04
2.37688999999999994E-04
2.18903999999999990E-04
2.19108999999999992E-04
2.17733000000000011E-04
2.18122999999999999E-04
2.18177000000000009E-04
2.17765999999999988E-04
2.43863999999999995E-04
2.18187999999999992E-04
2.15457999999999996E-04
2.33994999999999998E-04
2.11470999999999995E-04
2.03021000000000007E-04
2.03172999999999988E-04
2.08437000000000010E-04
2.14417999999999992E-04
2.55922000000000007E-04
2.18437999999999998E-04
1.80898999999999990E-04
1.59003999999999998E-04
1.78526999999999993E-04
1.76543999999999996E-04
1.59263999999999998E-04
1.58949999999999988E-04
1.59189000000000010E-04
1.59318999999999997E-04
1.59275000000000009E-04
1.59101999999999996E-04
1.90952999999999999E-04
2.17008000000000007E-04
2.17407999999999989E-04
2.13160999999999987E-04
2.35868999999999988E-04
2.13572999999999996E-04
2.19368999999999993E-04
2.10962000000000004E-04
2.11091999999999991E-04
2.32901000000000012E-04
2.13887999999999996E-04
2.18414999999999988E-04
2.22153999999999988E-04
2.16779999999999995E-04
2.38110999999999998E-04
2.18154999999999987E-04
2.18621000000000006E-04
2.18340000000000000E-04
2.23214999999999997E-04
2.13572999999999996E-04
2.13692000000000000E-04
2.13302000000000012E-04
2.17798000000000004E-04
2.16509000000000010E-04
2.39692999999999997E-04
2.23376999999999999E-04
2.13930000000000007E-04
2.67079999999999998E-04
2.22825000000000009E-04
2.18404999999999993E-04
2.17808999999999988E-04
2.18523999999999997E-04
2.18134000000000009E-04
2.43050999999999988E-04
2.17970999999999990E-04
2.17927999999999991E-04
2.15631000000000010E-04
3.18798999999999981E-04
2.16769000000000011E-04
2.20095000000000013E-04
2.20072999999999992E-04
2.21200000000000010E-04
2.20170999999999990E-04
2.21308000000000003E-04
2.31394000000000001E-04
2.48944000000000021E-04
2.20907999999999993E-04
2.17082999999999995E-04
2.19368999999999993E-04
2.20029999999999992E-04
2.17223999999999992E-04
2.20074000000000007E-04
2.19769999999999991E-04
2.19835000000000012E-04
2.48218999999999990E-04
2.19640000000000005E-04
2.19227999999999996E-04
2.20160000000000006E-04
2.24526000000000012E-04
2.19151999999999992E-04
2.20539000000000011E-04
2.19217000000000012E-04
2.33701999999999993E-04
2.20398000000000013E-04
2.73265999999999982E-04
2.22262000000000008E-04
2.19888999999999995E-04
2.19065999999999993E-04
2.19521000000000001E-04
2.20127000000000002E-04
2.21167000000000005E-04
2.19781000000000002E-04
2.18177000000000009E-04
2.19032999999999988E-04
2.47990999999999978E-04
2.19163000000000002E-04
2.13128999999999999E-04
2.18328999999999989E-04
2.19456000000000008E-04
2.18729999999999988E-04
2.59680999999999996E-04
2.21589999999999998E-04
2.21243999999999998E-04
2.49615999999999976E-04
2.19976000000000009E-04
2.17559999999999997E-04
2.14710999999999998E-04
2.20050999999999998E-04
2.24634000000000004E-04
2.20182000000000000E-04
2.20344000000000003E-04
2.20148999999999996E-04
2.18480999999999997E-04
2.44405000000000002E-04
2.64881000000000014E-04
2.18156000000000003E-04
2.17776999999999999E-04
2.55823999999999982E-04
2.14786000000000013E-04
2.15619999999999999E-04
2.12219000000000009E-04
2.17571000000000008E-04
2.47667000000000026E-04
2.10062999999999998E-04
2.30701000000000013E-04
2.14429000000000003E-04
2.18848999999999991E-04
2.18914000000000012E-04
2.18177000000000009E-04
2.17679000000000001E-04
2.18232000000000007E-04
3.53022999999999998E-04
2.62747000000000024E-04
2.15880999999999988E-04
2.16498000000000000E-04
2.29671999999999992E-04
2.12207999999999998E-04
2.13281000000000007E-04
2.13042000000000011E-04
2.52443999999999997E-04
2.09650999999999989E-04
2.08881999999999997E-04
2.08698000000000000E-04
2.10138000000000013E-04
2.08719000000000005E-04
2.08557000000000002E-04
2.08557000000000002E-04
2.08514000000000003E-04
2.80650999999999980E-04
2.47546999999999980E-04
1.96175000000000011E-04
2.10800000000000001E-04
2.12446000000000005E-04
3.65264000000000018E-04
2.88097000000000017E-04
3.11248000000000026E-04
2.89375999999999989E-04
5.63172000000000022E-04
3.15279000000000015E-04
2.14937999999999994E-04
2.15751000000000002E-04
2.12911999999999997E-04
2.15944999999999993E-04
2.41869999999999986E-04
2.15187000000000012E-04
2.14341999999999988E-04
2.12057000000000006E-04
2.22119999999999994E-04
2.11764000000000001E-04
2.42584999999999996E-04
2.54556000000000021E-04
2.10864999999999994E-04
2.12446000000000005E-04
2.40558999999999999E-04
3.22341999999999984E-04
2.15414999999999997E-04
2.36691999999999990E-04
2.14341999999999988E-04
2.16118999999999995E-04
2.10344999999999993E-04
2.15913000000000004E-04
2.12219000000000009E-04
2.37948000000000006E-04
2.14038999999999988E-04
3.13523999999999975E-04
6.50674999999999973E-04
2.10778000000000007E-04
2.10821000000000006E-04
2.12890999999999992E-04
2.12489000000000005E-04
2.35813999999999989E-04
2.65401000000000016E-04
2.10268999999999989E-04
2.11504000000000000E-04
2.14331999999999994E-04
2.16801999999999989E-04
2.15262999999999989E-04
2.15772000000000007E-04
2.11189000000000000E-04
2.29249000000000000E-04
7.11163000000000008E-04
1.95632999999999989E-04
2.02208999999999988E-04
2.24286999999999989E-04
2.02339000000000002E-04
2.01862000000000000E-04
2.02880000000000009E-04
1.61485000000000003E-04
1.59666000000000013E-04
1.67670999999999988E-04
2.02577000000000009E-04
2.02425000000000001E-04
2.02837000000000010E-04
2.02090000000000012E-04
2.36321000000000003E-04
2.03541000000000008E-04
1.80996999999999988E-04
1.58669000000000008E-04
1.97896999999999993E-04
2.08686999999999989E-04
2.08969000000000011E-04
2.09249999999999990E-04
2.08568000000000013E-04
2.31708000000000012E-04
2.22890000000000002E-04
2.08914000000000013E-04
1.95718999999999987E-04
1.64400000000000012E-04
1.62189999999999990E-04
1.67867000000000011E-04
1.70910999999999990E-04
2.08805999999999993E-04
2.03400000000000011E-04
2.05154999999999997E-04
2.29313999999999994E-04
2.05469000000000008E-04
2.08025999999999990E-04
2.08926000000000012E-04
2.20852999999999994E-04
2.13355999999999995E-04
1.59893000000000009E-04
3.87657999999999980E-04
2.12847000000000004E-04
2.13074999999999989E-04
2.35739000000000001E-04
2.12641000000000013E-04
2.12771999999999988E-04
2.26865999999999993E-04
2.17387000000000011E-04
2.11286999999999998E-04
2.12262000000000008E-04
2.10604999999999994E-04
3.50931999999999980E-04
6.46601000000000012E-04
2.12207999999999998E-04
2.35813999999999989E-04
2.18349999999999995E-04
2.13367000000000005E-04
2.13150999999999993E-04
2.13052999999999995E-04
2.12728000000000000E-04
2.35695000000000013E-04
2.10463999999999996E-04
2.88074999999999996E-04
2.13617000000000012E-04
2.19888999999999995E-04
2.12057000000000006E-04
2.13334000000000001E-04
2.36270000000000013E-04
2.13312999999999995E-04
2.13453000000000004E-04
2.42054000000000010E-04
3.52122000000000014E-04
2.20506999999999995E-04
4.26008000000000018E-04
2.20657999999999987E-04
1.99110000000000010E-04
2.01060000000000003E-04
2.00995999999999998E-04
1.60716000000000011E-04
1.80086000000000010E-04
1.79946000000000001E-04
1.64042000000000013E-04
2.09576000000000001E-04
2.11677000000000013E-04
2.12219000000000009E-04
2.12479000000000010E-04
2.12685000000000001E-04
2.12436000000000010E-04
2.21752999999999989E-04
2.28545000000000001E-04
2.68466999999999989E-04
2.11959000000000008E-04
2.34579999999999994E-04
2.11535999999999989E-04
2.15242000000000010E-04
2.15934999999999998E-04
2.10008999999999988E-04
2.36605000000000002E-04
2.05739999999999992E-04
2.07624999999999992E-04
2.30842000000000010E-04
2.12153999999999988E-04
2.31794999999999999E-04
2.10735000000000008E-04
2.09619000000000000E-04
2.95324000000000021E-04
2.23248000000000001E-04
2.14223000000000012E-04
2.13400000000000010E-04
2.19530999999999996E-04
1.61051999999999989E-04
1.58906999999999988E-04
1.66772000000000009E-04
1.58777000000000001E-04
1.61170999999999992E-04
1.79480000000000010E-04
1.73976000000000003E-04
1.58927999999999994E-04
1.64269000000000009E-04
1.58808999999999990E-04
1.58636000000000004E-04
1.58700999999999997E-04
1.59113000000000006E-04
1.58982000000000004E-04
1.59003999999999998E-04
1.59015000000000008E-04
1.58462999999999990E-04
1.58841999999999995E-04
1.76338000000000005E-04
1.91981999999999993E-04
1.77269999999999988E-04
1.59048000000000013E-04
1.58743999999999997E-04
1.58853000000000005E-04
1.58777000000000001E-04
1.58808999999999990E-04
1.58548999999999989E-04
1.59123999999999990E-04
1.58602999999999999E-04
1.58603999999999988E-04
1.58700999999999997E-04
1.76490000000000013E-04
1.58765999999999991E-04
1.58733000000000013E-04
1.59166999999999989E-04
1.58733000000000013E-04
1.58798999999999995E-04
1.58939000000000004E-04
1.58755000000000007E-04
1.73327000000000003E-04
1.59166999999999989E-04
1.58896000000000005E-04
1.58571000000000010E-04
1.90671000000000005E-04
1.59438000000000001E-04
1.76295000000000005E-04
1.59156999999999994E-04
1.58863000000000000E-04
1.58755000000000007E-04
1.58636000000000004E-04
1.59123999999999990E-04
1.58526999999999995E-04
1.58691000000000002E-04
1.75524999999999997E-04
2.16302999999999992E-04
2.50017000000000002E-04
2.24894999999999994E-04
3.92123999999999988E-04
1.94212999999999992E-04
2.06705000000000007E-04
1.67020999999999999E-04
1.58808999999999990E-04
1.77052999999999987E-04
1.58896000000000005E-04
2.33161000000000013E-04
1.59101999999999996E-04
1.58992999999999987E-04
1.58896000000000005E-04
1.58841999999999995E-04
1.58884999999999994E-04
1.75178000000000009E-04
1.58896000000000005E-04
1.58949999999999988E-04
1.63229000000000005E-04
1.75395000000000011E-04
1.99251000000000007E-04
1.99034000000000006E-04
2.22348000000000006E-04
1.97863999999999988E-04
1.98926000000000013E-04
3.97769000000000020E-04
2.11730999999999996E-04
2.14830000000000001E-04
2.13811000000000003E-04
2.24720999999999992E-04
1.90735999999999998E-04
1.59025999999999992E-04
1.59101999999999996E-04
1.59567999999999987E-04
1.59199000000000005E-04
1.80659999999999995E-04
1.70878000000000013E-04
1.93054000000000012E-04
1.72177999999999990E-04
1.61463000000000009E-04
1.58927999999999994E-04
1.59101999999999996E-04
1.59156000000000006E-04
1.75167999999999987E-04
1.59297000000000003E-04
1.62427999999999997E-04
1.58970999999999993E-04
1.58820000000000001E-04
1.85438000000000009E-04
1.59394000000000012E-04
1.58755000000000007E-04
1.58777000000000001E-04
1.59211000000000004E-04
1.82069000000000008E-04
1.62773999999999997E-04
1.58960999999999998E-04
1.59187999999999994E-04
1.79003000000000007E-04
1.59048000000000013E-04
1.58994000000000003E-04
1.58972000000000009E-04
1.77008999999999999E-04
1.59189000000000010E-04
1.59080999999999990E-04
1.59187999999999994E-04
1.59232000000000010E-04
1.69036000000000013E-04
1.59524999999999988E-04
1.89544000000000013E-04
2.61690000000000024E-04
2.12284000000000002E-04
2.11210999999999994E-04
2.14092999999999998E-04
2.13453999999999993E-04
2.14536999999999996E-04
2.23181999999999992E-04
2.14765000000000008E-04
2.38717999999999987E-04
2.30396999999999997E-04
2.14765000000000008E-04
2.29683000000000003E-04
2.12804000000000004E-04
2.13649000000000000E-04
2.13887000000000007E-04
2.12999000000000012E-04
2.13594999999999990E-04
2.50007000000000007E-04
3.76054999999999977E-04
2.30907000000000004E-04
2.12966000000000007E-04
2.34395000000000008E-04
2.08655000000000000E-04
2.23529000000000007E-04
2.24536999999999995E-04
2.09585999999999995E-04
2.45445000000000006E-04
2.11210999999999994E-04
2.06942999999999987E-04
2.33279000000000000E-04
2.10917999999999989E-04
2.37753999999999987E-04
2.10625999999999999E-04
2.09781000000000003E-04
2.43245999999999995E-04
2.24503999999999990E-04
2.27332000000000011E-04
2.10182000000000001E-04
2.15565999999999989E-04
2.33484999999999991E-04
2.12554999999999987E-04
2.37006999999999989E-04
2.15815000000000006E-04
2.40461999999999989E-04
2.17082999999999995E-04
2.14732000000000003E-04
2.30938999999999992E-04
2.09705999999999987E-04
2.35099000000000007E-04
2.07798999999999994E-04
2.12575999999999992E-04
2.12651999999999996E-04
2.13019999999999990E-04
2.71890000000000001E-04
2.13734999999999999E-04
2.10735000000000008E-04
2.32770000000000009E-04
2.11709999999999991E-04
2.35326999999999992E-04
2.84857999999999975E-04
2.39487000000000006E-04
2.17137999999999994E-04
2.20062999999999997E-04
2.08838999999999997E-04
2.07452000000000005E-04
2.79246999999999991E-04
2.09943999999999994E-04
2.30582000000000009E-04
2.10821000000000006E-04
2.09282999999999995E-04
2.43355000000000004E-04
2.09564000000000001E-04
2.35479000000000000E-04
2.11697999999999991E-04
2.13193000000000003E-04
2.11537000000000004E-04
2.08070000000000005E-04
2.56701000000000021E-04
2.17115000000000011E-04
2.13973000000000006E-04
2.36757000000000010E-04
2.09976000000000010E-04
2.14624000000000011E-04
2.10182000000000001E-04
2.16314000000000003E-04
2.41468999999999988E-04
2.13529999999999997E-04
2.32899999999999996E-04
2.29616999999999994E-04
2.36225999999999998E-04
2.10712999999999986E-04
2.17538000000000003E-04
2.11136000000000006E-04
2.09542999999999996E-04
4.00231000000000024E-04
2.10485999999999990E-04
2.09662999999999988E-04
2.98096999999999989E-04
4.19519999999999995E-04
2.19747999999999997E-04
3.01150999999999990E-04
2.75996999999999994E-04
2.12653000000000012E-04
2.13107000000000005E-04
2.07290000000000002E-04
2.08352000000000000E-04
2.17722000000000000E-04
2.16412000000000001E-04
2.16206000000000010E-04
2.53228999999999997E-04
2.19910999999999989E-04
2.11633999999999987E-04
2.11785999999999995E-04
2.11318999999999987E-04
2.09542999999999996E-04
2.10442000000000002E-04
2.09769999999999992E-04
2.09368999999999994E-04
2.30733000000000001E-04
2.08535999999999997E-04
2.09229000000000012E-04
2.09554000000000007E-04
2.08643999999999990E-04
2.08979999999999995E-04
1.71971999999999999E-04
1.59144999999999995E-04
1.58927999999999994E-04
1.58798999999999995E-04
1.58777000000000001E-04
1.58841999999999995E-04
1.84539000000000003E-04
1.59774000000000005E-04
1.59156000000000006E-04
1.82902999999999994E-04
1.95231999999999990E-04
1.60347999999999990E-04
1.89934000000000001E-04
2.30398000000000012E-04
2.10864999999999994E-04
2.13897999999999991E-04
2.15240999999999995E-04
2.31503000000000009E-04
2.09597000000000006E-04
2.12804000000000004E-04
2.16726000000000012E-04
2.09554000000000007E-04
2.17018000000000001E-04
2.14527000000000001E-04
2.17884999999999992E-04
2.17104999999999989E-04
2.27309999999999990E-04
2.39986000000000002E-04
2.20408999999999997E-04
2.16617000000000003E-04
2.25522999999999989E-04
2.16226999999999988E-04
2.16054000000000002E-04
2.09597000000000006E-04
2.12923000000000008E-04
2.40451000000000006E-04
2.11427999999999996E-04
2.33128000000000008E-04
2.39800999999999990E-04
2.13107000000000005E-04
2.19910999999999989E-04
2.11838999999999989E-04
2.14689000000000004E-04
2.07636000000000002E-04
2.19575000000000011E-04
2.10377999999999997E-04
2.16996000000000007E-04
2.36008999999999996E-04
6.46693999999999958E-04
2.13160999999999987E-04
2.13128999999999999E-04
2.12954999999999997E-04
2.16540999999999999E-04
2.04126999999999992E-04
2.04873000000000002E-04
2.39411000000000002E-04
2.31122999999999989E-04
2.10148999999999997E-04
2.08113000000000005E-04
2.08492000000000009E-04
2.19683000000000004E-04
2.08480999999999998E-04
2.11134999999999990E-04
2.05328999999999999E-04
2.06195000000000000E-04
2.23334000000000000E-04
2.05479999999999991E-04
2.08588999999999991E-04
2.08547000000000008E-04
2.08395000000000000E-04
2.08426999999999988E-04
2.08330000000000006E-04
2.08449000000000009E-04
2.05371999999999998E-04
2.02956000000000013E-04
2.02534000000000009E-04
2.22489000000000004E-04
2.03281000000000007E-04
2.03086999999999989E-04
2.27841000000000003E-04
1.70931999999999996E-04
2.10854000000000011E-04
2.06314999999999992E-04
2.04841000000000013E-04
2.03606000000000002E-04
2.25252000000000004E-04
2.40558999999999999E-04
2.04656999999999989E-04
2.05459000000000013E-04
2.05588000000000011E-04
2.42152000000000009E-04
2.06531999999999994E-04
2.05641999999999994E-04
2.05144000000000013E-04
2.05448000000000002E-04
2.04570000000000001E-04
2.28328999999999989E-04
2.03737000000000004E-04
2.15717999999999997E-04
2.03097000000000011E-04
2.10377000000000009E-04
2.06519999999999995E-04
2.03312999999999996E-04
2.09294000000000006E-04
2.03346000000000001E-04
2.03768000000000005E-04
2.24450000000000008E-04
2.07755000000000006E-04
2.05133999999999991E-04
2.05295999999999994E-04
2.10160999999999996E-04
2.03758000000000010E-04
2.07593000000000003E-04
2.03226999999999997E-04
2.03346999999999990E-04
2.19986000000000004E-04
2.02176000000000010E-04
2.36507999999999993E-04
2.03303000000000002E-04
2.03606000000000002E-04
2.05264000000000005E-04
2.14786000000000013E-04
2.05600000000000010E-04
2.05589000000000000E-04
2.06617999999999993E-04
2.06065000000000013E-04
2.05794999999999991E-04
2.33128000000000008E-04
2.33539000000000001E-04
2.06910000000000009E-04
2.05252999999999995E-04
2.05317999999999988E-04
2.08762999999999993E-04
2.07192000000000004E-04
2.07128000000000000E-04
2.10907999999999994E-04
2.24407000000000008E-04
2.36974000000000012E-04
2.09110000000000009E-04
2.06130000000000007E-04
2.07777000000000000E-04
2.07886000000000008E-04
2.07235999999999992E-04
2.09392000000000004E-04
2.31243000000000008E-04
2.05014999999999988E-04
2.05405000000000003E-04
2.31319000000000012E-04
2.07614999999999997E-04
2.06552999999999999E-04
2.06271000000000004E-04
2.10604000000000005E-04
2.13789999999999998E-04
2.06531999999999994E-04
2.06304000000000009E-04
2.19900000000000005E-04
2.09108999999999993E-04
2.15144000000000012E-04
2.28210000000000012E-04
2.08308000000000012E-04
2.07311999999999996E-04
2.06498999999999989E-04
2.29638999999999988E-04
2.10723999999999997E-04
2.06347000000000008E-04
2.07939000000000003E-04
2.06736999999999996E-04
2.13617000000000012E-04
2.28816000000000013E-04
2.08383999999999989E-04
2.08643000000000001E-04
2.23863999999999997E-04
2.07929000000000008E-04
2.08005000000000012E-04
2.17960999999999996E-04
2.12121000000000011E-04
2.09554000000000007E-04
2.12078000000000012E-04
2.27731999999999994E-04
2.07722999999999990E-04
2.07061999999999990E-04
2.06607000000000009E-04
2.06672000000000003E-04
2.07960999999999997E-04
2.07084000000000012E-04
2.03746999999999999E-04
2.02176000000000010E-04
2.03031999999999990E-04
2.30017999999999992E-04
2.05534999999999990E-04
2.05502000000000012E-04
2.07982999999999991E-04
2.05502000000000012E-04
2.17244999999999998E-04
2.10616000000000004E-04
2.14884000000000011E-04
2.10084000000000003E-04
2.14071999999999993E-04
2.49756999999999974E-04
2.07691000000000001E-04
2.09358999999999999E-04
2.08578000000000008E-04
2.09077000000000004E-04
2.10756000000000013E-04
2.11840000000000005E-04
2.08449000000000009E-04
2.08848999999999992E-04
2.07636000000000002E-04
2.17808999999999988E-04
2.30862999999999988E-04
2.06650000000000009E-04
2.16097999999999990E-04
2.06920999999999993E-04
2.14200999999999991E-04
2.06639999999999987E-04
2.06304000000000009E-04
2.06109000000000001E-04
2.15555999999999994E-04
2.26323999999999997E-04
2.46778000000000015E-04
2.20778000000000006E-04
2.14169000000000002E-04
2.19022000000000005E-04
2.15328000000000009E-04
2.15848000000000011E-04
2.43517999999999995E-04
2.07094999999999995E-04
2.06087000000000007E-04
2.11341000000000008E-04
2.44199000000000011E-04
2.15436999999999991E-04
2.08514000000000003E-04
2.07137999999999994E-04
2.06638999999999998E-04
2.13324000000000006E-04
2.08936000000000007E-04
2.06824000000000011E-04
2.06683000000000013E-04
2.12759999999999989E-04
2.32109999999999999E-04
2.09239999999999996E-04
2.33073999999999998E-04
2.16552000000000010E-04
2.04050999999999988E-04
2.08805999999999993E-04
2.03725000000000005E-04
2.05675999999999987E-04
2.13963000000000011E-04
2.33247000000000012E-04
2.32012000000000001E-04
2.22272000000000002E-04
2.08958000000000001E-04
2.09261000000000001E-04
2.07548999999999988E-04
2.06390999999999996E-04
2.06228000000000005E-04
2.05317999999999988E-04
2.08795999999999998E-04
2.15404000000000013E-04
2.26898999999999997E-04
2.03963000000000012E-04
2.08459000000000004E-04
2.04808999999999997E-04
2.06249000000000010E-04
2.04992999999999994E-04
2.10139000000000002E-04
2.04028999999999994E-04
2.17743999999999994E-04
2.04689999999999993E-04
2.31914999999999991E-04
2.07364999999999991E-04
2.06120000000000012E-04
2.13303000000000001E-04
2.12217999999999993E-04
2.09380999999999993E-04
2.03584999999999996E-04
2.23128000000000009E-04
2.13128999999999999E-04
2.18848999999999991E-04
2.31112999999999994E-04
2.05057999999999987E-04
2.03758000000000010E-04
2.04754999999999987E-04
2.03150999999999993E-04
2.09067000000000009E-04
2.07962000000000012E-04
2.22131000000000005E-04
2.09673000000000010E-04
2.13909000000000001E-04
2.15491000000000001E-04
2.27493999999999987E-04
2.03455000000000010E-04
2.02771999999999989E-04
2.02816000000000004E-04
2.03811999999999993E-04
2.05057999999999987E-04
2.04787000000000003E-04
2.06683000000000013E-04
2.02847999999999993E-04
2.04288999999999995E-04
2.30387000000000002E-04
2.23269000000000007E-04
2.06206000000000011E-04
2.06281999999999988E-04
2.05156000000000012E-04
2.17874000000000008E-04
2.05502000000000012E-04
2.06531000000000005E-04
2.05502000000000012E-04
2.04701000000000004E-04
2.31112999999999994E-04
2.09380999999999993E-04
2.04689000000000005E-04
2.26182999999999999E-04
2.04830000000000002E-04
2.03975000000000011E-04
2.04321000000000011E-04
2.04601999999999990E-04
2.05090000000000003E-04
2.05328999999999999E-04
2.12510999999999999E-04
2.28296000000000011E-04
2.09153000000000008E-04
2.21274999999999998E-04
2.14720999999999993E-04
2.10928999999999999E-04
2.12847000000000004E-04
2.39585000000000004E-04
2.16714000000000013E-04
2.11580000000000004E-04
2.38359999999999988E-04
2.13713999999999994E-04
2.16151000000000011E-04
2.10561999999999994E-04
2.22381000000000011E-04
2.16118999999999995E-04
2.08037000000000001E-04
2.05978999999999987E-04
2.11568000000000005E-04
2.08156000000000004E-04
2.40439999999999995E-04
2.12489999999999993E-04
2.22933000000000002E-04
2.08588999999999991E-04
2.09012000000000011E-04
2.16249000000000009E-04
2.13940999999999990E-04
2.13627000000000006E-04
2.18079999999999999E-04
2.14384999999999988E-04
2.38089000000000004E-04
2.07972000000000007E-04
2.22184999999999988E-04
2.13963000000000011E-04
2.14243999999999990E-04
2.12620000000000007E-04
2.13074999999999989E-04
2.19227999999999996E-04
2.17039999999999996E-04
2.06683000000000013E-04
5.41862999999999958E-04
2.17624999999999991E-04
4.13408999999999999E-04
2.28089999999999993E-04
2.34145999999999991E-04
3.20695999999999980E-04
5.31837999999999972E-04
2.74698999999999994E-04
2.08091000000000011E-04
2.08492000000000009E-04
1.86250999999999989E-04
1.89521999999999992E-04
2.30728000000000004E-04
2.41837999999999998E-04
2.71777000000000010E-04
2.25240999999999994E-04
2.07202999999999988E-04
2.04732999999999993E-04
2.04992999999999994E-04
2.13627000000000006E-04
2.08514000000000003E-04
2.08655000000000000E-04
2.35056000000000007E-04
2.34806000000000001E-04
2.09249999999999990E-04
2.10172000000000006E-04
2.04321000000000011E-04
2.07929000000000008E-04
2.08545999999999992E-04
2.09695000000000004E-04
2.10637000000000010E-04
2.09847000000000012E-04
2.16357000000000002E-04
2.48462999999999982E-04
2.18979000000000005E-04
2.13920000000000012E-04
2.12857999999999987E-04
2.10203999999999995E-04
2.09618000000000011E-04
2.26931000000000013E-04
2.11558000000000010E-04
2.73292999999999973E-04
2.18859000000000013E-04
2.19423999999999992E-04
2.18199000000000003E-04
2.18058000000000005E-04
2.18199000000000003E-04
2.17819999999999998E-04
2.18664999999999994E-04
2.18729999999999988E-04
2.54653999999999991E-04
2.18111999999999988E-04
2.18989999999999989E-04
2.18891999999999991E-04
2.18967999999999995E-04
2.18545999999999991E-04
2.24212000000000001E-04
2.17743999999999994E-04
2.18382999999999999E-04
2.45153000000000016E-04
2.17647000000000012E-04
2.18989999999999989E-04
2.18707999999999994E-04
2.15316999999999999E-04
2.19411999999999992E-04
2.18382999999999999E-04
2.18664000000000006E-04
2.17223999999999992E-04
2.27841000000000003E-04
2.45153000000000016E-04
2.18361000000000005E-04
2.18871000000000012E-04
2.18210000000000013E-04
2.77707999999999991E-04
2.15707000000000014E-04
2.19206000000000002E-04
1.59232000000000010E-04
1.58884999999999994E-04
1.59144999999999995E-04
1.58863000000000000E-04
1.59373000000000007E-04
1.59263999999999998E-04
1.58949999999999988E-04
2.22732999999999997E-04
1.59189000000000010E-04
1.59263999999999998E-04
1.58994000000000003E-04
1.58786999999999996E-04
1.59037000000000002E-04
1.70552000000000003E-04
1.58853000000000005E-04
1.59015000000000008E-04
1.58951000000000003E-04
1.58994000000000003E-04
1.76500000000000008E-04
1.58949999999999988E-04
1.58788000000000012E-04
1.58657000000000009E-04
1.58626000000000009E-04
1.58851999999999990E-04
1.58245999999999989E-04
1.58646999999999987E-04
1.58820000000000001E-04
1.58992999999999987E-04
2.22088999999999994E-04
1.63164000000000012E-04
2.46616000000000012E-04
2.17505999999999987E-04
2.86348000000000017E-04
2.12078000000000012E-04
2.06304000000000009E-04
2.34145999999999991E-04
2.08946999999999990E-04
2.05870000000000006E-04
2.27829999999999992E-04
2.07149000000000005E-04
2.13832999999999997E-04
2.29053999999999993E-04
2.07018999999999991E-04
2.12857999999999987E-04
2.06476999999999995E-04
2.11580000000000004E-04
2.04560000000000007E-04
2.05696999999999992E-04
2.05013999999999999E-04
2.10408999999999998E-04
2.13160999999999987E-04
2.35619000000000009E-04
2.15502000000000011E-04
2.13422000000000004E-04
2.24708999999999993E-04
2.17851999999999987E-04
2.08480999999999998E-04
2.06380000000000013E-04
2.12825000000000010E-04
2.14321000000000010E-04
2.17905999999999997E-04
2.34698999999999997E-04
2.13291000000000001E-04
2.19227999999999996E-04
2.30701000000000013E-04
2.15891999999999999E-04
2.13097000000000010E-04
2.17006999999999991E-04
2.18600000000000001E-04
2.05426000000000008E-04
2.12425000000000000E-04
2.30191999999999994E-04
2.51339000000000000E-04
2.13942000000000006E-04
2.16648999999999992E-04
2.09976000000000010E-04
2.08850000000000008E-04
2.02608999999999998E-04
2.07657999999999996E-04
2.04884000000000012E-04
2.14061000000000009E-04
2.53299999999999977E-04
2.11275999999999988E-04
2.20592999999999994E-04
2.09619000000000000E-04
2.12641000000000013E-04
2.16118999999999995E-04
2.20074000000000007E-04
2.05567000000000006E-04
1.59459000000000006E-04
1.80845000000000007E-04
2.01580000000000005E-04
1.59805999999999994E-04
1.59144999999999995E-04
1.58874999999999999E-04
1.59134000000000012E-04
1.58765999999999991E-04
1.64193999999999994E-04
1.59123000000000001E-04
2.22234999999999989E-04
2.12035000000000012E-04
2.10279999999999999E-04
2.10408999999999998E-04
2.09077000000000004E-04
2.10029999999999993E-04
2.29520000000000012E-04
2.54724000000000009E-04
2.22098999999999989E-04
2.16237999999999999E-04
2.15197999999999995E-04
2.14439999999999987E-04
2.23637000000000000E-04
2.14570000000000001E-04
2.31014999999999996E-04
2.33983999999999988E-04
2.14374000000000004E-04
2.14450999999999997E-04
2.19597000000000005E-04
2.12282999999999987E-04
2.12814999999999988E-04
2.14331000000000005E-04
2.13942000000000006E-04
2.15739999999999991E-04
2.14689000000000004E-04
2.34481999999999996E-04
2.16974000000000013E-04
2.13615999999999996E-04
2.18967999999999995E-04
2.14298999999999989E-04
2.22835999999999992E-04
2.12857999999999987E-04
2.08437999999999999E-04
2.13725000000000004E-04
2.09759999999999997E-04
2.33875000000000006E-04
2.09521000000000002E-04
2.11341999999999997E-04
2.16314000000000003E-04
2.10463999999999996E-04
2.29162000000000013E-04
2.12651999999999996E-04
2.09748999999999987E-04
2.10843000000000000E-04
2.13443000000000009E-04
2.37309999999999989E-04
2.12467999999999999E-04
2.17094000000000006E-04
2.22152999999999999E-04
2.29487999999999996E-04
2.12186999999999993E-04
2.08232000000000008E-04
2.12078000000000012E-04
2.17223999999999992E-04
2.11394999999999991E-04
2.37450999999999987E-04
2.09337000000000005E-04
2.10518000000000006E-04
2.22694000000000006E-04
2.20127000000000002E-04
2.17896000000000002E-04
2.28533999999999991E-04
2.12923000000000008E-04
2.11730999999999996E-04
2.12663000000000007E-04
2.47037999999999989E-04
2.11255000000000009E-04
2.48782000000000018E-04
2.10625999999999999E-04
2.10062999999999998E-04
2.09998000000000004E-04
2.09380999999999993E-04
2.09607999999999989E-04
2.08924999999999996E-04
2.08535000000000008E-04
2.29303000000000010E-04
2.08893000000000007E-04
2.09130999999999987E-04
2.08958000000000001E-04
2.09130999999999987E-04
2.09368999999999994E-04
2.27938000000000012E-04
2.08969000000000011E-04
2.08915000000000001E-04
2.09175000000000002E-04
2.37960000000000005E-04
2.08893000000000007E-04
2.09065999999999994E-04
2.08805999999999993E-04
2.08838999999999997E-04
2.09934000000000000E-04
2.08958000000000001E-04
2.31513000000000004E-04
2.09607999999999989E-04
2.08871000000000013E-04
2.29585000000000005E-04
2.09229000000000012E-04
2.08187999999999993E-04
2.08827999999999987E-04
2.08373000000000005E-04
2.09781000000000003E-04
2.08394000000000011E-04
2.08926000000000012E-04
2.09196000000000008E-04
2.43820000000000007E-04
2.29735999999999997E-04
2.10150000000000012E-04
2.08774000000000004E-04
2.08545999999999992E-04
2.09282999999999995E-04
2.09489000000000013E-04
2.08568000000000013E-04
2.09132000000000003E-04
2.08525000000000014E-04
2.08871000000000013E-04
2.28578000000000006E-04
2.23756999999999992E-04
2.09315000000000011E-04
2.08709000000000010E-04
2.08805999999999993E-04
2.09564000000000001E-04
2.09108999999999993E-04
2.08805999999999993E-04
2.16163000000000011E-04
2.08914000000000013E-04
2.10105999999999997E-04
2.28068999999999988E-04
2.08893000000000007E-04
2.09065999999999994E-04
2.09890000000000011E-04
2.08611000000000012E-04
2.08881999999999997E-04
2.09044999999999988E-04
2.08698000000000000E-04
2.09619000000000000E-04
2.08535000000000008E-04
2.27839999999999987E-04
2.09358000000000010E-04
2.08827999999999987E-04
2.09738000000000003E-04
2.08969000000000011E-04
2.34491999999999990E-04
4.68161999999999994E-04
3.14095000000000021E-04
7.73496000000000036E-04
2.20506999999999995E-04
2.10723999999999997E-04
2.14830000000000001E-04
2.37027000000000006E-04
2.12945000000000002E-04
2.14049999999999999E-04
2.19726999999999992E-04
2.14980999999999994E-04
2.14982000000000009E-04
2.12456999999999989E-04
2.47698999999999988E-04
2.18826999999999997E-04
2.14374999999999993E-04
2.34481000000000007E-04
2.12317000000000007E-04
2.13128999999999999E-04
2.17125999999999994E-04
2.86276999999999983E-04
2.18437000000000009E-04
2.29065000000000003E-04
2.14818999999999991E-04
2.12370999999999990E-04
2.03205999999999992E-04
3.36750000000000027E-04
2.13388999999999999E-04
2.20420000000000007E-04
2.15328000000000009E-04
2.14331000000000005E-04
2.27841000000000003E-04
2.17192000000000004E-04
2.15512000000000006E-04
2.17473000000000010E-04
2.40375000000000002E-04
2.88053999999999990E-04
3.09244999999999984E-04
2.15457999999999996E-04
2.16769000000000011E-04
2.16325000000000013E-04
2.15708000000000002E-04
2.16758000000000001E-04
2.67794999999999980E-04
2.37862000000000007E-04
2.16746999999999990E-04
2.21112999999999995E-04
2.42520000000000002E-04
2.25750000000000012E-04
2.15684999999999992E-04
2.17201999999999998E-04
2.15619999999999999E-04
2.15934999999999998E-04
2.16054000000000002E-04
2.36886999999999997E-04
2.16791000000000005E-04
2.21059000000000012E-04
2.16108000000000012E-04
2.14255000000000001E-04
3.30012999999999986E-04
2.15663999999999987E-04
2.15273999999999999E-04
2.16455000000000000E-04
2.39313999999999993E-04
2.16672000000000002E-04
2.56377000000000015E-04
2.44568000000000021E-04
2.60666000000000001E-04
2.16726000000000012E-04
2.17278000000000002E-04
4.25729999999999978E-04
2.28838000000000007E-04
2.14656999999999988E-04
2.13887000000000007E-04
2.09890000000000011E-04
2.05858999999999995E-04
2.14374999999999993E-04
2.15696999999999992E-04
1.59177000000000011E-04
1.79414000000000000E-04
1.59209999999999988E-04
1.58939000000000004E-04
1.77758000000000001E-04
1.59361999999999996E-04
1.67779999999999996E-04
1.58624999999999993E-04
1.59242000000000004E-04
1.59285999999999992E-04
1.59156000000000006E-04
1.59048000000000013E-04
1.58896000000000005E-04
1.58960999999999998E-04
1.76846999999999996E-04
1.59426999999999990E-04
1.58820999999999989E-04
1.58528000000000011E-04
1.90941999999999989E-04
2.19108999999999992E-04
2.19390999999999987E-04
2.20983999999999997E-04
2.18805999999999992E-04
2.20972999999999986E-04
2.21415999999999996E-04
2.54188000000000027E-04
2.10410000000000013E-04
2.19118999999999987E-04
2.11537000000000004E-04
2.19261000000000000E-04
2.07431000000000000E-04
2.15534000000000000E-04
2.10886999999999989E-04
2.12153999999999988E-04
2.49064000000000013E-04
2.11449999999999990E-04
2.12338000000000012E-04
2.12100000000000006E-04
2.12272999999999992E-04
2.12847999999999992E-04
2.09640999999999994E-04
2.16152000000000000E-04
2.11633999999999987E-04
2.09337000000000005E-04
2.32066000000000011E-04
2.10897000000000010E-04
2.21959000000000007E-04
2.15944999999999993E-04
2.11981000000000002E-04
2.10811000000000012E-04
2.08762000000000005E-04
2.16488000000000005E-04
2.09650999999999989E-04
2.19292999999999989E-04
2.39888000000000004E-04
2.08740999999999999E-04
2.10019999999999998E-04
2.10983999999999998E-04
2.32715999999999999E-04
2.09239999999999996E-04
2.06488000000000006E-04
2.17851999999999987E-04
2.09435000000000003E-04
2.08395000000000000E-04
2.40666999999999991E-04
2.09130999999999987E-04
2.07896000000000003E-04
2.07387000000000012E-04
2.07788000000000010E-04
2.06650000000000009E-04
2.05903000000000010E-04
2.19530999999999996E-04
2.04548999999999996E-04
5.34784999999999970E-04
2.59204000000000021E-04
2.73579999999999993E-04
2.07018999999999991E-04
2.10549999999999995E-04
1.93823999999999993E-04
1.70065000000000006E-04
1.58820999999999989E-04
1.59123999999999990E-04
2.32401999999999988E-04
1.69600000000000002E-04
2.07354000000000007E-04
2.06510000000000000E-04
3.35158000000000005E-04
2.14472000000000002E-04
2.07798999999999994E-04
2.08199999999999992E-04
2.59311999999999987E-04
2.13692000000000000E-04
2.31079999999999990E-04
2.12847999999999992E-04
2.09922000000000000E-04
2.14310000000000000E-04
2.83645000000000013E-04
2.67653999999999982E-04
3.54842999999999977E-04
2.11525000000000005E-04
2.32240000000000013E-04
2.09814000000000007E-04
2.07290000000000002E-04
2.24255000000000000E-04
2.16509000000000010E-04
2.18426999999999987E-04
2.19509999999999991E-04
2.26118000000000006E-04
2.21210999999999993E-04
2.21568000000000004E-04
2.45803000000000005E-04
2.18967999999999995E-04
2.05674999999999998E-04
2.40971000000000007E-04
2.53234999999999984E-04
2.07127000000000011E-04
2.17982000000000001E-04
2.06302999999999993E-04
2.05414999999999998E-04
3.31551000000000025E-04
2.13887000000000007E-04
2.07061999999999990E-04
2.08144999999999993E-04
2.07657999999999996E-04
2.24937000000000005E-04
2.08328999999999990E-04
2.08623000000000012E-04
2.81326999999999999E-04
6.38455000000000012E-04
2.12467999999999999E-04
2.11785999999999995E-04
2.14916999999999989E-04
2.26443000000000000E-04
2.11341999999999997E-04
2.11513999999999995E-04
2.10225999999999989E-04
2.62626999999999978E-04
2.34698999999999997E-04
2.09141999999999998E-04
2.15207999999999990E-04
2.19325999999999994E-04
2.23355999999999994E-04
2.19974999999999994E-04
2.19824000000000001E-04
2.44827999999999994E-04
2.12207999999999998E-04
2.07278999999999992E-04
5.60109999999999948E-04
2.45391000000000023E-04
2.09055999999999999E-04
2.07874000000000009E-04
2.06466000000000012E-04
2.06032999999999997E-04
2.07462999999999989E-04
2.33171000000000008E-04
2.06715000000000002E-04
2.07051999999999996E-04
2.06423000000000012E-04
2.06715000000000002E-04
2.05577000000000000E-04
2.06617000000000004E-04
2.06672000000000003E-04
2.05090999999999992E-04
2.08924999999999996E-04
2.33040999999999994E-04
2.31102000000000011E-04
2.11374000000000013E-04
2.23539999999999991E-04
2.15631000000000010E-04
2.13995000000000000E-04
2.08480999999999998E-04
2.11828999999999994E-04
2.09272000000000012E-04
2.09835000000000013E-04
2.15371000000000009E-04
2.26443000000000000E-04
2.23042000000000010E-04
2.22532999999999992E-04
2.22489999999999992E-04
2.23496000000000003E-04
2.23691999999999999E-04
2.26920000000000003E-04
2.15772000000000007E-04
2.06423000000000012E-04
2.02348999999999997E-04
1.85968999999999994E-04
1.73098999999999991E-04
1.59502999999999994E-04
1.59621999999999997E-04
1.59252999999999988E-04
1.59459999999999995E-04
1.59101999999999996E-04
1.59058999999999996E-04
1.59523999999999999E-04
1.59438000000000001E-04
1.58820000000000001E-04
1.59003999999999998E-04
1.59275999999999998E-04
1.76013000000000010E-04
1.59373000000000007E-04
1.59220999999999999E-04
1.58972000000000009E-04
1.59068999999999991E-04
1.58571000000000010E-04
1.58831000000000011E-04
1.58951000000000003E-04
1.58960999999999998E-04
1.58624999999999993E-04
1.58960999999999998E-04
1.59080000000000002E-04
1.59015000000000008E-04
1.82709000000000002E-04
1.72709000000000003E-04
1.59404999999999996E-04
1.59318999999999997E-04
1.59275000000000009E-04
1.58689999999999987E-04
1.59048000000000013E-04
1.59351000000000013E-04
1.59187999999999994E-04
1.58874999999999999E-04
1.59469999999999989E-04
1.59080000000000002E-04
1.58960999999999998E-04
1.59361999999999996E-04
1.76662999999999999E-04
1.59395000000000001E-04
1.58841999999999995E-04
1.58851999999999990E-04
1.59263999999999998E-04
2.05145000000000002E-04
2.19661999999999999E-04
2.18869999999999997E-04
2.20745000000000002E-04
2.61803999999999976E-04
2.32379999999999994E-04
2.21687000000000007E-04
2.24915000000000011E-04
2.17287999999999997E-04
2.00637000000000010E-04
1.99478999999999992E-04
2.70535999999999986E-04
2.22413000000000000E-04
2.87581999999999985E-04
1.89900999999999997E-04
1.64064000000000007E-04
1.58722999999999991E-04
1.59199000000000005E-04
1.59318999999999997E-04
1.81723000000000008E-04
2.15393000000000003E-04
2.16368000000000013E-04
2.17244999999999998E-04
2.48089000000000003E-04
2.15794000000000001E-04
2.14742999999999987E-04
2.14319999999999994E-04
2.12565999999999997E-04
2.14753999999999997E-04
2.13551000000000002E-04
2.16065000000000012E-04
2.18113000000000004E-04
2.46365999999999979E-04
2.12598000000000013E-04
2.12110000000000000E-04
2.14818999999999991E-04
2.16812000000000011E-04
2.17495000000000004E-04
1.83532000000000004E-04
1.59426999999999990E-04
1.58939000000000004E-04
1.58917000000000010E-04
1.85601000000000001E-04
1.59220999999999999E-04
1.78375000000000012E-04
1.58517000000000000E-04
1.58927999999999994E-04
1.61506999999999997E-04
2.07906999999999987E-04
2.00573000000000006E-04
1.67584000000000000E-04
1.58571000000000010E-04
1.58733000000000013E-04
1.58884999999999994E-04
1.59113000000000006E-04
1.58863999999999989E-04
1.59091000000000012E-04
1.78190000000000000E-04
1.58982999999999992E-04
1.59025999999999992E-04
1.58777000000000001E-04
1.58722999999999991E-04
1.58960999999999998E-04
1.59048000000000013E-04
1.58808999999999990E-04
1.72601000000000010E-04
1.67541000000000001E-04
1.58808999999999990E-04
1.58906999999999988E-04
1.59037000000000002E-04
1.79447000000000005E-04
1.58831000000000011E-04
1.58765999999999991E-04
1.58851999999999990E-04
1.58851999999999990E-04
1.58853000000000005E-04
1.58831000000000011E-04
1.59003999999999998E-04
1.81127000000000002E-04
1.82513999999999994E-04
1.88764000000000011E-04
1.59058000000000008E-04
1.59015000000000008E-04
1.94940999999999989E-04
1.58733000000000013E-04
1.58722999999999991E-04
1.58906999999999988E-04
1.58863999999999989E-04
1.58710999999999992E-04
1.67021999999999988E-04
1.68364000000000003E-04
1.58743999999999997E-04
1.58874999999999999E-04
1.76889999999999995E-04
1.77366999999999998E-04
1.59080000000000002E-04
1.83369000000000012E-04
2.73376999999999995E-04
2.29292999999999988E-04
2.12587000000000003E-04
2.10962000000000004E-04
2.27819000000000009E-04
1.59416000000000006E-04
1.59068999999999991E-04
1.59285999999999992E-04
1.59297000000000003E-04
1.79619999999999991E-04
1.59177000000000011E-04
1.58591999999999989E-04
1.58788000000000012E-04
1.58972000000000009E-04
1.58949999999999988E-04
1.68733000000000012E-04
1.58853000000000005E-04
1.58548999999999989E-04
1.58939000000000004E-04
1.75038000000000000E-04
1.59232000000000010E-04
1.58700999999999997E-04
1.76056000000000010E-04
1.59025999999999992E-04
1.58994000000000003E-04
1.64129000000000000E-04
2.14579999999999995E-04
2.21871999999999993E-04
2.13226999999999997E-04
2.14980999999999994E-04
2.14006000000000011E-04
2.40504999999999989E-04
2.14180000000000013E-04
2.48852999999999997E-04
2.13680999999999989E-04
2.07473999999999999E-04
2.29454999999999991E-04
2.09239999999999996E-04
2.14276999999999995E-04
2.09912000000000005E-04
2.08328999999999990E-04
2.30842000000000010E-04
2.27473000000000009E-04
2.08590000000000007E-04
2.11308999999999992E-04
2.09845999999999996E-04
2.14483000000000013E-04
2.43711999999999987E-04
3.73444000000000011E-04
3.07781000000000027E-04
3.03373000000000011E-04
4.05154000000000018E-04
2.41859999999999992E-04
1.59610999999999987E-04
1.59058000000000008E-04
1.73121000000000012E-04
1.59535000000000010E-04
1.59025999999999992E-04
1.67650000000000009E-04
2.37191000000000013E-04
2.14028000000000005E-04
2.17223999999999992E-04
2.23605000000000011E-04
1.80563000000000013E-04
1.58614000000000010E-04
1.59025999999999992E-04
1.58679000000000003E-04
1.58896000000000005E-04
1.58929000000000009E-04
1.84820999999999998E-04
1.65982000000000011E-04
1.59187999999999994E-04
1.74355999999999996E-04
1.59146000000000011E-04
2.00258999999999995E-04
1.59512999999999989E-04
1.60184999999999999E-04
1.58896000000000005E-04
1.59135000000000000E-04
1.59123000000000001E-04
1.58603999999999988E-04
1.58385999999999998E-04
1.91472000000000013E-04
1.78473000000000011E-04
1.59242000000000004E-04
1.58820000000000001E-04
1.58786999999999996E-04
1.58853000000000005E-04
1.58538999999999994E-04
2.33214000000000007E-04
2.07528000000000009E-04
5.67132000000000031E-04
2.05880999999999989E-04
2.02143999999999994E-04
2.35152999999999990E-04
2.06314000000000004E-04
2.51533000000000019E-04
2.17266999999999992E-04
2.29845000000000006E-04
2.12348999999999996E-04
2.12262000000000008E-04
2.13486000000000009E-04
2.17289000000000013E-04
2.12944000000000013E-04
2.30711000000000007E-04
2.12792999999999994E-04
2.33615000000000005E-04
2.10680000000000009E-04
2.12565999999999997E-04
2.11709999999999991E-04
2.11840000000000005E-04
2.33312000000000005E-04
2.26746000000000001E-04
1.98590000000000008E-04
1.99759999999999998E-04
2.15144000000000012E-04
2.23615999999999995E-04
2.06271000000000004E-04
2.07614000000000008E-04
2.09065999999999994E-04
2.28144000000000003E-04
2.11730999999999996E-04
2.10897000000000010E-04
2.11363000000000002E-04
2.11904999999999998E-04
2.27450999999999988E-04
2.30179999999999995E-04
2.01959000000000009E-04
2.25662999999999997E-04
2.27125999999999993E-04
2.09521000000000002E-04
2.36030999999999990E-04
2.24245000000000005E-04
2.06758999999999990E-04
2.18871000000000012E-04
1.99922999999999990E-04
2.45377000000000019E-04
2.14038999999999988E-04
2.38902000000000011E-04
3.35992000000000018E-04
3.58429000000000007E-04
2.13422000000000004E-04
2.16746999999999990E-04
2.30711999999999996E-04
2.79733000000000000E-04
2.11926000000000003E-04
2.10659000000000004E-04
2.24417000000000003E-04
2.43517000000000006E-04
2.84944999999999990E-04
6.18218000000000023E-04
2.30191999999999994E-04
2.29162000000000013E-04
2.34211000000000011E-04
2.12608999999999997E-04
2.13670000000000006E-04
2.49767999999999984E-04
2.09857000000000007E-04
2.13009000000000006E-04
2.94195999999999987E-04
1.14607600000000000E-03
2.71760999999999975E-04
2.27862000000000008E-04
2.88979999999999988E-04
2.20983000000000008E-04
2.13918999999999996E-04
2.13042000000000011E-04
2.34567999999999994E-04
2.33496000000000002E-04
2.11081999999999996E-04
2.15338999999999993E-04
2.15099999999999997E-04
2.14884000000000011E-04
2.38511000000000007E-04
2.16574000000000004E-04
2.33126999999999992E-04
2.61700999999999980E-04
2.08426999999999988E-04
2.07528000000000009E-04
2.18037000000000000E-04
2.09857000000000007E-04
2.08676000000000006E-04
2.26769000000000010E-04
2.24634000000000004E-04
2.07321999999999991E-04
2.47395000000000026E-04
2.09347999999999989E-04
2.09824999999999991E-04
2.09175000000000002E-04
2.24763999999999991E-04
2.09358999999999999E-04
2.09380999999999993E-04
2.28697000000000009E-04
2.09650999999999989E-04
2.35078000000000001E-04
2.09759999999999997E-04
2.09845999999999996E-04
2.25056000000000008E-04
2.09044000000000000E-04
2.08893000000000007E-04
2.09206999999999991E-04
2.09673000000000010E-04
2.27516000000000008E-04
2.09316000000000000E-04
2.02642000000000002E-04
2.32868000000000007E-04
2.16963999999999991E-04
2.16032000000000008E-04
2.07767000000000005E-04
2.06541999999999989E-04
2.09716000000000009E-04
2.16769000000000011E-04
2.78408000000000008E-04
2.09630000000000011E-04
2.21937000000000013E-04
2.18036000000000011E-04
2.10659000000000004E-04
2.50916000000000008E-04
2.08795999999999998E-04
2.25089000000000013E-04
2.28306999999999995E-04
2.04916999999999990E-04
2.04796999999999998E-04
2.06638999999999998E-04
2.25348999999999987E-04
3.73582000000000016E-04
2.52114000000000006E-04
2.33386999999999993E-04
2.17430000000000010E-04
2.16259999999999993E-04
2.18242000000000002E-04
8.83608000000000028E-04
2.22890000000000002E-04
2.10377000000000009E-04
2.09087999999999988E-04
2.07354999999999996E-04
2.58250999999999978E-04
2.21654999999999991E-04
2.03639000000000006E-04
2.11114000000000012E-04
2.14753999999999997E-04
2.95145000000000021E-04
2.12272999999999992E-04
2.11828999999999994E-04
2.13801000000000008E-04
2.55689000000000025E-04
1.99239999999999997E-04
1.98578999999999997E-04
1.99673999999999999E-04
1.98211000000000004E-04
2.13377999999999989E-04
2.49009000000000014E-04
2.13584000000000007E-04
2.16455000000000000E-04
2.16703999999999991E-04
2.12868000000000009E-04
2.15447000000000013E-04
2.18208999999999997E-04
2.14298000000000000E-04
2.52807000000000021E-04
2.10583000000000000E-04
2.11396000000000007E-04
2.26822999999999993E-04
2.95155000000000016E-04
2.06813000000000000E-04
2.39800999999999990E-04
2.40515999999999999E-04
2.06326000000000003E-04
2.05577999999999989E-04
2.36182000000000010E-04
2.31296999999999991E-04
2.06054000000000003E-04
2.09726999999999993E-04
1.65298999999999991E-04
1.93271000000000014E-04
1.91928000000000010E-04
1.59307999999999987E-04
1.77411000000000013E-04
2.12804000000000004E-04
2.17667999999999990E-04
2.30917999999999987E-04
2.15923999999999988E-04
2.17939000000000002E-04
1.79058000000000006E-04
1.59361999999999996E-04
1.58906000000000000E-04
1.69741000000000000E-04
2.22727000000000011E-04
2.27927999999999990E-04
2.10864000000000006E-04
2.06639999999999987E-04
2.07344000000000012E-04
2.25674000000000008E-04
2.06824000000000011E-04
2.42560000000000009E-04
2.28912999999999995E-04
2.17712000000000005E-04
2.12446000000000005E-04
2.10387999999999992E-04
3.61343000000000027E-04
3.48700000000000019E-04
2.47794000000000020E-04
2.08914000000000013E-04
2.14180000000000013E-04
2.09695000000000004E-04
2.82520000000000026E-04
2.06195000000000000E-04
2.77478000000000002E-04
3.94915999999999984E-04
2.28523000000000007E-04
2.15219999999999989E-04
2.32813000000000009E-04
2.05491000000000002E-04
2.10745000000000002E-04
2.28177000000000008E-04
3.63167999999999976E-04
4.49110999999999976E-04
2.36333999999999991E-04
2.73568999999999982E-04
2.93383999999999995E-04
2.40744000000000011E-04
2.26908999999999992E-04
2.09652000000000005E-04
2.32596000000000007E-04
2.10117000000000008E-04
2.32575000000000002E-04
2.08209999999999987E-04
2.07039999999999996E-04
2.00411000000000003E-04
2.28674999999999988E-04
2.11396000000000007E-04
5.00815000000000049E-04
2.46031000000000017E-04
2.31968000000000013E-04
2.06509000000000011E-04
2.03334999999999990E-04
2.06238000000000000E-04
2.29010999999999993E-04
2.11179000000000005E-04
2.08568000000000013E-04
2.13615999999999996E-04
2.26128999999999989E-04
2.30645999999999987E-04
2.29714999999999992E-04
2.08568000000000013E-04
2.27602999999999996E-04
2.72095999999999992E-04
2.27461999999999998E-04
2.77751000000000018E-04
2.28230999999999991E-04
2.08091999999999999E-04
2.30516999999999989E-04
2.31036999999999990E-04
2.61924000000000022E-04
2.09683000000000005E-04
2.09857000000000007E-04
2.05448000000000002E-04
2.28642999999999999E-04
2.30279000000000009E-04
2.52346000000000026E-04
2.08209999999999987E-04
2.96997000000000016E-04
2.35917000000000011E-04
2.27874000000000007E-04
2.16378999999999996E-04
2.09836000000000001E-04
2.54838000000000015E-04
2.25911999999999988E-04
2.06986000000000014E-04
2.26140000000000000E-04
2.51471000000000019E-04
2.08275999999999996E-04
2.24687999999999987E-04
2.46352999999999991E-04
2.09673000000000010E-04
2.25404000000000012E-04
2.08514000000000003E-04
2.76309999999999989E-04
2.00334000000000010E-04
3.81164000000000025E-04
2.07321999999999991E-04
2.06607000000000009E-04
2.06813000000000000E-04
2.61045000000000005E-04
2.09316000000000000E-04
2.13734999999999999E-04
2.25956000000000003E-04
2.24591000000000005E-04
2.08924999999999996E-04
2.14018000000000010E-04
2.25013999999999997E-04
2.07994000000000001E-04
2.08545999999999992E-04
2.30993999999999991E-04
2.08664999999999995E-04
2.46300999999999985E-04
2.07116000000000000E-04
2.09662999999999988E-04
2.08297000000000001E-04
2.07939999999999991E-04
2.06920999999999993E-04
2.25641000000000003E-04
2.43419000000000008E-04
2.08437999999999999E-04
2.13703000000000010E-04
2.13539999999999992E-04
2.06140999999999990E-04
2.08232000000000008E-04
2.08199999999999992E-04
2.25187000000000011E-04
2.12825999999999998E-04
2.04310000000000001E-04
2.08666000000000011E-04
2.31881999999999987E-04
2.00604999999999994E-04
2.20518000000000005E-04
2.40386000000000012E-04
2.18156000000000003E-04
2.19845999999999995E-04
3.32622999999999990E-04
2.50245000000000014E-04
2.03465999999999993E-04
2.29898999999999989E-04
2.69522999999999974E-04
2.11384999999999996E-04
2.10952000000000009E-04
2.28707999999999993E-04
2.22424000000000010E-04
2.08232000000000008E-04
2.07636999999999991E-04
1.77648999999999993E-04
2.22813999999999998E-04
2.08340999999999990E-04
2.09693999999999988E-04
2.25750000000000012E-04
2.11461000000000000E-04
1.98244000000000008E-04
2.53375000000000019E-04
2.08340000000000001E-04
2.26843999999999999E-04
2.09456999999999997E-04
2.24069999999999987E-04
2.07951000000000002E-04
2.08037000000000001E-04
2.06357999999999992E-04
2.25576999999999999E-04
2.08394000000000011E-04
2.44871000000000021E-04
2.06433999999999996E-04
2.04699999999999988E-04
2.23290000000000012E-04
2.05849000000000001E-04
2.05328999999999999E-04
2.48170999999999993E-04
2.13897999999999991E-04
2.58196999999999995E-04
2.53526999999999973E-04
2.18502000000000003E-04
2.14245000000000006E-04
2.18013999999999990E-04
2.19943000000000005E-04
2.13496999999999992E-04
2.12902000000000002E-04
2.11038000000000008E-04
2.36929999999999997E-04
2.18037000000000000E-04
2.51209000000000013E-04
2.15381999999999992E-04
2.16898999999999998E-04
2.40527000000000010E-04
2.12479000000000010E-04
2.15772000000000007E-04
2.15166000000000006E-04
2.22315999999999990E-04
2.28881000000000006E-04
2.39757999999999990E-04
2.11959000000000008E-04
2.17029000000000012E-04
2.15923999999999988E-04
2.16075000000000007E-04
2.14873000000000001E-04
2.14980999999999994E-04
2.33453000000000003E-04
2.28881000000000006E-04
2.14310000000000000E-04
2.39671000000000003E-04
2.33897000000000000E-04
2.42758999999999998E-04
2.13866000000000002E-04
2.48456999999999996E-04
2.55888999999999975E-04
2.12759999999999989E-04
2.82647999999999981E-04
2.13432999999999988E-04
2.40895999999999992E-04
2.12880000000000008E-04
2.94191999999999978E-04
1.86195999999999991E-04
1.84408999999999989E-04
1.59383999999999991E-04
1.58917999999999999E-04
2.10897000000000010E-04
2.23463999999999987E-04
2.09337000000000005E-04
2.18989999999999989E-04
2.52958000000000013E-04
2.14937999999999994E-04
2.12425000000000000E-04
2.54487000000000018E-04
2.16509000000000010E-04
1.66338999999999994E-04
1.69361000000000007E-04
1.60218000000000003E-04
1.58982999999999992E-04
1.80769000000000003E-04
1.59068999999999991E-04
1.58982999999999992E-04
1.65071999999999994E-04
1.72642999999999994E-04
2.29358000000000009E-04
2.07213999999999998E-04
2.06249999999999999E-04
2.06856000000000000E-04
2.07376000000000001E-04
2.09001000000000000E-04
2.09249999999999990E-04
2.08893000000000007E-04
2.24341999999999988E-04
2.21752000000000001E-04
2.60395000000000017E-04
2.06627999999999987E-04
2.05534999999999990E-04
2.31427000000000005E-04
2.23398999999999993E-04
2.08091000000000011E-04
2.04439999999999987E-04
2.28079999999999998E-04
2.13713999999999994E-04
2.06314000000000004E-04
2.37514999999999992E-04
2.32260999999999991E-04
2.14071999999999993E-04
2.15577000000000000E-04
2.16075999999999996E-04
2.16206000000000010E-04
2.16595000000000009E-04
2.15751000000000002E-04
2.36767999999999994E-04
2.20224000000000011E-04
2.48920000000000022E-04
2.02350000000000012E-04
2.09802999999999997E-04
2.11277000000000003E-04
2.26065000000000012E-04
2.13398999999999994E-04
2.17993000000000012E-04
3.47768999999999997E-04
2.28242000000000001E-04
2.82916000000000027E-04
2.01644999999999998E-04
2.20756000000000012E-04
2.05090000000000003E-04
2.08395000000000000E-04
2.08480999999999998E-04
2.20138000000000012E-04
3.16298999999999975E-04
4.15055000000000003E-04
1.59416000000000006E-04
2.56504000000000009E-04
2.10279999999999999E-04
2.45294000000000013E-04
2.09151999999999992E-04
2.09585999999999995E-04
2.44037000000000008E-04
2.09022999999999994E-04
2.29780000000000012E-04
2.09294000000000006E-04
2.09857000000000007E-04
2.24786000000000012E-04
2.09466999999999992E-04
1.74908000000000013E-04
1.91201999999999990E-04
2.45229000000000020E-04
2.32043999999999989E-04
2.12782000000000010E-04
2.11916000000000009E-04
2.17180999999999993E-04
2.14818999999999991E-04
2.16584999999999987E-04
9.53041999999999973E-04
3.38423000000000022E-04
1.83682999999999996E-04
2.47315999999999975E-04
3.03588999999999996E-04
2.87071000000000017E-04
2.13637999999999990E-04
2.02651999999999997E-04
2.01060999999999991E-04
2.01742000000000007E-04
2.19792000000000013E-04
2.01689000000000013E-04
4.52085000000000019E-04
2.12067999999999990E-04
2.08698000000000000E-04
2.26085999999999990E-04
2.13811000000000003E-04
2.17917999999999996E-04
2.08340000000000001E-04
2.52841999999999976E-04
2.14505000000000007E-04
2.23961999999999995E-04
2.05958000000000009E-04
2.06281999999999988E-04
2.18165999999999998E-04
2.43622999999999995E-04
2.05827000000000006E-04
2.11298000000000009E-04
2.20821000000000006E-04
1.99175999999999992E-04
1.99771000000000009E-04
1.98991000000000006E-04
2.19900000000000005E-04
1.98113999999999994E-04
1.98092000000000000E-04
1.60228999999999987E-04
1.59676000000000007E-04
1.59741000000000001E-04
1.59416000000000006E-04
1.59252999999999988E-04
2.01873000000000010E-04
2.03584000000000008E-04
2.03400000000000011E-04
2.27981000000000012E-04
2.20365000000000009E-04
2.13443000000000009E-04
2.14462000000000008E-04
2.20344000000000003E-04
2.25197999999999994E-04
2.11492999999999989E-04
2.14384999999999988E-04
2.14429000000000003E-04
2.12272999999999992E-04
2.33582000000000001E-04
2.12837000000000009E-04
2.14233999999999996E-04
2.14732000000000003E-04
2.35965999999999997E-04
2.18263999999999996E-04
2.27342000000000006E-04
2.12933999999999991E-04
2.14417999999999992E-04
2.25089000000000013E-04
2.35596999999999987E-04
2.14147000000000008E-04
2.04961000000000005E-04
2.17256000000000008E-04
2.12088999999999995E-04
2.18306999999999995E-04
2.12207999999999998E-04
2.13226999999999997E-04
2.13660000000000011E-04
2.13930999999999995E-04
2.32911000000000007E-04
2.08308000000000012E-04
2.11904999999999998E-04
2.12868999999999998E-04
2.13627000000000006E-04
2.41556000000000003E-04
2.13377999999999989E-04
2.25326999999999993E-04
2.14472000000000002E-04
2.14493999999999997E-04
2.35750000000000011E-04
2.14395999999999998E-04
2.15099999999999997E-04
2.15436000000000002E-04
2.14894999999999995E-04
2.36073999999999990E-04
2.13756999999999993E-04
1.02405000000000009E-03
2.31935999999999997E-04
2.15240999999999995E-04
2.51003000000000023E-04
2.33680999999999987E-04
6.07665999999999979E-04
2.04353999999999989E-04
2.57459999999999991E-04
2.13291999999999990E-04
2.09554000000000007E-04
2.06607000000000009E-04
2.16054000000000002E-04
2.27872999999999992E-04
2.05718999999999987E-04
2.04971000000000000E-04
2.06617999999999993E-04
2.10225000000000001E-04
2.28371999999999988E-04
1.91797000000000007E-04
1.67085999999999992E-04
1.59588999999999993E-04
1.94744000000000004E-04
2.55044000000000006E-04
2.47753000000000025E-04
2.10397999999999987E-04
2.03518999999999987E-04
2.23138999999999993E-04
2.03031999999999990E-04
2.03887999999999997E-04
2.04916999999999990E-04
1.91926999999999994E-04
2.04267000000000001E-04
2.04343000000000005E-04
2.43631000000000012E-04
2.31480999999999988E-04
2.08480999999999998E-04
2.08969000000000011E-04
2.09087999999999988E-04
2.08361999999999995E-04
2.13410999999999993E-04
2.23746000000000009E-04
2.08469999999999988E-04
2.25543999999999994E-04
2.07788000000000010E-04
2.07863999999999987E-04
2.04548999999999996E-04
2.04007000000000000E-04
2.04601999999999990E-04
2.08146000000000009E-04
2.02847999999999993E-04
1.88504000000000010E-04
1.59003999999999998E-04
1.58765999999999991E-04
1.76672999999999994E-04
1.59383000000000002E-04
1.58972000000000009E-04
1.58929000000000009E-04
1.78493999999999989E-04
2.11959000000000008E-04
2.25001999999999998E-04
2.02090000000000012E-04
2.45780999999999983E-04
2.40255999999999998E-04
2.12382000000000000E-04
2.46538999999999992E-04
2.37342000000000005E-04
2.09239999999999996E-04
2.08784999999999987E-04
2.09087999999999988E-04
2.08568000000000013E-04
2.08297000000000001E-04
2.09628999999999995E-04
2.08005000000000012E-04
2.28859000000000012E-04
2.15684999999999992E-04
2.08926000000000012E-04
3.26010000000000004E-04
2.43138000000000002E-04
2.62812000000000017E-04
2.12370000000000001E-04
2.11666000000000003E-04
2.09650999999999989E-04
1.79154999999999988E-04
1.58960999999999998E-04
1.58929000000000009E-04
1.78276999999999987E-04
1.59328999999999992E-04
1.59091000000000012E-04
1.58960999999999998E-04
1.77507999999999995E-04
1.59437000000000012E-04
1.58960999999999998E-04
1.59438000000000001E-04
2.02956000000000013E-04
1.69772999999999989E-04
1.58820000000000001E-04
1.62764000000000002E-04
1.59318999999999997E-04
1.58874000000000011E-04
1.58994000000000003E-04
1.62470999999999997E-04
1.84451999999999988E-04
1.78104000000000001E-04
1.83184999999999988E-04
1.59264999999999987E-04
1.59068999999999991E-04
1.59307999999999987E-04
1.69328999999999991E-04
1.59135000000000000E-04
1.59101999999999996E-04
1.59178000000000000E-04
1.58505999999999990E-04
1.58571000000000010E-04
1.58939999999999993E-04
1.59046999999999997E-04
1.77476000000000006E-04
1.59135000000000000E-04
1.65980999999999995E-04
2.23031000000000000E-04
2.33787999999999992E-04
2.12196999999999988E-04
2.13031000000000001E-04
2.12110000000000000E-04
2.22868999999999997E-04
2.12532999999999993E-04
2.53392000000000016E-04
2.04842000000000002E-04
2.11871999999999993E-04
2.40668000000000007E-04
1.72351000000000004E-04
1.59404999999999996E-04
1.71420000000000009E-04
1.59838999999999999E-04
1.59631999999999992E-04
1.59178000000000000E-04
1.59383000000000002E-04
1.78786999999999994E-04
1.59449000000000011E-04
1.59113000000000006E-04
1.58755000000000007E-04
1.69631999999999991E-04
1.58689999999999987E-04
1.58712000000000008E-04
1.58614000000000010E-04
1.59091000000000012E-04
1.58874000000000011E-04
1.83303999999999992E-04
1.60228999999999987E-04
1.88471999999999994E-04
1.76889999999999995E-04
1.58917999999999999E-04
1.58960999999999998E-04
1.62406000000000003E-04
1.60910999999999991E-04
1.59351000000000013E-04
1.58571000000000010E-04
1.66794000000000003E-04
1.76641000000000005E-04
2.08232000000000008E-04
2.05144000000000013E-04
1.59772999999999990E-04
2.23150000000000003E-04
2.20289999999999993E-04
2.08655000000000000E-04
2.06044000000000008E-04
2.08827999999999987E-04
2.21210000000000005E-04
2.21091999999999990E-04
1.93477000000000004E-04
2.19129999999999998E-04
2.12814999999999988E-04
2.35760000000000006E-04
1.94224000000000003E-04
2.45987999999999990E-04
3.33824999999999996E-04
2.03150999999999993E-04
2.09965000000000000E-04
2.13052999999999995E-04
2.13496999999999992E-04
2.14472999999999991E-04
2.04982000000000010E-04
1.92100999999999996E-04
2.04331999999999995E-04
2.04396999999999988E-04
2.05739999999999992E-04
2.12825999999999998E-04
2.05849000000000001E-04
2.05145000000000002E-04
2.04450999999999998E-04
2.08113000000000005E-04
2.09683999999999993E-04
1.63403000000000007E-04
2.20788000000000001E-04
2.22706000000000005E-04
2.53399000000000018E-04
2.47339000000000012E-04
2.47167999999999975E-04
2.09759999999999997E-04
2.29043000000000009E-04
2.12651999999999996E-04
2.10821999999999995E-04
2.66104999999999987E-04
2.13183000000000009E-04
2.46235999999999992E-04
2.14581000000000011E-04
2.14483000000000013E-04
2.43431000000000008E-04
2.11601000000000009E-04
2.38024999999999999E-04
2.12978000000000006E-04
2.30537999999999994E-04
2.14233000000000007E-04
2.30711000000000007E-04
2.35500000000000005E-04
2.13973999999999995E-04
1.72334000000000007E-04
1.90265000000000009E-04
2.41217000000000005E-04
2.11325000000000000E-04
1.95464000000000011E-04
2.01935000000000011E-04
1.96033999999999987E-04
2.03954999999999995E-04
2.11864999999999992E-04
2.11714999999999988E-04
2.36784999999999990E-04
1.99814000000000008E-04
2.15934999999999998E-04
1.98824999999999995E-04
1.95353999999999987E-04
1.98574000000000000E-04
1.97214999999999988E-04
2.01534000000000012E-04
3.17837999999999975E-04
2.17464000000000004E-04
1.81644000000000011E-04
1.46322999999999988E-04
1.79184000000000011E-04
1.87974000000000013E-04
1.78784000000000001E-04
1.46462999999999997E-04
1.46264000000000008E-04
1.46693000000000013E-04
1.46493000000000008E-04
1.46314000000000009E-04
1.46672999999999997E-04
1.46713000000000003E-04
1.64183999999999999E-04
1.46302999999999998E-04
1.67474000000000003E-04
2.18015000000000006E-04
2.62065999999999981E-04
1.99743999999999990E-04
3.28600999999999980E-04
1.46913000000000008E-04
1.46923000000000003E-04
1.46014000000000002E-04
1.46562999999999999E-04
1.46092999999999999E-04
1.46364000000000010E-04
1.46433000000000012E-04
1.46482999999999986E-04
1.46252999999999997E-04
1.46254000000000013E-04
1.46112999999999988E-04
1.64004000000000011E-04
1.46873000000000001E-04
1.46713000000000003E-04
1.46553999999999993E-04
1.46682999999999991E-04
1.46703000000000008E-04
1.46512999999999998E-04
1.46384000000000000E-04
1.46572999999999994E-04
1.46582999999999989E-04
1.46574000000000010E-04
1.77283999999999992E-04
1.82353999999999996E-04
1.67743000000000010E-04
1.46453999999999991E-04
1.46603000000000006E-04
1.58524000000000002E-04
1.46882999999999996E-04
1.47173000000000009E-04
1.46823999999999989E-04
1.46582999999999989E-04
1.46913000000000008E-04
1.46772999999999999E-04
1.46343999999999993E-04
1.46832999999999995E-04
1.50783000000000010E-04
1.62093999999999997E-04
1.46613000000000000E-04
1.46784000000000010E-04
1.46613000000000000E-04
1.46443000000000007E-04
1.46312999999999993E-04
1.46503000000000003E-04
1.46582999999999989E-04
1.46663000000000002E-04
1.46393999999999995E-04
1.46663000000000002E-04
1.69003999999999997E-04
1.46653000000000007E-04
1.62914000000000006E-04
1.47002999999999988E-04
1.46343000000000005E-04
1.46503999999999992E-04
1.46653000000000007E-04
1.46133000000000005E-04
1.46582999999999989E-04
1.46563999999999988E-04
1.46522999999999993E-04
1.46422999999999990E-04
1.58583999999999998E-04
1.46653000000000007E-04
1.63243999999999998E-04
1.46703000000000008E-04
1.62463999999999995E-04
1.46732999999999993E-04
1.46362999999999994E-04
1.48973999999999987E-04
1.48142999999999994E-04
1.46162999999999990E-04
1.46534000000000003E-04
1.46682999999999991E-04
1.84763999999999995E-04
1.47042999999999995E-04
1.46744000000000003E-04
1.46152999999999995E-04
1.46472999999999992E-04
1.62823999999999998E-04
1.46632999999999990E-04
1.46584000000000005E-04
1.46703000000000008E-04
1.46772999999999999E-04
1.46722999999999998E-04
1.46844000000000006E-04
1.46362999999999994E-04
1.46543000000000010E-04
1.46384000000000000E-04
1.46482999999999986E-04
1.46393000000000006E-04
1.46482999999999986E-04
1.62453000000000011E-04
1.46443000000000007E-04
1.58593999999999993E-04
1.46223000000000013E-04
1.46274000000000003E-04
1.46443000000000007E-04
1.70804000000000013E-04
2.11255000000000009E-04
1.99804000000000013E-04
1.95784000000000008E-04
1.94725000000000003E-04
1.94543999999999999E-04
2.29630000000000009E-04
1.93274999999999995E-04
1.92673999999999992E-04
1.92914000000000003E-04
1.91394999999999993E-04
1.92253999999999993E-04
1.97414000000000004E-04
1.91194999999999988E-04
1.90864000000000008E-04
2.31565000000000010E-04
1.92974999999999988E-04
1.92773999999999994E-04
1.92804000000000006E-04
2.01194999999999987E-04
1.92573999999999990E-04
1.92453999999999997E-04
2.10515000000000013E-04
2.11115000000000001E-04
1.61914000000000009E-04
1.67533000000000010E-04
1.54313999999999987E-04
1.47092999999999996E-04
1.46753000000000009E-04
1.46324000000000004E-04
1.46372999999999989E-04
1.46422999999999990E-04
1.46603999999999994E-04
1.46422999999999990E-04
1.46572999999999994E-04
1.46532999999999988E-04
1.63043999999999993E-04
1.46842999999999990E-04
1.51953999999999989E-04
1.53212999999999998E-04
1.46443999999999996E-04
1.46973000000000004E-04
1.84224000000000003E-04
1.47092999999999996E-04
1.47104000000000006E-04
1.46713000000000003E-04
1.46732999999999993E-04
1.46593999999999999E-04
1.46572999999999994E-04
1.62652999999999989E-04
1.47343000000000002E-04
1.47572999999999991E-04
1.46553000000000004E-04
1.46543999999999998E-04
1.46913000000000008E-04
1.83193999999999995E-04
1.64734000000000012E-04
1.46742999999999987E-04
1.64274000000000006E-04
1.46663000000000002E-04
1.46603000000000006E-04
1.46443999999999996E-04
1.61993000000000006E-04
1.61244000000000003E-04
1.64153999999999987E-04
1.87653999999999989E-04
1.66923999999999989E-04
1.46763000000000004E-04
1.46932999999999997E-04
1.46703999999999997E-04
1.46732999999999993E-04
1.54472999999999996E-04
1.46844000000000006E-04
1.46742999999999987E-04
1.58903000000000006E-04
1.94584000000000006E-04
1.66863999999999993E-04
1.60352999999999988E-04
1.62224000000000011E-04
1.47233000000000005E-04
1.46884000000000012E-04
1.83103999999999987E-04
1.89103999999999997E-04
1.89554000000000008E-04
1.89743999999999991E-04
1.90874000000000002E-04
2.11145000000000012E-04
2.25679999999999994E-04
1.46663000000000002E-04
1.46252999999999997E-04
1.46314000000000009E-04
1.46372999999999989E-04
2.31224999999999996E-04
2.18299999999999994E-04
1.94524000000000010E-04
1.89354999999999992E-04
1.88373999999999996E-04
1.91583999999999987E-04
1.94264999999999998E-04
1.94603999999999996E-04
2.17524999999999988E-04
1.92064000000000010E-04
1.86484999999999987E-04
1.90933999999999998E-04
1.86863999999999992E-04
1.91103999999999992E-04
1.91625000000000009E-04
2.16824999999999998E-04
1.93363999999999987E-04
1.93374000000000009E-04
2.14185000000000010E-04
1.95283999999999996E-04
1.88144999999999995E-04
2.01423999999999988E-04
1.94195000000000007E-04
1.94513999999999988E-04
1.96204000000000007E-04
1.89275000000000006E-04
1.92014000000000008E-04
1.92704000000000004E-04
1.92504999999999987E-04
2.13474000000000010E-04
1.93324000000000008E-04
1.93994000000000013E-04
1.94784999999999999E-04
2.03183999999999998E-04
1.94185000000000012E-04
1.91394000000000004E-04
1.90704000000000009E-04
1.89423999999999994E-04
1.94565000000000005E-04
2.12465000000000006E-04
1.89704000000000012E-04
1.92844000000000012E-04
1.92594999999999995E-04
1.91993999999999992E-04
1.96693999999999998E-04
1.91785000000000008E-04
2.12374000000000010E-04
1.89394999999999998E-04
2.08984000000000004E-04
2.16004999999999989E-04
1.86765000000000005E-04
1.91174000000000010E-04
1.95154000000000009E-04
1.88394000000000013E-04
1.94865000000000012E-04
1.93684000000000011E-04
1.91575000000000008E-04
1.96784000000000005E-04
1.97084000000000012E-04
2.11344999999999990E-04
1.92425000000000002E-04
1.92584000000000011E-04
1.89333999999999987E-04
1.90313999999999994E-04
1.94675000000000002E-04
1.88633999999999997E-04
1.91954000000000012E-04
1.91184999999999993E-04
1.87984000000000008E-04
2.09884999999999987E-04
1.92673999999999992E-04
2.14844999999999994E-04
1.92363999999999990E-04
1.97894999999999988E-04
1.91583999999999987E-04
1.93353999999999992E-04
1.93095000000000007E-04
1.92584000000000011E-04
1.89294000000000007E-04
2.08784999999999987E-04
1.92594000000000006E-04
4.22449999999999996E-04
1.54183000000000011E-04
1.47343999999999991E-04
1.47083000000000001E-04
1.47123000000000007E-04
1.90473999999999993E-04
2.17955000000000010E-04
1.95555000000000007E-04
2.27459999999999994E-04
1.88714999999999998E-04
1.83644000000000006E-04
1.67832999999999990E-04
2.21623999999999991E-04
2.07505000000000000E-04
1.94154000000000012E-04
1.73164000000000011E-04
1.46393999999999995E-04
1.46272999999999987E-04
1.46403000000000001E-04
1.46663000000000002E-04
1.46353999999999988E-04
1.50082999999999993E-04
1.62664000000000000E-04
1.46283000000000009E-04
1.46223000000000013E-04
1.46453999999999991E-04
1.46223000000000013E-04
1.46223000000000013E-04
1.46362999999999994E-04
1.46484000000000002E-04
1.53752999999999990E-04
1.63303999999999994E-04
1.54713000000000008E-04
1.74913999999999999E-04
1.46823999999999989E-04
1.83883999999999990E-04
1.87094000000000008E-04
1.84594000000000002E-04
1.46813999999999994E-04
1.46603000000000006E-04
1.71513999999999998E-04
1.53632999999999998E-04
1.62373999999999987E-04
1.46653000000000007E-04
1.74494000000000000E-04
1.84603999999999996E-04
1.83114000000000009E-04
1.68514000000000006E-04
1.57884000000000008E-04
1.63043000000000004E-04
1.46954000000000003E-04
1.46532999999999988E-04
1.46092999999999999E-04
1.70714000000000006E-04
1.46372999999999989E-04
1.46524000000000009E-04
1.46333000000000010E-04
1.46403000000000001E-04
1.46393999999999995E-04
1.46543000000000010E-04
1.62742999999999997E-04
1.46603000000000006E-04
1.46472999999999992E-04
1.46412999999999996E-04
1.46004000000000007E-04
1.46293000000000004E-04
1.46532999999999988E-04
1.46023999999999996E-04
1.46333000000000010E-04
1.46262999999999992E-04
1.46083000000000004E-04
1.46224000000000001E-04
1.46422999999999990E-04
1.61933999999999998E-04
1.46252999999999997E-04
1.46202999999999996E-04
1.46353000000000000E-04
1.91134999999999992E-04
1.85073999999999997E-04
1.81883999999999995E-04
1.82064000000000011E-04
1.65543999999999999E-04
1.46223000000000013E-04
1.46422999999999990E-04
1.65043999999999987E-04
1.46453000000000002E-04
1.61924000000000003E-04
1.46243000000000002E-04
1.46283999999999997E-04
1.46372999999999989E-04
1.46183000000000006E-04
1.46383000000000011E-04
1.46152999999999995E-04
1.46493000000000008E-04
1.46562999999999999E-04
3.67282999999999987E-04
2.01974000000000001E-04
2.44190999999999994E-04
2.43214999999999995E-04
1.91394999999999993E-04
1.91854000000000010E-04
1.93214000000000011E-04
1.89533999999999992E-04
1.58894000000000000E-04
1.46593000000000011E-04
1.46484000000000002E-04
1.46593000000000011E-04
1.77934000000000008E-04
1.46693000000000013E-04
1.46372999999999989E-04
1.46324000000000004E-04
1.46453000000000002E-04
1.46462999999999997E-04
1.46703000000000008E-04
1.46453999999999991E-04
1.46283000000000009E-04
1.47212999999999988E-04
1.47013999999999999E-04
1.89774000000000003E-04
1.46672999999999997E-04
1.46333999999999999E-04
1.71032999999999987E-04
1.46484000000000002E-04
1.46372999999999989E-04
1.46293000000000004E-04
1.46033999999999991E-04
1.46422999999999990E-04
1.46532999999999988E-04
1.46372999999999989E-04
1.46364000000000010E-04
1.46472999999999992E-04
1.87044000000000007E-04
2.22604999999999987E-04
2.03055000000000000E-04
2.03264999999999999E-04
2.03164000000000008E-04
2.03374999999999997E-04
2.02943999999999987E-04
2.49356000000000003E-04
2.38762000000000002E-04
1.88635000000000013E-04
2.02313999999999988E-04
1.89413999999999999E-04
1.88294999999999999E-04
1.87233999999999990E-04
1.91324000000000013E-04
1.92363999999999990E-04
1.92124999999999994E-04
2.16424999999999989E-04
2.56955000000000009E-04
1.93095000000000007E-04
1.94484000000000003E-04
2.03035000000000010E-04
1.91064000000000012E-04
2.97596999999999977E-04
1.91843999999999988E-04
1.99165000000000008E-04
1.96834000000000006E-04
2.07044999999999994E-04
2.00964000000000009E-04
1.92814999999999989E-04
1.92234000000000003E-04
1.92424000000000013E-04
1.93085000000000012E-04
1.92513999999999994E-04
1.93524000000000013E-04
1.87264000000000001E-04
1.93615000000000009E-04
2.06963999999999992E-04
1.93153999999999987E-04
1.89483999999999990E-04
1.89964000000000013E-04
1.88955000000000009E-04
2.23925000000000008E-04
2.30244999999999989E-04
1.93573999999999987E-04
1.95274999999999990E-04
7.85010000000000048E-04
2.32174999999999992E-04
2.08265000000000013E-04
2.07734999999999989E-04
2.03623999999999987E-04
2.03424999999999998E-04
2.03403999999999993E-04
2.07624999999999992E-04
2.07154999999999991E-04
3.03707000000000011E-04
1.93174000000000004E-04
1.93264000000000012E-04
1.91265000000000006E-04
1.90914000000000009E-04
1.92513999999999994E-04
2.52186000000000001E-04
1.99623999999999998E-04
2.09673999999999999E-04
2.13295000000000010E-04
1.91964000000000007E-04
1.92484999999999998E-04
1.93524000000000013E-04
1.95634000000000004E-04
1.94164000000000007E-04
1.94004000000000008E-04
1.92375000000000000E-04
1.97304000000000007E-04
1.94553999999999994E-04
2.15954999999999988E-04
1.94534999999999993E-04
1.93114000000000008E-04
2.12415000000000005E-04
1.95534000000000002E-04
2.29905000000000002E-04
1.93904999999999994E-04
1.93174000000000004E-04
1.99695000000000005E-04
1.93314000000000013E-04
2.13815000000000012E-04
1.94534000000000005E-04
1.93875000000000010E-04
1.95014000000000000E-04
1.93334000000000003E-04
1.94004999999999997E-04
1.93983999999999991E-04
2.12295000000000013E-04
1.97244000000000011E-04
1.48863999999999990E-04
1.51032999999999989E-04
1.63634000000000013E-04
1.46873000000000001E-04
1.46613000000000000E-04
1.59464000000000003E-04
1.95204000000000010E-04
1.93785000000000002E-04
1.94873999999999991E-04
1.92814000000000001E-04
1.93424999999999999E-04
1.93983999999999991E-04
1.94854999999999990E-04
2.29480000000000005E-04
1.96653999999999991E-04
1.98015000000000007E-04
1.99893999999999994E-04
1.99273999999999990E-04
1.98475000000000013E-04
1.99554000000000007E-04
2.01814999999999991E-04
2.15524999999999994E-04
1.95913999999999995E-04
1.99974999999999995E-04
1.94204000000000013E-04
2.04285000000000013E-04
1.96424000000000002E-04
2.11675000000000009E-04
1.97803999999999992E-04
2.33706000000000002E-04
5.55824000000000010E-04
2.92356999999999979E-04
2.37974999999999998E-04
2.41995999999999992E-04
2.40465000000000009E-04
1.82513999999999994E-04
3.12507000000000008E-04
1.96114999999999988E-04
1.94264000000000009E-04
2.09485000000000004E-04
1.95033999999999990E-04
1.96235000000000008E-04
1.96243999999999987E-04
2.48255999999999976E-04
2.61476000000000015E-04
3.02206000000000013E-04
1.47204000000000009E-04
1.46713000000000003E-04
1.46622999999999995E-04
1.46543999999999998E-04
1.46553000000000004E-04
1.46792999999999989E-04
1.46982999999999999E-04
1.46632999999999990E-04
1.46873000000000001E-04
1.63993999999999989E-04
1.62473000000000001E-04
1.46634000000000006E-04
1.46942999999999992E-04
1.46663000000000002E-04
1.87035000000000001E-04
1.46543000000000010E-04
1.46553000000000004E-04
1.46582999999999989E-04
1.46123999999999999E-04
1.46412999999999996E-04
3.06844999999999980E-04
2.04224000000000002E-04
2.00564999999999988E-04
2.02424000000000012E-04
2.04975000000000009E-04
2.01704999999999994E-04
2.01723999999999995E-04
2.00905000000000002E-04
2.24384999999999987E-04
2.02413999999999990E-04
2.16514999999999996E-04
2.01384999999999997E-04
1.98963999999999988E-04
2.36826000000000012E-04
2.01744000000000012E-04
2.01115000000000001E-04
2.01363999999999992E-04
2.02255000000000007E-04
2.20964999999999996E-04
2.04503999999999992E-04
2.01454999999999988E-04
2.01714000000000000E-04
1.98965000000000003E-04
2.00513999999999998E-04
1.96595000000000011E-04
1.95744000000000002E-04
1.95374999999999992E-04
2.18084999999999997E-04
2.02604000000000000E-04
2.01775000000000012E-04
2.03264000000000011E-04
2.40485999999999988E-04
2.03203999999999988E-04
2.05705000000000010E-04
2.03004999999999999E-04
2.02444000000000002E-04
2.02265000000000002E-04
2.21005000000000002E-04
2.00833999999999995E-04
2.85836999999999994E-04
1.90134000000000006E-04
1.76903999999999999E-04
1.55873000000000003E-04
1.99344999999999996E-04
2.05805000000000012E-04
2.04224000000000002E-04
2.03725000000000005E-04
2.23024999999999986E-04
1.99203999999999999E-04
2.39546000000000013E-04
2.00134000000000005E-04
1.83384000000000005E-04
1.92935000000000009E-04
2.06763999999999988E-04
2.01494999999999994E-04
2.03045000000000005E-04
2.23305000000000004E-04
2.01814000000000003E-04
2.02544999999999993E-04
2.22405000000000009E-04
2.06314000000000004E-04
2.01924999999999989E-04
2.04114999999999993E-04
1.99793999999999992E-04
1.99504999999999995E-04
2.00034000000000003E-04
2.30355000000000013E-04
1.98005000000000013E-04
2.20485000000000001E-04
2.04193999999999990E-04
2.08125000000000004E-04
2.05285000000000011E-04
2.01244000000000000E-04
1.99315000000000012E-04
2.00714000000000003E-04
2.02064999999999997E-04
2.22914999999999989E-04
2.09153999999999997E-04
2.16283999999999991E-04
1.94224999999999991E-04
2.10594999999999999E-04
2.01244000000000000E-04
2.01084999999999990E-04
2.01764000000000002E-04
2.04114999999999993E-04
2.20294999999999991E-04
2.02033999999999997E-04
2.00344999999999994E-04
1.99604000000000009E-04
1.97865000000000004E-04
1.99124000000000013E-04
1.98824999999999995E-04
1.98543999999999988E-04
1.99654999999999998E-04
2.01134000000000002E-04
2.20795000000000003E-04
2.09275000000000005E-04
2.17535000000000010E-04
2.00623999999999995E-04
2.04725000000000002E-04
1.95674000000000011E-04
2.08285000000000002E-04
2.09294999999999994E-04
2.01124000000000008E-04
2.01454999999999988E-04
2.21394999999999990E-04
1.99473999999999995E-04
1.78874000000000009E-04
1.95193999999999988E-04
2.05734999999999994E-04
2.01983999999999996E-04
2.01764999999999990E-04
2.03224000000000004E-04
1.99895000000000010E-04
2.01294000000000001E-04
2.23524999999999999E-04
3.00539000000000004E-04
2.43894000000000006E-04
2.04293999999999993E-04
2.35865999999999994E-04
5.66972000000000005E-04
1.91754999999999996E-04
2.20394999999999993E-04
2.35314999999999992E-04
2.24624999999999998E-04
1.64684000000000011E-04
1.47063000000000011E-04
1.46923000000000003E-04
1.46684000000000007E-04
1.54913000000000012E-04
1.46863000000000007E-04
1.46863999999999995E-04
1.54203000000000001E-04
1.65983999999999988E-04
2.25760000000000007E-04
1.93074999999999990E-04
2.00014000000000013E-04
2.03594999999999991E-04
2.12914999999999990E-04
2.06793999999999999E-04
1.93095000000000007E-04
1.92473999999999987E-04
2.28339999999999999E-04
2.11074000000000006E-04
1.94365000000000000E-04
2.13765000000000011E-04
1.94033999999999993E-04
1.94204000000000013E-04
2.10864999999999994E-04
1.93973999999999996E-04
1.93214000000000011E-04
1.92783999999999989E-04
1.94045000000000003E-04
2.17953999999999994E-04
1.93625000000000004E-04
2.19805000000000000E-04
1.92174000000000007E-04
1.92003999999999987E-04
2.11355000000000012E-04
1.93355000000000008E-04
2.09063999999999989E-04
1.93864999999999988E-04
2.12384000000000005E-04
2.08325000000000009E-04
1.93513999999999991E-04
2.13575000000000001E-04
1.93024999999999989E-04
2.22589999999999995E-04
2.02455000000000012E-04
2.01064000000000012E-04
1.93944000000000012E-04
1.76324000000000001E-04
1.50533999999999992E-04
1.47503000000000000E-04
1.94224000000000003E-04
1.46703000000000008E-04
1.46722999999999998E-04
1.63374000000000012E-04
1.46813000000000005E-04
1.46162999999999990E-04
1.46634000000000006E-04
1.46873000000000001E-04
1.46482999999999986E-04
1.46873999999999990E-04
1.46503000000000003E-04
1.47002999999999988E-04
1.58653999999999989E-04
1.47243000000000000E-04
1.46653000000000007E-04
1.46543999999999998E-04
1.62392999999999988E-04
1.46803999999999999E-04
1.46892999999999991E-04
1.46713000000000003E-04
1.46813000000000005E-04
1.46513999999999987E-04
3.49057000000000002E-04
2.31916000000000007E-04
1.96514000000000009E-04
1.96424000000000002E-04
1.94305000000000004E-04
1.67443999999999991E-04
1.46703000000000008E-04
1.46353000000000000E-04
1.46643000000000012E-04
1.64493000000000012E-04
1.46453999999999991E-04
1.46133000000000005E-04
1.46202999999999996E-04
1.80163999999999991E-04
1.47142999999999997E-04
1.46703999999999997E-04
1.46362999999999994E-04
1.46522999999999993E-04
1.46794000000000004E-04
1.46713000000000003E-04
1.46693000000000013E-04
1.46732999999999993E-04
1.64382999999999988E-04
1.46794000000000004E-04
1.57483000000000010E-04
1.46622999999999995E-04
1.46333999999999999E-04
1.86293999999999989E-04
1.46453000000000002E-04
1.46512999999999998E-04
1.46524000000000009E-04
1.46653000000000007E-04
1.46803000000000011E-04
1.46653999999999996E-04
1.46443000000000007E-04
1.74928999999999992E-04
1.47553000000000002E-04
1.46884000000000012E-04
1.47092999999999996E-04
1.58362999999999988E-04
1.46954000000000003E-04
1.46973000000000004E-04
1.47013000000000010E-04
1.46823999999999989E-04
1.46913000000000008E-04
1.47023000000000005E-04
1.46963999999999998E-04
1.63432999999999992E-04
1.67543999999999994E-04
1.46923000000000003E-04
1.46534000000000003E-04
1.46433000000000012E-04
1.46272999999999987E-04
1.46422999999999990E-04
1.46183999999999995E-04
1.46173000000000011E-04
1.46362999999999994E-04
1.62954000000000012E-04
1.86884000000000008E-04
2.03765000000000012E-04
1.53542999999999990E-04
1.48393999999999989E-04
1.46572999999999994E-04
1.46742999999999987E-04
1.46453999999999991E-04
1.46532999999999988E-04
1.56333000000000009E-04
1.46503999999999992E-04
1.49483000000000005E-04
1.55684000000000009E-04
1.65613000000000002E-04
1.54844000000000010E-04
2.01384000000000009E-04
1.50993999999999998E-04
1.61032999999999988E-04
1.46634000000000006E-04
1.46393000000000006E-04
1.46593000000000011E-04
1.46474000000000007E-04
1.46493000000000008E-04
1.49533000000000006E-04
1.46283999999999997E-04
1.49853000000000003E-04
1.52442999999999990E-04
1.46293999999999992E-04
1.62482999999999996E-04
1.46443999999999996E-04
1.46472999999999992E-04
1.46123000000000010E-04
1.46283000000000009E-04
1.46264000000000008E-04
1.46443000000000007E-04
1.46462999999999997E-04
1.46553999999999993E-04
1.46422999999999990E-04
1.46682999999999991E-04
1.53334000000000006E-04
1.46622999999999995E-04
1.51452999999999988E-04
1.61303999999999999E-04
1.46593000000000011E-04
1.58514000000000007E-04
1.46593000000000011E-04
7.45726999999999957E-04
2.91720999999999994E-04
2.05314999999999995E-04
1.73993999999999988E-04
1.47352999999999997E-04
1.51854000000000013E-04
1.46503000000000003E-04
1.46722999999999998E-04
1.46632999999999990E-04
1.46534000000000003E-04
1.46643000000000012E-04
1.46853000000000012E-04
1.56873999999999989E-04
1.46613000000000000E-04
1.62704000000000006E-04
1.46433000000000012E-04
1.46613000000000000E-04
1.46713999999999992E-04
1.63353000000000006E-04
1.46434000000000001E-04
1.46643000000000012E-04
1.49442999999999999E-04
1.46543999999999998E-04
1.46493000000000008E-04
1.46663000000000002E-04
1.46353000000000000E-04
1.46543999999999998E-04
1.62392999999999988E-04
1.58664000000000011E-04
1.46873000000000001E-04
1.46923999999999991E-04
1.46913000000000008E-04
1.46753000000000009E-04
1.46572999999999994E-04
1.46562999999999999E-04
1.46952999999999987E-04
1.46982999999999999E-04
1.53744000000000011E-04
1.46772999999999999E-04
1.48412999999999990E-04
1.73324000000000010E-04
1.81924000000000002E-04
1.98304999999999993E-04
1.97803999999999992E-04
1.95684999999999994E-04
1.96474000000000003E-04
1.98244999999999997E-04
1.97874000000000010E-04
1.99315000000000012E-04
2.00604000000000006E-04
1.62974000000000002E-04
1.64203000000000000E-04
1.54233000000000012E-04
1.54942999999999997E-04
1.74744000000000006E-04
1.98504999999999998E-04
2.01794000000000013E-04
1.96164000000000001E-04
1.85324000000000003E-04
1.85073999999999997E-04
1.89843999999999994E-04
1.93765000000000013E-04
2.32384999999999992E-04
1.96354000000000011E-04
2.03534999999999995E-04
1.93484000000000006E-04
1.95014000000000000E-04
1.97335000000000007E-04
1.97354000000000008E-04
1.94284999999999987E-04
2.16564000000000009E-04
1.98504999999999998E-04
1.95443999999999994E-04
1.94205000000000002E-04
2.01563999999999997E-04
1.98795000000000010E-04
2.30725000000000011E-04
1.93823999999999993E-04
1.94104999999999999E-04
1.96433999999999997E-04
2.18235000000000000E-04
1.96664000000000013E-04
1.93885000000000005E-04
2.16925000000000001E-04
4.24253999999999994E-04
1.93133999999999998E-04
1.92794000000000011E-04
1.92704999999999992E-04
2.21694999999999998E-04
1.93754000000000002E-04
1.92914000000000003E-04
1.92455000000000013E-04
1.92594000000000006E-04
2.25335000000000010E-04
1.92833999999999990E-04
1.93105000000000002E-04
2.10384000000000010E-04
1.53873000000000009E-04
1.82403999999999997E-04
1.82114000000000012E-04
1.92644999999999996E-04
1.91993999999999992E-04
1.93544000000000002E-04
2.14285000000000013E-04
1.96083999999999988E-04
1.92825000000000011E-04
2.08554000000000009E-04
1.92935000000000009E-04
2.08094000000000004E-04
1.92713999999999998E-04
2.77631000000000026E-04
2.14085000000000008E-04
2.27435000000000007E-04
2.03035000000000010E-04
2.03715000000000010E-04
2.03603999999999997E-04
2.03875000000000009E-04
2.04033999999999992E-04
2.63146000000000018E-04
1.98354999999999994E-04
2.38005000000000009E-04
2.05154999999999997E-04
1.96643999999999996E-04
1.96264999999999992E-04
1.97664000000000010E-04
1.97944999999999989E-04
1.99223999999999989E-04
2.00554000000000005E-04
1.99573999999999997E-04
2.13484999999999993E-04
2.18504999999999996E-04
2.04553999999999993E-04
1.97645000000000009E-04
1.96634000000000001E-04
1.99495000000000000E-04
1.98633999999999996E-04
1.98685000000000013E-04
2.03164000000000008E-04
1.98115000000000010E-04
1.97944000000000001E-04
2.18265000000000012E-04
2.02914999999999991E-04
1.99413999999999999E-04
1.98855000000000006E-04
1.97514000000000007E-04
1.99984999999999990E-04
2.00244000000000003E-04
2.23445000000000013E-04
1.93234000000000000E-04
1.96755000000000009E-04
2.17705000000000004E-04
1.98034000000000008E-04
1.98194999999999996E-04
1.98383999999999990E-04
1.98944999999999987E-04
1.96094000000000010E-04
2.03365000000000002E-04
2.00284000000000009E-04
1.98664999999999996E-04
1.99234000000000010E-04
2.39494999999999997E-04
2.08123999999999988E-04
2.03875000000000009E-04
2.03914000000000000E-04
2.12625000000000005E-04
2.03324999999999996E-04
2.03083999999999996E-04
2.04205000000000001E-04
2.03744999999999995E-04
2.22945000000000001E-04
2.07283999999999989E-04
2.03975000000000011E-04
2.02993999999999988E-04
2.04274999999999992E-04
2.43355000000000004E-04
2.04043999999999986E-04
2.03174999999999992E-04
2.30284999999999995E-04
1.90824000000000001E-04
1.89974000000000008E-04
1.90444999999999997E-04
1.46992999999999993E-04
1.46582999999999989E-04
1.75393999999999995E-04
1.46643000000000012E-04
1.46644000000000001E-04
1.46653000000000007E-04
1.64534000000000007E-04
1.46593000000000011E-04
1.46322999999999988E-04
1.46863999999999995E-04
1.46782999999999994E-04
1.46272999999999987E-04
1.46622999999999995E-04
1.46694000000000002E-04
1.46522999999999993E-04
1.46322999999999988E-04
1.46644000000000001E-04
1.46123000000000010E-04
1.46412999999999996E-04
1.65274000000000004E-04
1.46362999999999994E-04
1.46472999999999992E-04
1.50834000000000000E-04
1.46293000000000004E-04
1.47042999999999995E-04
1.46563999999999988E-04
2.12339999999999990E-04
1.96123999999999995E-04
2.13975000000000010E-04
1.95734000000000007E-04
1.95865000000000009E-04
1.99934000000000000E-04
1.96104999999999994E-04
1.96364000000000006E-04
1.96863999999999991E-04
2.17845000000000012E-04
1.97245000000000000E-04
1.96414000000000007E-04
1.98025000000000002E-04
1.96514000000000009E-04
1.98574999999999988E-04
2.01843999999999987E-04
1.98824999999999995E-04
1.96493999999999993E-04
2.27915000000000002E-04
2.17524999999999988E-04
1.97335000000000007E-04
2.01213999999999988E-04
1.97884000000000005E-04
1.98354000000000005E-04
1.99514000000000001E-04
2.02604999999999989E-04
2.11284999999999994E-04
1.98924000000000008E-04
2.03894999999999999E-04
2.19795000000000006E-04
1.98724000000000004E-04
1.99254999999999989E-04
1.99304000000000001E-04
2.01294999999999990E-04
2.01914000000000005E-04
2.04035000000000007E-04
2.10165000000000005E-04
1.98893999999999997E-04
2.19874999999999991E-04
2.51246000000000000E-04
1.94334000000000000E-04
1.89194000000000005E-04
2.14694000000000001E-04
2.48245999999999981E-04
2.05424999999999992E-04
1.90223999999999987E-04
1.81594000000000010E-04
1.92794000000000011E-04
1.92654999999999991E-04
1.97784000000000002E-04
2.16364999999999993E-04
2.14245000000000006E-04
1.96963999999999993E-04
1.96004999999999991E-04
2.12735000000000002E-04
1.94553999999999994E-04
2.00215000000000007E-04
1.96233999999999992E-04
1.92983999999999994E-04
1.97144999999999997E-04
1.94334000000000000E-04
2.18574999999999987E-04
1.93613999999999993E-04
1.92324999999999999E-04
1.97703999999999990E-04
1.95545000000000012E-04
1.96144000000000011E-04
1.98005000000000013E-04
1.97483999999999995E-04
1.98194000000000007E-04
1.95145000000000003E-04
2.18184999999999999E-04
2.21515000000000009E-04
1.97054000000000001E-04
2.00764999999999993E-04
2.00843999999999990E-04
1.97054999999999989E-04
1.95383999999999998E-04
1.99884999999999988E-04
1.62413000000000005E-04
1.46773999999999988E-04
1.60573000000000009E-04
2.27154999999999989E-04
1.92904999999999997E-04
1.93654000000000000E-04
2.18344999999999997E-04
1.92074000000000004E-04
2.12935000000000007E-04
1.92814000000000001E-04
1.93565000000000008E-04
2.35440000000000009E-04
2.25464000000000008E-04
2.24660000000000007E-04
1.96285000000000009E-04
1.92234000000000003E-04
2.06994999999999993E-04
1.90924000000000004E-04
1.96655000000000007E-04
1.90554000000000005E-04
1.91983999999999997E-04
2.12675000000000006E-04
1.90344000000000006E-04
1.93904999999999994E-04
1.95233999999999995E-04
1.90163999999999991E-04
1.92145000000000011E-04
1.95364000000000009E-04
1.94503999999999993E-04
1.91744000000000013E-04
2.05803999999999997E-04
2.11764999999999989E-04
1.91594999999999998E-04
1.89564000000000003E-04
1.95304000000000013E-04
1.91824999999999987E-04
2.33155000000000000E-04
2.08306999999999996E-04
2.71375999999999985E-04
1.96533999999999999E-04
3.31788000000000016E-04
2.59806000000000013E-04
4.22469000000000024E-04
3.21021000000000002E-04
2.03784000000000013E-04
2.20974999999999991E-04
2.01224999999999999E-04
2.01093999999999996E-04
2.04245000000000007E-04
2.00764000000000004E-04
2.00094999999999987E-04
2.21334999999999994E-04
2.00354000000000000E-04
2.00895000000000007E-04
2.00854000000000012E-04
2.01124999999999996E-04
2.01563999999999997E-04
2.01394999999999992E-04
2.04865000000000011E-04
2.00434000000000013E-04
2.21415000000000007E-04
2.23474999999999997E-04
2.00984999999999987E-04
1.92424000000000013E-04
1.77113999999999999E-04
1.76613999999999986E-04
2.82606000000000025E-04
2.10745000000000002E-04
2.84950999999999976E-04
2.40461000000000000E-04
1.92723999999999993E-04
1.69364000000000000E-04
1.47584000000000002E-04
1.47672999999999994E-04
2.25679999999999994E-04
1.76293999999999990E-04
1.83754000000000003E-04
1.77963999999999992E-04
1.75884000000000012E-04
1.80843999999999992E-04
1.73214000000000012E-04
1.78944000000000000E-04
1.71654000000000007E-04
1.88273999999999993E-04
1.68183999999999988E-04
1.80284000000000011E-04
1.66703999999999995E-04
1.74534000000000006E-04
1.73193999999999996E-04
1.83684000000000012E-04
1.62902999999999995E-04
1.49812999999999997E-04
1.74694000000000005E-04
1.60192999999999989E-04
1.54453999999999995E-04
1.73534000000000009E-04
1.81523999999999992E-04
1.66784000000000008E-04
1.71633000000000001E-04
1.80404000000000003E-04
1.73482999999999992E-04
1.64522999999999997E-04
1.69943999999999998E-04
2.31594999999999994E-04
1.63153999999999990E-04
1.87779000000000006E-04
1.93014999999999994E-04
1.93463999999999989E-04
1.94584000000000006E-04
1.93055000000000001E-04
1.92513999999999994E-04
1.96543999999999994E-04
1.85854000000000000E-04
1.95224000000000000E-04
2.16125000000000009E-04
1.94484000000000003E-04
4.51600000000000027E-04
1.82683999999999988E-04
1.85154999999999998E-04
1.75484000000000002E-04
1.76293999999999990E-04
2.12823999999999994E-04
1.66464000000000011E-04
1.54313999999999987E-04
1.52413000000000006E-04
1.46973000000000004E-04
1.99864999999999998E-04
2.03763999999999996E-04
1.99294999999999995E-04
2.00363999999999995E-04
2.02263999999999987E-04
2.04114999999999993E-04
2.01714000000000000E-04
2.03184999999999987E-04
1.97564000000000008E-04
1.46543999999999998E-04
1.63382999999999991E-04
1.50144000000000004E-04
1.46543000000000010E-04
1.84343999999999995E-04
1.51122999999999996E-04
1.46183999999999995E-04
1.53752999999999990E-04
1.46603000000000006E-04
1.46503999999999992E-04
1.46453000000000002E-04
1.46412999999999996E-04
1.46534000000000003E-04
1.46672999999999997E-04
1.62954000000000012E-04
1.46813000000000005E-04
1.46682999999999991E-04
1.53143999999999996E-04
1.79793999999999993E-04
1.71833000000000006E-04
1.56942999999999991E-04
1.65214000000000008E-04
1.46353000000000000E-04
1.46713000000000003E-04
1.51583999999999991E-04
1.51442999999999993E-04
1.48402999999999995E-04
1.62353999999999998E-04
1.46503000000000003E-04
1.46353999999999988E-04
1.46632999999999990E-04
1.74734000000000011E-04
1.46613000000000000E-04
1.46794000000000004E-04
1.46453000000000002E-04
1.46863000000000007E-04
1.46903000000000013E-04
1.46844000000000006E-04
1.46693000000000013E-04
1.58863999999999989E-04
1.86178999999999994E-04
1.46152999999999995E-04
1.47162999999999987E-04
1.46694000000000002E-04
1.46393000000000006E-04
1.46722999999999998E-04
1.46433000000000012E-04
1.46734000000000008E-04
1.46782999999999994E-04
1.65543999999999999E-04
1.99974000000000007E-04
2.41341000000000006E-04
2.03794999999999996E-04
2.29475000000000008E-04
2.03434000000000004E-04
2.02875000000000012E-04
2.04145000000000005E-04
2.08483999999999991E-04
2.25445000000000007E-04
2.28475000000000011E-04
2.03393999999999998E-04
2.04095000000000003E-04
2.03653999999999999E-04
2.25264999999999992E-04
2.03085000000000011E-04
2.04035000000000007E-04
2.02673999999999991E-04
2.07745000000000011E-04
3.04517000000000026E-04
1.98655000000000001E-04
2.49935000000000012E-04
1.92744999999999999E-04
2.26715000000000000E-04
2.06044999999999997E-04
2.12544000000000003E-04
2.11415000000000008E-04
1.92804000000000006E-04
1.92964000000000004E-04
2.24935000000000000E-04
1.93295000000000012E-04
1.92694000000000009E-04
2.69585999999999990E-04
1.91744000000000013E-04
2.20375000000000003E-04
1.99144000000000003E-04
1.93114999999999997E-04
1.99173999999999987E-04
1.97314999999999990E-04
2.32135000000000013E-04
2.03615000000000008E-04
2.03563999999999991E-04
2.03954999999999995E-04
2.03815000000000013E-04
2.04274000000000003E-04
2.08314999999999987E-04
2.03463999999999989E-04
2.28115999999999996E-04
2.03453999999999994E-04
2.04195000000000006E-04
2.19795000000000006E-04
2.03443999999999999E-04
2.03484999999999994E-04
2.04095000000000003E-04
2.03973999999999996E-04
2.03775000000000006E-04
2.54525000000000020E-04
2.08485000000000007E-04
2.03744999999999995E-04
2.04114000000000004E-04
2.09595000000000002E-04
2.03844999999999997E-04
2.03033999999999994E-04
2.04045000000000002E-04
2.03694000000000005E-04
2.06944999999999991E-04
1.71014000000000013E-04
1.62024000000000006E-04
1.58543000000000003E-04
1.71773999999999999E-04
1.46562999999999999E-04
1.46414000000000011E-04
1.51153000000000008E-04
1.57433999999999997E-04
1.62523000000000002E-04
1.81053999999999991E-04
2.14025000000000012E-04
2.18795000000000008E-04
2.26834999999999992E-04
2.03284999999999989E-04
2.03883999999999988E-04
2.03114999999999996E-04
2.03665000000000009E-04
2.03563999999999991E-04
2.07994999999999990E-04
2.03883999999999988E-04
2.03625000000000003E-04
2.22975000000000012E-04
2.04095000000000003E-04
2.03634000000000009E-04
2.23584999999999995E-04
2.02804999999999994E-04
2.03754000000000001E-04
2.20263999999999990E-04
2.04233999999999996E-04
2.16225000000000011E-04
2.27495000000000003E-04
1.93363999999999987E-04
1.63083000000000011E-04
1.61444000000000008E-04
1.75923999999999991E-04
2.20635000000000004E-04
1.88184000000000013E-04
1.57813999999999990E-04
1.74043000000000000E-04
1.84613999999999991E-04
1.60802999999999998E-04
1.99005000000000010E-04
2.17955000000000010E-04
1.99094000000000002E-04
2.00675000000000012E-04
2.00563999999999999E-04
2.11924999999999988E-04
2.00804000000000011E-04
2.00394999999999995E-04
2.02663999999999996E-04
1.98793999999999994E-04
2.17624999999999991E-04
2.04655000000000012E-04
2.02324000000000010E-04
1.97304000000000007E-04
1.99724000000000001E-04
2.00854000000000012E-04
1.99793999999999992E-04
2.01415000000000009E-04
2.02544000000000004E-04
2.01664999999999988E-04
2.18094999999999991E-04
1.99144000000000003E-04
1.97295000000000001E-04
2.06493999999999992E-04
1.95414999999999998E-04
1.99063999999999990E-04
2.00184999999999995E-04
2.00943999999999992E-04
2.04395000000000011E-04
2.00334000000000010E-04
2.08705000000000002E-04
1.87034000000000012E-04
1.91613999999999999E-04
2.00764999999999993E-04
2.01103999999999991E-04
2.00864999999999995E-04
2.01053999999999990E-04
2.04085000000000009E-04
2.03885000000000004E-04
1.97194000000000010E-04
2.17684999999999987E-04
2.00155000000000011E-04
2.48184999999999996E-04
1.99955000000000006E-04
2.00783999999999994E-04
2.01074999999999995E-04
2.01444000000000005E-04
2.04524999999999998E-04
2.00544000000000010E-04
2.00625000000000011E-04
2.17435000000000008E-04
1.99604000000000009E-04
1.97424999999999988E-04
2.00964000000000009E-04
2.04935000000000002E-04
2.18905000000000006E-04
2.01744000000000012E-04
2.04944999999999997E-04
2.01775000000000012E-04
2.26304999999999996E-04
2.00854000000000012E-04
2.00435000000000001E-04
2.00983999999999999E-04
1.99285000000000000E-04
2.12074000000000003E-04
1.97175000000000009E-04
1.98593999999999990E-04
2.04445000000000012E-04
2.01573999999999991E-04
2.19315000000000010E-04
2.01924999999999989E-04
2.01895000000000004E-04
2.01294000000000001E-04
2.00625000000000011E-04
2.00623999999999995E-04
2.03155000000000002E-04
2.03443999999999999E-04
2.02554999999999988E-04
1.98023999999999986E-04
2.18504999999999996E-04
2.01745000000000001E-04
2.02014000000000008E-04
2.00735000000000008E-04
2.01093999999999996E-04
2.01155000000000008E-04
2.00773999999999999E-04
2.24114999999999991E-04
2.01045000000000011E-04
1.98654000000000013E-04
2.15054999999999993E-04
1.94865000000000012E-04
1.87194000000000011E-04
1.87354000000000009E-04
1.92143999999999995E-04
1.97674999999999994E-04
2.35304999999999998E-04
2.00625000000000011E-04
1.66133000000000003E-04
1.46563999999999988E-04
1.64002999999999995E-04
1.62203999999999994E-04
1.46803000000000011E-04
1.46574000000000010E-04
1.46792999999999989E-04
1.46913000000000008E-04
1.46863999999999995E-04
1.46703000000000008E-04
1.75484000000000002E-04
1.99993999999999996E-04
2.00444999999999996E-04
1.96514000000000009E-04
2.16705000000000006E-04
1.96765000000000004E-04
2.02243999999999997E-04
1.94393999999999996E-04
1.94584999999999995E-04
2.14114999999999992E-04
1.97073999999999991E-04
2.01334999999999996E-04
2.04243999999999991E-04
1.99805000000000002E-04
2.18884999999999989E-04
2.01084000000000001E-04
2.01544999999999996E-04
2.01303999999999996E-04
2.05245000000000004E-04
1.96834000000000006E-04
1.97004999999999988E-04
1.96614000000000012E-04
2.00804999999999999E-04
1.99483999999999989E-04
2.20184999999999993E-04
2.05114999999999990E-04
1.97154000000000003E-04
2.45525999999999980E-04
2.04723999999999987E-04
2.01294999999999990E-04
2.00814000000000006E-04
2.01475000000000005E-04
2.01095000000000012E-04
2.23374999999999995E-04
2.00843999999999990E-04
2.00935000000000013E-04
1.98793999999999994E-04
2.92686000000000010E-04
1.99624999999999987E-04
2.02835000000000005E-04
2.02763999999999999E-04
2.03864999999999987E-04
2.02954000000000009E-04
2.03925000000000010E-04
2.12875000000000011E-04
2.28735000000000011E-04
2.03534000000000007E-04
1.99884999999999988E-04
2.02083999999999998E-04
2.02804999999999994E-04
2.00153999999999995E-04
2.02854000000000006E-04
2.02405000000000011E-04
2.02623999999999990E-04
2.28125000000000002E-04
2.02384999999999994E-04
2.02074000000000004E-04
2.02925000000000013E-04
2.06324999999999987E-04
2.01933999999999995E-04
2.03264999999999999E-04
2.02053999999999987E-04
2.14875000000000005E-04
2.03064999999999995E-04
2.51305000000000007E-04
2.04734999999999997E-04
2.02604999999999989E-04
2.01904000000000010E-04
2.02334999999999993E-04
2.02864000000000001E-04
2.03765000000000012E-04
2.02553999999999999E-04
2.00984999999999987E-04
2.01783999999999991E-04
2.27846000000000000E-04
2.01843999999999987E-04
1.96354000000000011E-04
2.01253999999999995E-04
2.02274999999999997E-04
2.01504000000000001E-04
2.38764999999999995E-04
2.04143999999999989E-04
2.03954999999999995E-04
2.29344999999999994E-04
2.02644000000000007E-04
2.00425000000000006E-04
1.97753999999999991E-04
2.02804999999999994E-04
2.06445000000000006E-04
2.02904000000000008E-04
2.03074999999999989E-04
2.02933999999999992E-04
2.01365000000000008E-04
2.24474999999999995E-04
2.43434999999999989E-04
2.01065000000000000E-04
2.00773999999999999E-04
2.35216000000000006E-04
1.97843999999999998E-04
1.98784999999999988E-04
1.95514000000000012E-04
2.00575000000000010E-04
2.27614999999999995E-04
1.93413999999999988E-04
2.11914999999999993E-04
1.97554000000000013E-04
2.01714999999999989E-04
2.01833999999999992E-04
2.01155000000000008E-04
2.00604000000000006E-04
2.01184999999999992E-04
3.24378000000000004E-04
2.41224999999999995E-04
1.98685000000000013E-04
1.99423999999999993E-04
2.11105000000000006E-04
1.95314000000000007E-04
1.96505000000000003E-04
1.96233999999999992E-04
2.31635000000000001E-04
1.93195000000000010E-04
1.92604000000000001E-04
1.92394000000000001E-04
1.93735000000000001E-04
1.92413999999999991E-04
1.92284000000000004E-04
1.92255000000000008E-04
1.92234000000000003E-04
2.57772999999999987E-04
2.27314999999999988E-04
1.80103999999999995E-04
1.94224000000000003E-04
1.95844999999999993E-04
3.35976999999999999E-04
2.64795999999999977E-04
2.86256999999999994E-04
2.66045999999999980E-04
5.18711000000000042E-04
2.89936999999999986E-04
1.98053999999999998E-04
1.98874999999999996E-04
1.96164000000000001E-04
1.99015000000000005E-04
2.22394999999999987E-04
1.98113999999999994E-04
1.96925000000000003E-04
1.95374000000000003E-04
2.04694999999999991E-04
1.95204000000000010E-04
2.22775000000000008E-04
2.33885000000000001E-04
1.94195000000000007E-04
1.95774000000000013E-04
2.21145000000000011E-04
2.96467000000000020E-04
1.98523999999999999E-04
2.17474999999999987E-04
1.97485000000000011E-04
1.99213999999999994E-04
1.93923999999999995E-04
1.98444000000000013E-04
1.95584000000000003E-04
2.18514999999999991E-04
1.97254999999999994E-04
2.79105999999999994E-04
5.99504000000000052E-04
1.94243999999999992E-04
1.94353999999999989E-04
1.96245000000000002E-04
1.95794000000000003E-04
2.16624999999999994E-04
2.43896000000000011E-04
1.93644000000000005E-04
1.94894000000000008E-04
1.97564999999999996E-04
1.99843999999999993E-04
1.98445000000000002E-04
1.98884000000000002E-04
1.94675000000000002E-04
2.10644000000000011E-04
6.55078000000000019E-04
1.80244000000000004E-04
1.86414000000000008E-04
2.06125000000000009E-04
1.86493999999999994E-04
1.86083999999999989E-04
1.87025000000000006E-04
1.48863000000000001E-04
1.47223000000000010E-04
1.54584000000000009E-04
1.86753999999999994E-04
1.86593999999999996E-04
1.87004000000000001E-04
1.86314000000000005E-04
2.16791999999999994E-04
1.86934999999999998E-04
1.66233000000000006E-04
1.46254000000000013E-04
1.81983999999999998E-04
1.92293999999999999E-04
1.92654000000000002E-04
1.92924999999999987E-04
1.92284000000000004E-04
2.12895000000000000E-04
2.04705000000000013E-04
1.92523999999999988E-04
1.80444000000000009E-04
1.51592999999999997E-04
1.49554000000000012E-04
1.54802999999999988E-04
1.56973999999999992E-04
1.92253999999999993E-04
1.87424000000000000E-04
1.88915000000000003E-04
2.10563999999999999E-04
1.89165000000000009E-04
1.91504000000000001E-04
1.92444000000000003E-04
2.03455000000000010E-04
1.96044000000000009E-04
1.47383999999999997E-04
3.56667999999999981E-04
1.96054000000000004E-04
1.96414000000000007E-04
2.16495000000000007E-04
1.95965000000000012E-04
1.96123999999999995E-04
2.08265000000000013E-04
1.99643999999999988E-04
1.94644999999999991E-04
1.95574000000000008E-04
1.94023999999999998E-04
3.22806999999999988E-04
5.96012999999999946E-04
1.95484999999999989E-04
2.16474000000000001E-04
2.00504999999999992E-04
1.96574000000000005E-04
1.96395000000000006E-04
1.96314000000000005E-04
1.96054999999999992E-04
2.16464999999999995E-04
1.93854000000000004E-04
2.64765999999999992E-04
1.96794000000000000E-04
2.02014999999999996E-04
1.95324000000000002E-04
1.96564999999999999E-04
2.16975000000000002E-04
1.96474000000000003E-04
1.96724999999999998E-04
2.22704999999999990E-04
3.23555000000000001E-04
2.03064000000000006E-04
3.91799000000000021E-04
2.02615000000000011E-04
1.83324000000000009E-04
1.85183999999999994E-04
1.85054000000000007E-04
1.48164000000000000E-04
1.65412999999999997E-04
1.65804000000000000E-04
1.51213000000000004E-04
1.93114999999999997E-04
1.95104000000000008E-04
1.95605000000000008E-04
1.95834000000000009E-04
1.95963999999999996E-04
1.95805000000000013E-04
2.04343999999999994E-04
2.09874999999999992E-04
2.46365000000000017E-04
1.95174999999999987E-04
2.15374999999999990E-04
1.94744000000000004E-04
1.98294999999999998E-04
1.98464000000000003E-04
1.93374000000000009E-04
2.17225000000000008E-04
1.89375000000000009E-04
1.91284000000000007E-04
2.12024999999999990E-04
1.95424000000000005E-04
2.12895000000000000E-04
1.94114000000000005E-04
1.93095000000000007E-04
2.71255999999999993E-04
2.05644999999999987E-04
1.97404000000000009E-04
1.96653999999999991E-04
2.01694000000000011E-04
1.48393000000000000E-04
1.46534000000000003E-04
1.53783000000000001E-04
1.46412999999999996E-04
1.48624000000000005E-04
1.64773000000000003E-04
1.59722999999999988E-04
1.46493000000000008E-04
1.46634000000000006E-04
1.46422999999999990E-04
1.46262999999999992E-04
1.46333999999999999E-04
1.46732999999999993E-04
1.46603000000000006E-04
1.46613999999999989E-04
1.46632999999999990E-04
1.46133000000000005E-04
1.46462999999999997E-04
1.62014000000000011E-04
1.76424000000000004E-04
1.62823999999999998E-04
1.46603000000000006E-04
1.46383000000000011E-04
1.46474000000000007E-04
1.46403000000000001E-04
1.46443000000000007E-04
1.46193000000000001E-04
1.46724000000000013E-04
1.46252999999999997E-04
1.46243000000000002E-04
1.46333999999999999E-04
1.62143000000000009E-04
1.46343999999999993E-04
1.46372999999999989E-04
1.46753000000000009E-04
1.46372999999999989E-04
1.46434000000000001E-04
1.46562999999999999E-04
1.46383000000000011E-04
1.59784000000000000E-04
1.46753000000000009E-04
1.46522999999999993E-04
1.46224000000000001E-04
1.75443999999999996E-04
1.46952999999999987E-04
1.61964000000000010E-04
1.46693000000000013E-04
1.46493000000000008E-04
1.46393999999999995E-04
1.46283000000000009E-04
1.46732999999999993E-04
1.46173000000000011E-04
1.46324000000000004E-04
1.61282999999999994E-04
1.98714999999999997E-04
2.29635000000000006E-04
2.06345000000000004E-04
2.74708000000000027E-04
1.77614000000000011E-04
1.89914000000000012E-04
1.53964000000000005E-04
1.46443000000000007E-04
1.62673999999999995E-04
1.46472999999999992E-04
2.14474999999999996E-04
1.46643000000000012E-04
1.46613000000000000E-04
1.46524000000000009E-04
1.46482999999999986E-04
1.46503000000000003E-04
1.60943999999999996E-04
1.46462999999999997E-04
1.46574000000000010E-04
1.50512999999999987E-04
1.61144000000000001E-04
1.83534000000000008E-04
1.83424000000000011E-04
2.04224000000000002E-04
1.82334999999999995E-04
1.83363999999999988E-04
3.65681000000000025E-04
1.94973999999999994E-04
1.97903999999999994E-04
1.96944000000000004E-04
2.07025000000000004E-04
1.75164000000000005E-04
1.46582999999999989E-04
1.46694000000000002E-04
1.47123000000000007E-04
1.46792999999999989E-04
1.65983999999999988E-04
1.57472999999999988E-04
1.77984000000000009E-04
1.58764000000000013E-04
1.48893000000000013E-04
1.46543999999999998E-04
1.46703000000000008E-04
1.46763000000000004E-04
1.61003999999999992E-04
1.46832999999999995E-04
1.49784000000000001E-04
1.46593000000000011E-04
1.46453000000000002E-04
1.70394000000000009E-04
1.46882999999999996E-04
1.46384000000000000E-04
1.46412999999999996E-04
1.46803000000000011E-04
1.67264000000000003E-04
1.49963000000000001E-04
1.46584000000000005E-04
1.46792999999999989E-04
1.64463999999999989E-04
1.46603000000000006E-04
1.46613000000000000E-04
1.46593000000000011E-04
1.62602999999999988E-04
1.46722999999999998E-04
1.46694000000000002E-04
1.46782999999999994E-04
1.46832999999999995E-04
1.55353999999999990E-04
1.47042999999999995E-04
1.74114000000000007E-04
2.39960000000000000E-04
1.95524999999999996E-04
1.94624000000000012E-04
1.97283999999999990E-04
1.96645000000000012E-04
1.97674000000000005E-04
2.05644999999999987E-04
1.97884000000000005E-04
2.19275000000000004E-04
2.11425000000000003E-04
1.97755000000000007E-04
2.10874000000000001E-04
1.96015000000000013E-04
1.96803999999999995E-04
1.96975000000000004E-04
1.96233999999999992E-04
1.96815000000000005E-04
2.29595000000000000E-04
3.45546999999999977E-04
2.11924999999999988E-04
1.96015000000000013E-04
2.15194000000000014E-04
1.92095000000000010E-04
2.05994000000000007E-04
2.06335000000000009E-04
1.92914000000000003E-04
2.25405000000000001E-04
1.94493999999999998E-04
1.90664000000000003E-04
2.14274999999999991E-04
1.94343999999999995E-04
2.18414999999999988E-04
1.94074999999999988E-04
1.93314000000000013E-04
2.23374999999999995E-04
2.06195000000000000E-04
2.08753999999999987E-04
1.93544000000000002E-04
1.98003999999999997E-04
2.14285000000000013E-04
1.95694999999999989E-04
2.18105000000000013E-04
1.98724000000000004E-04
2.20864999999999994E-04
1.99874999999999993E-04
1.97774000000000008E-04
2.11974999999999989E-04
1.93074000000000002E-04
2.15815000000000006E-04
1.91394000000000004E-04
1.95865000000000009E-04
1.95944000000000006E-04
1.96314999999999993E-04
2.49774999999999986E-04
1.96894999999999991E-04
1.94233999999999997E-04
2.13775000000000006E-04
1.95023999999999995E-04
2.16114999999999987E-04
2.61835999999999991E-04
2.19914999999999998E-04
1.99435000000000004E-04
2.02134000000000000E-04
1.92394000000000001E-04
1.91065000000000001E-04
2.56635999999999974E-04
1.93424000000000010E-04
2.11825000000000012E-04
1.94253999999999987E-04
1.92833999999999990E-04
2.23605000000000011E-04
1.93085000000000012E-04
2.16254999999999995E-04
1.94834000000000012E-04
1.96333999999999994E-04
1.94794000000000006E-04
1.91604000000000004E-04
2.35844999999999989E-04
1.99814000000000008E-04
1.97034000000000011E-04
2.17423999999999997E-04
1.93345000000000013E-04
1.97104000000000002E-04
1.93484999999999995E-04
1.98724000000000004E-04
2.21665000000000013E-04
1.96684999999999991E-04
2.13873999999999992E-04
2.10764999999999992E-04
2.16884999999999994E-04
1.94004000000000008E-04
1.99824999999999992E-04
1.94493999999999998E-04
1.93105000000000002E-04
3.68493000000000011E-04
1.93945000000000001E-04
1.93303999999999991E-04
2.73765999999999994E-04
3.85978999999999999E-04
2.02313999999999988E-04
2.76656999999999977E-04
2.53406000000000020E-04
1.95884000000000010E-04
1.96304999999999998E-04
1.90483999999999988E-04
1.91324000000000013E-04
2.00045000000000013E-04
1.99413999999999999E-04
1.99325000000000007E-04
2.32389999999999989E-04
2.02584000000000011E-04
1.95104999999999996E-04
1.95243999999999989E-04
1.94823999999999990E-04
1.93205000000000004E-04
1.94004000000000008E-04
1.93393999999999999E-04
1.93014999999999994E-04
2.12014000000000007E-04
1.92184999999999990E-04
1.92873999999999997E-04
1.93164000000000009E-04
1.92344999999999989E-04
1.92654000000000002E-04
1.58533999999999997E-04
1.46753000000000009E-04
1.46543000000000010E-04
1.46434000000000001E-04
1.46422999999999990E-04
1.46482999999999986E-04
1.69774000000000005E-04
1.47252999999999994E-04
1.46763999999999993E-04
1.68502999999999996E-04
1.79194000000000006E-04
1.47753999999999995E-04
1.74474000000000010E-04
2.11494000000000005E-04
1.94145000000000006E-04
1.97054000000000001E-04
1.98225000000000007E-04
2.12584000000000010E-04
1.92954000000000010E-04
1.95973999999999991E-04
1.99065000000000006E-04
1.92993999999999989E-04
1.99335000000000002E-04
1.97483999999999995E-04
2.00575000000000010E-04
1.99993999999999996E-04
2.09284999999999999E-04
2.20504999999999990E-04
2.02923999999999997E-04
1.99535000000000006E-04
2.07285000000000005E-04
1.99153999999999998E-04
1.99055000000000011E-04
1.93043999999999990E-04
1.96194000000000012E-04
2.20874999999999988E-04
1.94715000000000009E-04
2.14174999999999988E-04
2.20244000000000001E-04
1.96254000000000009E-04
2.02033999999999997E-04
1.95094000000000013E-04
1.97724000000000006E-04
1.91215000000000005E-04
2.01914000000000005E-04
1.93715000000000011E-04
1.99394000000000009E-04
2.16695000000000012E-04
5.95468000000000039E-04
1.96443999999999991E-04
1.96493999999999993E-04
1.96335000000000010E-04
1.99514000000000001E-04
1.88094999999999994E-04
1.88903999999999992E-04
2.20134999999999992E-04
2.12484000000000007E-04
1.93613999999999993E-04
1.91773999999999997E-04
1.92215000000000002E-04
2.02474000000000013E-04
1.92224000000000008E-04
1.94544999999999988E-04
1.89263999999999996E-04
1.90103999999999995E-04
2.05254999999999999E-04
1.89373999999999993E-04
1.92313999999999989E-04
1.92224000000000008E-04
1.92134000000000001E-04
1.92153999999999990E-04
1.92024999999999992E-04
1.92153999999999990E-04
1.89304000000000002E-04
1.87104999999999992E-04
1.86734000000000005E-04
2.04424000000000007E-04
1.87345000000000003E-04
1.87233999999999990E-04
2.09494000000000011E-04
1.57004000000000003E-04
1.93673999999999989E-04
1.90055000000000009E-04
1.88824000000000007E-04
1.87433999999999995E-04
2.06755000000000008E-04
2.20845000000000004E-04
1.88564000000000006E-04
1.89354000000000003E-04
1.89545000000000002E-04
2.22444999999999989E-04
1.90323999999999989E-04
1.89583999999999993E-04
1.89084000000000008E-04
1.89425000000000010E-04
1.88614000000000007E-04
2.09674999999999987E-04
1.87653999999999989E-04
1.98853999999999990E-04
1.87175000000000010E-04
1.93303999999999991E-04
1.90203999999999997E-04
1.87443999999999990E-04
1.92324999999999999E-04
1.87343999999999987E-04
1.87834000000000004E-04
2.06075000000000008E-04
1.91313999999999991E-04
1.89063999999999991E-04
1.89285000000000001E-04
1.93183999999999999E-04
1.87693999999999996E-04
1.91194999999999988E-04
1.87304000000000008E-04
1.87454000000000011E-04
2.02093999999999993E-04
1.86254000000000009E-04
2.17614999999999996E-04
1.87314000000000003E-04
1.87643999999999994E-04
1.89173999999999988E-04
1.97414999999999993E-04
1.89404000000000005E-04
1.89504000000000007E-04
1.90444999999999997E-04
1.89743999999999991E-04
1.89704000000000012E-04
2.14114999999999992E-04
2.14405000000000005E-04
1.90714000000000004E-04
1.89184000000000010E-04
1.89285000000000001E-04
1.92263999999999987E-04
1.90984000000000000E-04
1.90883999999999997E-04
1.94324000000000005E-04
2.06323999999999999E-04
2.17664000000000009E-04
1.92484999999999998E-04
1.89984000000000002E-04
1.91224000000000011E-04
1.91444999999999994E-04
1.90993999999999995E-04
1.92933999999999993E-04
2.12434999999999995E-04
1.88893999999999998E-04
1.89265000000000012E-04
2.12394000000000000E-04
1.91225000000000000E-04
1.90394000000000007E-04
1.90134000000000006E-04
1.94095000000000004E-04
1.96464000000000008E-04
1.90194000000000002E-04
1.89965000000000001E-04
2.02673999999999991E-04
1.92714999999999987E-04
1.97674000000000005E-04
2.09585000000000007E-04
1.91754000000000008E-04
1.90974000000000005E-04
1.90365000000000011E-04
2.10914000000000007E-04
1.94045000000000003E-04
1.90194000000000002E-04
1.91633999999999988E-04
1.90365000000000011E-04
1.96183999999999991E-04
2.10105000000000009E-04
1.91933999999999996E-04
1.92303999999999994E-04
2.05624000000000009E-04
1.91384000000000009E-04
1.91494999999999995E-04
2.00783999999999994E-04
1.94925000000000008E-04
1.93054000000000012E-04
1.94894000000000008E-04
2.09105000000000011E-04
1.91234000000000006E-04
1.90743999999999988E-04
1.90444000000000008E-04
1.90544000000000011E-04
1.91654999999999994E-04
1.90914000000000009E-04
1.87824000000000010E-04
1.86374000000000001E-04
1.87185000000000004E-04
2.11363999999999991E-04
1.89325000000000008E-04
1.89404000000000005E-04
1.91613999999999999E-04
1.89394000000000010E-04
2.00225000000000002E-04
1.94073999999999999E-04
1.97975000000000001E-04
1.93513999999999991E-04
1.96664000000000013E-04
2.29315000000000009E-04
1.91234000000000006E-04
1.92764000000000000E-04
1.92165000000000001E-04
1.92654000000000002E-04
1.94193999999999991E-04
1.95164999999999992E-04
1.92074000000000004E-04
1.92484000000000009E-04
1.91275000000000001E-04
2.00063999999999987E-04
2.11895000000000003E-04
1.90404000000000002E-04
1.99155000000000013E-04
1.90614000000000002E-04
1.97314000000000002E-04
1.90483999999999988E-04
1.90163999999999991E-04
1.89964000000000013E-04
1.98285000000000003E-04
2.07593999999999991E-04
2.26325000000000012E-04
2.03064000000000006E-04
1.97104999999999991E-04
2.01604000000000003E-04
1.97855000000000009E-04
1.98693999999999992E-04
2.21875000000000013E-04
1.90795000000000005E-04
1.89984000000000002E-04
1.94183999999999996E-04
2.24374999999999992E-04
1.98154999999999989E-04
1.92114000000000011E-04
1.90903999999999987E-04
1.90475000000000008E-04
1.96553999999999989E-04
1.92563999999999995E-04
1.90575000000000011E-04
1.90533999999999989E-04
1.95503999999999990E-04
2.13074999999999989E-04
1.92484999999999998E-04
2.14014000000000001E-04
1.98764999999999999E-04
1.87984000000000008E-04
1.92434000000000008E-04
1.87734999999999991E-04
1.89554000000000008E-04
1.97163999999999998E-04
2.14455000000000006E-04
2.12935000000000007E-04
2.04045000000000002E-04
1.92363999999999990E-04
1.92773999999999994E-04
1.91244999999999989E-04
1.90174000000000013E-04
1.90103999999999995E-04
1.89254000000000001E-04
1.92315000000000004E-04
1.97953999999999996E-04
2.08314999999999987E-04
1.87924000000000012E-04
1.92003999999999987E-04
1.88683999999999998E-04
1.90103999999999995E-04
1.88953999999999994E-04
1.93135000000000013E-04
1.87934000000000007E-04
2.00594000000000011E-04
1.88605000000000001E-04
2.12983999999999992E-04
1.91074999999999996E-04
1.90003999999999992E-04
1.90633999999999991E-04
1.95405000000000004E-04
1.92873999999999997E-04
1.87643999999999994E-04
2.04964999999999987E-04
1.96304000000000010E-04
2.01625000000000008E-04
2.12255000000000007E-04
1.88843999999999996E-04
1.87784000000000003E-04
1.88703999999999988E-04
1.87235000000000006E-04
1.92554000000000000E-04
1.91484000000000012E-04
2.04524999999999998E-04
1.93104000000000013E-04
1.96424999999999990E-04
1.97834000000000004E-04
2.08874999999999995E-04
1.87414000000000005E-04
1.86803999999999996E-04
1.86904999999999987E-04
1.87803999999999993E-04
1.89013999999999990E-04
1.88743999999999994E-04
1.90464999999999987E-04
1.86973999999999989E-04
1.88244000000000009E-04
2.11714999999999988E-04
2.04983999999999988E-04
1.89905000000000005E-04
1.90024000000000009E-04
1.89103999999999997E-04
2.00814999999999994E-04
1.89413999999999999E-04
1.90373999999999990E-04
1.89464000000000001E-04
1.88645000000000007E-04
2.12274000000000008E-04
1.92274000000000009E-04
1.88464000000000003E-04
2.07724999999999994E-04
1.88724000000000004E-04
1.88013999999999993E-04
1.88335000000000005E-04
1.88633999999999997E-04
1.89024000000000012E-04
1.89273999999999991E-04
1.95324999999999991E-04
2.09733999999999995E-04
1.92714999999999987E-04
2.03883999999999988E-04
1.97834999999999992E-04
1.94353999999999989E-04
1.96185000000000006E-04
2.20005000000000005E-04
1.99554000000000007E-04
1.94913999999999998E-04
2.18984999999999991E-04
1.96805000000000011E-04
1.99113999999999991E-04
1.93864999999999988E-04
2.04314000000000009E-04
1.99034999999999994E-04
1.91613999999999999E-04
1.89693999999999990E-04
1.94925000000000008E-04
1.91773999999999997E-04
2.20824999999999987E-04
1.95794000000000003E-04
2.05395000000000008E-04
1.92143999999999995E-04
1.92604999999999990E-04
1.99223999999999989E-04
1.97065000000000011E-04
1.96794000000000000E-04
2.00874999999999990E-04
1.97514000000000007E-04
2.18695000000000006E-04
1.91143999999999998E-04
2.03875000000000009E-04
1.97044000000000006E-04
1.97304999999999996E-04
1.95763999999999991E-04
1.96314999999999993E-04
2.01463999999999994E-04
1.99914999999999999E-04
1.90313999999999994E-04
4.98761000000000018E-04
2.00535000000000004E-04
3.80437999999999978E-04
2.09335000000000001E-04
2.14885000000000000E-04
2.94587000000000017E-04
4.88488000000000030E-04
2.51127999999999985E-04
1.91055000000000006E-04
1.91544000000000008E-04
1.71594000000000011E-04
1.74744000000000006E-04
2.11699000000000007E-04
2.22055000000000001E-04
2.49681000000000024E-04
2.06844999999999989E-04
1.90843999999999991E-04
1.88473999999999998E-04
1.88903999999999992E-04
1.96323999999999999E-04
1.92064000000000010E-04
1.92143999999999995E-04
2.15925000000000004E-04
2.15605000000000007E-04
1.92623999999999991E-04
1.93534000000000007E-04
1.88165000000000012E-04
1.91623999999999994E-04
1.92124000000000006E-04
1.93253999999999990E-04
1.94093999999999989E-04
1.93324000000000008E-04
1.99394999999999998E-04
2.27950000000000011E-04
2.01014000000000010E-04
1.96984999999999999E-04
1.96233999999999992E-04
1.93603999999999998E-04
1.93114000000000008E-04
2.08545000000000003E-04
1.94744000000000004E-04
2.51030999999999976E-04
2.01594000000000008E-04
2.02165000000000000E-04
2.01074000000000006E-04
2.00955000000000003E-04
2.01103999999999991E-04
2.00724999999999987E-04
2.01513999999999995E-04
2.01585000000000002E-04
2.34345000000000007E-04
2.00974999999999993E-04
2.01833999999999992E-04
2.01704999999999994E-04
2.01794000000000013E-04
2.01384999999999997E-04
2.05994999999999995E-04
2.00633999999999990E-04
2.01275000000000000E-04
2.25295000000000004E-04
2.00504000000000003E-04
2.01825000000000013E-04
2.01504000000000001E-04
1.98435000000000007E-04
2.02053999999999987E-04
2.01275000000000000E-04
2.01494000000000006E-04
2.00184999999999995E-04
2.09995000000000011E-04
2.25324999999999988E-04
2.01203999999999993E-04
2.01745000000000001E-04
2.01124000000000008E-04
2.55076000000000022E-04
1.98764000000000010E-04
2.01425000000000004E-04
1.46772999999999999E-04
1.46512999999999998E-04
1.46753999999999998E-04
1.46482999999999986E-04
1.46952999999999987E-04
1.46854000000000000E-04
1.46572999999999994E-04
2.04479999999999994E-04
1.46722999999999998E-04
1.46853000000000012E-04
1.46613000000000000E-04
1.46414000000000011E-04
1.46653000000000007E-04
1.57214000000000003E-04
1.46462999999999997E-04
1.46622999999999995E-04
1.46572999999999994E-04
1.46613999999999989E-04
1.62172999999999994E-04
1.46503999999999992E-04
1.46422999999999990E-04
1.46302999999999998E-04
1.46264000000000008E-04
1.46482999999999986E-04
1.45913000000000011E-04
1.46283000000000009E-04
1.46443999999999996E-04
1.46613000000000000E-04
2.03914999999999988E-04
1.50342999999999994E-04
2.26374999999999987E-04
2.00165000000000005E-04
2.63030999999999996E-04
1.94763999999999994E-04
1.90043999999999999E-04
2.15304999999999999E-04
1.92394999999999990E-04
1.89714000000000007E-04
2.09244999999999993E-04
1.90693999999999987E-04
1.96414000000000007E-04
2.10305000000000013E-04
1.90714000000000004E-04
1.95574999999999997E-04
1.90094000000000000E-04
1.94374000000000006E-04
1.88335000000000005E-04
1.89544000000000013E-04
1.88843999999999996E-04
1.93804999999999992E-04
1.95784000000000008E-04
2.16354999999999998E-04
1.98483999999999992E-04
1.96075000000000009E-04
2.06493999999999992E-04
2.00014000000000013E-04
1.91974000000000002E-04
1.90144999999999990E-04
1.95383999999999998E-04
1.97194000000000010E-04
2.00124000000000010E-04
2.15545000000000011E-04
1.96333999999999994E-04
2.01375000000000002E-04
2.11704999999999993E-04
1.98213999999999997E-04
1.96085000000000004E-04
1.99943999999999995E-04
2.00764999999999993E-04
1.89044000000000001E-04
1.94994000000000010E-04
2.11224999999999998E-04
2.30825000000000013E-04
1.96954999999999987E-04
1.99564000000000002E-04
1.93434999999999994E-04
1.91933999999999996E-04
1.86744000000000000E-04
1.90893999999999992E-04
1.88753999999999989E-04
1.96674000000000008E-04
2.32744999999999995E-04
1.94574000000000011E-04
2.02694000000000008E-04
1.93145000000000008E-04
1.95944000000000006E-04
1.98994999999999988E-04
2.02823999999999995E-04
1.88793999999999995E-04
1.46963000000000009E-04
1.66143999999999987E-04
1.85193999999999989E-04
1.47302999999999996E-04
1.46763000000000004E-04
1.46503999999999992E-04
1.46742999999999987E-04
1.46393000000000006E-04
1.51384000000000013E-04
1.46722999999999998E-04
2.03789000000000010E-04
1.95374999999999992E-04
1.93854000000000004E-04
1.93964999999999990E-04
1.92733999999999988E-04
1.93634000000000010E-04
2.10874999999999989E-04
2.33689999999999994E-04
2.03914999999999988E-04
1.99144999999999992E-04
1.98194000000000007E-04
1.97603999999999987E-04
2.05944999999999994E-04
1.97684000000000000E-04
2.12153999999999988E-04
2.14775000000000003E-04
1.97385000000000008E-04
1.97493999999999990E-04
2.01825000000000013E-04
1.95474000000000006E-04
1.95984000000000013E-04
1.97445000000000004E-04
1.97004000000000000E-04
1.98784999999999988E-04
1.97774000000000008E-04
2.15304999999999999E-04
1.99184999999999998E-04
1.96684000000000003E-04
2.01184999999999992E-04
1.97404000000000009E-04
2.05214999999999993E-04
1.96013999999999997E-04
1.91893999999999989E-04
1.96875000000000001E-04
1.93243999999999995E-04
2.14765000000000008E-04
1.93004000000000011E-04
1.94715000000000009E-04
1.98724000000000004E-04
1.93894999999999999E-04
2.10463999999999996E-04
1.95884999999999999E-04
1.93293999999999996E-04
1.94314999999999999E-04
1.96674000000000008E-04
2.17924999999999998E-04
1.95713999999999990E-04
1.99995000000000012E-04
2.04143999999999989E-04
2.10824999999999988E-04
1.95445000000000010E-04
1.91983999999999997E-04
1.95433999999999999E-04
2.00084999999999993E-04
1.94794000000000006E-04
2.18055000000000012E-04
1.92904000000000008E-04
1.94054000000000009E-04
2.04603999999999995E-04
2.02654000000000001E-04
2.00774999999999988E-04
2.09984000000000001E-04
1.96225000000000013E-04
1.95204000000000010E-04
1.96054999999999992E-04
2.27065000000000009E-04
1.94684000000000008E-04
2.28724999999999990E-04
1.94095000000000004E-04
1.93634000000000010E-04
1.93584000000000009E-04
1.93035000000000011E-04
1.93234000000000000E-04
1.92604000000000001E-04
1.92245000000000014E-04
2.10714000000000002E-04
1.92504999999999987E-04
1.92814000000000001E-04
1.92654000000000002E-04
1.92804999999999995E-04
1.93014000000000006E-04
2.09435000000000003E-04
1.92594000000000006E-04
1.92584000000000011E-04
1.92864999999999991E-04
2.18965000000000002E-04
1.92484000000000009E-04
1.92754000000000005E-04
1.92515000000000009E-04
1.92544000000000005E-04
1.93544000000000002E-04
1.92644999999999996E-04
2.12754000000000003E-04
1.93155000000000003E-04
1.92563999999999995E-04
2.11005000000000003E-04
1.92833999999999990E-04
1.91933999999999996E-04
1.92523999999999988E-04
1.92083999999999999E-04
1.93384000000000004E-04
1.92115000000000000E-04
1.92613999999999996E-04
1.92864000000000002E-04
2.24154999999999998E-04
2.11043999999999994E-04
1.93634999999999999E-04
1.92473999999999987E-04
1.92274000000000009E-04
1.92954999999999998E-04
1.93143999999999993E-04
1.92284000000000004E-04
1.92804999999999995E-04
1.92243999999999998E-04
1.92563999999999995E-04
2.10015000000000001E-04
2.05534999999999990E-04
1.92893999999999986E-04
1.92394000000000001E-04
1.92494999999999993E-04
1.93193999999999994E-04
1.92794000000000011E-04
1.92494999999999993E-04
1.99263999999999995E-04
1.92594000000000006E-04
1.93694999999999995E-04
2.09564000000000001E-04
1.92494000000000004E-04
1.92744000000000010E-04
1.93503999999999996E-04
1.92334999999999994E-04
1.92563999999999995E-04
1.92713999999999998E-04
1.92384999999999995E-04
1.93253999999999990E-04
1.92253999999999993E-04
2.09365000000000012E-04
1.92933999999999993E-04
1.92503999999999999E-04
1.93363999999999987E-04
1.92654000000000002E-04
2.05395000000000008E-04
4.30969999999999975E-04
2.64100999999999984E-04
6.70835000000000051E-04
2.02114000000000010E-04
1.94135000000000011E-04
1.97884000000000005E-04
2.17674999999999992E-04
1.96033999999999987E-04
1.97175000000000009E-04
2.01843999999999987E-04
1.97984999999999996E-04
1.98013999999999992E-04
1.95725000000000001E-04
2.17934999999999993E-04
2.01513999999999995E-04
1.97414999999999993E-04
2.15314999999999994E-04
1.95503999999999990E-04
1.96364999999999994E-04
1.99383999999999987E-04
2.63046000000000015E-04
2.00654999999999996E-04
2.10263999999999991E-04
1.97795000000000013E-04
1.95624000000000009E-04
1.87144000000000009E-04
3.09746999999999974E-04
1.96514999999999998E-04
2.02394000000000001E-04
1.98354999999999994E-04
1.97433999999999994E-04
2.09924999999999993E-04
2.00084999999999993E-04
1.98514000000000004E-04
2.00344000000000005E-04
2.20733999999999991E-04
2.64644999999999984E-04
2.84276999999999989E-04
1.98383999999999990E-04
1.99595000000000002E-04
1.99304000000000001E-04
1.98764999999999999E-04
1.99704000000000011E-04
2.46055999999999977E-04
2.18275000000000007E-04
1.99633999999999993E-04
2.03105000000000001E-04
2.22615000000000009E-04
2.07834999999999991E-04
1.98774000000000005E-04
2.00134999999999994E-04
1.98683999999999997E-04
1.98934999999999992E-04
1.99094000000000002E-04
2.17524999999999988E-04
1.99714000000000006E-04
2.03024999999999988E-04
1.99024999999999999E-04
1.97414000000000004E-04
3.03526999999999996E-04
1.98564000000000005E-04
1.98314999999999988E-04
1.99423999999999993E-04
2.19714999999999993E-04
1.99495000000000000E-04
2.35655000000000006E-04
2.24524999999999996E-04
2.39375999999999993E-04
1.99633999999999993E-04
2.00144999999999989E-04
3.91410999999999983E-04
2.10174999999999999E-04
1.97815000000000003E-04
1.97173999999999993E-04
1.93403999999999993E-04
1.89745000000000007E-04
1.97593999999999992E-04
1.98354999999999994E-04
1.46722999999999998E-04
1.64823999999999993E-04
1.46722999999999998E-04
1.46562999999999999E-04
1.63303999999999994E-04
1.46903000000000013E-04
1.54654000000000000E-04
1.46262999999999992E-04
1.46853000000000012E-04
1.46894000000000007E-04
1.46753000000000009E-04
1.46663000000000002E-04
1.46522999999999993E-04
1.46584000000000005E-04
1.62463000000000006E-04
1.46954000000000003E-04
1.46462999999999997E-04
1.46173000000000011E-04
1.75403999999999990E-04
2.01704999999999994E-04
2.01954000000000012E-04
2.03634999999999998E-04
2.01463999999999994E-04
2.03505000000000011E-04
2.03864999999999987E-04
2.33174999999999989E-04
1.93754000000000002E-04
2.01874999999999987E-04
1.94894000000000008E-04
1.95815000000000008E-04
1.91103999999999992E-04
1.97984000000000007E-04
1.94224000000000003E-04
1.95493999999999995E-04
2.28774999999999991E-04
1.94734999999999998E-04
1.95653999999999994E-04
1.95295000000000006E-04
1.95543999999999997E-04
1.96144000000000011E-04
1.93164999999999998E-04
1.98543999999999988E-04
1.94875000000000007E-04
1.92823999999999996E-04
2.13105000000000000E-04
1.94183999999999996E-04
2.04474999999999996E-04
1.98373999999999995E-04
1.95264999999999995E-04
1.94214000000000008E-04
1.92344000000000000E-04
1.98984999999999993E-04
1.93153999999999987E-04
2.02045000000000008E-04
2.20354999999999987E-04
1.92284000000000004E-04
1.93524000000000013E-04
1.94424999999999996E-04
2.13725000000000004E-04
1.92723999999999993E-04
1.90334000000000011E-04
2.00175000000000000E-04
1.92973999999999999E-04
1.92083999999999999E-04
2.21434999999999997E-04
1.92725000000000009E-04
1.91454000000000000E-04
1.91203999999999994E-04
1.91525000000000007E-04
1.90483999999999988E-04
1.89814000000000009E-04
2.01814999999999991E-04
1.88433999999999992E-04
4.92418000000000001E-04
2.38165000000000008E-04
2.51395999999999976E-04
1.90163999999999991E-04
1.93415000000000004E-04
1.77844000000000000E-04
1.56663000000000001E-04
1.46453999999999991E-04
1.46732999999999993E-04
2.13715000000000010E-04
1.56293000000000003E-04
1.91124999999999997E-04
1.90334000000000011E-04
3.08307000000000015E-04
1.97094000000000007E-04
1.91504999999999990E-04
1.91914000000000006E-04
2.38325000000000006E-04
1.96085000000000004E-04
2.12145000000000009E-04
1.96063999999999998E-04
1.93434000000000005E-04
1.97325000000000012E-04
2.60666000000000001E-04
2.45875000000000000E-04
3.26737999999999974E-04
1.94854000000000002E-04
2.13205000000000003E-04
1.93224000000000005E-04
1.90993999999999995E-04
2.05965000000000011E-04
1.99404999999999992E-04
2.01224000000000010E-04
2.02215000000000001E-04
2.07784000000000001E-04
2.03785000000000001E-04
2.04185000000000011E-04
2.25805000000000011E-04
2.01694000000000011E-04
1.89514000000000002E-04
2.21355000000000011E-04
2.32625999999999992E-04
1.90783999999999995E-04
2.00945000000000008E-04
1.90153999999999996E-04
1.89363999999999998E-04
3.04957000000000015E-04
1.96185000000000006E-04
1.90874000000000002E-04
1.91833999999999993E-04
1.91454999999999989E-04
2.06674000000000007E-04
1.92005000000000002E-04
1.92313999999999989E-04
2.58485999999999991E-04
5.88093000000000036E-04
1.95674000000000011E-04
1.95064999999999990E-04
1.98003999999999997E-04
2.08585000000000010E-04
1.94613999999999990E-04
1.94854999999999990E-04
1.93694000000000006E-04
2.41284999999999991E-04
2.15495000000000009E-04
1.92675000000000008E-04
1.98263999999999998E-04
2.02055000000000003E-04
2.05753999999999995E-04
2.02725000000000008E-04
2.02484000000000008E-04
2.24904999999999989E-04
1.95403999999999988E-04
1.90974000000000005E-04
5.15605000000000035E-04
2.25655000000000007E-04
1.92513999999999994E-04
1.91554999999999991E-04
1.90334000000000011E-04
1.89803999999999987E-04
1.91203999999999994E-04
2.14255000000000001E-04
1.90444000000000008E-04
1.90795000000000005E-04
1.90313999999999994E-04
1.90594000000000012E-04
1.89535000000000007E-04
1.90423999999999991E-04
1.90544000000000011E-04
1.88903999999999992E-04
1.92534999999999999E-04
2.14073999999999997E-04
2.12303999999999992E-04
1.94605000000000011E-04
2.05994000000000007E-04
1.98614999999999995E-04
1.97034000000000011E-04
1.91995000000000007E-04
1.95164000000000004E-04
1.92823999999999996E-04
1.93405000000000009E-04
1.97934000000000006E-04
2.07924999999999999E-04
2.05433999999999999E-04
2.04964999999999987E-04
2.04975000000000009E-04
2.05923999999999989E-04
2.06104999999999993E-04
2.08525000000000014E-04
1.98733999999999998E-04
1.90213999999999992E-04
1.86025000000000009E-04
1.70843000000000004E-04
1.59502999999999994E-04
1.47083000000000001E-04
1.47193999999999987E-04
1.46863000000000007E-04
1.47033000000000000E-04
1.46713999999999992E-04
1.46672999999999997E-04
1.47102999999999991E-04
1.47023000000000005E-04
1.46453999999999991E-04
1.46622999999999995E-04
1.46873000000000001E-04
1.61723999999999999E-04
1.46892999999999991E-04
1.46823999999999989E-04
1.46593000000000011E-04
1.46682999999999991E-04
1.46223000000000013E-04
1.46464000000000013E-04
1.46562999999999999E-04
1.46582999999999989E-04
1.46274000000000003E-04
1.46582999999999989E-04
1.46703000000000008E-04
1.46622999999999995E-04
1.67874000000000013E-04
1.58614000000000010E-04
1.46903000000000013E-04
1.46913000000000008E-04
1.46873999999999990E-04
1.46333000000000010E-04
1.46663000000000002E-04
1.46944000000000008E-04
1.46782999999999994E-04
1.46493000000000008E-04
1.47054000000000005E-04
1.46682999999999991E-04
1.46582999999999989E-04
1.46942999999999992E-04
1.62313999999999991E-04
1.46913000000000008E-04
1.46464000000000013E-04
1.46462999999999997E-04
1.46863000000000007E-04
1.88483999999999993E-04
2.02334000000000005E-04
2.01614999999999986E-04
2.03353999999999991E-04
2.40296000000000005E-04
2.12923999999999996E-04
2.03625000000000003E-04
2.06574999999999993E-04
1.99554000000000007E-04
1.84673999999999987E-04
1.83754999999999991E-04
2.48245000000000019E-04
2.04925000000000007E-04
2.64110999999999979E-04
1.74894000000000010E-04
1.51273000000000000E-04
1.46362999999999994E-04
1.46803999999999999E-04
1.46903000000000013E-04
1.66934000000000011E-04
1.98523999999999999E-04
1.99475000000000010E-04
2.00294000000000004E-04
2.28315000000000012E-04
1.98874999999999996E-04
1.97963999999999990E-04
1.97414999999999993E-04
1.95803999999999998E-04
1.97333999999999991E-04
1.96715000000000003E-04
1.99074000000000012E-04
2.01074999999999995E-04
2.26285000000000006E-04
1.95894000000000005E-04
1.95524999999999996E-04
1.98063999999999993E-04
1.99884999999999988E-04
2.00513999999999998E-04
1.68653999999999988E-04
1.46932999999999997E-04
1.46563999999999988E-04
1.46532999999999988E-04
1.70633999999999993E-04
1.46763000000000004E-04
1.63883999999999991E-04
1.46102999999999994E-04
1.46543000000000010E-04
1.48894000000000001E-04
1.90953999999999988E-04
1.84634000000000008E-04
1.54453999999999995E-04
1.46223000000000013E-04
1.46362999999999994E-04
1.46513999999999987E-04
1.46722999999999998E-04
1.46482999999999986E-04
1.46713000000000003E-04
1.63694000000000009E-04
1.46532999999999988E-04
1.46624000000000011E-04
1.46422999999999990E-04
1.46362999999999994E-04
1.46584000000000005E-04
1.46663000000000002E-04
1.46443000000000007E-04
1.58553999999999987E-04
1.54372999999999994E-04
1.46422999999999990E-04
1.46513999999999987E-04
1.46653000000000007E-04
1.64883999999999989E-04
1.46412999999999996E-04
1.46403000000000001E-04
1.46474000000000007E-04
1.46482999999999986E-04
1.46472999999999992E-04
1.46462999999999997E-04
1.46622999999999995E-04
1.66503999999999990E-04
1.67572999999999990E-04
1.73334000000000004E-04
1.46624000000000011E-04
1.46622999999999995E-04
1.78846000000000002E-04
1.46293000000000004E-04
1.46353999999999988E-04
1.46532999999999988E-04
1.46482999999999986E-04
1.46353000000000000E-04
1.54012999999999991E-04
1.55193000000000003E-04
1.46374000000000005E-04
1.46493000000000008E-04
1.62534000000000013E-04
1.62902999999999995E-04
1.46634000000000006E-04
1.68473000000000011E-04
2.51027999999999982E-04
2.10504999999999991E-04
1.95774000000000013E-04
1.94264999999999998E-04
2.09284000000000011E-04
1.46913999999999996E-04
1.46682999999999991E-04
1.46873000000000001E-04
1.46894000000000007E-04
1.65033000000000004E-04
1.46703999999999997E-04
1.46243000000000002E-04
1.46412999999999996E-04
1.46584000000000005E-04
1.46572999999999994E-04
1.55522999999999995E-04
1.46484000000000002E-04
1.46212999999999991E-04
1.46572999999999994E-04
1.60814000000000009E-04
1.46742999999999987E-04
1.46322999999999988E-04
1.61764000000000005E-04
1.46572999999999994E-04
1.46613999999999989E-04
1.51303000000000011E-04
1.97213999999999999E-04
2.03873999999999993E-04
1.96445000000000007E-04
1.98154000000000000E-04
1.97213999999999999E-04
2.20914999999999995E-04
1.97275000000000011E-04
2.28399999999999995E-04
1.96323999999999999E-04
1.91055000000000006E-04
2.10904000000000012E-04
1.92224999999999997E-04
1.96844000000000001E-04
1.93315000000000002E-04
1.92003999999999987E-04
2.12045000000000007E-04
2.08963999999999987E-04
1.92074999999999993E-04
1.94674000000000013E-04
1.93415000000000004E-04
1.97154000000000003E-04
2.23715000000000009E-04
3.43377999999999978E-04
2.82875999999999993E-04
2.78856000000000015E-04
3.59577999999999992E-04
2.22164999999999998E-04
1.47113000000000013E-04
1.46663999999999990E-04
1.59042999999999988E-04
1.47052999999999989E-04
1.46634000000000006E-04
1.54563000000000004E-04
2.17485000000000009E-04
1.97235000000000005E-04
2.00253999999999997E-04
2.05584999999999991E-04
1.65832999999999996E-04
1.46204000000000012E-04
1.46553000000000004E-04
1.46322999999999988E-04
1.46513999999999987E-04
1.46532999999999988E-04
1.69654000000000012E-04
1.52993000000000004E-04
1.46792999999999989E-04
1.60194000000000005E-04
1.46672999999999997E-04
1.84085000000000010E-04
1.47023000000000005E-04
1.47713000000000000E-04
1.46522999999999993E-04
1.46744000000000003E-04
1.46732999999999993E-04
1.46252999999999997E-04
1.46054000000000008E-04
1.75994000000000009E-04
1.63933000000000004E-04
1.46784000000000010E-04
1.46453000000000002E-04
1.46422999999999990E-04
1.46462999999999997E-04
1.46193999999999990E-04
2.14285000000000013E-04
1.90513999999999999E-04
5.22086999999999963E-04
1.89583999999999993E-04
1.86083999999999989E-04
2.16314999999999991E-04
1.89504999999999996E-04
2.31064999999999998E-04
1.99494000000000011E-04
2.11084999999999989E-04
1.95594999999999987E-04
1.95493999999999995E-04
1.96713999999999987E-04
1.99545000000000001E-04
1.96144000000000011E-04
2.11835000000000007E-04
1.96025000000000008E-04
2.14574000000000009E-04
1.94045000000000003E-04
1.95853999999999999E-04
1.95025000000000011E-04
1.95183999999999993E-04
2.14364999999999998E-04
2.08564000000000004E-04
1.82954000000000010E-04
1.84074000000000000E-04
1.97554000000000013E-04
2.05374999999999991E-04
1.89464000000000001E-04
1.91294000000000002E-04
1.92773999999999994E-04
2.09625000000000013E-04
1.95114000000000002E-04
1.94443999999999997E-04
1.94885000000000002E-04
1.95383999999999998E-04
2.09044999999999988E-04
2.11405000000000013E-04
1.85934000000000012E-04
2.07173999999999992E-04
2.08583999999999994E-04
1.92985000000000010E-04
2.16953999999999997E-04
2.05805000000000012E-04
1.90384000000000012E-04
2.00924999999999991E-04
1.84154000000000013E-04
2.25021999999999988E-04
1.97144000000000008E-04
2.19454000000000003E-04
3.09017000000000026E-04
3.29718000000000003E-04
1.96503999999999987E-04
1.99745000000000006E-04
2.11914999999999993E-04
2.57065000000000006E-04
1.95125000000000013E-04
1.93973999999999996E-04
2.06844999999999989E-04
2.23744999999999993E-04
2.61855999999999981E-04
5.69612999999999955E-04
2.11504000000000000E-04
2.10494999999999996E-04
2.15164999999999991E-04
1.95813999999999992E-04
1.96925000000000003E-04
2.29444999999999996E-04
1.93243999999999995E-04
1.96314999999999993E-04
2.70455999999999973E-04
1.05670700000000005E-03
2.49715000000000017E-04
2.09354999999999990E-04
2.65081000000000019E-04
2.02995000000000004E-04
1.97023999999999989E-04
1.96214999999999991E-04
2.15503999999999989E-04
2.14484999999999990E-04
1.94334999999999988E-04
1.98414000000000001E-04
1.98104999999999988E-04
1.97974000000000012E-04
2.19184999999999996E-04
1.99473999999999995E-04
2.14143999999999988E-04
2.40031000000000006E-04
1.91893999999999989E-04
1.91153999999999993E-04
2.00105000000000009E-04
1.93284000000000001E-04
1.92274999999999998E-04
2.08034000000000008E-04
2.06104999999999993E-04
1.90893999999999992E-04
2.26986000000000012E-04
1.92883999999999992E-04
1.93444000000000000E-04
1.92835000000000006E-04
2.06543999999999993E-04
1.92935000000000009E-04
1.93033999999999995E-04
2.10144999999999988E-04
1.93234000000000000E-04
2.16314999999999991E-04
1.93334000000000003E-04
1.93465000000000005E-04
2.06813999999999989E-04
1.92654999999999991E-04
1.92573999999999990E-04
1.92883999999999992E-04
1.93305000000000007E-04
2.09063999999999989E-04
1.92914999999999992E-04
1.86603999999999991E-04
2.13815000000000012E-04
1.99853999999999988E-04
1.99144999999999992E-04
1.91234000000000006E-04
1.90373999999999990E-04
1.93234999999999989E-04
1.99853999999999988E-04
2.56143000000000017E-04
1.93054000000000012E-04
1.95324000000000002E-04
2.00244000000000003E-04
1.94054999999999998E-04
2.30554999999999991E-04
1.92324000000000011E-04
2.06765000000000003E-04
2.09614000000000003E-04
1.88753999999999989E-04
1.88654000000000014E-04
1.90434000000000013E-04
2.06944999999999991E-04
3.43246000000000013E-04
2.31489999999999994E-04
2.14484999999999990E-04
2.00385000000000000E-04
1.99383999999999987E-04
2.00625000000000011E-04
8.14398000000000032E-04
2.04684000000000007E-04
1.93804999999999992E-04
1.92584000000000011E-04
1.91103999999999992E-04
2.37285999999999991E-04
2.03524000000000012E-04
1.87634000000000000E-04
1.94534999999999993E-04
1.97213999999999999E-04
2.71041000000000023E-04
1.95505000000000006E-04
1.95204000000000010E-04
1.96965000000000009E-04
2.34789999999999993E-04
1.83603999999999999E-04
1.83093999999999992E-04
1.84114000000000006E-04
1.82764000000000000E-04
1.96094999999999999E-04
2.28575000000000013E-04
1.96734000000000004E-04
1.99495000000000000E-04
1.99724000000000001E-04
1.96175000000000011E-04
1.98574000000000000E-04
2.00585000000000005E-04
1.97414000000000004E-04
2.32050999999999991E-04
1.93994000000000013E-04
1.94794000000000006E-04
2.08304999999999992E-04
2.71530999999999986E-04
1.90444000000000008E-04
2.20096000000000001E-04
2.20604000000000004E-04
1.90005000000000008E-04
1.89473999999999996E-04
2.17075000000000004E-04
2.12484000000000007E-04
1.89874000000000005E-04
1.92773999999999994E-04
1.52294000000000003E-04
1.77593999999999994E-04
1.75963999999999998E-04
1.46813000000000005E-04
1.63523999999999988E-04
1.96114000000000000E-04
2.00635000000000006E-04
2.12195000000000011E-04
1.98943999999999998E-04
2.00365000000000010E-04
1.64453000000000006E-04
1.46894000000000007E-04
1.46532999999999988E-04
1.56483000000000013E-04
2.04674000000000013E-04
2.09344999999999995E-04
1.94174000000000001E-04
1.90504999999999993E-04
1.91153999999999993E-04
2.07373999999999997E-04
1.90583999999999990E-04
2.22091999999999987E-04
2.10053999999999992E-04
1.99874999999999993E-04
1.95703999999999995E-04
1.93975000000000012E-04
3.32397000000000009E-04
3.20647000000000022E-04
2.27313000000000010E-04
1.92515000000000009E-04
1.97373999999999998E-04
1.93324999999999996E-04
2.59107999999999973E-04
1.89304000000000002E-04
2.54742999999999983E-04
3.63137999999999992E-04
2.09824999999999991E-04
1.97603999999999987E-04
2.13315000000000000E-04
1.89094000000000003E-04
1.93634999999999999E-04
2.09483999999999989E-04
3.33853000000000003E-04
4.13304000000000026E-04
2.17144999999999995E-04
2.51446000000000005E-04
2.69495999999999983E-04
2.21084999999999988E-04
2.08425000000000011E-04
1.92544000000000005E-04
2.13565000000000006E-04
1.93484000000000006E-04
2.13474999999999998E-04
1.91804000000000009E-04
1.90575000000000011E-04
1.84513999999999989E-04
2.10005000000000006E-04
1.94193999999999991E-04
4.61350000000000020E-04
2.25905000000000013E-04
2.12904999999999995E-04
1.90084000000000005E-04
1.87295000000000002E-04
1.90003999999999992E-04
2.10194999999999989E-04
1.94493999999999998E-04
1.92203999999999991E-04
1.96264999999999992E-04
2.07614000000000008E-04
2.11773999999999995E-04
2.10864999999999994E-04
1.92143999999999995E-04
2.09005000000000009E-04
2.49746000000000017E-04
2.08774000000000004E-04
2.55595000000000008E-04
2.09535000000000006E-04
1.91494000000000007E-04
2.11704999999999993E-04
2.12184999999999989E-04
2.40554999999999990E-04
1.93095000000000007E-04
1.93363999999999987E-04
1.89173999999999988E-04
2.09914999999999999E-04
2.11384999999999996E-04
2.31775000000000009E-04
1.91814000000000004E-04
2.72821999999999984E-04
2.16359999999999995E-04
2.09194000000000003E-04
1.98724999999999992E-04
1.93293999999999996E-04
2.34174999999999986E-04
2.07445000000000004E-04
1.90454000000000003E-04
2.07674999999999993E-04
2.30666999999999992E-04
1.91764000000000002E-04
2.06304000000000009E-04
2.26001999999999995E-04
1.93133999999999998E-04
2.06975000000000003E-04
1.92014000000000008E-04
2.53775999999999991E-04
1.84434000000000003E-04
3.50463000000000022E-04
1.90883999999999997E-04
1.90413999999999997E-04
1.90544999999999999E-04
2.39905000000000001E-04
1.92873999999999997E-04
1.96385000000000011E-04
2.07445000000000004E-04
2.06264000000000002E-04
1.92494999999999993E-04
1.96713999999999987E-04
2.06545000000000009E-04
1.91594000000000009E-04
1.92224000000000008E-04
2.12195000000000011E-04
1.92253999999999993E-04
2.26285999999999995E-04
1.90774000000000000E-04
1.93193999999999994E-04
1.91924999999999989E-04
1.91623999999999994E-04
1.90743999999999988E-04
2.07454999999999998E-04
2.23544999999999988E-04
1.91943999999999990E-04
1.96364999999999994E-04
1.95593999999999998E-04
1.89955000000000007E-04
1.91904000000000011E-04
1.91874000000000000E-04
2.06855000000000011E-04
1.95493999999999995E-04
1.88235000000000003E-04
1.92363999999999990E-04
2.13045000000000004E-04
1.84834000000000013E-04
2.02663999999999996E-04
2.20764999999999991E-04
2.00964999999999998E-04
2.02594000000000005E-04
3.05536000000000024E-04
2.29585999999999994E-04
1.87483999999999996E-04
2.11155000000000007E-04
2.47339999999999973E-04
1.94784000000000011E-04
1.94493999999999998E-04
2.09974999999999995E-04
2.04093999999999988E-04
1.91885000000000010E-04
1.91403999999999999E-04
1.63773999999999994E-04
2.04563999999999988E-04
1.92003999999999987E-04
1.93324999999999996E-04
2.07423999999999998E-04
1.94873999999999991E-04
1.82623999999999992E-04
2.32775000000000007E-04
1.91885000000000010E-04
2.08373999999999994E-04
1.92854999999999996E-04
2.05763999999999990E-04
1.91475000000000006E-04
1.91644000000000010E-04
1.90094000000000000E-04
2.07144999999999996E-04
1.91893999999999989E-04
2.24954999999999990E-04
1.90094999999999988E-04
1.88564000000000006E-04
2.04983999999999988E-04
1.89604000000000010E-04
1.89173999999999988E-04
2.27640000000000009E-04
1.96424000000000002E-04
2.35984999999999998E-04
2.32885999999999993E-04
2.00893999999999991E-04
1.97154999999999992E-04
2.00323999999999988E-04
2.01904999999999999E-04
1.96703999999999992E-04
1.96245000000000002E-04
1.94524000000000010E-04
2.17755000000000005E-04
2.00234000000000008E-04
2.30706000000000010E-04
1.98234000000000013E-04
1.99884999999999988E-04
2.20864999999999994E-04
1.95634000000000004E-04
1.98774999999999993E-04
1.98223999999999991E-04
2.04875000000000006E-04
2.10234000000000007E-04
2.20105000000000008E-04
1.95235000000000010E-04
2.00003999999999991E-04
1.98974999999999998E-04
1.99124000000000013E-04
1.98005000000000013E-04
1.98204000000000002E-04
2.14434999999999989E-04
2.10234999999999995E-04
1.97423999999999999E-04
2.20144999999999987E-04
2.14725000000000002E-04
2.22945000000000001E-04
1.97034000000000011E-04
2.28244999999999994E-04
2.35445000000000006E-04
1.96013999999999997E-04
2.59835999999999997E-04
1.96655000000000007E-04
2.21324999999999999E-04
1.96094000000000010E-04
2.70170999999999985E-04
1.71592999999999995E-04
1.69483999999999992E-04
1.46923999999999991E-04
1.46543000000000010E-04
1.93644000000000005E-04
2.05044999999999999E-04
1.92814000000000001E-04
2.01145000000000013E-04
2.32129999999999988E-04
1.98034000000000008E-04
1.95705000000000011E-04
2.33739999999999995E-04
1.98824999999999995E-04
1.53272999999999994E-04
1.55534000000000005E-04
1.47632999999999987E-04
1.46593000000000011E-04
1.66044000000000011E-04
1.46632999999999990E-04
1.46613999999999989E-04
1.52213000000000001E-04
1.58524000000000002E-04
2.10644000000000011E-04
1.90924999999999992E-04
1.90153999999999996E-04
1.90704000000000009E-04
1.91184999999999993E-04
1.92694000000000009E-04
1.92893999999999986E-04
1.92594999999999995E-04
2.06054000000000003E-04
2.03644999999999992E-04
2.39294999999999992E-04
1.90253999999999998E-04
1.89323999999999992E-04
2.12554999999999987E-04
2.05104000000000007E-04
1.91644999999999999E-04
1.88373999999999996E-04
2.09444000000000009E-04
1.96293999999999988E-04
1.90034000000000004E-04
2.18204999999999989E-04
2.13245000000000009E-04
1.97264000000000001E-04
1.98734999999999987E-04
1.99213999999999994E-04
1.99325000000000007E-04
1.99683999999999994E-04
1.98895000000000013E-04
2.17655000000000002E-04
2.02943999999999987E-04
2.28282000000000007E-04
1.86343999999999990E-04
1.93355000000000008E-04
1.94723999999999988E-04
2.07585000000000012E-04
1.96593999999999995E-04
2.00774999999999988E-04
3.19856999999999997E-04
2.09514999999999989E-04
2.59693999999999984E-04
1.85584000000000004E-04
2.02833999999999990E-04
1.88795000000000011E-04
1.92064000000000010E-04
1.92153999999999990E-04
2.02804999999999994E-04
2.90617999999999974E-04
3.82028000000000023E-04
1.46942999999999992E-04
2.35433999999999996E-04
1.93754000000000002E-04
2.25445000000000007E-04
1.92754000000000005E-04
1.93224999999999994E-04
2.24305000000000001E-04
1.92654000000000002E-04
2.11115000000000001E-04
1.92864000000000002E-04
1.93475000000000000E-04
2.06564000000000010E-04
1.93014999999999994E-04
1.61203000000000008E-04
1.76193999999999987E-04
2.25355000000000000E-04
2.13095000000000005E-04
1.95944000000000006E-04
1.95274000000000001E-04
2.00153999999999995E-04
1.97894999999999988E-04
1.99604000000000009E-04
8.78252000000000047E-04
3.11049999999999998E-04
1.69283999999999987E-04
2.27001999999999993E-04
2.79095999999999999E-04
2.63608999999999990E-04
1.96755000000000009E-04
1.86724000000000010E-04
1.85283999999999997E-04
1.85904000000000001E-04
2.01814999999999991E-04
1.85703999999999996E-04
4.16079000000000026E-04
1.95224000000000000E-04
1.92153999999999990E-04
2.07684999999999988E-04
1.96824000000000012E-04
2.00155000000000011E-04
1.91924000000000001E-04
2.32042000000000012E-04
1.97684000000000000E-04
2.05865000000000008E-04
1.89793999999999992E-04
1.90184000000000007E-04
2.01095000000000012E-04
2.23563000000000001E-04
1.89664000000000006E-04
1.94773999999999989E-04
2.02764999999999987E-04
1.83413999999999989E-04
1.84164000000000007E-04
1.83424000000000011E-04
2.01895000000000004E-04
1.82423999999999987E-04
1.82413999999999992E-04
1.47743000000000012E-04
1.47243999999999988E-04
1.47312999999999990E-04
1.47002999999999988E-04
1.46854000000000000E-04
1.85534000000000003E-04
1.87524000000000002E-04
1.87393999999999988E-04
2.09254999999999988E-04
2.02914000000000002E-04
1.96653999999999991E-04
1.97533999999999996E-04
2.02434999999999996E-04
2.06545000000000009E-04
1.94753999999999999E-04
1.97524000000000001E-04
1.97585000000000013E-04
1.95603999999999993E-04
2.14515000000000002E-04
1.96035000000000003E-04
1.97373999999999998E-04
1.97903999999999994E-04
2.16695000000000012E-04
2.00385000000000000E-04
2.08655000000000000E-04
1.96164000000000001E-04
1.97595000000000008E-04
2.07393999999999987E-04
2.16304999999999997E-04
1.96584000000000000E-04
1.88753999999999989E-04
1.99554000000000007E-04
1.95305000000000001E-04
2.00494000000000009E-04
1.95414999999999998E-04
1.96493999999999993E-04
1.96913999999999992E-04
1.97133999999999987E-04
2.13825000000000007E-04
1.91754000000000008E-04
1.95254000000000011E-04
1.96194000000000012E-04
1.96853999999999996E-04
2.21814999999999990E-04
1.96514999999999998E-04
2.07643999999999993E-04
1.97614999999999998E-04
1.97684000000000000E-04
2.16545000000000008E-04
1.97464999999999994E-04
1.98223999999999991E-04
1.98545000000000004E-04
1.98023999999999986E-04
2.16784999999999992E-04
1.96863999999999991E-04
9.43566999999999973E-04
2.12914999999999990E-04
1.98163999999999995E-04
2.30644999999999998E-04
2.15014999999999987E-04
5.59633000000000027E-04
1.88344000000000011E-04
2.36454999999999999E-04
1.95954999999999990E-04
1.93143999999999993E-04
1.90313999999999994E-04
1.98395000000000000E-04
2.09254999999999988E-04
1.89554000000000008E-04
1.88903999999999992E-04
1.90434000000000013E-04
1.93234999999999989E-04
2.09595000000000002E-04
1.76154000000000008E-04
1.54012999999999991E-04
1.47162999999999987E-04
1.79523999999999998E-04
2.34305999999999989E-04
2.27475000000000013E-04
1.93873999999999994E-04
1.87493999999999991E-04
2.04925000000000007E-04
1.87023999999999990E-04
1.87944000000000002E-04
1.88853999999999991E-04
1.76354000000000013E-04
1.88173999999999991E-04
1.88364000000000001E-04
2.23479999999999995E-04
2.12694999999999996E-04
1.92164000000000012E-04
1.92623999999999991E-04
1.92725000000000009E-04
1.92083999999999999E-04
1.96214000000000002E-04
2.05724000000000011E-04
1.92124000000000006E-04
2.07254999999999993E-04
1.91403999999999999E-04
1.91604999999999993E-04
1.88533999999999994E-04
1.88013999999999993E-04
1.88593999999999990E-04
1.91835000000000009E-04
1.86984000000000011E-04
1.73164000000000011E-04
1.46562999999999999E-04
1.46403000000000001E-04
1.62324000000000013E-04
1.46913000000000008E-04
1.46584000000000005E-04
1.46553000000000004E-04
1.63993999999999989E-04
1.94723999999999988E-04
2.06624999999999994E-04
1.86083999999999989E-04
2.25834999999999995E-04
2.20654999999999994E-04
1.95644999999999988E-04
2.26085000000000001E-04
2.17974999999999999E-04
1.92823999999999996E-04
1.92473999999999987E-04
1.92754999999999993E-04
1.92274000000000009E-04
1.92033999999999998E-04
1.93255000000000006E-04
1.91744000000000013E-04
2.10225000000000001E-04
1.98113999999999994E-04
1.91764000000000002E-04
2.99472000000000009E-04
2.23205000000000002E-04
2.41276000000000012E-04
1.95713999999999990E-04
1.95145000000000003E-04
1.93274000000000007E-04
1.65164000000000006E-04
1.46582999999999989E-04
1.46543000000000010E-04
1.63814000000000001E-04
1.46873000000000001E-04
1.46703999999999997E-04
1.46582999999999989E-04
1.63103999999999989E-04
1.46973000000000004E-04
1.46582999999999989E-04
1.47023000000000005E-04
1.86264999999999993E-04
1.55973000000000006E-04
1.46453000000000002E-04
1.50073999999999986E-04
1.46903000000000013E-04
1.46503000000000003E-04
1.46603999999999994E-04
1.49803000000000002E-04
1.69574000000000000E-04
1.63584000000000011E-04
1.68333000000000003E-04
1.46803999999999999E-04
1.46682999999999991E-04
1.46913000000000008E-04
1.55624000000000013E-04
1.46682999999999991E-04
1.46713000000000003E-04
1.46784000000000010E-04
1.46152999999999995E-04
1.46223000000000013E-04
1.46574000000000010E-04
1.46653000000000007E-04
1.63064000000000010E-04
1.46672999999999997E-04
1.53022999999999988E-04
2.04775000000000004E-04
2.14644999999999989E-04
1.95493999999999995E-04
1.96245000000000002E-04
1.95503999999999990E-04
2.05355000000000002E-04
1.95884000000000010E-04
2.32620000000000006E-04
1.88695000000000009E-04
1.95324000000000002E-04
2.21184999999999991E-04
1.58793999999999998E-04
1.46992999999999993E-04
1.58063000000000008E-04
1.47383999999999997E-04
1.47212999999999988E-04
1.46782999999999994E-04
1.46963999999999998E-04
1.64212999999999995E-04
1.46954000000000003E-04
1.46732999999999993E-04
1.46383000000000011E-04
1.55883999999999987E-04
1.46283000000000009E-04
1.46353000000000000E-04
1.46264000000000008E-04
1.46703000000000008E-04
1.46493000000000008E-04
1.68504000000000012E-04
1.47643000000000009E-04
1.73153999999999989E-04
1.62454000000000000E-04
1.46493000000000008E-04
1.46584000000000005E-04
1.49703000000000000E-04
1.48352999999999994E-04
1.46944000000000008E-04
1.46233000000000008E-04
1.53752999999999990E-04
1.62854000000000010E-04
1.91633999999999988E-04
1.88023999999999987E-04
1.47273000000000011E-04
2.05183999999999992E-04
2.02355000000000010E-04
1.92284000000000004E-04
1.89814999999999998E-04
1.92473999999999987E-04
2.03324999999999996E-04
2.03253999999999989E-04
1.78273999999999994E-04
2.01565000000000012E-04
1.95984000000000013E-04
2.16495000000000007E-04
1.78934000000000005E-04
2.25925000000000003E-04
3.06896999999999986E-04
1.87204000000000005E-04
1.92995000000000005E-04
1.96273999999999998E-04
1.96805000000000011E-04
1.97514000000000007E-04
1.88233999999999987E-04
1.76393999999999992E-04
1.88254000000000004E-04
1.88364999999999990E-04
1.89623999999999999E-04
1.96144000000000011E-04
1.89724999999999990E-04
1.89063999999999991E-04
1.88464000000000003E-04
1.91864000000000005E-04
1.92835000000000006E-04
1.50612999999999989E-04
2.02764999999999987E-04
2.04513999999999987E-04
2.32508000000000004E-04
2.26912000000000012E-04
2.26955000000000012E-04
1.93153999999999987E-04
2.10354999999999988E-04
1.95314000000000007E-04
1.93994000000000013E-04
2.44496000000000025E-04
1.96323999999999999E-04
2.26295000000000001E-04
1.97653999999999988E-04
1.97593999999999992E-04
2.23615000000000006E-04
1.94894000000000008E-04
2.18595000000000003E-04
1.96094000000000010E-04
2.11664999999999987E-04
1.97244000000000011E-04
2.11823999999999997E-04
2.16154999999999993E-04
1.97035000000000000E-04
