2.29393307879749244E+01
2.66224000000000018E-04
2.05989999999999998E-04
2.20236000000000010E-04
2.29217000000000011E-04
2.32205000000000004E-04
2.06118999999999996E-04
2.40139999999999988E-04
2.85064000000000020E-04
2.19888999999999995E-04
3.67626000000000020E-04
2.16108000000000012E-04
2.15447000000000013E-04
3.80052999999999988E-04
2.05133999999999991E-04
2.07278999999999992E-04
1.85589999999999990E-04
2.62183999999999996E-04
2.04971000000000000E-04
2.50762000000000023E-04
1.90053000000000005E-04
1.75038000000000000E-04
1.68667999999999992E-04
1.58722999999999991E-04
1.64095999999999996E-04
1.61669999999999989E-04
1.90291000000000012E-04
1.61213999999999992E-04
1.95524999999999996E-04
1.78190999999999989E-04
1.59209999999999988E-04
1.58430000000000013E-04
1.94267000000000002E-04
2.06347000000000008E-04
2.40744000000000011E-04
2.09433999999999987E-04
2.10594000000000010E-04
2.02794000000000010E-04
2.04775999999999992E-04
2.07256999999999998E-04
2.50081999999999995E-04
2.15891999999999999E-04
2.35283999999999992E-04
2.17223999999999992E-04
2.37232999999999997E-04
2.17624999999999991E-04
2.18210000000000013E-04
2.15502000000000011E-04
2.15457999999999996E-04
2.48089000000000003E-04
2.16183999999999989E-04
2.35836000000000010E-04
2.63077999999999977E-04
2.12272999999999992E-04
2.11775000000000011E-04
2.27287999999999996E-04
2.13291000000000001E-04
2.02880999999999998E-04
2.09673000000000010E-04
1.70530999999999997E-04
1.58624999999999993E-04
1.78667000000000002E-04
1.58256999999999999E-04
1.58321999999999993E-04
1.57953000000000010E-04
1.58051000000000009E-04
1.58256999999999999E-04
1.57887999999999990E-04
1.58094999999999997E-04
1.58354000000000009E-04
1.57963999999999994E-04
1.58051000000000009E-04
1.57824000000000012E-04
1.57856000000000001E-04
1.99282999999999996E-04
1.77767999999999996E-04
1.58874999999999999E-04
1.58755000000000007E-04
1.58278999999999993E-04
1.58808999999999990E-04
1.58147999999999991E-04
1.58061999999999992E-04
1.57975000000000005E-04
1.58147999999999991E-04
1.58018999999999993E-04
1.57748000000000008E-04
1.57867000000000012E-04
1.57932000000000005E-04
1.87767000000000007E-04
2.33154000000000011E-04
2.22240000000000013E-04
2.10831999999999990E-04
2.06770000000000001E-04
2.07679000000000002E-04
2.57838999999999996E-04
2.58141999999999996E-04
2.24168000000000013E-04
1.58636000000000004E-04
1.78667000000000002E-04
1.58387000000000013E-04
1.58321999999999993E-04
1.58808999999999990E-04
1.62709999999999992E-04
1.58972000000000009E-04
1.58734000000000002E-04
1.58798000000000007E-04
1.58820000000000001E-04
1.57910000000000011E-04
1.58051000000000009E-04
1.58018999999999993E-04
1.58245999999999989E-04
1.75655000000000011E-04
1.58116000000000002E-04
1.58214000000000000E-04
1.58061000000000003E-04
1.58040999999999987E-04
1.58147999999999991E-04
1.58939000000000004E-04
1.82978999999999998E-04
1.58159000000000001E-04
1.99282999999999996E-04
1.58689999999999987E-04
1.98623000000000012E-04
1.58786999999999996E-04
1.76023000000000005E-04
1.63997999999999998E-04
1.73033999999999997E-04
1.58342999999999998E-04
1.58538000000000006E-04
1.58225000000000011E-04
1.58018999999999993E-04
1.57822999999999996E-04
1.57887999999999990E-04
1.58159999999999990E-04
1.57779999999999997E-04
1.73651000000000008E-04
2.04722000000000009E-04
1.94377999999999988E-04
1.58810000000000006E-04
1.58116000000000002E-04
1.57932000000000005E-04
1.58104999999999991E-04
1.57801999999999991E-04
1.58051000000000009E-04
2.45662000000000007E-04
1.58863999999999989E-04
2.13410000000000005E-04
3.11410999999999990E-04
2.98778999999999993E-04
2.09141999999999998E-04
2.07495000000000005E-04
2.07483999999999994E-04
2.10074000000000008E-04
2.09693999999999988E-04
2.11678000000000002E-04
2.30494999999999995E-04
2.09022999999999994E-04
2.28912999999999995E-04
2.09802999999999997E-04
2.07538000000000004E-04
2.06877999999999994E-04
2.98378999999999984E-04
2.07777000000000000E-04
2.12673000000000002E-04
2.11470999999999995E-04
2.12771000000000000E-04
2.07528000000000009E-04
2.30678999999999991E-04
2.39563000000000010E-04
2.06693000000000008E-04
3.31193000000000026E-04
2.07994000000000001E-04
2.04126000000000004E-04
2.13660000000000011E-04
2.07202999999999988E-04
2.07734000000000000E-04
6.58370000000000027E-04
4.10528000000000011E-04
2.66744999999999981E-04
2.07235000000000004E-04
2.07960999999999997E-04
2.04548999999999996E-04
2.14298999999999989E-04
2.06564000000000010E-04
2.16605999999999993E-04
2.16930999999999987E-04
2.28860000000000001E-04
2.06562999999999994E-04
2.12360000000000006E-04
2.05100999999999987E-04
2.10313000000000004E-04
2.06683000000000013E-04
2.11286999999999998E-04
2.12360000000000006E-04
2.03811999999999993E-04
2.23918999999999995E-04
2.46734999999999988E-04
2.09499999999999997E-04
2.92246999999999982E-04
2.05827000000000006E-04
2.08838999999999997E-04
2.11038000000000008E-04
2.11146999999999989E-04
2.05708000000000003E-04
2.08633000000000006E-04
2.55617999999999991E-04
2.13171999999999998E-04
2.06856000000000000E-04
2.08611000000000012E-04
2.10096000000000002E-04
2.06953999999999998E-04
2.05512000000000007E-04
1.82427000000000007E-04
1.58581999999999994E-04
1.80986000000000005E-04
1.58657999999999998E-04
1.58116000000000002E-04
1.77908999999999994E-04
1.58538999999999994E-04
1.58192000000000006E-04
1.57813000000000002E-04
1.58376000000000003E-04
1.58290000000000004E-04
1.58288999999999988E-04
1.58073000000000003E-04
1.58094000000000008E-04
1.58517000000000000E-04
1.58213000000000011E-04
1.58474000000000001E-04
1.58084000000000013E-04
1.76381000000000004E-04
1.58798999999999995E-04
1.58104999999999991E-04
1.58343999999999987E-04
1.58170000000000012E-04
1.71799000000000013E-04
1.58581999999999994E-04
1.58039999999999998E-04
1.89241000000000013E-04
1.58960999999999998E-04
1.58452000000000007E-04
1.58288999999999988E-04
1.58581999999999994E-04
1.76045999999999988E-04
1.68483999999999995E-04
2.01525999999999995E-04
1.96574999999999994E-04
1.96586000000000005E-04
1.80659999999999995E-04
1.58798999999999995E-04
1.58364999999999992E-04
1.58084000000000013E-04
1.58028999999999987E-04
1.57899000000000001E-04
1.58192000000000006E-04
1.57953000000000010E-04
1.78006000000000003E-04
1.58376000000000003E-04
1.58603999999999988E-04
1.58646999999999987E-04
1.58170000000000012E-04
1.58311000000000009E-04
1.65927000000000012E-04
2.19943000000000005E-04
2.01775000000000012E-04
1.99847000000000013E-04
2.24135000000000008E-04
1.83076999999999996E-04
1.79685000000000012E-04
1.64086000000000001E-04
1.86185999999999996E-04
1.69220000000000010E-04
1.83217000000000004E-04
1.62134999999999992E-04
1.58851999999999990E-04
1.74963000000000012E-04
1.58982999999999992E-04
1.59003999999999998E-04
1.58495000000000006E-04
1.58419999999999991E-04
1.58354000000000009E-04
1.76533000000000012E-04
1.58495000000000006E-04
1.58278000000000005E-04
1.58266999999999994E-04
1.67400000000000003E-04
1.58071999999999987E-04
1.58235999999999994E-04
2.08232000000000008E-04
2.12890000000000003E-04
2.12012999999999991E-04
2.10518000000000006E-04
2.28490999999999991E-04
2.44991000000000013E-04
1.99566000000000007E-04
2.00929999999999989E-04
2.00757000000000003E-04
2.00442999999999992E-04
2.00843999999999990E-04
2.01818000000000011E-04
2.01580999999999993E-04
2.17571000000000008E-04
2.24049000000000009E-04
2.16715000000000001E-04
2.22293999999999996E-04
2.03596000000000007E-04
2.05436999999999992E-04
2.18893000000000006E-04
2.03043000000000001E-04
1.99382000000000010E-04
2.03844000000000009E-04
2.04331999999999995E-04
1.81246000000000006E-04
1.76447000000000013E-04
1.58863000000000000E-04
1.82761999999999996E-04
2.11158000000000000E-04
2.13367999999999994E-04
2.10702000000000003E-04
2.26335000000000007E-04
2.10117000000000008E-04
2.08795000000000009E-04
2.08936000000000007E-04
2.27970999999999990E-04
2.32964999999999990E-04
2.23095999999999993E-04
2.08037000000000001E-04
2.08698000000000000E-04
2.24026999999999988E-04
2.08037000000000001E-04
2.07636000000000002E-04
2.08037000000000001E-04
2.08426999999999988E-04
2.41165999999999988E-04
2.08416999999999994E-04
2.07808999999999989E-04
2.08275999999999996E-04
2.24622999999999994E-04
2.08003999999999996E-04
2.07690000000000012E-04
2.07982999999999991E-04
2.21253999999999993E-04
2.19749000000000013E-04
2.26378000000000007E-04
2.07516999999999999E-04
2.07788000000000010E-04
2.36583999999999997E-04
2.15187000000000012E-04
2.15674000000000009E-04
2.11969000000000003E-04
2.15717999999999997E-04
2.14579999999999995E-04
2.14949000000000005E-04
2.33236000000000001E-04
2.32303999999999990E-04
2.15307000000000004E-04
2.14212000000000002E-04
2.14787000000000002E-04
2.14319999999999994E-04
2.07213000000000010E-04
2.16476000000000006E-04
2.20158999999999991E-04
2.27461000000000010E-04
2.24049000000000009E-04
1.79079000000000011E-04
1.85882000000000007E-04
2.09499000000000008E-04
2.30635999999999992E-04
2.08177999999999998E-04
2.35273000000000009E-04
2.23463999999999987E-04
2.08535000000000008E-04
2.07593000000000003E-04
2.27743000000000005E-04
2.07094000000000006E-04
2.08211000000000003E-04
2.07366000000000006E-04
2.23269000000000007E-04
2.07407999999999990E-04
2.45759999999999978E-04
2.08437999999999999E-04
2.07581999999999992E-04
2.07657999999999996E-04
2.41761999999999994E-04
2.06715999999999991E-04
2.08492000000000009E-04
2.07939000000000003E-04
2.07581999999999992E-04
2.07853000000000004E-04
2.36302000000000002E-04
2.08199999999999992E-04
2.07407999999999990E-04
2.07972000000000007E-04
2.56430999999999998E-04
2.14548000000000006E-04
2.29833999999999995E-04
2.11449999999999990E-04
2.46691000000000000E-04
2.17385999999999995E-04
2.07808999999999989E-04
2.05729000000000008E-04
2.28144000000000003E-04
2.47601000000000017E-04
2.09986999999999994E-04
2.08946999999999990E-04
2.18437000000000009E-04
2.09466999999999992E-04
2.09065999999999994E-04
2.27493999999999987E-04
2.04624000000000011E-04
2.07409000000000006E-04
2.28459000000000003E-04
2.25674999999999997E-04
2.12370000000000001E-04
2.28719000000000003E-04
2.15946000000000009E-04
2.40212999999999999E-04
2.11179000000000005E-04
2.11028000000000013E-04
2.15360999999999987E-04
2.33279000000000000E-04
2.26085999999999990E-04
2.12121000000000011E-04
2.10561000000000006E-04
2.72204000000000011E-04
2.06097999999999991E-04
2.13496999999999992E-04
2.21406000000000001E-04
4.28542999999999979E-04
2.35641000000000003E-04
2.22716999999999989E-04
2.14288999999999994E-04
2.29389999999999998E-04
2.12608999999999997E-04
1.82036999999999992E-04
1.92609999999999987E-04
1.58571000000000010E-04
1.58159999999999990E-04
1.58440999999999996E-04
1.77302999999999993E-04
1.58225000000000011E-04
1.74117000000000000E-04
1.58419999999999991E-04
1.58008000000000009E-04
1.58051000000000009E-04
1.58397999999999997E-04
1.58202000000000001E-04
1.57920999999999995E-04
1.75276999999999996E-04
1.58364999999999992E-04
1.58082999999999997E-04
1.57779999999999997E-04
1.57965000000000010E-04
1.58516000000000012E-04
1.58256999999999999E-04
1.58094000000000008E-04
1.85405999999999993E-04
2.21785000000000005E-04
2.17505999999999987E-04
2.15013000000000010E-04
2.39108000000000002E-04
1.59459000000000006E-04
1.58495999999999995E-04
1.58841000000000006E-04
1.58765999999999991E-04
1.58722999999999991E-04
1.58495000000000006E-04
1.58462000000000002E-04
1.71072999999999993E-04
2.03563000000000002E-04
2.06001000000000009E-04
2.60082000000000022E-04
2.06032999999999997E-04
2.06097999999999991E-04
2.32467000000000009E-04
2.06173999999999995E-04
2.05393000000000004E-04
2.18037000000000000E-04
2.01287999999999988E-04
2.14639000000000003E-04
2.15565999999999989E-04
2.33469000000000011E-04
2.16975000000000002E-04
2.14483000000000013E-04
2.15522999999999990E-04
2.17299999999999996E-04
2.15317999999999987E-04
1.84830999999999993E-04
1.58581999999999994E-04
1.58419000000000002E-04
1.58786999999999996E-04
1.77648999999999993E-04
1.58689999999999987E-04
1.58364999999999992E-04
1.75038000000000000E-04
1.59091000000000012E-04
1.58765999999999991E-04
1.58667999999999993E-04
1.84615000000000007E-04
1.58734000000000002E-04
1.58745000000000012E-04
1.58538000000000006E-04
1.58571000000000010E-04
1.58245999999999989E-04
1.77323999999999998E-04
1.72525000000000006E-04
1.58223999999999995E-04
1.58051000000000009E-04
1.79879999999999992E-04
1.98850000000000009E-04
1.98005000000000013E-04
2.13281000000000007E-04
1.95796000000000007E-04
6.14935000000000048E-04
2.01363999999999992E-04
2.08805999999999993E-04
2.10528999999999990E-04
2.27796999999999988E-04
2.12024000000000002E-04
2.10788999999999990E-04
2.25858999999999994E-04
1.63033999999999998E-04
1.58474000000000001E-04
1.58528000000000011E-04
1.58722999999999991E-04
1.58538999999999994E-04
1.58560000000000000E-04
1.58376000000000003E-04
1.58624999999999993E-04
2.20310999999999999E-04
1.58397999999999997E-04
1.81852999999999995E-04
1.58636000000000004E-04
1.58430000000000013E-04
1.58245999999999989E-04
1.58624999999999993E-04
1.58331999999999988E-04
1.71702000000000004E-04
1.58560000000000000E-04
1.58223999999999995E-04
1.58972000000000009E-04
1.81797999999999996E-04
1.60249999999999992E-04
1.58268000000000010E-04
1.76176000000000002E-04
1.58874000000000011E-04
1.58104999999999991E-04
1.58149000000000007E-04
1.89857999999999997E-04
1.98827999999999988E-04
2.03921000000000001E-04
2.08611000000000012E-04
2.21231999999999999E-04
2.02491000000000010E-04
2.01515000000000011E-04
2.03064999999999995E-04
2.54965000000000009E-04
2.13259000000000013E-04
2.08254000000000002E-04
2.91326000000000009E-04
3.16967999999999992E-04
2.06769000000000012E-04
2.07116000000000000E-04
2.08807000000000008E-04
2.54553999999999989E-04
2.33388000000000009E-04
2.14634999999999994E-04
2.45336999999999986E-04
2.15512000000000006E-04
2.30386000000000013E-04
2.56896000000000002E-04
2.15164999999999991E-04
2.15620999999999988E-04
2.15121999999999991E-04
2.43126999999999992E-04
2.15825999999999990E-04
2.16454000000000012E-04
2.40537999999999993E-04
2.60309000000000018E-04
2.45305000000000024E-04
2.14298999999999989E-04
2.15111999999999996E-04
2.14916000000000000E-04
2.15944999999999993E-04
2.43083999999999992E-04
2.31155000000000005E-04
2.37232999999999997E-04
2.14558999999999990E-04
2.14818999999999991E-04
2.39260000000000010E-04
2.14157999999999992E-04
2.35652000000000013E-04
2.29714999999999992E-04
3.13713000000000024E-04
2.14775999999999991E-04
2.55564000000000008E-04
2.15772000000000007E-04
2.15858999999999994E-04
2.14677999999999993E-04
2.13995999999999989E-04
2.36106999999999994E-04
2.14861999999999990E-04
2.14081999999999988E-04
2.55109000000000000E-04
2.50786000000000021E-04
2.02294999999999987E-04
2.03574000000000013E-04
2.02945000000000003E-04
2.02999000000000013E-04
2.03052999999999995E-04
2.12988000000000001E-04
2.02706999999999996E-04
2.10614999999999988E-04
2.52656999999999990E-04
3.82309000000000002E-04
2.01580999999999993E-04
2.01277000000000004E-04
2.01146999999999990E-04
2.02393000000000012E-04
2.05567000000000006E-04
1.83444999999999989E-04
1.58689999999999987E-04
1.58245999999999989E-04
1.95112999999999987E-04
1.58960999999999998E-04
1.58333000000000003E-04
1.58841999999999995E-04
1.62017000000000004E-04
1.60640000000000007E-04
1.58516000000000012E-04
1.58430000000000013E-04
1.58311000000000009E-04
1.58354999999999997E-04
1.58440999999999996E-04
2.32911000000000007E-04
2.50717999999999980E-04
2.04092999999999999E-04
2.04894999999999996E-04
2.04300000000000006E-04
2.06412000000000002E-04
2.40971000000000007E-04
2.57404999999999993E-04
2.05025999999999998E-04
2.07387000000000012E-04
2.29952999999999999E-04
2.11232999999999988E-04
2.05145000000000002E-04
2.25402999999999997E-04
2.22434999999999994E-04
2.05285000000000011E-04
2.05393000000000004E-04
3.42557000000000007E-04
2.41067999999999990E-04
2.27407000000000000E-04
2.08037000000000001E-04
1.58896000000000005E-04
1.58333000000000003E-04
1.58528000000000011E-04
1.68743000000000007E-04
2.09435000000000003E-04
2.13725000000000004E-04
2.11936999999999987E-04
2.14374999999999993E-04
2.11926999999999992E-04
2.35077000000000013E-04
2.14873000000000001E-04
2.74718000000000022E-04
2.15858999999999994E-04
2.20127000000000002E-04
2.26075000000000006E-04
2.11146999999999989E-04
2.45174999999999983E-04
2.08352000000000000E-04
2.52442000000000020E-04
2.81342000000000018E-04
2.60905000000000024E-04
2.00528999999999990E-04
4.42214999999999980E-04
2.32522000000000008E-04
2.40830000000000010E-04
2.27234000000000013E-04
2.35250999999999988E-04
2.10344000000000004E-04
2.11449999999999990E-04
2.37862000000000007E-04
2.14775000000000003E-04
2.06498999999999989E-04
2.44080000000000008E-04
2.61126999999999995E-04
2.08872000000000002E-04
2.07950000000000013E-04
2.29325000000000004E-04
2.08122999999999999E-04
2.08211000000000003E-04
2.23703000000000009E-04
2.07831999999999998E-04
2.07841999999999993E-04
2.09022999999999994E-04
2.07951000000000002E-04
2.07528000000000009E-04
2.07798999999999994E-04
2.07061999999999990E-04
2.47560000000000022E-04
2.07235999999999992E-04
2.23486000000000008E-04
2.61088999999999993E-04
2.10540000000000000E-04
2.07018000000000002E-04
2.14526000000000012E-04
2.10594000000000010E-04
2.35739000000000001E-04
2.11873000000000009E-04
2.44892999999999988E-04
2.68672000000000019E-04
2.10387999999999992E-04
2.19640000000000005E-04
2.11742999999999995E-04
3.44645999999999993E-04
2.48885000000000013E-04
2.10236000000000011E-04
2.13539999999999992E-04
2.07256999999999998E-04
2.61770999999999998E-04
2.07366000000000006E-04
2.08762999999999993E-04
2.09196000000000008E-04
2.10485000000000002E-04
2.09781000000000003E-04
2.44545999999999999E-04
2.11200999999999999E-04
2.12923000000000008E-04
2.09433999999999987E-04
2.09055000000000010E-04
2.10289999999999994E-04
2.09607999999999989E-04
2.09857999999999995E-04
2.12825000000000010E-04
2.09738000000000003E-04
2.32813000000000009E-04
2.09867999999999990E-04
2.11678000000000002E-04
2.21134999999999989E-04
2.10702000000000003E-04
2.11265000000000004E-04
2.10561000000000006E-04
2.10094999999999987E-04
2.06271000000000004E-04
1.69523999999999998E-04
2.03377999999999990E-04
2.33701000000000004E-04
2.10105999999999997E-04
2.10874999999999989E-04
2.23128999999999998E-04
2.22520999999999993E-04
1.58300999999999988E-04
1.89619999999999990E-04
2.05479999999999991E-04
2.05068000000000009E-04
2.05371999999999998E-04
2.27753999999999988E-04
2.17483999999999993E-04
2.05923999999999989E-04
2.05133999999999991E-04
2.05589000000000000E-04
2.10712999999999986E-04
2.04765999999999997E-04
1.99499999999999997E-04
2.02620000000000008E-04
2.03312999999999996E-04
2.04701000000000004E-04
2.30083000000000013E-04
2.07084000000000012E-04
2.05068999999999998E-04
2.05696999999999992E-04
2.08762999999999993E-04
2.11069999999999997E-04
2.04472999999999992E-04
2.10485999999999990E-04
2.10029999999999993E-04
2.20950999999999992E-04
2.24233000000000006E-04
2.08676000000000006E-04
2.19564000000000000E-04
2.32315000000000001E-04
2.14959999999999988E-04
2.18144999999999993E-04
2.14223000000000012E-04
2.14655999999999999E-04
2.14613999999999989E-04
2.10356000000000003E-04
2.33376999999999999E-04
2.08545999999999992E-04
2.08404999999999994E-04
2.09533000000000001E-04
2.07344000000000012E-04
2.15978999999999987E-04
2.12749999999999994E-04
2.13746999999999998E-04
2.15111000000000008E-04
2.01071000000000013E-04
2.28013999999999989E-04
2.06932000000000004E-04
2.07483999999999994E-04
2.05989000000000009E-04
2.00280999999999989E-04
2.11243000000000010E-04
2.11990999999999997E-04
2.09630000000000011E-04
2.08655000000000000E-04
2.07182000000000010E-04
2.43711999999999987E-04
2.07137999999999994E-04
2.07559999999999998E-04
2.07927999999999992E-04
2.07884999999999993E-04
2.14102999999999993E-04
2.07690000000000012E-04
2.18686999999999988E-04
2.09098999999999998E-04
2.08199999999999992E-04
2.27819000000000009E-04
2.07636000000000002E-04
2.06552999999999999E-04
2.06228000000000005E-04
2.07051000000000007E-04
2.12945000000000002E-04
2.05837000000000001E-04
2.21881999999999987E-04
2.24829000000000012E-04
2.19532000000000012E-04
2.39074999999999997E-04
2.20420000000000007E-04
2.18046999999999995E-04
2.18664000000000006E-04
2.17235000000000003E-04
2.70438999999999977E-04
2.37829999999999991E-04
2.18263999999999996E-04
2.18752000000000009E-04
2.17190999999999988E-04
2.38349000000000004E-04
2.13443000000000009E-04
2.18426999999999987E-04
2.17158999999999999E-04
2.18156000000000003E-04
2.15977999999999998E-04
2.16932000000000003E-04
2.17753999999999989E-04
2.15381999999999992E-04
2.15901999999999994E-04
2.40602999999999987E-04
2.17862999999999998E-04
2.16237999999999999E-04
2.30961000000000014E-04
2.19456000000000008E-04
2.17299999999999996E-04
2.17385999999999995E-04
2.64365999999999983E-04
2.46046999999999997E-04
2.07960999999999997E-04
2.08709000000000010E-04
2.23031000000000000E-04
2.07853000000000004E-04
2.07994000000000001E-04
2.08330000000000006E-04
2.08199000000000003E-04
2.52830000000000004E-04
2.92831000000000016E-04
3.00881000000000022E-04
2.11633999999999987E-04
2.27905999999999996E-04
2.12620000000000007E-04
2.09337000000000005E-04
2.07321999999999991E-04
2.35326000000000003E-04
2.10778000000000007E-04
2.08015999999999995E-04
2.07223999999999993E-04
2.04169999999999992E-04
2.13324000000000006E-04
2.09792000000000013E-04
2.10397999999999987E-04
2.04093999999999988E-04
2.09607999999999989E-04
2.36452999999999994E-04
2.14081999999999988E-04
2.91021999999999993E-04
2.14190999999999996E-04
2.62563000000000000E-04
2.14028000000000005E-04
3.33283999999999989E-04
2.13107000000000005E-04
2.11926000000000003E-04
2.51141999999999989E-04
2.08772999999999988E-04
2.11969999999999992E-04
2.14104000000000009E-04
2.10864999999999994E-04
2.14698999999999999E-04
2.18068999999999989E-04
2.46572000000000024E-04
2.54177000000000016E-04
2.17158999999999999E-04
2.28523000000000007E-04
2.10117000000000008E-04
2.41990000000000006E-04
1.95751999999999992E-04
1.83195000000000010E-04
1.76262999999999989E-04
1.78633999999999998E-04
2.09337000000000005E-04
2.32498999999999998E-04
2.35424000000000001E-04
2.12706000000000006E-04
2.14341999999999988E-04
2.12749999999999994E-04
2.12923000000000008E-04
2.13355999999999995E-04
2.17851999999999987E-04
2.12532999999999993E-04
2.14200999999999991E-04
2.45580999999999979E-04
2.20127999999999990E-04
2.14655999999999999E-04
2.32358000000000000E-04
2.02630999999999992E-04
2.13637999999999990E-04
2.16009999999999987E-04
2.14114999999999992E-04
2.25500999999999995E-04
2.30993999999999991E-04
2.13746000000000010E-04
2.20007999999999998E-04
2.12890000000000003E-04
2.21795999999999989E-04
2.10203999999999995E-04
2.11179000000000005E-04
2.14114999999999992E-04
2.09065999999999994E-04
2.14884000000000011E-04
2.32586000000000012E-04
2.10062999999999998E-04
2.30658000000000013E-04
2.28447999999999992E-04
2.15285000000000010E-04
2.11470999999999995E-04
2.11503000000000011E-04
2.18588999999999990E-04
2.12196999999999988E-04
2.14787000000000002E-04
2.32000999999999990E-04
2.14061000000000009E-04
2.17755000000000005E-04
2.09110000000000009E-04
2.17939000000000002E-04
2.14233999999999996E-04
2.10766999999999996E-04
2.15328000000000009E-04
2.43007999999999988E-04
2.04710999999999999E-04
2.04018000000000011E-04
2.24405999999999992E-04
2.06552999999999999E-04
2.23854000000000002E-04
2.05772999999999996E-04
1.59058000000000008E-04
1.58311000000000009E-04
1.58039999999999998E-04
1.96965000000000009E-04
1.65309000000000013E-04
1.58538999999999994E-04
1.58321999999999993E-04
1.58039999999999998E-04
1.58311000000000009E-04
1.58397000000000008E-04
1.58593000000000004E-04
1.58170000000000012E-04
1.58299999999999999E-04
1.77550999999999995E-04
1.58180999999999995E-04
1.58061999999999992E-04
1.91981999999999993E-04
2.35046000000000013E-04
2.02933999999999992E-04
2.06369000000000002E-04
1.95405000000000004E-04
2.13486999999999998E-04
2.34314000000000007E-04
1.67247999999999995E-04
2.07581999999999992E-04
2.09294000000000006E-04
2.08523999999999998E-04
2.07290000000000002E-04
2.06889000000000004E-04
2.05264000000000005E-04
2.45092999999999993E-04
2.05502000000000012E-04
2.02522999999999999E-04
2.49279999999999999E-04
2.22716999999999989E-04
2.11277000000000003E-04
2.13963000000000011E-04
2.24481999999999996E-04
2.40570999999999998E-04
2.18339000000000011E-04
2.15188000000000000E-04
2.14049999999999999E-04
2.34188999999999990E-04
1.98590000000000008E-04
1.87345000000000003E-04
1.58440999999999996E-04
1.58104999999999991E-04
1.62069999999999998E-04
2.11384999999999996E-04
2.07516999999999999E-04
2.03660000000000012E-04
2.07972000000000007E-04
2.06932000000000004E-04
2.46338999999999987E-04
2.08318000000000007E-04
2.08404999999999994E-04
2.59242000000000023E-04
2.04949999999999994E-04
2.05653000000000004E-04
2.03140000000000010E-04
2.09585999999999995E-04
1.65135999999999999E-04
1.60272000000000013E-04
2.05393999999999992E-04
1.58949999999999988E-04
1.58700999999999997E-04
1.58853000000000005E-04
1.79230000000000003E-04
1.58939999999999993E-04
1.73856999999999999E-04
2.09986999999999994E-04
2.17483999999999993E-04
2.10940999999999999E-04
2.12284000000000002E-04
2.54033000000000026E-04
2.14104000000000009E-04
2.50342000000000023E-04
2.60416999999999984E-04
2.13043000000000000E-04
2.11764000000000001E-04
2.12945000000000002E-04
2.15121999999999991E-04
2.35652000000000013E-04
2.13942000000000006E-04
2.14808000000000007E-04
2.14472000000000002E-04
2.11222000000000005E-04
2.10561999999999994E-04
2.17819999999999998E-04
2.14071000000000004E-04
2.15176999999999990E-04
2.19456000000000008E-04
2.53949000000000004E-04
2.30549000000000005E-04
2.25727999999999991E-04
2.15154999999999996E-04
1.48888800000000006E-03
4.61967999999999992E-04
2.11871999999999993E-04
2.65366000000000007E-04
2.10399000000000003E-04
2.32164000000000009E-04
2.17256000000000008E-04
2.17104000000000000E-04
2.29726000000000002E-04
2.23887000000000006E-04
2.41632000000000007E-04
2.14276999999999995E-04
2.11503000000000011E-04
2.10583000000000000E-04
2.15457999999999996E-04
2.47784999999999987E-04
2.09380000000000004E-04
2.17831000000000009E-04
2.28869999999999996E-04
2.10301000000000005E-04
2.31577999999999998E-04
2.12792999999999994E-04
2.37569000000000002E-04
2.15620999999999988E-04
2.12945000000000002E-04
2.32835000000000003E-04
2.13692999999999988E-04
2.45911000000000025E-04
2.09368999999999994E-04
2.12078000000000012E-04
2.11167999999999995E-04
2.14157999999999992E-04
2.47611999999999973E-04
2.09769999999999992E-04
2.23551000000000001E-04
1.62926000000000005E-04
1.63663000000000008E-04
1.58331999999999988E-04
2.21200000000000010E-04
2.09337000000000005E-04
2.08946999999999990E-04
2.26085000000000001E-04
2.30072000000000002E-04
2.26671000000000012E-04
2.08318000000000007E-04
2.28502000000000002E-04
2.46605000000000001E-04
2.07788000000000010E-04
2.08352000000000000E-04
2.08969000000000011E-04
2.33820999999999996E-04
2.08469999999999988E-04
2.08080000000000000E-04
2.31751000000000011E-04
2.08406000000000010E-04
2.29000000000000010E-04
2.08134999999999999E-04
2.07636000000000002E-04
2.35078000000000001E-04
2.09032999999999989E-04
2.07755999999999994E-04
2.23648000000000011E-04
2.08774000000000004E-04
2.62182999999999980E-04
2.16877999999999993E-04
2.32444999999999988E-04
2.07550000000000003E-04
2.07106000000000006E-04
2.31644000000000007E-04
2.07419000000000001E-04
4.60031999999999976E-04
2.11601000000000009E-04
2.17018000000000001E-04
2.11287999999999987E-04
2.20246000000000005E-04
2.35228999999999994E-04
2.11363000000000002E-04
2.16736000000000007E-04
2.12262000000000008E-04
2.33723999999999987E-04
2.14417999999999992E-04
2.28912999999999995E-04
2.10237000000000000E-04
2.09044000000000000E-04
2.14570000000000001E-04
2.35283999999999992E-04
2.12327000000000002E-04
2.12002000000000007E-04
2.12499999999999988E-04
2.10225999999999989E-04
2.11666000000000003E-04
2.15273999999999999E-04
2.11015999999999987E-04
2.06748000000000007E-04
2.17473000000000010E-04
2.34796000000000006E-04
2.17461999999999999E-04
2.13811999999999992E-04
2.13259000000000013E-04
2.15663999999999987E-04
2.23236999999999991E-04
2.10430999999999992E-04
2.16443999999999990E-04
2.12002000000000007E-04
2.30201999999999989E-04
2.35316000000000008E-04
2.20084000000000002E-04
2.12479000000000010E-04
2.10929999999999988E-04
2.17311000000000007E-04
2.11200000000000011E-04
2.18795000000000008E-04
2.17526999999999993E-04
2.10940999999999999E-04
2.16032999999999997E-04
2.33789000000000007E-04
2.10408999999999998E-04
2.10311999999999988E-04
2.24947999999999988E-04
2.16085999999999991E-04
2.08545999999999992E-04
2.11546999999999999E-04
2.10993999999999993E-04
2.10453000000000013E-04
2.18989999999999989E-04
2.31274999999999997E-04
2.09910999999999990E-04
2.13291000000000001E-04
2.06075999999999997E-04
2.11795999999999989E-04
2.34579999999999994E-04
2.16910000000000009E-04
2.17061000000000001E-04
2.11981000000000002E-04
2.49519000000000021E-04
2.12239999999999987E-04
2.27657000000000006E-04
2.10778000000000007E-04
2.11374000000000013E-04
2.16552000000000010E-04
2.14439999999999987E-04
2.17907000000000013E-04
2.10928999999999999E-04
2.10246999999999995E-04
2.37753999999999987E-04
2.12501000000000004E-04
2.19304000000000000E-04
5.34268999999999977E-04
2.34395000000000008E-04
2.11103000000000001E-04
2.39010000000000004E-04
2.34025999999999999E-04
2.15295999999999993E-04
2.39855999999999988E-04
2.12338000000000012E-04
2.32097999999999999E-04
2.21079999999999991E-04
2.16953000000000008E-04
2.12186000000000004E-04
2.11069999999999997E-04
2.17137000000000005E-04
2.08557000000000002E-04
2.07765999999999989E-04
2.27960000000000006E-04
2.14202000000000007E-04
2.18425999999999999E-04
2.14796999999999997E-04
2.19022000000000005E-04
2.15686000000000008E-04
2.14644999999999989E-04
2.11980000000000013E-04
2.18891999999999991E-04
1.94744999999999993E-04
2.33777999999999997E-04
2.07548999999999988E-04
2.11081000000000007E-04
2.03021000000000007E-04
2.08340000000000001E-04
2.00366999999999988E-04
1.96672000000000004E-04
2.00788999999999991E-04
2.16812999999999999E-04
2.00096000000000003E-04
2.28177000000000008E-04
2.03529999999999998E-04
2.17776000000000010E-04
2.13203999999999987E-04
2.09922000000000000E-04
2.17896000000000002E-04
1.99402999999999988E-04
2.27342999999999995E-04
2.07061999999999990E-04
2.00766999999999997E-04
2.25035000000000003E-04
1.98807000000000009E-04
2.06736999999999996E-04
1.99945000000000011E-04
2.07950000000000013E-04
2.16605999999999993E-04
2.13875999999999997E-04
2.18306999999999995E-04
2.15209000000000006E-04
2.13519000000000013E-04
2.35955000000000013E-04
2.08005000000000012E-04
2.01265999999999994E-04
2.19900000000000005E-04
1.99705999999999988E-04
1.98156999999999994E-04
2.09857000000000007E-04
2.01191000000000005E-04
2.26562999999999992E-04
1.98860999999999992E-04
2.08827999999999987E-04
2.32651000000000006E-04
2.12944000000000013E-04
2.18654000000000011E-04
2.14656999999999988E-04
2.18795000000000008E-04
2.11568999999999993E-04
2.12164999999999999E-04
2.00626999999999989E-04
1.98557999999999992E-04
1.98320000000000012E-04
2.43300999999999994E-04
2.11232999999999988E-04
2.14288000000000006E-04
2.22489000000000004E-04
2.13475999999999987E-04
2.10929999999999988E-04
2.09239999999999996E-04
2.32500000000000014E-04
2.08492000000000009E-04
2.09585999999999995E-04
2.28144000000000003E-04
2.09304000000000000E-04
2.07495999999999993E-04
2.07581999999999992E-04
2.08762999999999993E-04
2.08437999999999999E-04
2.42336000000000005E-04
1.90821999999999997E-04
1.90757000000000003E-04
1.77658999999999988E-04
1.58419000000000002E-04
1.58450999999999991E-04
1.57942999999999989E-04
1.70833999999999998E-04
1.69848999999999993E-04
1.58581999999999994E-04
1.58311000000000009E-04
1.78049999999999991E-04
1.58691000000000002E-04
1.67779999999999996E-04
1.92327999999999992E-04
1.58385999999999998E-04
1.58517000000000000E-04
1.58440999999999996E-04
1.61311999999999990E-04
1.73174000000000006E-04
1.58949999999999988E-04
1.58831000000000011E-04
1.58311000000000009E-04
1.58397000000000008E-04
1.76457999999999997E-04
1.58820000000000001E-04
1.59025999999999992E-04
1.58841999999999995E-04
1.59058000000000008E-04
1.58679000000000003E-04
1.64064000000000007E-04
1.61213999999999992E-04
2.21449000000000000E-04
1.58268000000000010E-04
1.58223999999999995E-04
1.58256999999999999E-04
1.58560000000000000E-04
1.76770999999999992E-04
1.58646999999999987E-04
1.58256999999999999E-04
1.58385999999999998E-04
1.58474000000000001E-04
1.58321999999999993E-04
1.58808999999999990E-04
1.62069999999999998E-04
1.74789000000000010E-04
1.58646999999999987E-04
1.58462999999999990E-04
1.58853000000000005E-04
1.58526999999999995E-04
1.58614000000000010E-04
1.77226999999999989E-04
1.58299999999999999E-04
1.58517000000000000E-04
1.58462999999999990E-04
1.58636000000000004E-04
1.68397000000000007E-04
1.58462000000000002E-04
1.58603999999999988E-04
1.58560000000000000E-04
1.58376000000000003E-04
1.76760000000000008E-04
1.58431000000000002E-04
1.58452000000000007E-04
1.75775000000000004E-04
1.58505999999999990E-04
1.58462999999999990E-04
1.72091000000000003E-04
1.58776000000000013E-04
1.58321999999999993E-04
1.58669000000000008E-04
1.58409000000000007E-04
1.58526999999999995E-04
1.58474000000000001E-04
1.58538000000000006E-04
1.58354000000000009E-04
1.58214000000000000E-04
1.58614000000000010E-04
1.76240999999999995E-04
1.58743999999999997E-04
1.58581999999999994E-04
2.16660999999999991E-04
1.96109999999999991E-04
2.68521000000000027E-04
2.26583999999999998E-04
2.07939999999999991E-04
2.19986999999999993E-04
2.39010000000000004E-04
2.84912999999999974E-04
2.09812999999999992E-04
2.11482000000000006E-04
2.14202000000000007E-04
2.15534000000000000E-04
2.14092999999999998E-04
2.12630000000000002E-04
2.17180999999999993E-04
1.61798999999999987E-04
1.58419000000000002E-04
1.58495000000000006E-04
1.88211000000000004E-04
1.71387000000000004E-04
1.59123999999999990E-04
1.58994000000000003E-04
1.58906999999999988E-04
1.58917999999999999E-04
1.58972000000000009E-04
1.58853000000000005E-04
1.58960999999999998E-04
1.58171000000000001E-04
1.78688999999999996E-04
1.58170000000000012E-04
1.58223999999999995E-04
1.75806999999999992E-04
1.58202999999999989E-04
1.58333000000000003E-04
1.58364999999999992E-04
2.06335999999999998E-04
2.12804000000000004E-04
2.13312999999999995E-04
2.13627999999999995E-04
2.12976999999999991E-04
2.13009999999999995E-04
2.24243999999999990E-04
1.86369999999999993E-04
1.58256999999999999E-04
1.58170000000000012E-04
1.58028999999999987E-04
1.57552000000000012E-04
1.58104999999999991E-04
1.58127000000000013E-04
2.12186000000000004E-04
2.10322999999999999E-04
2.09489000000000013E-04
2.12131999999999994E-04
2.15088999999999987E-04
2.56848000000000005E-04
2.08611000000000012E-04
2.08655000000000000E-04
1.96781000000000012E-04
1.59166000000000000E-04
1.59015000000000008E-04
1.58788000000000012E-04
1.58473000000000012E-04
2.12554999999999987E-04
1.66436000000000004E-04
1.90811000000000013E-04
1.74062999999999990E-04
2.09607999999999989E-04
1.83878000000000004E-04
1.80563000000000013E-04
1.58798999999999995E-04
1.58538999999999994E-04
1.58137999999999996E-04
1.66111000000000009E-04
1.58440999999999996E-04
1.58474000000000001E-04
1.58581000000000005E-04
1.77822999999999995E-04
1.58853000000000005E-04
1.58679000000000003E-04
1.58505999999999990E-04
1.58528000000000011E-04
1.58602999999999999E-04
1.58560000000000000E-04
1.58235999999999994E-04
1.58767000000000006E-04
1.58473000000000012E-04
2.01482999999999995E-04
1.58743999999999997E-04
1.58636000000000004E-04
1.58614000000000010E-04
1.89619999999999990E-04
1.92632000000000008E-04
2.06996999999999997E-04
2.05751000000000002E-04
1.94181000000000003E-04
1.96152000000000002E-04
1.98655000000000001E-04
1.98275999999999997E-04
2.08220999999999997E-04
2.16118999999999995E-04
2.37526000000000002E-04
2.14613000000000000E-04
2.14081999999999988E-04
2.13541000000000008E-04
2.12262000000000008E-04
2.12684000000000012E-04
2.23811000000000002E-04
2.15565999999999989E-04
2.14006000000000011E-04
2.17483999999999993E-04
2.58955000000000003E-04
2.14417999999999992E-04
2.12739000000000011E-04
2.12250999999999998E-04
2.12923000000000008E-04
2.11525999999999994E-04
2.10940999999999999E-04
2.04863000000000007E-04
2.10594000000000010E-04
2.11243999999999999E-04
2.31735999999999992E-04
2.08621999999999996E-04
2.08113000000000005E-04
2.08189000000000009E-04
2.17440999999999994E-04
2.08220999999999997E-04
2.33594000000000000E-04
2.15805000000000012E-04
2.12847000000000004E-04
2.52032000000000016E-04
2.08762999999999993E-04
2.08068999999999989E-04
2.23713000000000004E-04
2.07831999999999998E-04
2.07430000000000011E-04
2.08015000000000007E-04
2.07505999999999988E-04
2.07268000000000008E-04
2.28371999999999988E-04
2.07409000000000006E-04
2.08621999999999996E-04
2.08015000000000007E-04
2.07884999999999993E-04
2.17376000000000000E-04
2.08187999999999993E-04
2.08590000000000007E-04
2.07755999999999994E-04
2.07225000000000009E-04
2.24894000000000005E-04
2.10322999999999999E-04
2.28003999999999994E-04
2.03011000000000012E-04
1.58528000000000011E-04
1.58311000000000009E-04
1.58485000000000012E-04
1.58571000000000010E-04
1.62601000000000011E-04
1.58137000000000007E-04
1.58245999999999989E-04
1.58104999999999991E-04
1.72145000000000013E-04
1.76305999999999989E-04
1.57693000000000010E-04
1.62482000000000007E-04
2.18903000000000001E-04
1.63868000000000011E-04
1.70315000000000012E-04
1.69946000000000002E-04
1.59209999999999988E-04
1.59015999999999997E-04
1.58917000000000010E-04
1.58917999999999999E-04
1.58851999999999990E-04
1.59101999999999996E-04
1.78655999999999992E-04
1.58874000000000011E-04
2.53634999999999993E-04
2.09499000000000008E-04
2.04560000000000007E-04
1.98395000000000000E-04
2.91161999999999975E-04
2.12749000000000006E-04
2.10518000000000006E-04
2.12718000000000005E-04
2.46908000000000002E-04
2.21298000000000008E-04
2.05403999999999987E-04
2.07051000000000007E-04
2.09650999999999989E-04
2.26617000000000002E-04
1.64095999999999996E-04
1.78526999999999993E-04
1.59113000000000006E-04
1.58722999999999991E-04
1.59046999999999997E-04
1.58409000000000007E-04
1.58116000000000002E-04
1.58137999999999996E-04
1.58431000000000002E-04
1.59003999999999998E-04
1.58333000000000003E-04
1.58354000000000009E-04
1.58667999999999993E-04
1.58581999999999994E-04
1.69156000000000005E-04
1.95681000000000012E-04
1.58863999999999989E-04
1.58949999999999988E-04
2.03379000000000006E-04
1.95557000000000012E-04
2.08146000000000009E-04
2.06087000000000007E-04
2.07896000000000003E-04
2.09304000000000000E-04
2.30733999999999990E-04
2.06748000000000007E-04
2.07602999999999998E-04
2.06963999999999992E-04
2.12902000000000002E-04
2.35564999999999999E-04
2.11146999999999989E-04
2.10919000000000004E-04
2.05805000000000012E-04
2.06693999999999997E-04
2.05708000000000003E-04
2.29108000000000003E-04
2.04157999999999992E-04
2.39616999999999993E-04
2.09401999999999999E-04
2.05133999999999991E-04
2.04582000000000001E-04
2.30461999999999990E-04
2.06185000000000005E-04
2.08361999999999995E-04
2.00833000000000007E-04
2.26887999999999987E-04
2.06206000000000011E-04
2.06510000000000000E-04
2.13259000000000013E-04
2.06715000000000002E-04
2.07593000000000003E-04
2.06281999999999988E-04
2.09575000000000012E-04
2.07202999999999988E-04
2.10117999999999996E-04
2.63428999999999974E-04
2.11807999999999989E-04
2.09879000000000001E-04
2.17039999999999996E-04
2.10831999999999990E-04
2.11959000000000008E-04
2.08600999999999990E-04
2.11990999999999997E-04
2.11492999999999989E-04
2.10311999999999988E-04
2.34741999999999996E-04
5.88031000000000035E-04
2.11732000000000012E-04
2.11232999999999988E-04
2.09597000000000006E-04
2.12554999999999987E-04
2.10897000000000010E-04
2.47460000000000019E-04
2.07636000000000002E-04
2.07863999999999987E-04
2.30310999999999998E-04
2.08025999999999990E-04
2.07538999999999993E-04
2.08113000000000005E-04
2.07851999999999988E-04
2.23670000000000005E-04
2.07777000000000000E-04
2.07755000000000006E-04
2.07364999999999991E-04
2.07722999999999990E-04
2.47264999999999985E-04
2.08979999999999995E-04
2.19878000000000011E-04
2.11210999999999994E-04
2.08860000000000003E-04
2.10289999999999994E-04
2.49626999999999987E-04
2.14753999999999997E-04
2.10680000000000009E-04
2.36810999999999993E-04
2.11461000000000000E-04
2.15696000000000003E-04
2.11687999999999997E-04
2.11797000000000005E-04
2.10365999999999998E-04
2.09867999999999990E-04
2.10518000000000006E-04
2.14558999999999990E-04
2.09444999999999998E-04
2.32109000000000010E-04
2.12078000000000012E-04
2.10399000000000003E-04
2.33398999999999993E-04
2.11265999999999993E-04
2.48001999999999988E-04
2.09433999999999987E-04
2.13973999999999995E-04
2.14710000000000009E-04
2.12749000000000006E-04
2.40668000000000007E-04
2.32921999999999990E-04
2.16877000000000004E-04
2.10518000000000006E-04
2.12880000000000008E-04
2.12110999999999989E-04
2.09022999999999994E-04
2.11926999999999992E-04
2.14613000000000000E-04
2.09769999999999992E-04
2.30549000000000005E-04
2.11656000000000008E-04
2.19900000000000005E-04
2.45022999999999975E-04
2.10540000000000000E-04
2.10518000000000006E-04
2.12890000000000003E-04
2.12456999999999989E-04
2.11167999999999995E-04
2.10334000000000009E-04
2.38902000000000011E-04
2.14104000000000009E-04
2.15956000000000004E-04
2.11384999999999996E-04
2.12825999999999998E-04
2.08655000000000000E-04
2.11286999999999998E-04
2.13789999999999998E-04
4.33895000000000006E-04
1.81039999999999988E-04
1.67378999999999998E-04
2.31622000000000013E-04
2.21492999999999988E-04
2.15837000000000000E-04
2.17765999999999988E-04
2.17061999999999990E-04
2.17430000000000010E-04
2.22727000000000011E-04
2.38067999999999998E-04
2.07225000000000009E-04
2.07636000000000002E-04
2.23116999999999998E-04
2.07462999999999989E-04
2.13203999999999987E-04
2.07376000000000001E-04
2.07604000000000013E-04
2.19878000000000011E-04
1.59101999999999996E-04
1.58992999999999987E-04
1.58538000000000006E-04
1.77128999999999991E-04
2.20647000000000004E-04
2.09478000000000003E-04
2.13150000000000004E-04
2.09575000000000012E-04
2.11384000000000008E-04
2.11015999999999987E-04
2.14169000000000002E-04
2.11146000000000001E-04
2.39108000000000002E-04
2.12436000000000010E-04
2.12554999999999987E-04
2.12835999999999993E-04
2.11959000000000008E-04
2.12802999999999988E-04
2.08285999999999991E-04
2.24384999999999987E-04
2.06758999999999990E-04
2.05078999999999993E-04
2.41945999999999990E-04
1.58505999999999990E-04
1.58321999999999993E-04
1.57920999999999995E-04
1.57779999999999997E-04
1.58407999999999992E-04
2.16996000000000007E-04
2.06703999999999991E-04
2.07495000000000005E-04
2.32727000000000010E-04
2.10170999999999991E-04
2.07581999999999992E-04
2.20284000000000007E-04
1.87507000000000006E-04
1.58190999999999990E-04
1.58192000000000006E-04
1.60228999999999987E-04
1.60673000000000012E-04
1.58376000000000003E-04
1.60218000000000003E-04
1.87746000000000001E-04
1.58548999999999989E-04
2.01850999999999989E-04
1.77042000000000003E-04
1.58116000000000002E-04
1.57813000000000002E-04
1.58104999999999991E-04
1.58018000000000004E-04
1.57942999999999989E-04
1.57541000000000002E-04
1.71225000000000001E-04
1.58387000000000013E-04
1.58321999999999993E-04
1.57813000000000002E-04
1.57736999999999998E-04
1.57758000000000003E-04
1.75970000000000011E-04
1.58030000000000003E-04
1.58571000000000010E-04
1.58235000000000005E-04
1.58213000000000011E-04
1.58256999999999999E-04
1.58430000000000013E-04
1.58419999999999991E-04
1.57725999999999987E-04
1.57844999999999991E-04
1.96120000000000013E-04
1.58474000000000001E-04
1.58810000000000006E-04
1.95827999999999996E-04
1.87345000000000003E-04
1.98893999999999997E-04
2.20138000000000012E-04
2.13973000000000006E-04
1.94570999999999991E-04
1.82274999999999999E-04
1.87073999999999991E-04
1.74756999999999994E-04
1.58743999999999997E-04
1.62773999999999997E-04
1.75319999999999995E-04
1.92751000000000012E-04
1.58387000000000013E-04
1.58333000000000003E-04
1.58268000000000010E-04
1.57965000000000010E-04
1.58180999999999995E-04
1.58440999999999996E-04
1.58082999999999997E-04
1.77746000000000002E-04
1.58603999999999988E-04
1.58419000000000002E-04
1.96099000000000007E-04
1.84030000000000012E-04
1.76956000000000005E-04
1.57942000000000000E-04
1.57932000000000005E-04
1.58354999999999997E-04
1.58125999999999997E-04
1.57996999999999999E-04
1.58268000000000010E-04
1.57899000000000001E-04
1.58245999999999989E-04
1.58256999999999999E-04
1.58364999999999992E-04
1.74453000000000005E-04
1.58538999999999994E-04
1.76371000000000009E-04
1.58051000000000009E-04
1.58581999999999994E-04
1.58192000000000006E-04
1.58440999999999996E-04
1.58376000000000003E-04
1.99065999999999994E-04
2.05403999999999987E-04
2.06629000000000003E-04
2.05199000000000012E-04
2.05469999999999996E-04
2.06574999999999993E-04
2.57459999999999991E-04
2.34037999999999998E-04
2.11818000000000011E-04
2.17581999999999991E-04
2.11546999999999999E-04
2.11677000000000013E-04
2.11990999999999997E-04
2.17581000000000003E-04
2.53624999999999998E-04
2.07030000000000002E-04
2.12825000000000010E-04
2.09499999999999997E-04
2.34990999999999987E-04
2.11091999999999991E-04
2.07798999999999994E-04
2.09347000000000000E-04
2.09120000000000004E-04
2.31448000000000011E-04
2.07636000000000002E-04
2.10496000000000012E-04
2.08297000000000001E-04
2.13021000000000006E-04
2.08633000000000006E-04
2.12327000000000002E-04
2.08915000000000001E-04
2.09435000000000003E-04
2.11124000000000007E-04
2.40291000000000007E-04
3.18853999999999980E-04
2.08535000000000008E-04
2.19900000000000005E-04
2.09466999999999992E-04
2.04787000000000003E-04
2.14147000000000008E-04
2.11167999999999995E-04
2.11038000000000008E-04
2.46396999999999979E-04
2.21914999999999992E-04
2.13930000000000007E-04
2.08741999999999988E-04
2.13627000000000006E-04
2.06357999999999992E-04
2.06314999999999992E-04
2.07636000000000002E-04
2.46073999999999989E-04
2.36106999999999994E-04
2.12262000000000008E-04
2.10268999999999989E-04
2.11904999999999998E-04
2.23486000000000008E-04
2.44178000000000006E-04
2.11969000000000003E-04
2.11773999999999995E-04
2.09587000000000011E-04
2.10074000000000008E-04
2.38554999999999995E-04
2.12284000000000002E-04
2.14006000000000011E-04
2.35791999999999995E-04
2.16736000000000007E-04
2.46572000000000024E-04
2.16108000000000012E-04
2.30463000000000006E-04
2.34503000000000001E-04
2.18394000000000010E-04
2.49866000000000010E-04
2.56821000000000013E-04
2.39518999999999995E-04
2.20928999999999998E-04
2.44785000000000022E-04
2.21275999999999987E-04
2.14851999999999995E-04
2.37471999999999992E-04
2.23269000000000007E-04
2.75410999999999983E-04
2.17246000000000014E-04
2.17548999999999987E-04
2.17452000000000004E-04
2.18253000000000013E-04
2.50895000000000003E-04
2.18914000000000012E-04
2.42443999999999998E-04
2.18989999999999989E-04
2.94142000000000004E-04
2.20528000000000000E-04
2.18480999999999997E-04
2.45532000000000020E-04
2.19151999999999992E-04
2.44068999999999997E-04
2.20723000000000008E-04
2.39508000000000011E-04
2.25770999999999990E-04
2.19239000000000006E-04
2.37082000000000005E-04
2.18177000000000009E-04
2.36204000000000004E-04
2.18447999999999993E-04
2.46886999999999996E-04
2.19466000000000002E-04
2.19953999999999988E-04
2.18611000000000011E-04
2.34006000000000009E-04
2.54329000000000024E-04
2.21480999999999989E-04
2.37807999999999997E-04
2.20657999999999987E-04
2.20084000000000002E-04
2.55867000000000008E-04
2.19141999999999997E-04
2.19499000000000007E-04
2.23463999999999987E-04
2.18676000000000005E-04
4.25162999999999995E-04
2.38597999999999995E-04
2.28762000000000003E-04
2.42954000000000005E-04
2.21535999999999988E-04
2.59149999999999984E-04
2.41329000000000006E-04
2.19411999999999992E-04
2.38826000000000007E-04
2.19693999999999987E-04
2.34524999999999995E-04
2.16844999999999988E-04
2.34655000000000009E-04
2.25619999999999998E-04
2.23637999999999989E-04
2.19564000000000000E-04
1.58040999999999987E-04
1.58147999999999991E-04
1.76035000000000004E-04
1.58387000000000013E-04
1.58084000000000013E-04
1.58028999999999987E-04
1.86121000000000002E-04
1.58049999999999993E-04
1.58170000000000012E-04
2.19118999999999987E-04
1.59048000000000013E-04
2.11709999999999991E-04
2.09012000000000011E-04
2.07853000000000004E-04
2.35457000000000006E-04
2.07084000000000012E-04
2.08449000000000009E-04
2.29726000000000002E-04
2.09857000000000007E-04
2.09683000000000005E-04
2.32076999999999994E-04
2.10322999999999999E-04
2.65683000000000011E-04
2.09108999999999993E-04
2.31761999999999994E-04
2.11048999999999991E-04
2.31210999999999992E-04
2.40830000000000010E-04
2.07462999999999989E-04
2.32543000000000013E-04
2.05739999999999992E-04
2.23388000000000010E-04
2.12554999999999987E-04
2.10723999999999997E-04
2.28144000000000003E-04
2.10051999999999987E-04
2.36216000000000003E-04
2.13107000000000005E-04
2.14503999999999991E-04
2.31675999999999996E-04
2.11644000000000009E-04
2.29563000000000011E-04
2.25044999999999998E-04
2.31675999999999996E-04
2.20625999999999998E-04
2.29769999999999991E-04
2.45542999999999977E-04
2.10886000000000000E-04
2.22586000000000013E-04
2.06801999999999990E-04
2.15328999999999998E-04
2.30527000000000011E-04
2.09836000000000001E-04
2.11644999999999997E-04
2.13140000000000009E-04
2.13334999999999989E-04
2.51274000000000007E-04
2.12229000000000004E-04
2.32326000000000011E-04
2.08915000000000001E-04
2.10540000000000000E-04
3.79338000000000006E-04
2.33019999999999988E-04
2.18351000000000011E-04
2.32606999999999991E-04
2.39941999999999987E-04
2.08048000000000011E-04
2.30754999999999995E-04
2.04374999999999994E-04
2.08774000000000004E-04
2.32846000000000013E-04
2.07917999999999997E-04
2.06423000000000012E-04
2.11914999999999993E-04
2.10356000000000003E-04
2.36323000000000007E-04
2.09012000000000011E-04
2.37483000000000003E-04
2.09478000000000003E-04
2.10821999999999995E-04
2.32141999999999987E-04
2.25469000000000006E-04
2.33658000000000005E-04
2.11699000000000007E-04
2.11005999999999992E-04
2.22262000000000008E-04
2.30506000000000005E-04
2.47211000000000002E-04
2.16421999999999996E-04
2.11611999999999993E-04
2.03899000000000007E-04
2.04699999999999988E-04
2.60818000000000009E-04
2.03715000000000010E-04
2.30418999999999991E-04
2.05371999999999998E-04
2.05328999999999999E-04
2.26660000000000002E-04
2.06271000000000004E-04
2.39986000000000002E-04
2.06054000000000003E-04
2.06801999999999990E-04
2.06357999999999992E-04
2.07604000000000013E-04
2.44383999999999997E-04
2.08340000000000001E-04
2.09845999999999996E-04
2.35672999999999991E-04
2.30950000000000003E-04
2.37201999999999997E-04
2.08795000000000009E-04
2.10096000000000002E-04
2.28750999999999992E-04
2.09652000000000005E-04
2.33128000000000008E-04
2.08328999999999990E-04
2.09108999999999993E-04
2.71554000000000023E-04
2.09683999999999993E-04
2.10094999999999987E-04
2.10105999999999997E-04
2.09055999999999999E-04
2.41208999999999987E-04
2.11265999999999993E-04
2.38218999999999990E-04
2.10647999999999993E-04
2.33658000000000005E-04
2.11015999999999987E-04
2.16715000000000001E-04
2.35435000000000012E-04
2.12110000000000000E-04
2.30463000000000006E-04
2.13259000000000013E-04
2.12890000000000003E-04
2.46290999999999990E-04
2.25479000000000001E-04
7.77980999999999963E-04
6.57517000000000041E-04
2.14667000000000010E-04
2.16259999999999993E-04
2.40938999999999991E-04
2.25283999999999993E-04
2.24223000000000011E-04
2.20950000000000004E-04
2.24644999999999988E-04
2.19055000000000009E-04
2.19683000000000004E-04
2.16097000000000001E-04
2.41329000000000006E-04
2.20213999999999989E-04
2.42326000000000011E-04
2.17798000000000004E-04
2.35195999999999989E-04
2.18752000000000009E-04
2.22868999999999997E-04
2.19315000000000010E-04
2.18914000000000012E-04
2.21394999999999990E-04
2.20430999999999991E-04
2.16118999999999995E-04
2.42260999999999990E-04
2.40809000000000005E-04
2.20570999999999999E-04
2.26313000000000013E-04
2.22315000000000002E-04
2.21460000000000011E-04
2.32348000000000005E-04
2.20917999999999988E-04
2.19910999999999989E-04
2.39886999999999989E-04
2.20084000000000002E-04
2.19196000000000007E-04
2.18631999999999990E-04
2.25359999999999997E-04
2.20766999999999996E-04
2.22737999999999994E-04
2.39053999999999992E-04
2.19346999999999999E-04
2.14341999999999988E-04
2.32109999999999999E-04
2.09922000000000000E-04
2.18273999999999991E-04
2.19509000000000002E-04
2.23918999999999995E-04
2.27721999999999999E-04
2.19086999999999998E-04
2.23885999999999991E-04
2.15101000000000013E-04
2.14233999999999996E-04
2.35674000000000007E-04
2.20236000000000010E-04
2.19108999999999992E-04
2.22358999999999990E-04
2.18210000000000013E-04
2.20289999999999993E-04
2.17896000000000002E-04
2.18003999999999995E-04
2.17939000000000002E-04
2.61608999999999995E-04
2.20809999999999995E-04
2.20019000000000009E-04
2.29909999999999999E-04
2.24233000000000006E-04
2.19456000000000008E-04
2.19261000000000000E-04
2.16292000000000009E-04
2.20193000000000011E-04
3.92002000000000019E-04
2.08459000000000004E-04
2.11081000000000007E-04
2.13637999999999990E-04
2.18762000000000004E-04
2.09141999999999998E-04
2.12413000000000001E-04
2.12403000000000006E-04
2.32388000000000012E-04
1.95135000000000008E-04
2.11179000000000005E-04
2.69268000000000025E-04
2.42639000000000006E-04
2.28144999999999992E-04
2.10811000000000012E-04
2.12587000000000003E-04
2.35326999999999992E-04
2.18469999999999987E-04
2.12696000000000011E-04
2.12250999999999998E-04
2.13508000000000003E-04
2.12804000000000004E-04
2.13854000000000003E-04
2.11807000000000000E-04
3.58767999999999978E-04
2.10659000000000004E-04
2.21005000000000002E-04
1.84234999999999987E-04
1.58992999999999987E-04
1.58560000000000000E-04
1.69957000000000013E-04
1.58851999999999990E-04
1.58452000000000007E-04
1.58722999999999991E-04
1.78049000000000002E-04
1.59070000000000007E-04
1.58917999999999999E-04
1.58364999999999992E-04
1.57965000000000010E-04
1.58366000000000008E-04
1.58159999999999990E-04
1.58288999999999988E-04
1.72232000000000000E-04
1.57887999999999990E-04
1.57824000000000012E-04
1.57748000000000008E-04
1.57867000000000012E-04
1.58159000000000001E-04
1.75990999999999989E-04
1.57942999999999989E-04
1.57813000000000002E-04
1.58245999999999989E-04
1.63890000000000005E-04
1.57975000000000005E-04
1.58593000000000004E-04
1.65059999999999995E-04
1.58028999999999987E-04
1.58180999999999995E-04
1.58006999999999993E-04
1.58214000000000000E-04
1.58159000000000001E-04
1.75200999999999992E-04
1.58528000000000011E-04
1.58419000000000002E-04
1.58755999999999996E-04
1.58851999999999990E-04
1.58550000000000005E-04
1.58841000000000006E-04
1.58755999999999996E-04
1.58657000000000009E-04
1.58636000000000004E-04
1.58288999999999988E-04
1.58084000000000013E-04
1.58223999999999995E-04
1.58548999999999989E-04
1.76164999999999991E-04
1.58808999999999990E-04
1.58505999999999990E-04
1.58061999999999992E-04
1.58333000000000003E-04
1.89803999999999987E-04
1.57834999999999996E-04
1.57553000000000001E-04
1.71539000000000012E-04
1.59676000000000007E-04
1.58440999999999996E-04
1.58841999999999995E-04
1.58700999999999997E-04
1.75992000000000005E-04
1.58972000000000009E-04
1.58960999999999998E-04
1.58927999999999994E-04
1.58863999999999989E-04
1.57996000000000010E-04
1.58180999999999995E-04
1.58485000000000012E-04
1.82210000000000005E-04
2.14937999999999994E-04
2.17256999999999997E-04
2.12868999999999998E-04
2.40418000000000001E-04
2.12944000000000013E-04
2.41329000000000006E-04
2.19845000000000007E-04
2.48641999999999982E-04
2.10907999999999994E-04
2.13658999999999995E-04
2.15002999999999988E-04
2.16498000000000000E-04
2.18557000000000001E-04
2.55224999999999983E-04
2.07906999999999987E-04
2.07951000000000002E-04
2.07853000000000004E-04
2.07170000000000010E-04
2.07084000000000012E-04
2.29487999999999996E-04
2.08037000000000001E-04
2.30375999999999991E-04
2.52229999999999989E-04
2.74249000000000010E-04
3.46328000000000022E-04
2.77221000000000021E-04
2.08015000000000007E-04
2.95311999999999994E-04
2.79799000000000009E-04
2.08903999999999991E-04
2.29141000000000007E-04
2.07950000000000013E-04
2.08177999999999998E-04
2.07213999999999998E-04
2.08395000000000000E-04
2.07485000000000010E-04
2.07440999999999995E-04
2.07581999999999992E-04
2.08502999999999992E-04
2.08068999999999989E-04
2.41415000000000005E-04
2.27678000000000011E-04
2.07982999999999991E-04
2.08903999999999991E-04
2.09087999999999988E-04
2.05025999999999998E-04
3.42565999999999986E-04
2.15479000000000001E-04
2.15956999999999993E-04
2.43582000000000000E-04
2.15684999999999992E-04
2.14472000000000002E-04
2.11763000000000012E-04
2.16855999999999999E-04
2.28566999999999995E-04
2.08265000000000013E-04
2.16683000000000012E-04
2.14646000000000005E-04
2.30234999999999994E-04
2.17244999999999998E-04
2.15338999999999993E-04
2.14374999999999993E-04
2.16681999999999997E-04
2.24655999999999998E-04
2.41047000000000011E-04
2.18037000000000000E-04
2.19292999999999989E-04
2.18838999999999996E-04
2.17927999999999991E-04
2.20745000000000002E-04
2.17581999999999991E-04
2.19521000000000001E-04
2.13723999999999989E-04
1.84560999999999997E-04
2.25381999999999991E-04
2.38175999999999991E-04
2.40017999999999991E-04
2.08979999999999995E-04
2.07972999999999996E-04
2.08588999999999991E-04
2.03942000000000007E-04
1.96965000000000009E-04
1.60996999999999990E-04
2.05264000000000005E-04
2.52666000000000023E-04
2.09564999999999990E-04
2.08772999999999988E-04
2.08177999999999998E-04
2.08373000000000005E-04
2.08568000000000013E-04
2.47335000000000003E-04
2.15620999999999988E-04
2.15502000000000011E-04
2.14796999999999997E-04
2.44231999999999989E-04
2.11558000000000010E-04
2.15469000000000007E-04
2.53933999999999985E-04
2.09781000000000003E-04
2.08514000000000003E-04
2.08351000000000011E-04
2.07624999999999992E-04
2.08134999999999999E-04
2.08480999999999998E-04
2.07863999999999987E-04
2.29260000000000011E-04
2.36590999999999999E-04
2.04808999999999997E-04
1.80919999999999996E-04
1.73802999999999989E-04
1.59404999999999996E-04
1.58624999999999993E-04
1.60630000000000012E-04
1.59254000000000004E-04
1.90227000000000007E-04
1.74897000000000003E-04
3.23656000000000020E-04
2.06118999999999996E-04
2.05534999999999990E-04
2.06758000000000001E-04
2.09304999999999989E-04
2.06617000000000004E-04
2.11167999999999995E-04
2.04939000000000011E-04
1.96693999999999998E-04
1.81125999999999987E-04
1.58896000000000005E-04
1.71680000000000010E-04
1.58104999999999991E-04
1.58116000000000002E-04
1.58354999999999997E-04
1.58245999999999989E-04
1.58039999999999998E-04
1.58646999999999987E-04
1.58214000000000000E-04
1.69609999999999997E-04
1.58939000000000004E-04
1.58636000000000004E-04
1.76565999999999990E-04
1.58419999999999991E-04
1.72415999999999997E-04
1.58452000000000007E-04
1.58440999999999996E-04
1.58614000000000010E-04
1.58192000000000006E-04
1.58495999999999995E-04
1.58376000000000003E-04
1.58104999999999991E-04
1.58776000000000013E-04
1.58505999999999990E-04
1.58440999999999996E-04
1.58462999999999990E-04
1.75959000000000000E-04
1.58603999999999988E-04
1.58798999999999995E-04
1.58387000000000013E-04
1.73022999999999986E-04
1.80867000000000002E-04
2.03964000000000001E-04
1.60585999999999997E-04
1.79783000000000010E-04
1.58949999999999988E-04
1.63262000000000010E-04
1.58483999999999996E-04
1.79555999999999986E-04
1.58798999999999995E-04
3.27853999999999982E-04
2.12673999999999990E-04
2.67622000000000020E-04
3.49392999999999980E-04
5.81665999999999997E-04
2.41401999999999990E-04
1.59048000000000013E-04
1.74940000000000002E-04
1.82069000000000008E-04
1.58039999999999998E-04
1.89425000000000010E-04
1.79036000000000012E-04
2.42503999999999994E-04
1.97485000000000011E-04
2.12458000000000004E-04
2.00465000000000013E-04
1.71496000000000013E-04
1.58841999999999995E-04
1.58419000000000002E-04
1.58028999999999987E-04
1.58051000000000009E-04
1.57975000000000005E-04
1.78645999999999997E-04
1.58745000000000012E-04
1.58354000000000009E-04
1.58256999999999999E-04
1.58376000000000003E-04
1.58581999999999994E-04
1.58321999999999993E-04
1.58061999999999992E-04
1.58364999999999992E-04
1.63900999999999988E-04
1.69860000000000003E-04
1.71105999999999998E-04
1.58624999999999993E-04
2.04028999999999994E-04
1.58430000000000013E-04
1.58061999999999992E-04
1.58040999999999987E-04
1.58343999999999987E-04
1.58299999999999999E-04
1.58127000000000013E-04
1.57996999999999999E-04
1.58342999999999998E-04
1.58071999999999987E-04
1.79285000000000002E-04
2.02348999999999997E-04
1.99098999999999999E-04
2.06813000000000000E-04
1.58939999999999993E-04
1.58949999999999988E-04
1.59015000000000008E-04
1.58430000000000013E-04
1.58624999999999993E-04
1.59091000000000012E-04
1.58755999999999996E-04
1.58863999999999989E-04
1.58722999999999991E-04
1.58419000000000002E-04
2.02436000000000011E-04
1.58409000000000007E-04
1.76457000000000008E-04
1.58192000000000006E-04
1.57899000000000001E-04
1.58679999999999992E-04
1.58299999999999999E-04
1.58082999999999997E-04
1.57932000000000005E-04
1.58159999999999990E-04
1.57996000000000010E-04
1.58040999999999987E-04
1.58192000000000006E-04
1.58473000000000012E-04
1.57953999999999999E-04
1.75622999999999995E-04
1.58256999999999999E-04
1.58159000000000001E-04
1.80964000000000011E-04
1.72145000000000013E-04
1.58851999999999990E-04
1.58657000000000009E-04
1.58679000000000003E-04
1.58689999999999987E-04
1.86576000000000011E-04
1.58689999999999987E-04
1.58528000000000011E-04
1.73229000000000005E-04
1.76608999999999989E-04
1.58820000000000001E-04
1.58669000000000008E-04
1.58614999999999998E-04
1.58407999999999992E-04
1.58419000000000002E-04
1.58419000000000002E-04
1.58669000000000008E-04
4.71823999999999974E-04
2.11069999999999997E-04
2.11275999999999988E-04
2.12663000000000007E-04
2.04679000000000010E-04
1.97008999999999997E-04
1.97409000000000007E-04
2.63673000000000022E-04
2.10377000000000009E-04
2.00833000000000007E-04
2.00854000000000012E-04
2.20160000000000006E-04
2.01492999999999990E-04
2.01298000000000010E-04
2.00886999999999989E-04
2.01179999999999995E-04
1.66219000000000002E-04
1.76457000000000008E-04
1.59015000000000008E-04
1.58364999999999992E-04
1.63272999999999993E-04
1.66403999999999988E-04
1.76522000000000002E-04
1.60445000000000000E-04
1.58636000000000004E-04
1.73381000000000013E-04
1.58127000000000013E-04
1.58180999999999995E-04
1.57963999999999994E-04
1.57920999999999995E-04
1.76262999999999989E-04
2.01472000000000012E-04
1.58235000000000005E-04
1.58149000000000007E-04
1.94257000000000007E-04
1.98580000000000013E-04
1.98146000000000010E-04
1.75861999999999991E-04
1.59784000000000000E-04
1.69502000000000004E-04
1.58376000000000003E-04
1.58018999999999993E-04
1.78655999999999992E-04
1.58755000000000007E-04
1.58235000000000005E-04
1.58116999999999991E-04
1.58387000000000013E-04
1.58354000000000009E-04
1.58028999999999987E-04
1.57650000000000010E-04
1.58125999999999997E-04
1.58073000000000003E-04
1.62818000000000012E-04
1.58288999999999988E-04
1.84603999999999996E-04
1.61399000000000004E-04
1.76533000000000012E-04
1.58485000000000012E-04
1.58462999999999990E-04
1.78137000000000006E-04
1.58245999999999989E-04
1.58039999999999998E-04
1.58223999999999995E-04
1.57791000000000008E-04
1.58560000000000000E-04
1.58040999999999987E-04
1.60456000000000010E-04
1.74388000000000012E-04
1.69046999999999996E-04
1.77042000000000003E-04
1.58581999999999994E-04
1.58700999999999997E-04
1.58657000000000009E-04
1.59091000000000012E-04
1.58886000000000010E-04
1.58235000000000005E-04
1.58266999999999994E-04
1.58235000000000005E-04
1.58061999999999992E-04
1.84875000000000008E-04
1.58235000000000005E-04
1.58039999999999998E-04
1.75818000000000003E-04
1.58538000000000006E-04
1.57942999999999989E-04
1.58116000000000002E-04
1.57856000000000001E-04
1.57920999999999995E-04
1.57963999999999994E-04
1.57911000000000000E-04
1.57963999999999994E-04
1.57779999999999997E-04
1.58159000000000001E-04
1.58366000000000008E-04
1.71778000000000008E-04
1.58170000000000012E-04
7.06972000000000047E-04
2.09564999999999990E-04
2.12532999999999993E-04
3.33588000000000005E-04
2.09943999999999994E-04
2.27764999999999999E-04
2.11535999999999989E-04
2.21795999999999989E-04
1.91148000000000007E-04
1.90464999999999987E-04
1.96650999999999998E-04
1.99273000000000001E-04
1.92609999999999987E-04
1.92350000000000013E-04
1.91733000000000002E-04
1.92122999999999990E-04
1.91169000000000012E-04
1.91928000000000010E-04
2.14558999999999990E-04
1.90096000000000004E-04
1.96173999999999996E-04
1.66479000000000003E-04
1.66469000000000008E-04
1.89750000000000004E-04
1.70953999999999990E-04
2.14364000000000010E-04
1.87237000000000010E-04
1.81332999999999993E-04
1.94331999999999995E-04
2.28046999999999994E-04
2.06065000000000013E-04
2.05403999999999987E-04
2.07407999999999990E-04
2.07180999999999994E-04
2.06607000000000009E-04
2.05102000000000002E-04
2.06650999999999997E-04
2.06120000000000012E-04
1.91678000000000004E-04
1.80423000000000004E-04
1.90389000000000010E-04
1.61972999999999989E-04
1.64475000000000000E-04
2.11157000000000011E-04
1.70227999999999997E-04
1.62124000000000008E-04
1.94386000000000005E-04
2.11103000000000001E-04
2.13019999999999990E-04
2.14526000000000012E-04
1.58853000000000005E-04
1.58972000000000009E-04
1.79253000000000013E-04
1.90638000000000000E-04
1.59177000000000011E-04
1.67758000000000002E-04
2.07018999999999991E-04
2.07397999999999995E-04
2.07147999999999989E-04
2.06185000000000005E-04
2.05675999999999987E-04
2.05362000000000003E-04
2.04992999999999994E-04
2.26951999999999991E-04
2.24546999999999990E-04
1.70953999999999990E-04
1.59048000000000013E-04
1.58602999999999999E-04
1.58407999999999992E-04
1.62818000000000012E-04
1.66436000000000004E-04
1.66240999999999996E-04
1.75947999999999990E-04
1.77767999999999996E-04
1.62503000000000013E-04
1.77648999999999993E-04
1.67410999999999987E-04
1.61886000000000001E-04
1.61821000000000008E-04
1.60996999999999990E-04
1.74171999999999999E-04
1.63055999999999992E-04
1.58495000000000006E-04
1.58440999999999996E-04
1.64389000000000001E-04
1.58624999999999993E-04
7.17317999999999992E-04
1.67020999999999999E-04
4.98507000000000030E-04
1.59003999999999998E-04
1.58256999999999999E-04
1.85784999999999997E-04
2.08449000000000009E-04
2.12088999999999995E-04
2.35056000000000007E-04
2.11222000000000005E-04
2.12956000000000012E-04
2.12706000000000006E-04
2.13713999999999994E-04
2.07149000000000005E-04
2.00778000000000008E-04
1.64019999999999992E-04
1.61929999999999990E-04
1.73250000000000010E-04
1.83217999999999993E-04
1.93997000000000006E-04
1.85763000000000003E-04
1.65135999999999999E-04
1.61506999999999997E-04
1.58278999999999993E-04
1.63739000000000012E-04
1.58214000000000000E-04
1.58202999999999989E-04
1.57813000000000002E-04
1.57801999999999991E-04
1.57975000000000005E-04
1.57758999999999992E-04
1.61236000000000013E-04
1.61041000000000005E-04
1.82057999999999997E-04
1.58538000000000006E-04
1.61571999999999991E-04
1.58485000000000012E-04
1.58755000000000007E-04
1.58765999999999991E-04
1.58538999999999994E-04
1.61072999999999994E-04
1.63966000000000009E-04
2.14775999999999991E-04
1.78982000000000002E-04
1.58960999999999998E-04
1.74799000000000005E-04
1.61160999999999997E-04
1.57703999999999993E-04
1.57617999999999994E-04
1.57942999999999989E-04
1.57920999999999995E-04
1.68786999999999995E-04
1.70401999999999999E-04
2.06097999999999991E-04
2.23312000000000006E-04
2.16281999999999987E-04
1.98480999999999999E-04
2.38297999999999987E-04
2.05729000000000008E-04
2.04472999999999992E-04
2.03942000000000007E-04
2.22045000000000006E-04
2.04007000000000000E-04
2.41394000000000000E-04
2.04441000000000003E-04
2.04701000000000004E-04
2.26065000000000012E-04
2.06650999999999997E-04
2.06824000000000011E-04
2.30224000000000010E-04
2.51740000000000026E-04
2.10766999999999996E-04
2.10096000000000002E-04
2.11005999999999992E-04
1.97485000000000011E-04
2.14710000000000009E-04
2.31415999999999995E-04
2.03389999999999989E-04
2.09163999999999992E-04
4.22393000000000020E-04
2.50039000000000023E-04
2.11427999999999996E-04
2.12055999999999990E-04
2.63374999999999991E-04
2.11017000000000003E-04
2.26226999999999987E-04
3.65557999999999985E-04
2.29964000000000009E-04
2.09108999999999993E-04
2.32933000000000001E-04
2.09315000000000011E-04
2.08762999999999993E-04
2.08340000000000001E-04
2.07853000000000004E-04
2.07939000000000003E-04
2.08502999999999992E-04
1.79631999999999990E-04
1.77052999999999987E-04
1.66457999999999998E-04
1.58256999999999999E-04
1.58343999999999987E-04
1.58366000000000008E-04
1.57812000000000013E-04
1.57770000000000002E-04
1.58300999999999988E-04
1.57736999999999998E-04
1.58040999999999987E-04
1.58006999999999993E-04
1.57889000000000006E-04
1.57779999999999997E-04
1.57822999999999996E-04
1.90833999999999996E-04
1.58299999999999999E-04
1.58636000000000004E-04
1.58636000000000004E-04
1.58364999999999992E-04
1.58593000000000004E-04
1.59003999999999998E-04
2.20885999999999999E-04
2.07266999999999993E-04
2.22174999999999993E-04
2.44654999999999981E-04
2.23551000000000001E-04
2.07149000000000005E-04
2.17137000000000005E-04
2.10160000000000007E-04
2.02122000000000000E-04
1.58452000000000007E-04
1.58505999999999990E-04
1.61117000000000009E-04
1.58722999999999991E-04
1.58387000000000013E-04
1.58560000000000000E-04
1.90215999999999996E-04
1.58116000000000002E-04
1.58094000000000008E-04
1.58245999999999989E-04
1.57985999999999988E-04
1.57910000000000011E-04
1.58137999999999996E-04
1.57889000000000006E-04
1.58311000000000009E-04
1.58256999999999999E-04
1.58051000000000009E-04
2.04841000000000013E-04
1.59187999999999994E-04
1.58192000000000006E-04
1.58364999999999992E-04
1.58495000000000006E-04
1.58538000000000006E-04
1.58235000000000005E-04
1.58430000000000013E-04
1.58223999999999995E-04
1.57596000000000000E-04
1.58180999999999995E-04
1.58311000000000009E-04
1.58104999999999991E-04
1.57887999999999990E-04
1.75450000000000009E-04
1.58387000000000013E-04
1.57660999999999994E-04
1.85892999999999990E-04
1.99587000000000012E-04
2.11265999999999993E-04
1.97886000000000009E-04
1.93790999999999988E-04
1.58311000000000009E-04
1.58722999999999991E-04
1.70986999999999994E-04
1.58667999999999993E-04
1.77247999999999994E-04
1.59232000000000010E-04
1.58765999999999991E-04
1.58939999999999993E-04
1.77335000000000009E-04
1.58886000000000010E-04
1.58755000000000007E-04
1.91623999999999994E-04
1.94093999999999989E-04
1.58419000000000002E-04
1.57856000000000001E-04
1.57824000000000012E-04
1.57812000000000013E-04
1.89652999999999995E-04
1.66901999999999995E-04
1.65071999999999994E-04
1.58831000000000011E-04
1.58755000000000007E-04
1.58906999999999988E-04
1.58581000000000005E-04
1.59156000000000006E-04
1.58343999999999987E-04
1.94484000000000003E-04
1.58495999999999995E-04
1.78113999999999996E-04
1.58505999999999990E-04
1.76956000000000005E-04
1.58786999999999996E-04
1.58691000000000002E-04
1.72026999999999998E-04
1.61528000000000003E-04
1.61301000000000006E-04
1.58517000000000000E-04
1.58030000000000003E-04
1.58170000000000012E-04
1.67908999999999994E-04
2.00432000000000008E-04
1.71657999999999989E-04
1.59070000000000007E-04
1.77930999999999988E-04
1.58473000000000012E-04
1.58700999999999997E-04
1.58517000000000000E-04
1.58646999999999987E-04
1.58354000000000009E-04
1.58853000000000005E-04
1.89153999999999999E-04
1.58636000000000004E-04
1.58495000000000006E-04
1.70401999999999999E-04
1.82102000000000013E-04
1.58354999999999997E-04
1.77149999999999996E-04
1.58896000000000005E-04
1.58452000000000007E-04
1.72124000000000007E-04
1.58831000000000011E-04
1.58333000000000003E-04
1.58299999999999999E-04
1.58462000000000002E-04
1.58235999999999994E-04
1.58106000000000007E-04
1.58485000000000012E-04
1.58213000000000011E-04
1.58431000000000002E-04
1.75732000000000004E-04
1.58538999999999994E-04
1.58863999999999989E-04
1.58929000000000009E-04
1.58896000000000005E-04
1.72026999999999998E-04
1.77605999999999993E-04
1.58495000000000006E-04
1.58745000000000012E-04
1.58593000000000004E-04
1.58581999999999994E-04
1.58485000000000012E-04
1.58516000000000012E-04
1.58440999999999996E-04
1.76987999999999993E-04
1.58669000000000008E-04
1.85784999999999997E-04
2.00463999999999997E-04
1.59091000000000012E-04
1.58354000000000009E-04
1.58689999999999987E-04
1.58548999999999989E-04
1.73348000000000008E-04
1.58700999999999997E-04
1.58376000000000003E-04
1.58700999999999997E-04
1.58278999999999993E-04
1.76500000000000008E-04
1.58528000000000011E-04
1.58538000000000006E-04
2.01353000000000008E-04
1.58354000000000009E-04
1.58657999999999998E-04
1.58483999999999996E-04
1.58223999999999995E-04
1.58343999999999987E-04
1.58343999999999987E-04
1.58591999999999989E-04
1.58624999999999993E-04
1.58636000000000004E-04
1.76577000000000000E-04
1.76836000000000012E-04
1.58712000000000008E-04
1.58331999999999988E-04
1.86197000000000006E-04
2.15631999999999998E-04
2.24665999999999993E-04
2.00215000000000007E-04
2.08850000000000008E-04
1.80335999999999989E-04
1.70216999999999987E-04
1.60478000000000004E-04
2.13768000000000004E-04
1.95837999999999991E-04
1.58743999999999997E-04
1.58820000000000001E-04
1.58927999999999994E-04
1.58700999999999997E-04
1.58884999999999994E-04
1.58636000000000004E-04
2.00800000000000002E-04
1.59936000000000008E-04
1.58581000000000005E-04
1.58689999999999987E-04
1.77736000000000007E-04
1.59101999999999996E-04
1.58603999999999988E-04
1.58602999999999999E-04
1.58765999999999991E-04
1.58593000000000004E-04
1.58700999999999997E-04
1.58994000000000003E-04
1.58667999999999993E-04
1.64269999999999998E-04
1.59426999999999990E-04
1.73770000000000012E-04
1.90184000000000007E-04
1.69686000000000001E-04
1.76631000000000010E-04
1.57650000000000010E-04
1.57996999999999999E-04
1.57963999999999994E-04
1.57963999999999994E-04
1.58051000000000009E-04
1.58192000000000006E-04
1.77194000000000011E-04
1.58125999999999997E-04
1.57746999999999992E-04
1.58073000000000003E-04
1.58018000000000004E-04
1.58149000000000007E-04
1.75622999999999995E-04
1.58516000000000012E-04
1.58354000000000009E-04
1.57985999999999988E-04
1.58235000000000005E-04
1.58225000000000011E-04
1.58331999999999988E-04
1.57889000000000006E-04
1.57899000000000001E-04
1.57693999999999998E-04
1.92945999999999992E-04
1.58407999999999992E-04
1.58311000000000009E-04
1.76121999999999992E-04
1.62721000000000003E-04
2.11189999999999989E-04
2.07939000000000003E-04
2.08752000000000010E-04
2.10225000000000001E-04
2.15794000000000001E-04
2.14224000000000001E-04
2.07962000000000012E-04
2.06770000000000001E-04
2.12456999999999989E-04
1.84646999999999996E-04
1.58777000000000001E-04
1.58614999999999998E-04
1.57985999999999988E-04
1.58051000000000009E-04
1.58051000000000009E-04
1.58104999999999991E-04
1.58159000000000001E-04
1.96293999999999988E-04
1.58929000000000009E-04
1.58853000000000005E-04
1.58667999999999993E-04
1.58440999999999996E-04
1.76923000000000000E-04
1.58949999999999988E-04
1.58972000000000009E-04
1.58073000000000003E-04
1.58397000000000008E-04
1.77042999999999992E-04
1.58452000000000007E-04
1.58560000000000000E-04
1.58528000000000011E-04
1.58841999999999995E-04
1.58483999999999996E-04
1.58495000000000006E-04
1.58733000000000013E-04
1.58550000000000005E-04
1.76391999999999988E-04
3.98795000000000020E-04
2.01666999999999992E-04
2.34839999999999994E-04
2.14775999999999991E-04
2.17765999999999988E-04
2.14180000000000013E-04
2.20191999999999995E-04
2.39334999999999998E-04
2.19607000000000000E-04
2.12131999999999994E-04
2.12565999999999997E-04
2.16519999999999994E-04
2.13019999999999990E-04
2.08177000000000009E-04
2.08395000000000000E-04
2.15133000000000002E-04
2.15121999999999991E-04
2.32391000000000005E-04
2.13952000000000001E-04
2.06562999999999994E-04
2.20008999999999987E-04
2.10062999999999998E-04
2.10843000000000000E-04
2.14081999999999988E-04
2.10387999999999992E-04
2.09022999999999994E-04
2.13832999999999997E-04
2.13236999999999991E-04
2.26562000000000004E-04
2.14851000000000007E-04
2.13498000000000008E-04
2.12642000000000001E-04
2.15512000000000006E-04
2.09390999999999988E-04
2.09206999999999991E-04
2.09922000000000000E-04
2.11807000000000000E-04
2.51079000000000027E-04
2.20236000000000010E-04
2.25772000000000006E-04
2.13377999999999989E-04
2.12728000000000000E-04
2.15447000000000013E-04
2.03713999999999995E-04
2.14364000000000010E-04
2.14710999999999998E-04
2.07256999999999998E-04
2.29184000000000007E-04
2.17982000000000001E-04
2.11060000000000002E-04
2.12241000000000003E-04
2.12403000000000006E-04
2.15502000000000011E-04
2.14266000000000012E-04
2.18762000000000004E-04
2.16357000000000002E-04
2.08144999999999993E-04
2.44286000000000026E-04
2.21134999999999989E-04
2.14656999999999988E-04
2.09218000000000002E-04
2.08459999999999993E-04
2.06021999999999987E-04
2.10430999999999992E-04
2.11687999999999997E-04
2.10236000000000011E-04
2.10669999999999987E-04
2.09597000000000006E-04
2.38284000000000011E-04
2.64241999999999982E-04
2.37655999999999989E-04
2.15794000000000001E-04
2.16140999999999989E-04
2.07733000000000012E-04
2.06672000000000003E-04
2.19607999999999989E-04
4.04141000000000005E-04
6.46293000000000041E-04
1.98590000000000008E-04
1.98524999999999987E-04
2.06276000000000002E-04
2.02522999999999999E-04
1.79187000000000004E-04
1.79068000000000001E-04
1.70173999999999987E-04
1.58700999999999997E-04
1.97073999999999991E-04
2.10399000000000003E-04
2.12262000000000008E-04
2.11525000000000005E-04
2.10571999999999989E-04
2.13226000000000008E-04
2.44395000000000007E-04
2.31730000000000006E-04
2.12446000000000005E-04
2.12284000000000002E-04
2.10594000000000010E-04
2.06488000000000006E-04
2.13682000000000005E-04
2.12554999999999987E-04
2.10051999999999987E-04
2.17147999999999988E-04
2.07657999999999996E-04
2.30658000000000013E-04
2.24872000000000011E-04
2.13095999999999994E-04
2.00824000000000000E-04
1.58743999999999997E-04
1.58831000000000011E-04
1.58820000000000001E-04
1.58917000000000010E-04
1.59178000000000000E-04
2.01103999999999991E-04
1.58679000000000003E-04
1.78418000000000012E-04
1.89089000000000005E-04
2.17452000000000004E-04
2.11079000000000003E-04
1.91363999999999993E-04
1.98731000000000005E-04
1.97767000000000006E-04
1.63727000000000013E-04
1.75980000000000006E-04
1.59048000000000013E-04
1.91429000000000013E-04
1.59015999999999997E-04
1.64301999999999986E-04
1.62979999999999988E-04
1.58917999999999999E-04
1.58841000000000006E-04
1.58581999999999994E-04
1.67085999999999992E-04
1.58765999999999991E-04
1.58657999999999998E-04
1.58462999999999990E-04
1.99077000000000005E-04
1.67953000000000010E-04
1.76543999999999996E-04
1.58669000000000008E-04
1.60877999999999987E-04
1.65505000000000009E-04
1.65656000000000001E-04
1.72351000000000004E-04
1.68927999999999993E-04
1.58266999999999994E-04
1.76543999999999996E-04
1.69414999999999990E-04
1.59046999999999997E-04
1.58419000000000002E-04
1.97962000000000013E-04
2.10182000000000001E-04
2.08957000000000012E-04
2.05338999999999994E-04
2.06443999999999991E-04
2.05056999999999999E-04
2.06423000000000012E-04
2.07354000000000007E-04
2.28697000000000009E-04
2.16228000000000004E-04
2.12467999999999999E-04
2.31675999999999996E-04
2.07301000000000013E-04
2.08308000000000012E-04
2.06932000000000004E-04
2.27970999999999990E-04
2.17452000000000004E-04
2.04061000000000010E-04
2.07127000000000011E-04
2.13367000000000005E-04
2.77458000000000012E-04
2.72930000000000004E-04
1.69447999999999994E-04
1.79783000000000010E-04
2.10768000000000012E-04
2.18079999999999999E-04
2.19585999999999995E-04
2.13345000000000011E-04
2.16022000000000013E-04
2.16726000000000012E-04
2.17299999999999996E-04
2.53472999999999990E-04
2.11558000000000010E-04
2.11417000000000012E-04
2.09867999999999990E-04
2.68245000000000018E-04
2.16574000000000004E-04
2.17526999999999993E-04
2.18263999999999996E-04
2.17853000000000003E-04
2.17516999999999998E-04
2.17376000000000000E-04
2.18523999999999997E-04
2.04462000000000009E-04
1.70487999999999998E-04
1.58311000000000009E-04
1.58159999999999990E-04
1.71690000000000005E-04
1.58342999999999998E-04
1.58225000000000011E-04
1.57791000000000008E-04
1.58213000000000011E-04
1.58560000000000000E-04
1.58084000000000013E-04
1.57963999999999994E-04
1.58170000000000012E-04
1.75612000000000012E-04
1.58106000000000007E-04
1.58192000000000006E-04
1.58018000000000004E-04
1.58225000000000011E-04
1.57953000000000010E-04
1.57942999999999989E-04
1.57844999999999991E-04
1.58192000000000006E-04
1.58235000000000005E-04
1.57932000000000005E-04
1.57975000000000005E-04
1.57996999999999999E-04
1.89079000000000010E-04
1.95650000000000012E-04
1.58777000000000001E-04
1.57770000000000002E-04
1.58082999999999997E-04
1.57985999999999988E-04
1.58008000000000009E-04
1.57791000000000008E-04
1.63900999999999988E-04
1.71702000000000004E-04
1.68559999999999999E-04
1.58538000000000006E-04
1.78700000000000007E-04
1.58290000000000004E-04
1.58180999999999995E-04
1.58180999999999995E-04
1.77366999999999998E-04
1.58321999999999993E-04
1.57942999999999989E-04
1.57911000000000000E-04
1.57942000000000000E-04
1.57920999999999995E-04
1.57748000000000008E-04
1.57748000000000008E-04
1.88244000000000009E-04
1.75276000000000007E-04
1.71602999999999990E-04
1.58180999999999995E-04
1.58321999999999993E-04
1.57911000000000000E-04
1.58364999999999992E-04
1.58342999999999998E-04
1.58268000000000010E-04
1.58082999999999997E-04
1.57791000000000008E-04
1.58116000000000002E-04
1.57867000000000012E-04
1.57932000000000005E-04
1.58311000000000009E-04
1.76131999999999987E-04
1.58972000000000009E-04
1.58614999999999998E-04
1.58689999999999987E-04
1.95014999999999989E-04
2.17158999999999999E-04
2.60120000000000024E-04
2.04050000000000000E-04
2.54804999999999984E-04
2.16476999999999994E-04
2.14503999999999991E-04
2.20528000000000000E-04
1.70769999999999993E-04
2.05457999999999997E-04
1.81754999999999997E-04
1.87345000000000003E-04
2.06650000000000009E-04
2.32510000000000008E-04
2.09087999999999988E-04
2.11732000000000012E-04
2.07691000000000001E-04
2.08123999999999988E-04
2.00377999999999998E-04
1.99488999999999987E-04
1.98092000000000000E-04
2.19022000000000005E-04
1.99468000000000009E-04
2.11157000000000011E-04
2.02794000000000010E-04
2.01754000000000007E-04
2.00876000000000006E-04
2.00389000000000009E-04
2.00129000000000008E-04
2.03291999999999991E-04
2.01613000000000009E-04
2.00680999999999998E-04
2.22370000000000000E-04
2.02262999999999998E-04
1.94429999999999993E-04
1.58321999999999993E-04
1.58190999999999990E-04
1.58299999999999999E-04
1.58581999999999994E-04
1.58603999999999988E-04
1.58452000000000007E-04
1.58841999999999995E-04
1.72773999999999996E-04
1.58560000000000000E-04
1.58288999999999988E-04
2.05784000000000007E-04
1.58094000000000008E-04
1.58223999999999995E-04
1.77562000000000005E-04
1.58581999999999994E-04
1.58657999999999998E-04
1.97182000000000010E-04
2.00432000000000008E-04
1.75763999999999993E-04
1.58061999999999992E-04
1.58333000000000003E-04
1.58202999999999989E-04
1.77595000000000010E-04
1.58084000000000013E-04
1.58311000000000009E-04
1.76447000000000013E-04
1.74908000000000013E-04
1.98428000000000005E-04
1.98297999999999991E-04
1.94181000000000003E-04
1.58333000000000003E-04
1.58278999999999993E-04
1.58689999999999987E-04
1.66295000000000006E-04
1.58171000000000001E-04
1.76402999999999998E-04
1.57985999999999988E-04
1.57791000000000008E-04
1.57736000000000009E-04
1.57867000000000012E-04
1.57996999999999999E-04
1.71506000000000008E-04
1.58528000000000011E-04
1.57910000000000011E-04
1.58094000000000008E-04
1.58245999999999989E-04
1.58223999999999995E-04
1.58061999999999992E-04
1.75698999999999999E-04
1.58786999999999996E-04
1.58452000000000007E-04
1.58137000000000007E-04
1.57889000000000006E-04
1.58147999999999991E-04
1.57942999999999989E-04
2.16312999999999987E-04
2.15230000000000011E-04
2.54047999999999991E-04
2.15176999999999990E-04
2.13670000000000006E-04
2.25083999999999988E-04
1.97409000000000007E-04
1.66414999999999998E-04
1.59306999999999998E-04
2.03107999999999994E-04
2.10528999999999990E-04
2.02554999999999988E-04
2.21871000000000004E-04
1.59306999999999998E-04
1.58810000000000006E-04
1.58560999999999988E-04
1.58548999999999989E-04
1.59101999999999996E-04
1.72232000000000000E-04
1.58299999999999999E-04
1.58040999999999987E-04
1.58223999999999995E-04
1.76705999999999998E-04
1.58538000000000006E-04
1.80032000000000000E-04
1.58495000000000006E-04
1.58039999999999998E-04
1.57942000000000000E-04
1.58299999999999999E-04
1.58452000000000007E-04
1.58256000000000011E-04
1.58214000000000000E-04
1.58245999999999989E-04
1.58061000000000003E-04
1.58171000000000001E-04
1.76479000000000002E-04
1.58116000000000002E-04
1.57748000000000008E-04
1.58311000000000009E-04
1.58223999999999995E-04
1.57812000000000013E-04
1.57984999999999999E-04
1.58290000000000004E-04
1.58159000000000001E-04
1.57705000000000009E-04
1.58071999999999987E-04
1.73553999999999999E-04
1.63370000000000003E-04
1.59080000000000002E-04
2.02294999999999987E-04
1.58808999999999990E-04
1.70390999999999989E-04
1.77767999999999996E-04
1.59741000000000001E-04
1.58474000000000001E-04
1.58137999999999996E-04
1.57660999999999994E-04
1.58018999999999993E-04
1.58116000000000002E-04
1.60683000000000006E-04
1.91559999999999989E-04
1.61723999999999999E-04
1.76002999999999988E-04
1.58268000000000010E-04
1.58192000000000006E-04
1.58082999999999997E-04
1.77411000000000013E-04
1.58581999999999994E-04
1.57930999999999989E-04
1.57867000000000012E-04
1.57996999999999999E-04
1.58170000000000012E-04
1.58192000000000006E-04
1.66350000000000005E-04
1.58202999999999989E-04
1.74961999999999996E-04
1.58266999999999994E-04
1.58376000000000003E-04
1.58342999999999998E-04
1.58214000000000000E-04
1.58159999999999990E-04
1.58180999999999995E-04
1.58266999999999994E-04
1.57736999999999998E-04
1.57629000000000005E-04
1.57932000000000005E-04
1.57996000000000010E-04
1.58051000000000009E-04
1.87073999999999991E-04
1.58084000000000013E-04
1.58061999999999992E-04
1.57953000000000010E-04
1.74973000000000007E-04
1.58171000000000001E-04
1.57910000000000011E-04
1.57975000000000005E-04
1.58213000000000011E-04
1.58354999999999997E-04
1.65785999999999988E-04
1.58473000000000012E-04
4.73135000000000016E-04
2.21253999999999993E-04
2.21079999999999991E-04
2.20907000000000004E-04
2.17526999999999993E-04
9.06229000000000041E-04
2.38301000000000008E-04
2.10647999999999993E-04
2.11081000000000007E-04
2.11038000000000008E-04
2.12305000000000008E-04
2.11017000000000003E-04
2.23615999999999995E-04
1.58884999999999994E-04
1.77963999999999992E-04
1.58419000000000002E-04
1.95503000000000002E-04
2.33159999999999997E-04
2.14439999999999987E-04
2.15381999999999992E-04
2.13420999999999988E-04
2.15133000000000002E-04
2.14830000000000001E-04
2.12673000000000002E-04
2.03692999999999989E-04
2.28187000000000002E-04
1.89587000000000013E-04
1.97106000000000006E-04
1.95307999999999994E-04
1.96856999999999989E-04
1.73694999999999996E-04
1.58939999999999993E-04
1.78536999999999988E-04
1.58808999999999990E-04
1.57975999999999993E-04
1.84918999999999996E-04
2.34935999999999988E-04
2.14038999999999988E-04
2.09835000000000013E-04
2.09423999999999993E-04
2.15631999999999998E-04
2.16443999999999990E-04
2.15273999999999999E-04
2.15371000000000009E-04
2.20496000000000011E-04
2.37234000000000013E-04
2.37731999999999993E-04
2.10561000000000006E-04
2.26714000000000012E-04
2.03000000000000001E-04
2.24851000000000006E-04
2.18230999999999991E-04
2.02045999999999996E-04
2.02305999999999997E-04
2.13832999999999997E-04
2.19595999999999989E-04
2.38404000000000003E-04
2.14970000000000010E-04
2.16562999999999993E-04
2.12511999999999987E-04
2.14884000000000011E-04
2.12295000000000013E-04
2.10442000000000002E-04
2.12229999999999992E-04
1.95405000000000004E-04
1.68948999999999998E-04
1.63207000000000011E-04
1.78158000000000011E-04
1.58755000000000007E-04
1.63706000000000008E-04
1.58343999999999987E-04
1.93129999999999989E-04
1.77183000000000001E-04
1.58810000000000006E-04
1.62026999999999999E-04
1.58450999999999991E-04
1.58571000000000010E-04
1.58159000000000001E-04
1.58256999999999999E-04
1.58430000000000013E-04
1.76099999999999998E-04
1.58591999999999989E-04
2.62237999999999978E-04
2.83839999999999993E-04
5.32297000000000044E-04
2.66517000000000023E-04
2.13897999999999991E-04
1.77724999999999997E-04
1.63403000000000007E-04
2.08600000000000002E-04
1.58431000000000002E-04
2.05166000000000007E-04
1.58028999999999987E-04
1.65677999999999995E-04
1.84279000000000002E-04
1.95882000000000006E-04
1.94971000000000001E-04
1.95751000000000003E-04
1.95286000000000000E-04
2.52140999999999997E-04
2.58581000000000024E-04
2.54870999999999993E-04
2.40158999999999989E-04
2.22792000000000004E-04
2.22152999999999999E-04
2.56593000000000001E-04
2.21937000000000013E-04
2.21329999999999997E-04
2.43126999999999992E-04
2.33865000000000011E-04
2.42465999999999992E-04
2.22673000000000001E-04
2.31816999999999993E-04
2.24915999999999999E-04
2.08871000000000013E-04
2.25261999999999999E-04
2.01071000000000013E-04
2.21861000000000009E-04
2.00117999999999997E-04
1.99542999999999997E-04
2.19845999999999995E-04
2.00487000000000007E-04
2.00573000000000006E-04
2.50310000000000007E-04
2.01873000000000010E-04
2.45791999999999994E-04
2.01504000000000001E-04
2.31188999999999998E-04
2.01439999999999996E-04
2.01558000000000011E-04
2.30539000000000010E-04
2.03897999999999992E-04
2.33403999999999990E-04
2.22663000000000006E-04
2.15684999999999992E-04
2.10117000000000008E-04
2.09435000000000003E-04
2.16552999999999998E-04
2.16552999999999998E-04
2.11210999999999994E-04
2.07528000000000009E-04
1.91570000000000011E-04
1.58440999999999996E-04
1.57996999999999999E-04
1.57920999999999995E-04
1.58082999999999997E-04
1.57942999999999989E-04
1.68982000000000003E-04
1.58235000000000005E-04
1.58505999999999990E-04
1.57963999999999994E-04
1.71311000000000000E-04
1.58669000000000008E-04
1.58137999999999996E-04
1.57844999999999991E-04
1.75687999999999989E-04
1.58311000000000009E-04
1.58538999999999994E-04
1.58431000000000002E-04
1.58538000000000006E-04
1.58030000000000003E-04
1.58560000000000000E-04
1.58018000000000004E-04
1.57985999999999988E-04
4.21263000000000009E-04
2.15805000000000012E-04
2.34118999999999999E-04
2.08048000000000011E-04
2.41129000000000002E-04
2.24493000000000007E-04
2.13453000000000004E-04
2.16638999999999997E-04
2.19769999999999991E-04
2.14223000000000012E-04
2.13388999999999999E-04
2.09998000000000004E-04
2.09845999999999996E-04
2.41604000000000000E-04
2.05577999999999989E-04
2.26540999999999998E-04
2.34751999999999991E-04
2.06369000000000002E-04
2.06681999999999997E-04
2.11439000000000006E-04
2.06726000000000013E-04
2.37752999999999999E-04
2.05631999999999999E-04
2.15923999999999988E-04
2.06552999999999999E-04
2.11840000000000005E-04
2.44047999999999992E-04
2.07116000000000000E-04
2.09879000000000001E-04
2.05913999999999994E-04
2.05491000000000002E-04
2.35533000000000010E-04
2.05989999999999998E-04
2.05794000000000002E-04
2.25598000000000004E-04
2.13021000000000006E-04
2.41069000000000006E-04
2.05123000000000008E-04
2.05436999999999992E-04
2.56204000000000002E-04
2.05717999999999998E-04
2.36540999999999997E-04
2.05892000000000000E-04
2.05154999999999997E-04
2.24276000000000006E-04
2.11482999999999994E-04
2.24536999999999995E-04
2.05545000000000012E-04
2.06304000000000009E-04
2.31589000000000008E-04
2.06531000000000005E-04
2.27213000000000008E-04
2.07321999999999991E-04
2.06629000000000003E-04
2.28013999999999989E-04
2.13854999999999991E-04
2.27753999999999988E-04
2.28740000000000009E-04
2.07311000000000008E-04
2.07073000000000001E-04
2.18676000000000005E-04
2.35911999999999987E-04
2.06638999999999998E-04
2.31556999999999992E-04
2.06249999999999999E-04
2.12945000000000002E-04
2.24884000000000011E-04
2.05913999999999994E-04
2.27450999999999988E-04
2.07290000000000002E-04
2.10170999999999991E-04
2.30148999999999995E-04
2.06552999999999999E-04
2.06910999999999998E-04
2.07116000000000000E-04
2.12489999999999993E-04
4.42876999999999995E-04
3.67837999999999997E-04
4.91128999999999980E-04
4.04297999999999984E-04
2.62124000000000027E-04
2.22078000000000011E-04
2.23334000000000000E-04
2.18111999999999988E-04
2.28067999999999999E-04
2.19174000000000013E-04
2.18957000000000011E-04
2.18297000000000001E-04
2.19032999999999988E-04
2.19769000000000003E-04
2.19206000000000002E-04
1.74334000000000002E-04
1.58321999999999993E-04
1.80270999999999996E-04
1.89642000000000012E-04
1.58505999999999990E-04
1.58073000000000003E-04
1.58180999999999995E-04
1.58343999999999987E-04
1.58311000000000009E-04
1.58407999999999992E-04
1.58407999999999992E-04
1.71723000000000009E-04
1.95989999999999999E-04
1.73141999999999990E-04
1.77454000000000012E-04
1.58311000000000009E-04
1.58159000000000001E-04
1.57877999999999995E-04
1.58147999999999991E-04
1.58073000000000003E-04
1.58137999999999996E-04
1.75264999999999997E-04
1.94148999999999987E-04
1.58863000000000000E-04
1.78884000000000004E-04
1.91277000000000005E-04
1.69156000000000005E-04
1.78006000000000003E-04
1.58450999999999991E-04
1.58927999999999994E-04
1.58689999999999987E-04
1.58820000000000001E-04
1.58538000000000006E-04
1.59058999999999996E-04
1.58755000000000007E-04
1.92122999999999990E-04
1.60673000000000012E-04
1.58853000000000005E-04
1.58743999999999997E-04
1.58745000000000012E-04
1.76121999999999992E-04
1.58311000000000009E-04
1.58202999999999989E-04
1.57953999999999999E-04
1.58190999999999990E-04
1.58190999999999990E-04
1.58364999999999992E-04
1.58214000000000000E-04
1.58311000000000009E-04
1.58084000000000013E-04
1.95968000000000005E-04
1.58278000000000005E-04
1.58082999999999997E-04
1.58528000000000011E-04
1.76218000000000013E-04
1.58321999999999993E-04
1.58094999999999997E-04
1.58397000000000008E-04
1.58235000000000005E-04
1.58170000000000012E-04
1.58225000000000011E-04
1.57856000000000001E-04
1.57672000000000004E-04
1.57877000000000006E-04
1.57942999999999989E-04
1.57660999999999994E-04
1.57693999999999998E-04
2.01470999999999996E-04
1.63477999999999996E-04
1.58127000000000013E-04
1.57975000000000005E-04
1.57963999999999994E-04
1.57856000000000001E-04
1.57562999999999996E-04
1.65601999999999991E-04
1.57877000000000006E-04
1.61008999999999989E-04
1.74453000000000005E-04
2.16368000000000013E-04
2.17376000000000000E-04
2.54924999999999976E-04
2.01017000000000003E-04
2.55672999999999990E-04
2.61955999999999984E-04
1.84701000000000006E-04
1.58505999999999990E-04
1.80194999999999992E-04
1.58061999999999992E-04
1.58094000000000008E-04
1.77237000000000011E-04
1.58614000000000010E-04
1.57963999999999994E-04
1.57932000000000005E-04
1.58213000000000011E-04
1.58180999999999995E-04
1.58646999999999987E-04
2.02956000000000013E-04
1.58722999999999991E-04
1.58180999999999995E-04
1.58333000000000003E-04
1.58149000000000007E-04
1.69523000000000010E-04
1.88418000000000011E-04
1.73012000000000003E-04
1.58949999999999988E-04
1.58462999999999990E-04
1.58548999999999989E-04
1.62601000000000011E-04
1.58483999999999996E-04
1.71234999999999996E-04
1.87691999999999991E-04
1.63088999999999997E-04
1.58636000000000004E-04
1.58104999999999991E-04
1.58364999999999992E-04
1.78018000000000002E-04
1.58788000000000012E-04
1.71626000000000000E-04
1.58906999999999988E-04
1.58657000000000009E-04
1.83119999999999995E-04
1.58636000000000004E-04
1.92544999999999994E-04
1.58841999999999995E-04
1.80075000000000000E-04
1.77941000000000010E-04
1.58550000000000005E-04
1.57877999999999995E-04
1.76815000000000007E-04
1.58159999999999990E-04
1.57703999999999993E-04
1.57953000000000010E-04
1.58734000000000002E-04
1.70833999999999998E-04
1.58755000000000007E-04
1.58387000000000013E-04
1.58073000000000003E-04
1.57865999999999996E-04
1.57770000000000002E-04
1.57768999999999987E-04
1.58073000000000003E-04
1.76035000000000004E-04
1.58190999999999990E-04
1.67877000000000006E-04
1.86001999999999999E-04
1.73022999999999986E-04
1.58342999999999998E-04
1.58008000000000009E-04
1.58061999999999992E-04
1.58018999999999993E-04
1.57963999999999994E-04
1.58104999999999991E-04
1.57813000000000002E-04
1.58104999999999991E-04
1.75904999999999990E-04
2.01310000000000009E-04
1.93661000000000001E-04
1.58116000000000002E-04
1.58591999999999989E-04
1.57920999999999995E-04
1.57650000000000010E-04
1.57703999999999993E-04
1.57779999999999997E-04
1.57867000000000012E-04
1.57531000000000007E-04
1.59481000000000000E-04
1.68645999999999998E-04
1.78960000000000008E-04
1.84636000000000012E-04
1.58700999999999997E-04
1.58667999999999993E-04
1.58311000000000009E-04
1.72828000000000006E-04
1.63911999999999999E-04
1.58646999999999987E-04
1.58712000000000008E-04
1.59027000000000007E-04
1.58710999999999992E-04
1.58366000000000008E-04
1.58645999999999999E-04
2.17094999999999994E-04
2.02393000000000012E-04
2.14873999999999989E-04
2.16204999999999994E-04
2.20256999999999989E-04
2.06942999999999987E-04
1.83465999999999995E-04
2.01611999999999993E-04
1.96011999999999993E-04
1.87225999999999999E-04
2.18242000000000002E-04
2.35889999999999993E-04
2.14689000000000004E-04
2.13875999999999997E-04
2.17278999999999991E-04
2.42586000000000011E-04
2.35228999999999994E-04
2.28046999999999994E-04
2.08048000000000011E-04
2.08502999999999992E-04
2.26097000000000000E-04
2.08080000000000000E-04
2.26693000000000006E-04
2.06683000000000013E-04
2.07614000000000008E-04
2.27807999999999998E-04
2.08330000000000006E-04
2.07170000000000010E-04
2.20733999999999991E-04
2.07626000000000007E-04
2.60698999999999978E-04
2.07906999999999987E-04
2.25035000000000003E-04
1.61105999999999999E-04
1.58214000000000000E-04
1.75407000000000010E-04
1.58235000000000005E-04
1.71614999999999989E-04
1.58104999999999991E-04
1.58202000000000001E-04
1.57779999999999997E-04
1.58051000000000009E-04
1.84312000000000007E-04
1.58917999999999999E-04
1.58788000000000012E-04
1.58831000000000011E-04
1.58311000000000009E-04
1.58116000000000002E-04
1.57736999999999998E-04
1.83250000000000009E-04
1.58387000000000013E-04
1.65169000000000004E-04
1.73250000000000010E-04
1.57942000000000000E-04
1.58223999999999995E-04
1.73651000000000008E-04
1.74766999999999989E-04
1.61408999999999999E-04
1.72318999999999988E-04
1.61084000000000005E-04
1.58495999999999995E-04
1.58256999999999999E-04
1.74052000000000007E-04
1.58051000000000009E-04
1.60325999999999996E-04
1.86099000000000008E-04
1.60943000000000007E-04
1.65179999999999987E-04
1.73942999999999998E-04
1.58039999999999998E-04
1.58061999999999992E-04
1.87139000000000012E-04
1.59762000000000006E-04
1.58409000000000007E-04
1.58462000000000002E-04
1.88807999999999999E-04
1.58366000000000008E-04
1.58214000000000000E-04
1.83790999999999989E-04
1.58777000000000001E-04
1.58667999999999993E-04
1.58440999999999996E-04
1.58906999999999988E-04
1.58776000000000013E-04
1.58528000000000011E-04
2.15858999999999994E-04
1.93314000000000013E-04
1.75429000000000004E-04
1.58734000000000002E-04
1.58548999999999989E-04
1.58452000000000007E-04
2.88693000000000023E-04
2.10561999999999994E-04
2.31263999999999987E-04
2.08525000000000014E-04
2.07917999999999997E-04
2.17158999999999999E-04
2.08177999999999998E-04
2.34970000000000008E-04
2.22835999999999992E-04
2.07700999999999996E-04
2.29540999999999990E-04
2.09965000000000000E-04
2.34016000000000004E-04
2.42384999999999991E-04
1.89793999999999992E-04
2.02334999999999993E-04
2.10444999999999995E-04
2.12931999999999987E-04
1.89175000000000004E-04
2.20217000000000009E-04
2.61906000000000009E-04
2.01943999999999990E-04
2.56595999999999994E-04
1.98184000000000012E-04
1.97924000000000011E-04
3.49757999999999981E-04
1.88974000000000010E-04
1.90893999999999992E-04
1.71103999999999994E-04
2.40895999999999992E-04
1.88294000000000010E-04
2.30132999999999987E-04
1.74994000000000012E-04
1.61354000000000000E-04
1.55012999999999988E-04
1.46312999999999993E-04
1.51304000000000000E-04
1.49053000000000011E-04
1.75403999999999990E-04
1.48653000000000001E-04
1.79614000000000005E-04
1.63663000000000008E-04
1.46734000000000008E-04
1.46083000000000004E-04
1.78454000000000010E-04
1.89943999999999996E-04
2.21155000000000006E-04
1.92973999999999999E-04
1.94104999999999999E-04
1.86863999999999992E-04
1.88624000000000002E-04
1.90864999999999996E-04
2.29583999999999989E-04
1.98824000000000006E-04
2.16035000000000001E-04
2.00153999999999995E-04
2.17834999999999990E-04
2.00504999999999992E-04
2.01143999999999997E-04
1.98564999999999994E-04
1.98514000000000004E-04
2.27895000000000013E-04
1.99113999999999991E-04
2.16634999999999988E-04
2.41460999999999998E-04
1.95514000000000012E-04
1.94975000000000009E-04
2.08674000000000001E-04
1.96225000000000013E-04
1.86873999999999987E-04
1.92694000000000009E-04
1.56653999999999995E-04
1.46212999999999991E-04
1.64133999999999998E-04
1.45842999999999993E-04
1.45992999999999996E-04
1.45642999999999988E-04
1.45742999999999990E-04
1.45933000000000000E-04
1.45594000000000002E-04
1.45782999999999997E-04
1.46023000000000008E-04
1.45663000000000004E-04
1.45744000000000006E-04
1.45532999999999990E-04
1.45563000000000002E-04
1.83203999999999989E-04
1.63284000000000004E-04
1.46433000000000012E-04
1.46384000000000000E-04
1.45952999999999990E-04
1.46443000000000007E-04
1.45813000000000008E-04
1.45763999999999996E-04
1.45663000000000004E-04
1.45842999999999993E-04
1.45713999999999994E-04
1.45463000000000000E-04
1.45563000000000002E-04
1.45622999999999998E-04
1.72554000000000002E-04
2.13920000000000012E-04
2.03973999999999996E-04
1.93625000000000004E-04
1.90434000000000013E-04
1.91184000000000005E-04
2.37545999999999992E-04
2.37884999999999990E-04
2.06125000000000009E-04
1.46212999999999991E-04
1.64164000000000009E-04
1.45992999999999996E-04
1.45992999999999996E-04
1.46434000000000001E-04
1.50032999999999991E-04
1.46582999999999989E-04
1.46374000000000005E-04
1.46412999999999996E-04
1.46453000000000002E-04
1.45613000000000003E-04
1.45734000000000011E-04
1.45703000000000011E-04
1.45923000000000005E-04
1.61394000000000007E-04
1.45753000000000012E-04
1.45892999999999994E-04
1.45763999999999996E-04
1.45723000000000001E-04
1.45703000000000011E-04
1.46532999999999988E-04
1.68183999999999988E-04
1.45784000000000012E-04
1.83203999999999989E-04
1.46272999999999987E-04
1.82523999999999989E-04
1.46362999999999994E-04
1.61723999999999999E-04
1.51172999999999997E-04
1.59533999999999994E-04
1.45992999999999996E-04
1.46204000000000012E-04
1.45892999999999994E-04
1.45713000000000006E-04
1.45532999999999990E-04
1.45584000000000007E-04
1.45842999999999993E-04
1.45482999999999989E-04
1.60113999999999992E-04
1.88084000000000011E-04
1.78056000000000004E-04
1.46374000000000005E-04
1.45803000000000013E-04
1.45632999999999993E-04
1.45792999999999991E-04
1.45503999999999995E-04
1.45742999999999990E-04
2.17755000000000005E-04
1.46383000000000011E-04
1.96094999999999999E-04
2.86235999999999988E-04
2.74605999999999993E-04
1.92575000000000005E-04
1.91184000000000005E-04
1.91224000000000011E-04
1.93484999999999995E-04
1.93174000000000004E-04
1.94524000000000010E-04
2.11604999999999991E-04
1.92494999999999993E-04
2.10234000000000007E-04
1.93205000000000004E-04
1.91284000000000007E-04
1.90683999999999992E-04
2.74635999999999977E-04
1.91365000000000008E-04
1.95414000000000010E-04
1.94775000000000005E-04
1.95553999999999992E-04
1.91193999999999999E-04
2.11814999999999990E-04
2.20015000000000000E-04
1.90444000000000008E-04
3.04616999999999974E-04
1.91563999999999998E-04
1.88154000000000001E-04
1.96243999999999987E-04
1.90874000000000002E-04
1.91444999999999994E-04
6.06416000000000030E-04
3.77979000000000021E-04
2.44865999999999996E-04
1.90833999999999996E-04
1.91594000000000009E-04
1.88364000000000001E-04
1.96824000000000012E-04
1.90323999999999989E-04
1.99585000000000008E-04
1.99774000000000002E-04
2.10165000000000005E-04
1.90344000000000006E-04
1.95125000000000013E-04
1.89013999999999990E-04
1.93713999999999996E-04
1.90415000000000012E-04
1.94104000000000010E-04
1.89294000000000007E-04
1.87865000000000005E-04
2.06293999999999987E-04
2.26624999999999993E-04
1.92904999999999997E-04
2.68645999999999989E-04
1.89564000000000003E-04
1.92363999999999990E-04
1.94445000000000013E-04
1.93914000000000000E-04
1.89413999999999999E-04
1.92105000000000005E-04
2.34834999999999997E-04
1.96214999999999991E-04
1.90583999999999990E-04
1.92203999999999991E-04
1.93474000000000011E-04
1.90594000000000012E-04
1.89354000000000003E-04
1.67634000000000001E-04
1.46173000000000011E-04
1.66353999999999986E-04
1.46243000000000002E-04
1.45803000000000013E-04
1.63444000000000002E-04
1.46133000000000005E-04
1.45873999999999993E-04
1.45522999999999996E-04
1.46033000000000003E-04
1.45964000000000000E-04
1.45952999999999990E-04
1.45763000000000007E-04
1.45773000000000002E-04
1.46164000000000005E-04
1.45902999999999989E-04
1.46133000000000005E-04
1.45773000000000002E-04
1.62043999999999996E-04
1.46372999999999989E-04
1.45794000000000007E-04
1.46002999999999991E-04
1.45852999999999987E-04
1.57813999999999990E-04
1.46162999999999990E-04
1.45723000000000001E-04
1.73943999999999987E-04
1.46513999999999987E-04
1.46112999999999988E-04
1.45952999999999990E-04
1.46233000000000008E-04
1.61723999999999999E-04
1.55224000000000003E-04
1.85613999999999988E-04
1.81074000000000008E-04
1.81003999999999990E-04
1.66433999999999999E-04
1.46412999999999996E-04
1.46013000000000013E-04
1.45782999999999997E-04
1.45713999999999994E-04
1.45603000000000008E-04
1.45863000000000009E-04
1.45644000000000003E-04
1.63503000000000010E-04
1.45964000000000000E-04
1.46243000000000002E-04
1.46283000000000009E-04
1.45863000000000009E-04
1.45983999999999990E-04
1.52943000000000003E-04
2.02184999999999990E-04
1.85274000000000002E-04
1.84114000000000006E-04
2.05794999999999991E-04
1.68683000000000011E-04
1.65033999999999992E-04
1.51223999999999987E-04
1.71082999999999988E-04
1.55983999999999989E-04
1.68924000000000011E-04
1.49483000000000005E-04
1.46472999999999992E-04
1.60724000000000001E-04
1.46553000000000004E-04
1.46613999999999989E-04
1.46143000000000000E-04
1.46083000000000004E-04
1.46033000000000003E-04
1.62163999999999988E-04
1.46092999999999999E-04
1.45954000000000006E-04
1.45933000000000000E-04
1.54283000000000013E-04
1.45744000000000006E-04
1.45902999999999989E-04
1.91163999999999988E-04
1.96164999999999990E-04
1.95464000000000011E-04
1.93914000000000000E-04
2.09955000000000005E-04
2.24495000000000011E-04
1.83883999999999990E-04
1.85183999999999994E-04
1.85064999999999991E-04
1.84773999999999990E-04
1.85073999999999997E-04
1.86013999999999998E-04
1.85803999999999998E-04
1.99724999999999989E-04
2.05674000000000010E-04
1.99044999999999989E-04
2.04815000000000010E-04
1.87593999999999993E-04
1.89294000000000007E-04
2.00964000000000009E-04
1.86963999999999994E-04
1.83754000000000003E-04
1.87894000000000000E-04
1.88323999999999995E-04
1.66353999999999986E-04
1.62003999999999989E-04
1.46433000000000012E-04
1.67884000000000007E-04
1.94574000000000011E-04
1.96695000000000013E-04
1.94253999999999987E-04
2.07965000000000005E-04
1.93644000000000005E-04
1.92494000000000004E-04
1.92615000000000012E-04
2.09483999999999989E-04
2.14274999999999991E-04
2.04904999999999991E-04
1.91704000000000006E-04
1.92384999999999995E-04
2.05853999999999998E-04
1.91735000000000007E-04
1.91423999999999989E-04
1.91793999999999987E-04
1.92143999999999995E-04
2.21665000000000013E-04
1.92014999999999997E-04
1.91573999999999992E-04
1.91993999999999992E-04
2.06405000000000000E-04
1.91694000000000012E-04
1.91444999999999994E-04
1.91754000000000008E-04
2.03295000000000011E-04
2.02474000000000013E-04
2.08034999999999996E-04
1.91234000000000006E-04
1.91563999999999998E-04
2.17435000000000008E-04
1.97634999999999987E-04
1.98693999999999992E-04
1.95214999999999994E-04
1.98774000000000005E-04
1.97715000000000000E-04
1.98063999999999993E-04
2.14145000000000004E-04
2.13305000000000005E-04
1.98313999999999999E-04
1.97414999999999993E-04
1.97953999999999996E-04
1.97495000000000006E-04
1.90303999999999999E-04
1.98934000000000003E-04
2.02875000000000012E-04
2.08994999999999987E-04
2.05903999999999999E-04
1.64474000000000011E-04
1.71313999999999993E-04
1.93143999999999993E-04
2.11935000000000010E-04
1.91793999999999987E-04
2.16245000000000001E-04
2.05254999999999999E-04
1.92174000000000007E-04
1.91394000000000004E-04
2.09284000000000011E-04
1.90814999999999995E-04
1.91964000000000007E-04
1.91174000000000010E-04
2.05164999999999991E-04
1.91124000000000009E-04
2.25925000000000003E-04
1.92074000000000004E-04
1.91353999999999998E-04
1.91434000000000011E-04
2.22224999999999994E-04
1.90463999999999998E-04
1.92074999999999993E-04
1.91683999999999990E-04
1.91363999999999993E-04
1.91625000000000009E-04
2.17173999999999991E-04
1.91854000000000010E-04
1.91193999999999999E-04
1.91733999999999991E-04
2.35046000000000013E-04
1.97714000000000011E-04
2.11155000000000007E-04
1.94813999999999995E-04
2.27025000000000002E-04
2.00323999999999988E-04
1.91274000000000012E-04
1.89514999999999991E-04
2.09623999999999997E-04
2.27036000000000013E-04
1.93374000000000009E-04
1.92444000000000003E-04
2.00645000000000001E-04
1.92873999999999997E-04
1.92565000000000010E-04
2.08834000000000000E-04
1.88385000000000006E-04
1.91074000000000007E-04
2.09835000000000013E-04
2.07154000000000002E-04
1.95474999999999994E-04
2.10024000000000007E-04
1.98263999999999998E-04
2.20604999999999993E-04
1.94503999999999993E-04
1.94415000000000001E-04
1.97853999999999993E-04
2.14124999999999987E-04
2.07485000000000010E-04
1.95333999999999997E-04
1.93985000000000007E-04
2.50184999999999991E-04
1.89213999999999995E-04
1.96784000000000005E-04
2.03334000000000002E-04
3.93707999999999992E-04
2.16364999999999993E-04
2.04594999999999988E-04
1.97364000000000003E-04
2.11454999999999987E-04
1.95813999999999992E-04
1.67293999999999988E-04
1.76913999999999994E-04
1.46162999999999990E-04
1.45854000000000003E-04
1.46102999999999994E-04
1.62902999999999995E-04
1.45834000000000014E-04
1.59972999999999995E-04
1.46023999999999996E-04
1.45703000000000011E-04
1.45742999999999990E-04
1.46073000000000009E-04
1.45873999999999993E-04
1.45622999999999998E-04
1.61043999999999998E-04
1.45973000000000007E-04
1.45773000000000002E-04
1.45493000000000011E-04
1.45663999999999993E-04
1.46173000000000011E-04
1.45942999999999995E-04
1.45784000000000012E-04
1.70523000000000007E-04
2.03675000000000004E-04
2.00435000000000001E-04
1.98154000000000000E-04
2.19494999999999998E-04
1.46982999999999999E-04
1.46143000000000000E-04
1.46462999999999997E-04
1.46403000000000001E-04
1.46353999999999988E-04
1.46152999999999995E-04
1.46123000000000010E-04
1.57693999999999998E-04
1.86813999999999990E-04
1.89693999999999990E-04
2.38626000000000002E-04
1.89724000000000002E-04
1.89803999999999987E-04
2.13415000000000002E-04
1.89895000000000011E-04
1.89223999999999989E-04
2.00864000000000007E-04
1.84844000000000008E-04
1.96658999999999989E-04
1.97894000000000000E-04
2.14049999999999999E-04
1.99884999999999988E-04
1.97633999999999999E-04
1.98624999999999990E-04
2.00284000000000009E-04
1.98454000000000008E-04
1.70354000000000002E-04
1.46233999999999996E-04
1.46083000000000004E-04
1.46412999999999996E-04
1.63124000000000006E-04
1.46272999999999987E-04
1.46023000000000008E-04
1.60803999999999987E-04
1.46643000000000012E-04
1.46403999999999989E-04
1.46302999999999998E-04
1.69714000000000009E-04
1.46322999999999988E-04
1.46372999999999989E-04
1.46193999999999990E-04
1.46223000000000013E-04
1.45913000000000011E-04
1.62904000000000011E-04
1.58423000000000011E-04
1.45823999999999992E-04
1.45742999999999990E-04
1.65753999999999999E-04
1.83274000000000007E-04
1.82453999999999998E-04
1.95713999999999990E-04
1.80294000000000005E-04
5.66232999999999971E-04
1.85443999999999995E-04
1.91773999999999997E-04
1.94025000000000013E-04
2.09974999999999995E-04
1.95464000000000011E-04
1.94314000000000010E-04
2.07175000000000008E-04
1.50192999999999990E-04
1.46133999999999994E-04
1.46173000000000011E-04
1.46362999999999994E-04
1.46174000000000000E-04
1.46212999999999991E-04
1.46042999999999997E-04
1.46262999999999992E-04
2.02554999999999988E-04
1.46023000000000008E-04
1.67104000000000005E-04
1.46223000000000013E-04
1.46093999999999987E-04
1.45933000000000000E-04
1.46272999999999987E-04
1.46002999999999991E-04
1.57734000000000005E-04
1.46143000000000000E-04
1.45894000000000010E-04
1.46543000000000010E-04
1.66934000000000011E-04
1.47643000000000009E-04
1.45942999999999995E-04
1.61854000000000013E-04
1.46453000000000002E-04
1.45803000000000013E-04
1.45834000000000014E-04
1.74923999999999994E-04
1.83214000000000011E-04
1.87924000000000012E-04
1.91764000000000002E-04
2.03055000000000000E-04
1.86514000000000010E-04
1.85684000000000006E-04
1.87084000000000013E-04
2.34033000000000000E-04
1.95794000000000003E-04
1.91854999999999999E-04
2.67666000000000009E-04
2.91795999999999982E-04
1.90404999999999990E-04
1.90783999999999995E-04
1.92374000000000012E-04
2.33732999999999993E-04
2.14164999999999993E-04
1.97674999999999994E-04
2.25424999999999991E-04
1.98514000000000004E-04
2.11694999999999998E-04
2.36054999999999989E-04
1.98175000000000006E-04
1.98643999999999991E-04
1.98215000000000012E-04
2.23455000000000008E-04
1.98803999999999989E-04
1.99464999999999988E-04
2.21074999999999993E-04
2.39184999999999994E-04
2.25254999999999997E-04
1.97345000000000002E-04
1.98184000000000012E-04
1.98005000000000013E-04
1.98974000000000010E-04
2.23384999999999990E-04
2.12324999999999997E-04
2.17905000000000008E-04
1.97643999999999994E-04
1.97915000000000005E-04
2.19895000000000008E-04
1.97264000000000001E-04
2.16535000000000013E-04
2.10964999999999997E-04
2.87991999999999990E-04
1.97223999999999994E-04
2.34994999999999996E-04
1.98793999999999994E-04
1.98853999999999990E-04
1.97834999999999992E-04
1.97204000000000005E-04
2.16934999999999996E-04
1.98025000000000002E-04
1.97383999999999993E-04
2.34484999999999989E-04
2.30026000000000010E-04
1.86324000000000000E-04
1.87593999999999993E-04
1.87044000000000007E-04
1.87133999999999987E-04
1.87063999999999997E-04
1.95613999999999988E-04
1.86755000000000010E-04
1.93534000000000007E-04
2.31792000000000006E-04
3.51481000000000005E-04
1.85713999999999991E-04
1.85553999999999992E-04
1.85414999999999999E-04
1.86514000000000010E-04
1.89413999999999999E-04
1.68564000000000008E-04
1.46272999999999987E-04
1.45933000000000000E-04
1.79313999999999998E-04
1.46522999999999993E-04
1.46013000000000013E-04
1.46482999999999986E-04
1.49404000000000008E-04
1.48132999999999999E-04
1.46162999999999990E-04
1.46093999999999987E-04
1.45973000000000007E-04
1.46023000000000008E-04
1.46102999999999994E-04
2.14075000000000013E-04
2.30012000000000006E-04
1.87994999999999992E-04
1.88853999999999991E-04
1.88314000000000000E-04
1.90134000000000006E-04
2.21305000000000010E-04
2.36395999999999991E-04
1.88884000000000003E-04
1.91093999999999997E-04
2.11205000000000008E-04
1.94043999999999987E-04
1.88955000000000009E-04
2.06953999999999998E-04
2.04205000000000001E-04
1.89123999999999987E-04
1.89313999999999997E-04
3.15107000000000017E-04
2.21744999999999999E-04
2.08774000000000004E-04
1.91034999999999990E-04
1.46453000000000002E-04
1.45973000000000007E-04
1.46183000000000006E-04
1.55553999999999995E-04
1.93043999999999990E-04
1.97015000000000010E-04
1.95353999999999987E-04
1.97614999999999998E-04
1.95364000000000009E-04
2.16025000000000006E-04
1.98053999999999998E-04
2.52556000000000026E-04
1.98263999999999998E-04
2.02274000000000008E-04
2.07634999999999986E-04
1.94574000000000011E-04
2.25464999999999997E-04
1.91924999999999989E-04
2.31663000000000008E-04
2.58299999999999990E-04
2.39635999999999994E-04
1.84703999999999999E-04
4.07138999999999993E-04
2.13264999999999999E-04
2.21234999999999992E-04
2.08814999999999999E-04
2.16075000000000007E-04
1.93744000000000007E-04
1.94825000000000006E-04
2.18414999999999988E-04
1.97764000000000013E-04
1.90294999999999993E-04
2.24455000000000005E-04
2.39590000000000002E-04
1.92384000000000007E-04
1.91704000000000006E-04
2.10714999999999991E-04
1.91823999999999998E-04
1.91964999999999996E-04
2.05574000000000007E-04
1.91525000000000007E-04
1.91604000000000004E-04
1.92663999999999997E-04
1.91714999999999990E-04
1.91324000000000013E-04
1.91573999999999992E-04
1.90874000000000002E-04
2.27216999999999990E-04
1.90833999999999996E-04
2.05185000000000008E-04
2.33815000000000010E-04
1.93854999999999993E-04
1.90733999999999994E-04
1.97023999999999989E-04
1.93925000000000011E-04
2.16485000000000012E-04
1.95123999999999997E-04
2.24954999999999990E-04
2.46816000000000017E-04
1.93613999999999993E-04
2.01725000000000011E-04
1.94954000000000004E-04
3.16835000000000012E-04
2.28349999999999994E-04
1.93484999999999995E-04
1.96133999999999989E-04
1.90984000000000000E-04
2.40745999999999988E-04
1.91124000000000009E-04
1.92484000000000009E-04
1.92864999999999991E-04
1.94043999999999987E-04
1.93405000000000009E-04
2.24555000000000007E-04
1.94584000000000006E-04
1.96214000000000002E-04
1.93074999999999990E-04
1.92744000000000010E-04
1.93784000000000014E-04
1.93205000000000004E-04
1.93453999999999995E-04
1.96194000000000012E-04
1.93353999999999992E-04
2.13885000000000003E-04
1.93384000000000004E-04
1.95094000000000013E-04
2.03744999999999995E-04
1.94224000000000003E-04
1.94704999999999987E-04
1.94114000000000005E-04
1.93723999999999990E-04
1.90175000000000001E-04
1.56322999999999987E-04
1.86923999999999988E-04
2.14694999999999990E-04
1.93634999999999999E-04
1.94414000000000013E-04
2.05025000000000010E-04
2.04333999999999999E-04
1.45904000000000004E-04
1.74143000000000003E-04
1.89344000000000009E-04
1.88934000000000004E-04
1.89323999999999992E-04
2.09325000000000006E-04
2.00413999999999996E-04
1.89833999999999999E-04
1.89094000000000003E-04
1.89523999999999997E-04
1.93704999999999989E-04
1.88733999999999999E-04
1.83783999999999987E-04
1.86663999999999987E-04
1.87323999999999997E-04
1.88655000000000002E-04
2.11353999999999996E-04
1.90625000000000012E-04
1.89003999999999995E-04
1.89573999999999998E-04
1.92334999999999994E-04
1.93813999999999998E-04
1.88283999999999988E-04
1.93864999999999988E-04
1.93524000000000013E-04
2.03603999999999997E-04
2.05944999999999994E-04
1.92214000000000013E-04
2.01725000000000011E-04
2.13474999999999998E-04
1.98134000000000011E-04
2.00504999999999992E-04
1.97414000000000004E-04
1.97844999999999987E-04
1.97734000000000001E-04
1.93785000000000002E-04
2.14383999999999999E-04
1.92165000000000001E-04
1.92114000000000011E-04
1.93143999999999993E-04
1.91095000000000013E-04
1.98404000000000007E-04
1.95954999999999990E-04
1.96923999999999987E-04
1.98213999999999997E-04
1.85264999999999996E-04
2.09413999999999998E-04
1.90485000000000003E-04
1.91203999999999994E-04
1.89864000000000010E-04
1.84634000000000008E-04
1.94035000000000008E-04
1.94624000000000012E-04
1.93054000000000012E-04
1.92284000000000004E-04
1.90953999999999988E-04
2.23854999999999990E-04
1.90814000000000006E-04
1.91224000000000011E-04
1.91583999999999987E-04
1.91544000000000008E-04
1.96734999999999993E-04
1.91253999999999995E-04
2.01434999999999998E-04
1.92673999999999992E-04
1.91833999999999993E-04
2.09225000000000003E-04
1.91284000000000007E-04
1.90244999999999992E-04
1.89984000000000002E-04
1.90793999999999990E-04
1.95565000000000002E-04
1.89494000000000012E-04
2.03914000000000000E-04
2.06543999999999993E-04
2.02305000000000009E-04
2.19795000000000006E-04
2.03124000000000002E-04
2.01055000000000005E-04
2.01594000000000008E-04
2.00215000000000007E-04
2.48704999999999998E-04
2.18585000000000009E-04
2.01145000000000013E-04
2.01654000000000004E-04
2.00225000000000002E-04
2.19115000000000005E-04
1.96684000000000003E-04
2.01384999999999997E-04
2.00203999999999996E-04
2.01095000000000012E-04
1.99124000000000013E-04
1.99955000000000006E-04
2.00704000000000008E-04
1.98535000000000009E-04
1.99044000000000000E-04
2.21145000000000011E-04
2.00745000000000003E-04
1.99334000000000013E-04
2.12875000000000011E-04
2.02274999999999997E-04
2.00354000000000000E-04
2.00394999999999995E-04
2.42620000000000005E-04
2.25569999999999997E-04
1.91635000000000004E-04
1.92413999999999991E-04
2.04935000000000002E-04
1.91544000000000008E-04
1.91754000000000008E-04
1.92055000000000003E-04
1.91943999999999990E-04
2.31992000000000011E-04
2.69036000000000004E-04
2.76495999999999990E-04
1.94915000000000013E-04
2.09934000000000000E-04
1.95844999999999993E-04
1.92794000000000011E-04
1.90933999999999998E-04
2.16075000000000007E-04
1.94064999999999993E-04
1.91594000000000009E-04
1.90313999999999994E-04
1.88034999999999998E-04
1.96593999999999995E-04
1.93293999999999996E-04
1.93295000000000012E-04
1.87944000000000002E-04
1.93124000000000003E-04
2.17135000000000001E-04
1.97204999999999993E-04
2.67485999999999993E-04
1.96664000000000013E-04
2.41236000000000006E-04
1.97123999999999992E-04
3.06456999999999997E-04
1.96243999999999987E-04
1.95245000000000005E-04
2.30432999999999994E-04
1.92313999999999989E-04
1.95374999999999992E-04
1.97383999999999993E-04
1.94393999999999996E-04
1.97335000000000007E-04
2.00334000000000010E-04
2.26376000000000002E-04
2.33205000000000001E-04
1.99284000000000012E-04
2.09595000000000002E-04
1.92964000000000004E-04
2.22324999999999997E-04
1.80213999999999993E-04
1.68762999999999997E-04
1.61993999999999994E-04
1.64623999999999988E-04
1.92833999999999990E-04
2.13505000000000010E-04
2.16214999999999989E-04
1.96004000000000002E-04
1.97474999999999989E-04
1.96133999999999989E-04
1.96304999999999998E-04
1.96653999999999991E-04
2.00213999999999991E-04
1.95794999999999991E-04
1.97323999999999997E-04
2.25290000000000006E-04
2.02134000000000000E-04
1.97844999999999987E-04
2.13694000000000004E-04
1.86214999999999992E-04
1.96894000000000002E-04
1.99153999999999998E-04
1.97304000000000007E-04
2.07244999999999999E-04
2.12174000000000005E-04
1.96934999999999997E-04
2.02313999999999988E-04
1.96154999999999995E-04
2.03863999999999998E-04
1.93675000000000005E-04
1.94684000000000008E-04
1.97404999999999998E-04
1.92754000000000005E-04
1.97524000000000001E-04
2.13634999999999997E-04
1.93494999999999990E-04
2.12214000000000012E-04
2.09824999999999991E-04
1.97795000000000013E-04
1.94854000000000002E-04
1.94994000000000010E-04
2.00885000000000012E-04
1.95543999999999997E-04
1.97424999999999988E-04
2.13085000000000011E-04
1.97254000000000006E-04
2.00144999999999989E-04
1.92713999999999998E-04
2.00303999999999999E-04
1.97433999999999994E-04
1.94314000000000010E-04
1.97905000000000010E-04
2.22854999999999993E-04
1.88593999999999990E-04
1.88003999999999998E-04
2.06354999999999999E-04
1.90373999999999990E-04
2.05684999999999993E-04
1.89153999999999999E-04
1.46613000000000000E-04
1.45983999999999990E-04
1.45723000000000001E-04
1.80964000000000011E-04
1.52373000000000000E-04
1.46183999999999995E-04
1.45992999999999996E-04
1.45732999999999995E-04
1.45983000000000001E-04
1.46054000000000008E-04
1.46243000000000002E-04
1.45852999999999987E-04
1.45983999999999990E-04
1.63112999999999995E-04
1.45813000000000008E-04
1.45744000000000006E-04
1.76354000000000013E-04
2.15605000000000007E-04
1.86474000000000004E-04
1.89504999999999996E-04
1.79313999999999998E-04
1.95484000000000001E-04
2.15099999999999997E-04
1.54133000000000010E-04
1.90623999999999996E-04
1.92725000000000009E-04
1.92243999999999998E-04
1.91113999999999987E-04
1.90735000000000009E-04
1.89244000000000006E-04
2.24989999999999999E-04
1.89354999999999992E-04
1.86553999999999990E-04
2.28965000000000001E-04
2.04424999999999995E-04
1.94613999999999990E-04
1.97094000000000007E-04
2.06834999999999994E-04
2.20955000000000001E-04
2.00564999999999988E-04
1.98254000000000003E-04
1.97035000000000000E-04
2.15013999999999998E-04
1.82904999999999998E-04
1.72652999999999988E-04
1.46093999999999987E-04
1.45773000000000002E-04
1.49462999999999988E-04
1.94284999999999987E-04
1.91244000000000001E-04
1.87624000000000005E-04
1.91695000000000000E-04
1.90783999999999995E-04
2.26080000000000004E-04
1.91823999999999998E-04
1.92134000000000001E-04
2.38010999999999995E-04
1.88764000000000011E-04
1.88893999999999998E-04
1.87023999999999990E-04
1.92444000000000003E-04
1.52124000000000009E-04
1.47763000000000001E-04
1.88514000000000005E-04
1.46493000000000008E-04
1.46353999999999988E-04
1.46482999999999986E-04
1.64653999999999999E-04
1.46503000000000003E-04
1.60294000000000007E-04
1.92864000000000002E-04
1.99583999999999992E-04
1.94303999999999988E-04
1.95643999999999999E-04
2.33212000000000003E-04
1.97245000000000000E-04
2.30315000000000006E-04
2.39215000000000006E-04
1.96285000000000009E-04
1.95224000000000000E-04
1.96335000000000010E-04
1.97753999999999991E-04
2.16404999999999999E-04
1.97144000000000008E-04
1.97994999999999991E-04
1.97703999999999990E-04
1.94754999999999988E-04
1.94073999999999999E-04
2.00175000000000000E-04
1.97244000000000011E-04
1.98383999999999990E-04
2.01683999999999989E-04
2.33264999999999997E-04
2.11754999999999994E-04
2.07975000000000000E-04
1.98344000000000011E-04
1.37308900000000008E-03
4.24931999999999990E-04
1.95233999999999995E-04
2.43653000000000007E-04
1.93875000000000010E-04
2.13293999999999994E-04
2.00244999999999991E-04
1.99514000000000001E-04
2.11005000000000003E-04
2.06285000000000008E-04
2.22064999999999996E-04
1.97474000000000000E-04
1.95004999999999994E-04
1.94124000000000000E-04
1.98633999999999996E-04
2.27705999999999991E-04
1.92923999999999998E-04
2.00224000000000013E-04
2.10213999999999990E-04
1.93785000000000002E-04
2.12794000000000009E-04
1.96064999999999987E-04
2.18235000000000000E-04
1.98333999999999989E-04
1.96304999999999998E-04
2.13944000000000010E-04
1.96884000000000008E-04
2.26044999999999995E-04
1.92904000000000008E-04
1.95524999999999996E-04
1.94663999999999992E-04
1.97414999999999993E-04
2.27564999999999994E-04
1.93303999999999991E-04
2.05445000000000009E-04
1.50153000000000011E-04
1.50883000000000012E-04
1.45994000000000012E-04
2.03224000000000004E-04
1.92904999999999997E-04
1.92634000000000013E-04
2.07755000000000006E-04
2.11353999999999996E-04
2.08213999999999996E-04
1.91974999999999991E-04
2.09974000000000006E-04
2.26605000000000003E-04
1.91475000000000006E-04
1.92083999999999999E-04
1.92654000000000002E-04
2.14904999999999990E-04
1.92105000000000005E-04
1.91833999999999993E-04
2.12954999999999997E-04
1.92064000000000010E-04
2.10454999999999990E-04
1.91804000000000009E-04
1.91444000000000005E-04
2.16054999999999991E-04
1.92654999999999991E-04
1.91544000000000008E-04
2.05503999999999989E-04
1.92403999999999996E-04
2.41005000000000001E-04
1.99834999999999987E-04
2.13594999999999990E-04
1.91274000000000012E-04
1.90933999999999998E-04
2.12885000000000006E-04
1.91124000000000009E-04
4.23075000000000024E-04
1.94715000000000009E-04
1.99334000000000013E-04
1.94453999999999992E-04
2.02334999999999993E-04
2.15925000000000004E-04
1.94543999999999999E-04
1.98934999999999992E-04
1.95324000000000002E-04
2.14655000000000011E-04
1.97424999999999988E-04
2.10373999999999989E-04
1.93625000000000004E-04
1.92563999999999995E-04
1.97073999999999991E-04
2.15925000000000004E-04
1.95474999999999994E-04
1.95314000000000007E-04
1.95784999999999997E-04
1.93093999999999991E-04
1.94424000000000007E-04
1.97684999999999989E-04
1.94364000000000011E-04
1.90483999999999988E-04
1.99754000000000012E-04
2.15495000000000009E-04
2.00263999999999992E-04
1.96934999999999997E-04
1.96393999999999990E-04
1.98125000000000005E-04
2.05564000000000013E-04
1.93804999999999992E-04
1.98664000000000007E-04
1.95264999999999995E-04
2.11374000000000013E-04
2.15994999999999995E-04
2.02105000000000004E-04
1.95593999999999998E-04
1.94305000000000004E-04
1.99583999999999992E-04
1.94424999999999996E-04
2.00964000000000009E-04
2.00244999999999991E-04
1.94334000000000000E-04
1.98395000000000000E-04
2.14624000000000011E-04
1.93744999999999996E-04
1.93713999999999996E-04
2.07304999999999995E-04
1.98483999999999992E-04
1.92084999999999988E-04
1.94904000000000003E-04
1.94393999999999996E-04
1.93894999999999999E-04
2.01163999999999987E-04
2.12284999999999991E-04
1.93314000000000013E-04
1.95884999999999999E-04
1.89814000000000009E-04
1.94584999999999995E-04
2.15374000000000002E-04
1.99285000000000000E-04
1.99284000000000012E-04
1.95204000000000010E-04
2.29165000000000006E-04
1.95443999999999994E-04
2.09194000000000003E-04
1.94085000000000009E-04
1.94763999999999994E-04
1.98934000000000003E-04
1.97483999999999995E-04
2.00144000000000000E-04
1.94233999999999997E-04
1.93694000000000006E-04
2.18325000000000008E-04
1.95734999999999995E-04
2.01463999999999994E-04
4.91931000000000031E-04
2.15145000000000001E-04
1.94364000000000011E-04
2.19464999999999987E-04
2.14784999999999998E-04
1.97734999999999990E-04
2.20465000000000011E-04
1.95584000000000003E-04
2.13105000000000000E-04
1.97073999999999991E-04
1.99254000000000000E-04
1.95384999999999987E-04
1.94443999999999997E-04
1.99413999999999999E-04
1.92064999999999998E-04
1.90864000000000008E-04
2.09475000000000009E-04
1.97233999999999989E-04
2.00635000000000006E-04
1.97824000000000009E-04
2.01165000000000003E-04
1.98614000000000006E-04
1.97724999999999995E-04
1.94644000000000002E-04
2.01664999999999988E-04
1.78793999999999996E-04
2.14574999999999998E-04
1.91053999999999991E-04
1.93904000000000006E-04
1.87104999999999992E-04
1.91463999999999995E-04
1.84634000000000008E-04
1.81303999999999997E-04
1.85123999999999998E-04
1.99184999999999998E-04
1.84434000000000003E-04
2.09664999999999992E-04
1.87464000000000006E-04
2.00003999999999991E-04
1.96355000000000000E-04
1.93503999999999996E-04
2.00194999999999990E-04
1.83744000000000008E-04
2.08984999999999992E-04
1.90793999999999990E-04
1.85083999999999992E-04
2.06784999999999993E-04
1.83224000000000006E-04
1.90024000000000009E-04
1.84283999999999999E-04
1.91614999999999987E-04
1.98974000000000010E-04
1.96984999999999999E-04
2.00494000000000009E-04
1.98154999999999989E-04
1.96693999999999998E-04
2.16724999999999996E-04
1.91544000000000008E-04
1.85503999999999991E-04
2.02074999999999992E-04
1.84043999999999988E-04
1.82704000000000004E-04
1.93455000000000010E-04
1.85493999999999996E-04
2.08123999999999988E-04
1.83284999999999991E-04
1.91964000000000007E-04
2.13594999999999990E-04
1.96083999999999988E-04
2.00845000000000006E-04
1.97724000000000006E-04
2.00945000000000008E-04
1.94944000000000009E-04
1.94923999999999992E-04
1.84904999999999992E-04
1.83074000000000003E-04
1.82854000000000008E-04
2.23544999999999988E-04
1.94644000000000002E-04
1.97564999999999996E-04
2.05114000000000002E-04
1.96815000000000005E-04
1.94484000000000003E-04
1.92893999999999986E-04
2.13615000000000007E-04
1.92124999999999994E-04
1.93224000000000005E-04
2.09645000000000003E-04
1.92893999999999986E-04
1.91294000000000002E-04
1.91384999999999998E-04
1.92473999999999987E-04
1.92164000000000012E-04
2.22174999999999993E-04
1.75803999999999999E-04
1.75763999999999993E-04
1.63293999999999999E-04
1.46013000000000013E-04
1.46102999999999994E-04
1.45642999999999988E-04
1.57443000000000004E-04
1.56083999999999992E-04
1.46183000000000006E-04
1.45983000000000001E-04
1.63594000000000006E-04
1.46272999999999987E-04
1.54654000000000000E-04
1.77354000000000010E-04
1.46052999999999992E-04
1.46173000000000011E-04
1.46102999999999994E-04
1.48743999999999998E-04
1.59053000000000010E-04
1.46503999999999992E-04
1.46462999999999997E-04
1.45983000000000001E-04
1.46052999999999992E-04
1.62103999999999992E-04
1.46393000000000006E-04
1.46644000000000001E-04
1.46472999999999992E-04
1.46682999999999991E-04
1.46324000000000004E-04
1.51282999999999995E-04
1.48653000000000001E-04
2.03625000000000003E-04
1.45882999999999999E-04
1.45892999999999994E-04
1.45933999999999989E-04
1.46212999999999991E-04
1.62413999999999994E-04
1.46233000000000008E-04
1.45933000000000000E-04
1.46054000000000008E-04
1.46133000000000005E-04
1.45992999999999996E-04
1.46422999999999990E-04
1.49443999999999987E-04
1.60623000000000010E-04
1.46243999999999991E-04
1.46123000000000010E-04
1.46482999999999986E-04
1.46173000000000011E-04
1.46262999999999992E-04
1.62823000000000010E-04
1.45913999999999999E-04
1.46173000000000011E-04
1.46123000000000010E-04
1.46283999999999997E-04
1.55233000000000009E-04
1.46123000000000010E-04
1.46254000000000013E-04
1.46202999999999996E-04
1.46042999999999997E-04
1.62394000000000004E-04
1.46013000000000013E-04
1.46102999999999994E-04
1.61483999999999987E-04
1.46102999999999994E-04
1.46123999999999999E-04
1.58102999999999987E-04
1.46333000000000010E-04
1.45983000000000001E-04
1.46302999999999998E-04
1.46052999999999992E-04
1.46183999999999995E-04
1.46133000000000005E-04
1.46193000000000001E-04
1.46023000000000008E-04
1.45894000000000010E-04
1.46262999999999992E-04
1.61924000000000003E-04
1.46322999999999988E-04
1.46233000000000008E-04
1.99044999999999989E-04
1.80544000000000012E-04
2.46724999999999993E-04
2.07934999999999994E-04
1.91403999999999999E-04
2.02124999999999993E-04
2.19544999999999999E-04
2.61765999999999974E-04
1.93284000000000001E-04
1.94865000000000012E-04
1.97443999999999989E-04
1.98695000000000008E-04
1.97373999999999998E-04
1.96033999999999987E-04
1.99545000000000001E-04
1.49082999999999995E-04
1.46083999999999993E-04
1.46143000000000000E-04
1.60404000000000004E-04
1.57402999999999997E-04
1.46674000000000012E-04
1.46613000000000000E-04
1.46522999999999993E-04
1.46543000000000010E-04
1.46593999999999999E-04
1.46482999999999986E-04
1.46572999999999994E-04
1.45854000000000003E-04
1.64183000000000010E-04
1.45794000000000007E-04
1.45882999999999999E-04
1.61523000000000005E-04
1.45823000000000003E-04
1.46002999999999991E-04
1.46033000000000003E-04
1.89685000000000011E-04
1.96133999999999989E-04
1.96653999999999991E-04
1.96944999999999992E-04
1.96354000000000011E-04
1.96395000000000006E-04
2.06703999999999991E-04
1.71203999999999996E-04
1.45863000000000009E-04
1.45854000000000003E-04
1.45723000000000001E-04
1.45283000000000012E-04
1.45794000000000007E-04
1.45813000000000008E-04
1.94963999999999999E-04
1.93744999999999996E-04
1.93004000000000011E-04
1.95474000000000006E-04
1.98244999999999997E-04
2.35569999999999996E-04
1.92245000000000014E-04
1.92363999999999990E-04
1.81454000000000001E-04
1.46772999999999999E-04
1.46634000000000006E-04
1.46422999999999990E-04
1.46123000000000010E-04
1.95915000000000011E-04
1.53413000000000003E-04
1.75254000000000013E-04
1.59624000000000002E-04
1.92014000000000008E-04
1.69383999999999990E-04
1.65863999999999996E-04
1.46372999999999989E-04
1.46193999999999990E-04
1.45813000000000008E-04
1.53162999999999997E-04
1.46104000000000009E-04
1.46123000000000010E-04
1.46212999999999991E-04
1.63324000000000010E-04
1.46412999999999996E-04
1.46322999999999988E-04
1.46164000000000005E-04
1.46183000000000006E-04
1.46252999999999997E-04
1.46214000000000007E-04
1.45923000000000005E-04
1.46393000000000006E-04
1.46133000000000005E-04
1.85185000000000010E-04
1.46322999999999988E-04
1.46272999999999987E-04
1.46272999999999987E-04
1.74174000000000003E-04
1.76753999999999995E-04
1.89624999999999988E-04
1.89003999999999995E-04
1.78874000000000009E-04
1.80714000000000005E-04
1.83024000000000001E-04
1.82484000000000010E-04
1.91974999999999991E-04
1.99254000000000000E-04
2.18325000000000008E-04
1.97834000000000004E-04
1.97385000000000008E-04
1.96903999999999997E-04
1.95725000000000001E-04
1.96083999999999988E-04
2.06324999999999987E-04
1.98764000000000010E-04
1.97335000000000007E-04
2.00513999999999998E-04
2.38065000000000005E-04
1.97603999999999987E-04
1.96094000000000010E-04
1.95705000000000011E-04
1.96323999999999999E-04
1.94935000000000003E-04
1.94474000000000009E-04
1.88853999999999991E-04
1.94174000000000001E-04
1.94784000000000011E-04
2.12250000000000009E-04
1.92224000000000008E-04
1.91843999999999988E-04
1.91935000000000011E-04
2.00413999999999996E-04
1.91955000000000001E-04
2.14224000000000001E-04
1.97994999999999991E-04
1.96044000000000009E-04
2.31226000000000012E-04
1.92384000000000007E-04
1.91823999999999998E-04
2.05565000000000001E-04
1.91534000000000013E-04
1.91234000000000006E-04
1.91775000000000013E-04
1.91303999999999997E-04
1.91074000000000007E-04
2.09845000000000008E-04
1.91124000000000009E-04
1.92324999999999999E-04
1.91773999999999997E-04
1.91633999999999988E-04
2.00365000000000010E-04
1.91933999999999996E-04
1.92293999999999999E-04
1.91544999999999997E-04
1.91034000000000001E-04
2.06655000000000006E-04
1.93833999999999988E-04
2.09485000000000004E-04
1.87113999999999998E-04
1.46173000000000011E-04
1.45973999999999995E-04
1.46143000000000000E-04
1.46212999999999991E-04
1.49932999999999989E-04
1.45813999999999997E-04
1.45913000000000011E-04
1.45792999999999991E-04
1.58123999999999992E-04
1.61903999999999987E-04
1.45353000000000002E-04
1.49832999999999987E-04
2.01334999999999996E-04
1.50993000000000009E-04
1.56493999999999996E-04
1.56083000000000003E-04
1.46744000000000003E-04
1.46632999999999990E-04
1.46543000000000010E-04
1.46543000000000010E-04
1.46464000000000013E-04
1.46703000000000008E-04
1.64124000000000003E-04
1.46433000000000012E-04
2.33104999999999998E-04
1.92294999999999988E-04
1.87824000000000010E-04
1.82694000000000010E-04
2.67356000000000006E-04
1.96023999999999992E-04
1.94074999999999988E-04
1.96063999999999998E-04
2.26574999999999991E-04
2.03334999999999990E-04
1.89194000000000005E-04
1.90793999999999990E-04
1.93104000000000013E-04
2.07994999999999990E-04
1.51203000000000009E-04
1.64033999999999995E-04
1.46643000000000012E-04
1.46362999999999994E-04
1.46663999999999990E-04
1.46073000000000009E-04
1.45803000000000013E-04
1.45813000000000008E-04
1.46093999999999987E-04
1.46613000000000000E-04
1.46002999999999991E-04
1.46023000000000008E-04
1.46312999999999993E-04
1.46233000000000008E-04
1.55923999999999993E-04
1.79657999999999993E-04
1.46434000000000001E-04
1.46562999999999999E-04
1.86973999999999989E-04
1.80144000000000002E-04
1.91683999999999990E-04
1.89905000000000005E-04
1.91523999999999991E-04
1.92914000000000003E-04
2.11924999999999988E-04
1.90494000000000009E-04
1.91234999999999994E-04
1.90764000000000005E-04
1.95624000000000009E-04
2.16275000000000012E-04
1.94544999999999988E-04
1.94393999999999996E-04
1.89693999999999990E-04
1.90444999999999997E-04
1.89583999999999993E-04
2.10444999999999995E-04
1.87974000000000013E-04
2.20344999999999992E-04
1.92253999999999993E-04
1.88865000000000002E-04
1.88473999999999998E-04
2.11633999999999987E-04
1.89893999999999995E-04
1.91983999999999997E-04
1.85104000000000009E-04
2.08364999999999988E-04
1.89953999999999991E-04
1.90244999999999992E-04
1.95884000000000010E-04
1.90473999999999993E-04
1.91205000000000010E-04
1.90063999999999988E-04
1.93004000000000011E-04
1.90783999999999995E-04
1.93573999999999987E-04
2.42234999999999987E-04
1.94365000000000000E-04
1.93224000000000005E-04
1.99315000000000012E-04
1.94143999999999990E-04
1.95204000000000010E-04
1.92105000000000005E-04
1.95164000000000004E-04
1.94804000000000000E-04
1.93715000000000011E-04
2.15534999999999989E-04
5.41346999999999965E-04
1.95104999999999996E-04
1.94723999999999988E-04
1.93234000000000000E-04
1.95985000000000001E-04
1.94424000000000007E-04
2.27504999999999998E-04
1.91354999999999986E-04
1.91623999999999994E-04
2.11635000000000002E-04
1.91704000000000006E-04
1.91344000000000003E-04
1.91845000000000004E-04
1.91623999999999994E-04
2.05534000000000001E-04
1.91485000000000000E-04
1.91523999999999991E-04
1.91174000000000010E-04
1.91515000000000012E-04
2.26994999999999991E-04
1.92484000000000009E-04
2.02203999999999991E-04
1.94634000000000007E-04
1.92544000000000005E-04
1.93864999999999988E-04
2.29454999999999991E-04
1.97903999999999994E-04
1.94224999999999991E-04
2.17633999999999997E-04
1.94884000000000013E-04
1.98173999999999990E-04
1.95025000000000011E-04
1.95214000000000005E-04
1.93754000000000002E-04
1.93384000000000004E-04
1.94004000000000008E-04
1.97784999999999991E-04
1.93114000000000008E-04
2.13305000000000005E-04
1.95453999999999989E-04
1.93854999999999993E-04
2.14403999999999989E-04
1.94594999999999989E-04
2.27915000000000002E-04
1.92933999999999993E-04
1.97235000000000005E-04
1.97924000000000011E-04
1.95965000000000012E-04
2.21265000000000003E-04
2.13994000000000011E-04
1.99275000000000006E-04
1.93933999999999990E-04
1.96245000000000002E-04
1.95534000000000002E-04
1.92683999999999987E-04
1.95364999999999997E-04
1.97843999999999998E-04
1.93405000000000009E-04
2.11873999999999998E-04
1.95035000000000005E-04
2.02143999999999994E-04
2.25264999999999992E-04
1.94064999999999993E-04
1.93964000000000002E-04
1.96245000000000002E-04
1.95784000000000008E-04
1.94513999999999988E-04
1.93904999999999994E-04
2.19535000000000005E-04
1.96614000000000012E-04
1.98354999999999994E-04
1.94723999999999988E-04
1.96183999999999991E-04
1.92344999999999989E-04
1.94794000000000006E-04
1.97085000000000001E-04
3.99067999999999981E-04
1.66243000000000001E-04
1.54224000000000006E-04
2.12954999999999997E-04
2.03494000000000000E-04
1.98865000000000001E-04
2.00614000000000001E-04
2.00005000000000007E-04
2.00323999999999988E-04
2.04744999999999992E-04
2.18304999999999991E-04
1.90924000000000004E-04
1.91444000000000005E-04
2.04994999999999998E-04
1.91184000000000005E-04
1.90564999999999989E-04
1.91134000000000003E-04
1.91384000000000009E-04
2.02084999999999987E-04
1.46653000000000007E-04
1.46613000000000000E-04
1.46193999999999990E-04
1.62742999999999997E-04
2.01544000000000007E-04
1.92844000000000012E-04
1.96164000000000001E-04
1.92895000000000002E-04
1.94653999999999997E-04
1.94253999999999987E-04
1.96665000000000002E-04
1.94164000000000007E-04
2.19554999999999994E-04
1.95424999999999993E-04
1.95724000000000012E-04
1.95913999999999995E-04
1.95174999999999987E-04
1.95984000000000013E-04
1.91935000000000011E-04
2.06094000000000009E-04
1.90494000000000009E-04
1.88944999999999988E-04
2.22465000000000005E-04
1.46123000000000010E-04
1.45983000000000001E-04
1.45623999999999987E-04
1.45493000000000011E-04
1.46042999999999997E-04
1.99335000000000002E-04
1.90444000000000008E-04
1.91163999999999988E-04
2.13675000000000003E-04
1.93563999999999992E-04
1.91234999999999994E-04
2.02119000000000007E-04
1.72744000000000012E-04
1.45863000000000009E-04
1.45873999999999993E-04
1.47743000000000012E-04
1.48163000000000011E-04
1.46044000000000013E-04
1.47703000000000005E-04
1.72534000000000012E-04
1.46143000000000000E-04
1.85593999999999999E-04
1.62623999999999993E-04
1.45732999999999995E-04
1.45522999999999996E-04
1.45792999999999991E-04
1.45692999999999989E-04
1.45653000000000010E-04
1.45274000000000005E-04
1.57293000000000000E-04
1.46002999999999991E-04
1.45983999999999990E-04
1.45513000000000001E-04
1.45453000000000005E-04
1.45472999999999994E-04
1.61673999999999997E-04
1.45672999999999999E-04
1.46214000000000007E-04
1.45913000000000011E-04
1.45892999999999994E-04
1.45923999999999994E-04
1.46083000000000004E-04
1.46083000000000004E-04
1.45432999999999988E-04
1.45544000000000001E-04
1.80234000000000009E-04
1.46062999999999987E-04
1.46412999999999996E-04
1.79893999999999996E-04
1.72124000000000007E-04
1.82644000000000008E-04
2.02184999999999990E-04
1.96454000000000013E-04
1.79284000000000013E-04
1.68084000000000012E-04
1.71883999999999996E-04
1.61024000000000009E-04
1.46333000000000010E-04
1.50063000000000003E-04
1.61604000000000007E-04
1.77073999999999992E-04
1.45992999999999996E-04
1.45994000000000012E-04
1.45923000000000005E-04
1.45663000000000004E-04
1.45852999999999987E-04
1.46093999999999987E-04
1.45763000000000007E-04
1.63384000000000006E-04
1.46193000000000001E-04
1.46062999999999987E-04
1.80074000000000011E-04
1.69543999999999988E-04
1.62544000000000008E-04
1.45572999999999997E-04
1.45632999999999993E-04
1.46023999999999996E-04
1.45823000000000003E-04
1.45692999999999989E-04
1.45942999999999995E-04
1.45603999999999997E-04
1.45923000000000005E-04
1.45923000000000005E-04
1.46033000000000003E-04
1.60333999999999987E-04
1.46123000000000010E-04
1.62043999999999996E-04
1.45682999999999994E-04
1.46233999999999996E-04
1.45863000000000009E-04
1.46092999999999999E-04
1.46042999999999997E-04
1.82945000000000004E-04
1.89204000000000000E-04
1.90434000000000013E-04
1.89103999999999997E-04
1.89115000000000008E-04
1.90163999999999991E-04
2.36214999999999987E-04
2.14784999999999998E-04
1.95104999999999996E-04
1.99824000000000003E-04
1.94854000000000002E-04
1.94985000000000004E-04
1.95233999999999995E-04
1.99934999999999989E-04
2.32654999999999987E-04
1.90693999999999987E-04
1.96164999999999990E-04
1.93164000000000009E-04
2.16144999999999998E-04
1.94484000000000003E-04
1.91604999999999993E-04
1.92914000000000003E-04
1.92783999999999989E-04
2.12704999999999990E-04
1.91284000000000007E-04
1.94054999999999998E-04
1.92033999999999998E-04
1.96364000000000006E-04
1.92324000000000011E-04
1.95694000000000000E-04
1.92615000000000012E-04
1.93074000000000002E-04
1.94634000000000007E-04
2.20506999999999995E-04
2.93096999999999976E-04
1.92114000000000011E-04
2.02635000000000000E-04
1.93104000000000013E-04
1.88864000000000013E-04
1.97454999999999999E-04
1.94684000000000008E-04
1.94544999999999988E-04
2.26132999999999998E-04
2.03713999999999995E-04
1.96455000000000002E-04
1.92224000000000008E-04
1.96753999999999994E-04
1.89945000000000012E-04
1.90024000000000009E-04
1.91263999999999990E-04
2.25815000000000006E-04
2.16765000000000002E-04
1.95574999999999997E-04
1.93844000000000010E-04
1.95243999999999989E-04
2.06004999999999990E-04
2.24395000000000009E-04
1.95243999999999989E-04
1.95185000000000009E-04
1.93193999999999994E-04
1.93644000000000005E-04
2.19125000000000000E-04
1.95605000000000008E-04
1.97264000000000001E-04
2.16695000000000012E-04
1.99724999999999989E-04
2.26614999999999998E-04
1.99144000000000003E-04
2.11904999999999998E-04
2.15364999999999995E-04
2.01074000000000006E-04
2.29595999999999988E-04
2.36034999999999999E-04
2.19955000000000004E-04
2.03594999999999991E-04
2.24744999999999990E-04
2.03773999999999991E-04
1.97925000000000000E-04
2.18215000000000011E-04
2.05114000000000002E-04
2.53175999999999976E-04
2.00063999999999987E-04
2.00434000000000013E-04
2.00334999999999999E-04
2.01184000000000004E-04
2.30525000000000006E-04
2.01745000000000001E-04
2.22725000000000006E-04
2.01704000000000005E-04
2.70535999999999986E-04
2.03074000000000001E-04
2.01375000000000002E-04
2.25574999999999994E-04
2.01843999999999987E-04
2.24285000000000012E-04
2.03374999999999997E-04
2.20034999999999990E-04
2.07435000000000009E-04
2.01954000000000012E-04
2.17815000000000001E-04
2.01005000000000004E-04
2.16963999999999991E-04
2.01334000000000007E-04
2.26915000000000005E-04
2.02095000000000009E-04
2.02763999999999999E-04
2.01384999999999997E-04
2.15085000000000005E-04
2.33644999999999990E-04
2.04014999999999991E-04
2.18514000000000002E-04
2.03264000000000011E-04
2.02764999999999987E-04
2.35185000000000006E-04
2.01943999999999990E-04
2.02224999999999996E-04
2.05434999999999987E-04
2.01523999999999990E-04
3.91468999999999975E-04
2.19134999999999995E-04
2.10215000000000006E-04
2.23114999999999994E-04
2.04064000000000003E-04
2.38235999999999987E-04
2.21744999999999999E-04
2.02103999999999988E-04
2.19454999999999992E-04
2.02305000000000009E-04
2.15374999999999990E-04
1.99743999999999990E-04
2.15534999999999989E-04
2.07335000000000006E-04
2.05534000000000001E-04
2.01644000000000009E-04
1.45672999999999999E-04
1.45834000000000014E-04
1.61733000000000005E-04
1.45994000000000012E-04
1.45773000000000002E-04
1.45723000000000001E-04
1.71043999999999997E-04
1.45682999999999994E-04
1.45844000000000008E-04
2.01523999999999990E-04
1.46603000000000006E-04
1.94575000000000000E-04
1.92554000000000000E-04
1.91633999999999988E-04
2.16395000000000004E-04
1.90824999999999990E-04
1.92193999999999997E-04
2.11145000000000012E-04
1.93303999999999991E-04
1.93324000000000008E-04
2.13234999999999987E-04
1.93735000000000001E-04
2.44125000000000011E-04
1.92744000000000010E-04
2.12895000000000000E-04
1.94484999999999992E-04
2.12474000000000012E-04
2.21255000000000009E-04
1.91134999999999992E-04
2.13694999999999993E-04
1.89554000000000008E-04
2.05233999999999994E-04
1.95875000000000004E-04
1.94253999999999987E-04
2.09635000000000008E-04
1.93563999999999992E-04
2.17075000000000004E-04
1.96364999999999994E-04
1.97774000000000008E-04
2.12914999999999990E-04
1.95054000000000006E-04
2.10995000000000008E-04
2.06765000000000003E-04
2.12895000000000000E-04
2.02844000000000011E-04
2.11344999999999990E-04
2.25684999999999992E-04
1.94314000000000010E-04
2.04515000000000003E-04
1.90533999999999989E-04
1.98514999999999992E-04
2.11904999999999998E-04
1.93274000000000007E-04
1.95083999999999991E-04
1.96484999999999986E-04
1.96684000000000003E-04
2.30985000000000012E-04
1.95574999999999997E-04
2.13494999999999988E-04
1.92494000000000004E-04
1.94114000000000005E-04
3.48778000000000000E-04
2.14064999999999991E-04
2.01095000000000012E-04
2.13734000000000011E-04
2.20465000000000011E-04
1.91704999999999995E-04
2.12004000000000012E-04
1.88244999999999998E-04
1.92413999999999991E-04
2.13964999999999989E-04
1.91463999999999995E-04
1.90194000000000002E-04
1.95364999999999997E-04
1.93933999999999990E-04
2.17204999999999991E-04
1.92604000000000001E-04
2.18204999999999989E-04
1.92945000000000003E-04
1.94224000000000003E-04
2.13395000000000013E-04
2.07755000000000006E-04
2.14674000000000012E-04
1.95064999999999990E-04
1.94524000000000010E-04
2.04334999999999988E-04
2.11725000000000010E-04
2.27135000000000000E-04
1.99323999999999991E-04
1.95014999999999989E-04
1.87834000000000004E-04
1.88664000000000008E-04
2.39774999999999987E-04
1.87765000000000002E-04
2.11783999999999990E-04
1.89153999999999999E-04
1.89313999999999997E-04
2.08235000000000001E-04
1.90034000000000004E-04
2.20625000000000009E-04
1.89833999999999999E-04
1.90614000000000002E-04
1.90063999999999988E-04
1.91334000000000008E-04
2.24605000000000009E-04
1.91974000000000002E-04
1.93455000000000010E-04
2.16555000000000003E-04
2.12224000000000006E-04
2.17853999999999991E-04
1.92324999999999999E-04
1.93684000000000011E-04
2.10174999999999999E-04
1.93203999999999989E-04
2.14195000000000005E-04
1.91854000000000010E-04
1.92795000000000000E-04
2.49715000000000017E-04
1.93234999999999989E-04
1.93573999999999987E-04
1.93573999999999987E-04
1.92714999999999987E-04
2.21635000000000001E-04
1.94624000000000012E-04
2.18934999999999990E-04
1.94043999999999987E-04
2.14634999999999994E-04
1.94424999999999996E-04
1.99213999999999994E-04
2.16194999999999999E-04
1.95424000000000005E-04
2.11664999999999987E-04
1.96474999999999992E-04
1.96013999999999997E-04
2.26214999999999988E-04
2.07605000000000002E-04
7.16816000000000003E-04
6.05508999999999952E-04
1.97734000000000001E-04
1.99254999999999989E-04
2.21394999999999990E-04
2.06984000000000009E-04
2.06543999999999993E-04
2.03684999999999999E-04
2.06404000000000011E-04
2.01854999999999998E-04
2.02494999999999992E-04
1.98963999999999988E-04
2.22045000000000006E-04
2.02825000000000010E-04
2.22685000000000000E-04
2.00623999999999995E-04
2.16015000000000011E-04
2.01494999999999994E-04
2.04804000000000000E-04
2.01945000000000005E-04
2.01783999999999991E-04
2.04054999999999997E-04
2.03124000000000002E-04
1.99194999999999993E-04
2.22604999999999987E-04
2.21174999999999996E-04
2.03264999999999999E-04
2.08034000000000008E-04
2.04744999999999992E-04
2.04123999999999999E-04
2.14135000000000009E-04
2.03634999999999998E-04
2.02584000000000011E-04
2.20404999999999988E-04
2.02764999999999987E-04
2.01933999999999995E-04
2.01554000000000002E-04
2.07125000000000007E-04
2.03353999999999991E-04
2.05345000000000007E-04
2.19635000000000007E-04
2.01993999999999991E-04
1.97505000000000000E-04
2.13155000000000001E-04
1.93334000000000003E-04
2.01055000000000005E-04
2.02353999999999994E-04
2.05765000000000006E-04
2.09693999999999988E-04
2.01943999999999990E-04
2.05775000000000001E-04
1.98084000000000010E-04
1.97395000000000003E-04
2.16543999999999992E-04
2.02954000000000009E-04
2.01945000000000005E-04
2.04274000000000003E-04
2.01065000000000000E-04
2.02854000000000006E-04
2.00874999999999990E-04
2.00893999999999991E-04
2.00835000000000011E-04
2.40465000000000009E-04
2.03274999999999994E-04
2.02763999999999999E-04
2.11895000000000003E-04
2.06025000000000007E-04
2.02243999999999997E-04
2.01995000000000007E-04
1.99334000000000013E-04
2.02954999999999997E-04
3.60278000000000009E-04
1.91924000000000001E-04
1.94445000000000013E-04
1.96813999999999990E-04
2.00945000000000008E-04
1.91983999999999997E-04
1.95555000000000007E-04
1.95674000000000011E-04
2.12981999999999988E-04
1.79514000000000003E-04
1.94563999999999989E-04
2.46344999999999973E-04
2.13274999999999993E-04
2.09494999999999999E-04
1.94174999999999990E-04
1.95844000000000004E-04
2.16065000000000012E-04
2.00563999999999999E-04
1.95844999999999993E-04
1.95564000000000013E-04
1.96715000000000003E-04
1.96083999999999988E-04
1.97013999999999994E-04
1.95094000000000013E-04
3.29799999999999993E-04
1.94004999999999997E-04
2.03024000000000000E-04
1.69273999999999992E-04
1.46553000000000004E-04
1.46204000000000012E-04
1.56672999999999996E-04
1.46462999999999997E-04
1.46104000000000009E-04
1.46343000000000005E-04
1.63563999999999995E-04
1.46632999999999990E-04
1.46543000000000010E-04
1.46023999999999996E-04
1.45663000000000004E-04
1.46033000000000003E-04
1.45842999999999993E-04
1.45944000000000011E-04
1.58213000000000011E-04
1.45534000000000006E-04
1.45432999999999988E-04
1.45453000000000005E-04
1.45572999999999997E-04
1.45844000000000008E-04
1.61683000000000004E-04
1.45574000000000013E-04
1.45513000000000001E-04
1.45923000000000005E-04
1.45713000000000006E-04
1.45653000000000010E-04
1.46223000000000013E-04
1.52153000000000005E-04
1.45713999999999994E-04
1.45842999999999993E-04
1.45703000000000011E-04
1.45894000000000010E-04
1.45842999999999993E-04
1.60933000000000012E-04
1.46114000000000004E-04
1.46073000000000009E-04
1.46383000000000011E-04
1.46474000000000007E-04
1.46193000000000001E-04
1.46472999999999992E-04
1.46393000000000006E-04
1.46293999999999992E-04
1.46283000000000009E-04
1.45963000000000012E-04
1.45773999999999990E-04
1.45902999999999989E-04
1.46202999999999996E-04
1.61833999999999996E-04
1.46383000000000011E-04
1.46173000000000011E-04
1.45763999999999996E-04
1.46002999999999991E-04
1.74494000000000000E-04
1.45472999999999994E-04
1.45283000000000012E-04
1.57564000000000011E-04
1.47142999999999997E-04
1.46093999999999987E-04
1.46472999999999992E-04
1.46343000000000005E-04
1.61683999999999992E-04
1.46532999999999988E-04
1.46582999999999989E-04
1.46553999999999993E-04
1.46482999999999986E-04
1.45692999999999989E-04
1.45863000000000009E-04
1.46143999999999989E-04
1.67383000000000007E-04
1.97383999999999993E-04
2.00213999999999991E-04
1.96104000000000005E-04
2.20804999999999998E-04
1.96073999999999993E-04
2.21735000000000004E-04
2.01945000000000005E-04
2.28375000000000008E-04
1.94283999999999999E-04
1.96884999999999996E-04
1.98084000000000010E-04
1.99475000000000010E-04
2.01463999999999994E-04
2.34002999999999989E-04
1.91573999999999992E-04
1.91704000000000006E-04
1.91625000000000009E-04
1.91003999999999989E-04
1.90924000000000004E-04
2.10874999999999989E-04
1.91704000000000006E-04
2.11694999999999998E-04
2.31468000000000000E-04
2.51733000000000024E-04
3.18526999999999981E-04
2.54735999999999982E-04
1.91673999999999995E-04
2.71536000000000010E-04
2.57186000000000014E-04
1.92475000000000003E-04
2.10563999999999999E-04
1.91625000000000009E-04
1.91924000000000001E-04
1.91034000000000001E-04
1.92124999999999994E-04
1.91284000000000007E-04
1.91253999999999995E-04
1.91363999999999993E-04
1.92215000000000002E-04
1.91804000000000009E-04
2.22105000000000002E-04
2.09155000000000013E-04
1.91683999999999990E-04
1.92584000000000011E-04
1.92744999999999999E-04
1.89044000000000001E-04
3.14865000000000002E-04
1.98545000000000004E-04
1.99113999999999991E-04
2.23894999999999997E-04
1.98714999999999997E-04
1.97684000000000000E-04
1.95183999999999993E-04
1.99924999999999994E-04
2.09955000000000005E-04
1.91673999999999995E-04
1.99545000000000001E-04
1.97834000000000004E-04
2.12205000000000005E-04
2.00263999999999992E-04
1.98314999999999988E-04
1.97514000000000007E-04
1.99745000000000006E-04
2.06503999999999987E-04
2.21434999999999997E-04
2.00764999999999993E-04
2.02164000000000011E-04
2.01604999999999992E-04
2.00843999999999990E-04
2.03484999999999994E-04
2.00463999999999997E-04
2.02253999999999992E-04
1.96243999999999987E-04
1.70063000000000001E-04
2.07004999999999987E-04
2.18705000000000001E-04
2.20475000000000006E-04
1.92434000000000008E-04
1.91604999999999993E-04
1.92134000000000001E-04
1.87354000000000009E-04
1.81413999999999995E-04
1.48414000000000006E-04
1.88564000000000006E-04
2.31689999999999999E-04
1.93045000000000006E-04
1.92473999999999987E-04
1.91933999999999996E-04
1.92105000000000005E-04
1.92293999999999999E-04
2.27049999999999989E-04
1.98683999999999997E-04
1.98674999999999991E-04
1.98034000000000008E-04
2.24725000000000001E-04
1.94885000000000002E-04
1.98593999999999990E-04
2.33000999999999987E-04
1.93334000000000003E-04
1.92214000000000013E-04
1.92084999999999988E-04
1.91413999999999994E-04
1.91874000000000000E-04
1.92203999999999991E-04
1.91644999999999999E-04
2.10583999999999988E-04
2.17011000000000000E-04
1.88764999999999999E-04
1.66803000000000009E-04
1.60234000000000011E-04
1.46963000000000009E-04
1.46262999999999992E-04
1.48073999999999992E-04
1.46823000000000000E-04
1.74694000000000005E-04
1.61134000000000006E-04
2.97428999999999988E-04
1.89853999999999988E-04
1.89254999999999990E-04
1.90554000000000005E-04
1.92794000000000011E-04
1.90385000000000001E-04
1.94493999999999998E-04
1.88473999999999998E-04
1.80504000000000005E-04
1.66324000000000002E-04
1.46453000000000002E-04
1.58254000000000006E-04
1.45773000000000002E-04
1.45803000000000013E-04
1.46023999999999996E-04
1.45923000000000005E-04
1.45732999999999995E-04
1.46303999999999987E-04
1.45882999999999999E-04
1.56333000000000009E-04
1.46553999999999993E-04
1.46283000000000009E-04
1.62213999999999989E-04
1.46023000000000008E-04
1.58393000000000000E-04
1.46044000000000013E-04
1.46102999999999994E-04
1.46252999999999997E-04
1.45873999999999993E-04
1.46152999999999995E-04
1.46033000000000003E-04
1.45803000000000013E-04
1.46414000000000011E-04
1.46143000000000000E-04
1.46083000000000004E-04
1.46112999999999988E-04
1.61673000000000009E-04
1.46193000000000001E-04
1.46434000000000001E-04
1.46052999999999992E-04
1.58903999999999995E-04
1.66522999999999991E-04
1.88015000000000008E-04
1.48082999999999998E-04
1.65264000000000009E-04
1.46512999999999998E-04
1.50552999999999993E-04
1.46143999999999989E-04
1.64952999999999991E-04
1.46374000000000005E-04
3.01294000000000019E-04
1.95324000000000002E-04
2.45866000000000021E-04
3.21277000000000021E-04
5.35631999999999970E-04
2.21603000000000013E-04
1.46572999999999994E-04
1.61263999999999993E-04
1.67913999999999992E-04
1.45723000000000001E-04
1.74074000000000001E-04
1.64933000000000001E-04
2.22510999999999998E-04
1.81964000000000008E-04
1.95873999999999988E-04
1.84804000000000001E-04
1.58113999999999998E-04
1.46462999999999997E-04
1.46083999999999993E-04
1.45732999999999995E-04
1.45742999999999990E-04
1.45653000000000010E-04
1.64083999999999996E-04
1.46322999999999988E-04
1.46014000000000002E-04
1.45933000000000000E-04
1.46033000000000003E-04
1.46223000000000013E-04
1.45992999999999996E-04
1.45742999999999990E-04
1.46033000000000003E-04
1.51103999999999995E-04
1.56603000000000005E-04
1.57223999999999998E-04
1.46212999999999991E-04
1.87543999999999992E-04
1.46033999999999991E-04
1.45753000000000012E-04
1.45732999999999995E-04
1.46002999999999991E-04
1.45964000000000000E-04
1.45813000000000008E-04
1.45692999999999989E-04
1.45992999999999996E-04
1.45753000000000012E-04
1.64682999999999995E-04
1.86343999999999990E-04
1.83313999999999987E-04
1.89953999999999991E-04
1.46503000000000003E-04
1.46574000000000010E-04
1.46632999999999990E-04
1.46083000000000004E-04
1.46274000000000003E-04
1.46703000000000008E-04
1.46393000000000006E-04
1.46482999999999986E-04
1.46364000000000010E-04
1.46073000000000009E-04
1.86083999999999989E-04
1.46023000000000008E-04
1.62114000000000014E-04
1.45813000000000008E-04
1.45603999999999997E-04
1.46322999999999988E-04
1.45973000000000007E-04
1.45773999999999990E-04
1.45632999999999993E-04
1.45832999999999998E-04
1.45682999999999994E-04
1.45734000000000011E-04
1.45873000000000004E-04
1.46123000000000010E-04
1.45632999999999993E-04
1.61334000000000011E-04
1.45873000000000004E-04
1.45823999999999992E-04
1.66283000000000007E-04
1.58154000000000004E-04
1.46433000000000012E-04
1.46314000000000009E-04
1.46312999999999993E-04
1.46333000000000010E-04
1.71513999999999998E-04
1.46262999999999992E-04
1.46174000000000000E-04
1.59113000000000006E-04
1.62174000000000010E-04
1.46403000000000001E-04
1.46312999999999993E-04
1.46264000000000008E-04
1.46073000000000009E-04
1.46083000000000004E-04
1.46093999999999987E-04
1.46302999999999998E-04
4.34038999999999996E-04
1.94453999999999992E-04
1.94773999999999989E-04
1.96025000000000008E-04
1.88633999999999997E-04
1.81614000000000000E-04
1.81924000000000002E-04
2.42090000000000008E-04
1.93825000000000009E-04
1.85173999999999999E-04
1.85183999999999994E-04
2.02353999999999994E-04
1.85724000000000013E-04
1.85613999999999988E-04
1.85233999999999995E-04
1.85493999999999996E-04
1.53243999999999998E-04
1.62112999999999998E-04
1.46584000000000005E-04
1.46033000000000003E-04
1.50562999999999988E-04
1.53384000000000007E-04
1.62153000000000004E-04
1.47853999999999998E-04
1.46293000000000004E-04
1.59233999999999987E-04
1.45732999999999995E-04
1.45863000000000009E-04
1.45663000000000004E-04
1.45623999999999987E-04
1.61943000000000004E-04
1.85143999999999988E-04
1.45852999999999987E-04
1.45832999999999998E-04
1.78454000000000010E-04
1.82844000000000013E-04
1.82594000000000007E-04
1.62103999999999992E-04
1.47323000000000012E-04
1.55763999999999995E-04
1.45973000000000007E-04
1.45713000000000006E-04
1.64104000000000013E-04
1.46322999999999988E-04
1.45913999999999999E-04
1.45803000000000013E-04
1.46052999999999992E-04
1.46023000000000008E-04
1.45723999999999989E-04
1.45372999999999992E-04
1.45813000000000008E-04
1.45773999999999990E-04
1.50142999999999989E-04
1.45963000000000012E-04
1.69614000000000006E-04
1.48743000000000009E-04
1.62203999999999994E-04
1.46092999999999999E-04
1.46114000000000004E-04
1.63663000000000008E-04
1.45863999999999998E-04
1.45732999999999995E-04
1.45902999999999989E-04
1.45503000000000006E-04
1.46204000000000012E-04
1.45732999999999995E-04
1.47593000000000008E-04
1.60284000000000012E-04
1.55353000000000002E-04
1.62583999999999987E-04
1.46183000000000006E-04
1.46343999999999993E-04
1.46293000000000004E-04
1.46703000000000008E-04
1.46503999999999992E-04
1.45913000000000011E-04
1.45933000000000000E-04
1.45913000000000011E-04
1.45754000000000001E-04
1.69962999999999999E-04
1.45854000000000003E-04
1.45723000000000001E-04
1.61544000000000011E-04
1.46133000000000005E-04
1.45642999999999988E-04
1.45792999999999991E-04
1.45563000000000002E-04
1.45622999999999998E-04
1.45663000000000004E-04
1.45613999999999992E-04
1.45663000000000004E-04
1.45493000000000011E-04
1.45832999999999998E-04
1.46033999999999991E-04
1.57803000000000007E-04
1.45792999999999991E-04
6.51030000000000033E-04
1.93093999999999991E-04
1.95935000000000000E-04
3.06717000000000025E-04
1.93474000000000011E-04
2.09315000000000011E-04
1.94815000000000011E-04
2.03673999999999988E-04
1.76013999999999999E-04
1.75414000000000012E-04
1.80614000000000002E-04
1.82964000000000005E-04
1.77204000000000006E-04
1.77204000000000006E-04
1.76643999999999998E-04
1.76984000000000012E-04
1.76133999999999991E-04
1.76753999999999995E-04
1.96984999999999999E-04
1.75114000000000004E-04
1.80263999999999994E-04
1.53393000000000013E-04
1.53473999999999988E-04
1.74434000000000004E-04
1.56973000000000003E-04
1.96734999999999993E-04
1.71972999999999988E-04
1.67164000000000001E-04
1.78574000000000002E-04
2.09315000000000011E-04
1.89843999999999994E-04
1.89354999999999992E-04
1.91203999999999994E-04
1.91024000000000006E-04
1.90483999999999988E-04
1.88984999999999994E-04
1.90454000000000003E-04
1.89974000000000008E-04
1.76564000000000012E-04
1.66333999999999997E-04
1.74913999999999999E-04
1.49292999999999995E-04
1.51654000000000009E-04
1.94124000000000000E-04
1.56923999999999990E-04
1.49502999999999995E-04
1.78583999999999996E-04
1.94324000000000005E-04
1.96264999999999992E-04
1.97104000000000002E-04
1.46412999999999996E-04
1.46584000000000005E-04
1.64673000000000000E-04
1.75102999999999994E-04
1.46713999999999992E-04
1.54692999999999991E-04
1.90094000000000000E-04
1.90903999999999987E-04
1.90824000000000001E-04
1.89964000000000013E-04
1.89564999999999992E-04
1.89313999999999997E-04
1.88984000000000005E-04
2.08385000000000005E-04
2.06364999999999994E-04
1.56992999999999993E-04
1.46593000000000011E-04
1.46243999999999991E-04
1.46062999999999987E-04
1.50103000000000009E-04
1.53403999999999997E-04
1.53262999999999999E-04
1.61804000000000011E-04
1.63184000000000002E-04
1.49672999999999988E-04
1.63193999999999996E-04
1.54312999999999998E-04
1.49283000000000000E-04
1.49223999999999993E-04
1.48423000000000012E-04
1.59903999999999992E-04
1.50232999999999996E-04
1.46152999999999995E-04
1.46104000000000009E-04
1.51592999999999997E-04
1.46262999999999992E-04
6.60919999999999954E-04
1.53952999999999995E-04
4.59060999999999974E-04
1.46553000000000004E-04
1.45933000000000000E-04
1.70604000000000008E-04
1.91943999999999990E-04
1.95405000000000004E-04
2.15805000000000012E-04
1.94553999999999994E-04
1.96125000000000010E-04
1.95913999999999995E-04
1.96834000000000006E-04
1.90805000000000000E-04
1.84203999999999987E-04
1.51093000000000012E-04
1.49323999999999995E-04
1.59722999999999988E-04
1.68393999999999987E-04
1.78223999999999993E-04
1.70363999999999997E-04
1.52172999999999995E-04
1.48934000000000008E-04
1.45952999999999990E-04
1.45682999999999994E-04
1.45863999999999998E-04
1.45882999999999999E-04
1.45513000000000001E-04
1.45513999999999989E-04
1.45663000000000004E-04
1.45463000000000000E-04
1.48672999999999991E-04
1.48493999999999991E-04
1.67242999999999998E-04
1.46133000000000005E-04
1.48972999999999998E-04
1.46143000000000000E-04
1.46384000000000000E-04
1.46403000000000001E-04
1.46193000000000001E-04
1.48533999999999998E-04
1.51203000000000009E-04
1.97264000000000001E-04
1.64343999999999997E-04
1.46532999999999988E-04
1.60593999999999987E-04
1.48552999999999999E-04
1.45424000000000009E-04
1.45333000000000013E-04
1.45642999999999988E-04
1.45613999999999992E-04
1.55112999999999990E-04
1.56543999999999997E-04
1.89664000000000006E-04
2.05283999999999995E-04
1.98624000000000001E-04
1.82823999999999996E-04
2.18666999999999999E-04
1.89564000000000003E-04
1.88473999999999998E-04
1.88003999999999998E-04
2.03904999999999993E-04
1.87953999999999997E-04
2.21835000000000006E-04
1.88354000000000006E-04
1.88674000000000003E-04
2.07595000000000007E-04
1.90423999999999991E-04
1.90654999999999997E-04
2.11453999999999999E-04
2.31265999999999991E-04
1.94174000000000001E-04
1.93704000000000001E-04
1.94555000000000010E-04
1.81974000000000003E-04
1.97693999999999995E-04
2.12405000000000010E-04
1.87283999999999991E-04
1.92594999999999995E-04
3.88541000000000006E-04
2.29805000000000000E-04
1.94835000000000001E-04
1.95503999999999990E-04
2.42124999999999990E-04
1.94463999999999987E-04
2.07905000000000009E-04
3.36237000000000027E-04
2.11234999999999993E-04
1.92694000000000009E-04
2.14075000000000013E-04
1.92883999999999992E-04
1.92465000000000008E-04
1.92074000000000004E-04
1.91613999999999999E-04
1.91704999999999995E-04
1.92214000000000013E-04
1.65603999999999995E-04
1.62663000000000011E-04
1.53384000000000007E-04
1.45923000000000005E-04
1.45992999999999996E-04
1.46033999999999991E-04
1.45522999999999996E-04
1.45493000000000011E-04
1.45973999999999995E-04
1.45443000000000010E-04
1.45732999999999995E-04
1.45692999999999989E-04
1.45584000000000007E-04
1.45493000000000011E-04
1.45522999999999996E-04
1.74994000000000012E-04
1.45913000000000011E-04
1.46283999999999997E-04
1.46283000000000009E-04
1.46042999999999997E-04
1.46252999999999997E-04
1.46593999999999999E-04
2.02983999999999993E-04
1.90885000000000013E-04
2.04634000000000006E-04
2.25064999999999987E-04
2.05854999999999987E-04
1.90804000000000012E-04
2.00055000000000008E-04
1.93553999999999997E-04
1.85763999999999992E-04
1.46023999999999996E-04
1.46162999999999990E-04
1.48562999999999994E-04
1.46364000000000010E-04
1.46052999999999992E-04
1.46212999999999991E-04
1.74474000000000010E-04
1.45734000000000011E-04
1.45703000000000011E-04
1.45913000000000011E-04
1.45682999999999994E-04
1.45594000000000002E-04
1.45823000000000003E-04
1.45592999999999987E-04
1.45983000000000001E-04
1.45933999999999989E-04
1.45732999999999995E-04
1.88543999999999989E-04
1.46734000000000008E-04
1.45873000000000004E-04
1.46033000000000003E-04
1.46152999999999995E-04
1.46193999999999990E-04
1.45913000000000011E-04
1.46092999999999999E-04
1.45913000000000011E-04
1.45314000000000012E-04
1.45852999999999987E-04
1.45983000000000001E-04
1.45794000000000007E-04
1.45592999999999987E-04
1.61193000000000013E-04
1.45994000000000012E-04
1.45372999999999992E-04
1.71273999999999987E-04
1.83844000000000010E-04
1.93954000000000007E-04
1.82143999999999996E-04
1.78554000000000012E-04
1.45952999999999990E-04
1.46353000000000000E-04
1.57614000000000013E-04
1.46293000000000004E-04
1.62833999999999993E-04
1.46782999999999994E-04
1.46403000000000001E-04
1.46562999999999999E-04
1.62914000000000006E-04
1.46443000000000007E-04
1.46403999999999989E-04
1.76123999999999996E-04
1.78263999999999999E-04
1.46013000000000013E-04
1.45553000000000007E-04
1.45534000000000006E-04
1.45513000000000001E-04
1.74143999999999992E-04
1.53802999999999991E-04
1.52203999999999995E-04
1.46462999999999997E-04
1.46383000000000011E-04
1.46532999999999988E-04
1.46243000000000002E-04
1.46763000000000004E-04
1.46013000000000013E-04
1.78743999999999995E-04
1.46104000000000009E-04
1.63642999999999992E-04
1.46104000000000009E-04
1.62582999999999998E-04
1.46364000000000010E-04
1.46322999999999988E-04
1.58092999999999992E-04
1.48844000000000000E-04
1.48703000000000002E-04
1.46173000000000011E-04
1.45723999999999989E-04
1.45842999999999993E-04
1.54802999999999988E-04
1.84655000000000013E-04
1.58202999999999989E-04
1.46682999999999991E-04
1.63424000000000013E-04
1.46083000000000004E-04
1.46343999999999993E-04
1.46173000000000011E-04
1.46302999999999998E-04
1.46023999999999996E-04
1.46482999999999986E-04
1.73904000000000007E-04
1.46223000000000013E-04
1.46133000000000005E-04
1.57083999999999989E-04
1.67913999999999992E-04
1.46023000000000008E-04
1.62733999999999991E-04
1.46453000000000002E-04
1.46112999999999988E-04
1.58123999999999992E-04
1.46403000000000001E-04
1.46002999999999991E-04
1.45983999999999990E-04
1.46123000000000010E-04
1.45902999999999989E-04
1.45792999999999991E-04
1.46143999999999989E-04
1.45892999999999994E-04
1.46102999999999994E-04
1.61454000000000003E-04
1.46133000000000005E-04
1.46482999999999986E-04
1.46534000000000003E-04
1.46522999999999993E-04
1.58514000000000007E-04
1.63212999999999997E-04
1.46093999999999987E-04
1.46383000000000011E-04
1.46243000000000002E-04
1.46233000000000008E-04
1.46133999999999994E-04
1.46183000000000006E-04
1.46102999999999994E-04
1.62613999999999999E-04
1.46243000000000002E-04
1.71203999999999996E-04
1.84723999999999988E-04
1.46703999999999997E-04
1.46023000000000008E-04
1.46322999999999988E-04
1.46202999999999996E-04
1.59204000000000002E-04
1.46272999999999987E-04
1.46044000000000013E-04
1.46322999999999988E-04
1.45952999999999990E-04
1.62174000000000010E-04
1.46112999999999988E-04
1.46193000000000001E-04
1.85133999999999993E-04
1.45963000000000012E-04
1.46302999999999998E-04
1.46133000000000005E-04
1.45904000000000004E-04
1.46013000000000013E-04
1.46013000000000013E-04
1.46243000000000002E-04
1.46264000000000008E-04
1.46283000000000009E-04
1.62224000000000011E-04
1.62413000000000005E-04
1.46283999999999997E-04
1.45992999999999996E-04
1.71103999999999994E-04
1.98084000000000010E-04
2.06435000000000012E-04
1.83844000000000010E-04
1.91874000000000000E-04
1.66073000000000007E-04
1.56894000000000006E-04
1.47973000000000001E-04
1.96443999999999991E-04
1.80433999999999987E-04
1.46372999999999989E-04
1.46453000000000002E-04
1.46543000000000010E-04
1.46333999999999999E-04
1.46512999999999998E-04
1.46283000000000009E-04
1.84954000000000005E-04
1.47393999999999992E-04
1.46223000000000013E-04
1.46333000000000010E-04
1.63253999999999992E-04
1.46653000000000007E-04
1.46243999999999991E-04
1.46252999999999997E-04
1.46403000000000001E-04
1.46243000000000002E-04
1.46343999999999993E-04
1.46613000000000000E-04
1.46312999999999993E-04
1.51444000000000009E-04
1.46982999999999999E-04
1.59583999999999995E-04
1.74713999999999995E-04
1.55863000000000008E-04
1.62224000000000011E-04
1.45312999999999996E-04
1.45692999999999989E-04
1.45653999999999998E-04
1.45653000000000010E-04
1.45742999999999990E-04
1.45863000000000009E-04
1.62804000000000009E-04
1.45763000000000007E-04
1.45463999999999988E-04
1.45763000000000007E-04
1.45713000000000006E-04
1.45832999999999998E-04
1.61363999999999995E-04
1.46133000000000005E-04
1.46023999999999996E-04
1.45672999999999999E-04
1.45923000000000005E-04
1.45892999999999994E-04
1.46004000000000007E-04
1.45592999999999987E-04
1.45603000000000008E-04
1.45413999999999987E-04
1.77333999999999993E-04
1.46013000000000013E-04
1.45983000000000001E-04
1.61824000000000001E-04
1.49953000000000006E-04
1.94064000000000004E-04
1.91294000000000002E-04
1.92344000000000000E-04
1.93665000000000010E-04
1.98803999999999989E-04
1.97383999999999993E-04
1.91394999999999993E-04
1.90444000000000008E-04
1.95214000000000005E-04
1.69533999999999993E-04
1.46343999999999993E-04
1.46262999999999992E-04
1.45682999999999994E-04
1.45742999999999990E-04
1.45734000000000011E-04
1.45773000000000002E-04
1.45842999999999993E-04
1.80404000000000003E-04
1.46493999999999997E-04
1.46482999999999986E-04
1.46322999999999988E-04
1.46112999999999988E-04
1.62554000000000003E-04
1.46512999999999998E-04
1.46593999999999999E-04
1.45763000000000007E-04
1.46062999999999987E-04
1.62664000000000000E-04
1.46052999999999992E-04
1.46202999999999996E-04
1.46183999999999995E-04
1.46462999999999997E-04
1.46143000000000000E-04
1.46143999999999989E-04
1.46362999999999994E-04
1.46212999999999991E-04
1.62084000000000002E-04
3.66668000000000007E-04
1.85854000000000000E-04
2.16113999999999998E-04
1.97335000000000007E-04
1.99974000000000007E-04
1.97204999999999993E-04
2.02224000000000007E-04
2.19685000000000008E-04
2.01614999999999986E-04
1.95204000000000010E-04
1.95715000000000006E-04
1.99444000000000010E-04
1.96235000000000008E-04
1.91583999999999987E-04
1.91914000000000006E-04
1.98134999999999999E-04
1.98154000000000000E-04
2.13395000000000013E-04
1.96424000000000002E-04
1.90203999999999997E-04
2.02763999999999999E-04
1.93644999999999993E-04
1.94324000000000005E-04
1.97245000000000000E-04
1.93804000000000003E-04
1.92544000000000005E-04
1.96975000000000004E-04
1.96464000000000008E-04
2.07004999999999987E-04
1.97874999999999999E-04
1.96123999999999995E-04
1.95853999999999999E-04
1.98514999999999992E-04
1.92873999999999997E-04
1.92704999999999992E-04
1.93393999999999999E-04
1.95243999999999989E-04
2.30606000000000008E-04
2.02214000000000012E-04
2.07834999999999991E-04
1.96584000000000000E-04
1.95904999999999989E-04
1.98493999999999987E-04
1.87514000000000007E-04
1.97435000000000010E-04
1.97803999999999992E-04
1.90735000000000009E-04
2.10334000000000009E-04
2.00155000000000011E-04
1.94484000000000003E-04
1.95674999999999999E-04
1.95694000000000000E-04
1.98543999999999988E-04
1.97393999999999987E-04
2.00933999999999998E-04
1.99254000000000000E-04
1.91714000000000001E-04
2.24405000000000004E-04
2.03055000000000000E-04
1.97703999999999990E-04
1.92735000000000004E-04
1.91924000000000001E-04
1.89803999999999987E-04
1.93864999999999988E-04
1.94904000000000003E-04
1.93734000000000012E-04
1.94183999999999996E-04
1.93224000000000005E-04
2.18795000000000008E-04
2.42715999999999998E-04
2.18165000000000009E-04
1.98724000000000004E-04
1.99144999999999992E-04
1.91244000000000001E-04
1.90384000000000012E-04
2.02355000000000010E-04
3.71523000000000014E-04
5.95227999999999946E-04
1.82954999999999999E-04
1.82823999999999996E-04
1.89079000000000010E-04
1.86404000000000013E-04
1.65154000000000012E-04
1.64432999999999989E-04
1.56873999999999989E-04
1.46333000000000010E-04
1.81614000000000000E-04
1.93964999999999990E-04
1.95624000000000009E-04
1.94973999999999994E-04
1.94145000000000006E-04
1.96593999999999995E-04
2.24904999999999989E-04
2.12715000000000012E-04
1.95193999999999988E-04
1.95495000000000011E-04
1.94124000000000000E-04
1.90144000000000001E-04
1.96404000000000012E-04
1.95214000000000005E-04
1.93415000000000004E-04
1.99504000000000006E-04
1.91265000000000006E-04
2.11883999999999993E-04
2.06424999999999990E-04
1.95744000000000002E-04
1.84346999999999989E-04
1.46312999999999993E-04
1.46472999999999992E-04
1.46464000000000013E-04
1.46543000000000010E-04
1.46772999999999999E-04
1.84834000000000013E-04
1.46264000000000008E-04
1.63993000000000000E-04
1.73644000000000006E-04
2.00194999999999990E-04
1.93661999999999990E-04
1.76173999999999997E-04
1.83054000000000013E-04
1.82174000000000008E-04
1.50934000000000002E-04
1.61673000000000009E-04
1.46603999999999994E-04
1.75904000000000002E-04
1.46572999999999994E-04
1.51473000000000005E-04
1.50254000000000002E-04
1.46543000000000010E-04
1.46472999999999992E-04
1.46224000000000001E-04
1.54083000000000009E-04
1.46403000000000001E-04
1.46293999999999992E-04
1.46133000000000005E-04
1.82964000000000005E-04
1.54813000000000010E-04
1.62213999999999989E-04
1.46243000000000002E-04
1.48314000000000003E-04
1.52592999999999994E-04
1.52723999999999997E-04
1.58342999999999998E-04
1.55713999999999993E-04
1.45942999999999995E-04
1.62193999999999999E-04
1.56152999999999994E-04
1.46672999999999997E-04
1.46073999999999998E-04
1.82394000000000002E-04
1.92923999999999998E-04
1.92494999999999993E-04
1.89094000000000003E-04
1.90234000000000009E-04
1.89034000000000006E-04
1.90294999999999993E-04
1.91093999999999997E-04
2.10234999999999995E-04
1.92573999999999990E-04
1.95193999999999988E-04
2.12704000000000002E-04
1.90974999999999994E-04
1.92003999999999987E-04
1.90723999999999999E-04
2.09585000000000007E-04
1.99683999999999994E-04
1.87304000000000008E-04
1.90764000000000005E-04
1.96543999999999994E-04
2.55075000000000007E-04
2.50916000000000008E-04
1.56102999999999993E-04
1.65164000000000006E-04
1.94274999999999992E-04
2.01093999999999996E-04
2.02394999999999989E-04
1.96684000000000003E-04
1.99163999999999993E-04
1.99804000000000013E-04
2.00373999999999989E-04
2.32654999999999987E-04
1.94884000000000013E-04
1.94844000000000007E-04
1.93374999999999998E-04
2.46320000000000013E-04
1.99485000000000005E-04
2.00463999999999997E-04
2.01115000000000001E-04
2.00733999999999993E-04
2.00465000000000013E-04
2.00303999999999999E-04
2.01334999999999996E-04
1.87853999999999994E-04
1.57094000000000011E-04
1.45952999999999990E-04
1.45832999999999998E-04
1.57724000000000010E-04
1.45942999999999995E-04
1.45892999999999994E-04
1.45494000000000000E-04
1.45892999999999994E-04
1.46212999999999991E-04
1.45763000000000007E-04
1.45663999999999993E-04
1.45852999999999987E-04
1.61344000000000006E-04
1.45732999999999995E-04
1.45863000000000009E-04
1.45703000000000011E-04
1.45894000000000010E-04
1.45653000000000010E-04
1.45642999999999988E-04
1.45553999999999996E-04
1.45873000000000004E-04
1.45913000000000011E-04
1.45622999999999998E-04
1.45673999999999988E-04
1.45672999999999999E-04
1.73814000000000000E-04
1.79299000000000006E-04
1.46333000000000010E-04
1.45474000000000010E-04
1.45763000000000007E-04
1.45682999999999994E-04
1.45703000000000011E-04
1.45494000000000000E-04
1.51093000000000012E-04
1.58294000000000013E-04
1.54902999999999991E-04
1.46133000000000005E-04
1.64164000000000009E-04
1.45882999999999999E-04
1.45854000000000003E-04
1.45863000000000009E-04
1.62964000000000007E-04
1.45942999999999995E-04
1.45653000000000010E-04
1.45592999999999987E-04
1.45644000000000003E-04
1.45622999999999998E-04
1.45453000000000005E-04
1.45463000000000000E-04
1.73024000000000002E-04
1.60984000000000002E-04
1.57593999999999996E-04
1.45813000000000008E-04
1.45983000000000001E-04
1.45592999999999987E-04
1.46023999999999996E-04
1.45992999999999996E-04
1.45942999999999995E-04
1.45773999999999990E-04
1.45503000000000006E-04
1.45803000000000013E-04
1.45572999999999997E-04
1.45623999999999987E-04
1.45973000000000007E-04
1.61823000000000012E-04
1.46522999999999993E-04
1.46262999999999992E-04
1.46333000000000010E-04
1.79194000000000006E-04
2.00134999999999994E-04
2.38690000000000007E-04
1.87844999999999988E-04
2.34224999999999988E-04
1.99514000000000001E-04
1.97645000000000009E-04
2.02394000000000001E-04
1.57192999999999997E-04
1.89094000000000003E-04
1.67323999999999999E-04
1.72014000000000010E-04
1.90284000000000010E-04
2.13615000000000007E-04
1.92503999999999999E-04
1.95014999999999989E-04
1.91263999999999990E-04
1.91644000000000010E-04
1.84734999999999999E-04
1.83923999999999996E-04
1.82613999999999997E-04
2.01284000000000006E-04
1.83823999999999994E-04
1.94625000000000001E-04
1.86973999999999989E-04
1.86004000000000003E-04
1.85204000000000011E-04
1.84734999999999999E-04
1.84503999999999994E-04
1.87414000000000005E-04
1.85884000000000011E-04
1.85023999999999996E-04
2.04345000000000009E-04
1.86374000000000001E-04
1.79273999999999992E-04
1.45973000000000007E-04
1.45873999999999993E-04
1.45973000000000007E-04
1.46223000000000013E-04
1.46252999999999997E-04
1.46093999999999987E-04
1.46462999999999997E-04
1.58693999999999995E-04
1.46162999999999990E-04
1.45963000000000012E-04
1.89234000000000011E-04
1.45723999999999989E-04
1.45902999999999989E-04
1.63134000000000000E-04
1.46152999999999995E-04
1.46302999999999998E-04
1.81714000000000002E-04
1.84694000000000004E-04
1.61933999999999998E-04
1.45753000000000012E-04
1.46004000000000007E-04
1.45882999999999999E-04
1.63134000000000000E-04
1.45692999999999989E-04
1.45973000000000007E-04
1.62124000000000008E-04
1.60612999999999988E-04
1.82825000000000012E-04
1.82764000000000000E-04
1.78953999999999995E-04
1.46002999999999991E-04
1.45952999999999990E-04
1.46333999999999999E-04
1.53272999999999994E-04
1.45863000000000009E-04
1.62043999999999996E-04
1.45632999999999993E-04
1.45493000000000011E-04
1.45453999999999993E-04
1.45572999999999997E-04
1.45682999999999994E-04
1.57553999999999989E-04
1.46112999999999988E-04
1.45592999999999987E-04
1.45773999999999990E-04
1.45913000000000011E-04
1.45892999999999994E-04
1.45742999999999990E-04
1.61404000000000002E-04
1.46343000000000005E-04
1.46114000000000004E-04
1.45823000000000003E-04
1.45572999999999997E-04
1.45832999999999998E-04
1.45644000000000003E-04
1.98843999999999996E-04
1.98375000000000011E-04
2.33665000000000007E-04
1.98323999999999994E-04
1.97035000000000000E-04
2.06288999999999990E-04
1.81625000000000010E-04
1.53393000000000013E-04
1.46903000000000013E-04
1.86514000000000010E-04
1.93264000000000012E-04
1.86094000000000011E-04
2.03615000000000008E-04
1.46842999999999990E-04
1.46443000000000007E-04
1.46214000000000007E-04
1.46193000000000001E-04
1.46713000000000003E-04
1.58223999999999995E-04
1.45913000000000011E-04
1.45723000000000001E-04
1.45883999999999988E-04
1.62353000000000009E-04
1.46123999999999999E-04
1.65462999999999998E-04
1.46083999999999993E-04
1.45723000000000001E-04
1.45642999999999988E-04
1.45983000000000001E-04
1.46114000000000004E-04
1.45923000000000005E-04
1.45892999999999994E-04
1.45913000000000011E-04
1.45753000000000012E-04
1.45852999999999987E-04
1.62134000000000003E-04
1.45742999999999990E-04
1.45463000000000000E-04
1.45983999999999990E-04
1.45902999999999989E-04
1.45513000000000001E-04
1.45682999999999994E-04
1.45964000000000000E-04
1.45842999999999993E-04
1.45412999999999998E-04
1.45763000000000007E-04
1.59984000000000005E-04
1.50633000000000006E-04
1.46684000000000007E-04
1.86013999999999998E-04
1.46383000000000011E-04
1.56593999999999999E-04
1.63272999999999993E-04
1.47243999999999988E-04
1.46133000000000005E-04
1.45823000000000003E-04
1.45374000000000008E-04
1.45713000000000006E-04
1.45792999999999991E-04
1.48132999999999999E-04
1.76634000000000003E-04
1.49134000000000012E-04
1.61673000000000009E-04
1.45873999999999993E-04
1.45873000000000004E-04
1.45773000000000002E-04
1.63014000000000008E-04
1.46173000000000011E-04
1.45632999999999993E-04
1.45563999999999991E-04
1.45682999999999994E-04
1.45852999999999987E-04
1.45873999999999993E-04
1.53343000000000012E-04
1.45873000000000004E-04
1.60743999999999991E-04
1.45863000000000009E-04
1.46023000000000008E-04
1.46004000000000007E-04
1.45892999999999994E-04
1.45832999999999998E-04
1.45863999999999998E-04
1.45933000000000000E-04
1.45453000000000005E-04
1.45353000000000002E-04
1.45623999999999987E-04
1.45692999999999989E-04
1.45742999999999990E-04
1.71933999999999997E-04
1.45703000000000011E-04
1.45754000000000001E-04
1.45653000000000010E-04
1.60783000000000009E-04
1.45804000000000002E-04
1.45603000000000008E-04
1.45663000000000004E-04
1.45894000000000010E-04
1.46013000000000013E-04
1.52773000000000009E-04
1.46133999999999994E-04
4.35489000000000004E-04
2.03854999999999992E-04
2.03744000000000006E-04
2.03603999999999997E-04
2.00375000000000005E-04
8.35408000000000049E-04
2.18650000000000002E-04
1.93995000000000002E-04
1.94424000000000007E-04
1.94424000000000007E-04
1.95613999999999988E-04
1.94384000000000001E-04
2.05584999999999991E-04
1.46443000000000007E-04
1.63494000000000004E-04
1.46023000000000008E-04
1.79573999999999999E-04
2.14004999999999995E-04
1.97445000000000004E-04
1.98454000000000008E-04
1.96443999999999991E-04
1.98215000000000012E-04
1.97834000000000004E-04
1.95915000000000011E-04
1.87703999999999990E-04
2.09525000000000011E-04
1.74083999999999995E-04
1.81573999999999993E-04
1.79874000000000006E-04
1.81394000000000005E-04
1.59624000000000002E-04
1.46503000000000003E-04
1.64264000000000012E-04
1.46383000000000011E-04
1.45663000000000004E-04
1.69874000000000007E-04
2.15855000000000013E-04
1.97123999999999992E-04
1.93384999999999992E-04
1.92973999999999999E-04
1.98814000000000011E-04
1.99525000000000012E-04
1.98414000000000001E-04
1.98564999999999994E-04
2.02613999999999995E-04
2.18015000000000006E-04
2.18304999999999991E-04
1.93995000000000002E-04
2.08473999999999997E-04
1.87085000000000002E-04
2.06624000000000006E-04
2.00614999999999989E-04
1.86204000000000008E-04
1.86524000000000005E-04
1.96595000000000011E-04
2.02394000000000001E-04
2.18995000000000013E-04
1.98134999999999999E-04
1.99643999999999988E-04
1.95873999999999988E-04
1.98065000000000009E-04
1.95724000000000012E-04
1.93945000000000001E-04
1.95613999999999988E-04
1.79383999999999989E-04
1.55653999999999997E-04
1.50483000000000002E-04
1.63623999999999991E-04
1.46322999999999988E-04
1.50962999999999998E-04
1.46014000000000002E-04
1.77583999999999999E-04
1.62742999999999997E-04
1.46374000000000005E-04
1.49402999999999992E-04
1.46102999999999994E-04
1.46204000000000012E-04
1.45842999999999993E-04
1.45923000000000005E-04
1.46083000000000004E-04
1.61783999999999995E-04
1.46183000000000006E-04
2.40706000000000009E-04
2.60795999999999988E-04
4.90040999999999979E-04
2.44695000000000014E-04
1.96433999999999997E-04
1.63632999999999997E-04
1.50643999999999990E-04
1.91473999999999990E-04
1.46042999999999997E-04
1.88585000000000011E-04
1.45672999999999999E-04
1.52762999999999987E-04
1.69864000000000012E-04
1.80604000000000008E-04
1.79743999999999992E-04
1.80504000000000005E-04
1.80053999999999994E-04
2.31465999999999996E-04
2.37270000000000010E-04
2.34075000000000011E-04
2.20554999999999992E-04
2.05224999999999988E-04
2.04694000000000002E-04
2.35696000000000001E-04
2.04434000000000001E-04
2.03964999999999989E-04
2.23295000000000009E-04
2.15424999999999991E-04
2.22725000000000006E-04
2.04994000000000010E-04
2.12904999999999995E-04
2.07085000000000000E-04
1.91883999999999994E-04
2.06834999999999994E-04
1.85164000000000005E-04
2.03735000000000000E-04
1.84293999999999994E-04
1.83844000000000010E-04
2.01854000000000009E-04
1.84644999999999991E-04
1.84773999999999990E-04
2.29974999999999993E-04
1.85934000000000012E-04
2.25825000000000000E-04
1.85574000000000009E-04
2.12415000000000005E-04
1.85503999999999991E-04
1.85655000000000011E-04
2.11754000000000006E-04
1.87765000000000002E-04
2.14109999999999995E-04
2.04434000000000001E-04
1.98643999999999991E-04
1.93544000000000002E-04
1.92945000000000003E-04
1.99504000000000006E-04
1.99535000000000006E-04
1.94574000000000011E-04
1.91084000000000002E-04
1.75954000000000003E-04
1.46054000000000008E-04
1.45682999999999994E-04
1.45622999999999998E-04
1.45773000000000002E-04
1.45634000000000009E-04
1.55763000000000006E-04
1.45902999999999989E-04
1.46164000000000005E-04
1.45653000000000010E-04
1.57374000000000001E-04
1.46262999999999992E-04
1.45813000000000008E-04
1.45543000000000012E-04
1.61404000000000002E-04
1.45902999999999989E-04
1.46193999999999990E-04
1.46092999999999999E-04
1.46173000000000011E-04
1.45723000000000001E-04
1.46214000000000007E-04
1.45703000000000011E-04
1.45682999999999994E-04
3.87458999999999991E-04
1.98693999999999992E-04
2.14699999999999987E-04
1.91544999999999997E-04
2.21210000000000005E-04
2.06765000000000003E-04
1.96634000000000001E-04
1.99554000000000007E-04
2.01955000000000000E-04
1.97373999999999998E-04
1.96474999999999992E-04
1.93553999999999997E-04
1.93405000000000009E-04
2.21678999999999990E-04
1.89413999999999999E-04
2.08175000000000005E-04
2.15645000000000013E-04
1.90144000000000001E-04
1.90483999999999988E-04
1.94324999999999994E-04
1.90504000000000004E-04
2.18525000000000013E-04
1.89504000000000007E-04
1.99005000000000010E-04
1.90423999999999991E-04
1.94703999999999998E-04
2.24224999999999989E-04
1.90774000000000000E-04
1.93463999999999989E-04
1.89814000000000009E-04
1.89435000000000005E-04
2.16435000000000011E-04
1.89853999999999988E-04
1.89724000000000002E-04
2.07325000000000011E-04
1.95763999999999991E-04
2.21515000000000009E-04
1.88965000000000004E-04
1.89404000000000005E-04
2.35514999999999997E-04
1.89504000000000007E-04
2.17705000000000004E-04
1.89735000000000012E-04
1.89123999999999987E-04
2.06073999999999992E-04
1.94355000000000005E-04
2.06223999999999996E-04
1.89454000000000006E-04
1.90124000000000011E-04
2.12814999999999988E-04
1.90313999999999994E-04
2.08814999999999999E-04
1.91064000000000012E-04
1.90523999999999994E-04
2.09595000000000002E-04
1.96474999999999992E-04
2.09234000000000010E-04
2.10174999999999999E-04
1.91053999999999991E-04
1.90924999999999992E-04
2.01544000000000007E-04
2.16765000000000002E-04
1.90454000000000003E-04
2.12764999999999986E-04
1.90084999999999994E-04
1.95763999999999991E-04
2.06584999999999988E-04
1.89764000000000008E-04
2.09044999999999988E-04
1.91014000000000011E-04
1.93634000000000010E-04
2.11494999999999994E-04
1.90303999999999999E-04
1.90774999999999989E-04
1.90883999999999997E-04
1.95343999999999992E-04
4.07179000000000026E-04
3.37191999999999993E-04
4.51090000000000020E-04
3.71757999999999973E-04
2.40640999999999989E-04
2.04133999999999994E-04
2.05245000000000004E-04
2.00893999999999991E-04
2.09204999999999987E-04
2.02014000000000008E-04
2.01685000000000004E-04
2.01213999999999988E-04
2.01825000000000013E-04
2.02394000000000001E-04
2.02084999999999987E-04
1.60142999999999988E-04
1.45933999999999989E-04
1.65703000000000009E-04
1.73914000000000002E-04
1.46073000000000009E-04
1.45763000000000007E-04
1.45863000000000009E-04
1.46013000000000013E-04
1.45904000000000004E-04
1.46083000000000004E-04
1.46073000000000009E-04
1.58294000000000013E-04
1.80533999999999990E-04
1.59022999999999999E-04
1.62983999999999997E-04
1.45923000000000005E-04
1.45844000000000008E-04
1.45582999999999992E-04
1.45823000000000003E-04
1.45753000000000012E-04
1.45813999999999997E-04
1.61513000000000010E-04
1.78793999999999996E-04
1.46484000000000002E-04
1.64322999999999992E-04
1.75603999999999994E-04
1.55384000000000002E-04
1.63513999999999993E-04
1.46062999999999987E-04
1.46543000000000010E-04
1.46322999999999988E-04
1.46464000000000013E-04
1.46193000000000001E-04
1.46672999999999997E-04
1.46393999999999995E-04
1.77144000000000010E-04
1.48132999999999999E-04
1.46462999999999997E-04
1.46362999999999994E-04
1.46384000000000000E-04
1.61793000000000001E-04
1.45923999999999994E-04
1.45882999999999999E-04
1.45653000000000010E-04
1.45863000000000009E-04
1.45863999999999998E-04
1.46042999999999997E-04
1.45902999999999989E-04
1.45994000000000012E-04
1.45773000000000002E-04
1.80124000000000012E-04
1.45882999999999999E-04
1.45773000000000002E-04
1.46183999999999995E-04
1.61902999999999998E-04
1.45923999999999994E-04
1.45782999999999997E-04
1.46062999999999987E-04
1.45913000000000011E-04
1.45852999999999987E-04
1.45913000000000011E-04
1.45532999999999990E-04
1.45374000000000008E-04
1.45592999999999987E-04
1.45632999999999993E-04
1.45382999999999987E-04
1.45413999999999987E-04
1.84944000000000010E-04
1.50652999999999996E-04
1.45792999999999991E-04
1.45673999999999988E-04
1.45663000000000004E-04
1.45563000000000002E-04
1.45274000000000005E-04
1.52642999999999995E-04
1.45482999999999989E-04
1.48414000000000006E-04
1.60223000000000001E-04
1.98705000000000003E-04
1.99623999999999998E-04
2.33574999999999999E-04
1.84964000000000000E-04
2.35524999999999992E-04
2.41265000000000002E-04
1.70223999999999988E-04
1.46154000000000010E-04
1.65512999999999999E-04
1.45684000000000010E-04
1.45782999999999997E-04
1.62823999999999998E-04
1.46193000000000001E-04
1.45653000000000010E-04
1.45622999999999998E-04
1.45894000000000010E-04
1.45863000000000009E-04
1.46293000000000004E-04
1.86543999999999995E-04
1.46303999999999987E-04
1.45863000000000009E-04
1.45992999999999996E-04
1.45834000000000014E-04
1.56302999999999997E-04
1.73193999999999996E-04
1.58924000000000012E-04
1.46512999999999998E-04
1.46123000000000010E-04
1.46202999999999996E-04
1.49944000000000000E-04
1.46143000000000000E-04
1.57853999999999997E-04
1.72382999999999993E-04
1.50282999999999998E-04
1.46262999999999992E-04
1.45782999999999997E-04
1.46023999999999996E-04
1.63503000000000010E-04
1.46364000000000010E-04
1.57653000000000003E-04
1.46453999999999991E-04
1.46293000000000004E-04
1.68314000000000002E-04
1.46233000000000008E-04
1.76963999999999995E-04
1.46422999999999990E-04
1.65434000000000002E-04
1.63453999999999997E-04
1.46152999999999995E-04
1.45582999999999992E-04
1.62444000000000005E-04
1.45782999999999997E-04
1.45422999999999993E-04
1.45644000000000003E-04
1.46343000000000005E-04
1.57503999999999988E-04
1.46393000000000006E-04
1.46052999999999992E-04
1.45763000000000007E-04
1.45574000000000013E-04
1.45482999999999989E-04
1.45482999999999989E-04
1.45753000000000012E-04
1.61693999999999987E-04
1.45813000000000008E-04
1.54274000000000007E-04
1.70924000000000005E-04
1.58882999999999990E-04
1.45944000000000011E-04
1.45703000000000011E-04
1.45753000000000012E-04
1.45713000000000006E-04
1.45663999999999993E-04
1.45792999999999991E-04
1.45513000000000001E-04
1.45794000000000007E-04
1.61592999999999996E-04
1.84813999999999996E-04
1.78443999999999988E-04
1.45794000000000007E-04
1.46243000000000002E-04
1.45622999999999998E-04
1.45353000000000002E-04
1.45424000000000009E-04
1.45493000000000011E-04
1.45572999999999997E-04
1.45264000000000011E-04
1.47023000000000005E-04
1.55472999999999994E-04
1.64274000000000006E-04
1.69633999999999996E-04
1.46283000000000009E-04
1.46302999999999998E-04
1.45983999999999990E-04
1.58762999999999998E-04
1.51084000000000006E-04
1.46283000000000009E-04
1.46343000000000005E-04
1.46634000000000006E-04
1.46353000000000000E-04
1.46033000000000003E-04
1.46293000000000004E-04
1.99425000000000009E-04
1.85813999999999993E-04
1.97375000000000014E-04
1.98523999999999999E-04
2.02274999999999997E-04
1.90003999999999992E-04
1.68354000000000008E-04
1.85553999999999992E-04
1.80034000000000005E-04
1.72434000000000010E-04
2.01065000000000000E-04
2.16574000000000004E-04
1.97724999999999995E-04
1.97073999999999991E-04
1.99564999999999991E-04
2.22775000000000008E-04
2.15505000000000004E-04
2.09494000000000011E-04
1.91714999999999990E-04
1.92224000000000008E-04
2.07774999999999995E-04
1.91744000000000013E-04
2.08335000000000003E-04
1.90434000000000013E-04
1.91403999999999999E-04
2.09354999999999990E-04
1.91993999999999992E-04
1.90974999999999994E-04
2.03424000000000009E-04
1.91403999999999999E-04
2.39625999999999999E-04
1.91573999999999992E-04
2.06815000000000004E-04
1.48443000000000002E-04
1.45882999999999999E-04
1.61144000000000001E-04
1.45842999999999993E-04
1.57653999999999992E-04
1.45713000000000006E-04
1.45873999999999993E-04
1.45493000000000011E-04
1.45732999999999995E-04
1.69383999999999990E-04
1.46482999999999986E-04
1.46403000000000001E-04
1.46464000000000013E-04
1.45983000000000001E-04
1.45803000000000013E-04
1.45443999999999999E-04
1.68392999999999999E-04
1.45973999999999995E-04
1.52193000000000011E-04
1.59163999999999996E-04
1.45582999999999992E-04
1.45902999999999989E-04
1.59523999999999999E-04
1.60962999999999997E-04
1.48793999999999999E-04
1.58283000000000002E-04
1.48483999999999997E-04
1.46152999999999995E-04
1.45933000000000000E-04
1.59903999999999992E-04
1.45672999999999999E-04
1.47813000000000003E-04
1.70984000000000001E-04
1.48343999999999988E-04
1.52322999999999998E-04
1.59803999999999990E-04
1.45663000000000004E-04
1.45742999999999990E-04
1.71983999999999999E-04
1.47252999999999994E-04
1.46064000000000003E-04
1.46102999999999994E-04
1.73534000000000009E-04
1.45963000000000012E-04
1.45892999999999994E-04
1.68893999999999999E-04
1.46353999999999988E-04
1.46312999999999993E-04
1.46112999999999988E-04
1.46532999999999988E-04
1.46414000000000011E-04
1.46183000000000006E-04
1.98263999999999998E-04
1.77543000000000004E-04
1.61673000000000009E-04
1.46372999999999989E-04
1.46214000000000007E-04
1.46112999999999988E-04
2.65405999999999986E-04
1.94054000000000009E-04
2.12544999999999992E-04
1.92153999999999990E-04
1.91685000000000005E-04
2.00144000000000000E-04
1.91895000000000005E-04
2.15844000000000002E-04
2.04625000000000000E-04
1.91124000000000009E-04
2.10625000000000010E-04
1.93305000000000007E-04
2.14973999999999992E-04
