2.29393307879749244E+01
2.21048000000000002E-04
1.98015999999999996E-04
2.01689000000000013E-04
2.51594000000000004E-04
2.11589999999999999E-04
2.47529999999999983E-04
2.14818999999999991E-04
1.65503999999999993E-04
1.75331000000000006E-04
1.77844000000000000E-04
1.83575000000000003E-04
2.67070000000000003E-04
2.27993000000000011E-04
1.70151999999999993E-04
1.78958999999999992E-04
1.99359000000000000E-04
1.78473000000000011E-04
2.02816000000000004E-04
1.79273999999999992E-04
1.99587000000000012E-04
1.69252999999999987E-04
1.58700999999999997E-04
1.58548999999999989E-04
1.58591999999999989E-04
1.58734000000000002E-04
1.58581999999999994E-04
1.78688999999999996E-04
1.59135000000000000E-04
1.58884999999999994E-04
1.58495000000000006E-04
1.69166000000000000E-04
2.00940999999999999E-04
1.89122000000000010E-04
1.97626000000000008E-04
2.23073999999999999E-04
1.98471000000000004E-04
1.78905999999999998E-04
1.59005000000000013E-04
1.99716000000000010E-04
1.80313999999999995E-04
1.96130999999999996E-04
1.64811000000000005E-04
1.59178000000000000E-04
1.58970999999999993E-04
2.04538000000000013E-04
1.58853000000000005E-04
1.58517000000000000E-04
1.58256999999999999E-04
1.58321999999999993E-04
1.58321000000000004E-04
1.77887000000000000E-04
1.76749999999999987E-04
1.58538999999999994E-04
1.58700999999999997E-04
1.58366000000000008E-04
1.58311000000000009E-04
1.58354000000000009E-04
1.58376000000000003E-04
1.90800999999999991E-04
1.58765999999999991E-04
1.58689999999999987E-04
1.58387000000000013E-04
1.58602999999999999E-04
1.59048000000000013E-04
1.90990000000000013E-04
1.58235000000000005E-04
1.58040999999999987E-04
1.58431000000000002E-04
1.58137999999999996E-04
1.58311000000000009E-04
1.58039999999999998E-04
1.58051000000000009E-04
1.58581999999999994E-04
1.58202999999999989E-04
1.58028999999999987E-04
1.58256999999999999E-04
1.77454000000000012E-04
1.58841999999999995E-04
1.58354000000000009E-04
1.58333000000000003E-04
1.58473000000000012E-04
1.58288999999999988E-04
1.90638999999999989E-04
1.58689999999999987E-04
1.58202000000000001E-04
1.58290000000000004E-04
1.72317999999999999E-04
1.58104999999999991E-04
1.58483999999999996E-04
1.76111000000000008E-04
1.58743999999999997E-04
1.58645999999999999E-04
1.58290000000000004E-04
1.58018000000000004E-04
4.99887999999999982E-04
2.13897999999999991E-04
2.08318999999999995E-04
2.14049000000000010E-04
2.23701999999999994E-04
2.03107999999999994E-04
2.12792999999999994E-04
2.09650999999999989E-04
2.20940000000000009E-04
2.08547000000000008E-04
2.05610999999999994E-04
2.06021999999999987E-04
2.05264000000000005E-04
2.08979000000000006E-04
2.39866000000000010E-04
2.09358999999999999E-04
2.08199000000000003E-04
2.17244999999999998E-04
2.08058999999999995E-04
2.13453999999999993E-04
2.09781999999999991E-04
2.15101000000000013E-04
2.09358999999999999E-04
2.00411000000000003E-04
2.07884999999999993E-04
2.30072999999999991E-04
2.12425000000000000E-04
2.20430999999999991E-04
2.08752000000000010E-04
2.13606000000000001E-04
1.99241000000000012E-04
2.08774000000000004E-04
2.07225000000000009E-04
2.08946999999999990E-04
2.13649000000000000E-04
2.29900000000000005E-04
2.19521000000000001E-04
2.33128000000000008E-04
2.07765999999999989E-04
2.15794000000000001E-04
2.10506999999999996E-04
2.03975000000000011E-04
2.09466999999999992E-04
2.10745000000000002E-04
2.28631999999999989E-04
2.38630999999999999E-04
2.14493999999999997E-04
2.07376000000000001E-04
1.97767000000000006E-04
2.10301000000000005E-04
2.07560999999999987E-04
2.07853000000000004E-04
2.15815999999999995E-04
2.08686999999999989E-04
2.13517999999999998E-04
2.22489000000000004E-04
2.03649999999999990E-04
2.15025000000000009E-04
2.15295000000000005E-04
2.10540000000000000E-04
2.08502999999999992E-04
2.02338000000000013E-04
2.13205000000000003E-04
2.09001999999999989E-04
2.41198999999999992E-04
2.32293000000000007E-04
2.07917000000000008E-04
2.05264000000000005E-04
1.97982999999999991E-04
2.16648999999999992E-04
1.99564999999999991E-04
2.24200999999999990E-04
2.05416000000000013E-04
1.99208000000000008E-04
1.98991000000000006E-04
2.29585000000000005E-04
1.99511000000000008E-04
2.08242999999999991E-04
5.69281999999999948E-04
2.07180999999999994E-04
2.12663000000000007E-04
2.24362999999999993E-04
2.08979999999999995E-04
2.07538000000000004E-04
1.98091000000000011E-04
2.01623000000000004E-04
1.58528000000000011E-04
1.58364999999999992E-04
1.58266999999999994E-04
1.58376000000000003E-04
1.58235999999999994E-04
1.58278000000000005E-04
1.58073000000000003E-04
1.58841000000000006E-04
1.58777000000000001E-04
1.58646999999999987E-04
1.58624999999999993E-04
1.58387000000000013E-04
1.76359999999999999E-04
1.58343999999999987E-04
1.72026999999999998E-04
1.58722999999999991E-04
1.58419999999999991E-04
1.58192000000000006E-04
1.58431000000000002E-04
2.12759999999999989E-04
1.58560000000000000E-04
1.58624999999999993E-04
1.58669000000000008E-04
1.58485000000000012E-04
1.58213000000000011E-04
1.75374000000000005E-04
1.60001000000000002E-04
1.62275999999999989E-04
1.58028999999999987E-04
1.58354000000000009E-04
1.58517000000000000E-04
1.58256999999999999E-04
1.58278000000000005E-04
1.58462999999999990E-04
1.58483999999999996E-04
1.58094000000000008E-04
1.58374999999999987E-04
2.02544999999999993E-04
2.52266999999999975E-04
2.07029000000000013E-04
2.08037000000000001E-04
2.08545999999999992E-04
2.19998000000000003E-04
2.35846999999999993E-04
2.50462000000000015E-04
2.08275999999999996E-04
2.08122999999999999E-04
3.04249999999999996E-04
2.69756000000000011E-04
1.62470999999999997E-04
1.58364999999999992E-04
1.58268000000000010E-04
1.58170000000000012E-04
1.58266999999999994E-04
1.58788000000000012E-04
1.58407999999999992E-04
1.58462999999999990E-04
1.58321999999999993E-04
1.58636000000000004E-04
1.76510999999999991E-04
1.58321999999999993E-04
1.58343999999999987E-04
1.58452000000000007E-04
1.84994000000000011E-04
1.58462999999999990E-04
1.58430000000000013E-04
1.58452000000000007E-04
1.58278000000000005E-04
1.58061999999999992E-04
1.58256999999999999E-04
1.58149000000000007E-04
1.58397999999999997E-04
1.76391999999999988E-04
1.58733000000000013E-04
1.83054000000000013E-04
1.96498999999999990E-04
1.58571000000000010E-04
2.89701000000000010E-04
1.85773999999999987E-04
1.59318000000000008E-04
1.58929000000000009E-04
1.59068999999999991E-04
1.58645999999999999E-04
1.58689999999999987E-04
1.77476000000000006E-04
4.75803000000000012E-04
2.33641999999999997E-04
2.38265000000000010E-04
3.17944000000000017E-04
2.73168000000000011E-04
2.22587000000000002E-04
2.10735000000000008E-04
2.21697999999999991E-04
2.11200000000000011E-04
2.27235000000000002E-04
2.35132000000000011E-04
2.19921000000000011E-04
2.14644999999999989E-04
2.47557999999999990E-04
2.61122000000000025E-04
2.11189999999999989E-04
2.22737999999999994E-04
2.54297000000000008E-04
2.24589999999999989E-04
2.36616000000000013E-04
2.16650000000000008E-04
2.18263999999999996E-04
2.12716999999999990E-04
2.20940000000000009E-04
2.10886000000000000E-04
3.58636999999999975E-04
2.41740999999999988E-04
2.12587000000000003E-04
2.23582999999999990E-04
1.70129999999999999E-04
1.96953999999999998E-04
2.01255000000000010E-04
1.77519000000000006E-04
1.59232000000000010E-04
1.92566999999999988E-04
1.97008000000000008E-04
1.79240999999999987E-04
1.99564999999999991E-04
1.98655999999999990E-04
1.88741999999999990E-04
1.58712000000000008E-04
1.58593000000000004E-04
1.58624999999999993E-04
1.61408999999999999E-04
1.79263000000000008E-04
1.64019999999999992E-04
1.78330999999999997E-04
1.58786999999999996E-04
1.58798000000000007E-04
1.58560000000000000E-04
1.58505999999999990E-04
1.58929000000000009E-04
1.58667999999999993E-04
1.58667999999999993E-04
1.58061999999999992E-04
1.58505999999999990E-04
1.58290000000000004E-04
1.71733000000000004E-04
1.93238000000000009E-04
1.86175000000000012E-04
1.58548999999999989E-04
1.58863000000000000E-04
1.58214000000000000E-04
1.58440999999999996E-04
1.58614000000000010E-04
1.58743999999999997E-04
1.58614999999999998E-04
1.70487999999999998E-04
2.14352999999999999E-04
2.10008999999999988E-04
2.10874999999999989E-04
2.09316000000000000E-04
2.75610999999999988E-04
2.12598000000000013E-04
2.38196999999999996E-04
2.09824999999999991E-04
2.13887999999999996E-04
2.11644000000000009E-04
2.10172000000000006E-04
2.88726000000000000E-04
2.13811999999999992E-04
2.13160999999999987E-04
2.13584000000000007E-04
2.12033999999999996E-04
3.35862999999999993E-04
2.11504000000000000E-04
2.64805000000000010E-04
2.28513000000000013E-04
2.36865000000000003E-04
2.11363000000000002E-04
2.13963000000000011E-04
2.06586000000000004E-04
1.99619999999999990E-04
2.32715999999999999E-04
2.12413999999999989E-04
2.31566999999999987E-04
2.59842999999999999E-04
2.23529000000000007E-04
2.32596999999999996E-04
2.16681999999999997E-04
2.41090000000000011E-04
2.14830000000000001E-04
2.36085999999999989E-04
2.14796999999999997E-04
2.14083000000000003E-04
2.39704000000000008E-04
2.37135999999999987E-04
2.64165999999999978E-04
2.14071999999999993E-04
2.34546999999999989E-04
2.15252000000000005E-04
2.15262999999999989E-04
2.33691000000000009E-04
2.54935999999999986E-04
2.35521999999999999E-04
2.14959999999999988E-04
2.39401000000000007E-04
2.14092999999999998E-04
2.20365999999999997E-04
2.13865000000000013E-04
2.14147999999999997E-04
2.45347999999999996E-04
2.14071999999999993E-04
2.13725000000000004E-04
2.37786000000000003E-04
2.31534999999999998E-04
2.38934000000000000E-04
2.13453999999999993E-04
2.32498999999999998E-04
2.19163999999999991E-04
2.14288000000000006E-04
2.69343999999999974E-04
2.16769000000000011E-04
2.36237000000000008E-04
2.14374000000000004E-04
2.20158999999999991E-04
2.35965999999999997E-04
2.14169000000000002E-04
2.16314000000000003E-04
2.19726999999999992E-04
2.48500999999999984E-04
2.16996000000000007E-04
2.14830000000000001E-04
2.35598000000000003E-04
2.15555999999999994E-04
2.54741000000000006E-04
2.15555999999999994E-04
2.15760999999999996E-04
2.56267999999999980E-04
2.09661999999999999E-04
2.44458999999999985E-04
2.15663999999999987E-04
2.42694000000000004E-04
2.14484000000000002E-04
2.20029999999999992E-04
2.32921999999999990E-04
2.15653000000000004E-04
4.62111999999999983E-04
2.63570000000000026E-04
2.23334000000000000E-04
2.26280999999999997E-04
3.67495999999999979E-04
2.57838999999999996E-04
2.30029000000000003E-04
2.74035000000000001E-04
2.12988999999999990E-04
2.11427999999999996E-04
2.17073000000000000E-04
2.12241000000000003E-04
2.19835000000000012E-04
2.14992000000000004E-04
2.37297999999999990E-04
2.20170000000000001E-04
2.14331999999999994E-04
2.20160000000000006E-04
2.13474999999999998E-04
2.15999999999999992E-04
2.41642999999999990E-04
2.16672000000000002E-04
2.20582999999999999E-04
2.30289000000000004E-04
2.67914000000000010E-04
2.08643999999999990E-04
2.13498000000000008E-04
2.16249000000000009E-04
2.39086000000000008E-04
2.20148999999999996E-04
2.16108000000000012E-04
2.15555999999999994E-04
2.28046999999999994E-04
2.14536999999999996E-04
2.52562999999999974E-04
2.10246999999999995E-04
2.25956000000000003E-04
2.10811000000000012E-04
2.09888999999999996E-04
2.20962000000000003E-04
2.16325000000000013E-04
2.16488000000000005E-04
2.45294000000000013E-04
1.72601000000000010E-04
1.84711999999999989E-04
1.58485000000000012E-04
1.91635000000000004E-04
2.20657999999999987E-04
2.14992000000000004E-04
2.21232999999999987E-04
2.31685999999999990E-04
2.15316999999999999E-04
2.18729999999999988E-04
2.17569999999999992E-04
2.40461999999999989E-04
2.15674000000000009E-04
2.16163000000000011E-04
2.20809000000000006E-04
2.14527000000000001E-04
2.19747999999999997E-04
2.08827999999999987E-04
2.33312000000000005E-04
2.21666000000000002E-04
2.14796999999999997E-04
2.32141999999999987E-04
2.03119000000000005E-04
2.03443000000000010E-04
2.10311999999999988E-04
2.05013999999999999E-04
2.04558999999999991E-04
2.11590999999999987E-04
2.05080000000000008E-04
2.25565999999999988E-04
2.04656999999999989E-04
2.26032000000000007E-04
5.74342000000000038E-04
2.23279999999999990E-04
2.41436999999999999E-04
2.74154999999999993E-04
2.12391999999999995E-04
2.20528000000000000E-04
2.14742999999999987E-04
2.38814999999999996E-04
2.18513000000000013E-04
2.19769999999999991E-04
2.18154999999999987E-04
2.19693999999999987E-04
2.19163000000000002E-04
2.32942999999999996E-04
2.20668999999999998E-04
2.13052999999999995E-04
2.22315999999999990E-04
2.53333000000000009E-04
2.39346000000000009E-04
2.10475000000000007E-04
2.31763000000000010E-04
2.17808999999999988E-04
2.20690999999999992E-04
2.14570000000000001E-04
2.15565999999999989E-04
2.15469000000000007E-04
2.15348999999999987E-04
2.38597999999999995E-04
2.16347000000000007E-04
2.21394999999999990E-04
2.22262000000000008E-04
2.16855000000000010E-04
2.15858999999999994E-04
1.91742999999999997E-04
2.10094999999999987E-04
2.09423999999999993E-04
2.11363000000000002E-04
2.34524999999999995E-04
2.13508000000000003E-04
2.24080999999999998E-04
2.13909000000000001E-04
2.38294999999999994E-04
2.19444999999999997E-04
2.10062999999999998E-04
2.07061999999999990E-04
2.09759999999999997E-04
2.14038999999999988E-04
2.33085000000000009E-04
2.13703000000000010E-04
2.13713999999999994E-04
2.14061000000000009E-04
2.15078999999999992E-04
2.16249000000000009E-04
2.14245000000000006E-04
2.13475999999999987E-04
2.13627000000000006E-04
2.13431999999999999E-04
2.38099999999999987E-04
2.01689000000000013E-04
2.08664999999999995E-04
2.14016999999999994E-04
2.40050999999999996E-04
2.38881000000000005E-04
2.13703000000000010E-04
2.13238000000000007E-04
2.26951999999999991E-04
2.13605000000000012E-04
2.33073000000000010E-04
2.14460999999999992E-04
2.13627000000000006E-04
2.14884000000000011E-04
2.14959000000000000E-04
2.14982000000000009E-04
2.11177999999999990E-04
2.10680000000000009E-04
2.19943000000000005E-04
2.10778000000000007E-04
6.46947999999999946E-04
2.16400999999999990E-04
2.16638999999999997E-04
2.16953000000000008E-04
3.78296999999999987E-04
2.32933000000000001E-04
2.55796999999999991E-04
2.16325000000000013E-04
2.17461999999999999E-04
2.14548000000000006E-04
2.31601000000000007E-04
2.16183999999999989E-04
2.54404000000000013E-04
2.21861000000000009E-04
2.40212999999999999E-04
1.93856000000000009E-04
1.93770000000000010E-04
1.93921000000000002E-04
1.94396999999999989E-04
1.94061000000000011E-04
1.94288999999999996E-04
1.94603000000000007E-04
1.95741000000000009E-04
1.94365000000000000E-04
2.03215999999999987E-04
1.58409000000000007E-04
1.58495000000000006E-04
2.02425000000000001E-04
2.29704000000000008E-04
2.13226000000000008E-04
2.14288000000000006E-04
2.13627000000000006E-04
2.15588000000000010E-04
2.24763999999999991E-04
2.36560999999999987E-04
2.17831000000000009E-04
2.13735999999999988E-04
2.13400000000000010E-04
2.14006000000000011E-04
2.13844000000000008E-04
2.32326000000000011E-04
2.13832999999999997E-04
2.14384999999999988E-04
2.13735999999999988E-04
2.36106000000000006E-04
2.19174000000000013E-04
2.19585000000000006E-04
2.22630000000000001E-04
2.09325999999999994E-04
2.16259999999999993E-04
2.10940999999999999E-04
2.33083999999999993E-04
2.13529999999999997E-04
2.14959999999999988E-04
2.37060000000000011E-04
2.19000999999999999E-04
2.13768000000000004E-04
2.13042000000000011E-04
2.11850999999999988E-04
2.24775000000000002E-04
2.19411999999999992E-04
2.10637000000000010E-04
2.01818000000000011E-04
2.04818999999999992E-04
2.01222999999999994E-04
1.93465999999999994E-04
1.89934000000000001E-04
1.93422000000000006E-04
1.58982999999999992E-04
1.80476999999999987E-04
1.59068999999999991E-04
2.27006999999999990E-04
2.01103999999999991E-04
2.06781000000000011E-04
2.09478000000000003E-04
2.39692999999999997E-04
1.98915000000000002E-04
1.15284999999999997E-03
2.02988000000000002E-04
2.08709000000000010E-04
2.06445000000000006E-04
2.32921999999999990E-04
1.76240000000000007E-04
2.10886000000000000E-04
1.59135000000000000E-04
1.58743999999999997E-04
2.07419999999999989E-04
1.58949999999999988E-04
1.79165999999999999E-04
1.59123999999999990E-04
2.49030999999999981E-04
2.06152000000000001E-04
1.95393999999999993E-04
1.80661000000000011E-04
1.69144999999999994E-04
1.58669000000000008E-04
1.58321999999999993E-04
1.58992999999999987E-04
1.79339000000000012E-04
1.59003999999999998E-04
1.74517999999999998E-04
1.80823000000000013E-04
1.79306000000000007E-04
2.66214000000000023E-04
2.40916999999999997E-04
2.07700999999999996E-04
2.04787000000000003E-04
2.39833000000000006E-04
2.05598999999999994E-04
2.04787000000000003E-04
2.46461000000000011E-04
2.09347999999999989E-04
2.07874000000000009E-04
2.07516999999999999E-04
2.07073000000000001E-04
2.07440999999999995E-04
2.07581999999999992E-04
2.08698000000000000E-04
2.07614999999999997E-04
2.29217000000000011E-04
2.07917000000000008E-04
2.07624999999999992E-04
2.78835000000000009E-04
2.07712000000000006E-04
2.06986000000000014E-04
2.45639999999999986E-04
3.19091999999999987E-04
1.67194000000000012E-04
1.76717000000000009E-04
2.05598000000000006E-04
1.59361999999999996E-04
1.77042000000000003E-04
1.65742999999999988E-04
1.71668999999999999E-04
1.58972000000000009E-04
1.58820999999999989E-04
1.58710999999999992E-04
1.58364999999999992E-04
1.58560000000000000E-04
1.58722999999999991E-04
1.58342999999999998E-04
1.58495000000000006E-04
1.58311000000000009E-04
1.58982000000000004E-04
1.81072999999999992E-04
1.81320999999999994E-04
2.16681999999999997E-04
2.27612999999999991E-04
2.18946999999999989E-04
2.16476999999999994E-04
2.17342999999999996E-04
2.17874000000000008E-04
2.16650000000000008E-04
2.16562999999999993E-04
2.46528999999999997E-04
2.21210000000000005E-04
2.16855000000000010E-04
2.13617000000000012E-04
2.39194999999999989E-04
2.05512999999999996E-04
2.14472000000000002E-04
2.18502999999999992E-04
2.09597000000000006E-04
2.56657999999999995E-04
2.26736000000000006E-04
2.20809999999999995E-04
2.08719000000000005E-04
2.11947999999999998E-04
2.16042999999999991E-04
2.16140000000000001E-04
2.15923999999999988E-04
2.15436000000000002E-04
2.15739999999999991E-04
2.36822000000000004E-04
2.20864000000000005E-04
2.25934000000000009E-04
2.09976999999999999E-04
2.14873000000000001E-04
2.16412000000000001E-04
2.14319999999999994E-04
2.16421999999999996E-04
2.18079999999999999E-04
1.94224000000000003E-04
2.41859000000000003E-04
2.18037000000000000E-04
2.15262999999999989E-04
2.11525000000000005E-04
2.15944999999999993E-04
2.32520999999999992E-04
2.14722000000000009E-04
2.16226999999999988E-04
2.13811000000000003E-04
2.35414000000000006E-04
2.14873000000000001E-04
2.15305999999999988E-04
2.12293999999999997E-04
2.12023000000000013E-04
2.12143000000000005E-04
2.16562999999999993E-04
1.66090000000000004E-04
1.75298000000000001E-04
1.75124999999999988E-04
1.93031999999999991E-04
1.78960000000000008E-04
1.90735999999999998E-04
1.58667999999999993E-04
1.58147999999999991E-04
1.57996999999999999E-04
1.58409000000000007E-04
1.62081000000000009E-04
1.58407999999999992E-04
1.70564000000000002E-04
2.04928000000000000E-04
1.98005000000000013E-04
1.80280999999999991E-04
1.58863999999999989E-04
1.90368000000000004E-04
1.58624999999999993E-04
1.58788000000000012E-04
1.58691000000000002E-04
1.58440999999999996E-04
1.58581999999999994E-04
1.58581999999999994E-04
1.58473000000000012E-04
1.58571000000000010E-04
1.58581999999999994E-04
1.84668999999999990E-04
1.58788000000000012E-04
1.58669000000000008E-04
1.77183000000000001E-04
1.58808999999999990E-04
1.58820000000000001E-04
1.64725000000000006E-04
1.65503999999999993E-04
1.59037000000000002E-04
1.58982999999999992E-04
1.58691000000000002E-04
1.58505999999999990E-04
1.58798000000000007E-04
1.58299999999999999E-04
1.58452000000000007E-04
1.58354999999999997E-04
1.58689999999999987E-04
2.16108000000000012E-04
1.92165999999999989E-04
2.14722000000000009E-04
2.13357000000000011E-04
2.45618999999999981E-04
2.04841000000000013E-04
2.44751999999999990E-04
1.84680000000000000E-04
1.66068000000000010E-04
2.06054000000000003E-04
2.02413999999999990E-04
1.96510000000000001E-04
1.99705999999999988E-04
2.00465000000000013E-04
1.97149999999999995E-04
1.87626000000000009E-04
1.58387000000000013E-04
1.58127000000000013E-04
1.75818000000000003E-04
1.89803999999999987E-04
1.92360999999999997E-04
1.75255000000000002E-04
1.78667000000000002E-04
1.58397999999999997E-04
1.58387000000000013E-04
1.58505999999999990E-04
1.58452000000000007E-04
1.70141000000000010E-04
1.58342999999999998E-04
1.58810000000000006E-04
1.58691000000000002E-04
1.58722000000000003E-04
1.58722999999999991E-04
1.58777000000000001E-04
1.78385000000000007E-04
1.77204000000000006E-04
1.58831000000000011E-04
1.58853000000000005E-04
1.58743999999999997E-04
2.09175000000000002E-04
2.14884000000000011E-04
2.19206000000000002E-04
2.14278000000000011E-04
2.14861999999999990E-04
2.13789999999999998E-04
2.15686000000000008E-04
2.38556000000000011E-04
2.20019000000000009E-04
2.30561000000000004E-04
2.16357999999999991E-04
2.16855999999999999E-04
2.17538000000000003E-04
2.15328000000000009E-04
2.15328000000000009E-04
2.16085999999999991E-04
2.14288000000000006E-04
2.40635000000000003E-04
2.20701000000000013E-04
2.16693000000000007E-04
2.29378999999999987E-04
2.14341999999999988E-04
2.21470000000000006E-04
2.13909000000000001E-04
2.06584999999999988E-04
2.08698000000000000E-04
2.32305000000000006E-04
2.16812000000000011E-04
2.28187999999999991E-04
2.10279999999999999E-04
2.12966999999999996E-04
2.11504000000000000E-04
2.12620000000000007E-04
2.16063999999999997E-04
2.17884999999999992E-04
2.15209000000000006E-04
2.29692999999999998E-04
2.14429000000000003E-04
2.19022999999999993E-04
2.11537000000000004E-04
2.12792999999999994E-04
2.11926999999999992E-04
2.13519000000000013E-04
2.14288000000000006E-04
2.14613000000000000E-04
2.32878999999999991E-04
8.21971000000000008E-04
2.01969999999999992E-04
2.66734000000000025E-04
2.59311999999999987E-04
1.91732000000000014E-04
1.61506999999999997E-04
1.87182000000000011E-04
2.02544000000000004E-04
1.84343999999999995E-04
1.58657999999999998E-04
1.58214000000000000E-04
1.58624999999999993E-04
1.58407999999999992E-04
1.58225000000000011E-04
1.58342999999999998E-04
1.58452000000000007E-04
1.58419000000000002E-04
1.58550000000000005E-04
2.00485999999999991E-04
1.64453000000000006E-04
1.58820000000000001E-04
1.93780000000000005E-04
1.81647000000000004E-04
1.58311000000000009E-04
1.58636000000000004E-04
2.09812999999999992E-04
2.16020999999999997E-04
2.31134000000000000E-04
2.15641999999999993E-04
2.16627999999999987E-04
2.16627999999999987E-04
2.16183999999999989E-04
2.36865000000000003E-04
2.18914000000000012E-04
2.09716000000000009E-04
2.10831999999999990E-04
2.16898999999999998E-04
2.12250999999999998E-04
2.29649999999999998E-04
2.17397000000000006E-04
2.12759999999999989E-04
2.13140000000000009E-04
2.38848000000000001E-04
2.21394999999999990E-04
2.14374999999999993E-04
2.14395999999999998E-04
2.17170000000000010E-04
2.15772000000000007E-04
2.19034000000000004E-04
2.16736000000000007E-04
2.18676000000000005E-04
2.21437999999999990E-04
2.37895000000000012E-04
2.18285999999999990E-04
2.12425000000000000E-04
2.16280999999999998E-04
2.24958999999999999E-04
2.16237999999999999E-04
2.20127000000000002E-04
2.16345999999999992E-04
2.15491000000000001E-04
2.36507999999999993E-04
2.15328000000000009E-04
2.19227999999999996E-04
2.13649000000000000E-04
2.12456999999999989E-04
2.12577000000000008E-04
2.14677999999999993E-04
2.16801999999999989E-04
2.18426999999999987E-04
2.06065000000000013E-04
2.52779999999999975E-04
2.06562999999999994E-04
2.05589000000000000E-04
2.36474999999999988E-04
2.08101999999999994E-04
2.12078000000000012E-04
2.06206000000000011E-04
2.05772999999999996E-04
4.22347000000000000E-04
2.02544000000000004E-04
2.03009999999999996E-04
2.03660000000000012E-04
2.04527000000000002E-04
2.03930999999999996E-04
2.03226999999999997E-04
2.02902000000000003E-04
2.35543999999999993E-04
2.03887999999999997E-04
2.03508999999999992E-04
2.04278000000000012E-04
2.05589000000000000E-04
2.22901000000000013E-04
2.09965000000000000E-04
2.13940999999999990E-04
2.13887999999999996E-04
2.15989000000000008E-04
2.58206999999999989E-04
2.16400000000000002E-04
2.16368000000000013E-04
2.16605999999999993E-04
2.15350000000000003E-04
2.16421999999999996E-04
2.12153000000000000E-04
2.11568000000000005E-04
2.15176000000000001E-04
2.09845999999999996E-04
2.52005000000000024E-04
2.02923000000000009E-04
2.02610000000000013E-04
2.00497000000000002E-04
2.21644000000000008E-04
2.07636000000000002E-04
2.17094000000000006E-04
2.16335999999999997E-04
2.16920999999999992E-04
2.38576999999999989E-04
2.17690000000000011E-04
2.16867000000000009E-04
2.16672000000000002E-04
2.15469000000000007E-04
2.15502000000000011E-04
2.12890999999999992E-04
2.12565999999999997E-04
2.11687999999999997E-04
2.12284000000000002E-04
2.40613999999999997E-04
2.14255999999999990E-04
2.19597000000000005E-04
2.18838000000000008E-04
2.13042000000000011E-04
2.13529000000000008E-04
2.13875999999999997E-04
2.15121999999999991E-04
2.16259999999999993E-04
2.31980000000000012E-04
2.38891000000000000E-04
2.17657000000000007E-04
2.10592999999999994E-04
2.15653000000000004E-04
2.14710999999999998E-04
2.12728000000000000E-04
2.13193999999999992E-04
2.16736000000000007E-04
2.16378999999999996E-04
2.16042999999999991E-04
2.36767999999999994E-04
2.24710000000000008E-04
2.15534000000000000E-04
2.15901999999999994E-04
2.15565999999999989E-04
2.20182000000000000E-04
2.13443000000000009E-04
2.07593000000000003E-04
2.11320000000000003E-04
2.14472000000000002E-04
2.33691000000000009E-04
2.80346000000000002E-04
2.27667000000000001E-04
2.29943000000000004E-04
2.11730999999999996E-04
2.59160999999999994E-04
2.58878999999999999E-04
1.89945000000000012E-04
1.58896000000000005E-04
1.86639999999999988E-04
1.58960999999999998E-04
1.77865999999999994E-04
1.58505999999999990E-04
1.58180999999999995E-04
1.58321000000000004E-04
1.58321999999999993E-04
1.58147999999999991E-04
1.58309999999999994E-04
1.58462000000000002E-04
1.58452000000000007E-04
1.58321999999999993E-04
1.58385999999999998E-04
1.58331999999999988E-04
1.58299999999999999E-04
1.75773999999999988E-04
1.58712000000000008E-04
1.58593000000000004E-04
1.58127000000000013E-04
1.58268000000000010E-04
1.58473000000000012E-04
1.58223999999999995E-04
1.58571000000000010E-04
1.58018999999999993E-04
1.68960000000000009E-04
2.22813999999999998E-04
1.58483999999999996E-04
1.58452000000000007E-04
1.76533000000000012E-04
1.58786999999999996E-04
1.58483999999999996E-04
1.58505999999999990E-04
1.58591999999999989E-04
1.58192000000000006E-04
1.58299999999999999E-04
1.58180999999999995E-04
1.58202999999999989E-04
1.63067000000000003E-04
1.58235000000000005E-04
1.57899000000000001E-04
1.58223999999999995E-04
1.58517000000000000E-04
1.75667000000000011E-04
1.88481999999999989E-04
1.84279999999999991E-04
1.58810000000000006E-04
1.58462000000000002E-04
1.58777000000000001E-04
1.58657000000000009E-04
1.89241000000000013E-04
1.58593000000000004E-04
1.58743999999999997E-04
1.58397999999999997E-04
1.68722000000000002E-04
1.58440999999999996E-04
1.77779000000000007E-04
1.58517000000000000E-04
1.65710000000000011E-04
1.71852999999999996E-04
1.63174999999999995E-04
1.77552000000000010E-04
1.57920999999999995E-04
1.58039999999999998E-04
1.58278000000000005E-04
1.58311000000000009E-04
1.58116000000000002E-04
1.58624999999999993E-04
1.58462999999999990E-04
1.77507999999999995E-04
1.58657000000000009E-04
1.58223999999999995E-04
1.58354000000000009E-04
1.58256999999999999E-04
2.00984999999999987E-04
1.79414999999999989E-04
1.95199000000000013E-04
1.98524999999999987E-04
2.05858999999999995E-04
2.23398999999999993E-04
2.03735999999999989E-04
2.40585999999999990E-04
2.01472000000000012E-04
1.98698000000000001E-04
2.07516999999999999E-04
2.47292999999999992E-04
2.03498000000000009E-04
1.84138000000000005E-04
3.60599999999999983E-04
2.32348000000000005E-04
2.08871000000000013E-04
1.99824999999999992E-04
2.03692999999999989E-04
2.46929000000000007E-04
2.03811999999999993E-04
2.46134000000000012E-04
2.03140000000000010E-04
2.10031000000000009E-04
1.85665999999999994E-04
1.92914000000000003E-04
1.81504999999999991E-04
2.06498999999999989E-04
2.06693999999999997E-04
2.05025000000000010E-04
2.12436000000000010E-04
2.09098999999999998E-04
2.11351999999999992E-04
2.13052999999999995E-04
2.10518000000000006E-04
2.13259000000000013E-04
1.79989000000000001E-04
2.10031000000000009E-04
2.27743000000000005E-04
2.12219000000000009E-04
2.13107000000000005E-04
2.13355999999999995E-04
2.12446000000000005E-04
2.12923000000000008E-04
2.13388999999999999E-04
2.18199000000000003E-04
2.43095000000000003E-04
2.19781000000000002E-04
2.04407999999999999E-04
2.05956999999999993E-04
2.06898999999999999E-04
2.05784000000000007E-04
2.04765000000000009E-04
2.04255999999999991E-04
2.07018999999999991E-04
2.08437999999999999E-04
2.59372000000000010E-04
2.16887999999999987E-04
2.07235999999999992E-04
1.97495999999999994E-04
1.98872000000000003E-04
1.61051999999999989E-04
1.58331999999999988E-04
1.58354000000000009E-04
1.67693000000000009E-04
1.59275000000000009E-04
1.79392999999999995E-04
1.77443000000000002E-04
2.16075999999999996E-04
2.11384000000000008E-04
2.10311999999999988E-04
2.10289999999999994E-04
2.19217000000000012E-04
2.29358000000000009E-04
2.10680999999999998E-04
2.12262999999999997E-04
2.46397999999999995E-04
2.12002000000000007E-04
2.13400000000000010E-04
2.06238999999999988E-04
1.97495999999999994E-04
2.05371999999999998E-04
2.05014999999999988E-04
2.30635999999999992E-04
2.03551999999999992E-04
2.04928000000000000E-04
2.00626999999999989E-04
1.79046999999999995E-04
1.72871999999999994E-04
2.08535999999999997E-04
2.12413000000000001E-04
2.21384000000000007E-04
2.12933999999999991E-04
5.48486999999999955E-04
2.97571000000000001E-04
2.05675999999999987E-04
2.06152000000000001E-04
2.06216999999999994E-04
2.05903000000000010E-04
2.06173999999999995E-04
2.06541999999999989E-04
1.62547000000000001E-04
1.58571000000000010E-04
1.77085999999999991E-04
1.58431000000000002E-04
1.58364999999999992E-04
1.58473000000000012E-04
1.58084000000000013E-04
1.58235000000000005E-04
1.58147999999999991E-04
1.58366000000000008E-04
1.58331999999999988E-04
1.58127000000000013E-04
1.58474000000000001E-04
1.58452000000000007E-04
1.58712000000000008E-04
1.85818000000000002E-04
1.58657000000000009E-04
1.57975000000000005E-04
1.58700999999999997E-04
1.58450999999999991E-04
1.58190999999999990E-04
1.58256999999999999E-04
1.78547999999999999E-04
1.63565999999999999E-04
1.58495000000000006E-04
1.58679000000000003E-04
1.58679000000000003E-04
1.58018999999999993E-04
1.58311000000000009E-04
1.97127000000000012E-04
1.58538999999999994E-04
1.58202999999999989E-04
1.58159000000000001E-04
1.58397000000000008E-04
1.58256999999999999E-04
1.58387000000000013E-04
1.75861000000000002E-04
1.89089000000000005E-04
1.57932000000000005E-04
1.57932000000000005E-04
1.91525999999999996E-04
1.58354999999999997E-04
1.76099999999999998E-04
1.58008000000000009E-04
1.58593000000000004E-04
1.58409000000000007E-04
1.58505999999999990E-04
1.58407999999999992E-04
1.58419000000000002E-04
1.58225000000000011E-04
1.58657999999999998E-04
1.58180999999999995E-04
1.58667999999999993E-04
1.58452000000000007E-04
1.58104999999999991E-04
1.76283999999999995E-04
1.58571000000000010E-04
1.58949999999999988E-04
1.58906000000000000E-04
1.58409000000000007E-04
1.58116000000000002E-04
1.58170000000000012E-04
1.58290000000000004E-04
1.58180999999999995E-04
1.99435000000000004E-04
1.58364999999999992E-04
1.58278000000000005E-04
1.58149000000000007E-04
2.29671000000000004E-04
2.17569999999999992E-04
2.29313999999999994E-04
2.15176000000000001E-04
2.61359999999999978E-04
2.15133000000000002E-04
2.06065000000000013E-04
2.30398000000000012E-04
2.07734000000000000E-04
2.09955000000000005E-04
2.16280999999999998E-04
2.19661000000000010E-04
2.47818000000000018E-04
2.17051000000000006E-04
2.35813999999999989E-04
2.47460000000000019E-04
3.98292000000000015E-04
2.08664999999999995E-04
2.07712000000000006E-04
2.12012999999999991E-04
2.05567000000000006E-04
2.08719999999999994E-04
2.08762999999999993E-04
2.30322000000000008E-04
2.11026999999999997E-04
2.44454999999999976E-04
2.12587999999999991E-04
2.13312999999999995E-04
2.09998000000000004E-04
2.13226999999999997E-04
2.17993000000000012E-04
2.14038999999999988E-04
2.34558000000000000E-04
2.16065000000000012E-04
1.85352000000000010E-04
1.88232999999999998E-04
1.67486999999999991E-04
1.59893000000000009E-04
1.58548999999999989E-04
1.58603999999999988E-04
1.63403000000000007E-04
1.58311000000000009E-04
1.58364999999999992E-04
1.57920999999999995E-04
1.58397999999999997E-04
1.81441000000000013E-04
1.98752999999999999E-04
2.21231999999999999E-04
1.63661999999999993E-04
1.58884999999999994E-04
1.58407999999999992E-04
1.58712000000000008E-04
1.58452000000000007E-04
1.58147999999999991E-04
1.58624999999999993E-04
1.58387000000000013E-04
1.86121000000000002E-04
1.79447000000000005E-04
1.58884999999999994E-04
1.58614999999999998E-04
1.58798999999999995E-04
1.76934000000000011E-04
1.59091000000000012E-04
1.59025999999999992E-04
1.58462000000000002E-04
1.58603999999999988E-04
1.58462000000000002E-04
1.58765999999999991E-04
1.58321999999999993E-04
1.58755000000000007E-04
1.58321999999999993E-04
1.58679000000000003E-04
1.59135000000000000E-04
1.58765999999999991E-04
1.76305000000000000E-04
1.58636000000000004E-04
1.58743999999999997E-04
1.58397999999999997E-04
1.81699999999999998E-04
2.00768000000000013E-04
2.06108000000000013E-04
1.95469999999999997E-04
1.93238999999999998E-04
1.58137999999999996E-04
1.58073000000000003E-04
1.58170000000000012E-04
1.76987999999999993E-04
1.58863000000000000E-04
1.58268000000000010E-04
1.58440999999999996E-04
1.71864000000000007E-04
1.77800000000000012E-04
1.58591999999999989E-04
1.58364999999999992E-04
1.58591999999999989E-04
1.58171000000000001E-04
1.58419000000000002E-04
1.58483999999999996E-04
1.58397999999999997E-04
1.58278999999999993E-04
2.08394000000000011E-04
1.58548999999999989E-04
1.58528000000000011E-04
1.58851999999999990E-04
1.68127000000000012E-04
1.58387000000000013E-04
1.58225000000000011E-04
1.58722000000000003E-04
1.58505999999999990E-04
1.58548999999999989E-04
1.58743999999999997E-04
1.59881999999999998E-04
3.76667000000000017E-04
2.61445999999999977E-04
2.00366999999999988E-04
2.03346000000000001E-04
1.65417999999999994E-04
1.62320000000000004E-04
1.58733000000000013E-04
1.58960999999999998E-04
1.59318000000000008E-04
1.62730999999999998E-04
1.59220999999999999E-04
1.73802999999999989E-04
1.58538999999999994E-04
1.58853000000000005E-04
1.98373000000000006E-04
1.58419999999999991E-04
1.58526999999999995E-04
1.58874999999999999E-04
1.58755000000000007E-04
1.58874000000000011E-04
1.58679000000000003E-04
1.58982999999999992E-04
1.57834000000000007E-04
1.58657999999999998E-04
1.58906999999999988E-04
1.58614000000000010E-04
1.58722999999999991E-04
1.75849999999999992E-04
1.58884999999999994E-04
1.58798000000000007E-04
1.58517000000000000E-04
1.58268000000000010E-04
1.58495000000000006E-04
1.58602999999999999E-04
1.58495000000000006E-04
1.58593000000000004E-04
1.58667999999999993E-04
1.58917000000000010E-04
1.58462999999999990E-04
1.85514000000000013E-04
1.58517000000000000E-04
1.76533000000000012E-04
1.58808999999999990E-04
1.58538999999999994E-04
1.58646999999999987E-04
1.58495000000000006E-04
1.58636000000000004E-04
1.58452000000000007E-04
1.58538000000000006E-04
1.58354000000000009E-04
1.58288999999999988E-04
1.63782000000000012E-04
1.58646999999999987E-04
1.58581999999999994E-04
1.76371000000000009E-04
1.63381000000000013E-04
1.58949999999999988E-04
1.58949999999999988E-04
1.58992999999999987E-04
1.59101999999999996E-04
1.58960999999999998E-04
1.58798999999999995E-04
1.78655999999999992E-04
1.89132999999999993E-04
1.58777000000000001E-04
1.58603999999999988E-04
1.58288999999999988E-04
1.76391999999999988E-04
1.59199000000000005E-04
1.58831000000000011E-04
1.58765999999999991E-04
1.58734000000000002E-04
1.58571000000000010E-04
1.58602999999999999E-04
1.58712000000000008E-04
1.58192000000000006E-04
1.58342999999999998E-04
1.58669000000000008E-04
1.58505999999999990E-04
1.58342999999999998E-04
1.58235000000000005E-04
2.19077000000000003E-04
1.58667999999999993E-04
1.58407999999999992E-04
1.58419000000000002E-04
1.58225000000000011E-04
1.58473000000000012E-04
1.58202999999999989E-04
1.90952000000000011E-04
1.58581999999999994E-04
1.58311000000000009E-04
1.58581999999999994E-04
1.58288999999999988E-04
1.58505999999999990E-04
1.76662999999999999E-04
1.58960999999999998E-04
1.58505999999999990E-04
1.58028999999999987E-04
1.58268000000000010E-04
1.58483999999999996E-04
1.58256999999999999E-04
2.96157000000000017E-04
2.08838999999999997E-04
2.11742000000000007E-04
2.35250999999999988E-04
1.94679000000000011E-04
1.58603999999999988E-04
1.58311000000000009E-04
1.58591999999999989E-04
1.58853000000000005E-04
2.15545000000000011E-04
1.58646999999999987E-04
1.72048000000000003E-04
1.58679999999999992E-04
1.58376000000000003E-04
1.58624999999999993E-04
1.58321999999999993E-04
1.58170000000000012E-04
1.58755000000000007E-04
1.58624999999999993E-04
1.58495000000000006E-04
1.58636000000000004E-04
1.58755000000000007E-04
1.58624999999999993E-04
1.76175000000000013E-04
1.58571000000000010E-04
1.58733000000000013E-04
1.58245999999999989E-04
1.58560000000000000E-04
1.58669000000000008E-04
1.58159000000000001E-04
1.58051000000000009E-04
1.58483999999999996E-04
1.58245999999999989E-04
1.58777000000000001E-04
1.85784999999999997E-04
1.58669000000000008E-04
1.82871000000000005E-04
1.58669000000000008E-04
1.58127000000000013E-04
1.58084000000000013E-04
1.58364999999999992E-04
1.58008000000000009E-04
1.58333000000000003E-04
1.58462000000000002E-04
1.61647999999999995E-04
1.73553999999999999E-04
1.58624999999999993E-04
1.58853000000000005E-04
1.58548999999999989E-04
1.80280999999999991E-04
1.58679999999999992E-04
1.58614000000000010E-04
1.58127000000000013E-04
1.71960999999999989E-04
1.58430000000000013E-04
1.58343999999999987E-04
1.58614000000000010E-04
1.58290000000000004E-04
1.88817999999999994E-04
1.58917999999999999E-04
1.58495000000000006E-04
1.58051000000000009E-04
1.58765999999999991E-04
1.76068000000000009E-04
1.58992999999999987E-04
1.58874000000000011E-04
1.58483999999999996E-04
1.58614999999999998E-04
1.58689999999999987E-04
1.58874000000000011E-04
1.58960999999999998E-04
1.58679999999999992E-04
1.58602999999999999E-04
1.58884999999999994E-04
1.58180999999999995E-04
1.58159999999999990E-04
1.94575999999999988E-04
1.59330000000000008E-04
1.77237000000000011E-04
1.58550000000000005E-04
1.58127000000000013E-04
1.58342999999999998E-04
1.58364999999999992E-04
1.68690000000000013E-04
1.58646999999999987E-04
1.58333000000000003E-04
1.58430000000000013E-04
1.58223999999999995E-04
1.76760000000000008E-04
1.58808999999999990E-04
1.74820999999999999E-04
1.59469999999999989E-04
1.58517000000000000E-04
1.58581000000000005E-04
1.91289000000000004E-04
1.58777000000000001E-04
1.58278999999999993E-04
1.58311000000000009E-04
1.58505999999999990E-04
1.58462000000000002E-04
1.58581999999999994E-04
3.72112000000000018E-04
3.20278000000000012E-04
2.94359000000000005E-04
2.50043999999999993E-04
3.49837999999999994E-04
2.11687999999999997E-04
2.14233000000000007E-04
2.14493999999999997E-04
2.11568000000000005E-04
1.82415000000000008E-04
1.58851999999999990E-04
1.58419000000000002E-04
1.78927000000000003E-04
1.58917999999999999E-04
1.58667999999999993E-04
1.58786999999999996E-04
1.58667999999999993E-04
1.58528000000000011E-04
1.58700999999999997E-04
1.58614000000000010E-04
1.74811000000000004E-04
1.59025999999999992E-04
1.58614000000000010E-04
1.59134000000000012E-04
1.58906999999999988E-04
2.17526999999999993E-04
1.58712000000000008E-04
1.72069999999999997E-04
1.58929000000000009E-04
2.16287000000000011E-04
2.06509000000000011E-04
2.17256000000000008E-04
2.11699000000000007E-04
2.05416000000000013E-04
2.10225999999999989E-04
2.03346000000000001E-04
2.06910000000000009E-04
2.08025999999999990E-04
2.50862000000000025E-04
2.16347000000000007E-04
2.17180999999999993E-04
2.15404000000000013E-04
2.16595000000000009E-04
2.10788999999999990E-04
2.26509000000000009E-04
2.15502000000000011E-04
2.10291000000000010E-04
2.34145999999999991E-04
2.16801999999999989E-04
2.20399000000000002E-04
2.12012999999999991E-04
2.00626999999999989E-04
2.00626999999999989E-04
2.04104999999999998E-04
2.04353000000000000E-04
2.27580000000000013E-04
2.05154999999999997E-04
2.41100999999999994E-04
2.12532999999999993E-04
2.06953999999999998E-04
2.05274999999999989E-04
2.03520000000000003E-04
2.14558999999999990E-04
2.05317999999999988E-04
2.05622000000000004E-04
2.05600000000000010E-04
2.05903000000000010E-04
2.27786999999999993E-04
2.11265000000000004E-04
2.09012000000000011E-04
2.15371000000000009E-04
2.14374999999999993E-04
2.13605000000000012E-04
2.13952999999999989E-04
2.11623000000000003E-04
2.11081999999999996E-04
2.21026999999999996E-04
2.38652999999999993E-04
2.19726999999999992E-04
2.14873000000000001E-04
2.08817000000000003E-04
2.37180000000000003E-04
2.05338999999999994E-04
1.74291000000000002E-04
1.58667999999999993E-04
1.58657000000000009E-04
1.58517000000000000E-04
1.80931000000000006E-04
1.76880000000000001E-04
1.58777000000000001E-04
1.58646999999999987E-04
1.58560000000000000E-04
1.58798999999999995E-04
1.58192000000000006E-04
1.58581000000000005E-04
1.58636000000000004E-04
1.58917000000000010E-04
1.58397999999999997E-04
1.58712000000000008E-04
1.58841999999999995E-04
1.58808999999999990E-04
1.58755000000000007E-04
1.76348999999999988E-04
1.58810000000000006E-04
2.28988999999999999E-04
1.66002999999999989E-04
1.58743999999999997E-04
1.58712000000000008E-04
1.58288999999999988E-04
1.58419999999999991E-04
1.58896000000000005E-04
1.58473000000000012E-04
1.58278999999999993E-04
1.57877000000000006E-04
1.58180999999999995E-04
1.92506999999999992E-04
1.58679000000000003E-04
1.58538999999999994E-04
1.58700999999999997E-04
1.58927999999999994E-04
1.58972000000000009E-04
1.58992999999999987E-04
1.58798999999999995E-04
1.72773000000000008E-04
1.58886000000000010E-04
1.58636000000000004E-04
1.58376000000000003E-04
1.77572999999999989E-04
1.58874999999999999E-04
1.91461999999999991E-04
1.58765999999999991E-04
1.58820000000000001E-04
1.58906999999999988E-04
1.58331999999999988E-04
1.58517000000000000E-04
1.58669000000000008E-04
1.58602999999999999E-04
1.58614999999999998E-04
1.58462000000000002E-04
1.58646999999999987E-04
1.76674000000000010E-04
1.58689999999999987E-04
1.58722000000000003E-04
1.58810000000000006E-04
1.58755000000000007E-04
1.58853000000000005E-04
1.58896000000000005E-04
1.58495000000000006E-04
1.58397999999999997E-04
1.58906999999999988E-04
1.94853000000000013E-04
1.63663000000000008E-04
1.58268000000000010E-04
2.07106000000000006E-04
1.58626000000000009E-04
1.63446000000000007E-04
1.58788000000000012E-04
1.58624999999999993E-04
1.58528000000000011E-04
1.58593000000000004E-04
1.58299999999999999E-04
1.58788000000000012E-04
1.58462999999999990E-04
1.71494999999999997E-04
1.58939000000000004E-04
1.58528000000000011E-04
1.76326999999999994E-04
1.58452000000000007E-04
1.58483999999999996E-04
1.58614000000000010E-04
1.58397999999999997E-04
1.58624999999999993E-04
1.58614000000000010E-04
1.58765999999999991E-04
1.58831000000000011E-04
1.58939000000000004E-04
1.58474000000000001E-04
1.58614000000000010E-04
1.89392999999999994E-04
1.58896000000000005E-04
1.89165000000000009E-04
2.03529999999999998E-04
2.03401000000000000E-04
2.35989999999999995E-04
3.10992000000000007E-04
2.05469999999999996E-04
2.06271000000000004E-04
2.53430000000000018E-04
2.80915000000000017E-04
1.91005999999999994E-04
1.77877000000000005E-04
1.73022999999999986E-04
1.84560999999999997E-04
1.58397999999999997E-04
1.58591999999999989E-04
1.58743999999999997E-04
1.58863999999999989E-04
1.58581999999999994E-04
1.94398000000000005E-04
1.78829999999999994E-04
1.58710999999999992E-04
1.75980000000000006E-04
1.58474000000000001E-04
1.58430000000000013E-04
1.58376000000000003E-04
1.58452000000000007E-04
1.58256999999999999E-04
1.58137999999999996E-04
1.58538000000000006E-04
1.58030000000000003E-04
1.58387000000000013E-04
1.69633000000000007E-04
1.90172000000000008E-04
1.58593000000000004E-04
1.76002000000000000E-04
1.58657999999999998E-04
1.58419000000000002E-04
1.58354000000000009E-04
1.58073000000000003E-04
1.58528000000000011E-04
1.58213000000000011E-04
1.58376000000000003E-04
1.89652999999999995E-04
1.58614000000000010E-04
1.58290000000000004E-04
1.58657999999999998E-04
1.58657000000000009E-04
1.76328000000000010E-04
1.58841999999999995E-04
1.58245999999999989E-04
1.58550000000000005E-04
1.58495000000000006E-04
1.58202999999999989E-04
1.58235000000000005E-04
1.58722999999999991E-04
1.58526999999999995E-04
1.58452000000000007E-04
1.90411000000000004E-04
1.66393000000000004E-04
1.58397999999999997E-04
1.58722999999999991E-04
1.77626999999999999E-04
1.59156000000000006E-04
1.58788000000000012E-04
1.58884999999999994E-04
1.77323999999999998E-04
1.58853000000000005E-04
1.90995000000000010E-04
1.58960999999999998E-04
1.58538000000000006E-04
1.58321999999999993E-04
1.58831000000000011E-04
1.58407999999999992E-04
1.58636000000000004E-04
1.76402999999999998E-04
1.58474000000000001E-04
1.58603999999999988E-04
1.58517000000000000E-04
1.58485000000000012E-04
1.58526999999999995E-04
1.58333000000000003E-04
1.58256999999999999E-04
1.58342999999999998E-04
1.58159999999999990E-04
1.58256999999999999E-04
1.58235000000000005E-04
1.58192000000000006E-04
1.76197000000000007E-04
1.58321999999999993E-04
1.58299999999999999E-04
1.58321999999999993E-04
1.87118000000000007E-04
1.59101999999999996E-04
1.58495000000000006E-04
1.58505999999999990E-04
1.72286999999999999E-04
1.58722000000000003E-04
1.58581999999999994E-04
1.58743999999999997E-04
1.58288999999999988E-04
1.58430000000000013E-04
1.76381999999999993E-04
2.24927000000000010E-04
3.22598000000000004E-04
2.02067000000000002E-04
1.88385000000000006E-04
1.97323000000000008E-04
2.40570000000000009E-04
1.59015999999999997E-04
1.60087999999999989E-04
2.03269999999999997E-04
1.80020999999999990E-04
1.61886000000000001E-04
2.15837999999999989E-04
1.79208000000000009E-04
1.85469999999999998E-04
1.58387000000000013E-04
1.58364999999999992E-04
1.78256000000000009E-04
2.12110999999999989E-04
2.10669999999999987E-04
2.12933999999999991E-04
2.14104000000000009E-04
2.14169000000000002E-04
2.54565000000000000E-04
2.08676000000000006E-04
2.08318999999999995E-04
2.30928999999999998E-04
2.09532000000000013E-04
2.24687999999999987E-04
2.25889999999999994E-04
2.10203999999999995E-04
2.18339000000000011E-04
2.07777000000000000E-04
2.07853000000000004E-04
2.07679999999999990E-04
2.07927999999999992E-04
2.08209999999999987E-04
2.07626000000000007E-04
2.25142999999999996E-04
2.07442000000000010E-04
2.38501000000000012E-04
2.03064999999999995E-04
2.03314000000000012E-04
2.04722000000000009E-04
2.04570000000000001E-04
2.21222000000000004E-04
1.99933000000000012E-04
1.99890000000000012E-04
2.26020999999999996E-04
2.26703000000000001E-04
2.23128000000000009E-04
2.31806000000000010E-04
2.19564000000000000E-04
2.01754000000000007E-04
2.00800000000000002E-04
2.06705000000000007E-04
2.23064000000000004E-04
2.22814999999999987E-04
2.04038999999999989E-04
2.23756999999999992E-04
2.02088999999999996E-04
2.07018000000000002E-04
2.08080999999999989E-04
1.79783000000000010E-04
1.58354000000000009E-04
1.58550000000000005E-04
1.58495999999999995E-04
1.58474000000000001E-04
1.58712000000000008E-04
1.74441999999999994E-04
1.75839999999999997E-04
2.33474000000000008E-04
2.07820999999999988E-04
2.28230999999999991E-04
2.14419000000000008E-04
1.84787999999999993E-04
1.64486000000000010E-04
1.58397000000000008E-04
1.58483999999999996E-04
2.32444999999999988E-04
2.16953000000000008E-04
2.27917000000000007E-04
2.07626000000000007E-04
2.23095999999999993E-04
2.12033999999999996E-04
2.59513000000000007E-04
2.03942000000000007E-04
2.04212999999999991E-04
2.01873000000000010E-04
2.31881999999999987E-04
2.02241000000000004E-04
2.41098000000000001E-04
2.19683000000000004E-04
2.14634999999999994E-04
2.31134000000000000E-04
2.37526000000000002E-04
2.15989000000000008E-04
2.58911000000000015E-04
2.11893999999999988E-04
2.16075000000000007E-04
2.08113000000000005E-04
1.76987999999999993E-04
2.18643999999999989E-04
2.13519000000000013E-04
2.16345999999999992E-04
2.36875999999999987E-04
2.23940999999999989E-04
2.66806999999999982E-04
2.09597999999999995E-04
2.32229000000000002E-04
2.45879000000000009E-04
2.15099999999999997E-04
2.15815000000000006E-04
2.35293999999999987E-04
1.58917000000000010E-04
1.58722000000000003E-04
1.58614999999999998E-04
1.74582999999999992E-04
1.73825000000000010E-04
1.84181999999999993E-04
1.85448999999999993E-04
1.59046999999999997E-04
2.12088999999999995E-04
1.99024000000000011E-04
3.15055999999999973E-04
2.05903000000000010E-04
2.29141000000000007E-04
2.14126000000000003E-04
1.69903000000000003E-04
1.58387000000000013E-04
1.88948999999999996E-04
1.58939999999999993E-04
1.58624999999999993E-04
1.76913000000000005E-04
1.58354000000000009E-04
1.59037000000000002E-04
1.58366000000000008E-04
1.74713000000000006E-04
1.85968999999999994E-04
1.59003999999999998E-04
1.58765999999999991E-04
1.58657999999999998E-04
1.58528000000000011E-04
1.58591999999999989E-04
1.74713000000000006E-04
1.74117000000000000E-04
1.75894000000000007E-04
1.58700999999999997E-04
1.58430000000000013E-04
1.58517000000000000E-04
1.72546000000000011E-04
2.34178999999999995E-04
2.15858999999999994E-04
2.31491999999999999E-04
2.13854999999999991E-04
2.33431000000000008E-04
2.13183000000000009E-04
2.55744999999999985E-04
2.21568000000000004E-04
2.37471999999999992E-04
2.37590999999999996E-04
2.20408999999999997E-04
2.21849999999999999E-04
2.23952000000000000E-04
2.18815999999999987E-04
3.26600000000000024E-04
2.38079000000000009E-04
2.37590999999999996E-04
3.19907999999999987E-04
2.24266000000000011E-04
2.09900000000000006E-04
2.03432999999999988E-04
2.02143999999999994E-04
2.39984999999999987E-04
2.12880000000000008E-04
2.55705000000000006E-04
2.54112000000000023E-04
2.52921000000000027E-04
2.10571999999999989E-04
2.29194999999999990E-04
2.16271000000000003E-04
2.08817000000000003E-04
2.26767999999999995E-04
2.04104999999999998E-04
2.04646000000000005E-04
2.27645999999999995E-04
2.11677000000000013E-04
2.65882000000000000E-04
2.08025999999999990E-04
2.42932000000000011E-04
2.10258000000000005E-04
2.07321999999999991E-04
2.19759000000000008E-04
1.97041000000000013E-04
2.72432000000000024E-04
2.07722999999999990E-04
2.07648000000000001E-04
2.07333000000000002E-04
2.46631999999999993E-04
2.09532000000000013E-04
2.28187000000000002E-04
2.06541999999999989E-04
2.06488000000000006E-04
2.40201999999999988E-04
2.27753999999999988E-04
2.07061999999999990E-04
2.46372000000000019E-04
2.08557000000000002E-04
2.23367000000000005E-04
2.08091999999999999E-04
2.08752000000000010E-04
2.07528000000000009E-04
2.22510999999999998E-04
2.44698000000000008E-04
2.09423999999999993E-04
2.12219000000000009E-04
2.29996999999999987E-04
2.14536999999999996E-04
2.14147999999999997E-04
2.10778000000000007E-04
2.39053000000000003E-04
3.00121999999999997E-04
2.43668999999999987E-04
4.68697999999999977E-04
3.61253000000000019E-04
3.16732999999999978E-04
2.07354999999999996E-04
2.82502000000000014E-04
2.07841999999999993E-04
2.23918999999999995E-04
2.10854000000000011E-04
2.18394000000000010E-04
2.33973000000000004E-04
2.19986000000000004E-04
2.17788000000000009E-04
2.15414000000000008E-04
2.57417000000000019E-04
2.21059000000000012E-04
2.20246999999999994E-04
2.35922999999999998E-04
3.42000000000000019E-04
2.39422000000000013E-04
5.10196999999999994E-04
2.28914000000000011E-04
3.25381000000000021E-04
2.06942999999999987E-04
2.50862000000000025E-04
2.16476000000000006E-04
2.23073999999999999E-04
1.97213999999999999E-04
2.32694000000000005E-04
2.48782999999999979E-04
2.73806999999999989E-04
5.08940000000000043E-04
4.93805000000000047E-04
2.11926000000000003E-04
3.53434999999999980E-04
1.97041000000000013E-04
2.12456999999999989E-04
1.97831999999999999E-04
1.97485999999999999E-04
2.14515999999999991E-04
2.31405000000000011E-04
2.12739000000000011E-04
2.30387000000000002E-04
2.13842999999999992E-04
2.59052000000000013E-04
2.12978000000000006E-04
2.31145000000000010E-04
2.11081000000000007E-04
2.13259000000000013E-04
3.44882000000000023E-04
2.15901999999999994E-04
2.07951000000000002E-04
2.08242999999999991E-04
2.14028000000000005E-04
2.11384000000000008E-04
2.04071999999999994E-04
2.05502000000000012E-04
2.01124999999999996E-04
2.54157999999999988E-04
2.35887999999999989E-04
1.98786000000000004E-04
2.01840999999999994E-04
2.21372999999999996E-04
2.65605999999999991E-04
2.04298999999999990E-04
2.07473999999999999E-04
2.03909999999999991E-04
2.45101000000000010E-04
2.61964000000000001E-04
2.06683000000000013E-04
2.06758999999999990E-04
2.07149000000000005E-04
2.05631999999999999E-04
2.29237999999999990E-04
2.00117999999999997E-04
2.21838999999999988E-04
1.98817999999999993E-04
2.05598999999999994E-04
2.19986999999999993E-04
2.36920000000000002E-04
2.53750000000000015E-04
2.12944000000000013E-04
2.13064000000000005E-04
2.13107999999999993E-04
2.13074000000000000E-04
2.33365999999999988E-04
2.01060000000000003E-04
2.02771999999999989E-04
2.40169000000000011E-04
1.60001000000000002E-04
1.58462999999999990E-04
4.69137000000000005E-04
2.67209999999999984E-04
2.22520999999999993E-04
2.08881999999999997E-04
2.10008999999999988E-04
2.25533999999999999E-04
2.91861999999999992E-04
2.14104000000000009E-04
2.12370999999999990E-04
2.03661000000000000E-04
2.23897000000000001E-04
2.29984999999999988E-04
1.96953999999999998E-04
1.59101999999999996E-04
1.59025999999999992E-04
1.58853000000000005E-04
1.99511000000000008E-04
2.45174999999999983E-04
1.87464999999999995E-04
2.21437999999999990E-04
2.08232000000000008E-04
2.98611000000000004E-04
2.08881999999999997E-04
2.26996000000000007E-04
2.07734000000000000E-04
3.36842999999999973E-04
2.19900000000000005E-04
2.23572000000000007E-04
2.42553000000000007E-04
2.33550000000000012E-04
2.26572999999999987E-04
2.08871000000000013E-04
2.19206999999999990E-04
2.57947000000000016E-04
2.08220999999999997E-04
2.23517999999999997E-04
2.21654000000000002E-04
2.41751999999999999E-04
2.04928000000000000E-04
2.28036000000000010E-04
2.08383999999999989E-04
2.07843000000000009E-04
2.68554000000000004E-04
2.23259000000000012E-04
2.24006000000000010E-04
2.07690000000000012E-04
1.88006000000000002E-04
1.77583999999999999E-04
2.12176000000000010E-04
2.08220999999999997E-04
2.05674999999999998E-04
2.24266000000000011E-04
2.08449000000000009E-04
2.07819999999999999E-04
2.06953000000000009E-04
2.08199999999999992E-04
2.07397999999999995E-04
2.31155999999999994E-04
2.20127000000000002E-04
2.24026999999999988E-04
2.06433999999999996E-04
2.65357999999999989E-04
2.03942000000000007E-04
2.06314000000000004E-04
2.07571000000000009E-04
2.30019000000000008E-04
2.10453000000000013E-04
2.56690000000000011E-04
2.23052999999999994E-04
1.68755000000000006E-04
2.07344000000000012E-04
2.20095000000000013E-04
2.10962000000000004E-04
7.42636999999999985E-04
2.59084999999999990E-04
2.00280000000000000E-04
4.27633999999999979E-04
2.11048999999999991E-04
2.53722000000000008E-04
2.22923000000000007E-04
2.20041000000000003E-04
2.15459000000000012E-04
1.58646999999999987E-04
1.58517000000000000E-04
1.58409000000000007E-04
1.58765999999999991E-04
1.58018000000000004E-04
1.58896000000000005E-04
1.58646999999999987E-04
1.58853000000000005E-04
1.82501999999999995E-04
1.75178999999999998E-04
1.58788000000000012E-04
1.58884999999999994E-04
2.23637999999999989E-04
2.23842999999999991E-04
2.67935999999999977E-04
2.06292999999999998E-04
2.06781000000000011E-04
2.06498999999999989E-04
2.57286999999999978E-04
2.50055000000000004E-04
2.26910000000000008E-04
2.10084000000000003E-04
2.06683000000000013E-04
2.11439000000000006E-04
2.19726999999999992E-04
2.31871000000000003E-04
2.36989999999999993E-04
2.08958000000000001E-04
1.67140999999999991E-04
1.59535999999999999E-04
1.75071000000000005E-04
1.58733000000000013E-04
1.58700999999999997E-04
1.58342999999999998E-04
2.06672000000000003E-04
1.58960999999999998E-04
1.77583999999999999E-04
1.59080000000000002E-04
1.58571000000000010E-04
1.58841999999999995E-04
1.58712000000000008E-04
1.58419000000000002E-04
1.58581999999999994E-04
1.74279000000000003E-04
1.73976000000000003E-04
1.58071999999999987E-04
1.58526999999999995E-04
1.58321999999999993E-04
1.58526999999999995E-04
1.58245999999999989E-04
1.75763999999999993E-04
1.58646999999999987E-04
1.58440999999999996E-04
1.58571000000000010E-04
1.71895999999999995E-04
1.58581999999999994E-04
1.66295000000000006E-04
2.03823000000000003E-04
2.20819999999999990E-04
2.27970000000000001E-04
2.03995999999999990E-04
2.46568999999999977E-04
2.08969000000000011E-04
2.05242000000000011E-04
2.11026999999999997E-04
2.07993000000000013E-04
2.08037000000000001E-04
2.09781999999999991E-04
2.09998000000000004E-04
2.15880999999999988E-04
2.50670999999999999E-04
2.09130999999999987E-04
2.24687999999999987E-04
2.04061000000000010E-04
2.04028000000000006E-04
1.98373999999999995E-04
1.75167999999999987E-04
2.18079999999999999E-04
2.08394000000000011E-04
2.25359999999999997E-04
2.07354000000000007E-04
2.11081999999999996E-04
2.09630000000000011E-04
2.13844000000000008E-04
2.86785999999999975E-04
2.46538999999999992E-04
1.91830000000000012E-04
2.22310000000000004E-04
1.59025999999999992E-04
2.00344999999999994E-04
2.11687999999999997E-04
3.22558999999999986E-04
2.58358999999999998E-04
2.07116000000000000E-04
4.67409000000000010E-04
2.06120000000000012E-04
2.38924000000000005E-04
2.05784000000000007E-04
2.31935999999999997E-04
2.36006000000000003E-04
2.18046999999999995E-04
2.10539000000000012E-04
2.17884999999999992E-04
2.19976000000000009E-04
2.17657999999999995E-04
2.35975999999999992E-04
2.18535000000000007E-04
3.37802000000000002E-04
2.19921999999999999E-04
2.18697999999999999E-04
2.19411999999999992E-04
2.62413999999999985E-04
2.04744000000000003E-04
2.03248999999999992E-04
2.58440000000000026E-04
2.18492000000000008E-04
2.17559999999999997E-04
2.19022999999999993E-04
2.17376000000000000E-04
2.18869999999999997E-04
2.19032999999999988E-04
2.16249000000000009E-04
2.61869999999999985E-04
2.17927999999999991E-04
2.15751000000000002E-04
2.13866000000000002E-04
2.16194999999999999E-04
2.21286000000000009E-04
2.25185999999999995E-04
2.06779999999999995E-04
2.12868999999999998E-04
2.18328999999999989E-04
2.60560000000000013E-04
2.23572999999999995E-04
2.31317999999999997E-04
2.18156000000000003E-04
2.13496999999999992E-04
2.14601999999999989E-04
2.15870000000000005E-04
2.51884000000000016E-04
2.08731000000000004E-04
2.07559999999999998E-04
2.24288000000000005E-04
2.07841999999999993E-04
2.07376000000000001E-04
2.08915000000000001E-04
2.19747999999999997E-04
2.07593000000000003E-04
2.28242000000000001E-04
2.07831000000000010E-04
2.08318999999999995E-04
2.08003999999999996E-04
2.07636999999999991E-04
2.07051000000000007E-04
2.07528000000000009E-04
2.07431000000000000E-04
2.06856000000000000E-04
2.07571000000000009E-04
2.23670000000000005E-04
2.27256000000000007E-04
2.07820999999999988E-04
2.11394999999999991E-04
5.46434999999999955E-04
3.34237999999999994E-04
2.12002000000000007E-04
2.08361999999999995E-04
2.09206999999999991E-04
2.08827999999999987E-04
2.26562999999999992E-04
2.07604000000000013E-04
2.07917999999999997E-04
2.08373000000000005E-04
2.07559999999999998E-04
2.07397999999999995E-04
2.27796999999999988E-04
2.08220999999999997E-04
2.44730000000000023E-04
2.05068999999999998E-04
2.04429999999999993E-04
2.04472999999999992E-04
1.94159000000000009E-04
2.12413999999999989E-04
2.55671999999999974E-04
2.19151999999999992E-04
2.18588999999999990E-04
2.46286999999999982E-04
2.07863999999999987E-04
2.07788000000000010E-04
2.32727000000000010E-04
2.13117999999999988E-04
5.33846000000000038E-04
2.05870999999999995E-04
2.08134999999999999E-04
2.07982999999999991E-04
2.08459000000000004E-04
2.07149000000000005E-04
2.06228000000000005E-04
2.12706999999999995E-04
2.09456000000000008E-04
6.92447000000000006E-04
1.66187000000000013E-04
1.58765999999999991E-04
1.58669000000000008E-04
1.58462999999999990E-04
1.58483999999999996E-04
1.58896000000000005E-04
1.58431000000000002E-04
1.86348999999999987E-04
2.11038000000000008E-04
2.11709999999999991E-04
2.11709999999999991E-04
2.10886999999999989E-04
2.12370000000000001E-04
2.11286999999999998E-04
2.30289999999999992E-04
2.11742000000000007E-04
2.17299999999999996E-04
2.72236999999999989E-04
2.10723000000000008E-04
2.13183000000000009E-04
2.11568000000000005E-04
2.12327000000000002E-04
2.11775000000000011E-04
2.11699000000000007E-04
2.16065000000000012E-04
2.11318999999999987E-04
2.03811999999999993E-04
2.37915999999999990E-04
2.54779000000000008E-04
2.20258000000000004E-04
2.10160000000000007E-04
2.04884000000000012E-04
2.10236000000000011E-04
2.06476999999999995E-04
2.05999999999999993E-04
2.25662999999999997E-04
2.12522000000000009E-04
2.26118999999999994E-04
2.04591999999999995E-04
2.04927000000000012E-04
2.23420999999999987E-04
2.28946000000000000E-04
2.22207999999999998E-04
2.05297000000000010E-04
2.04765999999999997E-04
2.04233999999999996E-04
2.10561999999999994E-04
2.47384999999999977E-04
2.09413000000000009E-04
2.06693999999999997E-04
2.05285000000000011E-04
2.24004999999999994E-04
2.12813999999999999E-04
2.03074999999999989E-04
2.15197999999999995E-04
2.05426000000000008E-04
2.08015999999999995E-04
2.34037999999999998E-04
3.57214999999999974E-04
2.18946999999999989E-04
2.25576999999999999E-04
1.87929999999999998E-04
1.58636000000000004E-04
1.58636000000000004E-04
1.58538999999999994E-04
1.58171000000000001E-04
1.58483999999999996E-04
1.58820000000000001E-04
1.79056999999999990E-04
1.62265000000000006E-04
1.58149000000000007E-04
1.74128000000000011E-04
1.58906999999999988E-04
1.58051000000000009E-04
1.58125999999999997E-04
1.69600000000000002E-04
1.71788000000000003E-04
1.58593000000000004E-04
1.58712000000000008E-04
1.58235000000000005E-04
1.58245999999999989E-04
1.74420000000000000E-04
1.61105999999999999E-04
1.58755000000000007E-04
1.58528000000000011E-04
1.58745000000000012E-04
1.58495000000000006E-04
1.58278000000000005E-04
1.58505999999999990E-04
1.58581000000000005E-04
1.58366000000000008E-04
1.58636000000000004E-04
1.58624999999999993E-04
1.58571000000000010E-04
1.58376000000000003E-04
1.76099999999999998E-04
1.58548999999999989E-04
1.57932000000000005E-04
1.61809999999999997E-04
3.12044999999999998E-04
2.10377000000000009E-04
2.12966999999999996E-04
2.12239999999999987E-04
2.12532999999999993E-04
2.10800000000000001E-04
2.14581000000000011E-04
2.13085999999999999E-04
2.58499999999999995E-04
2.15901999999999994E-04
2.15240999999999995E-04
2.13453999999999993E-04
1.97214999999999988E-04
1.82470000000000006E-04
1.94398000000000005E-04
2.30262000000000012E-04
2.21222000000000004E-04
2.35230000000000009E-04
3.46527000000000011E-04
2.16887999999999987E-04
2.31382999999999990E-04
2.08795999999999998E-04
2.09358999999999999E-04
2.04646000000000005E-04
1.95849000000000001E-04
2.08340999999999990E-04
2.28642999999999999E-04
2.13097000000000010E-04
2.12782000000000010E-04
1.66966999999999989E-04
1.92523000000000000E-04
2.00485999999999991E-04
2.00788999999999991E-04
2.01320000000000004E-04
2.01375000000000002E-04
2.00735000000000008E-04
2.06942999999999987E-04
2.65119000000000021E-04
2.01277000000000004E-04
2.07299999999999997E-04
2.05739999999999992E-04
2.00974000000000004E-04
2.03389999999999989E-04
2.02317000000000008E-04
2.00432000000000008E-04
1.98146000000000010E-04
1.98969000000000012E-04
2.04765999999999997E-04
2.43734000000000008E-04
2.15231000000000000E-04
2.24476999999999999E-04
1.58343999999999987E-04
1.57963999999999994E-04
1.58397000000000008E-04
1.58798999999999995E-04
1.58517000000000000E-04
1.58517000000000000E-04
1.58538000000000006E-04
1.96293999999999988E-04
1.58798000000000007E-04
1.58354000000000009E-04
1.77106999999999997E-04
1.58679999999999992E-04
1.58700999999999997E-04
1.58884999999999994E-04
1.58765999999999991E-04
1.58994000000000003E-04
1.58376000000000003E-04
1.58853000000000005E-04
1.58462000000000002E-04
1.58268000000000010E-04
1.58906999999999988E-04
1.72709000000000003E-04
1.58960999999999998E-04
1.58517000000000000E-04
1.76164999999999991E-04
1.58462999999999990E-04
1.58853000000000005E-04
1.58538000000000006E-04
2.04267000000000001E-04
1.67140999999999991E-04
1.58960999999999998E-04
1.92620999999999998E-04
1.58495000000000006E-04
1.58419000000000002E-04
1.58745000000000012E-04
1.58171000000000001E-04
1.58526999999999995E-04
1.93584999999999997E-04
1.58810000000000006E-04
1.58192000000000006E-04
1.57975000000000005E-04
1.57932000000000005E-04
1.57932000000000005E-04
1.58452000000000007E-04
1.58125999999999997E-04
1.70585999999999996E-04
1.65622999999999996E-04
1.58548999999999989E-04
1.77552000000000010E-04
1.58917999999999999E-04
1.58376000000000003E-04
1.58528000000000011E-04
1.58266999999999994E-04
1.58798999999999995E-04
1.58299999999999999E-04
4.14588999999999984E-04
2.07691000000000001E-04
2.07917999999999997E-04
2.07614999999999997E-04
2.24634000000000004E-04
2.03465000000000004E-04
1.58679000000000003E-04
1.58495000000000006E-04
1.77378000000000008E-04
1.58689999999999987E-04
1.78471999999999995E-04
1.58755000000000007E-04
1.77822000000000006E-04
1.64388000000000012E-04
1.72773999999999996E-04
1.87225999999999999E-04
2.07106000000000006E-04
2.06552000000000011E-04
2.05665000000000004E-04
2.06228000000000005E-04
2.61972000000000019E-04
2.08948000000000006E-04
2.08058000000000006E-04
2.06986000000000014E-04
2.08015000000000007E-04
2.07906999999999987E-04
2.09175000000000002E-04
2.28359999999999989E-04
2.08134999999999999E-04
2.07636000000000002E-04
2.08211000000000003E-04
2.07626000000000007E-04
2.08535000000000008E-04
2.07213999999999998E-04
2.07614000000000008E-04
2.07712000000000006E-04
2.08113000000000005E-04
2.28220000000000007E-04
2.07906999999999987E-04
2.18144000000000004E-04
2.32543000000000013E-04
2.02458000000000005E-04
1.58960999999999998E-04
1.58734000000000002E-04
1.78254999999999993E-04
1.58755000000000007E-04
1.58462000000000002E-04
1.58538999999999994E-04
1.58526999999999995E-04
1.75937999999999995E-04
1.58505999999999990E-04
1.58462000000000002E-04
1.58602999999999999E-04
1.79089999999999995E-04
1.99001999999999990E-04
1.64140000000000011E-04
1.58366000000000008E-04
1.58603999999999988E-04
1.61452999999999987E-04
1.58192000000000006E-04
1.58419999999999991E-04
1.58407999999999992E-04
2.03758000000000010E-04
1.58646999999999987E-04
1.58321999999999993E-04
1.58040999999999987E-04
1.58127000000000013E-04
1.58657999999999998E-04
1.58419000000000002E-04
1.95665000000000005E-04
1.83878000000000004E-04
1.67746999999999992E-04
1.58614000000000010E-04
1.81029000000000004E-04
1.58256000000000011E-04
1.77020999999999998E-04
1.58712000000000008E-04
1.58159999999999990E-04
1.58765999999999991E-04
1.58290000000000004E-04
1.58192000000000006E-04
1.58548999999999989E-04
1.68667999999999992E-04
1.58364999999999992E-04
1.62200000000000012E-04
1.77595000000000010E-04
1.92880999999999999E-04
1.58733000000000013E-04
1.76727999999999993E-04
1.59015000000000008E-04
5.98760999999999955E-04
2.10291000000000010E-04
2.08037000000000001E-04
2.30711000000000007E-04
2.07745000000000011E-04
2.05491000000000002E-04
2.27266000000000002E-04
2.13334999999999989E-04
2.13377999999999989E-04
2.06238999999999988E-04
2.06877999999999994E-04
2.07311999999999996E-04
2.05870999999999995E-04
2.58955000000000003E-04
2.13097000000000010E-04
2.14038999999999988E-04
2.13789999999999998E-04
2.13238000000000007E-04
2.14959999999999988E-04
2.03985999999999995E-04
2.12489999999999993E-04
2.15013999999999998E-04
2.38967000000000004E-04
2.19888999999999995E-04
2.20928999999999998E-04
2.14505000000000007E-04
2.15447000000000013E-04
2.34526000000000011E-04
2.16736999999999995E-04
2.16128999999999990E-04
2.16769000000000011E-04
2.51991000000000021E-04
2.26247999999999993E-04
1.89826000000000008E-04
1.58505999999999990E-04
1.80292000000000001E-04
2.01570000000000010E-04
2.06531000000000005E-04
1.84062999999999989E-04
3.00338999999999999E-04
1.91081999999999998E-04
2.25436000000000001E-04
1.59068999999999991E-04
1.58603999999999988E-04
1.98156999999999994E-04
2.11318999999999987E-04
2.10625999999999999E-04
2.10907999999999994E-04
2.10594000000000010E-04
2.13746999999999998E-04
2.88497999999999988E-04
3.33868999999999984E-04
2.16877999999999993E-04
2.12532999999999993E-04
2.11904000000000009E-04
2.14288000000000006E-04
2.14472999999999991E-04
2.12696000000000011E-04
2.37514999999999992E-04
2.15825999999999990E-04
2.32921999999999990E-04
2.14157999999999992E-04
2.13746999999999998E-04
2.15653000000000004E-04
2.14894999999999995E-04
2.41859000000000003E-04
2.60168000000000020E-04
2.09769999999999992E-04
2.23854000000000002E-04
2.07149000000000005E-04
2.37991999999999994E-04
2.20983000000000008E-04
2.15414999999999997E-04
3.28917999999999984E-04
2.15219999999999989E-04
6.19879000000000046E-04
2.13995999999999989E-04
1.94019000000000000E-04
3.65946999999999985E-04
2.21406000000000001E-04
2.49357000000000018E-04
2.48434999999999975E-04
2.14429000000000003E-04
2.21980000000000013E-04
2.13334999999999989E-04
2.13572999999999996E-04
1.98006000000000001E-04
1.58483999999999996E-04
1.58354000000000009E-04
1.58278999999999993E-04
1.58571000000000010E-04
1.78438999999999990E-04
1.58299999999999999E-04
1.57834000000000007E-04
1.58018000000000004E-04
1.58409000000000007E-04
1.58333000000000003E-04
1.58624999999999993E-04
1.58354000000000009E-04
1.71842000000000013E-04
1.58884999999999994E-04
1.58636000000000004E-04
1.58755000000000007E-04
1.58495999999999995E-04
1.58667999999999993E-04
1.75937000000000006E-04
1.58679000000000003E-04
1.69490999999999994E-04
1.58366000000000008E-04
1.58538999999999994E-04
1.59827000000000000E-04
1.79619999999999991E-04
1.66534000000000002E-04
1.58712000000000008E-04
1.58884999999999994E-04
1.58614000000000010E-04
1.58431000000000002E-04
1.58560999999999988E-04
1.83422999999999995E-04
1.58614000000000010E-04
1.58636000000000004E-04
1.58841999999999995E-04
1.58733000000000013E-04
1.58722999999999991E-04
1.58452000000000007E-04
1.58689999999999987E-04
1.58960999999999998E-04
1.58820000000000001E-04
1.58343999999999987E-04
1.58722000000000003E-04
1.58430000000000013E-04
1.58831000000000011E-04
2.03672000000000011E-04
1.58419000000000002E-04
1.58430000000000013E-04
1.58387000000000013E-04
1.58430000000000013E-04
1.58593000000000004E-04
1.58342999999999998E-04
1.58343999999999987E-04
1.57996999999999999E-04
1.58419000000000002E-04
1.71494999999999997E-04
1.58722000000000003E-04
1.58266999999999994E-04
1.75980999999999994E-04
1.58734000000000002E-04
1.58397999999999997E-04
1.58483999999999996E-04
1.58245999999999989E-04
1.58679999999999992E-04
1.58636000000000004E-04
1.58256999999999999E-04
1.58624999999999993E-04
1.58190999999999990E-04
1.58679000000000003E-04
1.86684000000000004E-04
1.73217999999999994E-04
1.77247999999999994E-04
1.58646999999999987E-04
1.58452000000000007E-04
1.58462999999999990E-04
1.58679000000000003E-04
1.58397999999999997E-04
1.58593000000000004E-04
1.58278000000000005E-04
1.58256999999999999E-04
1.57942999999999989E-04
1.58268000000000010E-04
1.57985999999999988E-04
1.58667999999999993E-04
1.58691000000000002E-04
2.34546999999999989E-04
2.02577000000000009E-04
2.01537000000000005E-04
2.11048999999999991E-04
2.23746000000000009E-04
2.19931999999999994E-04
2.10766999999999996E-04
2.41372000000000006E-04
2.09726999999999993E-04
1.89738999999999994E-04
2.83187000000000011E-04
2.64121999999999990E-04
2.14558999999999990E-04
2.11515000000000010E-04
2.11200999999999999E-04
2.11318999999999987E-04
2.11611999999999993E-04
2.17192000000000004E-04
2.35207999999999988E-04
2.11255000000000009E-04
2.12673999999999990E-04
2.12446999999999994E-04
3.50574999999999997E-04
2.11384000000000008E-04
2.22240000000000013E-04
2.11666000000000003E-04
2.17526999999999993E-04
2.32575999999999990E-04
2.09055000000000010E-04
2.10604999999999994E-04
2.27092999999999989E-04
2.11243000000000010E-04
2.86678000000000009E-04
2.58230000000000026E-04
6.95472000000000039E-04
2.31632000000000008E-04
2.11482000000000006E-04
2.12641000000000013E-04
2.11601000000000009E-04
2.32715999999999999E-04
2.13854000000000003E-04
2.08404999999999994E-04
2.14677999999999993E-04
2.14904999999999990E-04
2.08199000000000003E-04
2.34362999999999992E-04
2.13248000000000002E-04
2.10225000000000001E-04
2.08091000000000011E-04
2.07602999999999998E-04
2.25035000000000003E-04
2.09261999999999990E-04
2.09542999999999996E-04
2.17180999999999993E-04
3.52470000000000019E-04
2.08676000000000006E-04
2.11200000000000011E-04
2.80709000000000026E-04
2.13064000000000005E-04
2.85779000000000003E-04
6.45517999999999982E-04
2.35977000000000007E-04
2.13909000000000001E-04
2.15469000000000007E-04
2.12479000000000010E-04
2.10625999999999999E-04
2.09478000000000003E-04
2.09965999999999988E-04
2.33897000000000000E-04
2.14374000000000004E-04
2.42553000000000007E-04
2.40346000000000006E-04
2.11482000000000006E-04
2.25825000000000000E-04
2.13866000000000002E-04
2.17342999999999996E-04
2.14310000000000000E-04
2.13259000000000013E-04
2.10139000000000002E-04
2.66217999999999978E-04
2.12728000000000000E-04
2.32899999999999996E-04
2.07538999999999993E-04
2.19857000000000006E-04
2.11537000000000004E-04
2.16975000000000002E-04
1.99130999999999988E-04
1.79707999999999994E-04
1.59199000000000005E-04
1.58982999999999992E-04
2.22673000000000001E-04
1.65971000000000000E-04
1.87280000000000009E-04
1.58831000000000011E-04
1.58387000000000013E-04
1.90520000000000012E-04
2.09272000000000012E-04
2.30062000000000007E-04
2.11742999999999995E-04
2.35674000000000007E-04
2.15350000000000003E-04
2.11427999999999996E-04
2.18740000000000010E-04
2.13031999999999989E-04
2.37189999999999997E-04
2.15056999999999998E-04
2.12847999999999992E-04
2.15187000000000012E-04
2.13877000000000012E-04
2.49030999999999981E-04
2.14114999999999992E-04
2.21838999999999988E-04
2.31145000000000010E-04
2.22067000000000000E-04
2.11623000000000003E-04
2.31589000000000008E-04
2.12284000000000002E-04
2.12911999999999997E-04
2.56554999999999999E-04
2.32944000000000011E-04
2.08058000000000006E-04
2.13789999999999998E-04
2.10225999999999989E-04
2.12002000000000007E-04
2.27874000000000007E-04
2.08449000000000009E-04
2.12954999999999997E-04
2.32911000000000007E-04
2.30754999999999995E-04
2.17927999999999991E-04
2.09922000000000000E-04
2.16584999999999987E-04
2.28490999999999991E-04
2.19294000000000005E-04
2.14159000000000007E-04
2.12241000000000003E-04
2.36712999999999995E-04
2.32532000000000002E-04
2.17311000000000007E-04
2.09411999999999993E-04
2.31816999999999993E-04
2.14288000000000006E-04
2.13801000000000008E-04
2.28652999999999994E-04
2.25273000000000010E-04
2.07483999999999994E-04
2.10668999999999998E-04
2.42379999999999993E-04
3.17641000000000017E-04
2.19597000000000005E-04
2.18707999999999994E-04
2.04179999999999987E-04
2.19043999999999999E-04
1.98373000000000006E-04
2.31654999999999990E-04
2.30938999999999992E-04
2.64654000000000018E-04
2.18122999999999999E-04
2.13670000000000006E-04
2.29986000000000003E-04
2.14667000000000010E-04
2.14417999999999992E-04
2.49949000000000015E-04
2.08936000000000007E-04
2.18254000000000001E-04
2.08762999999999993E-04
2.24384999999999987E-04
2.07841999999999993E-04
2.07516999999999999E-04
2.07290000000000002E-04
2.07106000000000006E-04
2.43267999999999989E-04
2.07430000000000011E-04
2.07192000000000004E-04
2.08037000000000001E-04
2.07669000000000007E-04
2.07863999999999987E-04
2.50883999999999992E-04
2.51013999999999979E-04
2.07982999999999991E-04
2.07550000000000003E-04
2.27872999999999992E-04
2.24266000000000011E-04
2.17841999999999992E-04
2.07690000000000012E-04
2.08156999999999993E-04
2.29704000000000008E-04
2.07896999999999992E-04
3.49320000000000023E-04
2.08946999999999990E-04
2.12370999999999990E-04
2.06216999999999994E-04
2.06813000000000000E-04
2.06541999999999989E-04
2.27764999999999999E-04
2.12608999999999997E-04
1.58917999999999999E-04
1.78612999999999992E-04
1.58874999999999999E-04
1.61766999999999998E-04
1.58960999999999998E-04
1.74193000000000004E-04
2.14255999999999990E-04
1.59189000000000010E-04
1.58863999999999989E-04
1.58939999999999993E-04
1.59091000000000012E-04
1.58538000000000006E-04
1.58777000000000001E-04
1.58884999999999994E-04
1.91256000000000000E-04
1.59091000000000012E-04
1.58765999999999991E-04
1.58841999999999995E-04
1.58863999999999989E-04
1.71700999999999988E-04
1.58960999999999998E-04
1.59015000000000008E-04
1.74627000000000007E-04
1.58700999999999997E-04
1.58657000000000009E-04
1.58603999999999988E-04
1.58387000000000013E-04
1.92198999999999994E-04
1.58755000000000007E-04
1.58614000000000010E-04
2.00931000000000005E-04
1.74799999999999993E-04
1.58927999999999994E-04
1.58364999999999992E-04
1.59254000000000004E-04
2.16910000000000009E-04
1.60933000000000012E-04
5.80636000000000043E-04
3.29702999999999984E-04
4.58895000000000017E-04
2.17982999999999990E-04
2.20842000000000011E-04
2.19075999999999988E-04
2.19649999999999999E-04
2.18513000000000013E-04
2.18848999999999991E-04
2.55021999999999985E-04
2.46988999999999976E-04
1.74193000000000004E-04
1.58788000000000012E-04
2.02479000000000011E-04
2.07202999999999988E-04
2.06856999999999988E-04
2.08015000000000007E-04
2.07808999999999989E-04
2.07018000000000002E-04
2.05686000000000009E-04
2.31935999999999997E-04
2.27049999999999989E-04
2.12814999999999988E-04
2.15111000000000008E-04
2.16204999999999994E-04
2.07235999999999992E-04
2.04722000000000009E-04
2.05403999999999987E-04
2.41968000000000012E-04
2.07765999999999989E-04
2.45705999999999995E-04
2.07149000000000005E-04
1.70921000000000012E-04
1.79175999999999993E-04
2.18416000000000004E-04
2.17743999999999994E-04
2.17168999999999994E-04
2.17149000000000004E-04
2.18068999999999989E-04
2.36994999999999990E-04
2.37135999999999987E-04
2.14439999999999987E-04
2.23376999999999999E-04
2.41859999999999992E-04
2.19650999999999988E-04
2.18707999999999994E-04
2.33192000000000013E-04
2.35684000000000002E-04
2.23073999999999999E-04
2.57162000000000016E-04
2.13821999999999987E-04
2.04255999999999991E-04
2.06791000000000006E-04
2.04885000000000001E-04
2.19423999999999992E-04
2.14223000000000012E-04
2.07266999999999993E-04
2.24992000000000003E-04
2.28642000000000011E-04
2.10453000000000013E-04
2.15231000000000000E-04
2.04255999999999991E-04
2.05123000000000008E-04
2.05264000000000005E-04
2.55520999999999982E-04
2.05708000000000003E-04
2.05837999999999990E-04
2.24591000000000005E-04
2.27679000000000000E-04
2.05546000000000000E-04
2.11331000000000013E-04
2.05274999999999989E-04
2.10680000000000009E-04
2.08048000000000011E-04
9.02979000000000043E-04
1.98991000000000006E-04
1.98320000000000012E-04
2.06748000000000007E-04
1.59643999999999991E-04
1.62048999999999993E-04
2.43111000000000011E-04
2.30451999999999995E-04
2.40430000000000000E-04
2.22327000000000001E-04
2.08134000000000010E-04
2.15154999999999996E-04
2.40387000000000001E-04
2.08676000000000006E-04
2.26832999999999988E-04
2.06693999999999997E-04
2.08340000000000001E-04
2.32532000000000002E-04
2.07647000000000013E-04
2.41208999999999987E-04
2.22467000000000010E-04
2.14720999999999993E-04
2.10756000000000013E-04
2.12176000000000010E-04
1.58407999999999992E-04
2.09628999999999995E-04
1.59111999999999990E-04
1.58560000000000000E-04
1.58884999999999994E-04
1.58733000000000013E-04
1.58409000000000007E-04
1.85458999999999987E-04
2.11146999999999989E-04
2.12954999999999997E-04
2.30928000000000009E-04
2.16020999999999997E-04
2.32358000000000000E-04
2.31881999999999987E-04
2.35975999999999992E-04
2.11981000000000002E-04
2.17137000000000005E-04
2.13594000000000002E-04
2.37927000000000001E-04
2.41122000000000000E-04
2.31220999999999987E-04
2.12641000000000013E-04
2.34231999999999989E-04
2.14395999999999998E-04
2.39086000000000008E-04
2.16411000000000012E-04
2.54751000000000001E-04
2.14309000000000011E-04
2.14581000000000011E-04
2.08872000000000002E-04
2.09489000000000013E-04
2.39855000000000000E-04
2.07917999999999997E-04
2.14245000000000006E-04
2.28750000000000004E-04
2.15242000000000010E-04
2.28199000000000002E-04
2.10811000000000012E-04
2.21048000000000002E-04
2.75800999999999998E-04
2.11329999999999998E-04
2.27679000000000000E-04
2.22770999999999999E-04
2.31675000000000007E-04
2.13398999999999994E-04
2.18869999999999997E-04
2.37590999999999996E-04
2.11449999999999990E-04
2.34524999999999995E-04
2.12467999999999999E-04
2.13875999999999997E-04
2.14742999999999987E-04
2.08340999999999990E-04
3.53807999999999998E-04
2.36008999999999996E-04
2.47277000000000011E-04
2.30873999999999999E-04
2.12544000000000003E-04
2.10886000000000000E-04
2.28783000000000008E-04
2.09867999999999990E-04
2.08447999999999994E-04
2.07483999999999994E-04
2.08199999999999992E-04
2.07581999999999992E-04
1.96261000000000010E-04
1.64811000000000005E-04
1.69566999999999998E-04
1.62709999999999992E-04
1.58290000000000004E-04
1.76305000000000000E-04
1.75200999999999992E-04
1.99804000000000013E-04
1.93358000000000001E-04
1.92501999999999994E-04
2.03995999999999990E-04
1.92632000000000008E-04
1.92696000000000013E-04
1.92274000000000009E-04
1.92847999999999994E-04
1.92198000000000005E-04
2.20408999999999997E-04
1.92771999999999990E-04
1.92403999999999996E-04
1.93238000000000009E-04
1.93184999999999988E-04
1.92675000000000008E-04
1.92057999999999997E-04
1.91396999999999997E-04
2.09478000000000003E-04
2.15133999999999990E-04
1.92274999999999998E-04
2.18860000000000002E-04
1.90573999999999995E-04
1.90628000000000005E-04
2.00821999999999996E-04
1.90898999999999989E-04
1.91320999999999993E-04
1.90117999999999998E-04
1.89750000000000004E-04
1.90563000000000012E-04
1.90540000000000002E-04
1.89728999999999999E-04
2.18394000000000010E-04
1.92534999999999999E-04
1.91981000000000004E-04
1.92165999999999989E-04
1.91656999999999998E-04
1.91938999999999993E-04
1.91613999999999999E-04
1.91971000000000009E-04
1.90432999999999998E-04
2.32543000000000013E-04
1.91136999999999996E-04
2.18037000000000000E-04
1.91948999999999988E-04
2.25837000000000000E-04
1.92403999999999996E-04
1.92826999999999989E-04
1.99034000000000006E-04
1.92198000000000005E-04
1.91613999999999999E-04
1.91635000000000004E-04
1.92034999999999987E-04
1.92403999999999996E-04
2.18881000000000007E-04
1.91862999999999989E-04
1.91688999999999987E-04
1.92155000000000006E-04
1.91559000000000000E-04
1.91289000000000004E-04
1.91711000000000008E-04
1.92155000000000006E-04
1.91656999999999998E-04
1.92403999999999996E-04
2.08969000000000011E-04
2.45824000000000010E-04
1.91797999999999996E-04
4.07162999999999991E-04
2.46679999999999990E-04
1.18891399999999990E-03
2.00248000000000011E-04
1.80943000000000006E-04
1.95958000000000010E-04
2.03314000000000012E-04
2.05913999999999994E-04
2.05663999999999988E-04
2.07819999999999999E-04
2.02620000000000008E-04
2.26865000000000004E-04
2.11926000000000003E-04
2.30256999999999988E-04
2.05577999999999989E-04
2.13551999999999991E-04
2.07008000000000008E-04
2.06120000000000012E-04
2.22184999999999988E-04
2.13085999999999999E-04
1.98416999999999994E-04
2.00995999999999998E-04
2.30239999999999991E-04
2.11255000000000009E-04
2.33713000000000003E-04
3.35276999999999982E-04
2.18989999999999989E-04
2.14200999999999991E-04
2.11363000000000002E-04
2.55661999999999979E-04
2.14374999999999993E-04
2.39053999999999992E-04
2.13811999999999992E-04
2.11785999999999995E-04
2.13171999999999998E-04
2.14873999999999989E-04
2.49702999999999991E-04
2.11795999999999989E-04
2.28306999999999995E-04
2.41522999999999998E-04
2.04331999999999995E-04
2.01580000000000005E-04
2.05371999999999998E-04
2.12954999999999997E-04
2.47395000000000026E-04
2.14298999999999989E-04
2.43192000000000012E-04
2.25782000000000001E-04
2.14104000000000009E-04
2.65824000000000008E-04
2.14906000000000005E-04
2.33961999999999994E-04
2.13995000000000000E-04
2.33343999999999994E-04
2.14288000000000006E-04
2.17755000000000005E-04
2.33138000000000003E-04
2.12131999999999994E-04
2.37678000000000010E-04
2.14266000000000012E-04
2.32477000000000004E-04
2.12088999999999995E-04
2.36454000000000010E-04
2.39573999999999994E-04
2.16302999999999992E-04
2.30332999999999992E-04
2.12673999999999990E-04
2.14646000000000005E-04
2.42639999999999994E-04
2.15393000000000003E-04
2.15545000000000011E-04
2.16660999999999991E-04
2.17819999999999998E-04
6.85206999999999960E-04
2.02165000000000000E-04
2.47797000000000013E-04
2.48782000000000018E-04
2.62789999999999996E-04
2.17137000000000005E-04
2.83590000000000014E-04
3.33647000000000013E-04
2.78915999999999984E-04
2.16237999999999999E-04
2.71943999999999983E-04
5.57745000000000007E-04
2.87360999999999975E-04
2.63006999999999998E-04
2.83232999999999977E-04
2.19888999999999995E-04
2.19530999999999996E-04
2.27657000000000006E-04
2.38511999999999996E-04
3.01411999999999980E-04
3.01173000000000011E-04
5.06078999999999991E-04
2.45088000000000022E-04
2.10692000000000008E-04
2.59345000000000018E-04
3.49588999999999976E-04
3.78957999999999986E-04
3.28429999999999998E-04
2.33138000000000003E-04
2.37070999999999994E-04
4.53696000000000015E-04
2.08156000000000004E-04
2.29043000000000009E-04
2.08091000000000011E-04
2.45814000000000015E-04
2.07960999999999997E-04
2.08514000000000003E-04
2.08123999999999988E-04
2.28816000000000013E-04
2.06856000000000000E-04
2.41102000000000010E-04
2.00344999999999994E-04
2.24243999999999990E-04
2.02382000000000001E-04
2.12164999999999999E-04
2.02740000000000000E-04
2.09304000000000000E-04
2.05209999999999995E-04
2.60970000000000017E-04
1.97171000000000000E-04
3.14986000000000009E-04
2.07550000000000003E-04
2.14126000000000003E-04
2.12403000000000006E-04
2.18621999999999995E-04
2.18210000000000013E-04
2.19065999999999993E-04
2.11654999999999992E-04
2.07691000000000001E-04
2.07301000000000013E-04
2.07321999999999991E-04
2.08578999999999996E-04
2.11740999999999991E-04
1.63348999999999997E-04
1.70347000000000001E-04
1.94873999999999991E-04
2.04570999999999990E-04
2.12272999999999992E-04
2.06206000000000011E-04
3.84028000000000017E-04
2.69322000000000008E-04
2.92897000000000025E-04
2.11558000000000010E-04
3.47801999999999974E-04
2.07366000000000006E-04
2.01656000000000009E-04
2.03920000000000013E-04
2.05405000000000003E-04
2.04441000000000003E-04
2.55834999999999993E-04
2.78877999999999982E-04
3.94439000000000009E-04
4.32704000000000010E-04
5.81160999999999961E-04
2.51567000000000012E-04
2.11558000000000010E-04
2.16194999999999999E-04
2.41004000000000012E-04
2.14646000000000005E-04
1.78721000000000012E-04
4.97461999999999948E-04
2.17645999999999996E-04
2.19595999999999989E-04
2.19196000000000007E-04
2.43054000000000008E-04
1.92912999999999987E-04
1.97528000000000010E-04
2.02706999999999996E-04
2.15891000000000010E-04
2.15002999999999988E-04
2.18079000000000010E-04
2.28067999999999999E-04
2.34285999999999999E-04
2.38652000000000005E-04
2.16703999999999991E-04
2.18740000000000010E-04
2.21384000000000007E-04
2.17798000000000004E-04
2.63779000000000010E-04
2.16302999999999992E-04
2.16867000000000009E-04
2.21959000000000007E-04
2.10821000000000006E-04
2.24309999999999999E-04
2.11427999999999996E-04
2.12608999999999997E-04
2.11439000000000006E-04
2.15209000000000006E-04
2.40267000000000009E-04
2.30723000000000007E-04
2.12554999999999987E-04
2.13703000000000010E-04
2.07245999999999987E-04
2.20993999999999992E-04
2.06476999999999995E-04
2.13541000000000008E-04
2.10800000000000001E-04
2.15815999999999995E-04
2.50641999999999976E-04
2.27884000000000002E-04
2.14873000000000001E-04
2.13778999999999987E-04
2.13377999999999989E-04
2.13420999999999988E-04
2.12055999999999990E-04
2.13312999999999995E-04
2.15133999999999990E-04
2.79838999999999988E-04
2.09542999999999996E-04
2.09315000000000011E-04
2.38382000000000009E-04
2.15154999999999996E-04
2.07874999999999998E-04
2.31709000000000000E-04
2.09564999999999990E-04
2.09337999999999994E-04
2.10410000000000013E-04
2.09771000000000008E-04
2.39790000000000006E-04
2.09716000000000009E-04
2.28783000000000008E-04
2.14527000000000001E-04
2.09781000000000003E-04
2.29542000000000006E-04
2.09835000000000013E-04
2.38511999999999996E-04
2.09184999999999997E-04
2.74088999999999984E-04
2.43684999999999995E-04
2.13312999999999995E-04
2.13377999999999989E-04
2.15588000000000010E-04
2.16595000000000009E-04
2.14386000000000004E-04
2.15219999999999989E-04
2.14634999999999994E-04
2.42932000000000011E-04
1.81234999999999995E-04
2.06455999999999990E-04
1.83217999999999993E-04
1.88450000000000000E-04
2.05350999999999993E-04
1.78375000000000012E-04
1.68786999999999995E-04
2.31566999999999987E-04
1.64042000000000013E-04
1.68321000000000003E-04
1.61485000000000003E-04
1.91189999999999991E-04
1.67085999999999992E-04
1.69566999999999998E-04
1.62840000000000006E-04
1.83270999999999987E-04
1.76207999999999991E-04
2.17592000000000013E-04
2.19585999999999995E-04
2.18762000000000004E-04
2.19401999999999998E-04
2.18881000000000007E-04
2.57086000000000012E-04
2.40038999999999997E-04
2.21179000000000005E-04
2.45250000000000025E-04
2.20983000000000008E-04
2.79873999999999997E-04
2.19857000000000006E-04
2.19683000000000004E-04
2.20408999999999997E-04
2.18416000000000004E-04
2.55531999999999992E-04
2.20310999999999999E-04
2.50883999999999992E-04
2.19120000000000003E-04
2.35531999999999994E-04
2.41468999999999988E-04
2.22706000000000005E-04
2.21308000000000003E-04
2.18936000000000006E-04
2.53386999999999992E-04
2.25046000000000013E-04
2.19108999999999992E-04
2.61782000000000009E-04
2.19953999999999988E-04
3.37747000000000004E-04
2.18979000000000005E-04
2.43767000000000013E-04
2.20516999999999989E-04
2.42520000000000002E-04
2.42553000000000007E-04
2.37017000000000011E-04
2.24503999999999990E-04
2.17970999999999990E-04
2.18220000000000008E-04
2.19012000000000010E-04
2.50927999999999980E-04
2.19401000000000009E-04
2.20170999999999990E-04
2.17495000000000004E-04
2.32369000000000011E-04
2.46572000000000024E-04
2.19835000000000012E-04
2.21069999999999996E-04
2.20377000000000008E-04
2.24168000000000013E-04
2.51262999999999996E-04
2.45088000000000022E-04
2.39638999999999987E-04
2.18957000000000011E-04
2.25142999999999996E-04
2.41763000000000009E-04
2.22229000000000003E-04
2.44947000000000025E-04
2.21503999999999999E-04
2.20041000000000003E-04
2.20940000000000009E-04
2.85085000000000026E-04
2.24341999999999988E-04
2.18383999999999988E-04
2.21704000000000004E-04
1.74193000000000004E-04
1.58755999999999996E-04
1.77280000000000010E-04
1.58321000000000004E-04
1.58517000000000000E-04
1.58419999999999991E-04
1.58538000000000006E-04
1.57963999999999994E-04
1.58268000000000010E-04
1.58364999999999992E-04
1.76923000000000000E-04
1.58646999999999987E-04
1.73694999999999996E-04
1.93226999999999998E-04
1.63196999999999989E-04
1.60716000000000011E-04
1.60955000000000006E-04
1.58853000000000005E-04
1.61561000000000007E-04
1.97538999999999994E-04
1.58311000000000009E-04
1.58407999999999992E-04
1.58364999999999992E-04
1.79187999999999993E-04
1.61528999999999991E-04
1.58473000000000012E-04
1.58387000000000013E-04
1.58256000000000011E-04
1.58192000000000006E-04
1.58528000000000011E-04
1.58808999999999990E-04
1.58548999999999989E-04
1.58517000000000000E-04
1.62255000000000011E-04
1.59297000000000003E-04
1.61344000000000006E-04
1.77832999999999990E-04
1.58994000000000003E-04
1.58364999999999992E-04
1.58495999999999995E-04
1.58483999999999996E-04
1.58798000000000007E-04
1.72404999999999987E-04
1.89306000000000007E-04
1.74951000000000013E-04
1.67064999999999987E-04
1.63262000000000010E-04
1.67920000000000005E-04
1.60433999999999989E-04
1.80260000000000012E-04
1.66870000000000007E-04
4.59911999999999984E-04
2.07788000000000010E-04
2.79852999999999992E-04
2.96721000000000007E-04
2.16844999999999988E-04
2.10420999999999997E-04
2.12358999999999991E-04
2.12338000000000012E-04
2.15641999999999993E-04
2.14417999999999992E-04
2.31859999999999993E-04
2.35803000000000005E-04
2.12598000000000013E-04
2.14992999999999993E-04
2.10551000000000011E-04
2.10258000000000005E-04
2.08091000000000011E-04
2.09347999999999989E-04
2.08037000000000001E-04
2.13346000000000000E-04
2.19552999999999990E-04
2.34524999999999995E-04
2.16984999999999997E-04
2.30494999999999995E-04
2.16183999999999989E-04
2.16378999999999996E-04
2.16368000000000013E-04
2.19390999999999987E-04
2.13692000000000000E-04
2.21675999999999997E-04
2.11871999999999993E-04
2.30353999999999997E-04
2.11277000000000003E-04
2.14851000000000007E-04
2.13801000000000008E-04
2.15696000000000003E-04
2.15729000000000008E-04
2.20637000000000009E-04
2.27872999999999992E-04
2.14937999999999994E-04
2.11959000000000008E-04
2.34947999999999987E-04
2.13539999999999992E-04
2.14851999999999995E-04
2.09141999999999998E-04
2.14970999999999999E-04
2.15404000000000013E-04
2.24211000000000012E-04
2.10702000000000003E-04
2.09065999999999994E-04
2.11601000000000009E-04
2.35977000000000007E-04
2.31566999999999987E-04
2.11146000000000001E-04
2.11644999999999997E-04
2.14677999999999993E-04
2.14450999999999997E-04
2.10062999999999998E-04
2.12651999999999996E-04
2.12988000000000001E-04
2.08850000000000008E-04
2.31589000000000008E-04
2.14092999999999998E-04
2.11818000000000011E-04
2.08447999999999994E-04
2.48176000000000017E-04
2.06228000000000005E-04
1.75763999999999993E-04
1.71635999999999995E-04
1.64064000000000007E-04
1.66794000000000003E-04
1.66457999999999998E-04
2.03031999999999990E-04
1.98991000000000006E-04
1.95600000000000011E-04
2.04104999999999998E-04
1.97182000000000010E-04
1.95276000000000005E-04
4.71764000000000005E-04
3.06779999999999987E-04
2.16140999999999989E-04
2.72941000000000015E-04
2.41069000000000006E-04
2.96801999999999982E-04
2.16996000000000007E-04
2.13854000000000003E-04
2.14202000000000007E-04
2.11384000000000008E-04
2.37244000000000007E-04
2.09900999999999995E-04
2.16054000000000002E-04
2.10236000000000011E-04
2.08709000000000010E-04
2.11437999999999991E-04
2.13367999999999994E-04
2.36583999999999997E-04
3.17813999999999976E-04
2.59654000000000005E-04
2.48479000000000018E-04
2.25328000000000008E-04
2.40029000000000002E-04
2.25132000000000012E-04
2.04331999999999995E-04
2.01330999999999987E-04
2.02284000000000003E-04
2.25371000000000008E-04
2.04439999999999987E-04
2.04255999999999991E-04
2.04796999999999998E-04
2.29735999999999997E-04
1.72394999999999992E-04
1.68505000000000000E-04
1.81224000000000012E-04
1.62212000000000012E-04
1.72177999999999990E-04
1.68190999999999989E-04
1.66133000000000003E-04
1.88536999999999987E-04
1.72838999999999990E-04
1.77605999999999993E-04
1.62318999999999989E-04
1.90160999999999998E-04
1.72935999999999999E-04
1.72449000000000002E-04
1.64649000000000002E-04
1.77953000000000009E-04
1.70173999999999987E-04
1.63933000000000004E-04
1.74193000000000004E-04
1.92024999999999992E-04
1.71874000000000001E-04
1.73174999999999995E-04
1.63685000000000002E-04
1.78060000000000013E-04
1.80888000000000007E-04
1.86662999999999998E-04
1.76338000000000005E-04
1.61020000000000000E-04
1.58342999999999998E-04
1.58560000000000000E-04
1.61225000000000002E-04
1.62134999999999992E-04
1.81993000000000004E-04
1.62881999999999990E-04
1.98817000000000004E-04
1.72914999999999994E-04
1.64529000000000010E-04
1.74009000000000007E-04
1.63575999999999994E-04
1.63716999999999991E-04
1.96682999999999987E-04
1.62439000000000008E-04
1.73802999999999989E-04
1.65396000000000000E-04
1.92751000000000012E-04
1.75784999999999998E-04
1.59242000000000004E-04
1.73336999999999997E-04
1.67670999999999988E-04
1.66154000000000009E-04
1.73348000000000008E-04
1.61031000000000011E-04
1.73153000000000000E-04
6.26813999999999952E-04
2.34741999999999996E-04
2.17235000000000003E-04
2.98161000000000021E-04
2.41708000000000011E-04
2.18134000000000009E-04
2.20485000000000001E-04
2.24309000000000010E-04
2.17982000000000001E-04
3.53097999999999986E-04
2.41470000000000004E-04
2.94391000000000021E-04
2.35674000000000007E-04
2.06347000000000008E-04
2.04288999999999995E-04
2.13107000000000005E-04
2.33496000000000002E-04
2.14049999999999999E-04
2.42911000000000006E-04
2.18048000000000010E-04
1.59101999999999996E-04
1.79664000000000006E-04
1.58831000000000011E-04
1.58526999999999995E-04
1.58745000000000012E-04
1.58440999999999996E-04
2.30337999999999989E-04
2.10139000000000002E-04
2.14255000000000001E-04
2.08383000000000000E-04
2.33419999999999998E-04
2.15242000000000010E-04
2.01948999999999987E-04
2.09705999999999987E-04
2.33994000000000010E-04
2.10788000000000002E-04
2.12706000000000006E-04
2.11656000000000008E-04
2.20105999999999996E-04
2.10420999999999997E-04
2.22673000000000001E-04
2.17862999999999998E-04
2.11363000000000002E-04
2.11341999999999997E-04
2.44324999999999989E-04
2.08958000000000001E-04
2.08058999999999995E-04
2.29671999999999992E-04
2.07440999999999995E-04
2.07505999999999988E-04
2.07170999999999999E-04
1.72091000000000003E-04
1.76099000000000009E-04
1.70401000000000011E-04
1.64248000000000004E-04
1.91580999999999994E-04
2.12088999999999995E-04
2.21274999999999998E-04
2.46214999999999986E-04
2.10138000000000013E-04
2.09661999999999999E-04
2.09640999999999994E-04
2.10496000000000012E-04
2.09120999999999992E-04
2.08220999999999997E-04
2.09478000000000003E-04
2.08590000000000007E-04
2.28685999999999999E-04
2.08015000000000007E-04
2.08523999999999998E-04
2.08979000000000006E-04
2.08709000000000010E-04
2.09022000000000006E-04
2.09619000000000000E-04
2.10322999999999999E-04
2.09955000000000005E-04
2.19628999999999994E-04
2.47504000000000007E-04
2.54318000000000014E-04
2.24006000000000010E-04
2.29303000000000010E-04
2.14656999999999988E-04
2.34892999999999989E-04
2.12446000000000005E-04
2.11353000000000007E-04
2.08449000000000009E-04
2.14438999999999998E-04
2.32684000000000010E-04
2.16020999999999997E-04
2.17700999999999995E-04
2.11189000000000000E-04
2.08664999999999995E-04
2.09792000000000013E-04
2.13615999999999996E-04
2.19792000000000013E-04
2.10105999999999997E-04
2.18740000000000010E-04
2.31091000000000000E-04
2.14427999999999987E-04
2.07147999999999989E-04
2.09769999999999992E-04
2.15219000000000001E-04
2.08481999999999987E-04
2.29606999999999999E-04
2.07831999999999998E-04
2.07430000000000011E-04
2.35087999999999996E-04
2.31014999999999996E-04
2.16065000000000012E-04
2.07614999999999997E-04
2.08914000000000013E-04
2.15058000000000013E-04
2.20344000000000003E-04
2.15154999999999996E-04
2.75368000000000010E-04
2.43679000000000009E-04
2.18253000000000013E-04
2.24319999999999994E-04
2.18848999999999991E-04
2.19131000000000013E-04
2.42076000000000004E-04
2.15686000000000008E-04
2.16824000000000010E-04
2.17614000000000007E-04
2.38879999999999990E-04
2.00614000000000001E-04
1.82353999999999996E-04
1.85274000000000002E-04
2.30819999999999989E-04
1.94925000000000008E-04
2.27110000000000013E-04
1.97364000000000003E-04
1.52484000000000013E-04
1.61662999999999987E-04
1.63933999999999993E-04
1.69134000000000011E-04
1.65383000000000012E-04
2.09244999999999993E-04
1.56302999999999997E-04
1.64312999999999997E-04
1.83773999999999992E-04
1.64563999999999992E-04
1.86243999999999987E-04
1.64594000000000003E-04
1.83804000000000004E-04
1.55403999999999991E-04
1.46343000000000005E-04
1.46183000000000006E-04
1.46243999999999991E-04
1.46372999999999989E-04
1.46233000000000008E-04
1.64114000000000008E-04
1.46682999999999991E-04
1.46512999999999998E-04
1.46143999999999989E-04
1.55362999999999996E-04
1.85204000000000011E-04
1.74164000000000008E-04
1.82114000000000012E-04
2.05014999999999988E-04
1.82964000000000005E-04
1.64844000000000009E-04
1.46603000000000006E-04
1.83363999999999988E-04
1.66044000000000011E-04
1.80184000000000008E-04
1.51833000000000008E-04
1.46772999999999999E-04
1.46593000000000011E-04
1.87953999999999997E-04
1.46434000000000001E-04
1.46162999999999990E-04
1.45923000000000005E-04
1.45992999999999996E-04
1.45983999999999990E-04
1.63422999999999997E-04
1.62334000000000008E-04
1.46143000000000000E-04
1.46333999999999999E-04
1.46023000000000008E-04
1.45983000000000001E-04
1.46013000000000013E-04
1.46042999999999997E-04
1.75403999999999990E-04
1.46343000000000005E-04
1.46333000000000010E-04
1.46044000000000013E-04
1.46252999999999997E-04
1.46663000000000002E-04
1.75248999999999989E-04
1.45804000000000002E-04
1.45723000000000001E-04
1.46092999999999999E-04
1.45813000000000008E-04
1.45983999999999990E-04
1.45732999999999995E-04
1.45732999999999995E-04
1.46223000000000013E-04
1.45883999999999988E-04
1.45723000000000001E-04
1.45923000000000005E-04
1.63033999999999998E-04
1.46412999999999996E-04
1.46023999999999996E-04
1.46002999999999991E-04
1.46133000000000005E-04
1.45963000000000012E-04
1.75254000000000013E-04
1.46274000000000003E-04
1.45882999999999999E-04
1.45963000000000012E-04
1.58283999999999991E-04
1.45732999999999995E-04
1.46133000000000005E-04
1.61783999999999995E-04
1.46312999999999993E-04
1.46293999999999992E-04
1.45963000000000012E-04
1.45703000000000011E-04
4.60114999999999981E-04
1.96364999999999994E-04
1.91904000000000011E-04
1.96614000000000012E-04
2.05314000000000006E-04
1.87084000000000013E-04
1.95524999999999996E-04
1.93133999999999998E-04
2.03615000000000008E-04
1.92164000000000012E-04
1.89284000000000013E-04
1.89134999999999998E-04
1.89084000000000008E-04
1.92523999999999988E-04
2.20275000000000001E-04
1.92764999999999988E-04
1.91804000000000009E-04
1.99344000000000008E-04
1.91635000000000004E-04
1.96104000000000005E-04
1.93274000000000007E-04
1.97614999999999998E-04
1.92833999999999990E-04
1.84484000000000004E-04
1.90824999999999990E-04
2.11224999999999998E-04
1.95083999999999991E-04
2.03114999999999996E-04
1.92363999999999990E-04
1.96264000000000003E-04
1.83303999999999992E-04
1.92294999999999988E-04
1.91024000000000006E-04
1.92554000000000000E-04
1.96295000000000004E-04
2.11174999999999997E-04
2.01714000000000000E-04
2.14085000000000008E-04
1.91463999999999995E-04
1.98304999999999993E-04
1.93983999999999991E-04
1.87753999999999992E-04
1.92344999999999989E-04
1.94124000000000000E-04
2.09965000000000000E-04
2.19485000000000003E-04
1.97013999999999994E-04
1.91005000000000005E-04
1.82103999999999990E-04
1.93133999999999998E-04
1.91284000000000007E-04
1.91625000000000009E-04
1.98323999999999994E-04
1.92324999999999999E-04
1.96204000000000007E-04
2.04114999999999993E-04
1.87393999999999988E-04
1.97603999999999987E-04
1.97765000000000001E-04
1.93973999999999996E-04
1.92224000000000008E-04
1.86274999999999988E-04
1.95904000000000000E-04
1.92584000000000011E-04
2.21825000000000012E-04
2.13305000000000005E-04
1.91485000000000000E-04
1.89044000000000001E-04
1.82274000000000010E-04
1.99113999999999991E-04
1.83814999999999988E-04
2.05894000000000004E-04
1.88554000000000011E-04
1.83343999999999998E-04
1.83374000000000010E-04
2.10754000000000009E-04
1.83613999999999994E-04
1.91193999999999999E-04
5.23942000000000006E-04
1.90814000000000006E-04
1.95364000000000009E-04
2.06703999999999991E-04
1.92534000000000010E-04
1.91143999999999998E-04
1.82363999999999991E-04
1.85204000000000011E-04
1.46133000000000005E-04
1.46033999999999991E-04
1.45942999999999995E-04
1.46033000000000003E-04
1.45913000000000011E-04
1.45944000000000011E-04
1.45753000000000012E-04
1.46472999999999992E-04
1.46414000000000011E-04
1.46293000000000004E-04
1.46262999999999992E-04
1.46052999999999992E-04
1.62024000000000006E-04
1.45933000000000000E-04
1.58023999999999990E-04
1.46302999999999998E-04
1.46083999999999993E-04
1.45882999999999999E-04
1.46083000000000004E-04
1.89544000000000013E-04
1.46214000000000007E-04
1.46262999999999992E-04
1.46312999999999993E-04
1.46133999999999994E-04
1.45873000000000004E-04
1.61113000000000001E-04
1.47443000000000004E-04
1.49593000000000002E-04
1.45723000000000001E-04
1.46023999999999996E-04
1.46173000000000011E-04
1.45933000000000000E-04
1.45954000000000006E-04
1.46123000000000010E-04
1.46133000000000005E-04
1.45792999999999991E-04
1.46033999999999991E-04
1.85923999999999991E-04
2.31212000000000008E-04
1.90754000000000010E-04
1.91775000000000013E-04
1.92263999999999987E-04
2.02794999999999999E-04
2.16703999999999991E-04
2.30124999999999996E-04
1.91914000000000006E-04
1.91874000000000000E-04
2.79747000000000003E-04
2.47974999999999997E-04
1.49743999999999995E-04
1.46042999999999997E-04
1.45942999999999995E-04
1.45863000000000009E-04
1.45954000000000006E-04
1.46422999999999990E-04
1.46062999999999987E-04
1.46123999999999999E-04
1.45992999999999996E-04
1.46283000000000009E-04
1.62193999999999999E-04
1.45923000000000005E-04
1.46013000000000013E-04
1.46114000000000004E-04
1.70082999999999991E-04
1.46064000000000003E-04
1.46092999999999999E-04
1.46112999999999988E-04
1.45964000000000000E-04
1.45753000000000012E-04
1.45923000000000005E-04
1.45832999999999998E-04
1.46064000000000003E-04
1.62053000000000002E-04
1.46324000000000004E-04
1.68213000000000011E-04
1.80554000000000006E-04
1.46173000000000011E-04
2.66365999999999977E-04
1.71103999999999994E-04
1.46913000000000008E-04
1.46543000000000010E-04
1.46684000000000007E-04
1.46293000000000004E-04
1.46322999999999988E-04
1.63024000000000003E-04
4.38072999999999978E-04
2.14369000000000007E-04
2.18526999999999990E-04
2.92266000000000010E-04
2.51016000000000010E-04
2.05004000000000004E-04
1.94045000000000003E-04
2.04254000000000013E-04
1.94534999999999993E-04
2.08824000000000005E-04
2.15904999999999987E-04
2.02544999999999993E-04
1.97764000000000013E-04
2.27475000000000013E-04
2.39874999999999989E-04
1.94463999999999987E-04
2.05224999999999988E-04
2.33754999999999987E-04
2.06225000000000012E-04
2.17165000000000012E-04
1.99544000000000013E-04
2.01084999999999990E-04
1.96013999999999997E-04
2.03484999999999994E-04
1.94274000000000004E-04
3.30131000000000001E-04
2.22155000000000003E-04
1.95393999999999993E-04
2.05455000000000004E-04
1.56223000000000012E-04
1.81404000000000000E-04
1.85405000000000004E-04
1.63632999999999997E-04
1.46823999999999989E-04
1.76963000000000006E-04
1.81084000000000003E-04
1.64582999999999993E-04
1.83904000000000006E-04
1.83134999999999987E-04
1.73992999999999999E-04
1.46333000000000010E-04
1.46233000000000008E-04
1.46262999999999992E-04
1.48793999999999999E-04
1.64663000000000006E-04
1.51144000000000002E-04
1.63802999999999990E-04
1.46362999999999994E-04
1.46433000000000012E-04
1.46212999999999991E-04
1.46164000000000005E-04
1.46543000000000010E-04
1.46302999999999998E-04
1.46314000000000009E-04
1.45742999999999990E-04
1.46162999999999990E-04
1.45963000000000012E-04
1.57774000000000011E-04
1.77493999999999992E-04
1.70853999999999987E-04
1.46143000000000000E-04
1.46482999999999986E-04
1.45894000000000010E-04
1.46102999999999994E-04
1.46262999999999992E-04
1.46393000000000006E-04
1.46262999999999992E-04
1.56603000000000005E-04
1.96934999999999997E-04
1.93513999999999991E-04
1.94395000000000012E-04
1.92933999999999993E-04
2.53040000000000003E-04
1.95765000000000007E-04
2.18755000000000002E-04
1.93234000000000000E-04
1.96973999999999988E-04
1.94944999999999998E-04
1.93594000000000003E-04
2.65456000000000014E-04
1.96844999999999990E-04
1.96333999999999994E-04
1.96763999999999988E-04
1.95364999999999997E-04
3.08876999999999991E-04
1.94763999999999994E-04
2.43336000000000003E-04
2.09804000000000013E-04
2.17504999999999999E-04
1.94675000000000002E-04
1.97104000000000002E-04
1.90344000000000006E-04
1.83794999999999998E-04
2.13703999999999999E-04
1.95584999999999992E-04
2.12644999999999994E-04
2.38724999999999989E-04
2.05245000000000004E-04
2.13515000000000005E-04
1.99523999999999996E-04
2.21394999999999990E-04
1.97805000000000008E-04
2.16743999999999997E-04
1.97774999999999996E-04
1.97254000000000006E-04
2.20144999999999987E-04
2.17684999999999987E-04
2.42646000000000008E-04
1.97163999999999998E-04
2.15374999999999990E-04
1.98225000000000007E-04
1.98344000000000011E-04
2.14584999999999993E-04
2.34235000000000010E-04
2.16185000000000005E-04
1.97975000000000001E-04
2.19833999999999996E-04
1.97144000000000008E-04
2.02434999999999996E-04
1.96934000000000009E-04
1.97304000000000007E-04
2.25314999999999993E-04
1.97123999999999992E-04
1.96913999999999992E-04
2.18325000000000008E-04
2.12484999999999996E-04
2.19335000000000000E-04
1.96564999999999999E-04
2.13364000000000012E-04
2.01525000000000006E-04
1.97423999999999999E-04
2.47525999999999974E-04
1.99593999999999987E-04
2.16913999999999990E-04
1.97464999999999994E-04
2.02203999999999991E-04
2.16595000000000009E-04
1.97194999999999998E-04
1.99323999999999991E-04
2.01854999999999998E-04
2.28165000000000008E-04
1.99795000000000007E-04
1.97894000000000000E-04
2.16354999999999998E-04
1.98493999999999987E-04
2.33985999999999992E-04
1.98543999999999988E-04
1.98805000000000005E-04
2.35505000000000003E-04
1.93074000000000002E-04
2.24495000000000011E-04
1.98485000000000008E-04
2.22875000000000010E-04
1.97554000000000013E-04
2.02045000000000008E-04
2.13815000000000012E-04
1.98583999999999995E-04
4.25105000000000003E-04
2.42076000000000004E-04
2.05104000000000007E-04
2.07695000000000010E-04
3.37287999999999987E-04
2.34806000000000001E-04
2.11114000000000012E-04
2.51736000000000017E-04
1.95634999999999993E-04
1.94613999999999990E-04
1.99444000000000010E-04
1.95433999999999999E-04
2.01893999999999988E-04
1.97955000000000011E-04
2.17894999999999986E-04
2.02124000000000005E-04
1.97345000000000002E-04
2.02193999999999996E-04
1.96624000000000007E-04
1.98993999999999999E-04
2.21945000000000004E-04
1.99554999999999996E-04
2.02634000000000012E-04
2.11573999999999991E-04
2.46345999999999989E-04
1.92303999999999994E-04
1.91403999999999999E-04
1.98784000000000000E-04
2.19625000000000012E-04
2.02145000000000010E-04
1.99034000000000006E-04
1.98605000000000000E-04
2.09514000000000000E-04
1.97674999999999994E-04
2.32195000000000009E-04
1.93713999999999996E-04
2.07755000000000006E-04
1.94235000000000013E-04
1.93494000000000001E-04
2.02923999999999997E-04
1.99144999999999992E-04
1.98843999999999996E-04
2.25376000000000005E-04
1.59032999999999993E-04
1.69683999999999997E-04
1.46073000000000009E-04
1.76064000000000000E-04
2.02665000000000012E-04
1.97944000000000001E-04
2.03315000000000001E-04
2.12735000000000002E-04
1.98304000000000004E-04
2.00984999999999987E-04
2.00384000000000011E-04
2.20905000000000000E-04
1.98624999999999990E-04
1.99084000000000007E-04
2.02914999999999991E-04
1.97624000000000004E-04
2.01854999999999998E-04
1.92313999999999989E-04
2.14515000000000002E-04
2.03575000000000002E-04
1.97813999999999987E-04
2.13274999999999993E-04
1.87163999999999999E-04
1.87504000000000013E-04
1.93345000000000013E-04
1.88934000000000004E-04
1.88454000000000009E-04
1.94494999999999987E-04
1.88984000000000005E-04
2.07264000000000000E-04
1.88593999999999990E-04
2.07724000000000005E-04
5.28001999999999964E-04
2.05595000000000013E-04
2.21754999999999994E-04
2.51915999999999978E-04
1.95534000000000002E-04
2.03135000000000013E-04
1.97824000000000009E-04
2.19344999999999995E-04
2.01265000000000005E-04
2.01924000000000000E-04
2.00955000000000003E-04
2.01864000000000004E-04
2.01745000000000001E-04
2.13935000000000004E-04
2.03233999999999999E-04
1.96245000000000002E-04
2.04834000000000011E-04
2.32746000000000011E-04
2.19735000000000010E-04
1.93914000000000000E-04
2.13575000000000001E-04
2.00134000000000005E-04
2.03295000000000011E-04
1.97784000000000002E-04
1.98755000000000004E-04
1.98654000000000013E-04
1.98564999999999994E-04
2.19385000000000001E-04
1.99363999999999997E-04
2.03515000000000006E-04
2.04243999999999991E-04
1.99845000000000009E-04
1.98464000000000003E-04
1.76144000000000013E-04
1.93525000000000001E-04
1.93054000000000012E-04
1.94773999999999989E-04
2.15645000000000013E-04
1.96715000000000003E-04
2.06553999999999988E-04
1.97154999999999992E-04
2.19005000000000008E-04
2.01714000000000000E-04
1.93594999999999992E-04
1.90783999999999995E-04
1.93324000000000008E-04
1.97295000000000001E-04
2.14154000000000010E-04
1.96913999999999992E-04
1.96984000000000010E-04
1.97314999999999990E-04
1.98244000000000008E-04
1.98745000000000009E-04
1.97414000000000004E-04
1.96774999999999999E-04
1.96923999999999987E-04
1.96724000000000009E-04
2.19155000000000012E-04
1.85854999999999988E-04
1.92353999999999995E-04
1.97273999999999995E-04
2.20515000000000012E-04
2.19344999999999995E-04
1.96915000000000008E-04
1.96564000000000011E-04
2.08495000000000002E-04
1.96844000000000001E-04
2.14145000000000004E-04
1.97605000000000003E-04
1.96903999999999997E-04
1.98073999999999988E-04
1.98154999999999989E-04
1.97593999999999992E-04
1.94605000000000011E-04
1.94233999999999997E-04
2.02754999999999993E-04
1.94324000000000005E-04
5.95792999999999952E-04
1.99385000000000003E-04
1.99724000000000001E-04
2.00034999999999991E-04
3.47787000000000009E-04
2.13605000000000012E-04
2.34700000000000013E-04
1.99213999999999994E-04
2.00275000000000003E-04
1.97614000000000009E-04
2.12594999999999993E-04
1.99075000000000001E-04
2.33665000000000007E-04
2.04384000000000000E-04
2.20573999999999993E-04
1.78652999999999999E-04
1.78653999999999987E-04
1.78803999999999991E-04
1.79244000000000007E-04
1.78924000000000010E-04
1.79144000000000005E-04
1.79404000000000006E-04
1.80444000000000009E-04
1.79213999999999995E-04
1.86744000000000000E-04
1.46013000000000013E-04
1.46143000000000000E-04
1.86605000000000007E-04
2.10964000000000008E-04
1.96355000000000000E-04
1.97414000000000004E-04
1.96855000000000012E-04
1.98614000000000006E-04
2.06815000000000004E-04
2.17144999999999995E-04
2.00003999999999991E-04
1.96765000000000004E-04
1.96584000000000000E-04
1.97144999999999997E-04
1.96944000000000004E-04
2.13295000000000010E-04
1.96844000000000001E-04
1.97514999999999995E-04
1.96853999999999996E-04
2.16755000000000008E-04
2.01224999999999999E-04
2.01633999999999988E-04
2.04364999999999999E-04
1.92794000000000011E-04
1.98614999999999995E-04
1.94183999999999996E-04
2.14405000000000005E-04
1.96634000000000001E-04
1.98025000000000002E-04
2.17674999999999992E-04
2.01043999999999995E-04
1.96254999999999997E-04
1.95564000000000013E-04
1.95114999999999991E-04
2.06474000000000002E-04
2.01454999999999988E-04
1.94014000000000003E-04
1.85283999999999997E-04
1.88624999999999991E-04
1.84763999999999995E-04
1.78123999999999991E-04
1.74403999999999992E-04
1.78163999999999997E-04
1.46593000000000011E-04
1.65804000000000000E-04
1.46622999999999995E-04
2.08574999999999988E-04
1.85204000000000011E-04
1.89884000000000000E-04
1.92165000000000001E-04
2.20194999999999988E-04
1.83184000000000000E-04
1.06250899999999989E-03
1.86794000000000001E-04
1.92363999999999990E-04
1.89995000000000013E-04
2.13913999999999999E-04
1.62342999999999987E-04
1.93794999999999997E-04
1.46682999999999991E-04
1.46383000000000011E-04
1.90673999999999998E-04
1.46513999999999987E-04
1.64653000000000011E-04
1.46674000000000012E-04
2.28575000000000013E-04
1.89754000000000013E-04
1.79444000000000012E-04
1.65703999999999998E-04
1.55873000000000003E-04
1.46314000000000009E-04
1.45983000000000001E-04
1.46613000000000000E-04
1.64744000000000007E-04
1.46582999999999989E-04
1.60943999999999996E-04
1.66154000000000009E-04
1.64653000000000011E-04
2.44545999999999999E-04
2.20964999999999996E-04
1.91274000000000012E-04
1.88624000000000002E-04
2.20305000000000013E-04
1.89304999999999991E-04
1.88593999999999990E-04
2.26161999999999994E-04
1.92904999999999997E-04
1.91633999999999988E-04
1.91303999999999997E-04
1.90874999999999991E-04
1.91234000000000006E-04
1.91363999999999993E-04
1.92403999999999996E-04
1.91404999999999988E-04
2.10604000000000005E-04
1.91594000000000009E-04
1.91403999999999999E-04
2.56295999999999987E-04
1.91394000000000004E-04
1.90824000000000001E-04
2.25856000000000001E-04
2.93436000000000001E-04
1.54083999999999997E-04
1.62912999999999990E-04
1.88652000000000009E-04
1.46882999999999996E-04
1.62642999999999994E-04
1.52764000000000003E-04
1.57712999999999999E-04
1.46534000000000003E-04
1.46453000000000002E-04
1.46362999999999994E-04
1.46033999999999991E-04
1.46202999999999996E-04
1.46362999999999994E-04
1.46023000000000008E-04
1.46164000000000005E-04
1.45992999999999996E-04
1.46613000000000000E-04
1.66383999999999998E-04
1.66503999999999990E-04
1.99444000000000010E-04
2.09755000000000000E-04
2.01785000000000007E-04
1.99404000000000004E-04
2.00365000000000010E-04
2.00664000000000002E-04
1.99535000000000006E-04
1.99633999999999993E-04
2.26555000000000002E-04
2.03785000000000001E-04
1.99764000000000007E-04
1.96264999999999992E-04
2.19394999999999996E-04
1.88643999999999992E-04
1.97054000000000001E-04
2.00835000000000011E-04
1.93064000000000007E-04
2.35906000000000001E-04
2.07624000000000003E-04
2.03455000000000010E-04
1.92293999999999999E-04
1.95285000000000012E-04
1.99173999999999987E-04
1.99275000000000006E-04
1.98943999999999998E-04
1.98624999999999990E-04
1.98874000000000007E-04
2.17624999999999991E-04
2.02875000000000012E-04
2.07514000000000006E-04
1.93374999999999998E-04
1.98084000000000010E-04
1.99535000000000006E-04
1.97574000000000003E-04
1.98814000000000011E-04
2.00313999999999993E-04
1.78903999999999993E-04
2.22555000000000013E-04
2.00354999999999988E-04
1.98313999999999999E-04
1.94884000000000013E-04
1.99094000000000002E-04
2.13575000000000001E-04
1.97894000000000000E-04
1.99285000000000000E-04
1.97073999999999991E-04
2.16254999999999995E-04
1.97874000000000010E-04
1.97784000000000002E-04
1.95514000000000012E-04
1.95434999999999988E-04
1.95514000000000012E-04
1.98934999999999992E-04
1.53043000000000005E-04
1.61094000000000000E-04
1.61373000000000001E-04
1.77464000000000007E-04
1.64353999999999992E-04
1.75204000000000012E-04
1.46252999999999997E-04
1.45834000000000014E-04
1.45692999999999989E-04
1.46062999999999987E-04
1.49423999999999998E-04
1.46073000000000009E-04
1.57242999999999999E-04
1.88264999999999987E-04
1.82253999999999993E-04
1.66123000000000009E-04
1.46493999999999997E-04
1.74913999999999999E-04
1.46193000000000001E-04
1.46422999999999990E-04
1.46324000000000004E-04
1.46102999999999994E-04
1.46233000000000008E-04
1.46223000000000013E-04
1.46133999999999994E-04
1.46223000000000013E-04
1.46233000000000008E-04
1.69764000000000010E-04
1.46372999999999989E-04
1.46303999999999987E-04
1.62783000000000003E-04
1.46374000000000005E-04
1.46453000000000002E-04
1.51872999999999987E-04
1.52613999999999999E-04
1.46643000000000012E-04
1.46603000000000006E-04
1.46333999999999999E-04
1.46152999999999995E-04
1.46433000000000012E-04
1.45973000000000007E-04
1.46114000000000004E-04
1.46033000000000003E-04
1.46343000000000005E-04
1.98404999999999995E-04
1.76934000000000011E-04
1.97233999999999989E-04
1.95915000000000011E-04
2.25584999999999989E-04
1.88003999999999998E-04
2.24784999999999997E-04
1.70173999999999987E-04
1.53062999999999995E-04
1.89344999999999997E-04
1.85823999999999988E-04
1.81014000000000012E-04
1.83663999999999995E-04
1.84684000000000009E-04
1.81563999999999998E-04
1.72914000000000005E-04
1.46023999999999996E-04
1.45823000000000003E-04
1.62103000000000003E-04
1.74863999999999998E-04
1.77323999999999998E-04
1.61564000000000000E-04
1.64114000000000008E-04
1.46002999999999991E-04
1.46042999999999997E-04
1.46164000000000005E-04
1.46102999999999994E-04
1.56832999999999994E-04
1.46004000000000007E-04
1.46443000000000007E-04
1.46322999999999988E-04
1.46372999999999989E-04
1.46343999999999993E-04
1.46412999999999996E-04
1.63883999999999991E-04
1.62723000000000007E-04
1.46403999999999989E-04
1.46472999999999992E-04
1.46372999999999989E-04
1.92205000000000007E-04
1.97994000000000002E-04
2.01334999999999996E-04
1.97464000000000005E-04
1.98075000000000003E-04
1.97094000000000007E-04
1.98834000000000001E-04
2.19105000000000010E-04
2.02014999999999996E-04
2.12024999999999990E-04
1.99223999999999989E-04
1.99905000000000005E-04
1.99774000000000002E-04
1.97755000000000007E-04
1.98414000000000001E-04
1.99215000000000009E-04
1.97364000000000003E-04
2.21045000000000009E-04
2.02685000000000002E-04
1.99714000000000006E-04
2.10725000000000013E-04
1.97533999999999996E-04
2.03544999999999990E-04
1.97123999999999992E-04
1.90384000000000012E-04
1.92403999999999996E-04
2.13345000000000011E-04
1.99504000000000006E-04
2.09764999999999995E-04
1.93765000000000013E-04
1.96293999999999988E-04
1.94954000000000004E-04
1.95994999999999996E-04
1.98514000000000004E-04
2.00124999999999999E-04
1.98313999999999999E-04
2.10895000000000006E-04
1.97554000000000013E-04
2.01234999999999994E-04
1.94944000000000009E-04
1.96164999999999990E-04
1.95343999999999992E-04
1.96805000000000011E-04
1.97524000000000001E-04
1.97853999999999993E-04
2.14004999999999995E-04
7.57232999999999951E-04
1.85944000000000007E-04
2.45064999999999986E-04
2.38855999999999991E-04
1.76744000000000000E-04
1.48922999999999997E-04
1.71974000000000004E-04
1.86503999999999988E-04
1.69283999999999987E-04
1.46243000000000002E-04
1.45894000000000010E-04
1.46272999999999987E-04
1.46083000000000004E-04
1.45902999999999989E-04
1.46014000000000002E-04
1.46112999999999988E-04
1.46062999999999987E-04
1.46204000000000012E-04
1.84183999999999997E-04
1.51513000000000011E-04
1.46453000000000002E-04
1.77994000000000004E-04
1.67374000000000000E-04
1.45973000000000007E-04
1.46283999999999997E-04
1.92933999999999993E-04
1.99084999999999995E-04
2.12434000000000006E-04
1.98745000000000009E-04
1.99714000000000006E-04
1.99724999999999989E-04
1.99313999999999996E-04
2.17655000000000002E-04
2.01115000000000001E-04
1.93183999999999999E-04
1.94343999999999995E-04
1.99993999999999996E-04
1.95643999999999999E-04
2.11265000000000004E-04
2.00315000000000009E-04
1.96094000000000010E-04
1.96404000000000012E-04
2.19494999999999998E-04
2.03415000000000003E-04
1.97543999999999991E-04
1.97653999999999988E-04
2.00144000000000000E-04
1.98905000000000007E-04
2.01883999999999994E-04
1.99805000000000002E-04
2.01613999999999998E-04
2.03584999999999996E-04
2.18425000000000010E-04
2.00585000000000005E-04
1.95753999999999996E-04
1.99404000000000004E-04
2.07354999999999996E-04
1.99354999999999991E-04
1.99263999999999995E-04
1.99414999999999987E-04
1.98693999999999992E-04
2.17375000000000012E-04
1.98454000000000008E-04
2.01504999999999989E-04
1.96874000000000013E-04
1.95825000000000003E-04
1.95954000000000001E-04
1.97855000000000009E-04
1.99853999999999988E-04
2.01344999999999991E-04
1.89843999999999994E-04
2.31935000000000008E-04
1.90234000000000009E-04
1.89375000000000009E-04
2.17593999999999991E-04
1.91585000000000003E-04
1.94794000000000006E-04
1.89943999999999996E-04
1.89574999999999987E-04
3.88467999999999995E-04
1.86584000000000001E-04
1.87133999999999987E-04
1.87743999999999997E-04
1.88483999999999993E-04
1.87994999999999992E-04
1.87294000000000013E-04
1.87054000000000002E-04
2.16385000000000009E-04
1.87874000000000011E-04
1.87524000000000002E-04
1.88285000000000004E-04
1.89494000000000012E-04
2.05133999999999991E-04
1.93384999999999992E-04
1.96994000000000005E-04
1.97065000000000011E-04
1.98953999999999993E-04
2.37285000000000002E-04
1.99413999999999999E-04
1.99464000000000000E-04
1.99664999999999993E-04
1.98523999999999999E-04
1.99514999999999990E-04
1.95584000000000003E-04
1.95035000000000005E-04
1.97664000000000010E-04
1.93314000000000013E-04
2.31470999999999993E-04
1.86894000000000003E-04
1.86713999999999988E-04
1.84804000000000001E-04
2.03954999999999995E-04
1.90824000000000001E-04
1.99385000000000003E-04
1.99383999999999987E-04
1.99965000000000001E-04
2.19174000000000013E-04
2.00623999999999995E-04
1.99924999999999994E-04
1.99764000000000007E-04
1.98624000000000001E-04
1.98654000000000013E-04
1.96214000000000002E-04
1.95965000000000012E-04
1.95004000000000005E-04
1.95644999999999988E-04
2.21095000000000010E-04
1.97383999999999993E-04
2.01845000000000003E-04
2.01663999999999999E-04
1.96283999999999993E-04
1.96784000000000005E-04
1.97023999999999989E-04
1.98215000000000012E-04
1.99284000000000012E-04
2.13035000000000009E-04
2.19464999999999987E-04
1.99884999999999988E-04
1.93954000000000007E-04
1.98664000000000007E-04
1.97214999999999988E-04
1.96004000000000002E-04
1.96534999999999988E-04
1.99833999999999998E-04
1.99495000000000000E-04
1.99184000000000009E-04
2.17564999999999995E-04
2.07065000000000011E-04
1.98683999999999997E-04
1.99055000000000011E-04
1.98743999999999993E-04
2.01873999999999999E-04
1.96743999999999999E-04
1.91284000000000007E-04
1.94773999999999989E-04
1.97684999999999989E-04
2.14603999999999994E-04
2.57201999999999995E-04
2.08943999999999997E-04
2.11014999999999998E-04
1.94875000000000007E-04
2.38785000000000012E-04
2.38485000000000004E-04
1.74484000000000005E-04
1.46453999999999991E-04
1.71573000000000005E-04
1.46513999999999987E-04
1.63393000000000013E-04
1.46083999999999993E-04
1.45842999999999993E-04
1.45983000000000001E-04
1.45983999999999990E-04
1.45823000000000003E-04
1.45983000000000001E-04
1.46123000000000010E-04
1.46114000000000004E-04
1.45983000000000001E-04
1.46042999999999997E-04
1.45992999999999996E-04
1.45973999999999995E-04
1.61482999999999999E-04
1.46264000000000008E-04
1.46243000000000002E-04
1.45823000000000003E-04
1.45942999999999995E-04
1.46123999999999999E-04
1.45892999999999994E-04
1.46233000000000008E-04
1.45704000000000000E-04
1.55272999999999989E-04
2.04784999999999998E-04
1.46083000000000004E-04
1.46102999999999994E-04
1.62174000000000010E-04
1.46372999999999989E-04
1.46143999999999989E-04
1.46162999999999990E-04
1.46243000000000002E-04
1.45873000000000004E-04
1.45973999999999995E-04
1.45863000000000009E-04
1.45882999999999999E-04
1.50363999999999999E-04
1.45913000000000011E-04
1.45603000000000008E-04
1.45902999999999989E-04
1.46174000000000000E-04
1.61382999999999996E-04
1.73014000000000007E-04
1.69793999999999994E-04
1.46443000000000007E-04
1.46114000000000004E-04
1.46403000000000001E-04
1.46293000000000004E-04
1.73983999999999993E-04
1.46183000000000006E-04
1.46384000000000000E-04
1.46062999999999987E-04
1.55042999999999999E-04
1.46054000000000008E-04
1.63322999999999995E-04
1.46114000000000004E-04
1.52802999999999994E-04
1.57834000000000007E-04
1.50402999999999990E-04
1.63164000000000012E-04
1.45563000000000002E-04
1.45732999999999995E-04
1.45954000000000006E-04
1.45983000000000001E-04
1.45813000000000008E-04
1.46272999999999987E-04
1.46114000000000004E-04
1.63062999999999994E-04
1.46214000000000007E-04
1.45902999999999989E-04
1.46023000000000008E-04
1.45944000000000011E-04
1.84804000000000001E-04
1.65293000000000005E-04
1.79934000000000002E-04
1.82995000000000006E-04
1.89724000000000002E-04
2.04994000000000010E-04
1.87214000000000000E-04
2.20449000000000003E-04
1.85465000000000001E-04
1.82904000000000009E-04
1.91153999999999993E-04
2.26879999999999996E-04
1.86834000000000007E-04
1.69084000000000009E-04
3.31431999999999994E-04
2.13245000000000009E-04
1.92334000000000005E-04
1.83503999999999997E-04
1.87614000000000010E-04
2.26955000000000012E-04
1.87755000000000007E-04
2.25829999999999998E-04
1.87054000000000002E-04
1.93594999999999992E-04
1.71172999999999996E-04
1.77102999999999988E-04
1.67192999999999997E-04
1.90254999999999987E-04
1.90384000000000012E-04
1.88913999999999987E-04
1.95713999999999990E-04
1.92594999999999995E-04
1.94703999999999998E-04
1.96175000000000011E-04
1.93873999999999994E-04
1.95973999999999991E-04
1.65283999999999998E-04
1.93324000000000008E-04
2.09244000000000004E-04
1.95374999999999992E-04
1.96223999999999997E-04
1.96493999999999993E-04
1.95674000000000011E-04
1.96123999999999995E-04
1.96564999999999999E-04
2.00384000000000011E-04
2.23185000000000012E-04
2.01795000000000002E-04
1.88194000000000008E-04
1.89833999999999999E-04
1.90585000000000006E-04
1.89564000000000003E-04
1.88714000000000010E-04
1.88213999999999997E-04
1.90754999999999999E-04
1.92074000000000004E-04
2.38549999999999998E-04
1.99134999999999997E-04
1.90174000000000013E-04
1.81904000000000012E-04
1.83174000000000005E-04
1.48464000000000007E-04
1.45992999999999996E-04
1.46013000000000013E-04
1.54014000000000006E-04
1.46753000000000009E-04
1.64773999999999991E-04
1.62962999999999991E-04
1.98454999999999996E-04
1.94073999999999999E-04
1.93604999999999987E-04
1.93763999999999997E-04
2.01794000000000013E-04
2.10604999999999994E-04
1.93975000000000012E-04
1.95493999999999995E-04
2.26445000000000005E-04
1.95195000000000004E-04
1.96643999999999996E-04
1.89964000000000013E-04
1.81924000000000002E-04
1.89225000000000005E-04
1.88913999999999987E-04
2.11785000000000006E-04
1.87373999999999999E-04
1.88824000000000007E-04
1.84403999999999992E-04
1.64403999999999993E-04
1.58734000000000002E-04
1.92033999999999998E-04
1.95613999999999988E-04
2.03995000000000001E-04
1.96173999999999996E-04
5.05106999999999974E-04
2.73451000000000022E-04
1.89373999999999993E-04
1.90015000000000003E-04
1.90084000000000005E-04
1.89733999999999996E-04
1.90024000000000009E-04
1.90365000000000011E-04
1.49862999999999998E-04
1.46223000000000013E-04
1.62644000000000010E-04
1.46033000000000003E-04
1.46023999999999996E-04
1.46123000000000010E-04
1.45763000000000007E-04
1.45913000000000011E-04
1.45844000000000008E-04
1.46033000000000003E-04
1.46002999999999991E-04
1.45813000000000008E-04
1.46133999999999994E-04
1.46112999999999988E-04
1.46353000000000000E-04
1.70824000000000003E-04
1.46223000000000013E-04
1.45653999999999998E-04
1.46343000000000005E-04
1.46112999999999988E-04
1.45873999999999993E-04
1.45923000000000005E-04
1.64054000000000012E-04
1.50762999999999993E-04
1.46143000000000000E-04
1.46303999999999987E-04
1.46312999999999993E-04
1.45713000000000006E-04
1.45973000000000007E-04
1.81163999999999989E-04
1.46123999999999999E-04
1.45882999999999999E-04
1.45842999999999993E-04
1.46064000000000003E-04
1.45933000000000000E-04
1.46042999999999997E-04
1.62114000000000014E-04
1.74343999999999996E-04
1.45632999999999993E-04
1.45642999999999988E-04
1.76044000000000011E-04
1.45973000000000007E-04
1.61774000000000000E-04
1.45653000000000010E-04
1.46243999999999991E-04
1.46062999999999987E-04
1.46162999999999990E-04
1.46073000000000009E-04
1.46092999999999999E-04
1.45902999999999989E-04
1.46293000000000004E-04
1.45854000000000003E-04
1.46312999999999993E-04
1.46102999999999994E-04
1.45792999999999991E-04
1.61943999999999993E-04
1.46173000000000011E-04
1.46574000000000010E-04
1.46532999999999988E-04
1.46073000000000009E-04
1.45794000000000007E-04
1.45842999999999993E-04
1.45963000000000012E-04
1.45873000000000004E-04
1.83353999999999993E-04
1.45983999999999990E-04
1.45942999999999995E-04
1.45832999999999998E-04
2.10714999999999991E-04
1.99864000000000010E-04
2.10635000000000005E-04
1.98323999999999994E-04
2.40255999999999998E-04
1.98273999999999993E-04
1.89915000000000000E-04
2.11764000000000001E-04
1.91485000000000000E-04
1.93584000000000009E-04
1.99334000000000013E-04
2.01904000000000010E-04
2.27724999999999992E-04
2.00024999999999997E-04
2.16695000000000012E-04
2.27375000000000011E-04
3.66203000000000004E-04
1.92164000000000012E-04
1.91454999999999989E-04
1.95343999999999992E-04
1.89483999999999990E-04
1.92334999999999994E-04
1.92253999999999993E-04
2.11475000000000004E-04
1.94243999999999992E-04
2.24441000000000001E-04
1.95834000000000009E-04
1.96643999999999996E-04
1.93444999999999988E-04
1.96393999999999990E-04
2.00955000000000003E-04
1.97264000000000001E-04
2.15784999999999995E-04
1.98485000000000008E-04
1.70242999999999989E-04
1.72904000000000010E-04
1.53744000000000011E-04
1.47312999999999990E-04
1.46202999999999996E-04
1.46254000000000013E-04
1.50683000000000007E-04
1.45992999999999996E-04
1.46033999999999991E-04
1.45632999999999993E-04
1.46052999999999992E-04
1.66724000000000012E-04
1.83153999999999988E-04
2.03184999999999987E-04
1.50812999999999994E-04
1.46512999999999998E-04
1.46083999999999993E-04
1.46362999999999994E-04
1.46123000000000010E-04
1.45832999999999998E-04
1.46264000000000008E-04
1.46052999999999992E-04
1.71093999999999999E-04
1.64823999999999993E-04
1.46433000000000012E-04
1.46262999999999992E-04
1.46422999999999990E-04
1.62552999999999987E-04
1.46632999999999990E-04
1.46644000000000001E-04
1.46112999999999988E-04
1.46243000000000002E-04
1.46114000000000004E-04
1.46393000000000006E-04
1.45992999999999996E-04
1.46403000000000001E-04
1.45994000000000012E-04
1.46312999999999993E-04
1.46742999999999987E-04
1.46403999999999989E-04
1.61962999999999994E-04
1.46204000000000012E-04
1.46362999999999994E-04
1.46052999999999992E-04
1.67414000000000007E-04
1.84973999999999995E-04
1.89853999999999988E-04
1.79924000000000007E-04
1.78023999999999988E-04
1.45813999999999997E-04
1.45753000000000012E-04
1.45832999999999998E-04
1.62563999999999997E-04
1.46433000000000012E-04
1.45933000000000000E-04
1.46104000000000009E-04
1.57863000000000003E-04
1.63293999999999999E-04
1.46183000000000006E-04
1.46033999999999991E-04
1.46243000000000002E-04
1.45852999999999987E-04
1.46083000000000004E-04
1.46143999999999989E-04
1.46052999999999992E-04
1.45952999999999990E-04
1.91563999999999998E-04
1.46143000000000000E-04
1.46173000000000011E-04
1.46482999999999986E-04
1.54983999999999992E-04
1.46052999999999992E-04
1.45892999999999994E-04
1.46353999999999988E-04
1.46162999999999990E-04
1.46193000000000001E-04
1.46384000000000000E-04
1.47393000000000003E-04
3.46132000000000026E-04
2.40145000000000012E-04
1.84513999999999989E-04
1.87273999999999996E-04
1.52484000000000013E-04
1.49672999999999988E-04
1.46362999999999994E-04
1.46574000000000010E-04
1.46923000000000003E-04
1.50053000000000008E-04
1.46823999999999989E-04
1.59602999999999996E-04
1.46123999999999999E-04
1.46472999999999992E-04
1.82384000000000007E-04
1.46023000000000008E-04
1.46183999999999995E-04
1.46482999999999986E-04
1.46393000000000006E-04
1.46503000000000003E-04
1.46324000000000004E-04
1.46603000000000006E-04
1.45543000000000012E-04
1.46303999999999987E-04
1.46522999999999993E-04
1.46262999999999992E-04
1.46362999999999994E-04
1.61554000000000005E-04
1.46462999999999997E-04
1.46434000000000001E-04
1.46173000000000011E-04
1.45942999999999995E-04
1.46143000000000000E-04
1.46233999999999996E-04
1.46152999999999995E-04
1.46233000000000008E-04
1.46314000000000009E-04
1.46543000000000010E-04
1.46102999999999994E-04
1.70593999999999987E-04
1.46112999999999988E-04
1.62174000000000010E-04
1.46383000000000011E-04
1.46193000000000001E-04
1.46293000000000004E-04
1.46152999999999995E-04
1.46283000000000009E-04
1.46114000000000004E-04
1.46193000000000001E-04
1.46033000000000003E-04
1.45952999999999990E-04
1.45944000000000011E-04
1.46272999999999987E-04
1.46233000000000008E-04
1.62034000000000001E-04
1.50583000000000005E-04
1.46563999999999988E-04
1.46572999999999994E-04
1.46613000000000000E-04
1.46713999999999992E-04
1.46562999999999999E-04
1.46433000000000012E-04
1.64124000000000003E-04
1.73783999999999988E-04
1.46343000000000005E-04
1.46252999999999997E-04
1.45954000000000006E-04
1.62043000000000007E-04
1.46744000000000003E-04
1.46462999999999997E-04
1.46393000000000006E-04
1.46374000000000005E-04
1.46223000000000013E-04
1.46243000000000002E-04
1.46343000000000005E-04
1.45873999999999993E-04
1.46013000000000013E-04
1.46312999999999993E-04
1.46162999999999990E-04
1.46014000000000002E-04
1.45913000000000011E-04
2.01434999999999998E-04
1.46243000000000002E-04
1.46073000000000009E-04
1.46083000000000004E-04
1.45904000000000004E-04
1.46133000000000005E-04
1.45882999999999999E-04
1.75524000000000009E-04
1.46152999999999995E-04
1.45983999999999990E-04
1.46233000000000008E-04
1.45963000000000012E-04
1.46143999999999989E-04
1.62322999999999997E-04
1.46524000000000009E-04
1.46162999999999990E-04
1.45723000000000001E-04
1.45942999999999995E-04
1.46143999999999989E-04
1.45942999999999995E-04
2.71895999999999987E-04
1.92473999999999987E-04
1.95235000000000010E-04
2.16183999999999989E-04
1.79344999999999998E-04
1.46233000000000008E-04
1.45973000000000007E-04
1.46233000000000008E-04
1.46484000000000002E-04
1.98184000000000012E-04
1.46212999999999991E-04
1.58063999999999996E-04
1.46262999999999992E-04
1.46054000000000008E-04
1.46272999999999987E-04
1.45992999999999996E-04
1.45852999999999987E-04
1.46393999999999995E-04
1.46262999999999992E-04
1.46152999999999995E-04
1.46283000000000009E-04
1.46393000000000006E-04
1.46262999999999992E-04
1.61874000000000002E-04
1.46152999999999995E-04
1.46372999999999989E-04
1.45923999999999994E-04
1.46212999999999991E-04
1.46302999999999998E-04
1.45842999999999993E-04
1.45744000000000006E-04
1.46123000000000010E-04
1.45913000000000011E-04
1.46414000000000011E-04
1.70773000000000013E-04
1.46254000000000013E-04
1.68042999999999990E-04
1.46254000000000013E-04
1.45813000000000008E-04
1.45753000000000012E-04
1.46033999999999991E-04
1.45703000000000011E-04
1.46002999999999991E-04
1.46123000000000010E-04
1.49003999999999998E-04
1.60003000000000006E-04
1.46264000000000008E-04
1.46472999999999992E-04
1.46193000000000001E-04
1.65644000000000002E-04
1.46252999999999997E-04
1.46252999999999997E-04
1.45803000000000013E-04
1.57982999999999995E-04
1.46044000000000013E-04
1.46013000000000013E-04
1.46252999999999997E-04
1.45952999999999990E-04
1.73573999999999988E-04
1.46493999999999997E-04
1.46152999999999995E-04
1.45742999999999990E-04
1.46403999999999989E-04
1.61773000000000011E-04
1.46543000000000010E-04
1.46503999999999992E-04
1.46143000000000000E-04
1.46252999999999997E-04
1.46324000000000004E-04
1.46493000000000008E-04
1.46582999999999989E-04
1.46322999999999988E-04
1.46243999999999991E-04
1.46512999999999998E-04
1.45863000000000009E-04
1.45844000000000008E-04
1.78388999999999989E-04
1.46842999999999990E-04
1.62823999999999998E-04
1.46133000000000005E-04
1.45813000000000008E-04
1.46023999999999996E-04
1.46033000000000003E-04
1.55513999999999989E-04
1.46293000000000004E-04
1.46002999999999991E-04
1.46092999999999999E-04
1.45904000000000004E-04
1.62392999999999988E-04
1.46374000000000005E-04
1.60552999999999992E-04
1.46954000000000003E-04
1.46173000000000011E-04
1.46223000000000013E-04
1.75713999999999992E-04
1.46343000000000005E-04
1.45954000000000006E-04
1.45973000000000007E-04
1.46152999999999995E-04
1.46123000000000010E-04
1.46233000000000008E-04
3.42186999999999982E-04
2.94171000000000027E-04
2.70535999999999986E-04
2.29420000000000009E-04
3.21497999999999977E-04
1.95073999999999996E-04
1.97485000000000011E-04
1.97724000000000006E-04
1.95023999999999995E-04
1.67664000000000013E-04
1.46412999999999996E-04
1.46073999999999998E-04
1.64372999999999993E-04
1.46493999999999997E-04
1.46312999999999993E-04
1.46412999999999996E-04
1.46314000000000009E-04
1.46162999999999990E-04
1.46343000000000005E-04
1.46262999999999992E-04
1.60593999999999987E-04
1.46572999999999994E-04
1.46254000000000013E-04
1.46732999999999993E-04
1.46532999999999988E-04
1.99995000000000012E-04
1.46293000000000004E-04
1.58054000000000002E-04
1.46482999999999986E-04
1.98339000000000013E-04
1.90225000000000002E-04
1.99544000000000013E-04
1.94904000000000003E-04
1.89234000000000011E-04
1.93603999999999998E-04
1.87424000000000000E-04
1.90654999999999997E-04
1.91754000000000008E-04
2.30315000000000006E-04
1.99375000000000008E-04
2.00203999999999996E-04
1.98554999999999999E-04
1.99633999999999993E-04
1.94255000000000003E-04
2.08414000000000001E-04
1.98595000000000005E-04
1.93854000000000004E-04
2.15064999999999988E-04
1.99234999999999999E-04
2.02563999999999994E-04
1.95395000000000009E-04
1.84944000000000010E-04
1.84913999999999999E-04
1.88073999999999989E-04
1.88373999999999996E-04
2.09075000000000000E-04
1.89044000000000001E-04
2.21544999999999994E-04
1.95245000000000005E-04
1.90664000000000003E-04
1.89213999999999995E-04
1.87603999999999988E-04
1.97734999999999990E-04
1.89223999999999989E-04
1.89544000000000013E-04
1.89514999999999991E-04
1.89774000000000003E-04
2.09204999999999987E-04
1.94033999999999993E-04
1.92484000000000009E-04
1.98364999999999989E-04
1.97373999999999998E-04
1.96815000000000005E-04
1.97213999999999999E-04
1.95025000000000011E-04
1.94524000000000010E-04
2.03133999999999997E-04
2.19184000000000008E-04
2.01845000000000003E-04
1.98003999999999997E-04
1.92374000000000012E-04
2.17984999999999994E-04
1.88614000000000007E-04
1.60113999999999992E-04
1.46243000000000002E-04
1.46293000000000004E-04
1.46164000000000005E-04
1.66212999999999989E-04
1.62444000000000005E-04
1.46343000000000005E-04
1.46283999999999997E-04
1.46202999999999996E-04
1.46433000000000012E-04
1.45873000000000004E-04
1.46233999999999996E-04
1.46283000000000009E-04
1.46532999999999988E-04
1.46062999999999987E-04
1.46353000000000000E-04
1.46472999999999992E-04
1.46433000000000012E-04
1.46393999999999995E-04
1.62003000000000001E-04
1.46364000000000010E-04
2.09853999999999987E-04
1.52043999999999996E-04
1.46343000000000005E-04
1.46353000000000000E-04
1.45963000000000012E-04
1.46083999999999993E-04
1.46512999999999998E-04
1.46133000000000005E-04
1.45964000000000000E-04
1.45572999999999997E-04
1.45863000000000009E-04
1.76538999999999998E-04
1.46252999999999997E-04
1.46193999999999990E-04
1.46343000000000005E-04
1.46553000000000004E-04
1.46593000000000011E-04
1.46603999999999994E-04
1.46433000000000012E-04
1.58724000000000007E-04
1.46443000000000007E-04
1.46283000000000009E-04
1.46052999999999992E-04
1.63164000000000012E-04
1.46443000000000007E-04
1.76004000000000004E-04
1.46333999999999999E-04
1.46443000000000007E-04
1.46532999999999988E-04
1.46004000000000007E-04
1.46162999999999990E-04
1.46302999999999998E-04
1.46252999999999997E-04
1.46264000000000008E-04
1.46123000000000010E-04
1.46293000000000004E-04
1.62334000000000008E-04
1.46252999999999997E-04
1.46362999999999994E-04
1.46434000000000001E-04
1.46393000000000006E-04
1.46482999999999986E-04
1.46524000000000009E-04
1.46143000000000000E-04
1.46062999999999987E-04
1.46532999999999988E-04
1.78853999999999992E-04
1.50793000000000005E-04
1.45933000000000000E-04
1.90463999999999998E-04
1.46204000000000012E-04
1.50712999999999992E-04
1.46422999999999990E-04
1.46274000000000003E-04
1.46193000000000001E-04
1.46252999999999997E-04
1.45964000000000000E-04
1.46412999999999996E-04
1.46123000000000010E-04
1.57543999999999995E-04
1.46512999999999998E-04
1.46173000000000011E-04
1.62014000000000011E-04
1.46062999999999987E-04
1.46133000000000005E-04
1.46264000000000008E-04
1.46062999999999987E-04
1.46262999999999992E-04
1.46264000000000008E-04
1.46403000000000001E-04
1.46453000000000002E-04
1.46553000000000004E-04
1.46133999999999994E-04
1.46262999999999992E-04
1.74193999999999993E-04
1.46462999999999997E-04
1.73723999999999992E-04
1.87474000000000001E-04
1.86694999999999987E-04
2.15996999999999999E-04
2.85698999999999990E-04
1.89184999999999999E-04
1.89953999999999991E-04
2.33544999999999987E-04
2.58156000000000000E-04
1.75844000000000006E-04
1.64004000000000011E-04
1.59483000000000004E-04
1.70103999999999996E-04
1.46073000000000009E-04
1.46243999999999991E-04
1.46383000000000011E-04
1.46493000000000008E-04
1.46223000000000013E-04
1.78693999999999994E-04
1.64243999999999995E-04
1.46293000000000004E-04
1.61664000000000003E-04
1.46062999999999987E-04
1.46093999999999987E-04
1.46042999999999997E-04
1.46112999999999988E-04
1.45933999999999989E-04
1.45813000000000008E-04
1.46173000000000011E-04
1.45723000000000001E-04
1.46054000000000008E-04
1.56362999999999994E-04
1.75364000000000010E-04
1.46243000000000002E-04
1.61664000000000003E-04
1.46223000000000013E-04
1.45973999999999995E-04
1.46023000000000008E-04
1.45773000000000002E-04
1.46183000000000006E-04
1.45894000000000010E-04
1.46042999999999997E-04
1.74334000000000002E-04
1.46202999999999996E-04
1.45952999999999990E-04
1.46293999999999992E-04
1.46302999999999998E-04
1.62003999999999989E-04
1.46403000000000001E-04
1.45923000000000005E-04
1.46193999999999990E-04
1.46152999999999995E-04
1.45882999999999999E-04
1.45923000000000005E-04
1.46364000000000010E-04
1.46183000000000006E-04
1.46112999999999988E-04
1.74873999999999993E-04
1.53344000000000001E-04
1.46052999999999992E-04
1.46362999999999994E-04
1.63174000000000007E-04
1.46713000000000003E-04
1.46412999999999996E-04
1.46513999999999987E-04
1.62902999999999995E-04
1.46403999999999989E-04
1.75574000000000010E-04
1.46493000000000008E-04
1.46193000000000001E-04
1.45983999999999990E-04
1.46462999999999997E-04
1.46073000000000009E-04
1.46283000000000009E-04
1.62064000000000012E-04
1.46062999999999987E-04
1.46254000000000013E-04
1.46173000000000011E-04
1.46133000000000005E-04
1.46183000000000006E-04
1.45994000000000012E-04
1.45933000000000000E-04
1.46013000000000013E-04
1.45844000000000008E-04
1.45923000000000005E-04
1.45902999999999989E-04
1.45863000000000009E-04
1.61864000000000007E-04
1.45923000000000005E-04
1.45954000000000006E-04
1.45992999999999996E-04
1.71993999999999993E-04
1.46653000000000007E-04
1.46152999999999995E-04
1.46164000000000005E-04
1.58252999999999991E-04
1.46302999999999998E-04
1.46233999999999996E-04
1.46372999999999989E-04
1.45963000000000012E-04
1.46093999999999987E-04
1.62043000000000007E-04
2.06595000000000010E-04
2.96043000000000011E-04
1.85395000000000010E-04
1.72904000000000010E-04
1.81754000000000008E-04
2.21095000000000010E-04
1.46562999999999999E-04
1.47572999999999991E-04
1.87163999999999999E-04
1.65863000000000008E-04
1.49273999999999994E-04
1.98433999999999991E-04
1.65104000000000010E-04
1.70874000000000004E-04
1.46033000000000003E-04
1.46033000000000003E-04
1.63763999999999999E-04
1.94884000000000013E-04
1.94095000000000004E-04
1.96273999999999998E-04
1.97214999999999988E-04
1.97454000000000011E-04
2.33412999999999996E-04
1.92303999999999994E-04
1.92055000000000003E-04
2.12224999999999995E-04
1.93064000000000007E-04
2.06485000000000013E-04
2.07514000000000006E-04
1.93735000000000001E-04
2.01234000000000005E-04
1.91554000000000003E-04
1.91614999999999987E-04
1.91463999999999995E-04
1.91694000000000012E-04
1.91945000000000006E-04
1.91394000000000004E-04
2.06865000000000006E-04
1.91163999999999988E-04
2.18724999999999990E-04
1.87113999999999998E-04
1.87333999999999992E-04
1.88655000000000002E-04
1.88454000000000009E-04
2.03114000000000007E-04
1.84124999999999990E-04
1.84183999999999997E-04
2.07583999999999997E-04
2.08204999999999989E-04
2.05584999999999991E-04
2.12983999999999992E-04
2.01484000000000011E-04
1.85813999999999993E-04
1.85033999999999991E-04
1.90504999999999993E-04
2.04934000000000014E-04
2.04605000000000010E-04
1.87874000000000011E-04
2.05495000000000010E-04
1.86183999999999991E-04
1.90833999999999996E-04
1.91735000000000007E-04
1.65123000000000011E-04
1.45983999999999990E-04
1.46202999999999996E-04
1.46152999999999995E-04
1.46133999999999994E-04
1.46353000000000000E-04
1.60242999999999990E-04
1.61504000000000004E-04
2.14314999999999997E-04
1.91423999999999989E-04
2.09554999999999995E-04
1.96903999999999997E-04
1.69662999999999992E-04
1.51604000000000007E-04
1.46062999999999987E-04
1.46152999999999995E-04
2.13684999999999998E-04
1.96374999999999989E-04
2.09373999999999991E-04
1.90614999999999990E-04
2.04773999999999988E-04
1.94155000000000000E-04
2.37619999999999992E-04
1.87843999999999999E-04
1.88154000000000001E-04
1.86044000000000010E-04
2.13395000000000013E-04
1.86354000000000012E-04
2.21241999999999994E-04
2.02355000000000010E-04
1.97753999999999991E-04
2.12315000000000003E-04
2.18144999999999993E-04
1.98464000000000003E-04
2.38015999999999993E-04
1.95224000000000000E-04
1.98574000000000000E-04
1.91143999999999998E-04
1.62353000000000009E-04
2.01384000000000009E-04
1.96524000000000004E-04
1.99383999999999987E-04
2.17435000000000008E-04
2.05605000000000008E-04
2.45373000000000010E-04
1.92983999999999994E-04
2.13155000000000001E-04
2.25185000000000006E-04
1.98144000000000006E-04
1.98953999999999993E-04
2.16264999999999990E-04
1.46493999999999997E-04
1.46353000000000000E-04
1.46262999999999992E-04
1.60464000000000001E-04
1.60223000000000001E-04
1.69144000000000006E-04
1.70313999999999996E-04
1.46603000000000006E-04
1.94715000000000009E-04
1.83214000000000011E-04
2.89650999999999982E-04
1.89764999999999997E-04
2.10604000000000005E-04
1.97285000000000006E-04
1.56102999999999993E-04
1.45994000000000012E-04
1.73654000000000001E-04
1.46493000000000008E-04
1.46262999999999992E-04
1.62544000000000008E-04
1.45963000000000012E-04
1.46653000000000007E-04
1.46023999999999996E-04
1.60523000000000008E-04
1.70833999999999998E-04
1.46553000000000004E-04
1.46403999999999989E-04
1.46293000000000004E-04
1.46173000000000011E-04
1.46243999999999991E-04
1.60523000000000008E-04
1.59913999999999987E-04
1.61563000000000012E-04
1.46283000000000009E-04
1.46092999999999999E-04
1.46173000000000011E-04
1.59013999999999992E-04
2.15004999999999992E-04
1.98764000000000010E-04
2.12565000000000009E-04
1.96934999999999997E-04
2.14353999999999988E-04
1.96324999999999988E-04
2.34651999999999989E-04
2.04045000000000002E-04
2.17944999999999988E-04
2.18015000000000006E-04
2.02424000000000012E-04
2.04374999999999994E-04
2.05684000000000005E-04
2.01494000000000006E-04
3.00286999999999993E-04
2.18504999999999996E-04
2.18385000000000004E-04
2.93870000000000004E-04
2.06054000000000003E-04
1.93255000000000006E-04
1.87343999999999987E-04
1.86173999999999997E-04
2.20434999999999999E-04
1.96083999999999988E-04
2.35615999999999988E-04
2.34154999999999997E-04
2.32315000000000001E-04
1.94054999999999998E-04
2.10583999999999988E-04
1.99254999999999989E-04
1.92503999999999999E-04
2.08335000000000003E-04
1.87414000000000005E-04
1.87843999999999999E-04
2.09635000000000008E-04
1.95154999999999998E-04
2.43970000000000010E-04
1.91683999999999990E-04
2.22904999999999994E-04
1.93654000000000000E-04
1.90974999999999994E-04
2.01773999999999996E-04
1.81533999999999987E-04
2.50076000000000009E-04
1.91434000000000011E-04
1.91415000000000010E-04
1.91143999999999998E-04
2.26249999999999997E-04
1.92985000000000010E-04
2.09564000000000001E-04
1.90153999999999996E-04
1.90194000000000002E-04
2.20935000000000012E-04
2.09005000000000009E-04
1.90664000000000003E-04
2.26030000000000003E-04
1.92203999999999991E-04
2.05254999999999999E-04
1.91754000000000008E-04
1.92444999999999991E-04
1.91324000000000013E-04
2.04414000000000012E-04
2.24455000000000005E-04
1.92883999999999992E-04
1.95613999999999988E-04
2.11224999999999998E-04
1.97034000000000011E-04
1.97233999999999989E-04
1.94334000000000000E-04
2.19645000000000002E-04
2.76046000000000006E-04
2.23904999999999992E-04
4.30945000000000015E-04
3.31994000000000007E-04
2.90910000000000018E-04
1.90943999999999993E-04
2.59490999999999986E-04
1.91423999999999989E-04
2.05644999999999987E-04
1.94183999999999996E-04
2.00523999999999993E-04
2.14925000000000006E-04
2.02654999999999990E-04
2.00523999999999993E-04
1.98344999999999999E-04
2.36774999999999995E-04
2.03634999999999998E-04
2.02773999999999994E-04
2.16734999999999991E-04
3.14371999999999991E-04
2.18304999999999991E-04
4.69791000000000002E-04
2.10165000000000005E-04
2.99052000000000009E-04
1.90053999999999993E-04
2.30485000000000000E-04
1.98895000000000013E-04
2.04944000000000008E-04
1.81573999999999993E-04
2.13694999999999993E-04
2.28745000000000006E-04
2.51556000000000002E-04
4.68380999999999973E-04
4.38189000000000016E-04
1.94703999999999998E-04
3.25267000000000015E-04
1.81633999999999989E-04
1.95285000000000012E-04
1.82353999999999996E-04
1.82084000000000000E-04
1.97133999999999987E-04
2.12484999999999996E-04
1.95925000000000005E-04
2.11644000000000009E-04
1.96314999999999993E-04
2.37955000000000008E-04
1.96154999999999995E-04
2.12193999999999995E-04
1.94384000000000001E-04
1.96474000000000003E-04
3.16963000000000021E-04
1.98184000000000012E-04
1.91484000000000012E-04
1.91785000000000008E-04
1.96464000000000008E-04
1.94114999999999994E-04
1.87734000000000002E-04
1.89254000000000001E-04
1.85254000000000012E-04
2.33298000000000001E-04
2.16452000000000007E-04
1.83105000000000003E-04
1.85963999999999997E-04
2.03343999999999997E-04
2.44025999999999998E-04
1.88134000000000012E-04
1.91143999999999998E-04
1.87834999999999993E-04
2.24956999999999994E-04
2.40343000000000013E-04
1.90273999999999988E-04
1.90425000000000007E-04
1.90793999999999990E-04
1.89344000000000009E-04
2.10465000000000012E-04
1.84303999999999989E-04
2.03744999999999995E-04
1.83143999999999993E-04
1.89284000000000013E-04
2.01924999999999989E-04
2.17535000000000010E-04
2.32909999999999991E-04
1.96235000000000008E-04
1.96424000000000002E-04
1.96493999999999993E-04
1.96345000000000005E-04
2.14445000000000011E-04
1.85264000000000007E-04
1.86923999999999988E-04
2.20714999999999990E-04
1.47443000000000004E-04
1.46114000000000004E-04
4.31988999999999973E-04
2.45505999999999990E-04
2.04214000000000007E-04
1.92324999999999999E-04
1.93453999999999995E-04
2.07104999999999990E-04
2.68011000000000020E-04
1.97304000000000007E-04
1.95784999999999997E-04
1.87684000000000001E-04
2.05803999999999997E-04
2.11334000000000006E-04
1.80943999999999994E-04
1.46624000000000011E-04
1.46632999999999990E-04
1.46482999999999986E-04
1.83444000000000001E-04
2.25424999999999991E-04
1.72172999999999993E-04
2.03565000000000007E-04
1.91783999999999992E-04
2.74252000000000003E-04
1.92344000000000000E-04
2.08385000000000005E-04
1.91064000000000012E-04
3.09651999999999996E-04
2.02463999999999991E-04
2.05474000000000005E-04
2.22844999999999998E-04
2.14465000000000001E-04
2.07955000000000011E-04
1.92344000000000000E-04
2.01745000000000001E-04
2.36555000000000001E-04
1.91854000000000010E-04
2.05405000000000003E-04
2.03555000000000012E-04
2.22074999999999991E-04
1.88814000000000012E-04
2.09525000000000011E-04
1.92033999999999998E-04
1.91604000000000004E-04
2.46955999999999998E-04
2.05083999999999990E-04
2.05755000000000011E-04
1.91384000000000009E-04
1.73274000000000008E-04
1.63124000000000006E-04
1.94784000000000011E-04
1.91795000000000003E-04
1.89504000000000007E-04
2.05894999999999993E-04
1.92064000000000010E-04
1.91203999999999994E-04
1.90745000000000004E-04
1.91943999999999990E-04
1.91184000000000005E-04
2.12265000000000001E-04
2.02174999999999995E-04
2.05784000000000007E-04
1.90084000000000005E-04
2.43815000000000009E-04
1.87834000000000004E-04
1.89544000000000013E-04
1.90564000000000000E-04
2.11234999999999993E-04
1.93363999999999987E-04
2.35395000000000005E-04
2.04705000000000013E-04
1.55522999999999995E-04
1.90685000000000008E-04
2.02833999999999990E-04
1.94434999999999991E-04
6.84049999999999958E-04
2.37886000000000006E-04
1.84324000000000006E-04
3.93528999999999993E-04
1.93833999999999988E-04
2.33064999999999992E-04
2.05295000000000005E-04
2.02644000000000007E-04
1.97863999999999988E-04
1.46223000000000013E-04
1.46174000000000000E-04
1.46073000000000009E-04
1.46403000000000001E-04
1.45713000000000006E-04
1.46513999999999987E-04
1.46293000000000004E-04
1.46482999999999986E-04
1.67684000000000003E-04
1.60874000000000005E-04
1.46362999999999994E-04
1.46512999999999998E-04
2.05324999999999990E-04
2.05445000000000009E-04
2.46234999999999976E-04
1.89974000000000008E-04
1.90354999999999989E-04
1.90203999999999997E-04
2.36375000000000013E-04
2.29360000000000013E-04
2.08304999999999992E-04
1.93494999999999990E-04
1.90483999999999988E-04
1.94813999999999995E-04
2.01895000000000004E-04
2.12975000000000013E-04
2.17249999999999995E-04
1.92544000000000005E-04
1.54083000000000009E-04
1.47123999999999996E-04
1.60822999999999988E-04
1.46314000000000009E-04
1.46343000000000005E-04
1.46013000000000013E-04
1.90013999999999987E-04
1.46522999999999993E-04
1.63183000000000013E-04
1.46624000000000011E-04
1.46212999999999991E-04
1.46462999999999997E-04
1.46343999999999993E-04
1.46083000000000004E-04
1.46223000000000013E-04
1.60113999999999992E-04
1.59783000000000012E-04
1.45704000000000000E-04
1.46173000000000011E-04
1.45992999999999996E-04
1.46183999999999995E-04
1.45913000000000011E-04
1.61492999999999994E-04
1.46224000000000001E-04
1.46092999999999999E-04
1.46223000000000013E-04
1.57913999999999993E-04
1.46173000000000011E-04
1.53294000000000000E-04
1.87763999999999986E-04
2.03484000000000005E-04
2.09415000000000013E-04
1.87963999999999991E-04
2.26092000000000003E-04
1.92513999999999994E-04
1.89134000000000009E-04
1.94403999999999991E-04
1.91745000000000001E-04
1.91744000000000013E-04
1.93374000000000009E-04
1.93584999999999997E-04
1.98383999999999990E-04
2.29898999999999989E-04
1.92654000000000002E-04
2.06464999999999996E-04
1.87974000000000013E-04
1.88104000000000000E-04
1.82914000000000004E-04
1.61454000000000003E-04
2.00344000000000005E-04
1.91354999999999986E-04
2.06813999999999989E-04
1.90315000000000010E-04
1.93794000000000008E-04
1.92993999999999989E-04
1.96844000000000001E-04
2.63615999999999991E-04
2.27005000000000013E-04
1.76674000000000010E-04
2.04119000000000002E-04
1.46563999999999988E-04
1.83813999999999999E-04
1.95054000000000006E-04
2.96587000000000012E-04
2.37254999999999991E-04
1.90805000000000000E-04
4.30194000000000008E-04
1.89924999999999995E-04
2.19504000000000004E-04
1.89643999999999989E-04
2.13064999999999994E-04
2.16521999999999998E-04
2.00874000000000002E-04
1.93983999999999991E-04
2.00814999999999994E-04
2.02764999999999987E-04
2.00614000000000001E-04
2.16765000000000002E-04
2.01363999999999992E-04
3.10756999999999993E-04
2.02644000000000007E-04
2.01544999999999996E-04
2.02284000000000003E-04
2.40918000000000013E-04
1.88535000000000010E-04
1.87294000000000013E-04
2.37259999999999988E-04
2.01165000000000003E-04
2.00533999999999988E-04
2.01904999999999999E-04
2.00144000000000000E-04
2.01764999999999990E-04
2.01864000000000004E-04
1.99225000000000004E-04
2.40664999999999987E-04
2.00704999999999997E-04
1.98814000000000011E-04
1.97054999999999989E-04
1.99254000000000000E-04
2.03455000000000010E-04
2.07464999999999993E-04
1.90323999999999989E-04
1.96133999999999989E-04
2.01134999999999991E-04
2.39127000000000003E-04
2.05455000000000004E-04
2.12494999999999991E-04
2.01053999999999990E-04
1.96794999999999989E-04
1.97803999999999992E-04
1.98984999999999993E-04
2.31117999999999992E-04
1.92324000000000011E-04
1.91334000000000008E-04
2.06094999999999998E-04
1.91554000000000003E-04
1.91174999999999998E-04
1.92604000000000001E-04
2.02575000000000004E-04
1.91384000000000009E-04
2.09745000000000005E-04
1.91523999999999991E-04
1.92064000000000010E-04
1.91754999999999996E-04
1.91413999999999994E-04
1.90883999999999997E-04
1.91303999999999997E-04
1.91215000000000005E-04
1.90704000000000009E-04
1.91373999999999987E-04
2.05395000000000008E-04
2.08714999999999996E-04
1.91413999999999994E-04
1.94174000000000001E-04
5.03032000000000045E-04
3.07316999999999985E-04
1.95353999999999987E-04
1.92105000000000005E-04
1.92864000000000002E-04
1.92534000000000010E-04
2.08175000000000005E-04
1.91294000000000002E-04
1.91675000000000011E-04
1.92103999999999989E-04
1.91363999999999993E-04
1.91193999999999999E-04
2.09335000000000001E-04
1.91885000000000010E-04
2.24524000000000007E-04
1.89005000000000011E-04
1.88464000000000003E-04
1.88464000000000003E-04
1.78373999999999997E-04
1.95694999999999989E-04
2.35125000000000010E-04
2.01983999999999996E-04
2.01525000000000006E-04
2.25992000000000001E-04
1.91544000000000008E-04
1.91565000000000013E-04
2.04973999999999993E-04
1.95613999999999988E-04
4.91370999999999995E-04
1.89733999999999996E-04
1.91874999999999988E-04
1.91754000000000008E-04
1.92193999999999997E-04
1.90953999999999988E-04
1.90125000000000000E-04
1.89263999999999996E-04
1.93085000000000012E-04
6.37831999999999961E-04
1.52573000000000004E-04
1.46372999999999989E-04
1.46314000000000009E-04
1.46123000000000010E-04
1.46133000000000005E-04
1.46503999999999992E-04
1.46083000000000004E-04
1.71153999999999995E-04
1.94274000000000004E-04
1.94954000000000004E-04
1.94933999999999987E-04
1.94193999999999991E-04
1.95665000000000005E-04
1.94634000000000007E-04
2.11594999999999996E-04
1.94973999999999994E-04
1.99564999999999991E-04
2.50225000000000024E-04
1.94104999999999999E-04
1.96364000000000006E-04
1.94944999999999998E-04
1.95684000000000006E-04
1.95104000000000008E-04
1.95054999999999995E-04
1.98564000000000005E-04
1.94665000000000007E-04
1.87244000000000012E-04
2.18495000000000001E-04
2.33810000000000013E-04
2.02814999999999989E-04
1.93603999999999998E-04
1.88803999999999990E-04
1.93214999999999999E-04
1.90194000000000002E-04
1.89864000000000010E-04
2.07414999999999992E-04
1.95643999999999999E-04
2.07574999999999990E-04
1.88473999999999998E-04
1.88734999999999988E-04
2.05223999999999999E-04
2.10225000000000001E-04
2.04114999999999993E-04
1.89123999999999987E-04
1.88533999999999994E-04
1.88144000000000007E-04
1.93875000000000010E-04
2.27084999999999998E-04
1.92303999999999994E-04
1.90463999999999998E-04
1.89194999999999994E-04
2.06343999999999988E-04
1.95445000000000010E-04
1.87104000000000003E-04
1.98373999999999995E-04
1.89375000000000009E-04
1.91714000000000001E-04
2.14915000000000012E-04
3.28366999999999982E-04
2.01725000000000011E-04
2.07264000000000000E-04
1.72642999999999994E-04
1.46224000000000001E-04
1.46272999999999987E-04
1.46183000000000006E-04
1.45854000000000003E-04
1.46143000000000000E-04
1.46462999999999997E-04
1.64474000000000011E-04
1.49552999999999996E-04
1.45832999999999998E-04
1.59953000000000005E-04
1.46482999999999986E-04
1.45734000000000011E-04
1.45803000000000013E-04
1.56352999999999999E-04
1.57794000000000001E-04
1.46183000000000006E-04
1.46353999999999988E-04
1.45913000000000011E-04
1.45923000000000005E-04
1.60244000000000006E-04
1.48502999999999998E-04
1.46393000000000006E-04
1.46164000000000005E-04
1.46383000000000011E-04
1.46152999999999995E-04
1.45964000000000000E-04
1.46152999999999995E-04
1.46233000000000008E-04
1.46033000000000003E-04
1.46283999999999997E-04
1.46283000000000009E-04
1.46223000000000013E-04
1.46042999999999997E-04
1.61774000000000000E-04
1.46133000000000005E-04
1.45634000000000009E-04
1.49213000000000009E-04
2.87030999999999983E-04
1.93685000000000000E-04
1.96104000000000005E-04
1.95515000000000001E-04
1.95863999999999994E-04
1.94033999999999993E-04
1.97715000000000000E-04
1.96243999999999987E-04
2.37196000000000011E-04
1.98914000000000014E-04
1.98435000000000007E-04
1.96044000000000009E-04
1.81454000000000001E-04
1.68144000000000008E-04
1.78633999999999998E-04
2.11119999999999998E-04
2.02904999999999996E-04
2.15913999999999993E-04
3.18781000000000023E-04
1.99215000000000009E-04
2.12334999999999992E-04
1.91633999999999988E-04
1.92143999999999995E-04
1.88454999999999997E-04
1.80384000000000013E-04
1.91313999999999991E-04
2.09955000000000005E-04
1.96333999999999994E-04
1.95214999999999994E-04
1.53282999999999989E-04
1.77264000000000002E-04
1.84723999999999988E-04
1.84954000000000005E-04
1.85424999999999994E-04
1.85503999999999991E-04
1.84863999999999997E-04
1.90003999999999992E-04
2.43596000000000003E-04
1.85343999999999993E-04
1.90223999999999987E-04
1.88965000000000004E-04
1.85073999999999997E-04
1.87414000000000005E-04
1.86304000000000011E-04
1.84624000000000013E-04
1.82573999999999990E-04
1.83365000000000004E-04
1.87963999999999991E-04
2.23544999999999988E-04
1.98304000000000004E-04
2.06059999999999989E-04
1.45933000000000000E-04
1.45672999999999999E-04
1.46073999999999998E-04
1.46433000000000012E-04
1.46173000000000011E-04
1.46164000000000005E-04
1.46193000000000001E-04
1.80514000000000000E-04
1.46383000000000011E-04
1.46014000000000002E-04
1.62742999999999997E-04
1.46262999999999992E-04
1.46343999999999993E-04
1.46512999999999998E-04
1.46403000000000001E-04
1.46613999999999989E-04
1.46042999999999997E-04
1.46482999999999986E-04
1.46123000000000010E-04
1.45944000000000011E-04
1.46532999999999988E-04
1.58664000000000011E-04
1.46512999999999998E-04
1.46183000000000006E-04
1.61854000000000013E-04
1.46052999999999992E-04
1.46482999999999986E-04
1.46183999999999995E-04
1.87664000000000011E-04
1.53983000000000006E-04
1.46574000000000010E-04
1.77054000000000003E-04
1.46092999999999999E-04
1.46083000000000004E-04
1.46384000000000000E-04
1.45852999999999987E-04
1.46173000000000011E-04
1.77534999999999987E-04
1.46372999999999989E-04
1.45873000000000004E-04
1.45672999999999999E-04
1.45634000000000009E-04
1.45622999999999998E-04
1.46112999999999988E-04
1.45813000000000008E-04
1.57283999999999994E-04
1.52723000000000008E-04
1.46204000000000012E-04
1.63072999999999989E-04
1.46474000000000007E-04
1.46023000000000008E-04
1.46162999999999990E-04
1.45954000000000006E-04
1.46422999999999990E-04
1.45973000000000007E-04
3.67588000000000018E-04
1.91334999999999997E-04
1.91654000000000005E-04
1.91394000000000004E-04
2.06314999999999992E-04
1.87553999999999987E-04
1.46322999999999988E-04
1.46143999999999989E-04
1.62952999999999997E-04
1.46274000000000003E-04
1.63962999999999989E-04
1.46324000000000004E-04
1.63973000000000010E-04
1.51594000000000013E-04
1.58803000000000004E-04
1.71904000000000013E-04
1.90723999999999999E-04
1.90304999999999988E-04
1.89633999999999994E-04
1.90144000000000001E-04
2.40981000000000002E-04
1.92534000000000010E-04
1.91814000000000004E-04
1.90835000000000012E-04
1.91783999999999992E-04
1.91673999999999995E-04
1.92845000000000001E-04
2.09864000000000009E-04
1.91785000000000008E-04
1.91413999999999994E-04
1.91954000000000012E-04
1.91384999999999998E-04
1.92224000000000008E-04
1.91053999999999991E-04
1.91384999999999998E-04
1.91504000000000001E-04
1.91843999999999988E-04
2.09704999999999999E-04
1.91604000000000004E-04
2.01074999999999995E-04
2.13704999999999988E-04
1.86584000000000001E-04
1.46572999999999994E-04
1.46372999999999989E-04
1.63773999999999994E-04
1.46322999999999988E-04
1.46123999999999999E-04
1.46193000000000001E-04
1.46173000000000011E-04
1.61644000000000013E-04
1.46092999999999999E-04
1.46123000000000010E-04
1.46264000000000008E-04
1.65012999999999987E-04
1.83343999999999998E-04
1.51334000000000012E-04
1.46033000000000003E-04
1.46262999999999992E-04
1.48884000000000006E-04
1.45882999999999999E-04
1.46083000000000004E-04
1.46073999999999998E-04
1.87364000000000004E-04
1.46243000000000002E-04
1.45983000000000001E-04
1.45723999999999989E-04
1.45803000000000013E-04
1.46302999999999998E-04
1.46083000000000004E-04
1.79774000000000004E-04
1.69352999999999989E-04
1.54133999999999998E-04
1.46202999999999996E-04
1.66954000000000001E-04
1.45923000000000005E-04
1.62623999999999993E-04
1.46302999999999998E-04
1.45832999999999998E-04
1.46403999999999989E-04
1.45973000000000007E-04
1.45873000000000004E-04
1.46204000000000012E-04
1.55002999999999993E-04
1.45973000000000007E-04
1.49524000000000000E-04
1.63752999999999989E-04
1.77314000000000004E-04
1.46314000000000009E-04
1.62372999999999999E-04
1.46574000000000010E-04
5.51071999999999998E-04
1.93775000000000007E-04
1.91773999999999997E-04
2.11945000000000004E-04
1.91444000000000005E-04
1.89354000000000003E-04
2.08774999999999992E-04
1.96073999999999993E-04
1.96075000000000009E-04
1.89993999999999997E-04
1.90664000000000003E-04
1.91115000000000002E-04
1.89803999999999987E-04
2.38225000000000004E-04
1.96214999999999991E-04
1.97213999999999999E-04
1.96963999999999993E-04
1.96455000000000002E-04
1.98073999999999988E-04
1.87925000000000001E-04
1.95684000000000006E-04
1.98063999999999993E-04
2.19365000000000011E-04
2.01835000000000008E-04
2.02823999999999995E-04
1.97533999999999996E-04
1.98504000000000009E-04
2.15374999999999990E-04
1.99624999999999987E-04
1.99124000000000013E-04
1.99695000000000005E-04
2.31246999999999990E-04
2.08335000000000003E-04
1.74484000000000005E-04
1.46112999999999988E-04
1.66274000000000001E-04
1.85173999999999999E-04
1.90273999999999988E-04
1.69664000000000007E-04
2.76175999999999993E-04
1.75973999999999993E-04
2.07264999999999988E-04
1.46622999999999995E-04
1.46254000000000013E-04
1.81954000000000013E-04
1.94524000000000010E-04
1.94023999999999998E-04
1.94305000000000004E-04
1.94033999999999993E-04
1.96894999999999991E-04
2.65185999999999992E-04
3.06985999999999978E-04
1.99094000000000002E-04
1.95703999999999995E-04
1.95185000000000009E-04
1.97373999999999998E-04
1.97585000000000013E-04
1.95884000000000010E-04
2.18115000000000008E-04
1.98774999999999993E-04
2.13894000000000009E-04
1.97225000000000010E-04
1.96314000000000005E-04
1.98574999999999988E-04
1.98034000000000008E-04
2.22105000000000002E-04
2.38926000000000009E-04
1.93124000000000003E-04
2.06275000000000013E-04
1.90814000000000006E-04
2.18495000000000001E-04
2.02894000000000013E-04
1.98385000000000006E-04
3.02537000000000021E-04
1.98234000000000013E-04
5.70785999999999993E-04
1.96464000000000008E-04
1.78202999999999988E-04
3.36416999999999988E-04
2.03933999999999989E-04
2.28834999999999987E-04
2.27884999999999991E-04
1.97404000000000009E-04
2.04574999999999999E-04
1.96543999999999994E-04
1.96784999999999994E-04
1.81943999999999991E-04
1.46083000000000004E-04
1.46023000000000008E-04
1.45954000000000006E-04
1.46223000000000013E-04
1.63923999999999998E-04
1.45902999999999989E-04
1.45543000000000012E-04
1.45704000000000000E-04
1.46073000000000009E-04
1.46002999999999991E-04
1.46272999999999987E-04
1.46014000000000002E-04
1.57882999999999993E-04
1.46453000000000002E-04
1.46272999999999987E-04
1.46383000000000011E-04
1.46143000000000000E-04
1.46314000000000009E-04
1.61642999999999997E-04
1.46264000000000008E-04
1.56252999999999996E-04
1.46023000000000008E-04
1.46183999999999995E-04
1.47343000000000002E-04
1.64813999999999998E-04
1.52983000000000009E-04
1.46353000000000000E-04
1.46513999999999987E-04
1.46262999999999992E-04
1.46092999999999999E-04
1.46214000000000007E-04
1.68493000000000001E-04
1.46193999999999990E-04
1.46283000000000009E-04
1.46462999999999997E-04
1.46362999999999994E-04
1.46353000000000000E-04
1.46112999999999988E-04
1.46333000000000010E-04
1.46584000000000005E-04
1.46453000000000002E-04
1.46013000000000013E-04
1.46362999999999994E-04
1.46093999999999987E-04
1.46472999999999992E-04
1.87294000000000013E-04
1.46023999999999996E-04
1.46083000000000004E-04
1.46042999999999997E-04
1.46083000000000004E-04
1.46243999999999991E-04
1.46013000000000013E-04
1.46013000000000013E-04
1.45692999999999989E-04
1.46083000000000004E-04
1.57553000000000001E-04
1.46293999999999992E-04
1.45933000000000000E-04
1.61683999999999992E-04
1.46302999999999998E-04
1.46062999999999987E-04
1.46143000000000000E-04
1.45923999999999994E-04
1.46302999999999998E-04
1.46283000000000009E-04
1.45933999999999989E-04
1.46262999999999992E-04
1.45852999999999987E-04
1.46333000000000010E-04
1.71594000000000011E-04
1.59123999999999990E-04
1.62773000000000008E-04
1.46223000000000013E-04
1.46092999999999999E-04
1.46123000000000010E-04
1.46303999999999987E-04
1.46042999999999997E-04
1.46243000000000002E-04
1.45963000000000012E-04
1.45923999999999994E-04
1.45632999999999993E-04
1.45942999999999995E-04
1.45684000000000010E-04
1.46312999999999993E-04
1.46322999999999988E-04
2.15445000000000008E-04
1.85963999999999997E-04
1.85023999999999996E-04
1.93785000000000002E-04
2.05464000000000010E-04
2.01993999999999991E-04
1.94174000000000001E-04
2.21875000000000013E-04
1.92725000000000009E-04
1.74224000000000004E-04
2.59662999999999984E-04
2.42704999999999988E-04
1.97555000000000002E-04
1.94884000000000013E-04
1.94584999999999995E-04
1.94644000000000002E-04
1.94983999999999988E-04
1.99604999999999997E-04
2.16035000000000001E-04
1.94584000000000006E-04
1.95985000000000001E-04
1.95753999999999996E-04
3.22496999999999985E-04
1.94704999999999987E-04
2.04713999999999992E-04
1.95075000000000012E-04
1.99893999999999994E-04
2.13575000000000001E-04
1.92494000000000004E-04
1.94074999999999988E-04
2.08593999999999989E-04
1.94515000000000004E-04
2.63605999999999997E-04
2.37215000000000012E-04
6.40804000000000026E-04
2.12713999999999997E-04
1.94765000000000010E-04
1.95863999999999994E-04
1.94873999999999991E-04
2.14143999999999988E-04
1.96984999999999999E-04
1.91943999999999990E-04
1.94393999999999996E-04
1.97404000000000009E-04
1.91723999999999996E-04
2.15254999999999998E-04
1.96374999999999989E-04
1.93553999999999997E-04
1.91764000000000002E-04
1.91165000000000004E-04
2.06653999999999990E-04
1.92625000000000007E-04
1.92943999999999988E-04
1.99533999999999991E-04
3.24217000000000016E-04
1.92124000000000006E-04
1.94565000000000005E-04
2.58264999999999981E-04
1.96164999999999990E-04
2.62565999999999993E-04
5.94683000000000039E-04
2.16745000000000013E-04
1.97013999999999994E-04
1.98485000000000008E-04
1.95694000000000000E-04
1.93985000000000007E-04
1.92973999999999999E-04
1.93424000000000010E-04
2.14885000000000000E-04
1.97385000000000008E-04
2.22814999999999987E-04
2.20318000000000000E-04
1.94854000000000002E-04
2.07605000000000002E-04
1.97013999999999994E-04
1.99624999999999987E-04
1.97323999999999997E-04
1.96474999999999992E-04
1.93654000000000000E-04
2.44320000000000019E-04
1.95954999999999990E-04
2.13844999999999996E-04
1.91143999999999998E-04
2.02503999999999998E-04
1.94823999999999990E-04
1.99263999999999995E-04
1.82845000000000002E-04
1.65033000000000004E-04
1.46734000000000008E-04
1.46603000000000006E-04
2.04584000000000005E-04
1.52952999999999997E-04
1.72174000000000009E-04
1.46412999999999996E-04
1.46042999999999997E-04
1.75023999999999997E-04
1.92785000000000005E-04
2.11263999999999988E-04
1.94484000000000003E-04
2.16505000000000001E-04
1.98483999999999992E-04
1.94904999999999991E-04
2.01034000000000000E-04
1.96235000000000008E-04
2.17824999999999996E-04
1.97533999999999996E-04
1.96133999999999989E-04
1.98404999999999995E-04
1.97113999999999997E-04
2.28915000000000000E-04
1.97244000000000011E-04
2.04374999999999994E-04
2.12413999999999989E-04
2.04014999999999991E-04
1.95033999999999990E-04
2.12704999999999990E-04
1.95605000000000008E-04
1.96283999999999993E-04
2.35369999999999991E-04
2.13815000000000012E-04
1.91664999999999989E-04
1.96354000000000011E-04
1.93553999999999997E-04
1.95305000000000001E-04
2.09203999999999998E-04
1.91993999999999992E-04
1.95553999999999992E-04
2.13835000000000002E-04
2.11854999999999997E-04
2.00793999999999989E-04
1.93455000000000010E-04
1.99034000000000006E-04
2.09735000000000010E-04
2.01334999999999996E-04
1.97204000000000005E-04
1.95524000000000007E-04
2.17373999999999996E-04
2.13405000000000007E-04
1.99554999999999996E-04
1.92893999999999986E-04
2.12854999999999994E-04
1.97344000000000013E-04
1.96975000000000004E-04
2.10015000000000001E-04
2.06763999999999988E-04
1.91095000000000013E-04
1.94154000000000012E-04
2.23045000000000003E-04
2.91847000000000027E-04
2.01783999999999991E-04
2.00845000000000006E-04
1.88154000000000001E-04
2.01344999999999991E-04
1.82764000000000000E-04
2.13085000000000011E-04
2.11534000000000011E-04
2.42945999999999988E-04
2.01024000000000005E-04
1.97004999999999988E-04
2.11425000000000003E-04
1.97884000000000005E-04
1.97715000000000000E-04
2.29332000000000006E-04
1.92513999999999994E-04
2.01153999999999992E-04
1.92455000000000013E-04
2.06173999999999995E-04
1.91544999999999997E-04
1.91334000000000008E-04
1.91103999999999992E-04
1.90914999999999997E-04
2.23625000000000001E-04
1.91163999999999988E-04
1.91024000000000006E-04
1.91785000000000008E-04
1.91444000000000005E-04
1.91644000000000010E-04
2.30594999999999997E-04
2.30616000000000002E-04
1.91694000000000012E-04
1.91344000000000003E-04
2.09404999999999992E-04
2.06004999999999990E-04
2.00723999999999998E-04
1.91444000000000005E-04
1.91895000000000005E-04
2.11074000000000006E-04
1.91604999999999993E-04
3.21099999999999999E-04
1.92444000000000003E-04
1.95655000000000010E-04
1.90103999999999995E-04
1.90594000000000012E-04
1.90415000000000012E-04
2.09184000000000008E-04
1.95364999999999997E-04
1.46493000000000008E-04
1.64093999999999991E-04
1.46422999999999990E-04
1.49163000000000008E-04
1.46574000000000010E-04
1.60013000000000001E-04
1.96925000000000003E-04
1.46732999999999993E-04
1.46493000000000008E-04
1.46563999999999988E-04
1.46693000000000013E-04
1.46193000000000001E-04
1.46412999999999996E-04
1.46513999999999987E-04
1.75753999999999998E-04
1.46643000000000012E-04
1.46403000000000001E-04
1.46464000000000013E-04
1.46493000000000008E-04
1.57722999999999994E-04
1.46524000000000009E-04
1.46632999999999990E-04
1.60444000000000011E-04
1.46283000000000009E-04
1.46293000000000004E-04
1.46254000000000013E-04
1.46062999999999987E-04
1.76643999999999998E-04
1.46312999999999993E-04
1.46262999999999992E-04
1.84684000000000009E-04
1.60552999999999992E-04
1.46482999999999986E-04
1.46023999999999996E-04
1.46813000000000005E-04
1.99225000000000004E-04
1.48312999999999988E-04
5.34591999999999967E-04
3.02981999999999980E-04
4.22073999999999984E-04
2.00855000000000001E-04
2.02954000000000009E-04
2.01725000000000011E-04
2.02394000000000001E-04
2.01313999999999991E-04
2.01544999999999996E-04
2.34665000000000004E-04
2.26860000000000007E-04
1.59943000000000010E-04
1.46343000000000005E-04
1.85973999999999992E-04
1.90843999999999991E-04
1.90564999999999989E-04
1.91623999999999994E-04
1.91484000000000012E-04
1.90723999999999999E-04
1.89473999999999996E-04
2.12914999999999990E-04
2.08373999999999994E-04
1.95405000000000004E-04
1.97504000000000012E-04
1.98524999999999987E-04
1.90893999999999992E-04
1.88604000000000012E-04
1.89244999999999995E-04
2.22604999999999987E-04
1.90743999999999988E-04
2.25655000000000007E-04
1.90793999999999990E-04
1.57023999999999993E-04
1.64634000000000010E-04
2.01253999999999995E-04
2.00635000000000006E-04
2.00124000000000010E-04
2.00124999999999999E-04
2.00974000000000004E-04
2.17784999999999989E-04
2.17815000000000001E-04
1.96763999999999988E-04
2.05245000000000004E-04
2.22195000000000010E-04
2.02355000000000010E-04
2.01523999999999990E-04
2.14904999999999990E-04
2.16564999999999998E-04
2.04975000000000009E-04
2.35860000000000008E-04
1.96293999999999988E-04
1.88123999999999990E-04
1.90504000000000004E-04
1.88743999999999994E-04
2.02124999999999993E-04
1.97383999999999993E-04
1.90895000000000008E-04
2.06593999999999994E-04
2.09905000000000004E-04
1.93713999999999996E-04
1.97705000000000005E-04
1.88194000000000008E-04
1.89034000000000006E-04
1.89134999999999998E-04
2.35144999999999999E-04
1.89363999999999998E-04
1.89704000000000012E-04
2.06254999999999996E-04
2.08994999999999987E-04
1.89344000000000009E-04
1.94093999999999989E-04
1.89044000000000001E-04
1.93513999999999991E-04
1.91573999999999992E-04
8.32188999999999997E-04
1.83224000000000006E-04
1.82754000000000006E-04
1.89864999999999999E-04
1.47133000000000002E-04
1.49412999999999987E-04
2.23660000000000010E-04
2.11575000000000006E-04
2.20725000000000012E-04
2.04713999999999992E-04
1.91725000000000012E-04
1.97643999999999994E-04
2.20714999999999990E-04
1.92174999999999996E-04
2.08263999999999997E-04
1.90244999999999992E-04
1.91933999999999996E-04
2.13584999999999996E-04
1.91294000000000002E-04
2.21554999999999989E-04
2.04214999999999995E-04
1.97163999999999998E-04
1.93494999999999990E-04
1.94994000000000010E-04
1.46073000000000009E-04
1.92775000000000010E-04
1.46653000000000007E-04
1.46212999999999991E-04
1.46512999999999998E-04
1.46374000000000005E-04
1.46073000000000009E-04
1.70313999999999996E-04
1.94524000000000010E-04
1.96314999999999993E-04
2.12174000000000005E-04
1.98444000000000013E-04
2.13474999999999998E-04
2.13054999999999999E-04
2.16765000000000002E-04
1.95274000000000001E-04
1.99544000000000013E-04
1.96834000000000006E-04
2.18674999999999989E-04
2.21594999999999995E-04
2.12584999999999998E-04
1.95923999999999990E-04
2.15335000000000011E-04
1.97554000000000013E-04
2.19614999999999990E-04
1.98564999999999994E-04
2.34164999999999992E-04
1.97495000000000006E-04
1.97843999999999998E-04
1.92453999999999997E-04
1.93064999999999996E-04
2.20384999999999998E-04
1.91494000000000007E-04
1.96963999999999993E-04
2.09974000000000006E-04
1.97805000000000008E-04
2.09594000000000013E-04
1.94193999999999991E-04
2.03763999999999996E-04
2.53646000000000004E-04
1.94744999999999993E-04
2.09173999999999986E-04
2.04594999999999988E-04
2.12794999999999998E-04
1.96643999999999996E-04
2.01184999999999992E-04
2.18344999999999997E-04
1.94744000000000004E-04
2.15464999999999998E-04
1.95803999999999998E-04
1.97175000000000009E-04
1.97953999999999996E-04
1.91945000000000006E-04
3.25092000000000024E-04
2.16784999999999992E-04
2.27215000000000012E-04
2.12105000000000003E-04
1.95873999999999988E-04
1.94415000000000001E-04
2.10234999999999995E-04
1.93413999999999988E-04
1.92164000000000012E-04
1.91294999999999990E-04
1.91933999999999996E-04
1.91373999999999987E-04
1.80323999999999990E-04
1.51883999999999998E-04
1.56252999999999996E-04
1.50003999999999996E-04
1.45963000000000012E-04
1.61952999999999999E-04
1.60793999999999992E-04
1.83394000000000000E-04
1.78044000000000005E-04
1.77214000000000001E-04
1.87974000000000013E-04
1.77473000000000013E-04
1.77524000000000003E-04
1.77133999999999988E-04
1.77693999999999996E-04
1.77094000000000009E-04
2.02415000000000006E-04
1.77553999999999988E-04
1.77233999999999991E-04
1.77894000000000001E-04
1.77984000000000009E-04
1.77533999999999998E-04
1.76973999999999990E-04
1.76314000000000006E-04
1.92334000000000005E-04
1.97445000000000004E-04
1.77094000000000009E-04
2.00943999999999992E-04
1.75534000000000004E-04
1.75624000000000011E-04
1.85083999999999992E-04
1.75713999999999992E-04
1.76264000000000005E-04
1.75104000000000009E-04
1.74844000000000009E-04
1.75594000000000000E-04
1.75613999999999989E-04
1.74913999999999999E-04
2.00575000000000010E-04
1.77443999999999990E-04
1.76973999999999990E-04
1.77173000000000006E-04
1.76663999999999988E-04
1.76913999999999994E-04
1.76643999999999998E-04
1.76944000000000005E-04
1.75584000000000005E-04
2.13655000000000014E-04
1.76104000000000007E-04
2.00344999999999994E-04
1.76784000000000007E-04
2.07784000000000001E-04
1.77233999999999991E-04
1.77664000000000012E-04
1.82933999999999994E-04
1.77094000000000009E-04
1.76663999999999988E-04
1.76653999999999993E-04
1.77034000000000013E-04
1.77383999999999994E-04
2.01095000000000012E-04
1.76763999999999990E-04
1.76724000000000011E-04
1.77154000000000005E-04
1.76603999999999992E-04
1.76264000000000005E-04
1.76734000000000006E-04
1.77173999999999995E-04
1.76624000000000008E-04
1.77393999999999989E-04
1.91974000000000002E-04
2.25954999999999987E-04
1.76713999999999989E-04
3.74353000000000012E-04
2.26524999999999990E-04
1.09587000000000009E-03
1.84214000000000009E-04
1.66684000000000005E-04
1.80514000000000000E-04
1.87244000000000012E-04
1.89824999999999993E-04
1.89583999999999993E-04
1.91613999999999999E-04
1.86753999999999994E-04
2.08604999999999999E-04
1.95324000000000002E-04
2.11525000000000005E-04
1.89425000000000010E-04
1.96223999999999997E-04
1.90774000000000000E-04
1.90005000000000008E-04
2.04174000000000000E-04
1.95665000000000005E-04
1.82594000000000007E-04
1.84973999999999995E-04
2.11108999999999987E-04
1.94494999999999987E-04
2.14395000000000010E-04
3.08026999999999997E-04
2.01064000000000012E-04
1.97264999999999989E-04
1.94753999999999999E-04
2.35264999999999991E-04
1.97464999999999994E-04
2.19494999999999998E-04
1.96903999999999997E-04
1.95154999999999998E-04
1.96404000000000012E-04
1.97994000000000002E-04
2.29375999999999994E-04
1.95123999999999997E-04
2.09674999999999987E-04
2.21725000000000009E-04
1.88163999999999996E-04
1.85653999999999995E-04
1.89263999999999996E-04
1.96154999999999995E-04
2.27235000000000002E-04
1.97323999999999997E-04
2.23324999999999994E-04
2.07934999999999994E-04
1.97285000000000006E-04
2.44224999999999987E-04
1.97905000000000010E-04
2.14863999999999995E-04
1.97094999999999996E-04
2.14305000000000002E-04
1.97364000000000003E-04
2.00015000000000002E-04
2.13985000000000005E-04
1.95353999999999987E-04
2.18254999999999990E-04
1.97333999999999991E-04
2.13494999999999988E-04
1.95335000000000013E-04
2.17104000000000000E-04
2.19914000000000009E-04
1.99234000000000010E-04
2.11854999999999997E-04
1.95873999999999988E-04
1.97734999999999990E-04
2.22794999999999997E-04
1.98373999999999995E-04
1.98535000000000009E-04
1.99614000000000003E-04
2.00675000000000012E-04
6.31138999999999962E-04
1.86164000000000002E-04
2.27624999999999990E-04
2.28404999999999993E-04
2.41305000000000008E-04
1.99344999999999996E-04
2.60454999999999986E-04
3.06580999999999998E-04
2.55981000000000015E-04
1.99175000000000003E-04
2.49595000000000025E-04
5.13312000000000035E-04
2.60675999999999996E-04
2.41315000000000003E-04
2.60236000000000007E-04
2.02654999999999990E-04
2.02384000000000006E-04
2.09215000000000009E-04
2.04634999999999995E-04
2.75895999999999975E-04
2.76616999999999998E-04
4.65689999999999995E-04
2.24854999999999988E-04
1.93945000000000001E-04
2.38044999999999988E-04
3.21356999999999979E-04
3.48397999999999980E-04
3.01917000000000017E-04
2.13995000000000000E-04
2.17464999999999992E-04
4.17366000000000015E-04
1.91793999999999987E-04
2.10475000000000007E-04
1.91795000000000003E-04
2.25984999999999999E-04
1.91644000000000010E-04
1.92203999999999991E-04
1.91874999999999988E-04
2.10043999999999997E-04
1.90535000000000004E-04
2.21434999999999997E-04
1.84513999999999989E-04
2.05973999999999990E-04
1.86435000000000013E-04
1.94923999999999992E-04
1.86774000000000011E-04
1.92215000000000002E-04
1.89003999999999995E-04
2.39804999999999999E-04
1.81704000000000007E-04
2.89706999999999996E-04
1.90544000000000011E-04
1.96705000000000008E-04
1.95703999999999995E-04
2.01544999999999996E-04
2.01163999999999987E-04
2.01215000000000004E-04
1.94224000000000003E-04
1.91413999999999994E-04
1.91095000000000013E-04
1.91134000000000003E-04
1.92284000000000004E-04
1.94233000000000009E-04
1.50542999999999998E-04
1.57073999999999994E-04
1.79273999999999992E-04
1.87903999999999995E-04
1.94854000000000002E-04
1.89874000000000005E-04
3.53176999999999983E-04
2.47354999999999992E-04
2.69195999999999975E-04
1.94255000000000003E-04
3.19676999999999982E-04
1.91024000000000006E-04
1.85794000000000004E-04
1.87884000000000006E-04
1.89173999999999988E-04
1.88423999999999997E-04
2.35025000000000007E-04
2.56225000000000007E-04
3.62727999999999987E-04
3.98199000000000014E-04
2.59486000000000016E-04
2.31114999999999999E-04
1.94854999999999990E-04
1.99284000000000012E-04
2.21475000000000003E-04
1.97115000000000013E-04
1.64692999999999990E-04
4.57906000000000003E-04
2.00544999999999998E-04
2.02453999999999997E-04
2.02074999999999992E-04
2.23057000000000002E-04
1.77763999999999987E-04
1.82084000000000000E-04
1.86834000000000007E-04
1.98993999999999999E-04
1.98175000000000006E-04
2.01053999999999990E-04
2.10234999999999995E-04
2.15304999999999999E-04
2.19294999999999993E-04
1.99654000000000010E-04
2.01664999999999988E-04
2.03505000000000011E-04
2.00694000000000013E-04
2.42117999999999988E-04
1.98235000000000002E-04
1.99094999999999990E-04
2.03804000000000002E-04
1.94214999999999996E-04
2.06204000000000006E-04
1.94715000000000009E-04
1.95994000000000008E-04
1.94835000000000001E-04
1.97703999999999990E-04
2.20554999999999992E-04
2.12205000000000005E-04
1.95774000000000013E-04
1.96994999999999993E-04
1.91034000000000001E-04
2.03145000000000007E-04
1.90063999999999988E-04
1.96863999999999991E-04
1.94235000000000013E-04
1.98313999999999999E-04
2.29952000000000010E-04
2.09175000000000002E-04
1.97903999999999994E-04
1.96984999999999999E-04
1.96624000000000007E-04
1.96684999999999991E-04
1.95353999999999987E-04
1.96603999999999990E-04
1.97543999999999991E-04
2.57413000000000010E-04
1.92954999999999998E-04
1.92794000000000011E-04
2.18915000000000000E-04
1.97564999999999996E-04
1.91434000000000011E-04
2.12725000000000007E-04
1.92983999999999994E-04
1.92864000000000002E-04
1.93875000000000010E-04
1.93224000000000005E-04
2.20205000000000010E-04
1.93104000000000013E-04
2.10045000000000013E-04
1.96994999999999993E-04
1.93193999999999994E-04
2.10824999999999988E-04
1.93124000000000003E-04
2.19475000000000009E-04
1.92644000000000008E-04
2.51546000000000007E-04
2.23159999999999998E-04
1.96503999999999987E-04
1.96674000000000008E-04
1.98685000000000013E-04
1.99664000000000005E-04
1.97585000000000013E-04
1.98394000000000012E-04
1.97874999999999999E-04
2.23174999999999990E-04
1.66953000000000012E-04
1.90303999999999999E-04
1.68924000000000011E-04
1.73792999999999994E-04
1.89344999999999997E-04
1.64453000000000006E-04
1.55644000000000003E-04
2.12854999999999994E-04
1.51122999999999996E-04
1.55214000000000008E-04
1.48872999999999996E-04
1.75563999999999988E-04
1.53952999999999995E-04
1.56374000000000004E-04
1.50122999999999999E-04
1.68354000000000008E-04
1.62313999999999991E-04
2.00363999999999995E-04
2.02305000000000009E-04
2.01554000000000002E-04
2.02105000000000004E-04
2.01623999999999993E-04
2.36030000000000002E-04
2.20444999999999994E-04
2.03515000000000006E-04
2.25345000000000005E-04
2.03434999999999993E-04
2.57294999999999995E-04
2.02284000000000003E-04
2.02415000000000006E-04
2.02973999999999998E-04
2.01244999999999988E-04
2.34805000000000013E-04
2.02995000000000004E-04
2.30465000000000010E-04
2.01683999999999989E-04
2.16335000000000008E-04
2.21785000000000005E-04
2.05204999999999998E-04
2.03804000000000002E-04
2.01633999999999988E-04
2.32835000000000003E-04
2.06755000000000008E-04
2.01644999999999998E-04
2.40585000000000001E-04
2.02665000000000012E-04
3.10625999999999990E-04
2.01733999999999990E-04
2.23975000000000010E-04
2.03195000000000009E-04
2.22744999999999996E-04
2.22754999999999991E-04
2.17824999999999996E-04
2.05725000000000000E-04
2.00714000000000003E-04
2.01134999999999991E-04
2.01694000000000011E-04
2.30506000000000005E-04
2.02083999999999998E-04
2.02754999999999993E-04
2.00273999999999987E-04
2.13605000000000012E-04
2.26514999999999995E-04
2.02505000000000014E-04
2.03364000000000013E-04
2.03045000000000005E-04
2.05894000000000004E-04
2.30494999999999995E-04
2.25064999999999987E-04
2.20045000000000012E-04
2.01644000000000009E-04
2.06855000000000011E-04
2.22114999999999997E-04
2.04565000000000004E-04
2.25015000000000013E-04
2.04014000000000002E-04
2.02685000000000002E-04
2.03625000000000003E-04
2.35855000000000011E-04
2.05794000000000002E-04
2.01145000000000013E-04
2.03439999999999990E-04
1.59972999999999995E-04
1.46322999999999988E-04
1.62893000000000000E-04
1.45923000000000005E-04
1.46174000000000000E-04
1.46073000000000009E-04
1.46193000000000001E-04
1.45653999999999998E-04
1.45933000000000000E-04
1.46042999999999997E-04
1.62563999999999997E-04
1.46223000000000013E-04
1.60113999999999992E-04
1.78144000000000007E-04
1.50473000000000008E-04
1.48202999999999990E-04
1.48424000000000001E-04
1.46482999999999986E-04
1.48982999999999993E-04
1.81664000000000001E-04
1.45923999999999994E-04
1.46073000000000009E-04
1.46023000000000008E-04
1.64653999999999999E-04
1.48893000000000013E-04
1.46133999999999994E-04
1.46052999999999992E-04
1.45923000000000005E-04
1.45882999999999999E-04
1.46174000000000000E-04
1.46443000000000007E-04
1.46193000000000001E-04
1.46183999999999995E-04
1.49602999999999997E-04
1.46892999999999991E-04
1.48784000000000004E-04
1.63382999999999991E-04
1.46563999999999988E-04
1.46023000000000008E-04
1.46152999999999995E-04
1.46143000000000000E-04
1.46424000000000006E-04
1.58393000000000000E-04
1.73943999999999987E-04
1.60633999999999994E-04
1.53943000000000000E-04
1.50543999999999987E-04
1.54802999999999988E-04
1.47942999999999989E-04
1.65584000000000006E-04
1.53823999999999996E-04
4.23203999999999996E-04
1.91454000000000000E-04
2.57135999999999986E-04
2.72496000000000001E-04
1.99824999999999992E-04
1.93914000000000000E-04
1.95665000000000005E-04
1.95724000000000012E-04
1.98674999999999991E-04
1.97564000000000008E-04
2.13284999999999988E-04
2.16495000000000007E-04
1.95784000000000008E-04
1.98044999999999992E-04
1.93894000000000011E-04
1.93744000000000007E-04
1.91764999999999991E-04
1.93004000000000011E-04
1.91633999999999988E-04
1.96665000000000002E-04
2.01833999999999992E-04
2.15435000000000013E-04
1.99924999999999994E-04
2.11844000000000013E-04
1.99244999999999994E-04
1.99483999999999989E-04
1.99485000000000005E-04
2.01663999999999999E-04
1.96324999999999988E-04
2.04254000000000013E-04
1.95295000000000006E-04
2.11644999999999997E-04
1.94644000000000002E-04
1.98073999999999988E-04
1.97044999999999995E-04
1.98843999999999996E-04
1.98325000000000010E-04
2.02704000000000003E-04
1.94314999999999999E-04
1.97264999999999989E-04
1.95353999999999987E-04
2.15975000000000005E-04
1.96724000000000009E-04
1.98065000000000009E-04
1.92804000000000006E-04
1.98165000000000011E-04
1.97963999999999990E-04
2.06035000000000002E-04
1.94133999999999995E-04
1.92623999999999991E-04
1.95025000000000011E-04
2.16824999999999998E-04
2.12763999999999998E-04
1.94465000000000002E-04
1.95073999999999996E-04
1.97874999999999999E-04
1.97123999999999992E-04
1.93544000000000002E-04
1.96004000000000002E-04
1.96323999999999999E-04
1.92525000000000004E-04
2.12813999999999999E-04
1.97295000000000001E-04
1.95264000000000006E-04
1.92174999999999996E-04
2.28144999999999992E-04
1.89504000000000007E-04
1.62014000000000011E-04
1.58233000000000001E-04
1.51294000000000005E-04
1.53813000000000013E-04
1.53473999999999988E-04
1.86414000000000008E-04
1.83224000000000006E-04
1.80213999999999993E-04
1.88154000000000001E-04
1.81413999999999995E-04
1.79924000000000007E-04
4.33734999999999980E-04
2.81782000000000007E-04
1.99153999999999998E-04
2.50965999999999982E-04
2.21484999999999998E-04
2.72611000000000023E-04
1.99964000000000012E-04
1.97125000000000007E-04
1.97464000000000005E-04
1.94854999999999990E-04
2.18013999999999990E-04
1.93413999999999988E-04
1.98574000000000000E-04
1.93725000000000006E-04
1.92363999999999990E-04
1.94923999999999992E-04
1.96695000000000013E-04
2.17414999999999991E-04
2.91915999999999975E-04
2.38301000000000008E-04
2.28294999999999995E-04
2.07595000000000007E-04
2.21274999999999998E-04
2.07604000000000013E-04
1.88354999999999995E-04
1.85634000000000005E-04
1.86493999999999994E-04
2.07104999999999990E-04
1.88364000000000001E-04
1.88263999999999999E-04
1.88764000000000011E-04
2.10995000000000008E-04
1.58863999999999989E-04
1.55353000000000002E-04
1.66484000000000000E-04
1.49512999999999990E-04
1.58774000000000008E-04
1.55102999999999995E-04
1.53203999999999992E-04
1.73214000000000012E-04
1.58762999999999998E-04
1.63713999999999998E-04
1.49662999999999993E-04
1.74823999999999992E-04
1.58874000000000011E-04
1.58963000000000003E-04
1.51824000000000002E-04
1.64093999999999991E-04
1.56923000000000002E-04
1.51172999999999997E-04
1.60084000000000008E-04
1.76364000000000008E-04
1.58373999999999999E-04
1.59683000000000009E-04
1.50903999999999990E-04
1.63663000000000008E-04
1.66543999999999997E-04
1.72014000000000010E-04
1.62064000000000012E-04
1.48412999999999990E-04
1.46013000000000013E-04
1.46202999999999996E-04
1.48683000000000013E-04
1.49473000000000010E-04
1.67173999999999996E-04
1.50142999999999989E-04
1.82804000000000007E-04
1.59373999999999996E-04
1.51712999999999989E-04
1.60473999999999995E-04
1.50843000000000006E-04
1.50934000000000002E-04
1.80654000000000009E-04
1.49693000000000005E-04
1.60284000000000012E-04
1.52513000000000008E-04
1.77073999999999992E-04
1.61463999999999998E-04
1.46792999999999989E-04
1.59853999999999991E-04
1.54613000000000005E-04
1.53174000000000008E-04
1.59242999999999993E-04
1.48383999999999994E-04
1.59643000000000003E-04
5.77378000000000027E-04
2.15904999999999987E-04
2.00115000000000004E-04
2.74136000000000019E-04
2.21964999999999993E-04
2.00773999999999999E-04
2.03195000000000009E-04
2.06135000000000004E-04
2.00614000000000001E-04
3.24517000000000024E-04
2.21456000000000002E-04
2.70524999999999976E-04
2.16185000000000005E-04
1.90034999999999992E-04
1.88233999999999987E-04
1.96424000000000002E-04
2.14414999999999999E-04
1.97054999999999989E-04
2.23124999999999989E-04
2.00323999999999988E-04
1.46644000000000001E-04
1.65033000000000004E-04
1.46393999999999995E-04
1.46183000000000006E-04
1.46372999999999989E-04
1.46092999999999999E-04
2.11320000000000003E-04
1.93534000000000007E-04
1.96824000000000012E-04
1.91974000000000002E-04
2.14345000000000009E-04
1.97724999999999995E-04
1.86094000000000011E-04
1.93243999999999995E-04
2.14885000000000000E-04
1.94093999999999989E-04
1.95985000000000001E-04
1.95014000000000000E-04
2.02814999999999989E-04
1.93833999999999988E-04
2.04565000000000004E-04
2.00034000000000003E-04
1.94655000000000012E-04
1.94744000000000004E-04
2.24169999999999990E-04
1.92565000000000010E-04
1.91793999999999987E-04
2.11045000000000010E-04
1.91184000000000005E-04
1.91294000000000002E-04
1.90325000000000005E-04
1.58572999999999988E-04
1.62363999999999992E-04
1.57142999999999996E-04
1.51454000000000004E-04
1.76653999999999993E-04
1.94834000000000012E-04
2.03854999999999992E-04
2.25894999999999991E-04
1.93563999999999992E-04
1.93224000000000005E-04
1.93245000000000011E-04
1.93964000000000002E-04
1.92644000000000008E-04
1.91854999999999999E-04
1.92973999999999999E-04
1.92134000000000001E-04
2.09965000000000000E-04
1.91525000000000007E-04
1.92143999999999995E-04
1.92594000000000006E-04
1.92253999999999993E-04
1.92663999999999997E-04
1.93174000000000004E-04
1.93713999999999996E-04
1.93513999999999991E-04
2.02224000000000007E-04
2.26915999999999994E-04
2.33705000000000013E-04
2.05744000000000001E-04
2.10573999999999993E-04
1.97104999999999991E-04
2.15605000000000007E-04
1.95083999999999991E-04
1.94603999999999996E-04
1.91995000000000007E-04
1.96984000000000010E-04
2.13644999999999992E-04
1.98275000000000008E-04
2.00494000000000009E-04
1.94534000000000005E-04
1.92224000000000008E-04
1.93264000000000012E-04
1.96225000000000013E-04
2.02503999999999998E-04
1.93594999999999992E-04
2.00933999999999998E-04
2.12134999999999987E-04
1.96844000000000001E-04
1.90785000000000011E-04
1.93253999999999990E-04
1.97674000000000005E-04
1.91985000000000013E-04
2.10824999999999988E-04
1.91303999999999997E-04
1.91174000000000010E-04
2.15934999999999998E-04
2.12074999999999991E-04
1.98394000000000012E-04
1.91255000000000011E-04
1.92544000000000005E-04
1.97564000000000008E-04
2.02974999999999987E-04
1.97633999999999999E-04
2.52704999999999987E-04
2.23835000000000001E-04
2.00885000000000012E-04
2.06044000000000008E-04
2.01663999999999999E-04
2.01985000000000012E-04
2.22224999999999994E-04
1.98554000000000010E-04
1.99874999999999993E-04
2.00594000000000011E-04
2.19435000000000002E-04
