22.939330787974932
0.00018247000000000001
0.00016637100000000001
0.000131855
0.000131693
0.00013338300000000002
0.000134315
0.00013469300000000002
0.00013398900000000002
0.00016999000000000002
0.00013466200000000002
0.00014274400000000001
9.8640000000000004e-05
9.8337000000000004e-05
9.8109000000000005e-05
9.8347000000000012e-05
9.8304000000000013e-05
0.000181635
0.000172416
0.00013613500000000001
0.000132137
0.00013408800000000001
0.00013426100000000002
0.00013462900000000001
0.00015293700000000002
0.00015958900000000002
0.00016365700000000002
0.000122268
9.8022000000000004e-05
9.7881000000000007e-05
9.8130999999999999e-05
9.8477000000000013e-05
9.8293000000000002e-05
9.8282000000000005e-05
9.8379000000000001e-05
9.8293000000000002e-05
9.7978000000000003e-05
9.827200000000001e-05
9.8184000000000007e-05
9.8401000000000009e-05
9.7881000000000007e-05
9.8174000000000012e-05
0.00013076100000000002
0.00011975400000000001
9.7968000000000008e-05
9.7621000000000006e-05
9.7903000000000001e-05
9.7957000000000011e-05
9.7892000000000004e-05
9.8087000000000011e-05
9.8033000000000001e-05
9.848800000000001e-05
9.8293000000000002e-05
9.7611000000000011e-05
9.8975000000000007e-05
0.00011120700000000001
0.00015546200000000001
0.00014896200000000001
0.000139092
0.000138854
0.00013908100000000002
0.00013940600000000001
0.00016448600000000001
0.00013988300000000002
0.000139266
0.00013908200000000001
0.00014008900000000001
0.00013962300000000001
0.00014005700000000002
0.000137424
0.00016219000000000002
9.8055000000000009e-05
0.000129212
0.00027125100000000002
0.000139407
0.00013886500000000001
0.00017913300000000002
0.00013960100000000002
0.000139309
0.000139851
0.00013896200000000002
0.000139276
0.000139114
0.00013973100000000001
0.000143404
0.00013359999999999999
0.00013278700000000001
0.000132268
0.000132743
0.00013237600000000002
0.00013252700000000001
0.00015554800000000001
0.00017758100000000001
0.000133275
0.00013310200000000001
0.00013286300000000002
0.00013278700000000001
0.00013304700000000002
0.00013284200000000001
0.00013352400000000002
0.00013356700000000002
0.000219867
0.00013315500000000001
0.00022159000000000002
0.000155451
0.00013206200000000001
0.000132614
0.00013215900000000002
0.00013216900000000001
0.000162005
0.00017977300000000002
0.00013190900000000001
0.00013209300000000001
0.000132008
0.00013198600000000001
0.000132452
0.00013212600000000002
0.000132473
0.000132917
0.00016562700000000001
9.8163000000000002e-05
9.7858999999999999e-05
9.7740000000000009e-05
9.8141000000000008e-05
9.7763000000000006e-05
9.7665000000000008e-05
9.7784000000000011e-05
9.7578000000000007e-05
9.7838000000000008e-05
0.000119851
9.7914000000000012e-05
0.00010170600000000001
0.00014553800000000002
9.7935000000000003e-05
9.8174000000000012e-05
9.7871000000000012e-05
9.8098000000000008e-05
9.8337000000000004e-05
0.000133774
9.8325000000000005e-05
9.848800000000001e-05
9.8206000000000001e-05
9.8044000000000012e-05
9.9051000000000011e-05
0.00011979800000000001
0.00013353400000000001
9.7719000000000004e-05
9.8283000000000008e-05
9.7708000000000007e-05
9.7773000000000001e-05
9.8196000000000006e-05
9.801200000000001e-05
9.8390000000000012e-05
9.8520000000000012e-05
9.8174000000000012e-05
9.8044000000000012e-05
0.00012049100000000001
9.8163000000000002e-05
9.7827000000000011e-05
9.7925000000000009e-05
9.7858999999999999e-05
9.7784000000000011e-05
9.7675000000000002e-05
9.7762000000000004e-05
9.7881000000000007e-05
9.7893000000000006e-05
9.7718000000000002e-05
9.8033000000000001e-05
9.7925000000000009e-05
9.800000000000001e-05
9.8347000000000012e-05
0.000130913
0.00010037300000000001
9.7892000000000004e-05
9.7871000000000012e-05
9.8076000000000001e-05
9.7795000000000008e-05
0.00011821600000000001
9.7762000000000004e-05
9.7589000000000004e-05
9.7643e-05
9.7502000000000003e-05
9.7903000000000001e-05
9.8152000000000005e-05
9.7914000000000012e-05
9.8152000000000005e-05
9.8282000000000005e-05
9.8662000000000012e-05
9.8434e-05
0.000119061
9.7925000000000009e-05
9.8076000000000001e-05
9.7946e-05
9.8001000000000013e-05
9.8098000000000008e-05
9.7762000000000004e-05
9.8282000000000005e-05
9.8141000000000008e-05
9.7957000000000011e-05
0.00011676500000000001
9.827200000000001e-05
9.8314000000000008e-05
9.8109000000000005e-05
9.8379000000000001e-05
9.8705000000000011e-05
9.8141000000000008e-05
9.800000000000001e-05
0.00011276700000000001
9.7892000000000004e-05
9.7957000000000011e-05
0.000130383
9.7957000000000011e-05
9.7588000000000001e-05
9.7871000000000012e-05
9.7751000000000007e-05
9.7654000000000011e-05
9.7643e-05
9.801200000000001e-05
0.00010291900000000001
9.8141000000000008e-05
0.00011866000000000001
0.00022181700000000002
0.00019397500000000001
0.00011477
0.00010042700000000001
9.8423000000000003e-05
9.8326000000000007e-05
9.7892000000000004e-05
9.7924000000000006e-05
9.7936000000000006e-05
9.8054000000000007e-05
9.7871000000000012e-05
9.7936000000000006e-05
0.00010732800000000001
0.00012128100000000001
0.00013471500000000001
9.8759000000000008e-05
9.8282000000000005e-05
9.8596000000000003e-05
9.8109000000000005e-05
9.8044000000000012e-05
9.8033000000000001e-05
9.8369000000000006e-05
9.8347000000000012e-05
9.8033000000000001e-05
9.8120000000000002e-05
9.7946e-05
0.00015281800000000001
0.000137164
0.00013813900000000001
0.000136026
0.00017773300000000001
0.00013872400000000001
0.000138279
0.000139612
0.000140371
0.000140273
0.000174258
0.00020774500000000001
0.00014375100000000001
0.00013728300000000001
0.000138584
0.00013987200000000001
0.000145971
0.000164573
0.00013964500000000001
0.00013998100000000001
0.00014036000000000002
0.000140414
0.0001405
0.000140013
0.00014092300000000002
0.00014117200000000001
0.00014051100000000001
0.00037666200000000005
0.00014131300000000001
0.00014741300000000002
0.00017628200000000002
0.00013278700000000001
0.00013233200000000001
0.000132127
0.000132733
0.00013262500000000001
0.000132354
0.000132321
0.00013295000000000001
0.00013234300000000002
0.00013299300000000001
0.000133015
0.00013308000000000002
0.00013244
0.00013240800000000001
0.00013232200000000001
0.00015352200000000001
0.00015662100000000002
0.00013193100000000001
0.00013184400000000002
0.00013160600000000001
0.000131877
0.00013124800000000001
0.00013184500000000001
0.00016183200000000002
0.00011264800000000001
9.8260000000000011e-05
9.8336000000000002e-05
9.7946e-05
9.8434e-05
9.8217000000000012e-05
9.8033000000000001e-05
9.7752000000000009e-05
9.7881000000000007e-05
0.000118097
9.8044000000000012e-05
9.7860000000000002e-05
9.8076000000000001e-05
9.7632000000000003e-05
9.7643e-05
9.7416000000000004e-05
9.7599000000000012e-05
9.7751000000000007e-05
9.801200000000001e-05
9.8055000000000009e-05
0.00011806400000000001
9.8282000000000005e-05
9.8022000000000004e-05
9.8261e-05
9.8065000000000004e-05
9.8261e-05
9.7816e-05
9.8055000000000009e-05
9.7698000000000012e-05
9.7838000000000008e-05
9.7817000000000002e-05
0.00011647200000000001
9.8055000000000009e-05
9.7881000000000007e-05
9.7968000000000008e-05
9.8044000000000012e-05
0.00010795600000000001
0.00012883300000000002
0.000154043
0.00012859500000000001
0.000128269
0.000128422
0.00012785800000000001
0.00011870300000000001
9.7979000000000005e-05
9.7979000000000005e-05
9.7621000000000006e-05
0.00011480300000000001
9.8077000000000003e-05
9.7784000000000011e-05
0.00011754400000000001
9.7892000000000004e-05
9.7978000000000003e-05
9.8098000000000008e-05
9.7957000000000011e-05
9.8337000000000004e-05
0.00056149900000000003
0.00013080400000000002
0.00011523700000000001
9.8109000000000005e-05
9.7881000000000007e-05
9.7892000000000004e-05
9.7665000000000008e-05
0.00010723
9.7881000000000007e-05
9.7643e-05
9.7751000000000007e-05
0.000117403
0.000123492
0.00011970000000000001
0.00011011200000000001
9.827200000000001e-05
9.8585000000000006e-05
9.8098000000000008e-05
9.7935000000000003e-05
9.769700000000001e-05
9.8228000000000009e-05
9.8141000000000008e-05
9.8163000000000002e-05
9.7795000000000008e-05
9.8033000000000001e-05
9.7643e-05
9.7719000000000004e-05
9.7968000000000008e-05
9.7914000000000012e-05
9.7989e-05
9.801200000000001e-05
9.800000000000001e-05
9.8098000000000008e-05
9.8358000000000009e-05
9.8109000000000005e-05
0.00011714300000000001
9.8314000000000008e-05
9.7925000000000009e-05
9.7816e-05
9.7849000000000005e-05
9.769700000000001e-05
9.7914000000000012e-05
9.7979000000000005e-05
9.7729000000000012e-05
9.7892000000000004e-05
9.7882000000000009e-05
9.8163000000000002e-05
9.8055000000000009e-05
0.00010791300000000001
0.00010996100000000001
0.00011398
9.8206000000000001e-05
9.8228000000000009e-05
0.000110351
9.7816e-05
9.8152000000000005e-05
0.00011671000000000001
9.8163000000000002e-05
9.7828000000000013e-05
9.7741000000000012e-05
9.7957000000000011e-05
9.787000000000001e-05
9.7903000000000001e-05
9.8066000000000006e-05
9.8228000000000009e-05
9.7936000000000006e-05
9.8119e-05
9.8466000000000002e-05
9.8228000000000009e-05
9.7730000000000001e-05
9.7979000000000005e-05
9.7794000000000006e-05
9.8218000000000001e-05
9.8120000000000002e-05
9.7795000000000008e-05
9.7534000000000005e-05
9.7676000000000005e-05
9.7806000000000005e-05
0.000116558
9.787000000000001e-05
9.7806000000000005e-05
9.8098000000000008e-05
9.8206000000000001e-05
9.8152000000000005e-05
9.8434e-05
9.8207000000000003e-05
9.7643e-05
9.7957000000000011e-05
9.8011000000000007e-05
9.8098000000000008e-05
9.787000000000001e-05
9.7708000000000007e-05
9.7644000000000002e-05
0.00010623400000000001
9.7773000000000001e-05
9.7675000000000002e-05
9.8402000000000011e-05
9.7978000000000003e-05
9.8066000000000006e-05
9.8282000000000005e-05
0.00011640700000000001
9.8639000000000002e-05
9.8109000000000005e-05
9.8044000000000012e-05
9.7773000000000001e-05
9.8282000000000005e-05
9.7654000000000011e-05
0.00011929900000000001
9.8033000000000001e-05
9.7871000000000012e-05
9.8152000000000005e-05
9.7858999999999999e-05
9.8055000000000009e-05
9.8044000000000012e-05
9.800000000000001e-05
9.8282000000000005e-05
9.7784000000000011e-05
9.7935000000000003e-05
9.8206000000000001e-05
0.00011816200000000001
9.7968000000000008e-05
0.00012175800000000001
0.00012336200000000002
9.9766000000000007e-05
9.7838000000000008e-05
9.7957000000000011e-05
9.7805000000000003e-05
9.7978000000000003e-05
9.8196000000000006e-05
9.7794000000000006e-05
9.7914000000000012e-05
9.8217000000000012e-05
9.8543000000000008e-05
0.000109419
9.8336000000000002e-05
9.8564e-05
9.8044000000000012e-05
9.7783000000000009e-05
9.7903000000000001e-05
9.8228000000000009e-05
9.8174000000000012e-05
9.7860000000000002e-05
0.00011797700000000001
9.7935000000000003e-05
9.7675000000000002e-05
9.7827000000000011e-05
9.7990000000000002e-05
9.7914000000000012e-05
9.8119e-05
9.7968000000000008e-05
9.8130999999999999e-05
9.7925000000000009e-05
9.8444000000000008e-05
9.8228000000000009e-05
9.8044000000000012e-05
9.7957000000000011e-05
9.8001000000000013e-05
9.8152000000000005e-05
9.7849000000000005e-05
9.7838000000000008e-05
9.7892000000000004e-05
9.8054000000000007e-05
0.00029920200000000004
0.00013925500000000002
0.00013882100000000002
0.00013894000000000002
0.00013836600000000001
0.00013946
0.00014627500000000002
0.000137229
0.00013828000000000001
0.00013922300000000001
0.00013467200000000001
9.8336000000000002e-05
9.8391e-05
0.000119939
9.7903000000000001e-05
9.7936000000000006e-05
9.7838000000000008e-05
9.7665000000000008e-05
9.8293000000000002e-05
9.8109000000000005e-05
9.7687000000000002e-05
9.8184000000000007e-05
9.769700000000001e-05
9.8087000000000011e-05
9.8250000000000003e-05
9.8065000000000004e-05
9.7762000000000004e-05
9.8011000000000007e-05
0.000113547
0.000106711
0.000103764
9.7968000000000008e-05
9.7946e-05
9.800000000000001e-05
0.000118151
9.8087000000000011e-05
9.7806000000000005e-05
9.7968000000000008e-05
9.8304000000000013e-05
9.8337000000000004e-05
9.8466000000000002e-05
9.8531000000000009e-05
9.8326000000000007e-05
9.8207000000000003e-05
0.000109505
9.8130999999999999e-05
9.787000000000001e-05
9.7946e-05
9.7827000000000011e-05
9.7794000000000006e-05
9.7968000000000008e-05
9.7871000000000012e-05
9.8207000000000003e-05
9.8054000000000007e-05
9.7654000000000011e-05
9.7459000000000003e-05
0.00013234300000000002
9.848800000000001e-05
9.8835000000000012e-05
0.00011326500000000001
9.814200000000001e-05
9.8119e-05
9.7730000000000001e-05
9.7935000000000003e-05
9.8066000000000006e-05
9.7828000000000013e-05
9.800000000000001e-05
9.8141000000000008e-05
9.8098000000000008e-05
9.8076000000000001e-05
9.8066000000000006e-05
9.8336000000000002e-05
9.8261e-05
9.8141000000000008e-05
9.848800000000001e-05
0.000119332
9.844500000000001e-05
9.8001000000000013e-05
9.8033000000000001e-05
9.8184000000000007e-05
9.8304000000000013e-05
9.8271000000000008e-05
9.7806000000000005e-05
9.7848000000000002e-05
0.00011413200000000001
9.7925000000000009e-05
9.7730000000000001e-05
9.8022000000000004e-05
9.7935000000000003e-05
9.8087000000000011e-05
9.8402000000000011e-05
9.8141000000000008e-05
9.8748000000000011e-05
9.8217000000000012e-05
9.8141000000000008e-05
9.8130999999999999e-05
0.00011705600000000001
0.00010874700000000001
9.8011000000000007e-05
9.7957000000000011e-05
9.8022000000000004e-05
9.8022000000000004e-05
9.8824000000000001e-05
0.00027225900000000001
0.00010484700000000001
9.8196000000000006e-05
9.8130999999999999e-05
9.8119e-05
9.7860000000000002e-05
9.8326000000000007e-05
9.7989e-05
0.00014740200000000001
9.7806000000000005e-05
9.8261e-05
9.7914000000000012e-05
0.00011679700000000001
9.8109000000000005e-05
9.7990000000000002e-05
9.7784000000000011e-05
0.00011876800000000001
9.7610000000000009e-05
0.00010798900000000001
9.7816e-05
9.8066000000000006e-05
9.8174000000000012e-05
9.8087000000000011e-05
9.8824000000000001e-05
9.8055000000000009e-05
9.7881000000000007e-05
9.7978000000000003e-05
9.8098000000000008e-05
9.7838000000000008e-05
9.7827000000000011e-05
9.7611000000000011e-05
9.7794000000000006e-05
9.7632000000000003e-05
9.7492000000000008e-05
0.000133919
9.8261e-05
9.8607e-05
9.8629000000000007e-05
9.8715000000000006e-05
9.8413000000000008e-05
9.8553000000000003e-05
9.8380000000000003e-05
9.8401000000000009e-05
9.8260000000000011e-05
9.8293000000000002e-05
9.8369000000000006e-05
9.8250000000000003e-05
9.8130999999999999e-05
9.8033000000000001e-05
9.804300000000001e-05
9.831500000000001e-05
9.7806000000000005e-05
9.7881000000000007e-05
0.000119332
9.8055000000000009e-05
9.8141000000000008e-05
0.00051240600000000008
0.000133903
0.00013900500000000002
0.000127348
0.00010558400000000001
9.7989e-05
0.00010725200000000001
9.8174000000000012e-05
9.8076000000000001e-05
9.7925000000000009e-05
9.8033000000000001e-05
0.00011083800000000001
0.00010356900000000001
9.7892000000000004e-05
9.8098000000000008e-05
9.7914000000000012e-05
9.7968000000000008e-05
0.00011000400000000001
0.00010632000000000001
0.00012031700000000001
9.8412000000000006e-05
9.7903000000000001e-05
9.7719000000000004e-05
9.7979000000000005e-05
9.7763000000000006e-05
9.7654000000000011e-05
9.7871000000000012e-05
0.00010322200000000001
9.7643e-05
9.7827000000000011e-05
9.7730000000000001e-05
9.7979000000000005e-05
9.7893000000000006e-05
9.8369000000000006e-05
9.8304000000000013e-05
9.8499000000000007e-05
0.000144184
9.8054000000000007e-05
0.000105476
9.8196000000000006e-05
0.00011672100000000001
9.9907000000000004e-05
9.8195000000000004e-05
9.7946e-05
9.7773000000000001e-05
9.7730000000000001e-05
9.7838000000000008e-05
9.7773000000000001e-05
9.8271000000000008e-05
0.000102118
9.8174000000000012e-05
9.800000000000001e-05
9.8282000000000005e-05
9.8282000000000005e-05
9.7903000000000001e-05
9.7762000000000004e-05
9.7849000000000005e-05
9.7979000000000005e-05
9.7935000000000003e-05
0.00010426200000000001
9.7838000000000008e-05
9.7740000000000009e-05
0.000117534
9.7914000000000012e-05
9.801200000000001e-05
9.8044000000000012e-05
9.7946e-05
9.7946e-05
9.8001000000000013e-05
9.8596000000000003e-05
9.8174000000000012e-05
9.8553000000000003e-05
9.8293000000000002e-05
9.8640000000000004e-05
9.8477000000000013e-05
0.000137229
9.8033000000000001e-05
9.7882000000000009e-05
9.8098000000000008e-05
0.000112984
9.7860000000000002e-05
9.7578000000000007e-05
9.7719000000000004e-05
0.00011729500000000001
0.00010616900000000001
0.000141335
0.00013451000000000001
0.00013322
0.00013467200000000001
0.000133459
0.00013334000000000002
0.00012240800000000001
9.7871000000000012e-05
9.7632000000000003e-05
9.7925000000000009e-05
9.7794000000000006e-05
9.7773000000000001e-05
9.7773000000000001e-05
9.7990000000000002e-05
9.7838000000000008e-05
9.7914000000000012e-05
9.7751000000000007e-05
9.8011000000000007e-05
0.00012023100000000001
9.8130000000000011e-05
0.00011843200000000001
9.7838000000000008e-05
9.7795000000000008e-05
9.7795000000000008e-05
9.7600000000000001e-05
9.7816e-05
9.7935000000000003e-05
0.00013045800000000002
9.7838000000000008e-05
9.7546000000000004e-05
9.7405000000000007e-05
9.8055000000000009e-05
9.7752000000000009e-05
9.7989e-05
9.8033000000000001e-05
9.8239000000000006e-05
9.7903000000000001e-05
9.7827000000000011e-05
9.7513e-05
0.00011706700000000001
9.7979000000000005e-05
9.7545000000000002e-05
9.7492000000000008e-05
9.7978000000000003e-05
9.8077000000000003e-05
9.787000000000001e-05
9.7643e-05
9.7665000000000008e-05
9.7817000000000002e-05
9.8141000000000008e-05
9.8304000000000013e-05
9.8217000000000012e-05
0.00011931100000000001
9.7968000000000008e-05
9.7751000000000007e-05
9.8109000000000005e-05
9.8109000000000005e-05
9.8065000000000004e-05
9.7979000000000005e-05
9.7643e-05
0.00011699100000000001
9.7858999999999999e-05
9.7719000000000004e-05
9.7632000000000003e-05
9.7892000000000004e-05
9.7773000000000001e-05
9.8044000000000012e-05
0.00013081600000000002
9.8250000000000003e-05
9.8521000000000001e-05
9.8130000000000011e-05
0.00010327700000000001
9.8141000000000008e-05
0.00010239900000000001
9.7871000000000012e-05
9.7654000000000011e-05
9.7632000000000003e-05
9.7936000000000006e-05
9.7621000000000006e-05
0.00031325800000000002
0.00013917900000000002
0.00011195400000000001
9.8130000000000011e-05
9.8271000000000008e-05
9.8466000000000002e-05
9.8033000000000001e-05
9.8217000000000012e-05
9.8412000000000006e-05
9.7827000000000011e-05
9.8185000000000009e-05
9.8109000000000005e-05
9.8380000000000003e-05
0.00014508000000000001
9.8304000000000013e-05
9.8260000000000011e-05
0.000130782
0.000132798
0.00010749
9.7838000000000008e-05
9.8066000000000006e-05
9.817300000000001e-05
9.8174000000000012e-05
9.8174000000000012e-05
0.000111737
9.8196000000000006e-05
9.8283000000000008e-05
9.8065000000000004e-05
9.8065000000000004e-05
9.8120000000000002e-05
9.7903000000000001e-05
0.00012733800000000001
9.8011000000000007e-05
9.7978000000000003e-05
0.00011094700000000001
9.848800000000001e-05
9.7946e-05
9.801200000000001e-05
9.7827000000000011e-05
9.8119e-05
9.8130999999999999e-05
9.8260000000000011e-05
9.8239000000000006e-05
9.7827000000000011e-05
9.7979000000000005e-05
0.00010647200000000001
0.00012584299999999999
9.7914000000000012e-05
9.8022000000000004e-05
9.7795000000000008e-05
9.7892000000000004e-05
9.8174000000000012e-05
0.000117663
9.8066000000000006e-05
9.8109000000000005e-05
9.8087000000000011e-05
9.8174000000000012e-05
9.8249000000000001e-05
9.8629000000000007e-05
9.7903000000000001e-05
9.8065000000000004e-05
9.8207000000000003e-05
0.00030817100000000004
0.000111347
9.8076000000000001e-05
9.8066000000000006e-05
9.7914000000000012e-05
9.7957000000000011e-05
9.8033000000000001e-05
9.7795000000000008e-05
9.7881000000000007e-05
9.7989e-05
0.00013837800000000001
9.8456000000000007e-05
0.00011776100000000001
0.000133654
0.00015223400000000001
0.00013302600000000001
0.000135745
0.00022362700000000001
0.000135809
0.00013421700000000001
0.00013292800000000001
0.00013479100000000002
0.00015460500000000001
0.00015990400000000002
0.00013599400000000001
0.00018319900000000002
0.00013998100000000001
0.00014705500000000002
0.00013842100000000001
0.00013868000000000002
0.000182189
0.00013895200000000002
0.00013839900000000001
0.00013948200000000002
0.00014569
0.00014026300000000001
0.00014165900000000001
0.000139319
0.000165136
0.0001405
0.000139114
0.000140035
0.00014024
0.000138431
0.000139114
0.00014000200000000002
0.00013820300000000002
0.000142299
0.000142006
0.00014866900000000001
0.00014019800000000002
0.00013706600000000001
0.000140999
0.00016524500000000001
0.000140414
0.00014179000000000001
0.00014150800000000001
0.000158116
0.000136828
0.00013339300000000002
0.00013196400000000001
0.00013233200000000001
0.000163413
0.00014164900000000001
0.00013938500000000001
0.00013022000000000001
0.00013056600000000001
0.00013136800000000001
0.000157119
0.000131378
0.00013092400000000001
0.00013226700000000001
0.00018585000000000002
0.00017035800000000001
0.000135344
0.00013823700000000001
0.00013633000000000002
0.00013764100000000001
0.000140013
0.00014672
0.00014942800000000001
0.00042215200000000002
0.00013374100000000002
0.00019105000000000001
0.00013347000000000001
0.000132397
0.000133416
0.00013439000000000002
0.000134857
0.00013387100000000001
0.00011855100000000001
9.8575000000000011e-05
9.8629000000000007e-05
9.8564e-05
0.000103082
0.00011321100000000001
0.00010195500000000001
0.00010801
0.00014008900000000001
0.000139548
0.00013833400000000002
0.00014671900000000002
0.0001392
0.00013936300000000001
0.00014060900000000001
0.00014000200000000002
0.000182015
0.00013842000000000002
0.00013890800000000001
0.00013955800000000002
0.000140035
0.00014709800000000002
0.000138052
0.00018948900000000001
0.00013783600000000001
0.00013836600000000001
0.00013530000000000001
0.00013591800000000001
0.00013669800000000001
0.000137847
0.000134726
0.000140252
0.00013382700000000002
0.000133459
0.000132776
0.00013270100000000002
0.00013293800000000001
0.00015923200000000001
0.000130328
0.00014252700000000001
0.00013505100000000002
0.000132755
0.00014297100000000001
0.00013309000000000001
0.00013338300000000002
0.00013408700000000002
0.00013452099999999999
0.00014114000000000002
0.00013379400000000001
0.00013447700000000001
0.000134163
0.000211537
0.00015648000000000002
0.00013433600000000001
0.000130848
0.00013165
0.00013113
0.000131715
0.00013166
0.00013208300000000002
0.000130176
0.00012833399999999999
0.00013719700000000001
0.000127847
0.00012812900000000002
0.000127522
0.000127446
0.00012767400000000001
0.00015287300000000001
0.00012851900000000001
0.000145852
0.00012828000000000001
0.00012823700000000001
0.00012894100000000001
0.00012901700000000002
0.000129472
0.00012939600000000002
0.00012922300000000001
0.000137121
0.00012941800000000001
0.00013693600000000002
0.000150099
0.000128789
0.000129288
0.000152645
0.000128703
0.00012798700000000001
0.00012794400000000001
0.00013162800000000001
0.00013352400000000002
0.00013544100000000001
0.000137315
0.00013829000000000001
0.00013625400000000001
0.000144487
0.000137618
0.000135549
0.00013056600000000001
0.00012964500000000001
0.00013356700000000002
0.00015879800000000001
0.00013526800000000002
0.000135322
0.00015949200000000001
0.00016126900000000002
0.00014176800000000002
0.000133015
0.000139612
0.00012747800000000002
0.000388248
0.00013361100000000001
0.00013062000000000002
0.000129278
0.000117349
0.00012643800000000001
0.00012812900000000002
0.00013210400000000002
0.000132354
0.00013246200000000002
0.00013218
0.00016925800000000001
0.000132516
0.000132798
0.00013275400000000001
0.00013342600000000002
0.000133199
0.00013325300000000001
0.00013301400000000001
0.000132798
0.00013192
0.00013217
0.00013259200000000001
0.00013219100000000001
0.00013275400000000001
0.000153869
0.00013219100000000001
0.00013206099999999999
0.000171767
0.00013250500000000002
0.00013237500000000001
0.0001327
0.00013263500000000001
0.00013277700000000002
0.00013250600000000001
0.000133058
0.00013224500000000002
0.00013196400000000001
0.000132299
0.000132538
0.00013200700000000001
0.00015300200000000001
0.00014856100000000002
0.000132213
0.000131877
0.000131715
0.00013174700000000001
0.00013222400000000001
0.00013205000000000001
0.00013212600000000002
0.000132798
0.00013259200000000001
0.00013250500000000002
0.00013202900000000001
0.00013194200000000002
0.00015420500000000001
0.00013237500000000001
0.000189414
0.00013236500000000001
0.00013218
0.000132256
0.000132364
0.000132256
0.000132624
0.00013213800000000001
0.000132115
0.00013234300000000002
0.00013246200000000002
0.000132516
0.00013254900000000001
0.000131877
0.00013256000000000002
0.00013208300000000002
0.00015331700000000001
0.00013217
0.00013214800000000001
0.00013211600000000002
0.00013150800000000002
0.00014885300000000001
0.00013254900000000001
0.000131834
0.00013167100000000001
0.00013176900000000001
0.00013184400000000002
0.00013244100000000001
0.00013237500000000001
0.000132559
0.00017028200000000001
0.000132137
0.00015326200000000001
0.00013215900000000002
0.00013182300000000002
0.00013176900000000001
0.00013196400000000001
0.00013226700000000001
0.00013167100000000001
0.00013166
0.00013162800000000001
0.00013200700000000001
0.000131595
0.00013184500000000001
0.00013232200000000001
0.00013299300000000001
0.00017273000000000001
0.00015810500000000002
0.000132018
0.000131736
0.00013194300000000001
0.00013176900000000001
0.00013208300000000002
0.000132278
0.00013351300000000001
0.00013174700000000001
0.000132094
0.000148918
0.00013238600000000002
0.00014419500000000001
0.000132235
0.00013292800000000001
0.000132397
0.00015375
0.00013214700000000002
0.00013196400000000001
0.00013230000000000002
0.000130512
0.00013080500000000001
0.00012997
0.00013108600000000001
0.00013269000000000001
0.000139147
0.000132137
0.00013925500000000002
0.000132137
0.00013236500000000001
0.000132571
0.00013087
0.000159643
0.00013207200000000001
0.00013198500000000002
0.00013222400000000001
0.00013128100000000002
0.000133058
0.000131877
0.000129472
0.00013276600000000001
0.00014708700000000001
0.000118887
0.000120902
0.00012675300000000001
0.00013096700000000001
0.00015959000000000001
0.0001349
0.000158386
0.00013407600000000001
0.00013509500000000001
0.000136308
0.00013481300000000001
0.000134022
0.00013288500000000001
0.00013276600000000001
0.000133015
0.00013334000000000002
0.00014072800000000001
0.00013384900000000001
0.000133156
0.000130295
0.00014893
0.00013404400000000002
0.00015833200000000001
0.00013443400000000001
0.00013519200000000002
0.000134888
0.00013441200000000001
0.000134759
0.000178538
0.00013427100000000002
0.00013460700000000002
0.00014259100000000002
0.000134759
0.00013239800000000002
0.000133557
0.00016116000000000001
0.00013224500000000002
0.00015456200000000002
0.00013237500000000001
0.000148181
0.000129949
0.00012953700000000002
0.00012981900000000001
0.000129147
0.000128887
0.00012929900000000001
0.00012955900000000001
0.00013783600000000001
0.000128443
0.00012873500000000002
0.00012880000000000001
0.000128486
0.000128811
0.00012883300000000002
0.000154141
0.00013833400000000002
0.00013082600000000001
0.0001405
0.00012988400000000001
0.00012991600000000002
0.00013064200000000001
0.00013017700000000001
0.000130209
0.00013854000000000001
0.00012945
0.000132841
0.000135301
0.000134282
0.00013193100000000001
0.000131097
0.00016002200000000001
0.000135582
0.00013714200000000001
0.00013613500000000001
0.000136351
0.00015348
0.00013429300000000001
0.00013465000000000002
0.00013426100000000002
0.00013997
0.00013356700000000002
0.00013260300000000002
0.000139104
0.000133881
0.00013361100000000001
0.00019438700000000002
0.000144671
0.00013440200000000002
0.00013438
0.00013426100000000002
0.000141345
0.000136427
0.00013465000000000002
0.00013434800000000001
0.00014240800000000001
0.00015181100000000001
0.000176078
0.00014209300000000001
0.00013758600000000001
0.000139059
0.00016153900000000001
0.00013880000000000001
0.00013863700000000002
0.000139569
0.000136806
0.00013781400000000002
0.000139417
0.00013969900000000002
0.000137348
0.000152158
0.00013972100000000001
0.000138973
0.00013719700000000001
0.000136601
0.00014990400000000002
0.000177963
0.00013539800000000001
0.00013789
0.00013951500000000002
0.000139818
0.00013278700000000001
0.00013208300000000002
0.00013198600000000001
0.00013835600000000001
0.00014652400000000001
0.00013821500000000002
0.00013568
0.00013908100000000002
0.00013972
0.00013950400000000001
0.00015543000000000002
0.00013167100000000001
0.00013452099999999999
0.000138789
0.00013907000000000001
0.00013663300000000002
0.00013593900000000001
0.00013974200000000002
0.000140316
0.00013448800000000002
0.000138854
0.00010474900000000001
0.00013076100000000002
0.000120946
9.9138000000000012e-05
0.000136005
0.000109115
0.00012720800000000002
0.000109852
0.00010226900000000001
0.00011707800000000001
0.00013423800000000001
0.00013414200000000002
0.00013574400000000001
0.000129722
0.00012578900000000001
0.00012637400000000001
0.00012667700000000001
0.000125854
0.000126959
0.00012658
0.000127176
0.00012598400000000002
0.000125182
0.000151118
0.000133762
0.000135203
0.00012606
0.00013574400000000001
0.000136124
0.000136265
0.000134824
0.0001362
0.00015674000000000002
0.00013492200000000002
0.00013645900000000002
0.00013685000000000002
0.00013531100000000002
0.000135105
0.00013643800000000001
0.00016496300000000001
0.00015458400000000001
0.00012948300000000001
0.00012699100000000002
0.00012676399999999999
0.00012598400000000002
0.00012668800000000002
0.000127002
0.00012619000000000001
0.00012615700000000001
0.00012986200000000001
0.000137207
0.000133664
0.00013676300000000001
0.00013392500000000002
0.00012764100000000001
0.00015765000000000001
0.000127284
0.00016108100000000001
0.0001106
0.000106971
0.00012654700000000002
0.000214787
0.000134726
0.00013828000000000001
0.00014433600000000001
0.000135561
0.00013571200000000002
0.00013505100000000002
0.00013636200000000001
0.00013579800000000002
0.000161929
0.00013912500000000001
0.000137727
0.000144
0.00013754300000000001
0.000138009
0.00065909600000000007
0.00013513800000000001
0.000138973
0.00013581000000000002
0.000136081
0.000139894
0.00014026200000000002
0.000139276
0.00014066300000000002
0.00013943900000000002
0.00015532100000000001
0.00013659000000000002
0.000140999
0.00017772
9.8239000000000006e-05
9.8261e-05
9.8228000000000009e-05
9.8380000000000003e-05
9.8055000000000009e-05
9.8087000000000011e-05
9.7795000000000008e-05
9.8033000000000001e-05
9.7784000000000011e-05
9.7795000000000008e-05
9.7805000000000003e-05
9.8206000000000001e-05
9.8358000000000009e-05
9.8152000000000005e-05
9.8098000000000008e-05
9.8857000000000006e-05
9.8249000000000001e-05
9.8326000000000007e-05
0.00011866000000000001
9.7979000000000005e-05
9.8521000000000001e-05
9.7752000000000009e-05
0.00010944100000000001
9.7805000000000003e-05
9.7903000000000001e-05
9.7924000000000006e-05
9.7817000000000002e-05
0.00011317800000000001
0.00012849700000000001
0.00012922300000000001
0.00013079399999999999
0.00010038400000000001
0.00014989300000000001
0.000113579
0.00012653600000000001
0.00011250700000000001
0.00012744700000000001
0.00017104300000000001
0.00013157300000000001
0.00020808100000000002
0.00013260300000000002
0.000278239
0.00045877000000000005
0.000129364
0.000148355
0.00013029600000000001
0.00014104300000000001
0.00018964200000000001
0.00018525400000000001
0.00013568
0.00013521300000000002
0.00013470500000000002
0.00013706600000000001
0.000136687
0.000135962
0.00013486700000000002
0.000134055
0.000144671
0.00014062000000000002
0.00013141100000000001
0.000130371
0.000138811
0.00015549500000000001
0.00013076200000000001
0.00013488900000000002
0.00013575500000000002
0.000136503
0.000136005
0.00013387000000000002
0.00013491000000000002
0.00013478000000000001
0.00013655700000000001
0.00013264600000000002
0.000258056
0.000135084
0.00013306900000000001
0.000139894
0.000159557
0.000136329
0.00013649200000000002
0.00013559300000000001
0.000136709
0.00021397400000000002
0.00063390500000000004
0.00013542
0.00013573400000000001
0.00013486700000000002
0.000136525
0.00016503900000000002
0.00013526800000000002
0.000142819
0.00013493200000000002
0.000133058
0.00013359999999999999
0.000157682
0.00013408700000000002
0.000137348
0.00013334000000000002
0.00013370800000000001
0.00013733700000000002
0.00013544100000000001
0.00013488900000000002
0.00013603700000000001
0.00015843000000000001
0.000143079
0.00013491000000000002
0.00032026
0.00012252700000000001
0.000152981
0.00010023200000000001
9.7762000000000004e-05
0.000121878
9.7751000000000007e-05
9.8011000000000007e-05
9.7816e-05
9.8065000000000004e-05
9.8109000000000005e-05
9.8336000000000002e-05
9.8282000000000005e-05
9.7578000000000007e-05
9.7719000000000004e-05
9.7762000000000004e-05
0.00011830300000000001
9.7925000000000009e-05
9.7665000000000008e-05
0.00011830200000000001
0.00010242000000000001
0.00010335200000000001
9.7698000000000012e-05
9.7654000000000011e-05
9.7935000000000003e-05
9.7881000000000007e-05
9.8185000000000009e-05
9.8163000000000002e-05
9.8336000000000002e-05
9.8055000000000009e-05
9.8087000000000011e-05
9.7719000000000004e-05
9.7892000000000004e-05
9.7838000000000008e-05
9.7881000000000007e-05
9.7405000000000007e-05
9.7675000000000002e-05
9.7708000000000007e-05
0.00011833500000000001
9.8077000000000003e-05
9.7751000000000007e-05
0.00013837700000000002
9.9387000000000002e-05
9.7968000000000008e-05
9.7903000000000001e-05
0.00014694600000000001
0.00013198600000000001
0.00014271100000000001
9.8152000000000005e-05
0.00011478200000000001
9.8391e-05
9.7773000000000001e-05
9.7892000000000004e-05
9.7719000000000004e-05
9.769700000000001e-05
9.752400000000001e-05
9.7686e-05
0.00011742500000000001
9.8054000000000007e-05
9.7654000000000011e-05
9.8120000000000002e-05
9.8217000000000012e-05
9.8693000000000012e-05
9.8055000000000009e-05
9.8293000000000002e-05
9.8184000000000007e-05
9.8022000000000004e-05
9.8087000000000011e-05
9.769700000000001e-05
9.7903000000000001e-05
9.7762000000000004e-05
9.7827000000000011e-05
9.7913000000000009e-05
9.7773000000000001e-05
9.7643e-05
9.7968000000000008e-05
9.7784000000000011e-05
9.8033000000000001e-05
9.8130999999999999e-05
0.00014101000000000001
9.8141000000000008e-05
9.7946e-05
9.8065000000000004e-05
9.7827000000000011e-05
9.7892000000000004e-05
9.7925000000000009e-05
9.7773000000000001e-05
9.7405000000000007e-05
9.7469000000000012e-05
9.7633000000000005e-05
9.7838000000000008e-05
9.7903000000000001e-05
0.00011207400000000001
0.00010050300000000001
0.00010278900000000001
9.8553000000000003e-05
9.8379000000000001e-05
9.844500000000001e-05
9.8130000000000011e-05
9.8044000000000012e-05
9.8120000000000002e-05
0.00012005700000000001
9.8261e-05
9.7914000000000012e-05
0.00011259300000000001
9.7892000000000004e-05
9.7502000000000003e-05
9.7610000000000009e-05
9.7502000000000003e-05
9.7860000000000002e-05
9.7881000000000007e-05
9.7914000000000012e-05
9.8066000000000006e-05
9.8444000000000008e-05
9.7849000000000005e-05
9.7643e-05
9.7903000000000001e-05
9.800000000000001e-05
9.8109000000000005e-05
0.00015029400000000001
9.8098000000000008e-05
9.7849000000000005e-05
0.000117978
9.8087000000000011e-05
9.7924000000000006e-05
9.7903000000000001e-05
9.8217000000000012e-05
9.8434e-05
9.8336000000000002e-05
9.8412000000000006e-05
9.8380000000000003e-05
9.8401000000000009e-05
9.8033000000000001e-05
9.8120000000000002e-05
9.8336000000000002e-05
9.8119e-05
9.7611000000000011e-05
9.7729000000000012e-05
9.8023000000000007e-05
9.7729000000000012e-05
9.769700000000001e-05
9.7535000000000007e-05
9.7860000000000002e-05
0.00011724100000000001
9.8120000000000002e-05
9.8011000000000007e-05
9.814200000000001e-05
9.8607e-05
9.8390000000000012e-05
9.7958e-05
9.8196000000000006e-05
9.7794000000000006e-05
9.801200000000001e-05
9.7654000000000011e-05
9.7762000000000004e-05
9.7545000000000002e-05
9.7708000000000007e-05
9.7481000000000011e-05
0.000140533
9.7762000000000004e-05
0.000149135
0.000112539
9.8141000000000008e-05
9.7827000000000011e-05
0.00011964600000000001
0.00010322300000000001
0.000126861
0.00015423800000000001
0.00013653500000000002
0.00013824800000000002
0.00014025100000000001
0.00013926500000000002
0.000137272
0.000184625
0.000141736
0.00013966600000000001
0.000137911
0.000136243
0.000139276
0.000141996
0.00014135600000000001
0.00014195200000000001
0.000142299
0.00015999000000000002
0.000140588
0.00014998
0.00012280900000000001
9.8130999999999999e-05
9.7589000000000004e-05
9.7556000000000013e-05
9.8001000000000013e-05
0.00011850800000000001
9.7752000000000009e-05
9.7654000000000011e-05
9.787000000000001e-05
9.8250000000000003e-05
9.7914000000000012e-05
9.8260000000000011e-05
9.8412000000000006e-05
9.801200000000001e-05
9.7903000000000001e-05
9.8098000000000008e-05
9.8130999999999999e-05
9.8130999999999999e-05
9.7654000000000011e-05
9.8065000000000004e-05
0.00011370900000000001
9.7849000000000005e-05
0.00011759900000000001
9.8022000000000004e-05
9.7632000000000003e-05
9.8153000000000007e-05
9.801200000000001e-05
9.8293000000000002e-05
9.8499000000000007e-05
9.8716000000000008e-05
9.8228000000000009e-05
9.8054000000000007e-05
9.7990000000000002e-05
9.7741000000000012e-05
9.817300000000001e-05
9.7816e-05
0.000179447
0.00013846300000000002
0.000137109
0.00013807400000000002
0.00013717500000000001
0.00013768400000000001
0.00013639500000000001
0.000136308
0.00013842100000000001
0.00013551700000000001
0.00013740200000000001
0.000143924
9.8163000000000002e-05
9.7654000000000011e-05
0.00012101100000000001
9.8109000000000005e-05
9.8153000000000007e-05
9.7990000000000002e-05
9.8011000000000007e-05
9.8120000000000002e-05
9.7589000000000004e-05
0.00010291900000000001
0.00010036200000000001
9.800000000000001e-05
9.7946e-05
9.8337000000000004e-05
9.8249000000000001e-05
9.8467000000000004e-05
9.804300000000001e-05
9.8271000000000008e-05
9.7990000000000002e-05
0.00010191100000000001
0.00012672000000000001
0.000108368
0.00015512600000000001
0.00014622600000000001
9.8087000000000011e-05
0.00010805500000000001
0.000143642
0.000181034
0.000130545
0.000130025
0.00012997
0.00012986200000000001
0.00012998100000000001
0.00012934200000000001
0.00012929900000000001
0.000115204
0.00011692600000000001
0.00014744500000000001
0.00012954700000000001
0.00012932000000000002
0.00012900700000000002
0.000129321
0.00014348
0.00012105400000000001
0.000112485
0.000127403
9.9843000000000013e-05
0.000102323
0.000100709
9.8521000000000001e-05
0.00010060000000000001
0.00010028600000000001
0.00014152900000000002
0.000129667
0.00014276500000000002
0.00013653500000000002
0.00011879000000000001
0.00010628800000000001
0.00010213900000000001
9.7568000000000012e-05
0.00012763100000000001
9.988500000000001e-05
0.00010185700000000001
9.8098000000000008e-05
9.7958e-05
9.8705000000000011e-05
0.00015022900000000001
0.00015677200000000001
0.00014744500000000001
0.00017062800000000001
0.00013627500000000002
0.00013801900000000002
0.00013921100000000001
0.00014543000000000002
0.000138963
0.00013958000000000002
0.00014052200000000002
0.00018921900000000002
0.00014785700000000002
0.00013872400000000001
0.00013851800000000002
0.000140674
0.00013990400000000002
0.00015000200000000002
0.00014679500000000002
0.00014068500000000001
0.000140641
0.00013942800000000001
0.00013917900000000002
0.000138367
0.00013914600000000001
0.000155592
0.00016577600000000002
0.00014046800000000001
0.00014021900000000002
0.00014655700000000001
0.00013978600000000001
0.00013985000000000001
0.00013951500000000002
0.00013962300000000001
0.00013910300000000001
0.00013917900000000002
0.000138138
0.00014471500000000001
0.00013868000000000002
0.00013832300000000001
0.000138269
0.00016630600000000002
0.000137792
0.00013667700000000001
0.00014543000000000002
0.00016923100000000002
0.00013978500000000002
0.00014089000000000001
0.00014742300000000001
0.000140739
0.000139915
0.000139927
0.00014629700000000001
0.000139266
0.00013936300000000001
0.00016902600000000002
0.00013679600000000001
0.00013820400000000001
0.000138854
0.000145408
0.00013798800000000002
0.000138453
0.00013689300000000002
0.000144802
0.00013802000000000001
0.00013913600000000002
0.000140717
0.00014775900000000002
0.000141108
0.00013745600000000002
0.00013790000000000002
0.00016263400000000002
0.000139438
0.00014877800000000002
0.000146296
0.00013737000000000002
0.00013851800000000002
0.00013912500000000001
0.00014609100000000002
0.000138324
0.00015668600000000001
0.00013822500000000001
0.00014617700000000002
0.000136904
0.000137434
0.000139894
0.00016249300000000002
0.00013999100000000001
0.00014108500000000002
0.000147379
0.000138269
0.00013943900000000002
0.000145604
0.000146556
0.00013467200000000001
0.000120772
0.00010716600000000001
9.7828000000000013e-05
0.000100579
9.8076000000000001e-05
9.8152000000000005e-05
9.8022000000000004e-05
9.8380000000000003e-05
0.000141194
9.8206000000000001e-05
9.787000000000001e-05
9.8022000000000004e-05
9.8087000000000011e-05
9.910600000000001e-05
9.7795000000000008e-05
9.7437000000000009e-05
9.8098000000000008e-05
0.00012113000000000001
0.00014350100000000001
0.00013851800000000002
0.00013831300000000002
0.000141898
0.000147455
0.000140512
0.00015849500000000001
0.00016190700000000001
0.000161702
0.00014622100000000001
0.00015341400000000002
0.00016388000000000001
0.00020538300000000001
0.000138572
0.00014611300000000002
0.00013844200000000001
0.00013784600000000001
0.00016454000000000002
0.00014567900000000001
0.000164649
0.00013813900000000001
0.00016901500000000001
0.00013640600000000002
0.000137207
0.00013858300000000001
0.00014503000000000001
0.00014075000000000001
0.000141335
0.000140598
0.000165353
0.00013960100000000002
0.00013916800000000001
0.00013914600000000001
0.00014553800000000002
0.00013900500000000002
0.000138887
0.00016073800000000001
0.000138713
0.00013882100000000002
0.00013859400000000002
0.000170001
0.00013943900000000002
0.00013623200000000002
0.00013567900000000001
0.00014369600000000001
0.000135604
0.00015581900000000002
0.00013766200000000001
0.000144401
0.00013728300000000001
0.00013627500000000002
0.00016928600000000002
0.00013773800000000002
0.00013575500000000002
0.00013685000000000002
0.00014675200000000002
0.00013837700000000002
0.00013719600000000002
0.000138128
0.00014031700000000002
0.000145592
0.000136687
0.000138832
0.00014609000000000001
0.000136243
0.000137825
0.000138551
0.00016494100000000002
0.00013677400000000002
0.00013344800000000001
0.00013649300000000001
0.00013578800000000002
0.00013614500000000001
0.00013619900000000002
0.00015706500000000001
0.000154964
0.000137403
0.00013767400000000001
0.00014570100000000001
0.00013738000000000002
0.00013648100000000001
0.00013648100000000001
0.000166739
0.00013596100000000001
0.000138085
0.00013702300000000001
0.00014372900000000002
0.000135506
0.00013623200000000002
0.00013544100000000001
0.00014434700000000002
0.000136687
0.00013754300000000001
0.000145344
0.00013844200000000001
0.000138474
0.00014190900000000001
0.00015678300000000002
0.00013561500000000001
0.00013982900000000001
0.00013533300000000001
0.00014299200000000002
0.000152461
0.00013579800000000002
0.00013592900000000002
0.00014212600000000001
0.00013611300000000002
0.00013715300000000002
0.00013649200000000002
0.000143869
0.00013544100000000001
0.000153566
0.00016570000000000002
0.000136188
0.00013719600000000002
0.000134824
0.000145289
0.00013743500000000001
0.00013802000000000001
0.000136351
0.000137587
0.000135582
0.00013951500000000002
0.00013184500000000001
0.00022186100000000001
0.00018451800000000002
0.00014153000000000001
0.00013867
0.00013876700000000001
0.00013995900000000002
0.000131953
0.000103992
9.769700000000001e-05
9.7675000000000002e-05
9.7599000000000012e-05
9.7643e-05
0.000101359
9.7557000000000001e-05
9.7957000000000011e-05
9.7881000000000007e-05
0.000158896
0.000137315
0.000136503
0.00013611300000000002
0.000135539
0.000160445
0.00013644900000000002
0.00013568
0.00015541900000000001
0.00013522400000000001
0.000133979
0.00013377300000000001
0.00013165
0.00014194200000000002
0.00013678400000000001
0.00015907000000000001
0.00013475800000000001
0.000133903
0.00013532300000000002
0.00013427100000000002
0.000153685
0.00014044700000000001
0.00013479200000000001
0.000131791
0.000132473
0.00013061
0.00013224500000000002
0.00013257000000000001
0.00013243
0.00014054400000000002
0.00013234300000000002
0.00015726100000000001
0.000132841
0.00013194200000000002
0.00013223400000000001
0.000132473
0.00014098800000000001
0.00013230000000000002
0.000130999
0.000130815
0.00012974200000000002
0.000129894
0.00013040400000000001
0.00013036100000000001
0.00013112900000000001
0.000142559
0.00013500800000000002
0.00016003400000000001
0.00013640500000000001
0.00013387000000000002
0.000146773
0.000136558
0.00013740200000000001
0.00013517
0.00016161500000000002
0.000134239
0.000136427
0.00013257000000000001
0.000131249
0.000130567
0.00013901700000000001
0.000130772
0.000157033
0.000135907
0.00013551700000000001
0.00013519200000000002
0.00013329600000000001
0.00013517
0.000136157
0.00013703400000000002
0.00013387100000000001
0.00013533300000000001
0.000136384
0.00013220200000000002
0.00013570100000000001
0.00013671900000000002
0.00014463900000000001
0.00013653500000000002
0.000171409
0.000136861
0.000136818
0.00013699100000000002
0.00013665500000000001
0.000136048
0.00014393500000000001
0.00013691500000000001
0.00013597200000000002
0.000136243
0.000135821
0.00013457400000000002
0.00013403300000000001
0.000139818
0.00013444500000000002
0.000160619
0.00013396800000000002
0.00013535500000000001
0.00013451000000000001
0.000134272
0.00013557100000000002
0.000136427
0.000154096
0.000132636
0.00013304700000000002
0.000131867
0.00013355600000000001
0.000133242
0.000132581
0.00034386799999999999
0.00015428100000000001
0.000127565
0.00012738100000000001
0.00011414200000000001
9.7491000000000006e-05
9.800000000000001e-05
9.769700000000001e-05
9.7990000000000002e-05
9.7881000000000007e-05
9.8055000000000009e-05
9.7903000000000001e-05
9.8217000000000012e-05
9.7849000000000005e-05
9.8531000000000009e-05
9.7979000000000005e-05
0.00013487800000000001
9.8358000000000009e-05
0.000118584
9.7858999999999999e-05
9.7892000000000004e-05
9.7805000000000003e-05
9.7448000000000006e-05
9.7632000000000003e-05
9.7383000000000013e-05
9.7773000000000001e-05
9.7610000000000009e-05
9.787000000000001e-05
9.7762000000000004e-05
9.7979000000000005e-05
9.8022000000000004e-05
9.8163000000000002e-05
9.8108000000000003e-05
9.8011000000000007e-05
0.000118443
9.8325000000000005e-05
0.00013601500000000002
9.7990000000000002e-05
9.7480000000000009e-05
9.7751000000000007e-05
9.7588000000000001e-05
9.7751000000000007e-05
9.7805000000000003e-05
9.7675000000000002e-05
9.7881000000000007e-05
9.7773000000000001e-05
9.8109000000000005e-05
9.8055000000000009e-05
9.8391e-05
9.7936000000000006e-05
9.7698000000000012e-05
9.7751000000000007e-05
0.00011277700000000001
9.8195000000000004e-05
9.7806000000000005e-05
9.7611000000000011e-05
0.000117014
9.7492000000000008e-05
9.7523000000000008e-05
9.7621000000000006e-05
9.7404000000000005e-05
9.7816e-05
9.7794000000000006e-05
9.8065000000000004e-05
9.7827000000000011e-05
9.8044000000000012e-05
9.7600000000000001e-05
9.7892000000000004e-05
9.7784000000000011e-05
9.7730000000000001e-05
9.7936000000000006e-05
9.7838000000000008e-05
9.7546000000000004e-05
9.7708000000000007e-05
9.7751000000000007e-05
9.7480000000000009e-05
0.000106624
0.00012413100000000001
9.8358000000000009e-05
9.8130000000000011e-05
9.8532000000000011e-05
9.8260000000000011e-05
9.8802000000000007e-05
9.8390000000000012e-05
9.7989e-05
9.800000000000001e-05
9.7957000000000011e-05
9.8217000000000012e-05
9.7588000000000001e-05
9.7719000000000004e-05
9.7708000000000007e-05
9.7762000000000004e-05
9.756700000000001e-05
9.7698000000000012e-05
9.7708000000000007e-05
9.7968000000000008e-05
9.7816e-05
9.7730000000000001e-05
9.7968000000000008e-05
0.00011771800000000001
9.8120000000000002e-05
9.7556000000000013e-05
9.7936000000000006e-05
9.7957000000000011e-05
9.8054000000000007e-05
9.7708000000000007e-05
9.7427000000000001e-05
9.7718000000000002e-05
9.7806000000000005e-05
9.7643e-05
9.7307000000000009e-05
9.7805000000000003e-05
9.7708000000000007e-05
9.7762000000000004e-05
9.7881000000000007e-05
9.7990000000000002e-05
0.00013275400000000001
9.8130999999999999e-05
0.00011864900000000001
9.7740000000000009e-05
9.7784000000000011e-05
0.00013387100000000001
9.7784000000000011e-05
9.7752000000000009e-05
9.7654000000000011e-05
9.7914000000000012e-05
9.7621000000000006e-05
9.7621000000000006e-05
9.7611000000000011e-05
9.7719000000000004e-05
9.7729000000000012e-05
9.7979000000000005e-05
9.7860000000000002e-05
9.8195000000000004e-05
9.7871000000000012e-05
9.7914000000000012e-05
9.8109000000000005e-05
9.7860000000000002e-05
9.7794000000000006e-05
0.000118195
9.7686e-05
9.7816e-05
9.8044000000000012e-05
9.7806000000000005e-05
9.7686e-05
9.7686e-05
9.7903000000000001e-05
9.7979000000000005e-05
9.8109000000000005e-05
9.8283000000000008e-05
9.8423000000000003e-05
0.00011237600000000001
0.00012932000000000002
9.8358000000000009e-05
9.8098000000000008e-05
0.00015297000000000002
9.7913000000000009e-05
9.7947000000000003e-05
9.7936000000000006e-05
9.7925000000000009e-05
0.00011781500000000001
9.7849000000000005e-05
9.756700000000001e-05
0.00023819200000000003
0.00019739400000000001
0.00012813900000000001
0.00012965600000000002
0.00013014400000000001
0.00010602800000000001
0.00012895199999999999
0.00014190900000000001
0.00010221400000000001
9.8076000000000001e-05
9.7838000000000008e-05
9.7957000000000011e-05
9.7784000000000011e-05
9.7935000000000003e-05
0.000125637
0.000139856
0.00011334100000000001
9.7946e-05
9.7730000000000001e-05
9.8207000000000003e-05
9.8358000000000009e-05
9.8336000000000002e-05
9.8369000000000006e-05
9.7935000000000003e-05
9.7946e-05
9.7827000000000011e-05
0.00014833400000000002
9.7806000000000005e-05
9.7665000000000008e-05
9.7740000000000009e-05
0.00010395900000000001
0.000105779
9.7557000000000001e-05
0.00012082700000000001
9.7989e-05
9.756700000000001e-05
9.7935000000000003e-05
9.7968000000000008e-05
9.8586000000000008e-05
9.8011000000000007e-05
9.7795000000000008e-05
9.7838000000000008e-05
9.7762000000000004e-05
9.7763000000000006e-05
9.7513e-05
9.7621000000000006e-05
9.7881000000000007e-05
9.7925000000000009e-05
9.7653000000000008e-05
9.7914000000000012e-05
9.7806000000000005e-05
9.7762000000000004e-05
9.7978000000000003e-05
9.7957000000000011e-05
9.8033000000000001e-05
0.000117664
0.00010976600000000001
0.00012142300000000001
0.000102497
9.8217000000000012e-05
9.8044000000000012e-05
9.7458000000000001e-05
9.7653999999947061e-05
9.7741000000000012e-05
9.769700000000001e-05
0.00014505100000000002
9.7599000000000012e-05
9.7849000000000005e-05
9.8011000000000007e-05
9.7828000000000013e-05
9.8217000000000012e-05
9.7719000000000004e-05
9.8217000000000012e-05
9.8239000000000006e-05
9.7968000000000008e-05
0.000116353
9.9777000000000004e-05
9.7806000000000005e-05
9.8022000000000004e-05
0.00011505300000000001
9.7740000000000009e-05
0.00011263700000000001
0.000148398
0.00014016400000000002
0.000132917
0.00013533300000000001
0.000133545
0.000138052
0.00013363200000000001
0.00013578800000000002
0.00013737000000000002
0.00013792200000000001
0.00013368600000000002
0.00014694600000000001
0.00013044700000000001
0.00013749900000000002
0.00013022000000000001
0.000133762
0.000152211
0.00013007900000000001
0.00013527800000000001
0.00013473700000000001
0.000133719
0.00013417400000000001
0.000134802
0.00013775900000000002
0.00013844200000000001
0.000136969
0.000162471
0.00013674100000000001
0.000145279
0.00013747800000000001
0.000138128
0.000137933
0.00013743500000000001
0.00013676300000000001
0.00014381600000000001
0.000131259
0.000135702
0.000136926
0.000136742
0.000145029
0.000143079
0.000165093
0.00013898400000000001
0.00014049000000000001
0.00015373900000000001
0.00013767300000000002
0.00013741300000000002
0.000158603
0.000132831
0.00013436900000000001
0.00013154200000000001
0.000131216
0.00013179000000000001
0.000133058
0.00013285200000000001
0.00013817200000000002
0.000139309
0.00016378200000000001
0.00013939600000000002
0.00014696800000000001
0.00013936300000000001
0.00045401800000000004
0.00027355900000000004
0.000273515
0.00014705500000000002
0.00013555000000000002
0.000135604
0.00013541900000000001
0.00015421600000000002
0.00013594
0.00015056500000000002
9.800000000000001e-05
9.7805000000000003e-05
9.8163000000000002e-05
9.7979000000000005e-05
9.8206000000000001e-05
9.8130000000000011e-05
9.7805000000000003e-05
9.7860000000000002e-05
9.7751000000000007e-05
9.7675000000000002e-05
9.7860000000000002e-05
9.7264000000000009e-05
9.7415000000000002e-05
9.7925000000000009e-05
9.8022000000000004e-05
9.7730000000000001e-05
9.7665000000000008e-05
9.8055000000000009e-05
9.7979000000000005e-05
0.00010089300000000001
9.8077000000000003e-05
0.00011820500000000001
9.8347000000000012e-05
9.7805000000000003e-05
9.7935000000000003e-05
9.8130000000000011e-05
9.8337000000000004e-05
9.8044000000000012e-05
9.7806000000000005e-05
9.7708000000000007e-05
0.00011332000000000001
9.7708000000000007e-05
9.7621000000000006e-05
9.756700000000001e-05
9.7871000000000012e-05
9.8207000000000003e-05
0.000109506
9.8109000000000005e-05
9.8456000000000007e-05
9.7990000000000002e-05
9.7848000000000002e-05
9.8044000000000012e-05
0.00011671000000000001
9.827200000000001e-05
9.7686e-05
9.7958e-05
9.7708000000000007e-05
9.7893000000000006e-05
9.7752000000000009e-05
9.7935000000000003e-05
9.7968000000000008e-05
9.8271000000000008e-05
9.7979000000000005e-05
9.8390000000000012e-05
9.8217000000000012e-05
9.8704000000000009e-05
9.8336000000000002e-05
9.8217000000000012e-05
9.8120000000000002e-05
9.8163000000000002e-05
9.8250000000000003e-05
9.7925000000000009e-05
9.7741000000000012e-05
9.7871000000000012e-05
0.00011684000000000001
9.7708000000000007e-05
9.7925000000000009e-05
9.7437000000000009e-05
9.7881000000000007e-05
9.8141000000000008e-05
9.8185000000000009e-05
9.8087000000000011e-05
9.8693000000000012e-05
9.7838000000000008e-05
9.7589000000000004e-05
9.7838000000000008e-05
0.00010603900000000001
9.8054000000000007e-05
9.8087000000000011e-05
9.7903000000000001e-05
9.7838000000000008e-05
9.7989e-05
9.7827000000000011e-05
9.7513e-05
9.7492000000000008e-05
9.7925000000000009e-05
0.00011624500000000001
9.8250000000000003e-05
9.8119e-05
9.8228000000000009e-05
9.8130999999999999e-05
9.8077000000000003e-05
9.804300000000001e-05
9.801200000000001e-05
9.8033000000000001e-05
9.7730000000000001e-05
9.7686e-05
9.7762000000000004e-05
9.8076000000000001e-05
9.7827000000000011e-05
9.769700000000001e-05
9.8109000000000005e-05
9.8066000000000006e-05
9.8054000000000007e-05
9.8196000000000006e-05
9.8109000000000005e-05
9.8553000000000003e-05
9.8001000000000013e-05
0.00011714300000000001
9.7892000000000004e-05
0.00011272400000000001
9.7838000000000008e-05
9.7806000000000005e-05
9.7643e-05
9.7643e-05
9.7936000000000006e-05
0.00013477000000000001
9.7871000000000012e-05
9.7772000000000012e-05
9.7718000000000002e-05
9.7903000000000001e-05
9.7947000000000003e-05
9.7903000000000001e-05
9.8304000000000013e-05
9.7838000000000008e-05
9.7752000000000009e-05
9.7654000000000011e-05
9.7621000000000006e-05
9.8076000000000001e-05
0.00011727300000000001
9.7719000000000004e-05
9.7849000000000005e-05
9.7827000000000011e-05
9.7664000000000005e-05
9.7665000000000008e-05
9.7686e-05
9.8011000000000007e-05
9.8077000000000003e-05
9.8207000000000003e-05
9.8141000000000008e-05
9.8456000000000007e-05
9.7989e-05
9.8077000000000003e-05
0.00011814
9.7979000000000005e-05
9.787000000000001e-05
9.7838000000000008e-05
9.7914000000000012e-05
0.00010761000000000001
0.00012657900000000001
0.00015847300000000001
0.00013000300000000001
0.00012868100000000001
0.00015708600000000002
0.000175515
0.00013698000000000001
0.00013780300000000001
0.00014598200000000001
0.000140316
0.00013351300000000001
0.00013633000000000002
0.000136666
0.00012464
0.000132917
0.00012418500000000002
9.7763000000000006e-05
0.00014118900000000001
9.8423000000000003e-05
9.8174000000000012e-05
9.8195000000000004e-05
9.8369000000000006e-05
9.8390000000000012e-05
9.8412000000000006e-05
9.8120000000000002e-05
9.8792000000000012e-05
9.8455000000000005e-05
9.8076000000000001e-05
0.000121564
9.8087000000000011e-05
9.7838000000000008e-05
9.7622000000000008e-05
9.7773000000000001e-05
9.7848000000000002e-05
0.000119462
0.000117837
9.7805000000000003e-05
9.7546000000000004e-05
9.8001000000000013e-05
0.00015888500000000002
9.8607e-05
9.8217000000000012e-05
9.8553000000000003e-05
9.8271000000000008e-05
9.801200000000001e-05
9.8293000000000002e-05
9.8585000000000006e-05
9.804300000000001e-05
9.8077000000000003e-05
9.8141000000000008e-05
9.8521000000000001e-05
9.8553000000000003e-05
9.7871000000000012e-05
9.8184000000000007e-05
9.8282000000000005e-05
9.8444000000000008e-05
0.00011772800000000001
9.8314000000000008e-05
9.8585000000000006e-05
9.8575000000000011e-05
9.8260000000000011e-05
9.8076000000000001e-05
9.8077000000000003e-05
9.8088e-05
9.8238000000000004e-05
9.7784000000000011e-05
9.8011000000000007e-05
9.8022000000000004e-05
9.7784000000000011e-05
9.7805000000000003e-05
9.8022000000000004e-05
9.801200000000001e-05
9.8109000000000005e-05
9.7947000000000003e-05
9.814200000000001e-05
9.8033000000000001e-05
9.8271000000000008e-05
9.8250000000000003e-05
0.00011658000000000001
0.000141216
9.7858999999999999e-05
9.8196000000000006e-05
9.7860000000000002e-05
9.7762000000000004e-05
9.7816e-05
9.8001000000000013e-05
0.00011689400000000001
0.00011440300000000001
9.8044000000000012e-05
9.8011000000000007e-05
9.7979000000000005e-05
9.8098000000000008e-05
0.000114283
9.883400000000001e-05
9.8185000000000009e-05
9.8141000000000008e-05
9.8044000000000012e-05
9.7881000000000007e-05
9.8423000000000003e-05
0.000117652
9.7881000000000007e-05
9.7741000000000012e-05
9.8001000000000013e-05
9.7448000000000006e-05
9.8098000000000008e-05
9.7849000000000005e-05
9.7816e-05
9.7903000000000001e-05
0.00010176
9.7990000000000002e-05
9.8413000000000008e-05
9.7946e-05
9.800000000000001e-05
9.8033000000000001e-05
9.8076000000000001e-05
9.8033000000000001e-05
9.7730000000000001e-05
9.7578000000000007e-05
0.00014469400000000001
9.8120000000000002e-05
0.00011833500000000001
9.7665000000000008e-05
9.7545000000000002e-05
9.7903000000000001e-05
9.7925000000000009e-05
9.817300000000001e-05
9.8337000000000004e-05
9.8358000000000009e-05
9.8152000000000005e-05
9.8098000000000008e-05
9.7903000000000001e-05
9.8109000000000005e-05
9.848800000000001e-05
9.8087000000000011e-05
9.7686e-05
9.7925000000000009e-05
9.7665000000000008e-05
9.7632000000000003e-05
9.7718000000000002e-05
9.7795000000000008e-05
9.7806000000000005e-05
9.8065000000000004e-05
0.00011707800000000001
9.8076000000000001e-05
9.8326000000000007e-05
9.8153000000000007e-05
9.8130999999999999e-05
9.8109000000000005e-05
0.0001184
9.8456000000000007e-05
0.00011247500000000001
9.7892000000000004e-05
9.8033000000000001e-05
0.00010801100000000001
0.00010158600000000001
0.00010146700000000001
0.00010475000000000001
0.000155885
0.000174935
0.00018376400000000002
0.00016474600000000001
0.00014167100000000001
0.000140154
0.00013962300000000001
0.00013960100000000002
0.000137923
0.00013595100000000001
0.00013311200000000001
0.00013259200000000001
0.000132884
0.00013230000000000002
0.00013220200000000002
0.00013238600000000002
0.000132354
0.000132354
0.00013263500000000001
0.00015584100000000001
0.000133187
0.000133578
0.00013267800000000001
0.00013202900000000001
0.00013276600000000001
0.00013257000000000001
0.00013276600000000001
0.00013268900000000002
0.00017136500000000001
0.00013204000000000002
0.00013207200000000001
0.00013189900000000002
0.000132115
0.000132397
0.00013186600000000001
0.000155809
0.00015659900000000002
0.000132831
0.00013320900000000002
0.000132039
0.000132311
0.00013190900000000001
0.00013234300000000002
0.00013220200000000002
0.000132321
0.000131736
0.00013274400000000002
0.000132137
0.000131855
0.00013206099999999999
0.00013215900000000002
0.00015394600000000002
0.000132538
0.00013302500000000002
0.00013322100000000002
0.00013283000000000001
0.00013190900000000001
0.00017434500000000001
0.00013272200000000002
0.00013286300000000002
0.00013257000000000001
0.000132559
0.000133101
0.00013191
0.000132516
0.00013266800000000001
0.00017192300000000001
0.00014706500000000002
0.00013662200000000001
0.00013964500000000001
0.000136666
0.000143523
0.00013743500000000001
0.00013811700000000002
0.000145625
0.00013608000000000001
0.00015643700000000002
0.00013627600000000001
0.00014517000000000002
0.00016036900000000002
0.000136806
0.000138042
0.00014431400000000001
0.00013640600000000002
0.00013757600000000001
0.00020326
0.000136785
0.00013801900000000002
0.00013776000000000001
0.00014512700000000002
0.00013643800000000001
0.000138052
0.00013761900000000001
0.000145191
0.000160142
0.00013695800000000001
0.000136589
0.00014383700000000001
0.00013798700000000001
0.00013784600000000001
0.00014513800000000001
0.00014405400000000001
0.00013601600000000001
0.00013772800000000002
0.000137229
0.000138269
0.00013798700000000001
0.00013675200000000002
0.00016540700000000001
0.00015956800000000001
0.000136568
0.00013767300000000002
0.00013789
0.00015668600000000001
0.00013692500000000001
0.00013777
0.000143394
0.000137424
0.00013747800000000001
0.000144683
0.000148658
0.00013916800000000001
0.00015783400000000001
0.00012971
0.00016094400000000002
0.00013022000000000001
0.00012915800000000001
0.000129472
0.00014365300000000002
0.00014775900000000002
0.000146513
0.00014653500000000002
0.00011097900000000001
0.00010997100000000001
0.00013877800000000002
0.000138236
0.000136828
0.00013723900000000002
0.00013880000000000001
0.00014720600000000001
0.00016593800000000002
0.00014962300000000001
0.000146265
0.000138973
0.00013836600000000001
0.00013820400000000001
0.000147131
0.00014082500000000002
0.00014024100000000001
0.00014003400000000001
0.00014797600000000002
0.00013832300000000001
0.00013790100000000001
0.00013791200000000002
0.00014745600000000002
0.000164334
0.000140696
0.000140956
0.00014776000000000001
0.000141108
0.00014110700000000002
0.00014643800000000001
0.000139612
0.00013939600000000002
0.00013824700000000001
0.00014697900000000002
0.000139049
0.00013813900000000001
0.000184193
0.00013818200000000001
0.00015588400000000001
0.00013233200000000001
0.00014130300000000001
0.00013149800000000002
0.000132387
0.00013123800000000002
0.00013954700000000001
0.00013707700000000002
0.00014117200000000001
0.000137825
0.000137391
0.00013676300000000001
0.00013882200000000001
0.000138832
0.00014371800000000001
0.000161724
0.00014065200000000001
0.000139071
0.000147813
0.00014188700000000002
0.00014013200000000001
0.00013938500000000001
0.00014898300000000002
0.000140013
0.000140414
0.000147987
0.00015690300000000001
0.00014043500000000001
0.00014050100000000002
0.000146947
0.00016348900000000001
0.000139472
0.00013872400000000001
0.00014642600000000001
0.000140619
0.000140078
0.00014567900000000001
0.00013822500000000001
0.000139147
0.000137174
0.00014758500000000002
0.00013917900000000002
0.000138042
0.000159395
0.00014923200000000001
0.00016324000000000002
0.000139894
0.00014852800000000001
0.00014118300000000002
0.00014076100000000002
0.00013929800000000002
0.00016600300000000002
0.00014105300000000001
0.00015185400000000001
0.00012615700000000001
9.8401000000000009e-05
9.7882000000000009e-05
9.8001000000000013e-05
9.8098000000000008e-05
0.000103991
0.000104165
9.7903000000000001e-05
0.00011802100000000001
9.7784000000000011e-05
9.787000000000001e-05
9.7416000000000004e-05
0.00010027500000000001
9.7589000000000004e-05
9.7675000000000002e-05
9.8098000000000008e-05
9.831500000000001e-05
0.00029089799999999999
0.00013321000000000001
0.000133404
0.000168603
0.00013765200000000002
0.00013522400000000001
0.00013059900000000001
0.00016927500000000001
0.00014375100000000001
0.00013921100000000001
0.000149937
0.000129147
0.00012867100000000002
0.000130068
0.000201234
0.00013373000000000001
0.00014311200000000001
0.000137012
0.00013083700000000002
0.000121076
9.9138000000000012e-05
0.00012759800000000001
0.000150197
0.000152948
0.0001362
0.00013545200000000002
0.00015779100000000001
0.00013607000000000002
0.00014306800000000002
0.000158083
0.00013591800000000001
0.000136026
0.00013633000000000002
0.000158994
0.00013601600000000001
0.00014419500000000001
0.00013578800000000002
0.000160218
0.000135539
0.00013626400000000001
0.000135301
0.00013588600000000002
0.000177281
0.00013547400000000001
0.00016719400000000001
0.00013473700000000001
0.00013543
0.00013544100000000001
0.00015746600000000001
0.000135236
0.000143924
0.00013582000000000001
0.00016272000000000001
0.00013583200000000001
0.00015996900000000001
0.00015393400000000002
0.000141812
0.00013596100000000001
0.000135062
0.00013521300000000002
0.00013518200000000002
0.000135582
0.00013543100000000001
0.000169383
0.00013514900000000002
0.00014311200000000001
0.00013531100000000002
0.00013526800000000002
0.000135723
0.00013587500000000001
0.00017604600000000001
0.00016919800000000002
0.00014279700000000001
0.00013472700000000001
0.000135258
0.000135647
0.000135463
0.00013514900000000002
0.000172666
0.00015573300000000002
0.00014354500000000002
0.00013529000000000001
0.00016320700000000001
0.00013545200000000002
0.00013640600000000002
0.000135723
0.000154833
0.00013514900000000002
0.000135203
0.000135625
0.00017247100000000002
0.00013500800000000002
0.00013492200000000002
0.00018533000000000002
0.00014276500000000002
0.00013453100000000002
0.000134759
0.00018877500000000002
0.00013517
0.00013578800000000002
0.00015834400000000001
0.00013527800000000001
0.00013569
0.000136005
0.00015720600000000001
0.000134585
0.00013542
0.00013562600000000002
0.00015710800000000001
0.00014263500000000001
0.000134509
0.000134759
0.00015658800000000001
0.00013486700000000002
0.00013539800000000001
0.000135723
0.000414845
0.00013794300000000002
0.00013627500000000002
0.00017711800000000001
0.000140013
0.000138171
0.00017624000000000001
0.000139818
0.00013822500000000001
0.00013574400000000001
0.00013732600000000001
0.000138453
0.00014544000000000002
0.00013597200000000002
0.00013860500000000001
0.00013716300000000001
0.00013599400000000001
0.00013769500000000002
0.000162905
0.00013945
0.00013765200000000002
0.00013672000000000001
0.00013840900000000001
0.00013832300000000001
0.00013675200000000002
0.000138994
0.00013754300000000001
0.000136947
0.00014628500000000001
0.00013938500000000001
0.000144444
0.00013838900000000002
0.000138973
0.00016263400000000002
0.00017945800000000002
0.00013688200000000001
0.00015726100000000001
0.00013922300000000001
0.000138085
0.000137792
0.00013841
0.000139536
0.00014608000000000001
0.00013909300000000002
0.000139331
0.000138529
0.00013194200000000002
0.00013232200000000001
0.00015567800000000002
0.00013110800000000001
0.00013134600000000001
0.00013055600000000002
0.00013113999999999999
0.00013344800000000001
0.00013751100000000002
0.00013833400000000002
0.00013705600000000001
0.00013751
0.00014549500000000002
0.000137489
0.00013767300000000002
0.000137933
0.00017781200000000001
0.00013781400000000002
0.00016072700000000002
0.00014539700000000002
0.000138486
0.000138539
0.000138009
0.000138269
0.000164995
0.00013751100000000002
0.00013771600000000002
0.00014552800000000002
0.00013647100000000002
0.00013670800000000001
0.000138128
0.00014235300000000001
0.00013806300000000001
0.00016275300000000002
0.00013856100000000002
0.00013667700000000001
0.00013854000000000001
0.000138648
0.00013700100000000001
0.000138756
0.00013777
0.00013925500000000002
0.000146286
0.00016316400000000001
0.00017608900000000001
0.000138615
0.000138811
0.00013902700000000001
0.00016138700000000001
0.000137348
0.00013821500000000002
0.000138854
0.00013881000000000001
0.00013811800000000001
0.00013888600000000001
0.00014535400000000002
0.00013859400000000002
0.00016229800000000001
0.00013828000000000001
0.00013924300000000002
0.000139775
0.00013886400000000002
0.00013803100000000002
0.00016187500000000002
0.00013892900000000001
0.00013794400000000001
0.00013790100000000001
0.000138367
0.000137868
0.000279874
0.000133535
0.00023923800000000002
0.00013410900000000001
0.000133459
0.000134065
0.000134618
0.00013399000000000001
0.000134401
0.00013437900000000001
0.00013382700000000002
0.00013457400000000002
0.00015383200000000001
9.8153000000000007e-05
9.7513e-05
9.8022000000000004e-05
9.7860000000000002e-05
9.7892000000000004e-05
9.7578000000000007e-05
9.7665000000000008e-05
9.7773000000000001e-05
9.7741000000000012e-05
9.7903000000000001e-05
9.8206000000000001e-05
9.8379000000000001e-05
9.8553000000000003e-05
0.00011337300000000001
9.8163000000000002e-05
9.8044000000000012e-05
9.7903000000000001e-05
9.8163000000000002e-05
0.00011819400000000001
9.8261e-05
9.7849000000000005e-05
9.8033000000000001e-05
9.7892000000000004e-05
0.00014828000000000001
9.8499000000000007e-05
9.8261e-05
9.8109000000000005e-05
9.8444000000000008e-05
9.8585000000000006e-05
9.8673000000000009e-05
9.8467000000000004e-05
9.8066000000000006e-05
9.8347000000000012e-05
9.8261e-05
9.8369000000000006e-05
9.8271000000000008e-05
9.8033000000000001e-05
9.8033000000000001e-05
9.7990000000000002e-05
0.00011768500000000001
9.8207000000000003e-05
9.801200000000001e-05
9.8076000000000001e-05
9.8218000000000001e-05
9.7957000000000011e-05
9.8325000000000005e-05
9.8239000000000006e-05
9.8564e-05
0.00011439200000000001
0.000123535
0.00012494400000000002
9.8402000000000011e-05
9.8033000000000001e-05
9.7914000000000012e-05
9.7881000000000007e-05
9.7914000000000012e-05
9.7892000000000004e-05
0.000110773
0.00012984000000000002
0.00012092500000000001
9.8759000000000008e-05
9.8510000000000004e-05
0.00014567900000000001
9.8770000000000005e-05
0.00012797700000000001
0.000102843
9.7968000000000008e-05
9.7718000000000002e-05
9.8023000000000007e-05
9.7523000000000008e-05
9.7795000000000008e-05
9.7621000000000006e-05
0.00011416400000000001
9.8130000000000011e-05
9.7784000000000011e-05
9.7708000000000007e-05
9.7805000000000003e-05
0.00012742500000000002
0.00012918000000000001
0.000173783
0.00013516
0.00012725100000000002
0.00013549600000000001
0.00013491100000000001
0.000134163
0.00013401100000000002
0.000133762
0.000134163
0.00013443400000000001
0.00013246300000000001
0.00013472700000000001
0.000134456
0.00013387000000000002
0.000159395
0.00019044400000000001
0.00014269900000000001
0.00013455300000000001
0.00013209300000000001
0.00013487800000000001
0.000159915
0.00013559300000000001
0.00013318800000000001
0.00013359999999999999
0.00013378400000000002
0.00013093500000000002
0.000134098
0.00013444500000000002
0.00013539800000000001
0.00015901500000000001
0.000133459
0.00014174700000000001
0.00020928300000000002
0.00013567900000000001
0.000141855
0.00025592099999999999
0.000136124
0.00013408700000000002
0.000133003
0.00015876600000000002
0.000133523
0.00013407600000000001
0.00017434500000000001
0.000157715
0.00016255800000000001
0.00045235900000000005
0.00012879000000000002
0.000131433
0.00011261500000000001
9.8532000000000011e-05
0.00012288500000000001
0.000134141
0.000136709
0.000116786
9.8271000000000008e-05
9.7957000000000011e-05
9.8282000000000005e-05
9.7957000000000011e-05
9.7556000000000013e-05
9.7729000000000012e-05
9.7740000000000009e-05
9.7881000000000007e-05
0.00012031700000000001
9.8184000000000007e-05
9.7806000000000005e-05
9.8271000000000008e-05
9.7935000000000003e-05
9.8553000000000003e-05
9.8412000000000006e-05
9.8402000000000011e-05
9.7740000000000009e-05
9.8098000000000008e-05
9.8152000000000005e-05
9.7968000000000008e-05
9.7979000000000005e-05
0.00014739000000000001
9.8044000000000012e-05
9.7643e-05
9.7535000000000007e-05
9.7751000000000007e-05
9.7990000000000002e-05
9.7914000000000012e-05
9.769700000000001e-05
0.00011764200000000001
9.8358000000000009e-05
9.8174000000000012e-05
9.8477000000000013e-05
9.8163000000000002e-05
9.8239000000000006e-05
9.8066000000000006e-05
9.7858999999999999e-05
9.7881000000000007e-05
9.7600000000000001e-05
9.7773000000000001e-05
9.7654000000000011e-05
9.769700000000001e-05
9.7676000000000005e-05
9.7643e-05
9.7708000000000007e-05
9.7664000000000005e-05
0.00010217100000000001
9.8076000000000001e-05
9.8228000000000009e-05
9.8510000000000004e-05
9.8380000000000003e-05
0.00013079399999999999
9.8217000000000012e-05
9.8066000000000006e-05
9.8044000000000012e-05
9.7729000000000012e-05
9.7935000000000003e-05
9.7968000000000008e-05
9.7946e-05
9.7882000000000009e-05
0.00013069700000000001
9.787000000000001e-05
9.8022000000000004e-05
9.8282000000000005e-05
9.8152000000000005e-05
9.8217000000000012e-05
9.8705000000000011e-05
9.8163000000000002e-05
9.8379000000000001e-05
9.7871000000000012e-05
9.787000000000001e-05
9.8001000000000013e-05
0.00011738100000000001
9.7858999999999999e-05
9.7784000000000011e-05
9.7730000000000001e-05
9.7730000000000001e-05
9.7632000000000003e-05
9.7643e-05
9.7936000000000006e-05
9.8076000000000001e-05
9.831500000000001e-05
9.8314000000000008e-05
9.8521000000000001e-05
9.8249000000000001e-05
9.7882000000000009e-05
9.827200000000001e-05
9.8467000000000004e-05
9.8336000000000002e-05
9.8152000000000005e-05
9.7903000000000001e-05
9.7936000000000006e-05
9.7578000000000007e-05
9.7968000000000008e-05
0.000116558
9.7903000000000001e-05
9.8217000000000012e-05
9.7858999999999999e-05
9.8250000000000003e-05
9.8401000000000009e-05
0.00013056600000000001
9.7882000000000009e-05
9.7892000000000004e-05
9.7740000000000009e-05
9.7838000000000008e-05
9.7990000000000002e-05
9.7416000000000004e-05
9.747e-05
9.7372000000000002e-05
9.7817000000000002e-05
0.000143046
9.8087000000000011e-05
9.7773000000000001e-05
9.8250000000000003e-05
9.7925000000000009e-05
0.000136709
9.8369000000000006e-05
9.8347000000000012e-05
9.7838000000000008e-05
9.8412000000000006e-05
9.787000000000001e-05
9.8055000000000009e-05
9.814200000000001e-05
9.7881000000000007e-05
9.7871000000000012e-05
9.7676000000000005e-05
9.7990000000000002e-05
0.000113417
9.7881000000000007e-05
9.7589000000000004e-05
9.7773000000000001e-05
9.7978000000000003e-05
9.7968000000000008e-05
9.8228000000000009e-05
0.000118974
9.800000000000001e-05
9.8185000000000009e-05
9.7979000000000005e-05
9.8184000000000007e-05
0.00014994700000000002
9.8206000000000001e-05
9.8119e-05
9.8336000000000002e-05
9.8098000000000008e-05
9.7773000000000001e-05
9.7903000000000001e-05
9.7924000000000006e-05
9.8011000000000007e-05
9.8336000000000002e-05
9.8585000000000006e-05
9.8303000000000011e-05
9.8694000000000001e-05
9.8401000000000009e-05
0.00014131300000000001
0.00017874300000000001
0.00012811700000000002
0.00012656900000000001
0.00010518300000000001
9.7935000000000003e-05
9.7599000000000012e-05
9.8022000000000004e-05
9.7946e-05
9.7849000000000005e-05
9.8033000000000001e-05
9.8195000000000004e-05
9.7719000000000004e-05
9.8022000000000004e-05
9.7784000000000011e-05
9.8184000000000007e-05
9.7860000000000002e-05
0.00011991700000000001
9.8239000000000006e-05
9.7979000000000005e-05
9.7903000000000001e-05
9.7773000000000001e-05
9.7882000000000009e-05
0.00013761900000000001
0.00010690600000000001
9.8011000000000007e-05
9.7936000000000006e-05
9.7643e-05
9.7827000000000011e-05
9.769700000000001e-05
9.8174000000000012e-05
9.7925000000000009e-05
9.8380000000000003e-05
9.8283000000000008e-05
9.7893000000000006e-05
9.7989e-05
9.8326000000000007e-05
9.8055000000000009e-05
0.000139536
0.00011719800000000001
0.00011089300000000001
9.8098000000000008e-05
9.8174000000000012e-05
9.7762000000000004e-05
9.7752000000000009e-05
9.7632000000000003e-05
9.7816e-05
9.8152000000000005e-05
9.8239000000000006e-05
9.8206000000000001e-05
9.7773000000000001e-05
9.7881000000000007e-05
9.7762000000000004e-05
9.7903000000000001e-05
9.8130000000000011e-05
9.7936000000000006e-05
9.7881000000000007e-05
9.7979000000000005e-05
9.769700000000001e-05
0.000121076
9.8218000000000001e-05
9.8022000000000004e-05
0.000145809
9.7892000000000004e-05
9.8066000000000006e-05
9.8088e-05
9.8574000000000009e-05
9.8066000000000006e-05
9.7783000000000009e-05
9.7979000000000005e-05
9.7611000000000011e-05
9.8185000000000009e-05
9.7718000000000002e-05
9.7806000000000005e-05
9.7730000000000001e-05
9.7914000000000012e-05
9.7752000000000009e-05
9.7513e-05
9.8066000000000006e-05
9.787000000000001e-05
9.769700000000001e-05
0.000118195
9.7936000000000006e-05
9.8239000000000006e-05
9.8228000000000009e-05
9.7773000000000001e-05
9.7849000000000005e-05
9.8098000000000008e-05
9.8141000000000008e-05
9.7643e-05
9.7589000000000004e-05
9.7946e-05
9.8033000000000001e-05
9.7860000000000002e-05
9.7881000000000007e-05
9.7903000000000001e-05
9.7849000000000005e-05
9.8033000000000001e-05
9.8412000000000006e-05
9.8239000000000006e-05
9.8337000000000004e-05
9.7860000000000002e-05
0.00015012000000000001
0.00011375300000000001
9.8033000000000001e-05
9.814200000000001e-05
9.7687000000000002e-05
9.7882000000000009e-05
9.769700000000001e-05
9.7729000000000012e-05
0.000117652
9.7871000000000012e-05
0.000100752
0.00012563600000000001
0.00010107700000000001
9.8153000000000007e-05
9.8152000000000005e-05
9.8716000000000008e-05
9.827200000000001e-05
9.7805000000000003e-05
9.7914000000000012e-05
9.8152000000000005e-05
9.7686e-05
0.00011974400000000001
9.8163000000000002e-05
9.7968000000000008e-05
9.8044000000000012e-05
9.8152000000000005e-05
9.8196000000000006e-05
9.8250000000000003e-05
9.831500000000001e-05
9.8077000000000003e-05
9.8628000000000005e-05
9.8716000000000008e-05
9.8531000000000009e-05
9.8683000000000004e-05
9.8141000000000008e-05
9.8434e-05
9.8521000000000001e-05
9.8607e-05
9.8119e-05
0.00013041500000000002
9.7957000000000011e-05
9.8174000000000012e-05
0.00011724100000000001
9.7654000000000011e-05
9.7502000000000003e-05
9.7708000000000007e-05
9.7935000000000003e-05
9.8206000000000001e-05
9.8077000000000003e-05
9.8260000000000011e-05
9.7860000000000002e-05
9.7773000000000001e-05
9.7611000000000011e-05
9.7946e-05
9.7816e-05
9.7838000000000008e-05
9.7708000000000007e-05
9.7752000000000009e-05
9.7523000000000008e-05
9.734e-05
9.7784000000000011e-05
9.7589000000000004e-05
0.00011680700000000001
0.00018064400000000001
0.000138875
0.00015832200000000002
0.000139851
0.00014088000000000002
0.00018261200000000002
0.00014858200000000002
0.00014900500000000001
0.00019525300000000002
0.00010041600000000001
0.00012998100000000001
9.8130999999999999e-05
9.8141000000000008e-05
0.000150099
0.000138529
0.00020840500000000002
9.8282000000000005e-05
0.00011805400000000001
9.8011000000000007e-05
0.0001106
9.8596000000000003e-05
0.00010497700000000001
9.8553000000000003e-05
0.00013341500000000001
0.00013089200000000002
0.000127966
0.000120859
0.00010957100000000001
9.7935000000000003e-05
9.7979000000000005e-05
9.7838000000000008e-05
9.7946e-05
9.8022000000000004e-05
9.7946e-05
9.8033000000000001e-05
0.00018823400000000001
0.00017071500000000002
0.000115605
0.00022276000000000002
9.7979000000000005e-05
9.8066000000000006e-05
9.8001000000000013e-05
9.804300000000001e-05
0.000121087
0.00011045900000000001
0.000119895
9.8109000000000005e-05
9.7914000000000012e-05
9.9192000000000008e-05
0.000141552
0.000132018
0.000134337
0.00013597200000000002
0.000132798
0.00015788800000000002
0.00013267900000000002
0.000131054
0.000132235
0.00018578500000000002
0.00013326400000000002
0.00013218100000000001
0.000134857
0.00014411900000000001
0.00014108600000000001
0.00013783600000000001
0.00014641600000000002
0.00014254800000000002
0.00014077100000000001
0.000138615
0.00015950200000000001
0.00013671900000000002
0.00013960100000000002
0.00013882200000000001
0.00026077500000000004
0.00014002400000000001
0.000140815
0.00014636100000000002
0.000140013
0.00020708400000000001
0.00013995900000000002
0.00013263500000000001
0.00020849200000000001
0.00057225100000000007
0.000136222
0.00013732600000000001
0.000156188
0.00013790100000000001
0.00014660000000000001
0.00013750000000000001
0.000137651
0.00021535
0.00013544100000000001
0.00013356700000000002
0.00013364200000000001
0.00016373900000000001
0.00014875500000000001
0.000140273
0.00014084700000000002
0.00014830100000000002
0.00013558300000000002
0.00013688200000000001
0.000140111
0.00014640500000000001
0.00013973100000000001
0.00014886400000000002
0.00014096600000000002
0.000137207
0.00014223400000000001
0.00013895200000000002
0.00016129100000000001
0.00013857300000000002
0.00013863700000000002
0.00014004600000000001
0.000141638
0.00014046800000000001
0.00014069500000000001
0.00013780300000000001
0.00014601500000000002
0.000138854
0.00013987200000000001
0.00030600500000000004
0.00026622200000000004
0.00015626600000000001
0.000124521
0.00012794400000000001
0.000124521
0.00014421600000000002
9.8239000000000006e-05
9.7871000000000012e-05
9.7858999999999999e-05
9.7990000000000002e-05
9.8141000000000008e-05
9.7957000000000011e-05
9.7957000000000011e-05
9.8055000000000009e-05
0.00012793400000000001
0.00013729400000000002
0.00013729400000000002
0.00016347900000000001
0.000137575
0.000138193
0.000137315
0.000136351
0.000137272
0.000138226
0.000136806
0.000137847
0.00013692500000000001
0.000145246
0.000134673
0.00013694800000000002
0.00013932000000000001
0.000149417
0.000161106
0.00013980700000000001
0.000139732
0.00013958000000000002
0.000139894
0.00013807400000000002
0.00013978600000000001
0.00013974200000000002
0.00013934200000000001
0.00014020800000000001
0.00014644900000000002
0.00013813900000000001
0.00013902700000000001
0.00022304100000000002
0.00013924400000000001
0.00016402100000000001
0.000137532
0.00014024
0.000139894
0.00014032700000000001
0.00028227800000000001
0.00013982900000000001
0.00013950400000000001
0.000142006
0.00014170300000000002
0.00019438700000000002
0.000138648
0.000153566
0.000139233
0.00013997
0.00014157300000000001
0.00013955900000000001
0.00016367400000000002
0.000163955
0.00013500800000000002
0.000137608
0.00013924400000000001
0.000141595
0.000139851
0.00013900500000000002
0.000139352
0.000139937
0.00014537600000000001
0.00013888600000000001
0.000137651
0.00013668800000000002
0.00013828000000000001
0.00013958000000000002
0.00016405300000000002
0.000139417
0.000157119
0.00013825800000000002
0.00018557900000000001
0.000139016
0.000140533
0.00014062000000000002
0.00013617800000000001
0.000145625
0.000145344
0.00013655700000000001
0.000137045
0.00013872400000000001
0.000139374
0.00015919900000000001
0.000130588
0.000133285
0.000136806
0.00013621
0.00013902700000000001
0.00013665500000000001
0.00013320900000000002
0.00013158500000000001
0.000136048
0.00011014500000000001
9.8553000000000003e-05
9.8196000000000006e-05
9.7871000000000012e-05
9.7816e-05
9.7687000000000002e-05
9.7762000000000004e-05
0.00011928800000000001
9.8022000000000004e-05
9.7968000000000008e-05
9.7534000000000005e-05
0.00015459600000000001
0.00034451800000000004
0.00013811700000000002
0.00030851400000000002
0.00020437500000000002
9.8423000000000003e-05
0.000127501
0.00012988400000000001
0.00013136800000000001
0.00013110800000000001
0.00010957100000000001
9.7794000000000006e-05
9.7903000000000001e-05
9.8391e-05
9.7903000000000001e-05
9.7773000000000001e-05
9.8098000000000008e-05
9.8314000000000008e-05
9.8174000000000012e-05
9.8423000000000003e-05
9.8325000000000005e-05
0.00012080500000000001
0.00011293
9.814200000000001e-05
9.7967000000000006e-05
9.8055000000000009e-05
9.7752000000000009e-05
9.7599000000000012e-05
9.7546000000000004e-05
9.7719000000000004e-05
9.7936000000000006e-05
0.00011105500000000001
0.000118324
9.8087000000000011e-05
9.8130000000000011e-05
9.7914000000000012e-05
9.8466000000000002e-05
9.8152000000000005e-05
9.8596000000000003e-05
9.8033000000000001e-05
9.7968000000000008e-05
9.7892000000000004e-05
0.000119061
9.8033000000000001e-05
9.7957000000000011e-05
9.7654000000000011e-05
9.7947000000000003e-05
9.7958e-05
9.7947000000000003e-05
9.7827000000000011e-05
9.8163000000000002e-05
9.7881000000000007e-05
9.7968000000000008e-05
9.8336000000000002e-05
0.00012594100000000002
0.000167324
0.00015260300000000002
0.00012147300000000001
0.000121273
0.00012287300000000001
0.000123712
0.000124103
0.000123423
0.00015624400000000002
0.00012398200000000002
0.000130963
9.0862000000000012e-05
9.0643000000000006e-05
9.0432000000000004e-05
9.0652000000000012e-05
9.0602000000000011e-05
9.1152000000000011e-05
0.00015796400000000002
0.00012534300000000001
0.00012162200000000001
0.00012351300000000001
0.00012367300000000001
0.00012401300000000002
0.000140173
0.00014631300000000002
0.00014997900000000001
0.00011262200000000001
9.0332000000000002e-05
9.0222000000000005e-05
9.0452000000000007e-05
9.076200000000001e-05
9.0602000000000011e-05
9.0582000000000008e-05
9.0672000000000002e-05
9.0582000000000008e-05
9.0312000000000012e-05
9.0572e-05
9.0482000000000005e-05
9.068200000000001e-05
9.021200000000001e-05
9.0482000000000005e-05
0.000120092
0.00010976200000000001
9.0282000000000001e-05
8.9962000000000004e-05
9.021200000000001e-05
9.0282000000000001e-05
9.021200000000001e-05
9.0392000000000011e-05
9.0352000000000005e-05
9.0781999999999999e-05
9.0602000000000011e-05
8.9962000000000004e-05
9.1202000000000012e-05
0.00010242300000000001
0.00012686300000000001
0.00013613300000000001
0.00012815300000000002
0.00012791300000000001
0.000128143
0.00012846300000000002
0.00015103300000000002
0.00012888300000000002
0.000128293
0.00012815300000000002
0.00012909300000000002
0.000128663
0.000129033
0.00012665300000000001
0.00014914300000000002
9.034200000000001e-05
0.00011862300000000001
0.00024979500000000003
0.00012842300000000001
0.00012796300000000001
0.00016456400000000002
0.00012862300000000002
0.00012831300000000002
0.00012885300000000001
0.00012804300000000002
0.00012827200000000002
0.000128193
0.000128773
0.00013157300000000001
0.000123063
0.00012235300000000001
0.000121903
0.00012233200000000001
0.000122003
0.00012214300000000001
0.00014255300000000002
0.00016275100000000001
0.000122743
0.00012266300000000001
0.00012243200000000001
0.000122373
0.00012260300000000002
0.00012241300000000001
0.00012306200000000001
0.00012308300000000001
0.000202365
0.000122633
0.00020361400000000002
0.000142643
0.00012165300000000001
0.00012220300000000001
0.000121793
0.00012180200000000001
0.00014867400000000001
0.000165064
0.00012148200000000001
0.00012170300000000001
0.000121663
0.00012163300000000001
0.00012206200000000001
0.00012175300000000001
0.00012208300000000002
0.00012249299999999999
0.00015190600000000002
9.0441999999999999e-05
9.0192000000000007e-05
9.0082000000000009e-05
9.0441999999999999e-05
9.0101999999999999e-05
9.0022e-05
9.0132000000000011e-05
8.9942e-05
9.0182000000000012e-05
0.00010992300000000001
9.0222000000000005e-05
9.3712e-05
0.000133693
9.0231999999999999e-05
9.0472000000000011e-05
9.0192000000000007e-05
9.0422000000000009e-05
9.0642000000000004e-05
0.00012260300000000002
9.0592000000000003e-05
9.076200000000001e-05
9.0502000000000009e-05
9.0352000000000005e-05
9.1202000000000012e-05
0.00011035300000000001
0.000122593
9.0042000000000003e-05
9.0572e-05
9.0042000000000003e-05
9.0112000000000007e-05
9.0502000000000009e-05
9.0332000000000002e-05
9.068200000000001e-05
9.0802000000000002e-05
9.0482000000000005e-05
9.0362e-05
0.00011048300000000001
9.0452000000000007e-05
9.0162000000000009e-05
9.0242000000000008e-05
9.0202000000000001e-05
9.0132000000000011e-05
9.0032000000000008e-05
9.0112000000000007e-05
9.021200000000001e-05
9.0222000000000005e-05
9.0052000000000011e-05
9.0352000000000005e-05
9.0252000000000003e-05
9.0332000000000002e-05
9.0632000000000009e-05
0.00012021300000000001
9.246200000000001e-05
9.0222000000000005e-05
9.0202000000000001e-05
9.0392000000000011e-05
9.0132000000000011e-05
0.00010840300000000001
9.0082000000000009e-05
8.9922000000000011e-05
8.9992000000000002e-05
8.9852000000000006e-05
9.0222000000000005e-05
9.0462000000000002e-05
9.0231999999999999e-05
9.0462000000000002e-05
9.0582000000000008e-05
9.0942000000000011e-05
9.0732000000000012e-05
0.00010919200000000001
9.0231999999999999e-05
9.0382000000000003e-05
9.0272000000000006e-05
9.0312000000000012e-05
9.0402000000000006e-05
9.0101999999999999e-05
9.0592000000000003e-05
9.0441999999999999e-05
9.0282000000000001e-05
0.00010707200000000001
9.0542000000000001e-05
9.0612000000000006e-05
9.0422000000000009e-05
9.0672000000000002e-05
9.0982000000000004e-05
9.0452000000000007e-05
9.0322000000000007e-05
0.00010340300000000001
9.0202000000000001e-05
9.0272000000000006e-05
0.00011972300000000001
9.0252000000000003e-05
8.9952000000000009e-05
9.0202000000000001e-05
9.0082000000000009e-05
8.9992000000000002e-05
8.9982000000000007e-05
9.0332000000000002e-05
9.4852000000000006e-05
9.0452000000000007e-05
0.000108702
0.00020363400000000001
0.00017792400000000001
0.000105722
9.2522000000000006e-05
9.068200000000001e-05
9.0622000000000001e-05
9.021200000000001e-05
9.0262000000000011e-05
9.0252000000000003e-05
9.0372000000000008e-05
9.0213000000000012e-05
9.0262000000000011e-05
9.8912000000000004e-05
0.00011176200000000001
0.00012350300000000001
9.1002000000000007e-05
9.0572e-05
9.0872000000000007e-05
9.0423000000000012e-05
9.0362e-05
9.0352000000000005e-05
9.0662000000000007e-05
9.0632000000000009e-05
9.0362e-05
9.0422000000000009e-05
9.0272000000000006e-05
0.00014031300000000001
0.000126243
0.00012717300000000001
0.00012523300000000001
0.000163
0.00012769300000000001
0.000127143
0.000128503
0.00012931300000000001
0.00012915300000000002
0.00015984300000000001
0.00019055400000000001
0.00013188300000000001
0.000126353
0.000127553
0.00012878300000000002
0.000133903
0.00015088300000000001
0.00012852300000000002
0.00012890300000000001
0.00012926300000000001
0.000129283
0.00012937300000000001
0.00012880300000000001
0.00012979300000000001
0.000129982
0.00012923200000000001
0.00032764700000000003
0.000130063
0.00013518300000000001
0.00016159200000000001
0.00012231300000000001
0.00012194200000000001
0.000121743
0.000122323
0.000122213
0.000121972
0.00012194300000000001
0.000122533
0.000121953
0.000122552
0.00012257300000000001
0.000122633
0.00012204300000000001
0.00012202200000000001
0.00012194300000000001
0.00014076300000000002
0.00014368400000000002
0.000121532
0.00012150300000000001
0.000121273
0.00012152300000000001
0.00012093200000000001
0.000121483
0.00014852300000000001
0.00010377300000000001
9.055200000000001e-05
9.0622000000000001e-05
9.0272000000000006e-05
9.0722000000000003e-05
9.0522000000000012e-05
9.0352000000000005e-05
9.0082000000000009e-05
9.021200000000001e-05
0.000108293
9.034200000000001e-05
9.0182000000000012e-05
9.0382000000000003e-05
8.9982000000000007e-05
9.000200000000001e-05
8.9772000000000007e-05
8.9962000000000004e-05
9.0092000000000004e-05
9.034200000000001e-05
9.0372000000000008e-05
0.00010829200000000001
9.0572e-05
9.0332000000000002e-05
9.055200000000001e-05
9.037300000000001e-05
9.0562000000000005e-05
9.0162000000000009e-05
9.0382000000000003e-05
9.0042000000000003e-05
9.0172000000000003e-05
9.0162000000000009e-05
0.00010680200000000001
9.0362e-05
9.0222000000000005e-05
9.0292000000000009e-05
9.0372000000000008e-05
9.9433000000000008e-05
0.00011856200000000001
0.00013360300000000001
0.00011841300000000001
0.00011807300000000001
0.00011821200000000001
0.00011770200000000001
0.000109313
9.0282000000000001e-05
9.0312000000000012e-05
8.9962000000000004e-05
0.00010526200000000001
9.0372000000000008e-05
9.0122000000000002e-05
0.00010781300000000001
9.0202000000000001e-05
9.0312000000000012e-05
9.0402000000000006e-05
9.0262000000000011e-05
9.0632000000000009e-05
0.00051731699999999999
0.00012042200000000001
0.000106143
9.0402000000000006e-05
9.021200000000001e-05
9.021200000000001e-05
9.000200000000001e-05
9.882200000000001e-05
9.021200000000001e-05
8.9982000000000007e-05
9.0092000000000004e-05
0.000108133
0.00011377200000000001
0.00010976300000000001
0.00010141200000000001
9.055200000000001e-05
9.0862000000000012e-05
9.0402000000000006e-05
9.0262000000000011e-05
9.0042000000000003e-05
9.0542000000000001e-05
9.0462000000000002e-05
9.0462000000000002e-05
9.0142000000000005e-05
9.0352000000000005e-05
8.9992000000000002e-05
9.0072000000000001e-05
9.0283000000000003e-05
9.0242000000000008e-05
9.0322000000000007e-05
9.0332000000000002e-05
9.0322000000000007e-05
9.0412000000000001e-05
9.0642000000000004e-05
9.0432000000000004e-05
0.00010744200000000001
9.0602000000000011e-05
9.0252000000000003e-05
9.0152e-05
9.0192000000000007e-05
9.0042000000000003e-05
9.0231999999999999e-05
9.0292000000000009e-05
9.0072000000000001e-05
9.0231999999999999e-05
9.0202000000000001e-05
9.0482000000000005e-05
9.0352000000000005e-05
9.9432000000000006e-05
0.00010089200000000001
0.00010448300000000001
9.0492e-05
9.0542000000000001e-05
0.00010168200000000001
9.0142000000000005e-05
9.0452000000000007e-05
0.00010704200000000001
9.0452000000000007e-05
9.0162000000000009e-05
9.0092000000000004e-05
9.0292000000000009e-05
9.0192000000000007e-05
9.0242000000000008e-05
9.0382000000000003e-05
9.0522000000000012e-05
9.0252000000000003e-05
9.0422000000000009e-05
9.0752000000000001e-05
9.0542000000000001e-05
9.0082000000000009e-05
9.0302000000000004e-05
9.0132000000000011e-05
9.0522000000000012e-05
9.0432000000000004e-05
9.0142000000000005e-05
8.9902000000000008e-05
9.0022e-05
9.0142000000000005e-05
0.00010689300000000001
9.0182000000000012e-05
9.0132000000000011e-05
9.0412000000000001e-05
9.0512000000000003e-05
9.0462000000000002e-05
9.0722000000000003e-05
9.0512000000000003e-05
9.000200000000001e-05
9.0292000000000009e-05
9.0332000000000002e-05
9.0412000000000001e-05
9.0202000000000001e-05
9.0052000000000011e-05
8.9982000000000007e-05
9.7882000000000009e-05
9.0103000000000001e-05
9.0012000000000005e-05
9.068200000000001e-05
9.0302000000000004e-05
9.0382000000000003e-05
9.0582000000000008e-05
0.00010676200000000001
9.0902000000000005e-05
9.0422000000000009e-05
9.0362e-05
9.0112000000000007e-05
9.0582000000000008e-05
9.0012000000000005e-05
0.000109443
9.0332000000000002e-05
9.0192000000000007e-05
9.0441999999999999e-05
9.0202000000000001e-05
9.0362e-05
9.0352000000000005e-05
9.0312000000000012e-05
9.0572e-05
9.0122000000000002e-05
9.0262000000000011e-05
9.0512000000000003e-05
0.000108373
9.0272000000000006e-05
0.00011157200000000001
0.000113103
9.1892000000000007e-05
9.0182000000000012e-05
9.0282000000000001e-05
9.0142000000000005e-05
9.0302000000000004e-05
9.0512000000000003e-05
9.0132000000000011e-05
9.0242000000000008e-05
9.0512000000000003e-05
9.0812000000000011e-05
0.00010071300000000001
9.0612000000000006e-05
9.0832e-05
9.0372000000000008e-05
9.0122000000000002e-05
9.0231999999999999e-05
9.0532000000000007e-05
9.0492e-05
9.0192000000000007e-05
0.00010820200000000001
9.0252000000000003e-05
9.0023000000000002e-05
9.0152e-05
9.0302000000000004e-05
9.0231999999999999e-05
9.0441999999999999e-05
9.0292000000000009e-05
9.0441999999999999e-05
9.0252000000000003e-05
9.0732000000000012e-05
9.0542000000000001e-05
9.0352000000000005e-05
9.0282000000000001e-05
9.0312000000000012e-05
9.0462000000000002e-05
9.0182000000000012e-05
9.0182000000000012e-05
9.0222000000000005e-05
9.0362e-05
0.00027475600000000002
0.00012816300000000001
0.00012773300000000002
0.00012785300000000001
0.000127293
0.000128403
0.000134733
0.00012621300000000002
0.000127272
0.000128152
0.000123583
9.0612000000000006e-05
9.0672000000000002e-05
0.00010998300000000001
9.021200000000001e-05
9.0262000000000011e-05
9.0182000000000012e-05
9.0012000000000005e-05
9.0602000000000011e-05
9.0422000000000009e-05
9.0042000000000003e-05
9.0492e-05
9.0052000000000011e-05
9.0412000000000001e-05
9.0562000000000005e-05
9.0382000000000003e-05
9.0112000000000007e-05
9.0322000000000007e-05
0.00010411300000000001
9.8292e-05
9.5632000000000009e-05
9.0302000000000004e-05
9.0272000000000006e-05
9.0322000000000007e-05
0.000108313
9.0382000000000003e-05
9.0132000000000011e-05
9.0292000000000009e-05
9.0602000000000011e-05
9.0632000000000009e-05
9.0752000000000001e-05
9.0812000000000011e-05
9.0612000000000006e-05
9.0522000000000012e-05
0.00010089200000000001
9.0432000000000004e-05
9.0202000000000001e-05
9.0262000000000011e-05
9.0152e-05
9.0122000000000002e-05
9.0292000000000009e-05
9.0192000000000007e-05
9.0522000000000012e-05
9.0372000000000008e-05
9.0012000000000005e-05
8.9812e-05
0.00012128300000000001
9.0752000000000001e-05
9.1082000000000006e-05
0.00010384200000000001
9.0422000000000009e-05
9.0441999999999999e-05
9.0082000000000009e-05
9.0262000000000011e-05
9.0372000000000008e-05
9.0162000000000009e-05
9.0312000000000012e-05
9.0452000000000007e-05
9.0412000000000001e-05
9.0392000000000011e-05
9.0372000000000008e-05
9.0622000000000001e-05
9.0562000000000005e-05
9.0441999999999999e-05
9.0772000000000004e-05
0.00010945200000000001
9.0722000000000003e-05
9.0322000000000007e-05
9.0362e-05
9.0492e-05
9.0602000000000011e-05
9.0572e-05
9.0142000000000005e-05
9.0182000000000012e-05
0.000105153
9.0242000000000008e-05
9.0082000000000009e-05
9.034200000000001e-05
9.0252000000000003e-05
9.0402000000000006e-05
9.068200000000001e-05
9.0452000000000007e-05
9.102200000000001e-05
9.0532000000000007e-05
9.0441999999999999e-05
9.0441999999999999e-05
0.00010726300000000001
0.000100172
9.034200000000001e-05
9.0292000000000009e-05
9.034200000000001e-05
9.034200000000001e-05
9.1032000000000005e-05
0.000250306
9.6552000000000007e-05
9.0482000000000005e-05
9.0432000000000004e-05
9.0432000000000004e-05
9.0182000000000012e-05
9.0622000000000001e-05
9.0312000000000012e-05
0.000135313
9.0122000000000002e-05
9.0562000000000005e-05
9.0231999999999999e-05
0.000107113
9.0402000000000006e-05
9.0312000000000012e-05
9.0122000000000002e-05
0.000108942
8.9942e-05
9.9473000000000001e-05
9.0122000000000002e-05
9.0382000000000003e-05
9.0472000000000011e-05
9.0412000000000001e-05
9.1082000000000006e-05
9.0362e-05
9.0202000000000001e-05
9.0292000000000009e-05
9.0412000000000001e-05
9.0162000000000009e-05
9.0172000000000003e-05
8.9962000000000004e-05
9.0132000000000011e-05
8.9982000000000007e-05
8.9852000000000006e-05
0.00012262800000000001
9.0532000000000007e-05
9.0882000000000002e-05
9.0902000000000005e-05
9.0922000000000008e-05
9.0702e-05
9.0832e-05
9.068200000000001e-05
9.0692000000000005e-05
9.055200000000001e-05
9.0592000000000003e-05
9.0662000000000007e-05
9.0562000000000005e-05
9.0441999999999999e-05
9.0352000000000005e-05
9.0362e-05
9.0622000000000001e-05
9.0132000000000011e-05
9.021200000000001e-05
0.00010945200000000001
9.0362e-05
9.0462000000000002e-05
0.00047200100000000005
0.00012324300000000001
0.000127513
0.00011733200000000001
9.728300000000001e-05
9.0312000000000012e-05
9.8832000000000005e-05
9.0482000000000005e-05
9.0392000000000011e-05
9.0252000000000003e-05
9.0352000000000005e-05
0.00010215200000000001
9.5443000000000001e-05
9.021200000000001e-05
9.0422000000000009e-05
9.0252000000000003e-05
9.0292000000000009e-05
0.000100832
9.7892000000000004e-05
0.00011031300000000001
9.0692000000000005e-05
9.0231999999999999e-05
9.0062000000000006e-05
9.0292000000000009e-05
9.0101999999999999e-05
9.000200000000001e-05
9.0192000000000007e-05
9.5142000000000005e-05
9.000200000000001e-05
9.0152e-05
9.0072000000000001e-05
9.0302000000000004e-05
9.021200000000001e-05
9.0662000000000007e-05
9.0592000000000003e-05
9.0772000000000004e-05
0.000132383
9.0352000000000005e-05
9.7183000000000008e-05
9.0482000000000005e-05
0.000107002
9.2072000000000009e-05
9.0492e-05
9.0282000000000001e-05
9.0122000000000002e-05
9.0082000000000009e-05
9.0172000000000003e-05
9.0112000000000007e-05
9.0542000000000001e-05
9.4103000000000003e-05
9.0472000000000011e-05
9.0312000000000012e-05
9.0592000000000003e-05
9.0592000000000003e-05
9.0222000000000005e-05
9.0092000000000004e-05
9.0182000000000012e-05
9.0302000000000004e-05
9.0262000000000011e-05
9.6102000000000009e-05
9.0182000000000012e-05
9.0082000000000009e-05
0.00010773300000000001
9.0222000000000005e-05
9.0332000000000002e-05
9.0362e-05
9.0272000000000006e-05
9.0272000000000006e-05
9.0322000000000007e-05
9.0872000000000007e-05
9.0472000000000011e-05
9.0832e-05
9.0602000000000011e-05
9.0912e-05
9.0752000000000001e-05
0.00012601300000000001
9.0322000000000007e-05
9.0222000000000005e-05
9.0402000000000006e-05
0.00010359200000000001
9.0172000000000003e-05
8.9942e-05
9.0072000000000001e-05
0.000107563
9.7782000000000007e-05
0.00012958300000000001
0.00012387300000000001
0.00012277300000000001
0.00012404200000000002
0.000122982
0.000122803
0.00011277300000000001
9.0202000000000001e-05
8.9992000000000002e-05
9.0252000000000003e-05
9.0132000000000011e-05
9.0122000000000002e-05
9.0101999999999999e-05
9.0322000000000007e-05
9.0172000000000003e-05
9.0242000000000008e-05
9.0072000000000001e-05
9.0322000000000007e-05
0.00011024200000000001
9.0422000000000009e-05
0.00010861200000000001
9.0142000000000005e-05
9.0132000000000011e-05
9.0132000000000011e-05
8.9952000000000009e-05
9.0162000000000009e-05
9.0272000000000006e-05
0.00011976300000000001
9.0142000000000005e-05
8.9912000000000002e-05
8.9762000000000012e-05
9.0362e-05
9.0101999999999999e-05
9.0312000000000012e-05
9.0362e-05
9.0542000000000001e-05
9.0231999999999999e-05
9.0162000000000009e-05
8.987200000000001e-05
0.00010734300000000001
9.0282000000000001e-05
8.9912000000000002e-05
8.9842000000000012e-05
9.0312000000000012e-05
9.0392000000000011e-05
9.021200000000001e-05
9.000200000000001e-05
9.0012000000000005e-05
9.0142000000000005e-05
9.0452000000000007e-05
9.0602000000000011e-05
9.0512000000000003e-05
0.00010942300000000001
9.0282000000000001e-05
9.0082000000000009e-05
9.0412000000000001e-05
9.0432000000000004e-05
9.0382000000000003e-05
9.0302000000000004e-05
8.9982000000000007e-05
0.000107292
9.0182000000000012e-05
9.0062000000000006e-05
8.9982000000000007e-05
9.0222000000000005e-05
9.0112000000000007e-05
9.0362e-05
0.00012008300000000001
9.0542000000000001e-05
9.0812000000000011e-05
9.0441999999999999e-05
9.5182000000000011e-05
9.0443000000000001e-05
9.4362000000000002e-05
9.021200000000001e-05
9.000200000000001e-05
8.9992000000000002e-05
9.0272000000000006e-05
8.9982000000000007e-05
0.00028764099999999999
0.000127102
0.00010316200000000001
9.0432000000000004e-05
9.0572e-05
9.0742000000000006e-05
9.034200000000001e-05
9.0512000000000003e-05
9.0712000000000008e-05
9.0162000000000009e-05
9.0472000000000011e-05
9.0412000000000001e-05
9.0672000000000002e-05
0.00013299000000000001
9.0562000000000005e-05
9.0562000000000005e-05
0.00012002300000000001
0.00012235300000000001
9.9052e-05
9.0172000000000003e-05
9.0382000000000003e-05
9.0492e-05
9.0482000000000005e-05
9.0482000000000005e-05
0.00010293300000000001
9.0502000000000009e-05
9.0592000000000003e-05
9.0382000000000003e-05
9.0382000000000003e-05
9.0432000000000004e-05
9.0231999999999999e-05
0.00011683200000000001
9.0302000000000004e-05
9.0302000000000004e-05
0.000102212
9.0752000000000001e-05
9.0262000000000011e-05
9.0332000000000002e-05
9.0172000000000003e-05
9.0422000000000009e-05
9.0452000000000007e-05
9.0572e-05
9.0542000000000001e-05
9.0172000000000003e-05
9.0312000000000012e-05
9.8112000000000012e-05
0.00011592200000000001
9.0231999999999999e-05
9.0332000000000002e-05
9.0142000000000005e-05
9.0231999999999999e-05
9.0472000000000011e-05
0.00010788300000000001
9.0362e-05
9.0412000000000001e-05
9.0402000000000006e-05
9.0482000000000005e-05
9.055200000000001e-05
9.089200000000001e-05
9.0231999999999999e-05
9.0382000000000003e-05
9.0522000000000012e-05
0.00028364600000000003
0.00010214200000000001
9.0372000000000008e-05
9.0382000000000003e-05
9.0242000000000008e-05
9.0282000000000001e-05
9.034200000000001e-05
9.0132000000000011e-05
9.0222000000000005e-05
9.0312000000000012e-05
0.00012701300000000001
9.0702e-05
0.00010809200000000001
0.000123132
0.00013992300000000002
0.00012252200000000002
0.000125053
0.00020562500000000002
0.000125103
0.000123662
0.000122433
0.00012413300000000001
0.00014197300000000002
0.00014676400000000002
0.000125282
0.00016794700000000002
0.00012884300000000001
0.00013496300000000002
0.000127463
0.000127713
0.000167214
0.000127823
0.000127453
0.00012846300000000002
0.000133583
0.00012910300000000001
0.000130452
0.00012833200000000002
0.00015143400000000001
0.00012936300000000001
0.00012811300000000001
0.00012899300000000002
0.000129133
0.000127482
0.00012812300000000001
0.00012890300000000001
0.00012721300000000002
0.000131023
0.00013071300000000002
0.00013634300000000001
0.00012906300000000001
0.00012617300000000001
0.000129813
0.00015150300000000002
0.000129233
0.00013056300000000002
0.00013030300000000002
0.000145103
0.00012593200000000001
0.00012276300000000002
0.000121453
0.000121823
0.00014987300000000002
0.000129963
0.000127873
0.00011982300000000001
0.000120302
0.00012097300000000001
0.00014406300000000002
0.000120883
0.00012050300000000001
0.00012183300000000001
0.000170614
0.00015628300000000001
0.000124573
0.000127253
0.000125523
0.00012675300000000001
0.00012892200000000001
0.00013456300000000001
0.000137093
0.00038856900000000001
0.00012314199999999999
0.00017524400000000002
0.00012291300000000002
0.00012199300000000001
0.00012296299999999999
0.000123843
0.00012425200000000002
0.00012338299999999999
0.00010925300000000001
9.0852000000000004e-05
9.0912e-05
9.0852000000000004e-05
9.4962000000000003e-05
0.00010430200000000001
9.3962000000000006e-05
9.9503000000000013e-05
0.00012834200000000001
0.00012854200000000002
0.00012741299999999999
0.000134673
0.00012825300000000002
0.00012838300000000001
0.00012957300000000001
0.00012899300000000002
0.000167064
0.000127513
0.00012800300000000001
0.00012859300000000001
0.000129052
0.000134993
0.00012718200000000002
0.000173914
0.000126923
0.000127393
0.00012461300000000001
0.00012518300000000001
0.000125862
0.00012695300000000002
0.000124103
0.00012875300000000001
0.00012328300000000002
0.00012296299999999999
0.00012228200000000001
0.00012224300000000002
0.000122473
0.00014616300000000002
0.00012006300000000001
0.00013130300000000001
0.00012430300000000001
0.000122292
0.000131242
0.00012259200000000001
0.000122903
0.00012356300000000001
0.00012393300000000001
0.00012948300000000001
0.00012322200000000001
0.00012386300000000002
0.00012361300000000001
0.00019446400000000001
0.000143564
0.000123702
0.00012055300000000001
0.00012131300000000001
0.00012083300000000001
0.00012136200000000001
0.00012133300000000001
0.00012170300000000001
0.00011992300000000001
0.00011827200000000001
0.000125933
0.000117793
0.00011808200000000001
0.00011752300000000001
0.00011744300000000001
0.00011767200000000001
0.000140264
0.000118412
0.000133783
0.000118213
0.00011817300000000001
0.00011884200000000001
0.00011890300000000001
0.00011929300000000001
0.00011923200000000001
0.00011905300000000001
0.00012580300000000002
0.00011922300000000001
0.000125702
0.00013787400000000002
0.00011863200000000001
0.000119153
0.000140073
0.000118603
0.000117942
0.00011790300000000001
0.000121223
0.00012304300000000001
0.00012478200000000001
0.00012652299999999999
0.000127463
0.00012550300000000001
0.00013262300000000001
0.000126773
0.00012491300000000002
0.00012029200000000001
0.00011947200000000001
0.00012302300000000002
0.00014560300000000001
0.000124573
0.000124573
0.00014643300000000001
0.00014798400000000001
0.000130553
0.00012254200000000001
0.00012812300000000001
0.00011744300000000001
0.00035750300000000001
0.00012296299999999999
0.00012026200000000001
0.00011914300000000001
0.000108133
0.00011631200000000001
0.000117873
0.00012160300000000001
0.00012193200000000001
0.000121953
0.00012181300000000001
0.00015514900000000001
0.00012210200000000002
0.000122383
0.00012231300000000001
0.00012294300000000001
0.00012274200000000001
0.000122803
0.000122593
0.000122383
0.00012156200000000001
0.00012180300000000001
0.00012219300000000001
0.00012184300000000001
0.00012233200000000001
0.000141144
0.00012177200000000001
0.00012171300000000001
0.000157744
0.000122082
0.000121983
0.000122273
0.00012223300000000002
0.00012236200000000002
0.00012212200000000001
0.00012260300000000002
0.00012188300000000001
0.00012160200000000001
0.000121892
0.00012214300000000001
0.00012164300000000001
0.000140383
0.000136303
0.00012181300000000001
0.000121533
0.000121372
0.000121403
0.00012184300000000001
0.00012170200000000001
0.00012175200000000001
0.000122373
0.00012219300000000001
0.000122123
0.000121682
0.000121583
0.000141483
0.00012196300000000001
0.00017405400000000001
0.000121953
0.00012178200000000001
0.000121873
0.000121983
0.00012186300000000001
0.00012221200000000002
0.00012175300000000001
0.00012175300000000001
0.00012196300000000001
0.00012207200000000001
0.00012213300000000002
0.00012214300000000001
0.00012152300000000001
0.00012217200000000001
0.00012171300000000001
0.00014062300000000001
0.00012175300000000001
0.000121773
0.00012176300000000001
0.00012118200000000001
0.000136563
0.000122113
0.00012147300000000001
0.00012134300000000001
0.00012144200000000001
0.00012149300000000001
0.00012205300000000001
0.000121983
0.00012216200000000001
0.00015639400000000002
0.00012176300000000001
0.00014061300000000002
0.000121773
0.00012148200000000001
0.000121433
0.000121613
0.00012189300000000001
0.000121342
0.000121323
0.00012130300000000001
0.00012163300000000001
0.00012127200000000001
0.00012150300000000001
0.00012194300000000001
0.00012255300000000002
0.00015857300000000001
0.00014505300000000002
0.00012161200000000001
0.00012139300000000001
0.00012160300000000001
0.00012143200000000001
0.00012171300000000001
0.00012188300000000001
0.000123053
0.00012141200000000001
0.00012171300000000001
0.00013660300000000001
0.00012196300000000001
0.000132853
0.00012183300000000001
0.000122483
0.00012201200000000001
0.000141073
0.00012173200000000001
0.000121613
0.00012191300000000001
0.00012025200000000001
0.00012050200000000001
0.00011972300000000001
0.000120673
0.00012217200000000001
0.00012768300000000002
0.00012172300000000001
0.00012778300000000002
0.00012172300000000001
0.000121983
0.00012216200000000001
0.000120543
0.000146403
0.00012168300000000001
0.000121563
0.00012181300000000001
0.000120952
0.000122593
0.00012154300000000001
0.000119333
0.000122302
0.00013512300000000001
0.00010950300000000001
0.00011139200000000001
0.00011668300000000001
0.000120463
0.000146293
0.000124263
0.000145253
0.00012345300000000001
0.00012443300000000002
0.00012555300000000001
0.000124203
0.000123492
0.00012239300000000002
0.000122323
0.00012257300000000001
0.00012285200000000001
0.000129123
0.000123273
0.00012270300000000002
0.00012008300000000001
0.00013669300000000001
0.00012346300000000001
0.00014524300000000001
0.00012381300000000002
0.00012456200000000002
0.00012428300000000002
0.00012385299999999999
0.00012419300000000001
0.00016395400000000001
0.000123662
0.000124003
0.000130853
0.000124153
0.00012193300000000001
0.00012298300000000001
0.00014784300000000001
0.00012183300000000001
0.00014181300000000002
0.000121923
0.00013597300000000001
0.000119722
0.000119363
0.000119623
0.000119023
0.00011879200000000001
0.00011914300000000001
0.00011938300000000001
0.00012652200000000001
0.00011833300000000001
0.00011853300000000001
0.00011869200000000001
0.00011843300000000001
0.00011872300000000001
0.000118672
0.00014124300000000002
0.000126983
0.00012057200000000001
0.00012946300000000002
0.000119703
0.00011972300000000001
0.00012038200000000001
0.00011992300000000001
0.000119993
0.000127193
0.000119222
0.00012231300000000001
0.00012466300000000001
0.000123583
0.00012144200000000001
0.00012072200000000001
0.00014673400000000001
0.00012474200000000001
0.00012628300000000001
0.00012534300000000001
0.00012561300000000001
0.00014072300000000001
0.000123693
0.000124053
0.00012366300000000001
0.00012840200000000001
0.00012293199999999999
0.00012213300000000002
0.00012812300000000001
0.00012335300000000001
0.000123103
0.000178474
0.000133263
0.00012382199999999999
0.00012380300000000002
0.00012365300000000002
0.000129713
0.00012566300000000001
0.000124043
0.00012374200000000001
0.000130643
0.00013929400000000001
0.00016120300000000001
0.00013047300000000001
0.00012670300000000001
0.00012811300000000001
0.00014825300000000002
0.00012784300000000002
0.000127713
0.000128553
0.00012597300000000001
0.000126923
0.00012843300000000001
0.00012868300000000001
0.000126272
0.000138963
0.000128663
0.000128023
0.00012637300000000002
0.000125852
0.000138054
0.000163423
0.00012454300000000002
0.000126993
0.000128503
0.000128763
0.000122333
0.00012167200000000001
0.00012162300000000001
0.00012747300000000002
0.00013455300000000001
0.00012726300000000002
0.000124883
0.00012809299999999999
0.00012868300000000001
0.000128522
0.00014255300000000002
0.00012131300000000001
0.000123922
0.00012786300000000001
0.00012811300000000001
0.00012579300000000002
0.000125203
0.00012872300000000002
0.000129243
0.000123922
0.00012749300000000001
9.6513000000000002e-05
0.00012008200000000001
0.000110933
9.1362000000000011e-05
0.00012482300000000001
0.00010052200000000001
0.00011659300000000001
0.000101162
9.424200000000001e-05
0.00010735200000000001
0.00012358200000000001
0.00012355300000000001
0.00012503300000000001
0.00011948300000000001
0.000115902
0.00011638300000000001
0.00011671300000000001
0.00011596200000000001
0.000116823
0.00011665200000000001
0.000117193
0.00011610300000000001
0.00011537200000000001
0.000138603
0.000122793
0.000124043
0.00011613300000000001
0.000125053
0.00012536200000000001
0.000125523
0.00012418300000000001
0.00012544300000000001
0.00014413300000000001
0.00012429300000000001
0.00012571300000000001
0.00012605300000000002
0.000124592
0.000124442
0.00012555300000000001
0.000151254
0.00014168300000000001
0.00011924300000000001
0.000117002
0.00011660300000000001
0.00011609200000000001
0.000116563
0.000116983
0.00011628200000000001
0.000116273
0.000119673
0.000126353
0.000123072
0.000125943
0.00012335300000000001
0.00011764300000000001
0.00014465300000000001
0.00011726300000000001
0.00014780000000000001
0.00010184200000000001
9.8543000000000008e-05
0.00011607200000000001
0.00019773500000000002
0.000124012
0.000127393
0.00013257300000000001
0.000124893
0.00012508300000000001
0.00012439300000000001
0.00012566300000000001
0.00012513200000000002
0.00014846300000000002
0.000128133
0.000126833
0.00013210300000000001
0.000126623
0.00012712200000000002
0.00060728700000000008
0.000124373
0.000127983
0.00012510200000000001
0.000125303
0.00012880300000000001
0.000129173
0.00012822300000000001
0.00012956300000000002
0.00012842300000000001
0.00014275300000000002
0.00012571300000000001
0.00012988300000000002
0.000163079
9.0502000000000009e-05
9.0562000000000005e-05
9.0522000000000012e-05
9.0662000000000007e-05
9.0372000000000008e-05
9.0412000000000001e-05
9.0132000000000011e-05
9.0352000000000005e-05
9.0122000000000002e-05
9.0122000000000002e-05
9.0152e-05
9.0522000000000012e-05
9.0642000000000004e-05
9.0472000000000011e-05
9.0413000000000003e-05
9.110200000000001e-05
9.055200000000001e-05
9.0622000000000001e-05
0.00010882200000000001
9.0292000000000009e-05
9.0812000000000011e-05
9.0092000000000004e-05
0.00010082300000000001
9.0132000000000011e-05
9.021200000000001e-05
9.0242000000000008e-05
9.0152e-05
0.00010424200000000001
0.00011837300000000001
0.00011902200000000001
0.00012049300000000001
9.2482e-05
0.00013768300000000002
0.00010411300000000001
0.00011656200000000001
0.00010320300000000001
0.000117292
0.00015674600000000001
0.000121193
0.00019111400000000001
0.000122163
0.00025591500000000001
0.00042232900000000004
0.00011911300000000001
0.000136083
0.00011995300000000001
0.000129352
0.00017408300000000001
0.00017001400000000002
0.00012481300000000001
0.00012456300000000001
0.00012402300000000002
0.000126203
0.000125862
0.000125182
0.000124263
0.000123313
0.00013324300000000001
0.000128973
0.00012089300000000001
0.00012005200000000001
0.000127353
0.00014257300000000001
0.00012041200000000001
0.000123993
0.000124933
0.00012565300000000001
0.00012523300000000001
0.000123232
0.00012417300000000002
0.00012413300000000001
0.00012575300000000001
0.000122123
0.000237285
0.00012428300000000002
0.00012257300000000001
0.000128312
0.00014628300000000001
0.00012550300000000001
0.000125673
0.00012488200000000001
0.00012592300000000001
0.00019646500000000002
0.000584083
0.00012474299999999999
0.000125022
0.00012423300000000001
0.00012576300000000001
0.00015132400000000002
0.00012453200000000001
0.00013103300000000002
0.00012423300000000001
0.000122533
0.00012303300000000001
0.00014461300000000001
0.00012350300000000001
0.00012654300000000001
0.000122872
0.000123223
0.00012654300000000001
0.00012469300000000002
0.000124253
0.000125263
0.00014496300000000001
0.000131223
0.000124263
0.000294534
0.00011230300000000001
0.00014047300000000001
9.2342000000000005e-05
9.0092000000000004e-05
0.00011176300000000001
9.0072000000000001e-05
9.0322000000000007e-05
9.0152e-05
9.0392000000000011e-05
9.0412000000000001e-05
9.0632000000000009e-05
9.0582000000000008e-05
8.9942e-05
9.0062000000000006e-05
9.0092000000000004e-05
0.00010849300000000001
9.0231999999999999e-05
9.000200000000001e-05
0.00010854200000000001
9.4372000000000011e-05
9.5223000000000006e-05
9.0042000000000003e-05
9.000200000000001e-05
9.0272000000000006e-05
9.0222000000000005e-05
9.0492e-05
9.0472000000000011e-05
9.0642000000000004e-05
9.0362e-05
9.0402000000000006e-05
9.0052000000000011e-05
9.0222000000000005e-05
9.0162000000000009e-05
9.0202000000000001e-05
8.9772000000000007e-05
9.000200000000001e-05
9.0042000000000003e-05
0.000108492
9.0372000000000008e-05
9.0092000000000004e-05
0.000127062
9.1552000000000007e-05
9.0282000000000001e-05
9.0231999999999999e-05
0.000134933
0.00012151200000000001
0.00013105300000000001
9.0443000000000001e-05
0.00010523200000000001
9.0662000000000007e-05
9.0101999999999999e-05
9.0222000000000005e-05
9.0062000000000006e-05
9.0042000000000003e-05
8.9882000000000004e-05
9.0042000000000003e-05
0.00010768300000000001
9.0352000000000005e-05
9.000200000000001e-05
9.0432000000000004e-05
9.0522000000000012e-05
9.0972000000000009e-05
9.0372000000000008e-05
9.0592000000000003e-05
9.0492e-05
9.0332000000000002e-05
9.0392000000000011e-05
9.0042000000000003e-05
9.0231999999999999e-05
9.0101999999999999e-05
9.0162000000000009e-05
9.0242000000000008e-05
9.0112000000000007e-05
9.000200000000001e-05
9.0292000000000009e-05
9.0122000000000002e-05
9.0352000000000005e-05
9.0432000000000004e-05
0.000129453
9.0422000000000009e-05
9.0272000000000006e-05
9.0372000000000008e-05
9.0172000000000003e-05
9.021200000000001e-05
9.0262000000000011e-05
9.0101999999999999e-05
8.9772000000000007e-05
8.9822000000000008e-05
8.9972000000000012e-05
9.0172000000000003e-05
9.0231999999999999e-05
0.00010325200000000001
9.2612e-05
9.4732e-05
9.0842000000000009e-05
9.0672000000000002e-05
9.0732000000000012e-05
9.0441999999999999e-05
9.0372000000000008e-05
9.0422000000000009e-05
0.000110062
9.0542000000000001e-05
9.0252000000000003e-05
0.000103232
9.0202000000000001e-05
8.9862000000000001e-05
8.9962000000000004e-05
8.987200000000001e-05
9.0192000000000007e-05
9.0222000000000005e-05
9.0242000000000008e-05
9.0382000000000003e-05
9.0732000000000012e-05
9.0182000000000012e-05
8.9982000000000007e-05
9.0242000000000008e-05
9.0322000000000007e-05
9.0412000000000001e-05
0.00013801300000000001
9.0382000000000003e-05
9.0192000000000007e-05
0.00010820300000000001
9.0382000000000003e-05
9.0252000000000003e-05
9.0222000000000005e-05
9.0522000000000012e-05
9.0722000000000003e-05
9.0632000000000009e-05
9.0702e-05
9.0672000000000002e-05
9.068200000000001e-05
9.0352000000000005e-05
9.0422000000000009e-05
9.0642000000000004e-05
9.0432000000000004e-05
8.9972000000000012e-05
9.0062000000000006e-05
9.0352000000000005e-05
9.0072000000000001e-05
9.0042000000000003e-05
8.9891999999999999e-05
9.0192000000000007e-05
0.00010752300000000001
9.0412000000000001e-05
9.0322000000000007e-05
9.0452000000000007e-05
9.0872000000000007e-05
9.0672000000000002e-05
9.0282000000000001e-05
9.0502000000000009e-05
9.0142000000000005e-05
9.0332000000000002e-05
8.9992000000000002e-05
9.0101999999999999e-05
8.9902000000000008e-05
9.0052000000000011e-05
8.9842000000000012e-05
0.00012900300000000001
9.0082000000000009e-05
0.00013684300000000002
0.00010323300000000001
9.0432000000000004e-05
9.0152e-05
0.000109722
9.5082000000000009e-05
0.000116853
0.000140653
0.000125833
0.000127393
0.00012925300000000002
0.00012833200000000002
0.000126513
0.00016935400000000001
0.00013058300000000001
0.000128713
0.00012710300000000002
0.000125542
0.00012835200000000001
0.000130853
0.00013026300000000001
0.000130813
0.00013114300000000001
0.00014695300000000001
0.00012953200000000002
0.00013771400000000002
0.00011257200000000001
9.0432000000000004e-05
8.9942e-05
8.9902000000000008e-05
9.0332000000000002e-05
0.000108683
9.0082000000000009e-05
8.9992000000000002e-05
9.0192000000000007e-05
9.0562000000000005e-05
9.0252000000000003e-05
9.0562000000000005e-05
9.0702e-05
9.0332000000000002e-05
9.0242000000000008e-05
9.0412000000000001e-05
9.0441999999999999e-05
9.0441999999999999e-05
8.9992000000000002e-05
9.0372000000000008e-05
0.00010427300000000001
9.0162000000000009e-05
0.00010785200000000001
9.0332000000000002e-05
8.9972000000000012e-05
9.0472000000000011e-05
9.034200000000001e-05
9.0592000000000003e-05
9.0772000000000004e-05
9.0962000000000001e-05
9.0522000000000012e-05
9.037300000000001e-05
9.0312000000000012e-05
9.0072000000000001e-05
9.0472000000000011e-05
9.0162000000000009e-05
0.00016462400000000001
0.000127532
0.000126172
0.00012717300000000001
0.00012639300000000001
0.00012679300000000002
0.00012566300000000001
0.000125523
0.00012752300000000002
0.00012482200000000002
0.00012655300000000001
0.000132063
9.0452000000000007e-05
8.9992000000000002e-05
0.00011097300000000001
9.0402000000000006e-05
9.0452000000000007e-05
9.0322000000000007e-05
9.0332000000000002e-05
9.0422000000000009e-05
8.9942e-05
9.479200000000001e-05
9.2482e-05
9.0332000000000002e-05
9.0262000000000011e-05
9.0622000000000001e-05
9.0542000000000001e-05
9.0742000000000006e-05
9.0352000000000005e-05
9.0572e-05
9.0302000000000004e-05
9.3892000000000002e-05
0.00011677200000000001
9.9853000000000008e-05
0.00014245300000000001
0.00013396800000000002
9.0362e-05
9.9062000000000008e-05
0.000131743
0.00016599900000000001
0.00012026300000000001
0.00011976200000000001
0.00011972300000000001
0.00011966300000000001
0.00011977300000000001
0.000119172
0.00011911300000000001
0.00010612200000000001
0.00010773300000000001
0.00013522300000000002
0.00011932300000000001
0.000119122
0.000118783
0.00011913300000000001
0.00013144299999999999
0.000111452
0.00010359300000000001
0.00011740200000000001
9.2002000000000004e-05
9.4302000000000006e-05
9.2812000000000005e-05
9.0803000000000005e-05
9.2722000000000011e-05
9.2402000000000001e-05
0.00012984300000000001
0.00011942200000000001
0.00013145300000000002
0.00012522300000000002
0.000109313
9.7902000000000012e-05
9.411200000000001e-05
8.9922000000000011e-05
0.00011692300000000001
9.1932e-05
9.3852000000000009e-05
9.0412000000000001e-05
9.0282000000000001e-05
9.0932000000000003e-05
0.000137873
0.00014385300000000002
0.00013529300000000001
0.000156613
0.000125563
0.00012720299999999999
0.000128143
0.000133523
0.00012796300000000001
0.00012858300000000001
0.000129443
0.00017383400000000002
0.00013571300000000001
0.00012770300000000001
0.00012761200000000001
0.00012962300000000002
0.00012888300000000002
0.00013820300000000002
0.000134733
0.00012959200000000002
0.00012956300000000002
0.00012842300000000001
0.000128233
0.00012743300000000001
0.00012821300000000001
0.00014272300000000001
0.00015215400000000002
0.00012941300000000002
0.00012922300000000001
0.00013453300000000002
0.00012875200000000002
0.00012887200000000001
0.000128563
0.000128663
0.00012820300000000002
0.00012827300000000001
0.00012727300000000001
0.00013283300000000001
0.00012773300000000002
0.000127453
0.00012742300000000002
0.00015259300000000002
0.00012697300000000001
0.00012597300000000001
0.000133483
0.00015534300000000001
0.00012879300000000001
0.00012982300000000002
0.00013534300000000001
0.00012967300000000002
0.000128923
0.00012896300000000001
0.00013432300000000002
0.00012832300000000001
0.00012843300000000001
0.00015512300000000001
0.000126043
0.000127353
0.00012795300000000001
0.00013346300000000001
0.000127143
0.00012759300000000001
0.00012616300000000002
0.000132903
0.00012717300000000001
0.000128212
0.000129653
0.00013563300000000002
0.00012998300000000002
0.000126663
0.000127093
0.000149223
0.000128462
0.00013710300000000002
0.00013428300000000002
0.00012657200000000001
0.000127663
0.00012821300000000001
0.00013412300000000002
0.00012744300000000001
0.00014375300000000002
0.00012736300000000002
0.000134153
0.000126143
0.00012658300000000002
0.000128913
0.00014915300000000001
0.000128973
0.00013000300000000001
0.00013529300000000001
0.00012737300000000002
0.000128503
0.00013366300000000001
0.00013448300000000002
0.00012359300000000002
0.000110723
9.8732000000000003e-05
9.0152e-05
9.2702000000000008e-05
9.0392000000000011e-05
9.0452000000000007e-05
9.034200000000001e-05
9.0672000000000002e-05
0.00012957300000000001
9.0502000000000009e-05
9.0192000000000007e-05
9.0352000000000005e-05
9.0392000000000011e-05
9.1342000000000007e-05
9.0142000000000005e-05
8.979200000000001e-05
9.0422000000000009e-05
0.00011107300000000001
0.00013161300000000002
0.000127613
0.00012747300000000002
0.00013076299999999999
0.00013533300000000001
0.00012946300000000002
0.00014549300000000001
0.00014853300000000001
0.000148474
0.00013419300000000001
0.00014089300000000001
0.000150383
0.00018874500000000001
0.000127673
0.00013409300000000001
0.00012753300000000001
0.000127012
0.000151144
0.00013372300000000001
0.00015139300000000002
0.000127243
0.00015509400000000002
0.000125673
0.00012619200000000001
0.00012770300000000001
0.000133163
0.00012969300000000001
0.000130233
0.00012953300000000001
0.00015174400000000002
0.00012861200000000001
0.000128262
0.00012822300000000001
0.00013361300000000001
0.00012806300000000001
0.00012799300000000002
0.000147503
0.00012780300000000001
0.000127933
0.000127713
0.00015603400000000002
0.000128453
0.00012555200000000002
0.000125003
0.000131963
0.000124933
0.00014330300000000001
0.000126833
0.00013255300000000002
0.00012637300000000002
0.00012558300000000002
0.00015539300000000001
0.00012684300000000002
0.000125093
0.000126093
0.000134733
0.000127403
0.000126403
0.00012728300000000001
0.000129183
0.00013360300000000001
0.000125902
0.00012777200000000001
0.000134043
0.00012550300000000001
0.000126983
0.00012763300000000002
0.00015141300000000001
0.00012594200000000001
0.00012287300000000001
0.00012569300000000002
0.00012501300000000002
0.00012539300000000001
0.00012541200000000001
0.00014428300000000001
0.00014209300000000001
0.00012660300000000001
0.000126873
0.00013380300000000002
0.000126573
0.00012579300000000002
0.00012578200000000001
0.00015311400000000001
0.000125263
0.000127253
0.00012629200000000002
0.000131903
0.00012477300000000001
0.00012554300000000001
0.00012480300000000002
0.000132533
0.00012595300000000002
0.00012668300000000002
0.00013346300000000001
0.00012749300000000001
0.00012759200000000002
0.00013032300000000001
0.00014383400000000002
0.000124862
0.00012880200000000002
0.00012472300000000001
0.000131273
0.00014004300000000001
0.00012502300000000001
0.00012527300000000002
0.00013047300000000001
0.00012538300000000002
0.00012639300000000001
0.00012579300000000002
0.00013207300000000002
0.00012479200000000001
0.000140894
0.00015203300000000001
0.00012540300000000001
0.000126403
0.000124153
0.00013334300000000001
0.00012658300000000002
0.00012714200000000001
0.000125623
0.000126773
0.00012492300000000001
0.000128553
0.00012139300000000001
0.000203234
0.00016919400000000001
0.00012978300000000001
0.000127713
0.000127823
0.00012893300000000002
0.000121143
9.5802000000000002e-05
9.0042000000000003e-05
9.0032000000000008e-05
8.9952000000000009e-05
8.9982000000000007e-05
9.3402000000000011e-05
8.9902000000000008e-05
9.0272000000000006e-05
9.0202000000000001e-05
0.000145773
0.00012634200000000002
0.000125673
0.00012518300000000001
0.000124833
0.000147083
0.000125573
0.000124843
0.00014249300000000002
0.000124313
0.00012323300000000002
0.000123153
0.00012123200000000001
0.000130283
0.00012601300000000001
0.00014585300000000001
0.00012405200000000001
0.00012328300000000002
0.000124673
0.00012370300000000002
0.000141163
0.00012930300000000002
0.00012418300000000001
0.000121342
0.000122003
0.00012031300000000001
0.00012184300000000001
0.000122142
0.000122003
0.00012899300000000002
0.000121903
0.00014422300000000002
0.000122373
0.000121583
0.00012186200000000001
0.00012209300000000001
0.00012935300000000002
0.00012189300000000001
0.00012065300000000001
0.000120482
0.00011945300000000001
0.000119673
0.00012013200000000001
0.00012007300000000001
0.00012076300000000001
0.00013076299999999999
0.000124323
0.000146773
0.000125573
0.000123273
0.000135093
0.00012570300000000001
0.00012641200000000001
0.000124533
0.00014820400000000001
0.000123662
0.00012558300000000002
0.000122003
0.00012084300000000001
0.000120223
0.00012751200000000001
0.00012044300000000001
0.000143943
0.00012497300000000001
0.000124673
0.00012443300000000002
0.00012266300000000001
0.00012443300000000002
0.000125332
0.00012621300000000002
0.00012329300000000001
0.00012466300000000001
0.00012560300000000001
0.00012175200000000001
0.00012498300000000001
0.00012584299999999999
0.000132643
0.00012576300000000001
0.000157644
0.00012604200000000001
0.000126043
0.00012617300000000001
0.000125883
0.000125303
0.000132063
0.000125933
0.000125263
0.00012545200000000002
0.000124943
0.00012377300000000001
0.000123433
0.00012827300000000001
0.00012383300000000001
0.00014732300000000001
0.000123363
0.000124673
0.000123862
0.00012361300000000001
0.00012481300000000001
0.00012560300000000001
0.00014135300000000001
0.000122113
0.000122543
0.00012147200000000001
0.00012303300000000001
0.00012270300000000002
0.000122113
0.00031633600000000002
0.00014155400000000001
0.00011751200000000001
0.000117403
0.00010519200000000001
8.9852000000000006e-05
9.0322000000000007e-05
9.0032000000000008e-05
9.0312000000000012e-05
9.0202000000000001e-05
9.0382000000000003e-05
9.0242000000000008e-05
9.0523e-05
9.0182000000000012e-05
9.0822000000000006e-05
9.0292000000000009e-05
0.00012351300000000001
9.0592000000000003e-05
0.00010876200000000001
9.0172000000000003e-05
9.0202000000000001e-05
9.0142000000000005e-05
8.9812e-05
8.9972000000000012e-05
8.9752000000000004e-05
9.0122000000000002e-05
8.9952000000000009e-05
9.0192000000000007e-05
9.0101999999999999e-05
9.0313000000000001e-05
9.0332000000000002e-05
9.0462000000000002e-05
9.0422000000000009e-05
9.0332000000000002e-05
0.000108622
9.0612000000000006e-05
0.000124793
9.0272000000000006e-05
8.9832000000000003e-05
9.0092000000000004e-05
8.9942e-05
9.0092000000000004e-05
9.0142000000000005e-05
9.0022e-05
9.0222000000000005e-05
9.0122000000000002e-05
9.0432000000000004e-05
9.0372000000000008e-05
9.068200000000001e-05
9.0272000000000006e-05
9.0042000000000003e-05
9.0101999999999999e-05
0.00010340200000000001
9.0472000000000011e-05
9.0142000000000005e-05
8.9952000000000009e-05
0.000107322
8.9842000000000012e-05
8.9891999999999999e-05
8.9972000000000012e-05
8.9772000000000007e-05
9.0162000000000009e-05
9.0142000000000005e-05
9.0392000000000011e-05
9.0162000000000009e-05
9.0352000000000005e-05
8.9942e-05
9.0222000000000005e-05
9.0132000000000011e-05
9.0072000000000001e-05
9.0262000000000011e-05
9.0172000000000003e-05
8.9902000000000008e-05
9.0042000000000003e-05
9.0092000000000004e-05
8.9832000000000003e-05
9.8232000000000004e-05
0.000113843
9.0632000000000009e-05
9.0432000000000004e-05
9.0812000000000011e-05
9.0562000000000005e-05
9.1052000000000008e-05
9.068200000000001e-05
9.0312000000000012e-05
9.0332000000000002e-05
9.0272000000000006e-05
9.0512000000000003e-05
8.9932000000000006e-05
9.0062000000000006e-05
9.0052000000000011e-05
9.0112000000000007e-05
8.9922000000000011e-05
9.0052000000000011e-05
9.0042000000000003e-05
9.0292000000000009e-05
9.0152e-05
9.0062000000000006e-05
9.0292000000000009e-05
0.00010795200000000001
9.0412000000000001e-05
8.9912000000000002e-05
9.0262000000000011e-05
9.0292000000000009e-05
9.0382000000000003e-05
9.0052000000000011e-05
8.9782000000000002e-05
9.0052000000000011e-05
9.0142000000000005e-05
8.9982000000000007e-05
8.9672000000000005e-05
9.0142000000000005e-05
9.0042000000000003e-05
9.0101999999999999e-05
9.0222000000000005e-05
9.0312000000000012e-05
0.00012186300000000001
9.0412000000000001e-05
0.000108813
9.0062000000000006e-05
9.0122000000000002e-05
0.00012270300000000002
9.0082000000000009e-05
9.0072000000000001e-05
9.000200000000001e-05
9.0252000000000003e-05
8.9982000000000007e-05
8.9972000000000012e-05
8.9952000000000009e-05
9.0062000000000006e-05
9.0082000000000009e-05
9.0312000000000012e-05
9.0192000000000007e-05
9.0502000000000009e-05
9.0202000000000001e-05
9.0242000000000008e-05
9.0432000000000004e-05
9.0182000000000012e-05
9.0122000000000002e-05
0.00010838300000000001
9.0022e-05
9.0152e-05
9.034200000000001e-05
9.0132000000000011e-05
9.0022e-05
9.0032000000000008e-05
9.0231999999999999e-05
9.0292000000000009e-05
9.0412000000000001e-05
9.0592000000000003e-05
9.0712000000000008e-05
0.00010304300000000001
0.00011906200000000001
9.0642000000000004e-05
9.0402000000000006e-05
0.00014058400000000002
9.0231999999999999e-05
9.0262000000000011e-05
9.0252000000000003e-05
9.0252000000000003e-05
0.00010803200000000001
9.0162000000000009e-05
8.9932000000000006e-05
0.00021886
0.00018109900000000002
0.00011799300000000001
0.00011940200000000001
0.00011984200000000001
9.7682000000000004e-05
0.00011877300000000001
0.00013016300000000001
9.4182000000000001e-05
9.0392000000000011e-05
9.0172000000000003e-05
9.0282000000000001e-05
9.0112000000000007e-05
9.0252000000000003e-05
0.000115753
0.00012815800000000002
0.00010387200000000001
9.0252000000000003e-05
9.0062000000000006e-05
9.0512000000000003e-05
9.0652000000000012e-05
9.0632000000000009e-05
9.0662000000000007e-05
9.0262000000000011e-05
9.0262000000000011e-05
9.0152e-05
0.000136203
9.0132000000000011e-05
9.0012000000000005e-05
9.0092000000000004e-05
9.581200000000001e-05
9.7492000000000008e-05
8.9912000000000002e-05
0.00011081300000000001
9.0292000000000009e-05
8.9922000000000011e-05
9.0252000000000003e-05
9.0302000000000004e-05
9.0872000000000007e-05
9.0322000000000007e-05
9.0122000000000002e-05
9.0172000000000003e-05
9.0101999999999999e-05
9.0101999999999999e-05
8.9862000000000001e-05
8.9972000000000012e-05
9.0222000000000005e-05
9.0252000000000003e-05
9.0012000000000005e-05
9.0231999999999999e-05
9.0132000000000011e-05
9.0092000000000004e-05
9.0292000000000009e-05
9.0282000000000001e-05
9.0352000000000005e-05
0.000107903
0.00010113200000000001
0.00011184300000000001
9.4402000000000009e-05
9.0502000000000009e-05
9.0352000000000005e-05
8.9812e-05
9.000200000000001e-05
9.0062000000000006e-05
9.0042000000000003e-05
0.000133163
8.9922000000000011e-05
9.0182000000000012e-05
9.0322000000000007e-05
9.0162000000000009e-05
9.0532000000000007e-05
9.0062000000000006e-05
9.0522000000000012e-05
9.0532000000000007e-05
9.0282000000000001e-05
0.00010668300000000001
9.1932e-05
9.0152e-05
9.0332000000000002e-05
0.000106012
9.0072000000000001e-05
0.00010331300000000001
0.000136093
0.00012848300000000001
0.00012231200000000002
0.00012449300000000002
0.00012282300000000001
0.00012712300000000001
0.00012303300000000001
0.000124993
0.00012655200000000002
0.00012702300000000001
0.00012314300000000001
0.00013418300000000001
0.00012007200000000001
0.000126093
0.00011982300000000001
0.00012308300000000001
0.00013998300000000002
0.000119833
0.000124542
0.00012408300000000001
0.00012314300000000001
0.00012350300000000001
0.000124103
0.000126802
0.000127513
0.00012612300000000001
0.00014898400000000001
0.000125902
0.000133313
0.00012654300000000001
0.00012722300000000001
0.00012706300000000001
0.000126563
0.00012596300000000001
0.00013197300000000002
0.00012081300000000001
0.00012487200000000002
0.000126103
0.00012591300000000001
0.00013308300000000001
0.000131163
0.000151364
0.00012793200000000001
0.00012933200000000001
0.00014133400000000001
0.000126723
0.00012649199999999999
0.000145394
0.000122232
0.000123662
0.00012116300000000001
0.00012081300000000001
0.00012136300000000001
0.00012248200000000001
0.00012223300000000002
0.000127253
0.000128343
0.00015014300000000002
0.000128243
0.00013477300000000001
0.00012826300000000002
0.00041689500000000003
0.00025197500000000004
0.000252045
0.00013539300000000001
0.00012486300000000001
0.00012496300000000002
0.000124793
0.00014181300000000002
0.00012523300000000001
0.000138193
9.0312000000000012e-05
9.0132000000000011e-05
9.0472000000000011e-05
9.0312000000000012e-05
9.0512000000000003e-05
9.0452000000000007e-05
9.0142000000000005e-05
9.0182000000000012e-05
9.0101999999999999e-05
9.0022e-05
9.0192000000000007e-05
8.9652000000000002e-05
8.9782000000000002e-05
9.0242000000000008e-05
9.0332000000000002e-05
9.0072000000000001e-05
9.0013000000000007e-05
9.0372000000000008e-05
9.0292000000000009e-05
9.2982000000000012e-05
9.0392000000000011e-05
0.00010840200000000001
9.0622000000000001e-05
9.0142000000000005e-05
9.0262000000000011e-05
9.0422000000000009e-05
9.0612000000000006e-05
9.0352000000000005e-05
9.0142000000000005e-05
9.0052000000000011e-05
0.000103893
9.0022e-05
8.9962000000000004e-05
8.9912000000000002e-05
9.0192000000000007e-05
9.0512000000000003e-05
0.000100882
9.0402000000000006e-05
9.0742000000000006e-05
9.0312000000000012e-05
9.0182000000000012e-05
9.0362e-05
0.00010700300000000001
9.055200000000001e-05
9.0022e-05
9.0282000000000001e-05
9.0042000000000003e-05
9.0231999999999999e-05
9.0092000000000004e-05
9.0272000000000006e-05
9.0292000000000009e-05
9.0562000000000005e-05
9.0302000000000004e-05
9.068200000000001e-05
9.0512000000000003e-05
9.0972000000000009e-05
9.0632000000000009e-05
9.0512000000000003e-05
9.0432000000000004e-05
9.0463000000000004e-05
9.055200000000001e-05
9.0242000000000008e-05
9.0082000000000009e-05
9.0202000000000001e-05
0.00010714200000000001
9.0032000000000008e-05
9.0252000000000003e-05
8.9812e-05
9.021200000000001e-05
9.0441999999999999e-05
9.0492e-05
9.0402000000000006e-05
9.0972000000000009e-05
9.0172000000000003e-05
8.9932000000000006e-05
9.0172000000000003e-05
9.770300000000001e-05
9.0362e-05
9.0412000000000001e-05
9.0242000000000008e-05
9.0162000000000009e-05
9.0312000000000012e-05
9.0152e-05
8.9882000000000004e-05
8.9862000000000001e-05
9.0262000000000011e-05
0.00010660200000000001
9.0542000000000001e-05
9.0422000000000009e-05
9.0543000000000004e-05
9.0441999999999999e-05
9.0392000000000011e-05
9.0362e-05
9.0332000000000002e-05
9.0352000000000005e-05
9.0072000000000001e-05
9.0032000000000008e-05
9.0112000000000007e-05
9.0402000000000006e-05
9.0152e-05
9.0032000000000008e-05
9.0422000000000009e-05
9.0382000000000003e-05
9.0372000000000008e-05
9.0512000000000003e-05
9.0412000000000001e-05
9.0842000000000009e-05
9.0322000000000007e-05
0.00010744300000000001
9.021200000000001e-05
0.000103362
9.0152e-05
9.0142000000000005e-05
8.9992000000000002e-05
8.9992000000000002e-05
9.0252000000000003e-05
0.00012370300000000002
9.0192000000000007e-05
9.0112000000000007e-05
9.0052000000000011e-05
9.0222000000000005e-05
9.0282000000000001e-05
9.0242000000000008e-05
9.0602000000000011e-05
9.0152e-05
9.0082000000000009e-05
9.000200000000001e-05
8.9982000000000007e-05
9.0392000000000011e-05
0.00010755300000000001
9.0052000000000011e-05
9.0182000000000012e-05
9.0172000000000003e-05
9.0012000000000005e-05
9.0012000000000005e-05
9.0032000000000008e-05
9.0322000000000007e-05
9.0402000000000006e-05
9.0512000000000003e-05
9.0452000000000007e-05
9.0732000000000012e-05
9.0322000000000007e-05
9.0402000000000006e-05
0.000108343
9.0292000000000009e-05
9.0192000000000007e-05
9.0162000000000009e-05
9.0242000000000008e-05
9.8642000000000009e-05
0.00011602300000000001
0.000145253
0.00011956300000000001
0.000118542
0.000143993
0.000161263
0.000126172
0.00012695300000000002
0.000133893
0.00012867300000000002
0.00012296299999999999
0.00012558300000000002
0.000125893
0.000114302
0.000122383
0.00011390300000000001
9.0092000000000004e-05
0.000129228
9.0672000000000002e-05
9.0472000000000011e-05
9.0512000000000003e-05
9.0672000000000002e-05
9.068200000000001e-05
9.0712000000000008e-05
9.0441999999999999e-05
9.1052000000000008e-05
9.0752000000000001e-05
9.0392000000000011e-05
0.000111593
9.0392000000000011e-05
9.0172000000000003e-05
8.9972000000000012e-05
9.0112000000000007e-05
9.0182000000000012e-05
0.00010958200000000001
0.00010807300000000001
9.0122000000000002e-05
8.9891999999999999e-05
9.0332000000000002e-05
0.00014600300000000002
9.0852000000000004e-05
9.0522000000000012e-05
9.0822000000000006e-05
9.0572e-05
9.0332000000000002e-05
9.0592000000000003e-05
9.0862000000000012e-05
9.0352000000000005e-05
9.0392000000000011e-05
9.0441999999999999e-05
9.0802000000000002e-05
9.0822000000000006e-05
9.021200000000001e-05
9.0492e-05
9.0582000000000008e-05
9.0742000000000006e-05
0.00010798200000000001
9.0602000000000011e-05
9.0872000000000007e-05
9.0852000000000004e-05
9.0562000000000005e-05
9.0402000000000006e-05
9.0402000000000006e-05
9.0412000000000001e-05
9.0542000000000001e-05
9.0122000000000002e-05
9.0332000000000002e-05
9.0352000000000005e-05
9.0132000000000011e-05
9.0142000000000005e-05
9.034200000000001e-05
9.0332000000000002e-05
9.0422000000000009e-05
9.0272000000000006e-05
9.0462000000000002e-05
9.0352000000000005e-05
9.0562000000000005e-05
9.0562000000000005e-05
0.00010691200000000001
0.00012960200000000001
9.0163000000000011e-05
9.0502000000000009e-05
9.0202000000000001e-05
9.0101999999999999e-05
9.0142000000000005e-05
9.0322000000000007e-05
0.000107732
0.000104962
9.034200000000001e-05
9.0332000000000002e-05
9.0302000000000004e-05
9.0422000000000009e-05
0.00010477200000000001
9.1082000000000006e-05
9.0492e-05
9.0462000000000002e-05
9.0372000000000008e-05
9.021200000000001e-05
9.0702e-05
0.000107903
9.0202000000000001e-05
9.0072000000000001e-05
9.0322000000000007e-05
8.9812e-05
9.0402000000000006e-05
9.0192000000000007e-05
9.0152e-05
9.0231999999999999e-05
9.3791999999999999e-05
9.0302000000000004e-05
9.0702e-05
9.0282000000000001e-05
9.0332000000000002e-05
9.0352000000000005e-05
9.0402000000000006e-05
9.0352000000000005e-05
9.0082000000000009e-05
8.9922000000000011e-05
0.00013283300000000001
9.0403000000000008e-05
0.00010854200000000001
8.9992000000000002e-05
8.9912000000000002e-05
9.0231999999999999e-05
9.0262000000000011e-05
9.0472000000000011e-05
9.0632000000000009e-05
9.0652000000000012e-05
9.0452000000000007e-05
9.0412000000000001e-05
9.0231999999999999e-05
9.0422000000000009e-05
9.0781999999999999e-05
9.0402000000000006e-05
9.0032000000000008e-05
9.0262000000000011e-05
9.0012000000000005e-05
8.9982000000000007e-05
9.0072000000000001e-05
9.0132000000000011e-05
9.0132000000000011e-05
9.0372000000000008e-05
0.00010738200000000001
9.0382000000000003e-05
9.0622000000000001e-05
9.0472000000000011e-05
9.0452000000000007e-05
9.0432000000000004e-05
0.000108603
9.0722000000000003e-05
0.00010314200000000001
9.0202000000000001e-05
9.0352000000000005e-05
9.8703000000000007e-05
9.3462000000000007e-05
9.3342000000000002e-05
9.6382e-05
0.00014309300000000001
0.00016047900000000002
0.00016855900000000001
0.000151003
0.000130233
0.00012895300000000001
0.00012846300000000002
0.00012843300000000001
0.000126883
0.00012506300000000002
0.00012268200000000002
0.00012220300000000001
0.00012246300000000001
0.000121923
0.00012182200000000001
0.00012199300000000001
0.00012196300000000001
0.000121983
0.000122232
0.00014299400000000002
0.00012272199999999999
0.000123103
0.00012225300000000001
0.00012168300000000001
0.000122342
0.000122163
0.00012235300000000001
0.000122273
0.00015738300000000001
0.00012164300000000001
0.00012170300000000001
0.00012156200000000001
0.000121743
0.000122003
0.00012152300000000001
0.00014292300000000001
0.000143683
0.000122383
0.00012276300000000002
0.00012167200000000001
0.000121922
0.000121563
0.000121953
0.00012182200000000001
0.000121922
0.00012136300000000001
0.00012231300000000001
0.00012177200000000001
0.00012151200000000001
0.00012170300000000001
0.00012178300000000001
0.00014124300000000002
0.000122123
0.00012259200000000001
0.00012277300000000001
0.00012239300000000002
0.00012157300000000001
0.00016023300000000002
0.00012225300000000001
0.000122433
0.000122173
0.00012216200000000001
0.000122643
0.00012157300000000001
0.00012213300000000002
0.000122242
0.00015749900000000002
0.00013486300000000001
0.00012574300000000002
0.00012862300000000002
0.00012585300000000002
0.00013162300000000001
0.000126463
0.00012716300000000002
0.000133573
0.000125272
0.000143444
0.000125463
0.00013314300000000001
0.00014700300000000002
0.000125983
0.000127093
0.000132323
0.000125523
0.00012670200000000002
0.00018670400000000002
0.000125933
0.00012709200000000001
0.00012685300000000001
0.00013318300000000002
0.00012561300000000001
0.000127133
0.00012670300000000001
0.000133153
0.00014681300000000001
0.00012608300000000001
0.00012575300000000001
0.00013189300000000001
0.00012705300000000002
0.000126933
0.00013312300000000002
0.000132113
0.000125213
0.000126823
0.00012637300000000002
0.000127312
0.00012707300000000001
0.000125943
0.00015170400000000001
0.000146293
0.00012570300000000001
0.000126773
0.00012697300000000001
0.00014382300000000001
0.00012605300000000002
0.00012686300000000001
0.00013151300000000001
0.00012649199999999999
0.00012660300000000001
0.00013272300000000001
0.000136453
0.000127663
0.00014468400000000001
0.000119382
0.000147594
0.00011989200000000001
0.00011897200000000001
0.00011921300000000001
0.00013223300000000002
0.000136093
0.000134843
0.00013492300000000001
0.00010225200000000001
0.00010076300000000001
0.00012786300000000001
0.00012738200000000002
0.00012605200000000001
0.00012642300000000002
0.00012789300000000002
0.000135153
0.00015221400000000002
0.00013778300000000002
0.000134263
0.00012801300000000001
0.000127513
0.00012735200000000001
0.00013503300000000001
0.00012974200000000002
0.00012924200000000001
0.00012901300000000001
0.000135783
0.00012742300000000002
0.000127083
0.00012705300000000002
0.00013539300000000001
0.000150784
0.00012962300000000002
0.00012980200000000002
0.00013566400000000002
0.00013001200000000001
0.000130032
0.000134463
0.000128522
0.00012837300000000001
0.000127393
0.00013498300000000001
0.000128083
0.00012728300000000001
0.000169264
0.00012720299999999999
0.000142903
0.000121823
0.00012962300000000002
0.00012105300000000001
0.000121922
0.000120883
0.00012801300000000001
0.00012626300000000002
0.000130073
0.00012697300000000001
0.000126582
0.000125962
0.00012789300000000002
0.00012786300000000001
0.00013194300000000001
0.00014832300000000001
0.000129412
0.00012811300000000001
0.00013576300000000001
0.00013072300000000002
0.00012910300000000001
0.000128353
0.00013679300000000002
0.000129033
0.00012936300000000001
0.00013586300000000001
0.00014427400000000001
0.000129383
0.00012948200000000002
0.00013492300000000001
0.00014995300000000001
0.00012846300000000002
0.00012785300000000001
0.00013450300000000001
0.00012957300000000001
0.000129073
0.000133733
0.00012732300000000001
0.000128162
0.00012635200000000001
0.000135473
0.00012822300000000001
0.000127133
0.000146324
0.00013700300000000002
0.00014979300000000001
0.000128823
0.00013633300000000001
0.00013011300000000001
0.000129703
0.00012833300000000001
0.00015220300000000001
0.00012994300000000001
0.00013994300000000001
0.00011579200000000001
9.068200000000001e-05
9.021200000000001e-05
9.0312000000000012e-05
9.0402000000000006e-05
9.5822000000000005e-05
9.5983000000000006e-05
9.0242000000000008e-05
0.00010820200000000001
9.0112000000000007e-05
9.0202000000000001e-05
8.979200000000001e-05
9.2422000000000004e-05
8.9952000000000009e-05
9.0022e-05
9.0402000000000006e-05
9.0602000000000011e-05
0.00026743099999999999
0.00012262300000000001
0.000122793
0.00015464300000000002
0.000126783
0.000124473
0.00012031300000000001
0.000155363
0.00013188300000000001
0.000127723
0.000137513
0.000118993
0.00011850300000000001
0.00011953200000000001
0.00018491500000000001
0.000123072
0.00013125300000000001
0.00012570300000000001
0.000120463
0.00011158300000000001
9.1352000000000002e-05
0.00011701200000000001
0.00013762300000000002
0.00014024400000000001
0.000125432
0.00012476300000000001
0.00014469400000000001
0.000125322
0.00013124300000000002
0.00014498400000000002
0.000125203
0.000125182
0.00012559300000000002
0.00014582400000000002
0.000125272
0.00013230300000000001
0.00012508300000000001
0.000146914
0.000124802
0.00012555300000000001
0.000124633
0.000125213
0.00016278400000000002
0.000124802
0.00015343400000000001
0.00012413300000000001
0.000124783
0.000124802
0.00014442400000000001
0.00012459300000000002
0.000132032
0.000125072
0.00014923400000000001
0.000125103
0.00014670300000000001
0.000141173
0.00013063300000000001
0.000125253
0.000124463
0.000124523
0.000124552
0.00012491300000000002
0.00012476300000000001
0.00015536400000000001
0.00012448200000000001
0.00013129300000000002
0.00012461300000000001
0.000124633
0.00012506300000000002
0.00012519300000000001
0.00016160300000000002
0.000155284
0.000131013
0.000124113
0.00012461300000000001
0.00012495200000000001
0.00012482300000000001
0.00012451300000000001
0.00015843400000000002
0.000142783
0.000131643
0.00012460300000000001
0.000149693
0.00012477300000000001
0.00012564300000000002
0.00012506300000000002
0.00014203300000000001
0.00012448300000000002
0.00012456200000000002
0.000124962
0.00015820400000000001
0.00012430300000000001
0.00012430300000000001
0.00017009300000000001
0.000130953
0.00012392300000000001
0.00012417300000000002
0.00017335400000000002
0.00012451300000000001
0.000125103
0.00014521300000000002
0.000124583
0.000125003
0.00012529200000000002
0.00014410400000000001
0.00012397300000000001
0.000124752
0.00012495299999999999
0.000144093
0.000130813
0.00012387300000000001
0.000124163
0.000143583
0.000124163
0.000124733
0.00012501300000000002
0.00038180400000000002
0.000126933
0.000125382
0.00016258400000000001
0.00012878300000000002
0.00012718300000000001
0.00016196400000000001
0.00012864300000000001
0.00012729200000000001
0.000125003
0.00012642300000000002
0.00012747300000000002
0.00013345300000000001
0.000125153
0.000127603
0.00012626300000000002
0.000125203
0.00012678200000000001
0.00014949400000000002
0.000128343
0.00012675300000000001
0.00012584200000000001
0.000127393
0.000127353
0.00012592300000000001
0.00012796300000000001
0.00012663300000000002
0.00012612300000000001
0.00013429300000000001
0.00012832300000000001
0.00013255300000000002
0.000127343
0.000127942
0.00014930300000000002
0.000164754
0.00012603200000000002
0.00014427300000000002
0.00012820300000000002
0.00012715300000000002
0.00012688200000000001
0.00012744300000000001
0.00012851300000000002
0.000134103
0.00012812300000000001
0.000128393
0.00012763300000000002
0.00012152300000000001
0.00012186300000000001
0.00014270300000000002
0.00012070200000000001
0.00012094200000000001
0.00012023300000000001
0.000120773
0.00012293199999999999
0.00012671200000000002
0.000127463
0.00012616300000000002
0.00012664300000000001
0.00013361300000000001
0.000126573
0.000126823
0.000127043
0.00016330300000000001
0.000126883
0.00014745400000000001
0.000133413
0.000127503
0.000127682
0.000127143
0.000127403
0.000151404
0.00012666200000000001
0.00012675300000000001
0.00013356300000000001
0.000125623
0.000125943
0.00012726300000000002
0.000131173
0.00012717300000000001
0.000149383
0.000127613
0.000125943
0.000127663
0.00012775300000000001
0.00012621300000000002
0.000127842
0.00012691200000000002
0.00012827300000000001
0.000134263
0.00014971400000000001
0.000161693
0.000127673
0.00012790300000000001
0.00012805300000000002
0.00014815300000000002
0.00012650200000000002
0.00012731300000000002
0.000127933
0.00012790300000000001
0.000127243
0.00012799300000000002
0.00013350300000000001
0.000127663
0.00014898300000000002
0.00012736300000000002
0.00012830299999999999
0.00012878300000000002
0.00012789300000000002
0.00012712300000000001
0.000148543
0.000127933
0.00012706300000000001
0.000126993
0.000127463
0.00012699200000000001
0.00025736600000000003
0.00012303300000000001
0.00021968500000000001
0.00012349300000000002
0.00012272199999999999
0.00012344300000000002
0.00012397300000000001
0.000123423
0.000123843
0.000123812
0.00012328300000000002
0.00012398300000000001
0.00014102800000000002
9.0432000000000004e-05
8.9882000000000004e-05
9.034200000000001e-05
9.0192000000000007e-05
9.0222000000000005e-05
8.9922000000000011e-05
9.0012000000000005e-05
9.0112000000000007e-05
9.0062000000000006e-05
9.0222000000000005e-05
9.0512000000000003e-05
9.0672000000000002e-05
9.0832e-05
0.000103972
9.0462000000000002e-05
9.0362e-05
9.0231999999999999e-05
9.0472000000000011e-05
0.00010840300000000001
9.0542000000000001e-05
9.0172000000000003e-05
9.0352000000000005e-05
9.0222000000000005e-05
0.000136143
9.0752000000000001e-05
9.0572e-05
9.0432000000000004e-05
9.0742000000000006e-05
9.0862000000000012e-05
9.0952000000000006e-05
9.0752000000000001e-05
9.0382000000000003e-05
9.0632000000000009e-05
9.055200000000001e-05
9.0662000000000007e-05
9.0563000000000007e-05
9.0352000000000005e-05
9.0362e-05
9.0322000000000007e-05
0.000107922
9.0482000000000005e-05
9.0312000000000012e-05
9.0382000000000003e-05
9.0522000000000012e-05
9.0292000000000009e-05
9.0622000000000001e-05
9.0542000000000001e-05
9.0852000000000004e-05
0.000104943
0.00011319200000000001
0.00011495300000000001
9.068200000000001e-05
9.0352000000000005e-05
9.0242000000000008e-05
9.021200000000001e-05
9.0231999999999999e-05
9.0231999999999999e-05
0.00010204300000000001
0.00011949200000000001
0.000110853
9.1002000000000007e-05
9.0781999999999999e-05
0.00013375300000000002
9.1012000000000002e-05
0.00011741300000000001
9.4732e-05
9.0292000000000009e-05
9.0052000000000011e-05
9.034200000000001e-05
8.9882000000000004e-05
9.0132000000000011e-05
8.9962000000000004e-05
0.00010466200000000001
9.0412000000000001e-05
9.0112000000000007e-05
9.0042000000000003e-05
9.0152e-05
0.00011688200000000001
0.000118993
0.00015936600000000001
0.00012451200000000002
0.000117213
0.00012482300000000001
0.00012428300000000002
0.00012361300000000001
0.00012336200000000002
0.00012323300000000002
0.000123573
0.00012387300000000001
0.00012196200000000001
0.00012409300000000001
0.000123843
0.000123323
0.00014617300000000001
0.00017492400000000002
0.000130913
0.000123943
0.00012167300000000001
0.00012424300000000001
0.00014658300000000002
0.00012480300000000002
0.000122652
0.00012305200000000001
0.00012324300000000001
0.000120513
0.000123533
0.00012385200000000001
0.000124733
0.00014581300000000001
0.000122922
0.000130023
0.000192165
0.000124222
0.000130252
0.00023522600000000003
0.000125353
0.000123492
0.00012256300000000001
0.00014560300000000001
0.00012299200000000002
0.00012341300000000001
0.00016005400000000002
0.00014465300000000001
0.000149073
0.000416463
0.00011859200000000001
0.00012105200000000001
0.00010369300000000001
9.0822000000000006e-05
0.000113152
0.000123523
0.00012586300000000001
0.00010710200000000001
9.0542000000000001e-05
9.0282000000000001e-05
9.0592000000000003e-05
9.0272000000000006e-05
8.990300000000001e-05
9.0062000000000006e-05
9.0092000000000004e-05
9.021200000000001e-05
0.000110352
9.0482000000000005e-05
9.0142000000000005e-05
9.0572e-05
9.0262000000000011e-05
9.0842000000000009e-05
9.0702e-05
9.0692000000000005e-05
9.0082000000000009e-05
9.0412000000000001e-05
9.0462000000000002e-05
9.0292000000000009e-05
9.0312000000000012e-05
0.00013538300000000001
9.0352000000000005e-05
8.9992000000000002e-05
8.9891999999999999e-05
9.0092000000000004e-05
9.0312000000000012e-05
9.0231999999999999e-05
9.0042000000000003e-05
0.000107892
9.0622000000000001e-05
9.0492e-05
9.076200000000001e-05
9.0472000000000011e-05
9.0553000000000012e-05
9.0382000000000003e-05
9.0192000000000007e-05
9.021200000000001e-05
8.9952000000000009e-05
9.0122000000000002e-05
9.0012000000000005e-05
9.0052000000000011e-05
9.0032000000000008e-05
8.9992000000000002e-05
9.0052000000000011e-05
9.0012000000000005e-05
9.4172000000000006e-05
9.0382000000000003e-05
9.0532000000000007e-05
9.0792000000000008e-05
9.0662000000000007e-05
0.00012002300000000001
9.0502000000000009e-05
9.0372000000000008e-05
9.0372000000000008e-05
9.0072000000000001e-05
9.0252000000000003e-05
9.0282000000000001e-05
9.0262000000000011e-05
9.0222000000000005e-05
0.00011997300000000001
9.0162000000000009e-05
9.034200000000001e-05
9.0582000000000008e-05
9.0452000000000007e-05
9.0522000000000012e-05
9.0972000000000009e-05
9.0472000000000011e-05
9.0672000000000002e-05
9.021200000000001e-05
9.021200000000001e-05
9.0322000000000007e-05
0.00010765300000000001
9.0172000000000003e-05
9.0122000000000002e-05
9.0062000000000006e-05
9.0072000000000001e-05
8.9972000000000012e-05
9.000200000000001e-05
9.0262000000000011e-05
9.0402000000000006e-05
9.0612000000000006e-05
9.0612000000000006e-05
9.0812000000000011e-05
9.055200000000001e-05
9.021200000000001e-05
9.0582000000000008e-05
9.0752000000000001e-05
9.0632000000000009e-05
9.0472000000000011e-05
9.0231999999999999e-05
9.0252000000000003e-05
8.9932000000000006e-05
9.0282000000000001e-05
0.00010688200000000001
9.021200000000001e-05
9.0512000000000003e-05
9.0192000000000007e-05
9.0562000000000005e-05
9.0692000000000005e-05
0.00011987300000000001
9.0172000000000003e-05
9.0222000000000005e-05
9.0072000000000001e-05
9.0172000000000003e-05
9.0322000000000007e-05
8.9782000000000002e-05
8.9842000000000012e-05
8.9732000000000001e-05
9.0162000000000009e-05
0.000131333
9.0382000000000003e-05
9.0101999999999999e-05
9.055200000000001e-05
9.0242000000000008e-05
0.000125263
9.0612000000000006e-05
9.0652000000000012e-05
9.0182000000000012e-05
9.0712000000000008e-05
9.021200000000001e-05
9.0372000000000008e-05
9.0441999999999999e-05
9.0202000000000001e-05
9.0202000000000001e-05
9.0012000000000005e-05
9.0322000000000007e-05
0.000103992
9.0192000000000007e-05
8.9942e-05
9.0101999999999999e-05
9.0292000000000009e-05
9.0302000000000004e-05
9.0542000000000001e-05
0.00010912300000000001
9.0302000000000004e-05
9.0492e-05
9.0292000000000009e-05
9.0502000000000009e-05
0.000137763
9.0462000000000002e-05
9.0432000000000004e-05
9.0632000000000009e-05
9.0422000000000009e-05
9.0112000000000007e-05
9.0242000000000008e-05
9.0242000000000008e-05
9.0332000000000002e-05
9.0642000000000004e-05
9.0862000000000012e-05
9.0602000000000011e-05
9.0962000000000001e-05
9.068200000000001e-05
0.00012941300000000002
0.00016356400000000002
0.00011793300000000001
0.000116533
9.6892000000000007e-05
9.0252000000000003e-05
8.9942e-05
9.0332000000000002e-05
9.0272000000000006e-05
9.0172000000000003e-05
9.0352000000000005e-05
9.0512000000000003e-05
9.0052000000000011e-05
9.034200000000001e-05
9.0122000000000002e-05
9.0492e-05
9.0192000000000007e-05
0.000109913
9.0512000000000003e-05
9.0292000000000009e-05
9.0231999999999999e-05
9.0101999999999999e-05
9.0222000000000005e-05
0.00012631299999999999
9.8062000000000011e-05
9.0332000000000002e-05
9.0272000000000006e-05
8.9982000000000007e-05
9.0162000000000009e-05
9.0032000000000008e-05
9.0472000000000011e-05
9.0252000000000003e-05
9.0672000000000002e-05
9.0592000000000003e-05
9.0231999999999999e-05
9.0322000000000007e-05
9.0612000000000006e-05
9.0372000000000008e-05
0.00012801200000000002
0.00010747300000000001
0.00010172200000000001
9.0392000000000011e-05
9.0492e-05
9.0092000000000004e-05
9.0082000000000009e-05
8.9992000000000002e-05
9.0152e-05
9.0472000000000011e-05
9.0542000000000001e-05
9.0502000000000009e-05
9.0101999999999999e-05
9.0222000000000005e-05
9.0101999999999999e-05
9.0242000000000008e-05
9.0441999999999999e-05
9.0262000000000011e-05
9.0222000000000005e-05
9.0302000000000004e-05
9.0042000000000003e-05
0.000111032
9.0502000000000009e-05
9.0352000000000005e-05
0.00013387300000000001
9.0202000000000001e-05
9.0392000000000011e-05
9.0402000000000006e-05
9.0852000000000004e-05
9.0382000000000003e-05
9.0122000000000002e-05
9.0292000000000009e-05
8.9952000000000009e-05
9.0492e-05
9.0062000000000006e-05
9.0152e-05
9.0072000000000001e-05
9.0252000000000003e-05
9.0092000000000004e-05
8.9882000000000004e-05
9.0382000000000003e-05
9.0202000000000001e-05
9.0042000000000003e-05
0.000108393
9.0242000000000008e-05
9.0542000000000001e-05
9.0522000000000012e-05
9.0112000000000007e-05
9.0182000000000012e-05
9.0412000000000001e-05
9.0452000000000007e-05
8.9992000000000002e-05
8.9942e-05
9.0262000000000011e-05
9.034200000000001e-05
9.0192000000000007e-05
9.0202000000000001e-05
9.0242000000000008e-05
9.0172000000000003e-05
9.0362e-05
9.0712000000000008e-05
9.0542000000000001e-05
9.0632000000000009e-05
9.0202000000000001e-05
0.00013783300000000002
0.000104263
9.034200000000001e-05
9.0462000000000002e-05
9.0032000000000008e-05
9.021200000000001e-05
9.0042000000000003e-05
9.0072000000000001e-05
0.00010790200000000001
9.0193000000000009e-05
9.2812000000000005e-05
0.000115562
9.3102000000000004e-05
9.0452000000000007e-05
9.0462000000000002e-05
9.0982000000000004e-05
9.0573000000000002e-05
9.0132000000000011e-05
9.0242000000000008e-05
9.0452000000000007e-05
9.0032000000000008e-05
0.00010977200000000001
9.0462000000000002e-05
9.0292000000000009e-05
9.0362e-05
9.0452000000000007e-05
9.0512000000000003e-05
9.0542000000000001e-05
9.0602000000000011e-05
9.0402000000000006e-05
9.0913000000000002e-05
9.0982000000000004e-05
9.0812000000000011e-05
9.0942000000000011e-05
9.0452000000000007e-05
9.0722000000000003e-05
9.0792000000000008e-05
9.0882000000000002e-05
9.0422000000000009e-05
0.00011972300000000001
9.0252000000000003e-05
9.0472000000000011e-05
0.000107522
8.9982000000000007e-05
8.9862000000000001e-05
9.0052000000000011e-05
9.0262000000000011e-05
9.0512000000000003e-05
9.0392000000000011e-05
9.055200000000001e-05
9.0202000000000001e-05
9.0112000000000007e-05
8.9952000000000009e-05
9.0272000000000006e-05
9.0153000000000002e-05
9.0172000000000003e-05
9.0042000000000003e-05
9.0092000000000004e-05
8.9882000000000004e-05
8.9712000000000011e-05
9.0132000000000011e-05
8.9942e-05
0.000107132
0.000165379
0.00012774300000000001
0.000145093
0.000128613
0.000129653
0.00016752600000000001
0.00013673300000000002
0.00013707300000000001
0.00017928400000000001
9.246200000000001e-05
0.000119363
9.0432000000000004e-05
9.0462000000000002e-05
0.000137823
0.000127083
0.00019148400000000001
9.0562000000000005e-05
0.00010827300000000001
9.0312000000000012e-05
0.000101482
9.0872000000000007e-05
9.6752000000000011e-05
9.0792000000000008e-05
0.00012239300000000002
0.00012055300000000001
0.00011778300000000001
0.000111352
0.000100512
9.0242000000000008e-05
9.0312000000000012e-05
9.0172000000000003e-05
9.0262000000000011e-05
9.0352000000000005e-05
9.0262000000000011e-05
9.0352000000000005e-05
0.000172824
0.00015669300000000001
0.00010599300000000001
0.00020472400000000001
9.0282000000000001e-05
9.0382000000000003e-05
9.0322000000000007e-05
9.0362e-05
0.000111143
0.00010128200000000001
0.000109963
9.0412000000000001e-05
9.0231999999999999e-05
9.1382e-05
0.000129813
0.00012147300000000001
0.00012372200000000002
0.00012522300000000002
0.000122223
0.00014480300000000002
0.000122113
0.00012065300000000001
0.00012175300000000001
0.00017049300000000002
0.000122533
0.00012167300000000001
0.000124163
0.00013218300000000002
0.00012994300000000001
0.00012694300000000002
0.000134303
0.00013134300000000002
0.000129663
0.00012762200000000001
0.00014621400000000001
0.00012581300000000001
0.000128563
0.000127732
0.00023966500000000002
0.00012893300000000002
0.000129753
0.000134303
0.00012894300000000002
0.00019010400000000002
0.00012890300000000001
0.00012208300000000002
0.00019142400000000002
0.00052707200000000007
0.00012532300000000002
0.000126403
0.000143163
0.000126993
0.00013450300000000001
0.00012654300000000001
0.000126783
0.00019777400000000001
0.000124583
0.00012296299999999999
0.00012298300000000001
0.00015014300000000002
0.00013699300000000002
0.000129173
0.000129763
0.000136093
0.00012474299999999999
0.00012605300000000002
0.00012900300000000001
0.00013432300000000002
0.00012863300000000001
0.00013659300000000001
0.00012983300000000002
0.00012621300000000002
0.00013105300000000001
0.000127992
0.00014788400000000001
0.00012754300000000001
0.00012765300000000001
0.00012896200000000002
0.00013047200000000002
0.00012941300000000002
0.00012963300000000001
0.000126883
0.000133943
0.000127773
0.00012879300000000001
0.00028145600000000002
0.00024474400000000003
0.000143115
0.000114653
0.000117293
0.00011419200000000001
0.00013234300000000002
9.0522000000000012e-05
9.0192000000000007e-05
9.0202000000000001e-05
9.0322000000000007e-05
9.0462000000000002e-05
9.0282000000000001e-05
9.0282000000000001e-05
9.0362e-05
0.00011733300000000001
0.000126463
0.00012649300000000001
0.000149963
0.000126723
0.00012733300000000001
0.00012647300000000002
0.000125513
0.00012643300000000001
0.000127322
0.000126012
0.00012695300000000002
0.000126153
0.00013322299999999999
0.000123893
0.00012613300000000001
0.00012832300000000001
0.000137613
0.00014772300000000002
0.000128703
0.000128703
0.00012851300000000002
0.00012880300000000001
0.00012718300000000001
0.00012879300000000001
0.00012874300000000001
0.00012827200000000002
0.00012900300000000001
0.00013440300000000001
0.00012715300000000002
0.00012796300000000001
0.000204835
0.000128193
0.00015041300000000001
0.00012664300000000001
0.000129173
0.000128873
0.00012920300000000002
0.00025946399999999999
0.00012873300000000002
0.00012849200000000002
0.000130853
0.000130543
0.00017850400000000001
0.000127553
0.00014097300000000002
0.00012806199999999999
0.00012880300000000001
0.00013046300000000001
0.000128503
0.00015007400000000001
0.000150323
0.000124253
0.000126623
0.000128193
0.00013040300000000002
0.00012875300000000001
0.00012803200000000001
0.00012837300000000001
0.00012890300000000001
0.000133323
0.00012791300000000001
0.00012675300000000001
0.00012580300000000002
0.00012720299999999999
0.00012859300000000001
0.00015042300000000001
0.000128293
0.000144103
0.00012736300000000002
0.00017042400000000002
0.00012804300000000002
0.000129453
0.000129543
0.000125363
0.00013354300000000002
0.000133323
0.00012571300000000001
0.000126143
0.00012775200000000002
0.00012833300000000001
0.00014599400000000001
0.000120172
0.00012270300000000002
0.00012587300000000001
0.00012538300000000002
0.000128083
0.00012587300000000001
0.00012259200000000001
0.00012102300000000001
0.00012481300000000001
0.00010100200000000001
9.0812000000000011e-05
9.0502000000000009e-05
9.0202000000000001e-05
9.0142000000000005e-05
9.0032000000000008e-05
9.0112000000000007e-05
0.00010937200000000001
9.0332000000000002e-05
9.0302000000000004e-05
8.9902000000000008e-05
0.00014193300000000001
0.00031696700000000003
0.00012712200000000002
0.00028372200000000003
0.00018739400000000002
9.068200000000001e-05
0.00011688200000000001
0.000119673
0.00012105300000000001
0.00012070200000000001
0.00010094300000000001
9.0132000000000011e-05
9.0242000000000008e-05
9.068200000000001e-05
9.0222000000000005e-05
9.0101999999999999e-05
9.0412000000000001e-05
9.0612000000000006e-05
9.0492e-05
9.0712000000000008e-05
9.0632000000000009e-05
0.00011078200000000001
0.000103522
9.0422000000000009e-05
9.0292000000000009e-05
9.0382000000000003e-05
9.0082000000000009e-05
8.9942e-05
8.9912000000000002e-05
9.0062000000000006e-05
9.0242000000000008e-05
0.00010227200000000001
0.000108583
9.0382000000000003e-05
9.0441999999999999e-05
9.0242000000000008e-05
9.0752000000000001e-05
9.0462000000000002e-05
9.0852000000000004e-05
9.0352000000000005e-05
9.0282000000000001e-05
9.0231999999999999e-05
0.000109183
9.0332000000000002e-05
9.0282000000000001e-05
9.0012000000000005e-05
9.0272000000000006e-05
9.0282000000000001e-05
9.0272000000000006e-05
9.0172000000000003e-05
9.0472000000000011e-05
9.021200000000001e-05
9.0282000000000001e-05
9.0632000000000009e-05
0.00011591300000000001
