34.982906348231062
0.00030667700000000005
0.00024256400000000002
0.00024192400000000002
0.00024335400000000001
0.00026746000000000002
0.00023811100000000002
0.000287793
0.00034486500000000003
0.00025024500000000001
0.000243312
0.00023649700000000001
0.00024804600000000003
0.00024032100000000002
0.00026648500000000001
0.00024226000000000003
0.00024022400000000001
0.00023986700000000003
0.00023930300000000001
0.00024453499999999999
0.00023864200000000001
0.00024392800000000003
0.00022592300000000003
0.000273071
0.000265011
0.00023973600000000002
0.00023854400000000001
0.00024254200000000002
0.00024096000000000002
0.000241556
0.00021561
0.000174594
0.00019642300000000001
0.00017608900000000001
0.00017588300000000002
0.00020940200000000003
0.00022105900000000001
0.00024847900000000002
0.00021858900000000002
0.00020702900000000001
0.00017107300000000002
0.00017117
0.00023268400000000001
0.00017118100000000001
0.00017040100000000001
0.00017088900000000002
0.000171798
0.00017317500000000002
0.000173456
0.00017475600000000001
0.000175558
0.000175775
0.00017363
0.00021038800000000002
0.000181788
0.00019073600000000003
0.00017066100000000001
0.000170867
0.00023078700000000001
0.00023563000000000002
0.00023539200000000001
0.00023546800000000002
0.000255932
0.00023662700000000002
0.00068320300000000007
0.00023155700000000002
0.00022929300000000002
0.00023048400000000001
0.00023455800000000003
0.00024715700000000002
0.000228805
0.00022851300000000001
0.00019333600000000001
0.00018440900000000002
0.00017221000000000001
0.000171712
0.00018403000000000001
0.00019824300000000002
0.00018416
0.00023915100000000003
0.00018353100000000002
0.00019332500000000002
0.00017415
0.00018199400000000002
0.000176565
0.00019591400000000002
0.00017450700000000001
0.00022179600000000002
0.000230072
0.00022867500000000002
0.00022896800000000002
0.00027084400000000001
0.000235727
0.00024256400000000002
0.00023407000000000001
0.000252747
0.00023544600000000002
0.00029159600000000003
0.00021124400000000003
0.00022965100000000001
0.00018221000000000001
0.000175785
0.00017737900000000002
0.00017366200000000002
0.00019868800000000001
0.000217982
0.00023390800000000001
0.00023009400000000002
0.00023220600000000002
0.00026413400000000002
0.00024000700000000001
0.00023037600000000002
0.00023069
0.00024009400000000002
0.00023473100000000001
0.00025300800000000004
0.00023276000000000001
0.00023638800000000003
0.00028589800000000003
0.00023750400000000001
0.00023392900000000002
0.000232706
0.00024245500000000001
0.00023215300000000003
0.00023317100000000001
0.00023557600000000001
0.00022498100000000002
0.00025176199999999999
0.00023008300000000001
0.00023264000000000002
0.00023291100000000001
0.00030475900000000004
0.00024645299999999999
0.00023287900000000002
0.00023648600000000003
0.00023700600000000003
0.000801533
0.00035877500000000003
0.00031730000000000001
0.00033289400000000003
0.00025676700000000003
0.00025588900000000003
0.00024331100000000002
0.000184203
0.00024123200000000002
0.00023144800000000001
0.00023487100000000002
0.00021954300000000002
0.00017325000000000001
0.00018596900000000002
0.00020726700000000002
0.000229423
0.00023059300000000002
0.000224775
0.00023136100000000002
0.00024886900000000003
0.00022891400000000001
0.00024951900000000002
0.00023849100000000002
0.00023096100000000001
0.00022580400000000002
0.00021975900000000001
0.00024184900000000001
0.00022939000000000002
0.00022773300000000001
0.00025245500000000001
0.00027074200000000003
0.00026886800000000001
0.00023945500000000002
0.00023914100000000001
0.00024859799999999999
0.000269008
0.00023511000000000002
0.00023343100000000001
0.00025426400000000003
0.00023836000000000002
0.00027663600000000003
0.00023448200000000002
0.00031017600000000001
0.00024267300000000003
0.00026319100000000002
0.00023735300000000002
0.00023544600000000002
0.00023813300000000002
0.00027161900000000002
0.00024258500000000002
0.00025154400000000003
0.00024596600000000002
0.00023735300000000002
0.00026912800000000004
0.00023980200000000001
0.00025575900000000004
0.00023719000000000002
0.00024009400000000002
0.00027628900000000004
0.00027534600000000004
0.000233009
0.00025665799999999999
0.00025881400000000001
0.00025390600000000003
0.00023592300000000002
0.00023599800000000001
0.00043896500000000004
0.000271153
0.000241253
0.00024006100000000002
0.00023960600000000001
0.00027292000000000001
0.00023612900000000002
0.00029788000000000004
0.00023468700000000002
0.00023218500000000001
0.00026778500000000004
0.00023406000000000002
0.00025594300000000001
0.00023823000000000003
0.00026429600000000002
0.00024072200000000002
0.00026536800000000004
0.00025396000000000001
0.00026756700000000002
0.000239108
0.00025856500000000004
0.00023513200000000001
0.00027735100000000001
0.00023014800000000001
0.00023362600000000002
0.00025343000000000002
0.00023688700000000002
0.00029084900000000003
0.00023299800000000002
0.00025544500000000003
0.00023188200000000001
0.00025756800000000001
0.00023670300000000003
0.000257027
0.00024423199999999999
0.00025824000000000002
0.00024559700000000001
0.000234677
0.00029543100000000002
0.00023480700000000002
0.00023331200000000001
0.00023455800000000003
0.000264577
0.000232792
0.00026305000000000002
0.00023470900000000002
0.00023296600000000001
0.00023421100000000001
0.00023498
0.00026650600000000001
0.00023651800000000001
0.00025802300000000002
0.000238003
0.000266777
0.00027462
0.00025670100000000002
0.00023524
0.00025479400000000003
0.00024110100000000002
0.000278693
0.000232532
0.00023589000000000002
0.000241773
0.00023438400000000002
0.00026578000000000002
0.00023513200000000001
0.00032083600000000002
0.000231611
0.000255033
0.00023160000000000002
0.00027059000000000002
0.00022997500000000002
0.00025699400000000003
0.00022736400000000003
0.000226865
0.00025838
0.00023282400000000002
0.000231828
0.000232477
0.00026541200000000003
0.000258738
0.00025873900000000002
0.00024161100000000003
0.00026092600000000003
0.00023741800000000001
0.00023838200000000001
0.00027474000000000004
0.000240234
0.00026167400000000004
0.00024000700000000001
0.00025632200000000002
0.00024066700000000002
0.000285996
0.00023039700000000002
0.00025557500000000002
0.00024022400000000001
0.00025437300000000001
0.00023272700000000001
0.00024990900000000004
0.00024639900000000001
0.00023466600000000002
0.00025760100000000004
0.00024665800000000002
0.00026618099999999999
0.00023701700000000001
0.00025663600000000003
0.00023479600000000001
0.000257113
0.00024047200000000001
0.00026056899999999999
0.00023390800000000001
0.00025766600000000004
0.00023386500000000001
0.000233496
0.00025852200000000002
0.00023394000000000003
0.00024214100000000003
0.00024261800000000003
0.00027502200000000004
0.00023743900000000001
0.00027545400000000001
0.00023794900000000002
0.00026362500000000002
0.00023284600000000001
0.00023048500000000003
0.00024510900000000003
0.00023777500000000002
0.00025954
0.00023658300000000001
0.00025131700000000003
0.00023709300000000002
0.00025370000000000004
0.00023183800000000003
0.00033908000000000001
0.00031032800000000001
0.000256517
0.00023794900000000002
0.00026736100000000003
0.00025613799999999999
0.00023624800000000002
0.00023510000000000002
0.000235901
0.00026955000000000002
0.00023270500000000002
0.00025756800000000001
0.00023303000000000001
0.00023309600000000002
0.00023413500000000001
0.000269583
0.00023074500000000003
0.00027511899999999999
0.00024248800000000001
0.00023659400000000002
0.00026674500000000004
0.000236118
0.00028774000000000003
0.000242174
0.000259182
0.000240993
0.00026280100000000001
0.00024022400000000001
0.00026001600000000001
0.00023291100000000001
0.00025997300000000004
0.00023269400000000001
0.00023455700000000001
0.00024317000000000002
0.00023478500000000002
0.00027150000000000004
0.00022837200000000002
0.00025063500000000003
0.00022772200000000003
0.000251208
0.000230387
0.00023142700000000001
0.00025781799999999999
0.00023486100000000003
0.00027280000000000002
0.00023513200000000001
0.00026356000000000003
0.000228502
0.00025684200000000002
0.00024766600000000001
0.00025493600000000004
0.00023096100000000001
0.00026155500000000001
0.00024227200000000003
0.00023137200000000001
0.000233398
0.00023331200000000001
0.00026511900000000002
0.00023001800000000002
0.00027366700000000001
0.00022113500000000002
0.000242835
0.00024577099999999999
0.00022598900000000001
0.00025586800000000002
0.00024444899999999999
0.00025572600000000001
0.000232131
0.00044583400000000004
0.00023013700000000002
0.00026352100000000001
0.00023605300000000001
0.00023665900000000001
0.000236605
0.00023352800000000002
0.00023291100000000001
0.00023437300000000001
0.00023180600000000001
0.000256507
0.00023785100000000002
0.00023543500000000001
0.00027612600000000002
0.00023514200000000001
0.00023668100000000001
0.00023571700000000001
0.000237266
0.00023809000000000002
0.00020633700000000001
0.000194527
0.000175157
0.00017557900000000001
0.00017360800000000001
0.000172308
0.000171051
0.00017113800000000001
0.00017123500000000002
0.000171149
0.00017092100000000001
0.00017052000000000001
0.00019020500000000001
0.00017099700000000002
0.00018316300000000002
0.000171929
0.00017383500000000001
0.00017424700000000001
0.00017497300000000001
0.00017535200000000001
0.000176176
0.000194138
0.00017324000000000002
0.000172492
0.00019060600000000001
0.00017130100000000001
0.00017149500000000002
0.000171387
0.00017121400000000002
0.000171354
0.00017139800000000001
0.000171366
0.000172492
0.00017319700000000002
0.00017337
0.00017494
0.00019582800000000002
0.00018474500000000002
0.000173239
0.00017224300000000001
0.00017093200000000002
0.00017141900000000002
0.000171344
0.000171051
0.00017111600000000002
0.00017113800000000001
0.000171127
0.000171311
0.00017085600000000002
0.000192036
0.00017312100000000001
0.000189132
0.000174432
0.00017533000000000002
0.00017613200000000001
0.00017293700000000001
0.00017278400000000002
0.00017139800000000001
0.00017095400000000002
0.00017105200000000002
0.00020463500000000002
0.000191115
0.000172048
0.00017185300000000002
0.00017226400000000002
0.000171767
0.000172948
0.000173413
0.00017392300000000001
0.00061001700000000002
0.00044007100000000005
0.000226357
0.00023111200000000001
0.00022622700000000001
0.00027039000000000002
0.00025270400000000003
0.00025855400000000003
0.00026448000000000004
0.00023479600000000001
0.00023391800000000001
0.00024195700000000003
0.00023885800000000002
0.00026215100000000002
0.00023741800000000001
0.00025831600000000003
0.00024149100000000001
0.00023731000000000002
0.00023953000000000001
0.00023749400000000001
0.000236259
0.000231654
0.00025811000000000003
0.00027249700000000002
0.00024626800000000001
0.00024072200000000002
0.00023372300000000003
0.00023386400000000002
0.00023490400000000003
0.00023549000000000001
0.00023628000000000001
0.00024384200000000003
0.00025653900000000002
0.000232131
0.00024518500000000003
0.00023567300000000002
0.00023875
0.00023687600000000001
0.00023721200000000002
0.00025644200000000001
0.00024630100000000004
0.00022879400000000002
0.00021831800000000001
0.00023018100000000001
0.000231611
0.00023343100000000001
0.00024053800000000002
0.000238447
0.00022417900000000002
0.00025130600000000002
0.00023272700000000001
0.00023597700000000001
0.00024295400000000001
0.00023312800000000001
0.00023449300000000001
0.000240635
0.00024482799999999999
0.00023268400000000001
0.00025462200000000003
0.00025796900000000004
0.00023273800000000002
0.00023843600000000002
0.00023196800000000001
0.00023194700000000001
0.00023077700000000002
0.00024040700000000002
0.00023206600000000001
0.00075922800000000003
0.00017760600000000002
0.00019083300000000001
0.00017566700000000001
0.00017997900000000001
0.00021087600000000001
0.00017321800000000002
0.00017722700000000002
0.000191418
0.00017176600000000001
0.00017142000000000001
0.00017133300000000002
0.00017195100000000002
0.00017691200000000002
0.000175439
0.0001752
0.000174117
0.000174496
0.00019523200000000002
0.00017623000000000001
0.00017625100000000002
0.00019436600000000002
0.000192783
0.00017188500000000001
0.000193802
0.00017469100000000001
0.000171874
0.00020498200000000001
0.000174377
0.00017675000000000001
0.00017869900000000002
0.00017199400000000002
0.000192881
0.00017631600000000001
0.00017470200000000002
0.00017553700000000002
0.00017631600000000001
0.00020134200000000002
0.00019605500000000002
0.00017399800000000002
0.00017287200000000002
0.00017185200000000001
0.000171972
0.00017146300000000001
0.00019103900000000003
0.00017374900000000001
0.00017177700000000002
0.00017212300000000002
0.00017190800000000002
0.00020761400000000001
0.00018796200000000001
0.00017475700000000002
0.00018975
0.00019195
0.00017629500000000001
0.000173673
0.00019261000000000001
0.00017069400000000002
0.00017003300000000002
0.000169903
0.00018047700000000001
0.00017010900000000002
0.00017006500000000001
0.00017044400000000001
0.000170163
0.00017026000000000001
0.00017120300000000001
0.000172232
0.00017326100000000002
0.00019463600000000001
0.00017561200000000001
0.00020918500000000002
0.000174248
0.00017313200000000002
0.00017252500000000001
0.00017114800000000001
0.00017151700000000002
0.00017147400000000002
0.000172015
0.00019179800000000002
0.00019586000000000001
0.00019332500000000002
0.00017184200000000001
0.00019605500000000002
0.00017435500000000001
0.00017418200000000002
0.000175558
0.000176121
0.00017651100000000002
0.00017365100000000001
0.00056323700000000007
0.00022645400000000001
0.00019028100000000002
0.00022614000000000003
0.00021724600000000001
0.00021806900000000002
0.00018832000000000001
0.00017221000000000001
0.00023078700000000001
0.00023046300000000001
0.00022780800000000003
0.00025417700000000002
0.000229325
0.000251198
0.00023056000000000002
0.00023050600000000001
0.00022847000000000001
0.00022728900000000001
0.00022714800000000001
0.00028236600000000004
0.00024789400000000002
0.00022546900000000001
0.00022419000000000001
0.00025499499999999999
0.000232618
0.00022970400000000001
0.00022815500000000001
0.00022988900000000002
0.000231351
0.00023563000000000002
0.00023780800000000002
0.00027400800000000001
0.00023047300000000003
0.00022750500000000002
0.00022445000000000001
0.00022693100000000001
0.00026555300000000002
0.00022516500000000002
0.00022533900000000002
0.00024847900000000002
0.00022428700000000002
0.000242076
0.000224288
0.00022571700000000001
0.00022551200000000001
0.00022632400000000002
0.000227526
0.000228361
0.000250943
0.000176262
0.00017392200000000002
0.000173337
0.000172134
0.000172048
0.00020945600000000001
0.00017143
0.00017203700000000002
0.00018124600000000001
0.00017156000000000002
0.000193086
0.00017191800000000002
0.00017306600000000001
0.00017340200000000002
0.000174334
0.00017510300000000002
0.00017614300000000002
0.00017616500000000002
0.000173814
0.000187615
0.00017337
0.00017157200000000002
0.00019153800000000002
0.00017182100000000001
0.00017150600000000001
0.00017150600000000001
0.00017135500000000002
0.00017129000000000002
0.000204689
0.00018575300000000001
0.00022544600000000002
0.00027921400000000001
0.00025475200000000002
0.00040777500000000003
0.00023655100000000002
0.00024962700000000004
0.00023264000000000002
0.00023859900000000001
0.00023087500000000001
0.00023482900000000001
0.00023138400000000001
0.00022927100000000002
0.00027709000000000002
0.00023045200000000002
0.00029353500000000004
0.000236908
0.000244319
0.00026483700000000003
0.00024465400000000002
0.00023857700000000002
0.00024644200000000004
0.00026307100000000003
0.00023951900000000002
0.000245283
0.00023845800000000001
0.00024209800000000003
0.00023388600000000002
0.00024104700000000001
0.00023604100000000001
0.00024278100000000002
0.00026124000000000004
0.00024903100000000004
0.000237266
0.00023729900000000001
0.00024481700000000004
0.00023830600000000001
0.00024639900000000001
0.00024326700000000003
0.00026983200000000001
0.00023957400000000002
0.00024496800000000003
0.00025535800000000002
0.00024415600000000004
0.00023584700000000002
0.00024700500000000001
0.00023883700000000002
0.00024487100000000002
0.00026660400000000004
0.000235555
0.000243083
0.00023649700000000001
0.00024318100000000003
0.000238101
0.00023872800000000001
0.000240635
0.000241296
0.00026554200000000001
0.00022914100000000001
0.00022789500000000001
0.00022672500000000002
0.00023342100000000001
0.000226476
0.00024451400000000004
0.00022556600000000002
0.000225696
0.00025499000000000002
0.000244319
0.00023351800000000002
0.00025910700000000001
0.00023655100000000002
0.00022993200000000002
0.00023037600000000002
0.00023763500000000001
0.00022909700000000002
0.00026754600000000002
0.00023735300000000002
0.00024215200000000001
0.000235684
0.00023626900000000002
0.00024545600000000002
0.00023618200000000001
0.00024166400000000002
0.00023583600000000001
0.00026150100000000003
0.00023759100000000002
0.00024769900000000004
0.00023946500000000001
0.00025473
0.000178722
0.00022497000000000001
0.00021720200000000003
0.000173814
0.00017320700000000001
0.00026806600000000002
0.00022537100000000001
0.00022468800000000001
0.000235858
0.00022490500000000002
0.00022515500000000002
0.00022446100000000002
0.000224515
0.00022622600000000003
0.00024892300000000002
0.00022812200000000001
0.00022907600000000001
0.00022984500000000001
0.00022958500000000001
0.00022734200000000001
0.00022674600000000003
0.00022646500000000002
0.00022584800000000001
0.00022489400000000001
0.00024621400000000002
0.00022491600000000003
0.00023552200000000003
0.00022489400000000001
0.000225121
0.00022516500000000002
0.00022627000000000001
0.000244904
0.00022883800000000001
0.00025051500000000004
0.00022982400000000003
0.000229769
0.00022723400000000001
0.00022674700000000002
0.00022591200000000001
0.000225338
0.00022496000000000001
0.00022513200000000001
0.00024582500000000003
0.00023551100000000002
0.00022425400000000001
0.00022449300000000001
0.00022492700000000001
0.00022556600000000002
0.00022634600000000002
0.00022710400000000003
0.00022874000000000001
0.00023008300000000001
0.00031732600000000004
0.00024890099999999999
0.00028862200000000004
0.00033681
0.00023030000000000001
0.00022871800000000001
0.00022797100000000002
0.00024170800000000001
0.00026567400000000003
0.00022757000000000002
0.00022969300000000002
0.000227624
0.00023027900000000001
0.00026426300000000004
0.00028301600000000003
0.000228435
0.00021981300000000002
0.00023238100000000001
0.00022817700000000001
0.00022754900000000001
0.00022704000000000002
0.00022523000000000001
0.00024938900000000003
0.00019692200000000001
0.00022035500000000001
0.000218557
0.00021816700000000001
0.00021897900000000001
0.00024420000000000003
0.000173575
0.00017364100000000001
0.00022365900000000002
0.000254183
0.000176577
0.00017684700000000002
0.000174377
0.00017400900000000001
0.00017337
0.00017203700000000002
0.00017181000000000002
0.00017188500000000001
0.000172091
0.000193661
0.00017182000000000002
0.00017156000000000002
0.00018661900000000001
0.00017782200000000001
0.00017374900000000001
0.00017400900000000001
0.00017537400000000001
0.00017622900000000002
0.00017681400000000002
0.00017405200000000001
0.000173456
0.000191819
0.00017248100000000002
0.00017215600000000002
0.00017160300000000002
0.00017161500000000002
0.00017175600000000001
0.00018674900000000002
0.00017150600000000001
0.00017136500000000001
0.00017220000000000001
0.00017370500000000002
0.00017383600000000002
0.00019422500000000002
0.000186164
0.00017624100000000002
0.00017403000000000001
0.000173413
0.00017330400000000002
0.00017170100000000002
0.00017187500000000002
0.00017217800000000002
0.00017177800000000001
0.000171409
0.000172027
0.00017165800000000002
0.00018993500000000002
0.00017185300000000002
0.000173153
0.00017421400000000001
0.00017525400000000001
0.00037463600000000002
0.000279506
0.00017469100000000001
0.00017294700000000001
0.00020486300000000001
0.00019230700000000001
0.00017177700000000002
0.00017159300000000002
0.000171452
0.000171843
0.00017164700000000001
0.00017159300000000002
0.00017150700000000002
0.00017242700000000001
0.000173196
0.00017398700000000001
0.00019046500000000001
0.000176338
0.00019493900000000001
0.000174518
0.00017273100000000002
0.00017357600000000002
0.00017214500000000001
0.00017179900000000001
0.00017159300000000002
0.000171626
0.00017191800000000002
0.00020760300000000002
0.00017189600000000002
0.00017222100000000002
0.00023198000000000001
0.00018639200000000001
0.000173294
0.00017518900000000002
0.000175558
0.000175341
0.00017312100000000001
0.000172373
0.000171149
0.000170965
0.00019271900000000002
0.000171354
0.00017103000000000002
0.00017111700000000001
0.00017105200000000002
0.00017113800000000001
0.00017081300000000002
0.00017216800000000002
0.00017305600000000002
0.00020997700000000003
0.000174897
0.000175157
0.00021076800000000001
0.000174236
0.00017321800000000002
0.00017309900000000002
0.000171712
0.000171712
0.00019297900000000002
0.00017189600000000002
0.00017196100000000002
0.000171528
0.000171268
0.00019146200000000002
0.000172936
0.00017446400000000002
0.00017436700000000001
0.00017601300000000001
0.000176176
0.00017619700000000001
0.00017381300000000001
0.00023768900000000002
0.00019119100000000001
0.00017728000000000001
0.000171831
0.00022636800000000001
0.00021873000000000001
0.000207247
0.000172027
0.00017179900000000001
0.000176663
0.00017307800000000001
0.000177605
0.00017471300000000001
0.00017554700000000002
0.00017623000000000001
0.00019789700000000002
0.000174172
0.00018851500000000002
0.00017191800000000002
0.000171767
0.00017212400000000001
0.00017182100000000001
0.00022237
0.00031062
0.00023015900000000002
0.00022313900000000002
0.00024948599999999999
0.00022989900000000002
0.00022706100000000003
0.00022250000000000001
0.00023163200000000001
0.00023321400000000001
0.000230852
0.00022885900000000001
0.00022826400000000002
0.00024607900000000001
0.000172134
0.000208037
0.00022494800000000002
0.000250537
0.00022765700000000001
0.00026333200000000002
0.00025365800000000003
0.00024130700000000001
0.00024175200000000003
0.000245369
0.00024286700000000002
0.00023850100000000001
0.00024918299999999999
0.000234894
0.00026040600000000003
0.00023761200000000003
0.00024223900000000002
0.00023763500000000001
0.00024045100000000001
0.00024926900000000004
0.00023387500000000001
0.00023338700000000002
0.00023316000000000002
0.000257698
0.00023780800000000002
0.000235197
0.00023521900000000003
0.00026782800000000001
0.00023883700000000002
0.00023733100000000002
0.000241155
0.000236822
0.00025648400000000002
0.000235944
0.000234016
0.00025531499999999999
0.00023334500000000001
0.00023660600000000002
0.00024173
0.000238707
0.00023520800000000002
0.00025608400000000001
0.00022733200000000001
0.00023144800000000001
0.00024508800000000002
0.000236648
0.00023886900000000001
0.00024166500000000001
0.000230907
0.00025205400000000004
0.000259681
0.00023515300000000002
0.00026585600000000002
0.00024088400000000002
0.00022775400000000002
0.00022870800000000002
0.00023477400000000001
0.00043476700000000002
0.00017147400000000002
0.00017250300000000001
0.00017312100000000001
0.00020850300000000002
0.00017585000000000002
0.00017584000000000002
0.00021064800000000002
0.00021551200000000001
0.00017331600000000002
0.00019560000000000001
0.000172103
0.000171485
0.00017203700000000002
0.00019940300000000002
0.00019605600000000001
0.00017170100000000002
0.00017117100000000002
0.00017147400000000002
0.00017127800000000002
0.00017309900000000002
0.00017378100000000002
0.000194408
0.00017645700000000001
0.00017587200000000001
0.00017356400000000002
0.00017251400000000002
0.00017173400000000002
0.00017132200000000001
0.000171755
0.000171614
0.00017173400000000002
0.00017169100000000002
0.00017116000000000001
0.00018992300000000002
0.00017190700000000001
0.000181268
0.000173456
0.00017438800000000001
0.00017509200000000001
0.00017587200000000001
0.00017587200000000001
0.00017380300000000002
0.00017342300000000002
0.00017261200000000002
0.00017104000000000002
0.00018618600000000002
0.00019126700000000001
0.00017207
0.00020367100000000002
0.00022397300000000001
0.00022021400000000002
0.00017096400000000001
0.00017156100000000001
0.00017280600000000001
0.00017339100000000001
0.00017435500000000001
0.000175341
0.000206889
0.000174019
0.00017239500000000002
0.00017156100000000001
0.000171798
0.00017637100000000001
0.000171051
0.00017061800000000001
0.00017084600000000002
0.00017101900000000001
0.00017101900000000001
0.000170824
0.00017208000000000002
0.00019210100000000002
0.00017443100000000001
0.00017423700000000002
0.00017522300000000001
0.00017554800000000001
0.000173272
0.000172449
0.00017234100000000001
0.000171094
0.00017123600000000001
0.00017896000000000001
0.00019193900000000002
0.00020867700000000002
0.00017130000000000002
0.00017151700000000002
0.00017095400000000002
0.00017236200000000001
0.00017305600000000002
0.00017366300000000001
0.000174811
0.00021974800000000002
0.00042342000000000004
0.00022137300000000002
0.00022307400000000003
0.000226963
0.00022624900000000001
0.00022583600000000001
0.00022455900000000002
0.00022462300000000002
0.00021138400000000001
0.000172134
0.00017168000000000001
0.00017179900000000001
0.000173153
0.00017471300000000001
0.00017497300000000001
0.00017514600000000002
0.000176035
0.000176424
0.00017449700000000002
0.00017342400000000001
0.000190953
0.00017198300000000001
0.000171485
0.00018700900000000003
0.000171583
0.000171843
0.00017173400000000002
0.00017164700000000001
0.00017184200000000001
0.000173597
0.00018403000000000001
0.00017405200000000001
0.00019417100000000001
0.000176565
0.00017646800000000002
0.000173413
0.000172991
0.00017281700000000002
0.00019836200000000002
0.000176608
0.00017177700000000002
0.000171831
0.000171571
0.00017159300000000002
0.000194723
0.00017221100000000002
0.000172709
0.00017379200000000001
0.00017421400000000001
0.000175093
0.00017590500000000002
0.00017614300000000002
0.00017403000000000001
0.00018134300000000002
0.00017137700000000001
0.00017119300000000001
0.00017153900000000001
0.000189793
0.000171614
0.00017119200000000002
0.000171929
0.00017140800000000001
0.00018585000000000002
0.00017228600000000001
0.00017369500000000002
0.00017430200000000001
0.00017552600000000001
0.00017591500000000001
0.000175873
0.00019254500000000002
0.00017294700000000001
0.000171972
0.00017168000000000001
0.00017175600000000001
0.00017184299999994934
0.00017168000000000001
0.00018157000000000001
0.00021912
0.000171669
0.00017141900000000002
0.000172752
0.000192902
0.00017430200000000001
0.00017561200000000001
0.00017592600000000002
0.000176706
0.00017416100000000002
0.000172666
0.00017158200000000001
0.00018548100000000001
0.00023152400000000001
0.00022844800000000002
0.00027629400000000001
0.00023948700000000001
0.00023352800000000002
0.00024257500000000003
0.00023481700000000001
0.00022885900000000001
0.00017400900000000001
0.00021652000000000002
0.00022833900000000001
0.00025294200000000003
0.00022923800000000002
0.00022650900000000001
0.000226617
0.00022608600000000002
0.00022456900000000001
0.00022417900000000002
0.00022427700000000002
0.00022446100000000002
0.00024668100000000001
0.00022428700000000002
0.00022484000000000002
0.00023555400000000002
0.00022580400000000002
0.000253766
0.00022724600000000001
0.00018732400000000002
0.00017604600000000001
0.00017642500000000002
0.00019312000000000002
0.00017383500000000001
0.00017215600000000002
0.000171528
0.00017103000000000002
0.00017163600000000002
0.00017857000000000002
0.00017233
0.00018149400000000001
0.000171755
0.00017190700000000001
0.00017276300000000001
0.000192654
0.00017475600000000001
0.00019262100000000002
0.00017624100000000002
0.00017631600000000001
0.00017428000000000002
0.00017316400000000001
0.00017351000000000001
0.000172005
0.00017166800000000001
0.00017239500000000002
0.00017191800000000002
0.00017137600000000002
0.00018950100000000001
0.00017148400000000001
0.00017163600000000002
0.00017250300000000001
0.00017389
0.000174539
0.00017550400000000002
0.00017580700000000002
0.000176121
0.000174518
0.00017312000000000002
0.000173575
0.00021874100000000003
0.00017172300000000001
0.000182881
0.00019172200000000002
0.000171831
0.00017186400000000001
0.00017146300000000001
0.00017657600000000001
0.00017325000000000001
0.000176577
0.00017507000000000002
0.000175861
0.00019619600000000002
0.00017753000000000002
0.00017504900000000001
0.000174291
0.00017369400000000001
0.000185861
0.00017149500000000002
0.00024696200000000004
0.00018791900000000001
0.00017147400000000002
0.000206987
0.00019205700000000001
0.00017229700000000002
0.000172709
0.00017417100000000001
0.00017470200000000002
0.00017626300000000002
0.00017612200000000002
0.00017665200000000002
0.00017476700000000002
0.000173272
0.00017153800000000002
0.00017129000000000002
0.00017139800000000001
0.00019062700000000002
0.000171755
0.00017179900000000001
0.000171485
0.00017169100000000002
0.00019526400000000001
0.00020006400000000001
0.00017460500000000001
0.000184983
0.00017527600000000001
0.000176403
0.000176696
0.000195026
0.00017346700000000001
0.000171767
0.00017184200000000001
0.00017189700000000001
0.000172005
0.000179068
0.00017193900000000002
0.000193358
0.000171788
0.00017180900000000001
0.00017304500000000001
0.00019222
0.00017465800000000001
0.000175992
0.00017626300000000002
0.00017646800000000002
0.00017496300000000001
0.00017340200000000002
0.00018492900000000002
0.00017136500000000001
0.00017597000000000001
0.000171473
0.00017149500000000002
0.00018924100000000001
0.000172091
0.00017157200000000002
0.00017143100000000002
0.000172189
0.00017659800000000001
0.00017771400000000001
0.00017516800000000001
0.00017613200000000001
0.000176078
0.00017392200000000002
0.00019292400000000003
0.000197517
0.00018904600000000001
0.00017948000000000001
0.00017173400000000002
0.000171149
0.00018039
0.00017125700000000002
0.00017190700000000001
0.00019058400000000002
0.00017343500000000002
0.00017361900000000002
0.00017412800000000001
0.00017592600000000002
0.000195947
0.00019732300000000001
0.00017404100000000002
0.00017366200000000002
0.00017327300000000002
0.00017213500000000002
0.00017165800000000002
0.00017160300000000002
0.00017142000000000001
0.00017165800000000002
0.000171886
0.00017148400000000001
0.000190292
0.00017279600000000002
0.00017352200000000001
0.000181929
0.00026007100000000001
0.00022114600000000003
0.00023548900000000002
0.00027563000000000002
0.00031542000000000001
0.00020114700000000002
0.00022798100000000001
0.000171473
0.00020303200000000002
0.00033473500000000001
0.00021998700000000002
0.00024005000000000001
0.000223811
0.00022491500000000001
0.00022905500000000001
0.00027623400000000004
0.00019785400000000002
0.00022386500000000001
0.00037414800000000004
0.00032376100000000005
0.00022862100000000001
0.00022765700000000001
0.000228187
0.00022655200000000001
0.00021499300000000002
0.000172492
0.00019074700000000001
0.00017165800000000002
0.00017144100000000001
0.00017150600000000001
0.00017125800000000001
0.000171745
0.00017325000000000001
0.00017380300000000002
0.00018466900000000002
0.000176133
0.00017618600000000002
0.000173456
0.000197431
0.00017190800000000002
0.000171409
0.00017208100000000001
0.00017189600000000002
0.00017151700000000002
0.000171344
0.00031062
0.000213334
0.00017139800000000001
0.00017288200000000002
0.00019317300000000002
0.000174811
0.000176078
0.00017624000000000001
0.00017614300000000002
0.00017422600000000001
0.00017365100000000001
0.00018232900000000001
0.00017176600000000001
0.00017163600000000002
0.00017143100000000002
0.00017210200000000001
0.00017137600000000002
0.000189793
0.00017157200000000002
0.00019114700000000002
0.000172795
0.00017382400000000002
0.00017412800000000001
0.000175482
0.00019025900000000002
0.00017629400000000002
0.000173673
0.00017307700000000002
0.00017215700000000001
0.00019035700000000002
0.00019613100000000002
0.000207333
0.00017196100000000002
0.000180726
0.000171485
0.00017101900000000001
0.00017141900000000002
0.00017290400000000001
0.000173597
0.00017468100000000002
0.00060430500000000008
0.00026596399999999999
0.00023943300000000002
0.00021497000000000001
0.000173554
0.00017240500000000001
0.000171452
0.000172232
0.000264133
0.00023596600000000002
0.000236822
0.00024496899999999999
0.00025591000000000004
0.00023772100000000001
0.00023982300000000001
0.00026417700000000004
0.000278862
0.00024471900000000001
0.00024561900000000003
0.00025259600000000001
0.00024321300000000002
0.00024060200000000003
0.00023985500000000003
0.00024228200000000002
0.00026849900000000001
0.00024268300000000002
0.00024206600000000001
0.00024670200000000001
0.00022657300000000001
0.00022825200000000002
0.00022869700000000001
0.00022856700000000002
0.000230604
0.00025565100000000002
0.00023010500000000001
0.00023053800000000002
0.00023913000000000002
0.00024798100000000004
0.000240191
0.000266354
0.00024102600000000001
0.00023843700000000001
0.00026359199999999999
0.00025035300000000003
0.00023979000000000001
0.00023679000000000001
0.00017374900000000001
0.000171344
0.00017264300000000002
0.00019368300000000002
0.000175472
0.00017522200000000002
0.00019378
0.00017780000000000001
0.00017421400000000001
0.00017300100000000002
0.00017279600000000002
0.00017159300000000002
0.00017131200000000002
0.000171387
0.000171874
0.000171788
0.00021840500000000002
0.00018158100000000002
0.000171831
0.00021980200000000001
0.00017402000000000002
0.00017467000000000001
0.00020709400000000001
0.000176219
0.000192523
0.000173912
0.000172633
0.00017162500000000001
0.000171831
0.00017139800000000001
0.000367356
0.00031460600000000004
0.00023693100000000001
0.00023091700000000003
0.00023398400000000001
0.00023208700000000002
0.00022861000000000002
0.00023979000000000001
0.00029609200000000002
0.00023184900000000001
0.00023280200000000003
0.00024091700000000002
0.00023711400000000002
0.00022917400000000001
0.00022855600000000001
0.00022772100000000001
0.00022811100000000003
0.00025328900000000002
0.000227278
0.00022778700000000002
0.000246918
0.00023514200000000001
0.00022669200000000002
0.00022793800000000001
0.00023962700000000001
0.00022965000000000003
0.000232353
0.000175873
0.00017628400000000002
0.00017392200000000002
0.00017256800000000001
0.00017143
0.00017150600000000001
0.00017153900000000001
0.00017174400000000001
0.000171669
0.000245393
0.00019618500000000001
0.00031804100000000003
0.00023545600000000002
0.00023628000000000001
0.00023986600000000001
0.00024006100000000002
0.00026309400000000001
0.000269084
0.00024491500000000001
0.00027184700000000003
0.000241253
0.00024124200000000002
0.00026180499999999999
0.00023994200000000001
0.00024009400000000002
0.00026298500000000003
0.00024280200000000002
0.00024780700000000001
0.00023986600000000001
0.00024272600000000002
0.00036045500000000003
0.00025249800000000003
0.00029685000000000003
0.000284037
0.000235338
0.00023877200000000002
0.00023436300000000002
0.00022970400000000001
0.00024115600000000002
0.00023015900000000002
0.000228046
0.00023711500000000001
0.00021295500000000002
0.000233052
0.00021431000000000003
0.00021457
0.00053418699999999999
0.00036447300000000003
0.00025123100000000003
0.00022864300000000003
0.00022971500000000002
0.00026464199999999999
0.00023604200000000003
0.000246106
0.00022728800000000002
0.00018751800000000002
0.00018954400000000001
0.00017176600000000001
0.00017137700000000001
0.000189068
0.00018175500000000002
0.00025354400000000002
0.00022409300000000002
0.00022428700000000002
0.00024799100000000003
0.00020430000000000001
0.00017406300000000002
0.000180693
0.00017645700000000001
0.00017585100000000001
0.00019501500000000002
0.00017350000000000002
0.00019298900000000002
0.00019322700000000003
0.00017191800000000002
0.00017142000000000001
0.00017098700000000002
0.000171733
0.00017164800000000002
0.00017169100000000002
0.00017149600000000001
0.00017781100000000002
0.00019478800000000002
0.00017493000000000001
0.00017588300000000002
0.00017675000000000001
0.000210919
0.00017374900000000001
0.000173716
0.00017346700000000001
0.00017181000000000002
0.000171669
0.00017153800000000002
0.00017137700000000001
0.00019076800000000001
0.00017207
0.00019266400000000002
0.00021685600000000003
0.00017338100000000001
0.00017470200000000002
0.000174453
0.00021373500000000003
0.00022253300000000002
0.000249497
0.00022147100000000002
0.00022679500000000001
0.000176338
0.00019604400000000001
0.000188786
0.00018806000000000001
0.00022290100000000001
0.00022309600000000002
0.00023411300000000001
0.00025647400000000002
0.00024050500000000002
0.00022307400000000003
0.00022845800000000001
0.00021923900000000001
0.00020732200000000002
0.000207159
0.00023685500000000001
0.000214298
0.00021377900000000001
0.00024488200000000003
0.00022339900000000002
0.000206228
0.00021321600000000001
0.00052445900000000001
0.00028058900000000003
0.0011889520000000001
0.00052876500000000005
0.00026839100000000004
0.00026615900000000002
0.00021825300000000001
0.00024901000000000003
0.00025279100000000004
0.00025182700000000004
0.00024402600000000002
0.00024098200000000002
0.000268402
0.00023996400000000001
0.000264935
0.00024015900000000002
0.00023733100000000002
0.00024105700000000001
0.00023735300000000002
0.00024100400000000001
0.00024146900000000002
0.00028047
0.00024754700000000003
0.00026181500000000004
0.0002498
0.00024510999999999999
0.00026267100000000002
0.000245348
0.00025046200000000002
0.000239628
0.00028869300000000002
0.00022042000000000001
0.00019876300000000002
0.00022221900000000001
0.00021443900000000002
0.000206889
0.00021450500000000001
0.00018707500000000001
0.00021338900000000003
0.00024245500000000001
0.00024280200000000002
0.00024364700000000002
0.00022688700000000003
0.00023436300000000002
0.00020993300000000001
0.00023011600000000002
0.00022526200000000003
0.00025942100000000002
0.00023369100000000001
0.00025579200000000002
0.000250017
0.000230289
0.00023320400000000001
0.00023821900000000002
0.00024868500000000001
0.00025996299999999999
0.00024074400000000001
0.00030848600000000001
0.00024268300000000002
0.00026534600000000002
0.00024571599999999999
0.00024685400000000002
0.000259258
0.0012290910000000001
0.00049503000000000004
0.00072081100000000002
0.00060581399999999998
0.0041179980000000003
0.000452497
0.00024167500000000001
0.00022131900000000001
0.00022011700000000001
0.00023715800000000001
0.00023827400000000002
0.00022199000000000001
0.00024479600000000003
0.00023138400000000001
0.00022845800000000001
0.00025759000000000003
0.00023514200000000001
0.00022995400000000001
0.000269366
0.00024440600000000002
0.00022654100000000003
0.00022773200000000002
0.000246746
0.00022829600000000001
0.000243701
0.00022597800000000002
0.00022545800000000002
0.00022567400000000001
0.00024417800000000001
0.00025946399999999999
0.00023077700000000002
0.000229812
0.00025243300000000004
0.00022800300000000001
0.00024507700000000001
0.00023786200000000001
0.00021958600000000002
0.000235999
0.00021909800000000001
0.00021689900000000003
0.00024596600000000002
0.00025034200000000002
0.000225555
0.00022617200000000002
0.00025215099999999999
0.0010730500000000001
0.00026647300000000004
0.00027141400000000004
0.00025853300000000003
0.00022321500000000002
0.000223064
0.00023290000000000002
0.00024632300000000001
0.00024481700000000004
0.010222209000000001
0.00029898500000000004
0.00024976800000000004
0.00024259600000000001
0.00024331100000000002
0.00024291000000000002
0.000244167
0.00026431800000000004
0.00026931200000000001
0.00024571700000000001
0.00026491399999999999
0.000284522
0.00029963500000000003
0.00026712300000000002
0.00024507700000000001
0.00024422100000000003
0.00026700500000000001
0.00031827200000000003
0.00024488200000000003
0.00022965000000000003
0.000272627
0.00023092800000000001
0.000227006
0.011557011000000001
0.00022754900000000001
0.00022723400000000001
0.00024781800000000002
0.00025100400000000004
0.00022907600000000001
0.00022947700000000001
0.00022785100000000002
0.00022714800000000001
0.000225901
0.00022458000000000002
0.000225999
0.000224992
0.000296342
0.000242563
0.00022440700000000001
0.000253484
0.00022173100000000002
0.00022716900000000002
0.00022201300000000002
0.00051524000000000003
0.00025061300000000001
0.000229683
0.00022239200000000002
0.00022138400000000001
0.00023286700000000002
0.00023070100000000001
0.0089433740000000005
0.00065967800000000002
0.00022591200000000001
0.00026287700000000001
0.000258855
0.00022000900000000001
0.00022007300000000002
0.000219478
0.00022098300000000001
0.00022138400000000001
0.00031089100000000004
0.00022478600000000001
0.00024737400000000002
0.00022526300000000001
0.00023670300000000003
0.00022195800000000002
0.00025263900000000003
0.00022019200000000002
0.00035828800000000001
0.00021597800000000002
0.00021621700000000002
0.000194668
0.00018928400000000001
0.000236302
0.000382357
0.00022363700000000003
0.000244059
0.00022570600000000002
0.00022718
0.00026040600000000003
0.00022676900000000001
0.00027843300000000002
0.00022453700000000002
0.00025019000000000002
0.00022385500000000002
0.00022939000000000002
0.00025008300000000001
0.00022526300000000001
0.00025099200000000001
0.00023129700000000002
0.00025712400000000001
0.00023829600000000001
0.00023288900000000001
0.00023382100000000002
0.00023593300000000002
0.00025013600000000003
0.00025646300000000001
0.00026222700000000002
0.00023629100000000002
0.0015545580000000002
0.00038232200000000004
0.00037107700000000004
0.00025176100000000003
0.00027841200000000002
0.00029108700000000004
0.00021957400000000002
0.00026262700000000003
0.0016209200000000001
0.00021821000000000001
0.00022055000000000002
0.00021875100000000002
0.00022160000000000002
0.00022246700000000001
0.00022318200000000002
0.000222976
0.00022000900000000001
0.00021973700000000001
0.00027107699999999999
0.00030050200000000002
0.00030326500000000004
0.00031363199999999999
0.00028291900000000002
0.00022257600000000002
0.00022292300000000001
0.002628956
0.00050896100000000005
0.00026271399999999999
0.00022141600000000002
0.00032001300000000001
0.000222673
0.000222489
0.00023842500000000001
0.00023560800000000003
0.00022747200000000002
0.00022539200000000001
0.00028472800000000004
0.000285259
0.00026600800000000003
0.00029310300000000002
0.00026548800000000003
0.00028208399999999999
0.00024301900000000003
0.00024350700000000001
0.00026714499999999999
0.00024539100000000002
0.00025211900000000003
0.00026750299999999999
0.000248836
0.00024823999999999999
0.00027052500000000003
0.00026436100000000001
0.00025166400000000002
0.0047599249999999999
0.00024501200000000002
0.00026524900000000001
0.00023496900000000002
0.000233236
0.00022607500000000001
0.00026004899999999999
0.000251036
0.00022637800000000001
0.000226822
0.00024736300000000001
0.00026616000000000004
0.00024225000000000001
0.00023842600000000002
0.00023699600000000001
0.00023383200000000001
0.000318659
0.00040582600000000003
0.00024481700000000004
0.00028041600000000002
0.00023466600000000002
0.00025232400000000001
0.000244763
0.00023109100000000003
0.00023862000000000002
0.00024995200000000001
0.00021838300000000003
0.00027176000000000001
0.00027709500000000004
0.00025240100000000003
0.00021940100000000001
0.00027293
0.00024736300000000001
0.00022852400000000002
0.00022679000000000002
0.00022614000000000003
0.00022636700000000002
0.00022526200000000003
0.00026410100000000004
0.00022560900000000001
0.0002264
0.00022577200000000001
0.00022653000000000001
0.000226822
0.00022811200000000001
0.00024806700000000004
0.00022973700000000001
0.000253343
0.00023892300000000002
0.00022745100000000001
0.00022623800000000003
0.00022544600000000002
0.00024337600000000001
0.00024998500000000004
0.00022585900000000002
0.00022514400000000001
0.00034149000000000001
0.00024293200000000001
0.00032633900000000003
0.00027180300000000004
0.000369539
0.000240938
0.00024121
0.00025561799999999999
0.00023635600000000001
0.00023456900000000001
0.00025344100000000003
0.00026535700000000003
0.000225858
0.00022511100000000001
0.00022542500000000002
0.00022429800000000003
0.00018365100000000001
0.00022298800000000003
0.000242434
0.00022365900000000002
0.00024262900000000001
0.00026444800000000003
0.000221482
0.000223594
0.00027321100000000004
0.00025774200000000004
0.00023511000000000002
0.00023234700000000002
0.00023388600000000002
0.00048849100000000008
0.00045118500000000005
0.00023272700000000001
0.00027843400000000004
0.00022934700000000003
0.00023340900000000001
0.00056735400000000006
0.00052589400000000006
0.00031155700000000001
0.00023118900000000003
0.000231828
0.00025012500000000002
0.00023128600000000001
0.000269428
0.00022869600000000002
0.000227094
0.00022655200000000001
0.00031709800000000003
0.00022699600000000001
0.00025189100000000002
0.000254589
0.00022771100000000002
0.000226519
0.00025689700000000002
0.00022541400000000001
0.00022594500000000002
0.000226357
0.00036927300000000004
0.00026337499999999999
0.00031555
0.00025989700000000004
0.00022903300000000001
0.00022743000000000001
0.00023674600000000003
0.00022767800000000001
0.00022668200000000002
0.00031701200000000003
0.00030345900000000001
0.00028678700000000004
0.00017121400000000002
0.00018912200000000001
0.000193401
0.00020254500000000002
0.000244059
0.00024488200000000003
0.000288929
0.000268733
0.00017731300000000001
0.00019791900000000001
0.00019755100000000002
0.000213205
0.00030073400000000004
0.00024152400000000001
0.00026898600000000003
0.00024362500000000003
0.00028431100000000004
0.00022598800000000002
0.00022515400000000001
0.00022515400000000001
0.00022584800000000001
0.00022664900000000002
0.00022905400000000002
0.00023027800000000002
0.00027005900000000001
0.00043231300000000003
0.00023364800000000001
0.00022586900000000002
0.00022588000000000003
0.00022454700000000002
0.00022410300000000002
0.00022531600000000001
0.00035690600000000004
0.00022576100000000002
0.00022563000000000002
0.000248836
0.00022563100000000001
0.00022461300000000003
0.00024238000000000002
0.00027621200000000002
0.00022589000000000002
0.00022754800000000002
0.00022825300000000001
0.00024782900000000003
0.00022526200000000003
0.00024455700000000001
0.00022108100000000001
0.00035381900000000001
0.00029845400000000003
0.00039138400000000005
0.00022482900000000001
0.00023299800000000002
0.000227483
0.00022637800000000001
0.00022749400000000001
0.00022576100000000002
0.00022757000000000002
0.00022955200000000003
0.00025623600000000002
0.00022956300000000001
0.00023642100000000001
0.00024466500000000003
0.000227755
0.00022474200000000002
0.000223897
0.00026448000000000004
0.000224157
0.00024775300000000002
0.000232391
0.00022934700000000003
0.00022292300000000001
0.00025424300000000003
0.000240277
0.00017483200000000001
0.00019995600000000002
0.00021020400000000002
0.00017656600000000002
0.00024733000000000003
0.000224634
0.00024156700000000001
0.000220831
0.00022042000000000001
0.00024408100000000002
0.00022581500000000001
0.00023343200000000002
0.00021863300000000001
0.00023667000000000002
0.000181776
0.00021671400000000001
0.00022107000000000002
0.00023364800000000001
0.000234894
0.00023055000000000002
0.00023937900000000001
0.00023595500000000001
0.00028243100000000003
0.00023570600000000002
0.00097810900000000001
0.00070423100000000004
0.00021848100000000002
0.000250592
0.00022009500000000001
0.00027904500000000001
0.00022071200000000002
0.00022022500000000003
0.00022070100000000001
0.000222012
0.00022260900000000002
0.00030010600000000002
0.00022205600000000002
0.00023399400000000001
0.00028546499999999999
0.00022252200000000001
0.00022356200000000001
0.00022088600000000003
0.000229986
0.00024950800000000001
0.00024053800000000002
0.00026019500000000001
0.000223248
0.000232391
0.00022352900000000001
0.000224732
0.00022693100000000001
0.00022803600000000001
0.00022979100000000002
0.00026142500000000003
0.00022766800000000002
0.00023747200000000002
0.00022856700000000002
0.00019967300000000001
0.000171962
0.00017584000000000002
0.00021495900000000003
0.00022494800000000002
0.00022495900000000003
0.00024960500000000002
0.00022439600000000002
0.00022550100000000002
0.00022747300000000001
0.000228762
0.00023518600000000002
0.000263083
0.00024343100000000001
0.00023377800000000002
0.00026099200000000004
0.000179989
0.00017651200000000001
0.000171571
0.000199175
0.00017186400000000001
0.00017185300000000002
0.00017158200000000001
0.00017164700000000001
0.000171387
0.000171788
0.00019850300000000002
0.00017387900000000002
0.000174518
0.000175114
0.00017559000000000002
0.00019742000000000002
0.00017410600000000002
0.00017302300000000001
0.00017164700000000001
0.000198612
0.00021616200000000002
0.00027273999999999999
0.00024491500000000001
0.00045329000000000002
0.00025076500000000002
0.00022668100000000001
0.000227018
0.00091828600000000004
0.000311274
0.00023705000000000002
0.00023520800000000002
0.00023773200000000002
0.00023629100000000002
0.00025352799999999999
0.00024762300000000004
0.00025278000000000003
0.000224016
0.00024208700000000002
0.00022281400000000003
0.000224157
0.00022308500000000001
0.00024106800000000002
0.00024169700000000003
0.00023413500000000001
0.00025942100000000002
0.00024964900000000001
0.00023403700000000001
0.00024055900000000003
0.000260948
0.00023865300000000002
0.00021548000000000002
0.000188872
0.00017175600000000001
0.00018781100000000002
0.00019022600000000002
0.00017121400000000002
0.00017149500000000002
0.00017158200000000001
0.00017123500000000002
0.000188092
0.000209955
0.00022711500000000001
0.00022778700000000002
0.00022767900000000003
0.00026591000000000001
0.00025281199999999999
0.00023236900000000001
0.00022839300000000002
0.00022063600000000002
0.00017291500000000002
0.00020253400000000001
0.00017097500000000002
0.000188796
0.000171268
0.000171485
0.00017113800000000001
0.00020586000000000001
0.00018893700000000002
0.00017269800000000002
0.00017293700000000001
0.00017365200000000002
0.00017490800000000001
0.00019342200000000001
0.00019100700000000001
0.00017373800000000002
0.000172666
0.00019165700000000003
0.00019040000000000002
0.00017117100000000002
0.000187746
0.00017144100000000001
0.00017066100000000001
0.00020184000000000001
0.00017121400000000002
0.00017130100000000001
0.00017238300000000002
0.00019087700000000002
0.00017365100000000001
0.000218643
0.000295226
0.00023663700000000002
0.00022789500000000001
0.000238003
0.00023262900000000001
0.00021699600000000001
0.00021542500000000002
0.00020740900000000001
0.00019906700000000001
0.00020284800000000002
0.00024171900000000002
0.000252823
0.00024306200000000003
0.00029084900000000003
0.000244904
0.00024515300000000002
0.00025289900000000001
0.00019654300000000001
0.00017612200000000002
0.00017380300000000002
0.000172449
0.00017147400000000002
0.00017165800000000002
0.00018843900000000002
0.00017189600000000002
0.00017164700000000001
0.00017132200000000001
0.00017172300000000001
0.00017144100000000001
0.00018975
0.00017366200000000002
0.00021108100000000001
0.00017783300000000002
0.000175742
0.00017608900000000001
0.00017627300000000001
0.00021103800000000001
0.00018599
0.00017280600000000001
0.00017125700000000002
0.00017157200000000002
0.00020828600000000002
0.000186121
0.00017160400000000001
0.00017184200000000001
0.00017183200000000002
0.00017179900000000001
0.00017224300000000001
0.00017358600000000001
0.00017787600000000002
0.00019234000000000002
0.00017625200000000001
0.00017622900000000002
0.000239671
0.00017317400000000001
0.00017124600000000001
0.00017213500000000002
0.00017222100000000002
0.00017189600000000002
0.00017155000000000002
0.00018910000000000002
0.000172005
0.00017179900000000001
0.000171323
0.000173153
0.00019316300000000002
0.000174876
0.00017589400000000001
0.00017611100000000001
0.00017735600000000001
0.000191213
0.000173814
0.00017278500000000001
0.00018689000000000002
0.000171972
0.000171767
0.00022027900000000001
0.00021732200000000002
0.00018673800000000001
0.00017190700000000001
0.00017172300000000001
0.00019142900000000001
0.00017428000000000002
0.00017387900000000002
0.000195102
0.00017562300000000002
0.00017592700000000001
0.000237483
0.00026955000000000002
0.00024349500000000001
0.000245066
0.00024465400000000002
0.00023845800000000001
0.00025030899999999999
0.000275357
0.00022328000000000002
0.00022671400000000001
0.00027687400000000003
0.000218719
0.00023636700000000002
0.00023913000000000002
0.00022103700000000002
0.000222055
0.00019923
0.00020197000000000002
0.000175699
0.00017220000000000001
0.000175558
0.00017835300000000002
0.00019216600000000002
0.00017224300000000001
0.00018960900000000001
0.00017211300000000002
0.00024014800000000001
0.000235283
0.00027854100000000004
0.00023508800000000002
0.00023571700000000001
0.00023705000000000002
0.00023674600000000003
0.00024456800000000002
0.00024138300000000002
0.00023421100000000001
0.00025812000000000003
0.00023124300000000001
0.000259172
0.00022992100000000001
0.00023156700000000001
0.00023122100000000001
0.00023919500000000002
0.00027524900000000003
0.00024316000000000002
0.000225913
0.000225944
0.000227483
0.00023321400000000001
0.00023013700000000002
0.00027113199999999999
0.00024118800000000001
0.00023328000000000002
0.00023805600000000003
0.00025007100000000004
0.00023001800000000002
0.00022716900000000002
0.00022707200000000001
0.000251556
0.000327755
0.00024044000000000002
0.00024373400000000001
0.00024482799999999999
0.00024518599999999999
0.00025267200000000001
0.00078169600000000002
0.00027432600000000003
0.00023204500000000001
0.000229368
0.001659492
0.000313123
0.00023407000000000001
0.00023117800000000001
0.00025127400000000001
0.00023212000000000002
0.00025666300000000002
0.00017185300000000002
0.000171452
0.000171344
0.000184842
0.00022033300000000002
0.00018010900000000002
0.00019119100000000001
0.00017589400000000001
0.000175916
0.00019434300000000001
0.00022835000000000002
0.00017095400000000002
0.00021524100000000002
0.00022390800000000001
0.00023321500000000002
0.000226173
0.00022434200000000001
0.00022239100000000001
0.00024546700000000003
0.00024008800000000001
0.00017340300000000001
0.000173511
0.00017439800000000001
0.000175503
0.00017677100000000002
0.000176219
0.000173532
0.00017278500000000001
0.00017285
0.00017151800000000001
0.00020739700000000001
0.00017125800000000001
0.00017188500000000001
0.000171344
0.00017196100000000002
0.00017151700000000002
0.00017168000000000001
0.00017177800000000001
0.00017383600000000002
0.00017360800000000001
0.00017498400000000002
0.00017549300000000001
0.00022601500000000001
0.00019256700000000001
0.00023074500000000003
0.00017328300000000001
0.00017163600000000002
0.000171669
0.00017176600000000001
0.00017182100000000001
0.00017130000000000002
0.00017182000000000002
0.00026253000000000002
0.00017311
0.00017248100000000002
0.00017357600000000002
0.00017417100000000001
0.00017576400000000002
0.00017627300000000001
0.00017642500000000002
0.00017376000000000002
0.00017356400000000002
0.00017320700000000001
0.00019206900000000001
0.00020033400000000001
0.00017340200000000002
0.00022487200000000001
0.00021957500000000001
0.000196412
0.00017369500000000002
0.00017149500000000002
0.000172351
0.00072856800000000008
0.00023384300000000002
0.00023414600000000002
0.00018944600000000002
0.00017593700000000001
0.00017404100000000002
0.00018957700000000002
0.000171767
0.00018547100000000001
0.000263331
0.00024360400000000002
0.00024761200000000003
0.00023615100000000001
0.00025255200000000002
0.00022629200000000001
0.000227927
0.00023716900000000002
0.00030475900000000004
0.00023332300000000002
0.00025228100000000003
0.00023155700000000002
0.00023385400000000003
0.00025078600000000002
0.00022779700000000001
0.00025022299999999999
0.00023492600000000002
0.00025779600000000002
0.00022627000000000001
0.00025182700000000004
0.00023007300000000002
0.00022645500000000003
0.00022635600000000001
0.00024437300000000004
0.00027801099999999999
0.00023570600000000002
0.00022877300000000001
0.00023006200000000001
0.00025833700000000003
0.00023476400000000002
0.00023031000000000001
0.00025700500000000004
0.00022708300000000002
0.000250148
0.00024996300000000002
0.00022643300000000001
0.000226519
0.00022870800000000002
0.000269831
0.00023089600000000002
0.00024896600000000004
0.00023921700000000001
0.000250461
0.00026475100000000003
0.00026624600000000004
0.00023741800000000001
0.00023678900000000003
0.00023444900000000002
0.00029611400000000005
0.000231611
0.00025124100000000003
0.00024923700000000003
0.00023137300000000002
0.00026035199999999999
0.00022900000000000001
0.00025363499999999999
0.00022958500000000001
0.00026111
0.000228762
0.00049331199999999998
0.00029939700000000002
0.00027484800000000001
0.00030797700000000002
0.00024855400000000001
0.00025467600000000001
0.00029250700000000001
0.00027525900000000003
0.00022471000000000001
0.00022182900000000002
0.000224472
0.00022296500000000002
0.00026861800000000004
0.00021644400000000002
0.00019934800000000002
0.00017095400000000002
0.000171755
0.00017302300000000001
0.000173251
0.000174551
0.00017627300000000001
0.00017521100000000001
0.000210523
0.00017344600000000001
0.00017144100000000001
0.00017169
0.000171452
0.00017139800000000001
0.000186868
0.00017162500000000001
0.00017150600000000001
0.00017129000000000002
0.00017128900000000001
0.00019324900000000002
0.00018435400000000002
0.000174475
0.00017592600000000002
0.00023343100000000001
0.00021115700000000001
0.00017432300000000002
0.000173847
0.000173012
0.00017139800000000001
0.00017133300000000002
0.00017172300000000001
0.00019229500000000001
0.00017198300000000001
0.00017163600000000002
0.00017159300000000002
0.000184279
0.000203477
0.000173976
0.00017442
0.000175179
0.000176381
0.000176923
0.00020994400000000002
0.000192556
0.00017203700000000002
0.000171528
0.00017151700000000002
0.00017165800000000002
0.00017185200000000001
0.00017173400000000002
0.00017190700000000001
0.00017147400000000002
0.00018601200000000002
0.00017257900000000002
0.00017346700000000001
0.000210843
0.00017579600000000001
0.00017613200000000001
0.00017618700000000001
0.00017391100000000001
0.00017324000000000002
0.000173153
0.00017226400000000002
0.00017190700000000001
0.00020838400000000002
0.00018960900000000001
0.00017198300000000001
0.000207815
0.00017135500000000002
0.00017120300000000001
0.00017179900000000001
0.00017326100000000002
0.00017356500000000001
0.00023344200000000002
0.00023295400000000001
0.00023155700000000002
0.00025412300000000003
0.00022971500000000002
0.00022740700000000003
0.00022506700000000002
0.00022560900000000001
0.00022551200000000001
0.00022582600000000002
0.00023635600000000001
0.00022511100000000001
0.00025011500000000003
0.00024717900000000004
0.000227581
0.00022734300000000002
0.000228404
0.00022966100000000001
0.00023092800000000001
0.00022952000000000001
0.00022760300000000002
0.00022752700000000002
0.00024815300000000003
0.000226042
0.00022501300000000001
0.00022487200000000001
0.000261024
0.00023779700000000001
0.00022822000000000001
0.00021567500000000002
0.00017193900000000002
0.000172318
0.00017364
0.00017390100000000001
0.00017542800000000002
0.000198817
0.00017566600000000002
0.000173337
0.00017317500000000002
0.000171127
0.00017151700000000002
0.00017150600000000001
0.00017139800000000001
0.000171387
0.000171311
0.00017148400000000001
0.00017157200000000002
0.00018930600000000001
0.00017256800000000001
0.00018477700000000001
0.00017430100000000002
0.00017606700000000002
0.00017592600000000002
0.000176479
0.00017434500000000001
0.00017304400000000002
0.000173251
0.00017137600000000002
0.00017142000000000001
0.00017144100000000001
0.00020649900000000002
0.000172048
0.00017156100000000001
0.00017142000000000001
0.00017162500000000001
0.00017247000000000001
0.00017343500000000002
0.00023862000000000002
0.000177887
0.00017647800000000001
0.000197951
0.00019911100000000003
0.000173315
0.000171733
0.00017129000000000002
0.00017133300000000002
0.000171571
0.000172134
0.00018601300000000001
0.00017169100000000002
0.00017157200000000002
0.00017147400000000002
0.00019162400000000002
0.000173912
0.000174334
0.00021643400000000002
0.00022594500000000002
0.000232131
0.00023470900000000002
0.00022647500000000002
0.00022628000000000001
0.00022520800000000002
0.00027805200000000004
0.00022609700000000003
0.00022583700000000003
0.00022608600000000002
0.00022611900000000002
0.00022622700000000001
0.00022659500000000001
0.00022648700000000002
0.00025335200000000004
0.00022286900000000002
0.00024589000000000002
0.00022699500000000002
0.00017696700000000002
0.00017525400000000001
0.00020439700000000002
0.00017903600000000001
0.00018702000000000001
0.00017141900000000002
0.00020152700000000001
0.00024616000000000004
0.00023632300000000001
0.00023410300000000002
0.00026122999999999999
0.00023328000000000002
0.00025946399999999999
0.00023676700000000001
0.000245348
0.00023644200000000001
0.00024054800000000002
0.00023996300000000002
0.00023899900000000002
0.00023675600000000002
0.00023771100000000001
0.00027565500000000003
0.00022501400000000002
0.00024178300000000003
0.000224558
0.00022466700000000001
0.00022434200000000001
0.00022471000000000001
0.00022505700000000002
0.00024956199999999999
0.00022675700000000001
0.00022740800000000002
0.00028304300000000002
0.00017971900000000001
0.00017632700000000002
0.00017439900000000002
0.00021769000000000001
0.00022527400000000003
0.000228664
0.00023006100000000002
0.000314965
0.00021695300000000001
0.000231048
0.00024812100000000002
0.00024313700000000001
0.000248089
0.00024561900000000003
0.00024418900000000002
0.00027160800000000001
0.00024696200000000004
0.00024873800000000003
0.00024842500000000003
0.000252661
0.00024379900000000003
0.00027950100000000003
0.00027482600000000004
0.00027917000000000003
0.000228404
0.00023074400000000001
0.00022702800000000002
0.00022616200000000002
0.00022370200000000002
0.000221883
0.00022398400000000002
0.00026638400000000004
0.00022829600000000001
0.00021432100000000001
0.00023999600000000002
0.00025190200000000003
0.00022150300000000001
0.00020908800000000001
0.00020051900000000002
0.00020190500000000003
0.00035019500000000003
0.000294565
0.00017217800000000002
0.00017125700000000002
0.000171311
0.00017130100000000001
0.00019715000000000002
0.000171452
0.000173554
0.00017377000000000001
0.000175341
0.00017578600000000001
0.00017624000000000001
0.00017364100000000001
0.00017313100000000001
0.00018434400000000002
0.00017175600000000001
0.00017143100000000002
0.00020871900000000001
0.00021818900000000001
0.00021796100000000002
0.00032808400000000003
0.00023612900000000002
0.00023621500000000001
0.00023799200000000002
0.000377396
0.00024663800000000003
0.00024818700000000003
0.00024876
0.00017611100000000001
0.00017347800000000002
0.00017282800000000001
0.00017265500000000002
0.00017165800000000002
0.000193618
0.000191819
0.000171387
0.00017156100000000001
0.00017165800000000002
0.000194398
0.000171626
0.00017243800000000002
0.00017346700000000001
0.00017409600000000002
0.00017530900000000001
0.000176035
0.00021035500000000001
0.000173976
0.000173196
0.000171972
0.00017162500000000001
0.000171972
0.00017177700000000002
0.00017187500000000002
0.00018028100000000002
0.00017160400000000001
0.00017195000000000001
0.00017203700000000002
0.00017270800000000001
0.00019362900000000001
0.00017497300000000001
0.00017601300000000001
0.00030707800000000002
0.00041101500000000003
0.00021888100000000001
0.00021959600000000002
0.00022357300000000002
0.000222186
0.00022983400000000002
0.00018730100000000001
0.00019397500000000001
0.00017212400000000001
0.00017144100000000001
0.000171268
0.000171452
0.000184377
0.000174117
0.00019239300000000001
0.00017611000000000002
0.00017644700000000001
0.00017598100000000002
0.00018422500000000002
0.00020684800000000001
0.00017201600000000001
0.000171583
0.00017158200000000001
0.00017149600000000001
0.00017133300000000002
0.00017175600000000001
0.00017190700000000001
0.000171344
0.000171755
0.000172936
0.00019385600000000001
0.00017476700000000002
0.00017507000000000002
0.00019038900000000001
0.000184842
0.00021252200000000001
0.00022824100000000001
0.00019782100000000002
0.00017181000000000002
0.00018255600000000001
0.00031524600000000004
0.000211158
0.000171972
0.000183857
0.00018313100000000001
0.00017144100000000001
0.00018395400000000001
0.00022414700000000001
0.00019683500000000002
0.000194527
0.00017599100000000002
0.00017601300000000001
0.00033155000000000001
0.00047575600000000003
0.00024920399999999999
0.00018716100000000001
0.00019246900000000002
0.00020030200000000002
0.00020840500000000002
0.00017356400000000002
0.00017120300000000001
0.00019100700000000001
0.00017528700000000002
0.00022766800000000002
0.00022882700000000002
0.00023121
0.00030915800000000002
0.00023265100000000001
0.00023227100000000001
0.000229368
0.00026861800000000004
0.00022822000000000001
0.00024275900000000002
0.00042911800000000003
0.000381851
0.00024296400000000003
0.00024417800000000001
0.0035841330000000002
0.00022632500000000001
0.000227624
0.00022979100000000002
0.00022900000000000001
0.000254892
0.00023142700000000001
0.00023155700000000002
0.00023157900000000001
0.00022922700000000001
0.00022833900000000001
0.000227321
0.00024393900000000001
0.00021552300000000002
0.00017685800000000001
0.00019188400000000002
0.000172091
0.00022571800000000002
0.000171929
0.000171745
0.00019622800000000001
0.00020699700000000002
0.00017476700000000002
0.000175644
0.000176219
0.00018250200000000002
0.00020983500000000001
0.000185374
0.00018655400000000002
0.000231048
0.00023122000000000003
0.00023440600000000002
0.00023444900000000002
0.00023462300000000002
0.00024113300000000001
0.00023249900000000002
0.00028218200000000002
0.00022685500000000001
0.00024780700000000001
0.00022838300000000003
0.00022893500000000002
0.00022978000000000001
0.00022931400000000002
0.00025172900000000002
0.00024915000000000001
0.00022642200000000002
0.000225035
0.00022479700000000002
0.000222229
0.00022448200000000002
0.00022508900000000001
0.00022521900000000003
0.00022487300000000003
0.00027825000000000001
0.00025240000000000001
0.00022733200000000001
0.00022742900000000002
0.00022888000000000002
0.00022996400000000001
0.00022975800000000002
0.00022755900000000001
0.00022624800000000002
0.00024798000000000002
0.000225479
0.0006948490000000001
0.00021123300000000002
0.00017913300000000002
0.00021212200000000003
0.00017838600000000002
0.000237786
0.00019404000000000001
0.000173012
0.00017356400000000002
0.00019591500000000001
0.000176966
0.00017653300000000001
0.00017668500000000002
0.000175601
0.0001752
0.00017424700000000001
0.00017303400000000002
0.000184539
0.000235641
0.00022612900000000002
0.00025213000000000004
0.00024127400000000001
0.00023018100000000001
0.00022882700000000002
0.00024173
0.00022888100000000001
0.00023879400000000002
0.00023773200000000002
0.0002377
0.00026046100000000003
0.00023463300000000001
0.00023304100000000002
0.00025289900000000001
0.00023114500000000001
0.000230549
0.00023703800000000002
0.000225393
0.00022602100000000002
0.00025363600000000001
0.00023150300000000001
0.00025649500000000003
0.00024312700000000002
0.00022542500000000002
0.00023362600000000002
0.00024465400000000002
0.000236822
0.00023619400000000001
0.00025936700000000004
0.00022749400000000001
0.00023312700000000002
0.00023132900000000001
0.00023310600000000001
0.00022382200000000001
0.000235338
0.00022747200000000002
0.00022871800000000001
0.00025360300000000003
0.000252465
0.00023790600000000002
0.00022919500000000002
0.000230852
0.000233052
0.00024154500000000002
0.00022907600000000001
0.00022660600000000002
0.00022917300000000002
0.000252823
0.00023082000000000002
0.00023272700000000001
0.00022579400000000003
0.00022608600000000002
0.00024003900000000002
0.00023105800000000002
0.00024005000000000001
0.00044141900000000002
0.00023779700000000001
0.00018026000000000001
0.00019696500000000001
0.00017416100000000002
0.000175179
0.000175828
0.000224515
0.00019265300000000001
0.00017156100000000001
0.00017151700000000002
0.00018669500000000001
0.00017137600000000002
0.000170748
0.000170781
0.000170564
0.00017086800000000002
0.000171051
0.000172146
0.00019205700000000001
0.00017343400000000001
0.00017501700000000002
0.00022472100000000002
0.000175742
0.00017357600000000002
0.000172578
0.000172308
0.000170867
0.000171149
0.00017113800000000001
0.000170726
0.00019088700000000002
0.000171452
0.00017137700000000001
0.000171528
0.000172265
0.00017354300000000002
0.000173716
0.00017468100000000002
0.000175353
0.00017573100000000002
0.000173272
0.00017246000000000001
0.00017129000000000002
0.00022128600000000001
0.000171106
0.00017087800000000001
0.000204169
0.00017124700000000002
0.00022311800000000001
0.000185947
0.00017121400000000002
0.000172449
0.000172969
0.00017356500000000001
0.00019459200000000002
0.000177627
0.000175818
0.00017336900000000001
0.000172991
0.00017251400000000002
0.000182492
0.00020730100000000001
0.000171311
0.00017085700000000001
0.00017070400000000001
0.00021813400000000001
0.00020213300000000001
0.00023329000000000001
0.00025283400000000001
0.00023115600000000002
0.00023876100000000001
0.00023740700000000003
0.00023304100000000002
0.00023603100000000002
0.000248674
0.00026686400000000001
0.000240375
0.00024067900000000002
0.00026457800000000001
0.00024027800000000002
0.00023951900000000002
0.000276548
0.00023937900000000001
0.000247049
0.00089567100000000001
0.00024035400000000002
0.000245727
0.00024018000000000002
0.00024169700000000003
0.00022959600000000002
0.00025567200000000003
0.000219163
0.00021835000000000002
0.00022052800000000003
0.00021763500000000001
0.00024895599999999999
0.00023579300000000001
0.00023805700000000001
0.00024429700000000004
0.00026081900000000002
0.00023366900000000002
0.00022588100000000001
0.00023838200000000001
0.00023291100000000001
0.00024398300000000003
0.00025427400000000003
0.00024944300000000002
0.00024235800000000003
0.00025009300000000001
0.00022658400000000002
0.00022861000000000002
0.00024529400000000001
0.00025167500000000003
0.000259096
0.00023816500000000001
0.000244687
0.00022825300000000001
0.00026526000000000002
0.00023390800000000001
0.00023498
0.00023856600000000001
0.00024001800000000002
0.00024709300000000004
0.00024326800000000002
0.00025853200000000001
0.00025950800000000004
0.00023767800000000001
0.000232835
0.00024479600000000003
0.00024349600000000003
0.000233658
0.00023668100000000001
0.00023408100000000002
0.00024412400000000002
0.00025982199999999999
0.00024535900000000001
0.00022281400000000003
0.00021848100000000002
0.000237569
0.00022228300000000001
0.00023400500000000002
0.00024134000000000002
0.00024672400000000003
0.00028664599999999999
0.00023695200000000002
0.00024040700000000002
0.00023378800000000002
0.00023815500000000001
0.00023254300000000001
0.00023667000000000002
0.000226302
0.00023829600000000001
0.00044803300000000002
0.00017316400000000001
0.00017337
0.00017420400000000001
0.000175916
0.00017533100000000001
0.000176436
0.00017410600000000002
0.00021282300000000001
0.00017335900000000002
0.00020898000000000002
0.000171755
0.00018588200000000001
0.000171702
0.000171387
0.00017158200000000001
0.00017123500000000002
0.000171387
0.000192296
0.00023571700000000001
0.00017394400000000001
0.000175396
0.00017594800000000002
0.00017598000000000001
0.00017335900000000002
0.00017277400000000002
0.00030481300000000002
0.00017771400000000001
0.00017154900000000001
0.00017173400000000002
0.00019158100000000002
0.00017182000000000002
0.00018123500000000002
0.00017139800000000001
0.00017137600000000002
0.00017293700000000001
0.00019327100000000001
0.00017471300000000001
0.00023775400000000001
0.00017701000000000001
0.00025660500000000003
0.000193704
0.00017361900000000002
0.00017184200000000001
0.00017136500000000001
0.00017164700000000001
0.000171528
0.00017151700000000002
0.00023168700000000001
0.00017155000000000002
0.00017135500000000002
0.000171669
0.000173012
0.000204971
0.00017424700000000001
0.000175861
0.00017623000000000001
0.00017588300000000002
0.00017416
0.00017338100000000001
0.00017325000000000001
0.00017175600000000001
0.00017169100000000002
0.00017165800000000002
0.00017169
0.00018981500000000002
0.00017191800000000002
0.00030805200000000001
0.000172578
0.000172752
0.00017339100000000001
0.00017370600000000001
0.00017486500000000001
0.00017606700000000002
0.00017651200000000001
0.00018530800000000002
0.00017292500000000002
0.00021585900000000002
0.00020981400000000001
0.000171669
0.00017185200000000001
0.00017164700000000001
0.00017149500000000002
0.000186641
0.000171528
0.00017144100000000001
0.00017300100000000002
0.00017347800000000002
0.000174074
0.00026636500000000002
0.00031346800000000001
0.00047221900000000001
0.00023271600000000003
0.000236877
0.00024283400000000001
0.00028385000000000004
0.000186641
0.00017153900000000001
0.00017144100000000001
0.00017092100000000001
0.00017109500000000001
0.00017107300000000002
0.00017133300000000002
0.00017235200000000002
0.00018539500000000001
0.00017781200000000001
0.00019625
0.00017583900000000001
0.00017604600000000001
0.00017383500000000001
0.00017309900000000002
0.00017167900000000002
0.000171268
0.00017158200000000001
0.00019257800000000003
0.00018075800000000002
0.00017106200000000001
0.00017552600000000001
0.00019002
0.000171387
0.00017224300000000001
0.00019336800000000002
0.00017381300000000001
0.00017501600000000001
0.00017571000000000001
0.00017562300000000002
0.00017360800000000001
0.00017307700000000002
0.00017277400000000002
0.000171323
0.00019021600000000002
0.00017160400000000001
0.000171008
0.00017105200000000002
0.00017132200000000001
0.00017102900000000001
0.00017135500000000002
0.00017119200000000002
0.00018169
0.000173575
0.000174594
0.000175515
0.00017582900000000001
0.00019205700000000001
0.000172991
0.00017136500000000001
0.00017149500000000002
0.00017962100000000001
0.00018571000000000001
0.00017113800000000001
0.000171008
0.000171354
0.00017099800000000001
0.00017109500000000001
0.00017224300000000001
0.00019179700000000001
0.00017424700000000001
0.00017514600000000002
0.00017568800000000002
0.00017563400000000001
0.00017329300000000001
0.00018208000000000002
0.00017277400000000002
0.000171311
0.00017136500000000001
0.00017094300000000001
0.000171311
0.000189111
0.00017149600000000001
0.00017101800000000002
0.00017116000000000001
0.00017198200000000002
0.00017306600000000001
0.00017343400000000001
0.00017438800000000001
0.00017550400000000002
0.00017576400000000002
0.00017344500000000002
0.00017269800000000002
0.00017109500000000001
0.000245586
0.00023872900000000002
0.00026659300000000003
0.00022855600000000001
0.00023106900000000001
0.00022873000000000001
0.00022705000000000002
0.00022913000000000002
0.00022783000000000002
0.00023633500000000001
0.00017403000000000001
0.00019734400000000001
0.00018087700000000002
0.00017645700000000001
0.00017392200000000002
0.00017318500000000002
0.00019330400000000002
0.00017109500000000001
0.00017160300000000002
0.000171788
0.00021358400000000001
0.00021739700000000001
0.00023518600000000002
0.000203303
0.00023766700000000003
0.00017294700000000001
0.00027050300000000001
0.00018772400000000001
0.00017576400000000002
0.000198786
0.00017650000000000001
0.00017509200000000001
0.00017302300000000001
0.00017161500000000002
0.00017172300000000001
0.00017169
0.00017184200000000001
0.00017189700000000001
0.000171745
0.00019154800000000002
0.000172048
0.00017186400000000001
0.000173272
0.00023110100000000002
0.000175179
0.00017528700000000002
0.00019905700000000002
0.00020337900000000001
0.00017402000000000002
0.00017310900000000001
0.00019280500000000002
0.00017200400000000002
0.00017184200000000001
0.00017184200000000001
0.00017222100000000002
0.00017208000000000002
0.00017199400000000002
0.00017144100000000001
0.000171366
0.00017303400000000002
0.000173728
0.00017403000000000001
0.000175396
0.00019553500000000002
0.00019092000000000002
0.00021712600000000002
0.00017764900000000002
0.00017266500000000001
0.00017120300000000001
0.00017155000000000002
0.000171788
0.00017164700000000001
0.00017164700000000001
0.00017182000000000002
0.00017217800000000002
0.000190671
0.00017250300000000001
0.00017373800000000002
0.000174334
0.00017486500000000001
0.0001761
0.00017620900000000001
0.00017406300000000002
0.00017286100000000001
0.00017143100000000002
0.000171614
0.00017165800000000002
0.00047575200000000002
0.00023317100000000001
0.00023115600000000002
0.000235858
0.00022978000000000001
0.00025907400000000003
0.00023255400000000002
0.00021014900000000002
0.00017556900000000001
0.00029646000000000002
0.00029036099999999999
0.00024048400000000001
0.00023882600000000001
0.00023771000000000003
0.00026321200000000003
0.00023715700000000002
0.00025714600000000003
0.00023418900000000002
0.00023746100000000001
0.000234937
0.00023524
0.00026081900000000002
0.00023603100000000002
0.00026282300000000003
0.00023859900000000001
0.00024499
0.000247297
0.00024045100000000001
0.000241816
0.00023787300000000002
0.00035820100000000005
0.00037211200000000002
0.000242217
0.00023775400000000001
0.00023661600000000001
0.00023694100000000001
0.00023552200000000003
0.00023731000000000002
0.00032531000000000004
0.000261988
0.00023841400000000002
0.00024377700000000001
0.00023780800000000002
0.00023934600000000001
0.00023968200000000001
0.00023914000000000002
0.00023230400000000002
0.00024789400000000002
0.00025463200000000002
0.00022666
0.00023472
0.00024465500000000004
0.00029922400000000001
0.00022698500000000002
0.00022720200000000002
0.00022694100000000001
0.00022800400000000002
0.00025308300000000003
0.00022971500000000002
0.00023768900000000002
0.00035614300000000001
0.00024117700000000003
0.00024197900000000002
0.00027705700000000004
0.00023671300000000002
0.00026085100000000004
0.0025059930000000002
0.00021839400000000001
0.00022027900000000001
0.00022148100000000002
0.000244016
0.000227321
0.00024692900000000001
0.00022817600000000002
0.00023178400000000002
0.00026625100000000001
0.000237786
0.00026763200000000002
0.00024593299999999999
0.00024290000000000002
0.000244319
0.00024456800000000002
0.00024612700000000001
0.00026766000000000002
0.00022151400000000002
0.00022163400000000001
0.000225078
0.00023949800000000002
0.00022514300000000002
0.00022484000000000002
0.00022524000000000001
0.00024783900000000002
0.000221969
0.00022562000000000003
0.00023017000000000003
0.000230387
0.000227006
0.000245868
0.00026407900000000002
0.00023790500000000001
0.00025743900000000004
0.00022539200000000001
0.00022474200000000002
0.00022445000000000001
0.00023684300000000001
0.00022459000000000002
0.00022445000000000001
0.000224515
0.00022557700000000003
0.00024855400000000001
0.00022774400000000002
0.00022931500000000001
0.00022823
0.00022770000000000001
0.00022562000000000003
0.00022479600000000001
0.000224071
0.00022213200000000002
0.00022212000000000002
0.00024435200000000003
0.00022181800000000001
0.00025166400000000002
0.00022228300000000001
0.000222186
0.00022185000000000003
0.00022291200000000002
0.000223985
0.00022703900000000001
0.000415554
0.00024018100000000001
0.000241155
0.00023861000000000002
0.00023772100000000001
0.000235283
0.00023008300000000001
0.000240191
0.00024148100000000001
0.00029439200000000004
0.00023281300000000001
0.00023473100000000001
0.000234016
0.00023644300000000003
0.00025411200000000002
0.00023910700000000001
0.00023809000000000002
0.00024598700000000003
0.00028346100000000004
0.000239931
0.00023265100000000001
0.00023429700000000001
0.000224818
0.00022813300000000002
0.00023277000000000001
0.00023592300000000002
0.00028290800000000001
0.00025712400000000001
0.00022789500000000001
0.00022634600000000002
0.00022882700000000002
0.00023824100000000001
0.00023695200000000002
0.00023840300000000001
0.00024024500000000001
0.00026307199999999999
0.00026256200000000004
0.00023574900000000002
0.00023643200000000002
0.000236464
0.00023454700000000002
0.00023614000000000003
0.000269528
0.00022931400000000002
0.00024160000000000002
0.00025692900000000003
0.00023220700000000001
0.00023952000000000001
0.00023201200000000003
0.00023454700000000002
0.00023646500000000002
0.000235338
0.00023692
0.00024449200000000002
0.00025795800000000003
0.00023227100000000001
0.000233756
0.00025893300000000004
0.00023017000000000003
0.00024823
0.00023154600000000001
0.00023241200000000001
0.00023727700000000001
0.00025420999999999999
0.00023387500000000001
0.00023332300000000002
0.00023229400000000002
0.000235543
0.00024537000000000002
0.00057568500000000004
0.00028474899999999999
0.00037419200000000003
0.00039252300000000004
0.00026412199999999999
0.000257037
0.00033096000000000004
0.00022581500000000001
0.00028489600000000003
0.00023464500000000001
0.00021859900000000001
0.00025196700000000002
0.00024582500000000003
0.00025398200000000004
0.00023494800000000001
0.00024182700000000001
0.000270964
0.00022486200000000002
0.00022316000000000003
0.00023593400000000001
0.000220647
0.00021939100000000001
0.00021913100000000001
0.00021990000000000001
0.00022127600000000001
0.000171886
0.00017234100000000001
0.00017198300000000001
0.00017220000000000001
0.00017171300000000001
0.000173337
0.00017404200000000001
0.00017452900000000001
0.00017571000000000001
0.00017662
0.00017616500000000002
0.00019352
0.00017416
0.00017299000000000001
0.00017180900000000001
0.00017207
0.00020088700000000002
0.00022006200000000001
0.00022727700000000001
0.000225913
0.00022883800000000001
0.00022618300000000003
0.000252823
0.00022816600000000002
0.00022761300000000002
0.00022113500000000002
0.000176262
0.00017608900000000001
0.000173857
0.000173337
0.00019185200000000001
0.00019172200000000002
0.000175613
0.000192957
0.000172287
0.00018499400000000001
0.00017183200000000002
0.00017164800000000002
0.00017149600000000001
0.00017316300000000002
0.00017383600000000002
0.00017481000000000002
0.00017586200000000002
0.00021637900000000002
0.00019729
0.000193162
0.00017358600000000001
0.00017340200000000002
0.000192513
0.000171886
0.000172027
0.00017159300000000002
0.00017168000000000001
0.00017161500000000002
0.000344898
0.00037492300000000004
0.00025700500000000004
0.00029274500000000002
0.00017461600000000002
0.00017501600000000001
0.00017594800000000002
0.000175861
0.00017354300000000002
0.00017256800000000001
0.00017121400000000002
0.00017168000000000001
0.00017147400000000002
0.000171712
0.00017179900000000001
0.00019230700000000001
0.00019204600000000002
0.000171929
0.000171409
0.00017243800000000002
0.000173532
0.00017481000000000002
0.00017561200000000001
0.00018757300000000001
0.000176446
0.00017350000000000002
0.00017318500000000002
0.00020657500000000002
0.00017186400000000001
0.00017153900000000001
0.000171745
0.000171626
0.000171755
0.00017169
0.00017191800000000002
0.00017179900000000001
0.00017290400000000001
0.00017388900000000002
0.000173933
0.00017530900000000001
0.00019483100000000002
0.00017604600000000001
0.00023946500000000001
0.00023163200000000001
0.00024162100000000002
0.00023514200000000001
0.00023118900000000003
0.00023481800000000003
0.00023358200000000003
0.000275061
0.00022541500000000002
0.00031614500000000004
0.00033799700000000004
0.00024966000000000002
0.00019126700000000001
0.000189404
0.00017505900000000001
0.00019573000000000003
0.00017719400000000001
0.000174193
0.00017396500000000002
0.00017195000000000001
0.00025934500000000002
0.000171387
0.000171745
0.00017117
0.00019060600000000001
0.000171712
0.00017129000000000002
0.000190595
0.00017241700000000001
0.00017340200000000002
0.00017394400000000001
0.000176219
0.000176577
0.000176825
0.00017387900000000002
0.00017326100000000002
0.00032743400000000004
0.00018679200000000002
0.000192382
0.00023404900000000001
0.000172027
0.00020672600000000001
0.00017191800000000002
0.000707403
0.00024209700000000001
0.00022112400000000001
0.000219683
0.00022087400000000003
0.00022229400000000002
0.00024561900000000003
0.000245944
0.00022031100000000003
0.00021953200000000001
0.00021866500000000002
0.00021839400000000001
0.00021744000000000001
0.00021798300000000002
0.000230127
0.00023825200000000002
0.00021854600000000002
0.00021755900000000001
0.00021816700000000001
0.000225999
0.00022579300000000001
0.000228404
0.000230332
0.00023141600000000002
0.00024532699999999999
0.000253126
0.000228101
0.00022755900000000001
0.00022657300000000001
0.00022616200000000002
0.00022565200000000001
0.000236519
0.00022588000000000003
0.00022607500000000001
0.00024695100000000003
0.00022663800000000001
0.00022760300000000002
0.000227538
0.00022900000000000001
0.00022909800000000001
0.00023080900000000001
0.00028154600000000003
0.00022358500000000002
0.00022306500000000002
0.000223775
0.000245906
0.00021945500000000002
0.00026506500000000004
0.000216314
0.00023018500000000002
0.00022434500000000001
0.000217865
0.00022811500000000001
0.00022150500000000001
0.00024498599999999999
0.000223305
0.00022149500000000002
0.00022119500000000001
0.00022066500000000002
0.00022500500000000002
0.00021999500000000001
0.00022438500000000001
0.00020819400000000001
0.00025147599999999999
0.00024364500000000002
0.000221005
0.00021998400000000003
0.00022365500000000001
0.000222174
0.00022271400000000002
0.00019834400000000001
0.000160994
0.00018059400000000001
0.00016238300000000002
0.00016220400000000002
0.00019301400000000001
0.000203735
0.000228385
0.000201475
0.00019088400000000002
0.00015776400000000002
0.00015785300000000001
0.00021402500000000001
0.00015785300000000001
0.00015714300000000002
0.00015759400000000002
0.00015843300000000001
0.00015971400000000001
0.00015997300000000002
0.00016118400000000001
0.00016190400000000001
0.000162103
0.00016012400000000001
0.00019369400000000001
0.00016751400000000001
0.00017531400000000001
0.00015738300000000001
0.00015757400000000001
0.000212365
0.00021726500000000001
0.00021696500000000001
0.00021709400000000001
0.000235696
0.00021808500000000002
0.00062957900000000001
0.00021345500000000001
0.00021136400000000002
0.00021240400000000002
0.00021623500000000001
0.000227285
0.00021023500000000002
0.00021060500000000002
0.000178204
0.00016960400000000001
0.00015879300000000001
0.00015835400000000001
0.000169674
0.00018278400000000002
0.000169834
0.00022002500000000002
0.000169223
0.000177744
0.00016060400000000001
0.00016785400000000002
0.000162833
0.00018021500000000001
0.00016091300000000002
0.00020389500000000003
0.00021149500000000002
0.00021079400000000001
0.00021092500000000002
0.00024901099999999999
0.00021733400000000002
0.00022314500000000001
0.00021576400000000002
0.00023242600000000001
0.00021709500000000002
0.00025948600000000002
0.00019465400000000002
0.00021099500000000001
0.00016796400000000002
0.00016212300000000002
0.00016358400000000001
0.00016015300000000001
0.000182764
0.00020041400000000002
0.00021567500000000002
0.00021217500000000002
0.00021410500000000002
0.00024286500000000001
0.00022065500000000002
0.00021238500000000002
0.00021272500000000001
0.00022087500000000002
0.00021643500000000001
0.00023279500000000002
0.00021458500000000002
0.00021798500000000002
0.00026290500000000002
0.00021836500000000001
0.00021568500000000002
0.00021460500000000001
0.00022300500000000002
0.00021397500000000001
0.00021499500000000002
0.00021658500000000001
0.00020681400000000002
0.00023140600000000003
0.00021214400000000002
0.00021453500000000002
0.000214675
0.00022523500000000001
0.00022662500000000002
0.00021470400000000002
0.00021808500000000002
0.00021846500000000002
0.00073880700000000007
0.00033001699999999999
0.00029186199999999999
0.000305056
0.00023656500000000002
0.00023579500000000002
0.00022426500000000002
0.000169314
0.00022240500000000001
0.000213415
0.000216035
0.000201714
0.00015975400000000002
0.00017146400000000002
0.000190564
0.00021089500000000001
0.000212055
0.00020713400000000001
0.00021314500000000001
0.00022876500000000002
0.00021098500000000001
0.000229325
0.00021929500000000002
0.000212365
0.000208075
0.000202544
0.00022267500000000001
0.00021139500000000002
0.00020989500000000001
0.00023206500000000002
0.000248946
0.00024718500000000003
0.00022072500000000001
0.00022051500000000001
0.00022863500000000001
0.00024738599999999999
0.00021670500000000001
0.00021523500000000001
0.00023374500000000002
0.00021975500000000003
0.00025442600000000003
0.00021611500000000001
0.00028544600000000002
0.000223725
0.00024205500000000003
0.000218824
0.00021708500000000003
0.000219595
0.000249776
0.00022364500000000002
0.000231425
0.00022624500000000003
0.00021878500000000001
0.00024752600000000003
0.00022102500000000002
0.00023519500000000003
0.00021865500000000003
0.00022138500000000002
0.00025423600000000002
0.00025321499999999999
0.00021475400000000002
0.00023598600000000001
0.00023805500000000001
0.00023341500000000003
0.000217445
0.00021754500000000001
0.000404189
0.00024933600000000001
0.00022240500000000001
0.000221315
0.00022091500000000002
0.00025097600000000003
0.00021765400000000001
0.000274097
0.00021637500000000001
0.00021404400000000001
0.00024624600000000004
0.00021578500000000002
0.00023539500000000001
0.00021963500000000001
0.00024315600000000001
0.00022187500000000001
0.00024412500000000001
0.00023348500000000002
0.00024602599999999999
0.000220425
0.00023771500000000002
0.00021679500000000001
0.00025518600000000002
0.00021219500000000001
0.000215405
0.00023297500000000001
0.00021842500000000001
0.00026754600000000002
0.00021481500000000001
0.00023489500000000002
0.00021373500000000003
0.00023695500000000001
0.000218235
0.00023635500000000002
0.00022470500000000001
0.00023747600000000003
0.00022590500000000001
0.00021637500000000001
0.00027188599999999999
0.000216505
0.000215145
0.00021628500000000001
0.000243405
0.00021462500000000003
0.00024190500000000002
0.00021636500000000002
0.00021476500000000001
0.00021596500000000001
0.00021668500000000002
0.00024510500000000002
0.000218075
0.00023725600000000001
0.00021940500000000002
0.00024528500000000003
0.00025268600000000001
0.00023598500000000003
0.00021690500000000001
0.000234245
0.00022176500000000002
0.00025624600000000001
0.00021433500000000001
0.00021745500000000002
0.000222365
0.00021607500000000001
0.00024435500000000003
0.00021670500000000001
0.00029517700000000004
0.00021354500000000002
0.00023452500000000002
0.00021354500000000002
0.00024897500000000002
0.00021204500000000001
0.00023633500000000001
0.00020963400000000002
0.00020916500000000001
0.00023735500000000002
0.00021443500000000002
0.00021358500000000002
0.00021427500000000002
0.00024400500000000002
0.00023775600000000002
0.00023789500000000001
0.00022214500000000001
0.00023986600000000001
0.000218614
0.00021962400000000002
0.00025293500000000003
0.00022130500000000001
0.00024056600000000003
0.00022113500000000002
0.00023566500000000003
0.00022127500000000003
0.00026311600000000003
0.000212215
0.00023502500000000001
0.00022089500000000001
0.00023392500000000001
0.000214465
0.00022986500000000002
0.00022668500000000002
0.00021604400000000001
0.00023675600000000002
0.00022730500000000002
0.00024477500000000003
0.00021836500000000001
0.00023598600000000001
0.00021627500000000001
0.00023641500000000002
0.00022123500000000002
0.00023964500000000003
0.00021553500000000002
0.00023687600000000001
0.00021546400000000001
0.00021512500000000001
0.00023774600000000002
0.00021558500000000002
0.00022279500000000002
0.00022318500000000001
0.00025324500000000003
0.00021883500000000001
0.00025341600000000001
0.000219175
0.000242415
0.00021455400000000002
0.000212475
0.00022543500000000001
0.00021900500000000001
0.00023873600000000003
0.00021786400000000001
0.00023102500000000002
0.00021845500000000002
0.00023331500000000003
0.00021364500000000002
0.00031213700000000004
0.00028556600000000001
0.00023580600000000003
0.00021918500000000002
0.000245865
0.000235455
0.00021767500000000002
0.00021667500000000002
0.000217445
0.00024784600000000003
0.00021443500000000002
0.00023687500000000002
0.00021458500000000002
0.000214775
0.00021566400000000001
0.00024795500000000001
0.000212525
0.00025309600000000002
0.000223095
0.000218025
0.00024536499999999999
0.000217605
0.00026468600000000003
0.00022314500000000001
0.00023840500000000002
0.00022204500000000001
0.00024171600000000003
0.00022096500000000002
0.00023903500000000002
0.000214615
0.00023900600000000002
0.00021442400000000001
0.000216035
0.00022407500000000001
0.00021630500000000002
0.00024973600000000002
0.00021026500000000001
0.00023041500000000001
0.00020986500000000002
0.00023092500000000002
0.00021230500000000001
0.00021329400000000002
0.00023703600000000001
0.00021656500000000002
0.00025082500000000004
0.00021677500000000002
0.00024239600000000003
0.000210554
0.00023610600000000001
0.00022826500000000001
0.00023438500000000001
0.00021288500000000001
0.00024048500000000003
0.00022284500000000003
0.00021326400000000001
0.00021518500000000001
0.00021502500000000001
0.00024375500000000001
0.000212024
0.00025161600000000002
0.00020370500000000002
0.00022319500000000001
0.000225875
0.00020818400000000001
0.00023522600000000003
0.00022538500000000001
0.000235135
0.00021395500000000002
0.00041040900000000003
0.00021217500000000002
0.00024211100000000001
0.00021750500000000003
0.00021816500000000001
0.00021813500000000002
0.00021530400000000001
0.00021475500000000001
0.00021599500000000002
0.00021371500000000001
0.00023575500000000001
0.000218755
0.00021694500000000002
0.000254286
0.000216765
0.00021810500000000001
0.00021727400000000002
0.00021863400000000002
0.000219435
0.00018962500000000001
0.00017885400000000002
0.000161533
0.000161934
0.00016011400000000002
0.000158913
0.00015775400000000002
0.00015783300000000002
0.00015792400000000001
0.00015783300000000002
0.000157634
0.00015725300000000002
0.00017487400000000002
0.000157694
0.000168884
0.00015856300000000002
0.000160314
0.00016069400000000002
0.000161373
0.000161724
0.000162473
0.00017848400000000002
0.00015975400000000002
0.00015908400000000001
0.00017524400000000002
0.00015796300000000001
0.000158154
0.00015806300000000001
0.000157904
0.00015803300000000002
0.000158064
0.00015804300000000002
0.00015908400000000001
0.000159734
0.000159903
0.00016132400000000002
0.00018005400000000002
0.00017032400000000002
0.00015977300000000002
0.00015886400000000002
0.00015763300000000001
0.00015809400000000001
0.00015802400000000002
0.00015774300000000001
0.00015781400000000002
0.00015783300000000002
0.00015783400000000001
0.00015799300000000002
0.00015757400000000001
0.00017655400000000002
0.000159653
0.00017388400000000002
0.00016085400000000002
0.00016170400000000001
0.00016243300000000002
0.000159474
0.000159333
0.000158064
0.00015765400000000002
0.00015775300000000001
0.00018821400000000002
0.000175694
0.00015865400000000002
0.00015848300000000001
0.00015886400000000002
0.00015840400000000001
0.00015951300000000002
0.00015992400000000001
0.00016041300000000001
0.00056105300000000005
0.00040570900000000003
0.00020858500000000001
0.000213045
0.00020852400000000002
0.000248581
0.00023237500000000002
0.000237805
0.00024321500000000002
0.00021630500000000002
0.00021558500000000002
0.00022251500000000001
0.00021968500000000001
0.00024102500000000002
0.00021876500000000002
0.00023758600000000003
0.000222105
0.00021874500000000001
0.00022070400000000001
0.000218824
0.000217705
0.00021349500000000002
0.00023731500000000001
0.00025066500000000001
0.00022648500000000001
0.00022138500000000002
0.00021530500000000003
0.00021552500000000002
0.00021654500000000001
0.00021710500000000002
0.00021778500000000002
0.00022391500000000001
0.00023588600000000001
0.00021372400000000002
0.00022547500000000002
0.00021675400000000002
0.00022000500000000001
0.00021836500000000001
0.00021868500000000001
0.00023568500000000002
0.00022664500000000001
0.00021042400000000002
0.00020120500000000001
0.00021170500000000002
0.00021344500000000001
0.00021515400000000001
0.00022124500000000001
0.00021931500000000001
0.00020667500000000002
0.00023111500000000003
0.00021441500000000003
0.000217495
0.00022349500000000001
0.00021483500000000003
0.00021617500000000001
0.00022146500000000001
0.000225715
0.00021449500000000001
0.00023405500000000002
0.000237285
0.00021450500000000001
0.00021940500000000002
0.000213835
0.00021373500000000003
0.00021267500000000001
0.00022113500000000002
0.00021346400000000001
0.00069976500000000009
0.000163754
0.00017599400000000001
0.00016200400000000002
0.000165983
0.000194095
0.00015973300000000001
0.000163454
0.000175954
0.000158393
0.000158104
0.00015801400000000002
0.00015857300000000001
0.00016316400000000001
0.000161793
0.00016157400000000002
0.00016058400000000002
0.00016094300000000001
0.000179464
0.000162504
0.000162554
0.00017871400000000001
0.000177744
0.00015851300000000002
0.00017813400000000001
0.00016107400000000001
0.00015851300000000002
0.00018851500000000002
0.00016078300000000001
0.00016300400000000001
0.00016479400000000001
0.00015863300000000001
0.00017730400000000001
0.00016257400000000002
0.00016111400000000002
0.000161903
0.000162614
0.000185114
0.00018068400000000002
0.00016044400000000001
0.00015942300000000001
0.00015850400000000001
0.000158603
0.00015813400000000001
0.00017560400000000002
0.00016022400000000002
0.00015842300000000001
0.000158734
0.000158543
0.00019096400000000001
0.00017329300000000001
0.00016117400000000001
0.00017499400000000001
0.000176434
0.00016257400000000002
0.000160173
0.00017709400000000001
0.00015739400000000002
0.00015680300000000001
0.000156694
0.000166434
0.00015689300000000002
0.000156844
0.000157193
0.00015693400000000001
0.00015701300000000001
0.000157894
0.00015884300000000001
0.00015980400000000002
0.00017892400000000001
0.00016195400000000002
0.00019243400000000001
0.00016066400000000001
0.00015967300000000001
0.00015911400000000002
0.00015783300000000002
0.000158164
0.000158133
0.000158634
0.00017682400000000001
0.00018007400000000001
0.00017769400000000002
0.00015846400000000001
0.00018027400000000002
0.00016077300000000001
0.00016065400000000001
0.000161903
0.00016242400000000002
0.00016280400000000001
0.00016014300000000001
0.00051901200000000001
0.000208335
0.000175324
0.00020790400000000002
0.000200015
0.00020094400000000002
0.00017314400000000002
0.000158794
0.00021230500000000001
0.00021249500000000002
0.00021006400000000001
0.00023374600000000001
0.00021145400000000003
0.00023102500000000002
0.00021256400000000002
0.00021254500000000002
0.00021067500000000001
0.000209595
0.000209454
0.000259836
0.00022795500000000001
0.00020789500000000001
0.00020670500000000001
0.00023378
0.00021436500000000003
0.00021169400000000001
0.00021028500000000002
0.00021198500000000001
0.00021332500000000002
0.000217235
0.00021930500000000002
0.00025182000000000004
0.00021245500000000001
0.00020977500000000002
0.00020689500000000002
0.000209244
0.00024431600000000001
0.00020760400000000001
0.00020777500000000002
0.00022849500000000003
0.00020680500000000001
0.00022259500000000002
0.00020679500000000001
0.00020813400000000001
0.00020795500000000001
0.00020866500000000002
0.00020979400000000002
0.00021057500000000001
0.00023065000000000002
0.00016253400000000001
0.000160404
0.000159853
0.00015875400000000002
0.00015867300000000002
0.000192735
0.00015810300000000001
0.00015866400000000001
0.00016713400000000002
0.00015821300000000001
0.00017746400000000001
0.000158534
0.000159603
0.00015991400000000001
0.000160774
0.000161483
0.000162454
0.00016248300000000002
0.00016029400000000001
0.00017248400000000001
0.00015987400000000001
0.00015822300000000001
0.00017610400000000001
0.00015845400000000001
0.00015817300000000001
0.00015817400000000002
0.00015803300000000002
0.00015796400000000002
0.000188264
0.00017122400000000001
0.00020724500000000003
0.00025689500000000004
0.00023408600000000002
0.000375378
0.00021790500000000001
0.00022955500000000002
0.00021437500000000002
0.00021937500000000001
0.00021270500000000002
0.00021638500000000001
0.00021314500000000001
0.00021126400000000002
0.000254796
0.00021235500000000001
0.00026993600000000003
0.00021801500000000001
0.000224615
0.00024336600000000001
0.00022491500000000001
0.00021962500000000001
0.00022658500000000001
0.00024193500000000001
0.00022050500000000002
0.00022564500000000001
0.00021951500000000002
0.000222625
0.00021534500000000001
0.00022166500000000001
0.00021747500000000001
0.00022332500000000002
0.00023968500000000001
0.00022900500000000001
0.000218385
0.00021843500000000001
0.00022525500000000002
0.00021945500000000002
0.00022667500000000002
0.00022395500000000002
0.00024802600000000004
0.000220695
0.00022522500000000001
0.00023474500000000002
0.00022448500000000002
0.000217075
0.00022710500000000002
0.00021986500000000002
0.00022563500000000002
0.000245135
0.000216925
0.00022347500000000002
0.00021782500000000002
0.00022363500000000002
0.00021926500000000001
0.00021986500000000002
0.00022157500000000001
0.000222155
0.00024414500000000003
0.00021110500000000001
0.00021000500000000001
0.00020895500000000001
0.00021470400000000002
0.00020884400000000002
0.000225195
0.00020789500000000001
0.00020814500000000002
0.00023452500000000002
0.00022468500000000002
0.00021479500000000002
0.00023830500000000002
0.00021759500000000001
0.00021196500000000002
0.00021243500000000002
0.00021866500000000002
0.000211234
0.00024608600000000002
0.000218645
0.00022276500000000001
0.00021717500000000001
0.00021757500000000002
0.00022622500000000001
0.00021758500000000001
0.00022227500000000002
0.000217235
0.00024048500000000003
0.00021865500000000003
0.000227755
0.00022045500000000002
0.00023419600000000002
0.000164773
0.000206815
0.00020009500000000001
0.000160283
0.00015975400000000002
0.00024655500000000003
0.00020779500000000001
0.00020717500000000001
0.00021747500000000001
0.000207414
0.00020764500000000001
0.00020698400000000001
0.00020704400000000001
0.00020863500000000001
0.000228905
0.00021035500000000001
0.00021125400000000002
0.000211974
0.000211735
0.00020966500000000002
0.00020911400000000002
0.00020885500000000001
0.000208285
0.00020740400000000001
0.00022641600000000001
0.00020739400000000001
0.00021715500000000002
0.000207395
0.00020760400000000001
0.000207655
0.00020867500000000002
0.00022521500000000002
0.00021101500000000003
0.00023036500000000001
0.00021191500000000002
0.00021188400000000002
0.00020956500000000002
0.00020909500000000002
0.000208354
0.00020782500000000002
0.000207445
0.00020761400000000001
0.00022606600000000003
0.00021712400000000002
0.00020679500000000001
0.00020704500000000002
0.00020743400000000002
0.00020801500000000001
0.00020874500000000001
0.00020944400000000001
0.00021095400000000001
0.00021219500000000001
0.00029171700000000004
0.00022882500000000002
0.00026393100000000002
0.00030976199999999999
0.00021233500000000002
0.00021091500000000002
0.000210244
0.00022284500000000003
0.00024421800000000004
0.000209435
0.00021160500000000002
0.00020971400000000001
0.00021208500000000001
0.00024293600000000002
0.000260215
0.00020990200000000001
0.00020269500000000002
0.000214274
0.00021039400000000001
0.00020981500000000002
0.00020935500000000002
0.00020769400000000002
0.000229275
0.00018148400000000001
0.000203014
0.00020130500000000001
0.00020102400000000001
0.00020166500000000001
0.00022439500000000001
0.000160044
0.00016013300000000002
0.000205665
0.00023361000000000001
0.000162814
0.00016306300000000002
0.000160834
0.00016048400000000002
0.00015988300000000001
0.00015866400000000001
0.00015845300000000002
0.00015851400000000001
0.000158713
0.00017806400000000002
0.00015844400000000002
0.00015821300000000001
0.00017202300000000002
0.00016398400000000002
0.00016023400000000001
0.00016045300000000002
0.00016173400000000002
0.00016252400000000002
0.00016306300000000002
0.000160524
0.000159963
0.000176374
0.00015906400000000002
0.00015876400000000001
0.00015826300000000001
0.00015828400000000002
0.00015840300000000002
0.00017170400000000001
0.00015814400000000001
0.00015803300000000002
0.00015881400000000001
0.00016018300000000002
0.000160314
0.00017859400000000002
0.00017164400000000001
0.00016254400000000001
0.00016049300000000002
0.000159944
0.00015984300000000001
0.00015835400000000001
0.00015851300000000002
0.000158784
0.000158424
0.000158083
0.00015865400000000002
0.00015832300000000001
0.000174644
0.000158474
0.000159693
0.00016068400000000002
0.00016163400000000002
0.000344877
0.00025701599999999999
0.00016106400000000002
0.000159493
0.00018847500000000001
0.00017678400000000001
0.00015841300000000002
0.00015825400000000001
0.00015811300000000001
0.000158474
0.00015830300000000002
0.00015825400000000001
0.000158183
0.000159023
0.000159724
0.00016046300000000001
0.000175114
0.000162604
0.000179254
0.000160934
0.00015930300000000002
0.00016008400000000001
0.000158753
0.00015845400000000001
0.00015825300000000002
0.00015828400000000002
0.000158553
0.00019105400000000002
0.00015852300000000001
0.00015882400000000001
0.00021312500000000002
0.000171404
0.00015979300000000001
0.00016157400000000002
0.00016191400000000001
0.00016171300000000002
0.00015965400000000001
0.00015896400000000002
0.00015783300000000002
0.00015766400000000001
0.00017714400000000001
0.00015801300000000001
0.000157734
0.000157813
0.000157744
0.00015783300000000002
0.000157534
0.00015879300000000001
0.00015959400000000002
0.00019315400000000001
0.00016127400000000001
0.00016154400000000001
0.000193654
0.00016058400000000002
0.000159753
0.000159634
0.000158364
0.00015837300000000001
0.00017743400000000002
0.00015851400000000001
0.000158593
0.00015819400000000001
0.00015795300000000001
0.00017602400000000002
0.000159474
0.00016089400000000002
0.00016081300000000002
0.00016232400000000001
0.000162473
0.00016249300000000002
0.000160314
0.00021865500000000003
0.00017578400000000001
0.000163463
0.000158474
0.00020794500000000002
0.00020151400000000002
0.00019102400000000001
0.00015864400000000002
0.00015843400000000002
0.00016292300000000001
0.000159624
0.00016379400000000001
0.00016112300000000002
0.00016191400000000001
0.000162533
0.00018192500000000002
0.00016062300000000001
0.00017332400000000001
0.000158534
0.00015840300000000002
0.000158734
0.00015845300000000002
0.00020454500000000001
0.00028562600000000003
0.00021125500000000001
0.00020575400000000002
0.00022934500000000002
0.00021190500000000003
0.00020931500000000001
0.00020518500000000001
0.00021358400000000001
0.00021504500000000003
0.00021280500000000002
0.00021096500000000002
0.00021047400000000002
0.00022612900000000002
0.00015870400000000002
0.000191294
0.000206975
0.00023052500000000001
0.00020983500000000001
0.00024218500000000001
0.00023324600000000002
0.00022244500000000002
0.00022289500000000003
0.00022578500000000002
0.00022389500000000002
0.00021947500000000001
0.000229115
0.00021647500000000002
0.00023947500000000001
0.00021895500000000001
0.00022277500000000001
0.000218595
0.00022118500000000002
0.00022921500000000001
0.00021551500000000003
0.00021512500000000001
0.00021489500000000002
0.00023699500000000002
0.00021914500000000002
0.00021680500000000001
0.00021679500000000001
0.00024620600000000001
0.00022010500000000001
0.00021861500000000002
0.00022225500000000001
0.00021823400000000001
0.00023574500000000001
0.00021746500000000002
0.00021569500000000001
0.00023504500000000002
0.00021506500000000002
0.000218075
0.00022242500000000003
0.00021950500000000002
0.00021675500000000001
0.00023551500000000002
0.00020951500000000002
0.00021337400000000001
0.00022536600000000001
0.00021811400000000002
0.00022019400000000003
0.00022281500000000001
0.00021285500000000002
0.00023179500000000003
0.00023884500000000001
0.00021668500000000002
0.00024452499999999999
0.00022161500000000001
0.00020987500000000002
0.00021082500000000002
0.00021641500000000002
0.00040019400000000004
0.00015810300000000001
0.00015908400000000001
0.00015965400000000001
0.00019175400000000001
0.00016216400000000001
0.00016217300000000002
0.00019365500000000002
0.00019813400000000001
0.00015981400000000001
0.00017979400000000002
0.000158703
0.00015814400000000001
0.000158653
0.00018335500000000001
0.000180254
0.000158333
0.000157854
0.000158133
0.00015796400000000002
0.00015963300000000001
0.00016026400000000002
0.00017874400000000002
0.00016272400000000002
0.00016220300000000001
0.00016006400000000002
0.00015911400000000002
0.000158383
0.00015801400000000002
0.00015841300000000002
0.00015827400000000002
0.000158383
0.00015835400000000001
0.00015784300000000001
0.00017462400000000001
0.000158524
0.00016712400000000002
0.00015993300000000002
0.00016080400000000001
0.00016147400000000002
0.00016220300000000001
0.00016221400000000002
0.00016029300000000002
0.000159934
0.00015918400000000001
0.00015773300000000002
0.00017116400000000002
0.00017583400000000001
0.00015867400000000001
0.00018720400000000001
0.00020644400000000002
0.000202995
0.00015767400000000001
0.00015821300000000001
0.00015938400000000002
0.00015988300000000001
0.00016080400000000001
0.00016170400000000001
0.00019047400000000002
0.00016046300000000001
0.000158994
0.00015822400000000002
0.00015843300000000001
0.000162654
0.00015775300000000001
0.00015736400000000001
0.00015757300000000002
0.00015772400000000001
0.000157713
0.000157534
0.00015870400000000002
0.00017660400000000002
0.00016086300000000002
0.00016068400000000002
0.00016160300000000002
0.00016189400000000002
0.00015979400000000002
0.00015903300000000002
0.00015893400000000001
0.00015778300000000002
0.00015793400000000001
0.00016500400000000001
0.000176474
0.00019189400000000002
0.000157973
0.00015818400000000002
0.00015766400000000001
0.000158963
0.00015959400000000002
0.000160173
0.00016122400000000001
0.00020199400000000002
0.00038933800000000003
0.00020396500000000002
0.00020548500000000002
0.00020921400000000002
0.000208545
0.00020816500000000001
0.000206994
0.00020705500000000002
0.00019462400000000001
0.000158734
0.000158333
0.00015843300000000001
0.00015969400000000002
0.00016112300000000002
0.00016137400000000002
0.00016153400000000002
0.000162363
0.00016270400000000001
0.00016093300000000001
0.000159944
0.00017556400000000002
0.00015859400000000002
0.00015815300000000002
0.000171934
0.00015822400000000002
0.00015848300000000001
0.00015838400000000002
0.00015830300000000002
0.00015848400000000002
0.00016010300000000001
0.00016968400000000002
0.000160524
0.000178524
0.000162824
0.00016275300000000002
0.000159944
0.00015952300000000001
0.000159364
0.00018277400000000002
0.000162864
0.00015841300000000002
0.000158474
0.00015824300000000002
0.00015825400000000001
0.00017901400000000002
0.00015880400000000002
0.00015929300000000002
0.00016029400000000001
0.00016066300000000002
0.00016147400000000002
0.00016222400000000001
0.00016245300000000001
0.000160514
0.00016719400000000001
0.00015804300000000002
0.000157854
0.00015819300000000002
0.00017448400000000001
0.00015825400000000001
0.000157873
0.00015856400000000001
0.00015808400000000001
0.000170843
0.00015887400000000001
0.00016018400000000001
0.000160753
0.000161874
0.00016224300000000001
0.00016221400000000002
0.00017702400000000002
0.00015949400000000001
0.000158603
0.00015834400000000001
0.00015840300000000002
0.000158474
0.00015830300000000002
0.000167424
0.000201535
0.00015830300000000002
0.00015808400000000001
0.00015931300000000001
0.000177374
0.00016073400000000002
0.00016196400000000001
0.000162263
0.000162984
0.000160614
0.00015924300000000002
0.00015823400000000002
0.000170514
0.00021346400000000001
0.00021065500000000002
0.00025372099999999999
0.00022071500000000002
0.00021523500000000001
0.00022318500000000001
0.000216345
0.000210454
0.00016045400000000001
0.000199044
0.000210535
0.00023265500000000001
0.00021139500000000002
0.00020889500000000001
0.00020898500000000002
0.00020849400000000001
0.00020709500000000002
0.00020672500000000002
0.00020682400000000001
0.00020699500000000002
0.000226865
0.00020682500000000003
0.00020735400000000001
0.00021711500000000001
0.00020815500000000002
0.00023336500000000003
0.000209545
0.00017273400000000002
0.000162363
0.000162714
0.000177524
0.000160304
0.000158763
0.00015817400000000002
0.000157713
0.00015828400000000002
0.00016466400000000002
0.00015890300000000001
0.00016736400000000001
0.00015840300000000002
0.00015855400000000001
0.00015933400000000002
0.00017709400000000001
0.00016115300000000001
0.00017712400000000002
0.00016251400000000002
0.00016259400000000001
0.00016072300000000001
0.00015970400000000001
0.000160013
0.000158634
0.000158324
0.00015898300000000002
0.00015854400000000002
0.00015805300000000001
0.000174234
0.00015813400000000001
0.000158283
0.00015909400000000001
0.00016036300000000001
0.000160963
0.00016186400000000001
0.00016214300000000001
0.00016243400000000001
0.00016095400000000002
0.00015966300000000002
0.000160044
0.00020111400000000001
0.00015833400000000002
0.00016859400000000002
0.00017623400000000002
0.000158443
0.00015850400000000001
0.000158123
0.00016284400000000001
0.00015977400000000001
0.000162843
0.000161464
0.000162184
0.00018039400000000001
0.00016371300000000001
0.00016144400000000001
0.00016074400000000002
0.00016019300000000002
0.000170874
0.00015814400000000001
0.00022711500000000001
0.00017321400000000001
0.000158123
0.000190435
0.00017655400000000002
0.00015888300000000002
0.00015927400000000002
0.00016062300000000001
0.00016112400000000001
0.000162564
0.00016243300000000002
0.000162924
0.00016118300000000002
0.000159803
0.000158214
0.000157973
0.00015807400000000002
0.000175274
0.000158383
0.00015844400000000002
0.00015815300000000002
0.00015835400000000001
0.00017942400000000002
0.00018397400000000002
0.00016071400000000001
0.00017057400000000002
0.00016162300000000001
0.000162654
0.00016294400000000002
0.00017933400000000001
0.000159963
0.000158424
0.00015848300000000001
0.000158534
0.00015863300000000001
0.00016512300000000001
0.000158574
0.00017777400000000001
0.00015841300000000002
0.00015846400000000001
0.00015959400000000002
0.00017674300000000001
0.000161063
0.00016230400000000002
0.00016255300000000001
0.00016275400000000001
0.00016136400000000002
0.000159913
0.000170454
0.00015802400000000002
0.00016218300000000002
0.00015812400000000002
0.00015816300000000001
0.000173974
0.00015869400000000002
0.00015822400000000002
0.00015809300000000002
0.00015880400000000002
0.000162843
0.00016388400000000002
0.00016154400000000001
0.000162423
0.00016237400000000001
0.00016039300000000002
0.00017731300000000001
0.00018153400000000001
0.00017377400000000002
0.00016549300000000001
0.000158374
0.00015784300000000001
0.00016631400000000001
0.000157944
0.00015853300000000001
0.00017521400000000001
0.000159934
0.000160113
0.00016059400000000001
0.00016225400000000002
0.00018018400000000001
0.00018142400000000002
0.000160483
0.000160154
0.00015980400000000002
0.000158753
0.000158314
0.00015826300000000001
0.000158104
0.00015830300000000002
0.000158524
0.00015814400000000001
0.00017496300000000001
0.00015934400000000001
0.00016002400000000001
0.00016774300000000001
0.00023908600000000001
0.00020373400000000001
0.00021696500000000001
0.00025315800000000002
0.00029007700000000002
0.00018529400000000002
0.00020958500000000001
0.00015811300000000001
0.00018659400000000002
0.00030797600000000001
0.00020245500000000001
0.00022054500000000002
0.00020617500000000001
0.00020718400000000001
0.00021106500000000003
0.00025432600000000003
0.00018232400000000001
0.00020568500000000002
0.00034432700000000001
0.00029778700000000004
0.00021080500000000003
0.00020993500000000002
0.00021042400000000002
0.000208915
0.00019824500000000002
0.000159073
0.000175324
0.00015829400000000001
0.00015810300000000001
0.00015817400000000002
0.00015793300000000002
0.00015838400000000002
0.00015978300000000001
0.000160304
0.00017024400000000001
0.000162423
0.00016249300000000002
0.00015997400000000001
0.000181554
0.00015852300000000001
0.00015809400000000001
0.00015869400000000002
0.00015852300000000001
0.00015818400000000002
0.000158023
0.00028580700000000001
0.000196114
0.00015804400000000001
0.000159433
0.00017762400000000001
0.000161204
0.000162373
0.000162533
0.00016244400000000001
0.00016067300000000001
0.000160144
0.00016812400000000002
0.000158393
0.00015827400000000002
0.000158083
0.00015871400000000001
0.000158064
0.00017449300000000001
0.00015821300000000001
0.000175744
0.00015935400000000001
0.00016030300000000001
0.00016058400000000002
0.00016183300000000001
0.00017494400000000001
0.00016258400000000001
0.00016016400000000002
0.00015962300000000001
0.00015877400000000001
0.00017503400000000002
0.00018031400000000002
0.00019064400000000001
0.000158584
0.00016663300000000002
0.000158154
0.00015772400000000001
0.00015809300000000002
0.00015945400000000001
0.00016009300000000001
0.000161094
0.00055618000000000009
0.00024466500000000003
0.00022076500000000002
0.00019776400000000001
0.00016004300000000001
0.000158994
0.000158123
0.00015880400000000002
0.00024294500000000003
0.00021755500000000003
0.00021826500000000001
0.00022577500000000003
0.00023543500000000001
0.00021917400000000001
0.00022113500000000002
0.00024308600000000002
0.00025637100000000003
0.00022532500000000002
0.00022625500000000002
0.00023240500000000001
0.000224195
0.00022164500000000002
0.000220845
0.00022326500000000002
0.00024690600000000002
0.00022360500000000001
0.000222995
0.00022677500000000002
0.00020876500000000002
0.00021031500000000001
0.00021074400000000001
0.00021061500000000002
0.00021243500000000002
0.00023497500000000001
0.00021202500000000002
0.00021233500000000002
0.000219855
0.00022811500000000001
0.00022129500000000001
0.000244935
0.000222205
0.00021967500000000001
0.00024238600000000001
0.00023076500000000002
0.00022102500000000002
0.00021779500000000001
0.000160204
0.00015801300000000001
0.00015922400000000002
0.000178044
0.00016180300000000002
0.00016160400000000001
0.00017817400000000002
0.000163964
0.00016066300000000002
0.00015955400000000001
0.000159364
0.00015824300000000002
0.00015799400000000001
0.00015806300000000001
0.00015850400000000001
0.00015842300000000001
0.00020070500000000002
0.00016740400000000001
0.00015847300000000001
0.00020224500000000001
0.000160483
0.000161094
0.00019037400000000002
0.00016248400000000001
0.00017698400000000001
0.00016038400000000001
0.00015920300000000001
0.00015829400000000001
0.00015847300000000001
0.00015808400000000001
0.00033813700000000002
0.00028941600000000002
0.00021783500000000002
0.000212685
0.00021555400000000002
0.00021391500000000001
0.00021082500000000002
0.000221105
0.00027235600000000002
0.000213725
0.000214675
0.00022162500000000001
0.00021813500000000002
0.00021130400000000002
0.000210645
0.000209905
0.00021031500000000001
0.000232885
0.000209545
0.00021002400000000001
0.00022705500000000001
0.00021626500000000002
0.000209015
0.00021019500000000002
0.00022096500000000002
0.00021173400000000002
0.00021345900000000002
0.00016215400000000002
0.00016257400000000002
0.00016039300000000002
0.00015913400000000001
0.00015809300000000002
0.000158164
0.00015820300000000002
0.00015840400000000001
0.000158333
0.00022558700000000002
0.00018037400000000002
0.00029272600000000004
0.00021690500000000001
0.00021757500000000002
0.00022115500000000001
0.00022127500000000003
0.00024215600000000002
0.00024743500000000001
0.00022573500000000002
0.000249996
0.00022244500000000002
0.00022237500000000002
0.00024072500000000001
0.000221234
0.00022127400000000001
0.00024189500000000003
0.00022384500000000002
0.00022794500000000001
0.00022086500000000002
0.00022380500000000002
0.00033179800000000001
0.00023272500000000001
0.00027307600000000003
0.000261079
0.00021695500000000001
0.00022012500000000002
0.00021611500000000001
0.00021182400000000002
0.00022241400000000002
0.000212124
0.00021026500000000001
0.00021805500000000001
0.00019636400000000001
0.000214305
0.000197455
0.00019785400000000002
0.00049203600000000006
0.00033540700000000002
0.00023094600000000002
0.000210814
0.00021185500000000002
0.00024336600000000001
0.00021764500000000001
0.00022630500000000002
0.00020955400000000001
0.000172914
0.00017425400000000002
0.00015840400000000001
0.00015804300000000002
0.00017383400000000002
0.000167524
0.00023295000000000002
0.000206605
0.00020683500000000002
0.00022829500000000002
0.00018793400000000001
0.00016049400000000001
0.000166644
0.000162733
0.00016217400000000001
0.00017927400000000002
0.00015999300000000001
0.00017735400000000001
0.000177684
0.00015852300000000001
0.00015807400000000002
0.00015768300000000001
0.000158374
0.000158293
0.00015834400000000001
0.00015816300000000001
0.00016399400000000002
0.00017906400000000002
0.00016131400000000002
0.00016220300000000001
0.00016300400000000001
0.00019403400000000002
0.00016022400000000002
0.000160204
0.00015997300000000002
0.00015844400000000002
0.00015832300000000001
0.00015819400000000001
0.00015805300000000001
0.000175403
0.000158684
0.00017714400000000001
0.000199454
0.00015988300000000001
0.00016113400000000001
0.00016088300000000001
0.00019696500000000001
0.00020494400000000001
0.00022928600000000001
0.00020399400000000001
0.00020832000000000001
0.00016252400000000002
0.00018074400000000002
0.00017405400000000001
0.000173394
0.00020497400000000002
0.00020546500000000003
0.00021583500000000002
0.00023570500000000001
0.00022175500000000002
0.00020563500000000002
0.000210065
0.00020209400000000002
0.00019069400000000001
0.000190435
0.00021144500000000002
0.00019763400000000003
0.00019716500000000001
0.00022513500000000001
0.00020552400000000001
0.00019009500000000002
0.00019659400000000002
0.00048301600000000001
0.00025777600000000003
0.0010958140000000001
0.00048692200000000004
0.00024559500000000004
0.00024450600000000002
0.00020095400000000001
0.00022912500000000003
0.00023289500000000003
0.00023169500000000002
0.00022483500000000003
0.00022207500000000002
0.000246846
0.00022109500000000001
0.00024368500000000002
0.00022134500000000002
0.00021856500000000002
0.00022229500000000001
0.00021866500000000002
0.000222205
0.00022267500000000001
0.00025799600000000003
0.00022767500000000002
0.00024073600000000002
0.00023025500000000001
0.00022604500000000002
0.00024147500000000003
0.00022614500000000002
0.00023045500000000002
0.00022076500000000002
0.00026549599999999999
0.00020256400000000002
0.00018315400000000002
0.000204145
0.00019695400000000003
0.00019047400000000002
0.00019750400000000001
0.00017246400000000002
0.000196455
0.00022271500000000001
0.00022317500000000002
0.00022433500000000001
0.00020908500000000002
0.000215584
0.00019337500000000002
0.00021148500000000003
0.00020718400000000001
0.00023857600000000003
0.00021549500000000001
0.00023536500000000002
0.00022999500000000001
0.000212365
0.00021504500000000003
0.00021954500000000003
0.00022883500000000001
0.00023902500000000002
0.000221895
0.000283947
0.000223675
0.00024407500000000001
0.000226445
0.00022755500000000003
0.00023835600000000001
0.0011335450000000001
0.00045496000000000002
0.00066421500000000001
0.00055811200000000004
0.0038001900000000002
0.00041656900000000004
0.00022222400000000001
0.000204064
0.00020300500000000003
0.00021811500000000001
0.00021916500000000001
0.00020471400000000002
0.00022517500000000001
0.00021286500000000002
0.00020997500000000002
0.00023677500000000002
0.00021625400000000001
0.00021199500000000001
0.00024780599999999999
0.000224725
0.00020887500000000002
0.000209984
0.00022688500000000002
0.00021049500000000002
0.000224095
0.00020837500000000001
0.00020790500000000001
0.000208094
0.00022452500000000002
0.00023861600000000001
0.00021277500000000001
0.000211914
0.000232155
0.000210244
0.00022536500000000002
0.00021926500000000001
0.000202365
0.00021674500000000001
0.00020183400000000002
0.00019982500000000002
0.00022601500000000001
0.00023019500000000001
0.00020795500000000001
0.00020857500000000001
0.000231945
0.00098915700000000006
0.00024550599999999999
0.00024955499999999999
0.00023763500000000001
0.00020569500000000002
0.00020536400000000001
0.00021466500000000001
0.00022645500000000003
0.000225085
0.0094348880000000006
0.00027504600000000004
0.00022972500000000001
0.000223675
0.00022434500000000001
0.000223985
0.00022514500000000003
0.00024303500000000001
0.00024765600000000002
0.00022656500000000002
0.00024363500000000002
0.000261616
0.00027559600000000002
0.00024567499999999999
0.000225925
0.00022521500000000002
0.00024550599999999999
0.00029290000000000002
0.00022509500000000003
0.00021147400000000002
0.00025065600000000003
0.000212785
0.000209275
0.010666943
0.000209755
0.000209454
0.00022783500000000002
0.000230666
0.00021116400000000001
0.00021157500000000001
0.00021003500000000002
0.000209385
0.00020822400000000002
0.00020674500000000001
0.00020836500000000002
0.00020742400000000003
0.000272747
0.00022300500000000002
0.00020682400000000001
0.000233045
0.00020445400000000002
0.00020949500000000003
0.00020472400000000001
0.00047399600000000002
0.00023022500000000003
0.00021107400000000001
0.00020437400000000001
0.00020397500000000001
0.00021405500000000002
0.00021209400000000002
0.0082542250000000005
0.00060773300000000006
0.00020830500000000002
0.00024155500000000001
0.00023782300000000002
0.00020286500000000002
0.00020295400000000001
0.00020241500000000001
0.000203804
0.00020417500000000002
0.00028614600000000003
0.00020728500000000001
0.00022753500000000001
0.00020773500000000002
0.00021827500000000001
0.000204694
0.000232446
0.00020305400000000001
0.000329718
0.00019910400000000002
0.00019930500000000002
0.00017879400000000002
0.00017400400000000001
0.00021729400000000001
0.00035183499999999999
0.00020611500000000001
0.00022442500000000002
0.00020805500000000001
0.00020941400000000002
0.00023937600000000002
0.000208884
0.00025610600000000003
0.00020673500000000002
0.00023002500000000002
0.00020627500000000001
0.000211444
0.00022957600000000003
0.00020732400000000002
0.00023072600000000003
0.00021311400000000001
0.000236376
0.00021904500000000001
0.000214465
0.00021544400000000002
0.00021736500000000002
0.00022914500000000002
0.000235815
0.00024128600000000001
0.00021764400000000002
0.0014338770000000001
0.00035177300000000005
0.000341372
0.00023136600000000002
0.00025601500000000001
0.00026760600000000004
0.00020241500000000001
0.00024161500000000001
0.0014950130000000001
0.00020117500000000002
0.000203334
0.000201695
0.00020430400000000001
0.00020511500000000002
0.00020580400000000002
0.00020560400000000002
0.000202895
0.00020262400000000002
0.00024933600000000001
0.00027640600000000004
0.00027895600000000002
0.00028853700000000001
0.00025989600000000002
0.00020515500000000002
0.000205534
0.0024258190000000001
0.00046873000000000005
0.00024165500000000002
0.000204114
0.00029458700000000002
0.00020531400000000001
0.00020518500000000001
0.000219325
0.000216555
0.00020971500000000002
0.00020784400000000002
0.00026168600000000001
0.00026227600000000003
0.00024460600000000002
0.00026971600000000003
0.000244195
0.00025938600000000001
0.00022407500000000001
0.00022453500000000002
0.000245696
0.00022625500000000002
0.000231895
0.000246006
0.00022942500000000001
0.000228905
0.00024882600000000001
0.00024308500000000001
0.00023148500000000002
0.0043930390000000005
0.00022511500000000002
0.00024386500000000001
0.00021664500000000001
0.00021444500000000001
0.00020814500000000002
0.00023887500000000002
0.00023071500000000002
0.00020855500000000003
0.00020905500000000001
0.00022742500000000001
0.00024452499999999999
0.00022296500000000002
0.00021970500000000003
0.000218464
0.00021555400000000002
0.000293157
0.00037334900000000003
0.00022520500000000002
0.00025789500000000001
0.00021628400000000002
0.00023201600000000001
0.00022510500000000002
0.00021306500000000002
0.000219485
0.00022965500000000002
0.000201344
0.00024989599999999999
0.00025457100000000004
0.000231945
0.00020213500000000002
0.00025102499999999999
0.00022747500000000001
0.00021069400000000001
0.00020914500000000002
0.000208545
0.00020874400000000002
0.00020774500000000001
0.00024285500000000002
0.000207994
0.00020876500000000002
0.00020819500000000002
0.00020889400000000002
0.00020916500000000001
0.00021036500000000001
0.00022805500000000001
0.00021182500000000001
0.00023296500000000002
0.00022024500000000002
0.00020974500000000001
0.00020860400000000001
0.00020788500000000002
0.000223725
0.00022985500000000003
0.00020822500000000001
0.00020760400000000001
0.00031385100000000003
0.00022391500000000001
0.00030013700000000002
0.00024994600000000002
0.00034006300000000004
0.00022156500000000001
0.00022190500000000002
0.00023520500000000002
0.00021768500000000001
0.00021622500000000001
0.00023307500000000001
0.00024384500000000002
0.00020820500000000002
0.00020757500000000002
0.00020787400000000001
0.00020683500000000002
0.000169264
0.000205534
0.00022286500000000002
0.00020608400000000001
0.00022295500000000002
0.00024297600000000003
0.000204145
0.00020607400000000002
0.00025125599999999999
0.00023695500000000001
0.00021646500000000002
0.00021390500000000002
0.00021532500000000002
0.00044986500000000003
0.00041551900000000004
0.00021439500000000001
0.00025599600000000003
0.00021143500000000002
0.00021513400000000002
0.00052266200000000002
0.00048454100000000001
0.00028643100000000002
0.00021314500000000001
0.00021377500000000001
0.000230005
0.00021324500000000001
0.00024756300000000001
0.00021080500000000003
0.00020934400000000001
0.00020874500000000001
0.00029170700000000004
0.00020923400000000001
0.00023157600000000002
0.00023395500000000002
0.00020978500000000001
0.00020886400000000001
0.00023623600000000002
0.000207834
0.000208335
0.00020874500000000001
0.000339847
0.00024207500000000002
0.00029038600000000001
0.000238805
0.00021114500000000001
0.000209664
0.000217605
0.00020981500000000002
0.00020903500000000002
0.00029163600000000001
0.00027907700000000003
0.00026399600000000001
0.000157863
0.000173864
0.000178314
0.000186164
0.00022438500000000001
0.00022574500000000001
0.00026556300000000002
0.00024700000000000004
0.000163504
0.00018254400000000001
0.00018220400000000002
0.00019613500000000001
0.00027644099999999999
0.00022266500000000001
0.00024739500000000003
0.00022462500000000003
0.00026131200000000004
0.00020836400000000003
0.00020762500000000002
0.00020762500000000002
0.00020824400000000001
0.00020899500000000001
0.00021122500000000002
0.00021234400000000003
0.00024833500000000003
0.00039799900000000001
0.000215405
0.000208285
0.00020827400000000002
0.00020703500000000003
0.00020665500000000001
0.00020777400000000001
0.00032884200000000003
0.00020814500000000002
0.00020805500000000001
0.00022879500000000001
0.00020801500000000001
0.00020704400000000001
0.00022305500000000003
0.00025379600000000003
0.00020821500000000001
0.00020978400000000002
0.00021031400000000002
0.00022779500000000001
0.000207445
0.00022463500000000002
0.00020348500000000002
0.00032548200000000004
0.00027455700000000003
0.000360188
0.00020719400000000001
0.000214255
0.00020963500000000001
0.00020863500000000001
0.00020974400000000002
0.00020806500000000001
0.000209805
0.000211494
0.00023556600000000001
0.00021152500000000001
0.00021732400000000002
0.00022491500000000001
0.000209824
0.00020714500000000002
0.00020621500000000002
0.00024322500000000002
0.00020658500000000002
0.00022774500000000001
0.00021369500000000002
0.00021081500000000002
0.00020540400000000001
0.00023385500000000002
0.00022089400000000002
0.000161213
0.00018441400000000001
0.00019338500000000002
0.00016282300000000001
0.00022738500000000001
0.00020708400000000001
0.00022211500000000002
0.000203625
0.00020325400000000002
0.00022463500000000002
0.00020800500000000001
0.00021469500000000002
0.00020146500000000001
0.000217464
0.000167584
0.00019971500000000002
0.00020336400000000001
0.00021543500000000001
0.00021644500000000001
0.00021238500000000002
0.00022060500000000002
0.00021758500000000001
0.00025963599999999999
0.000217285
0.00088343900000000008
0.00064837900000000003
0.000201375
0.000230375
0.00020283500000000001
0.00025646000000000002
0.00020341400000000001
0.00020293500000000001
0.00020346400000000002
0.00020464500000000002
0.000205164
0.00027602099999999999
0.000204594
0.00021512500000000001
0.00026253600000000001
0.00020511500000000002
0.000206035
0.00020368400000000001
0.000212105
0.00022952500000000001
0.00022122500000000002
0.00023910000000000001
0.00020576500000000001
0.00021363500000000002
0.00020594500000000002
0.00020713400000000001
0.00020925500000000001
0.00021026500000000001
0.000211814
0.000240406
0.000209905
0.00021891400000000001
0.000210745
0.00018366400000000002
0.000158574
0.00016217400000000001
0.00019817400000000002
0.00020740500000000002
0.00020744400000000001
0.00022950500000000002
0.000206894
0.00020796500000000001
0.00020977500000000002
0.00021095400000000001
0.00021679500000000001
0.00024198600000000002
0.00022438500000000001
0.00021551500000000003
0.00024038500000000002
0.00016593400000000001
0.000162783
0.00015823400000000002
0.000183074
0.00015848400000000002
0.000158493
0.00015824400000000001
0.00015830300000000002
0.000158054
0.00015843300000000001
0.00018250500000000002
0.00016034300000000002
0.00016095400000000002
0.00016150300000000002
0.000161924
0.00018204400000000002
0.00016055400000000001
0.00015957300000000001
0.00015829400000000001
0.00018257400000000002
0.00019913500000000002
0.00025096999999999999
0.000225295
0.00041728200000000005
0.00023060500000000002
0.00020899500000000001
0.00020934400000000001
0.00084650900000000006
0.00028619000000000002
0.00021809500000000002
0.00021646500000000002
0.00021884500000000001
0.00021747400000000003
0.00023292500000000001
0.000227965
0.00023239500000000001
0.00020635500000000003
0.00022248500000000002
0.00020542500000000002
0.000206634
0.00020568500000000002
0.00022160500000000002
0.00022218500000000001
0.000215295
0.00023846500000000001
0.000229535
0.00021558500000000002
0.00022170500000000002
0.000239986
0.00021982500000000002
0.00019842400000000002
0.00017362400000000002
0.00015839400000000002
0.00017266300000000001
0.000174883
0.00015788400000000001
0.000158154
0.00015822300000000001
0.00015791400000000002
0.00017293400000000002
0.00019305400000000001
0.00020942500000000001
0.00020993400000000003
0.00020983500000000001
0.00024460600000000002
0.00023251500000000001
0.00021417500000000002
0.00021054400000000001
0.000202845
0.00015945400000000001
0.00018630400000000001
0.000157653
0.00017356400000000002
0.00015793400000000001
0.00015814300000000002
0.00015782400000000001
0.000189254
0.00017367400000000002
0.000159254
0.00015948400000000002
0.000160163
0.000161304
0.00017782400000000001
0.000175594
0.00016021300000000001
0.00015924400000000001
0.000176214
0.000175014
0.00015783300000000002
0.000172604
0.00015808400000000001
0.00015738300000000001
0.00018568500000000002
0.000157873
0.00015798400000000001
0.00015898300000000002
0.00017547400000000001
0.00016012400000000001
0.00020099400000000002
0.00027153600000000001
0.00021748400000000002
0.00020947500000000001
0.00021874500000000001
0.00021385500000000002
0.000199965
0.00019854400000000002
0.00019107400000000001
0.00018293400000000002
0.000187004
0.00022208500000000001
0.00023273500000000003
0.00022395500000000002
0.00026742600000000002
0.000225665
0.00022590500000000001
0.000231895
0.00018070400000000001
0.00016241400000000002
0.00016030300000000001
0.000159054
0.00015815300000000002
0.00015829400000000001
0.00017321400000000001
0.00015851300000000002
0.00015830400000000001
0.00015801300000000001
0.000158374
0.000158114
0.00017444300000000001
0.00016015300000000001
0.00019403400000000002
0.00016398300000000001
0.00016207400000000001
0.00016240300000000001
0.000162583
0.000194014
0.00017143300000000002
0.00015937400000000002
0.00015793400000000001
0.00015821300000000001
0.00019151400000000002
0.000171084
0.00015824400000000001
0.00015848300000000001
0.000158474
0.00015844400000000002
0.000158863
0.000160094
0.000164043
0.00017683400000000001
0.00016253400000000001
0.00016252400000000002
0.00022051500000000001
0.000159693
0.00015792400000000001
0.000158753
0.00015882400000000001
0.000158524
0.00015820300000000002
0.00017385400000000001
0.00015860400000000001
0.000158443
0.000158004
0.000159693
0.00017761400000000001
0.00016126400000000002
0.00016221400000000002
0.000162423
0.00016356400000000002
0.000175804
0.000160283
0.00015935400000000001
0.000171824
0.000158574
0.00015840300000000002
0.00020260500000000002
0.00019984400000000002
0.000171714
0.000158524
0.00015837300000000001
0.00017594400000000001
0.00016071400000000001
0.00016035300000000001
0.00017939400000000001
0.00016195400000000002
0.000162244
0.000218335
0.00024773500000000001
0.00022442500000000002
0.00022585500000000001
0.00022481500000000001
0.00021916400000000002
0.00023007500000000002
0.00025336500000000002
0.00020588500000000003
0.00020905500000000001
0.00025422500000000001
0.000201654
0.00021740500000000002
0.00021992500000000002
0.00020382500000000001
0.00020462400000000001
0.00018364400000000001
0.00018564500000000002
0.00016199300000000001
0.00015881400000000001
0.000161893
0.00016437400000000001
0.00017722400000000002
0.000158844
0.00017431400000000001
0.000158703
0.00022096500000000002
0.00021682500000000003
0.000256056
0.00021648500000000001
0.00021700400000000002
0.00021815500000000001
0.00021806500000000001
0.000224875
0.000221635
0.000215615
0.000237285
0.00021291500000000002
0.000238175
0.00021167500000000001
0.00021317500000000002
0.00021285400000000001
0.00021995400000000002
0.00025300499999999999
0.00022352500000000003
0.00020820500000000002
0.00020830500000000002
0.00020975400000000001
0.00021502500000000001
0.00021214500000000001
0.000249256
0.00022187500000000001
0.000215085
0.00021900400000000002
0.00023000600000000002
0.00021148400000000001
0.00020934500000000002
0.00020935500000000002
0.00023128500000000002
0.00030158400000000003
0.00022154500000000002
0.00022464500000000002
0.00022564500000000001
0.00022594500000000002
0.00023239500000000001
0.00072011600000000003
0.00025207300000000001
0.00021391500000000001
0.00021149500000000002
0.001530729
0.000288017
0.00021581500000000001
0.00021316400000000001
0.00023110600000000002
0.00021402400000000002
0.00023593100000000002
0.00015845300000000002
0.00015812400000000002
0.00015801300000000001
0.000169994
0.000202635
0.00016607300000000001
0.000175723
0.000162194
0.00016222400000000001
0.00017870400000000002
0.00021002400000000001
0.00015763300000000001
0.000197925
0.000206364
0.00021439500000000001
0.00020842500000000001
0.000206844
0.000204985
0.00022565500000000001
0.00022059
0.00015985400000000002
0.00016002300000000002
0.00016083300000000001
0.00016184400000000002
0.00016302300000000001
0.00016251400000000002
0.00016005400000000002
0.00015935300000000002
0.00015940400000000001
0.00015819300000000002
0.000190965
0.00015790300000000001
0.000158524
0.000158023
0.000158584
0.000158183
0.000158324
0.000158414
0.00016031300000000001
0.00016011400000000002
0.00016138300000000002
0.00016184400000000002
0.00020766
0.00017697400000000002
0.00021208500000000001
0.000159753
0.00015828400000000002
0.00015832300000000001
0.000158414
0.00015846300000000002
0.00015798300000000002
0.00015845400000000001
0.00024148500000000002
0.00015957300000000001
0.00015906400000000002
0.00016007400000000001
0.00016062300000000001
0.00016211400000000001
0.00016257400000000002
0.00016271300000000001
0.000160254
0.000160063
0.00015974400000000002
0.00017660400000000002
0.000184174
0.000159834
0.000207254
0.00020176500000000002
0.00018091400000000001
0.000160144
0.00015815300000000002
0.00015895400000000002
0.00067153500000000001
0.00021559500000000001
0.00021590500000000001
0.00017422300000000002
0.00016224300000000001
0.000160514
0.00017427400000000001
0.00015840300000000002
0.000170514
0.00024175500000000002
0.00022394500000000003
0.00022763500000000001
0.00021710500000000002
0.00023217500000000002
0.00020839400000000001
0.00021007400000000001
0.00021815500000000001
0.00028037600000000004
0.000215004
0.00023188600000000002
0.00021340400000000002
0.00021552500000000002
0.00023054500000000002
0.00020993400000000003
0.000230005
0.00021599500000000002
0.00023685600000000002
0.000208564
0.000231556
0.000212024
0.00020869500000000001
0.00020868500000000001
0.00022460500000000001
0.000255966
0.000216715
0.00021058400000000002
0.00021204500000000001
0.00023751500000000002
0.00021638400000000002
0.00021223500000000002
0.000236235
0.00020927400000000002
0.000229955
0.00022974600000000002
0.00020868400000000002
0.00020885500000000001
0.00021075500000000002
0.000248065
0.00021276500000000001
0.000228855
0.00022043500000000003
0.00023020600000000002
0.00024338500000000002
0.00024472600000000001
0.000218755
0.00021824400000000001
0.00021608400000000001
0.00027232600000000004
0.00021346400000000001
0.00023093500000000001
0.00022852500000000001
0.00021322500000000002
0.000239275
0.00021098500000000001
0.00023310500000000003
0.000211585
0.00024009500000000001
0.00021076500000000002
0.00045424600000000006
0.00027526600000000003
0.000252606
0.00028310600000000004
0.00022856500000000002
0.00023416600000000001
0.00026896600000000004
0.00025307600000000003
0.00020708400000000001
0.00020439500000000001
0.00020686500000000001
0.00020552400000000001
0.00024683600000000001
0.00019941400000000003
0.000183704
0.00015765400000000002
0.000158393
0.00015955400000000001
0.000159784
0.00016098300000000001
0.000162564
0.00016159300000000002
0.00019336000000000001
0.000159913
0.000158114
0.000158343
0.00015812400000000002
0.00015807400000000002
0.00017180300000000002
0.000158264
0.00015817400000000002
0.000157973
0.00015796400000000002
0.000177684
0.000169953
0.00016089400000000002
0.00016223400000000001
0.00021454500000000001
0.000194644
0.00016076400000000001
0.000160333
0.00015955400000000001
0.00015806300000000001
0.000158004
0.00015836300000000002
0.00017677400000000001
0.00015859400000000002
0.00015828400000000002
0.00015825300000000002
0.000169934
0.00018766400000000001
0.00016045400000000001
0.00016087300000000002
0.00016155400000000001
0.000162654
0.00016316300000000002
0.00019312500000000002
0.00017703400000000001
0.00015864300000000001
0.00015818400000000002
0.00015819300000000002
0.000158314
0.000158493
0.00015838400000000002
0.000158534
0.000158133
0.00017101400000000001
0.00015914400000000001
0.00015998300000000002
0.000193914
0.000162113
0.00016244400000000001
0.00016248300000000002
0.00016039400000000001
0.00015976400000000001
0.00015968300000000001
0.00015887400000000001
0.00015853300000000001
0.000191435
0.00017420400000000001
0.000158553
0.00019088000000000002
0.000157973
0.000157894
0.00015843300000000001
0.00015979400000000002
0.00016007400000000001
0.00021476400000000002
0.000214825
0.000213515
0.00023366500000000001
0.00021181500000000002
0.00020971500000000002
0.00020754400000000002
0.00020804500000000002
0.00020795500000000001
0.00020824400000000001
0.00021789500000000001
0.00020759500000000001
0.000230005
0.00022730500000000002
0.00020982500000000002
0.000209645
0.000210585
0.000211764
0.00021296500000000002
0.00021165500000000002
0.00020987500000000002
0.00020983400000000002
0.00022815500000000001
0.000208395
0.000207495
0.00020735400000000001
0.00023978600000000002
0.00021918500000000002
0.00021032400000000001
0.000198445
0.000158553
0.00015891400000000002
0.00016012400000000001
0.000160373
0.00016178400000000002
0.00018279400000000001
0.000161984
0.000159853
0.00015971400000000001
0.000157813
0.00015817400000000002
0.00015817300000000001
0.00015807400000000002
0.000158054
0.00015798300000000002
0.000158154
0.00015824300000000002
0.00017404400000000002
0.00015913400000000001
0.00017038400000000001
0.00016072300000000001
0.000162354
0.00016223300000000002
0.00016275400000000001
0.000160784
0.00015958300000000001
0.000159784
0.00015805300000000001
0.00015808400000000001
0.000158114
0.00018965400000000001
0.00015861400000000001
0.00015821300000000001
0.00015808400000000001
0.00015827300000000001
0.00015895400000000002
0.000159953
0.00021930500000000002
0.00016400400000000001
0.000162764
0.00018200400000000001
0.00018331400000000001
0.00015981400000000001
0.00015837300000000001
0.00015797400000000002
0.00015801300000000001
0.00015823400000000002
0.00015874300000000001
0.00017101400000000001
0.000158324
0.00015822300000000001
0.000158154
0.00017619400000000001
0.00016037400000000002
0.00016078300000000001
0.00019903500000000002
0.000208254
0.00021405500000000002
0.00021643500000000001
0.00020882500000000002
0.000208674
0.00020769500000000001
0.00025566299999999999
0.00020848500000000001
0.000208254
0.00020846500000000002
0.00020850500000000002
0.00020860400000000001
0.000208965
0.00020884500000000001
0.00023290300000000002
0.00020496400000000003
0.00022670500000000001
0.00020881400000000001
0.000163184
0.00016159400000000001
0.000187834
0.000165074
0.00017201300000000002
0.000158073
0.00018531400000000001
0.000226235
0.00021762500000000002
0.00021570500000000001
0.000240196
0.00021494400000000001
0.00023853600000000002
0.00021822500000000001
0.000225615
0.00021788500000000002
0.00022164500000000002
0.000221215
0.00022030500000000001
0.00021821500000000001
0.00021909500000000002
0.00025335000000000001
0.00020745500000000003
0.000222885
0.000207085
0.00020718400000000001
0.00020689500000000002
0.00020721500000000001
0.000207524
0.00022941600000000003
0.00020908400000000001
0.00020970500000000003
0.00026024100000000003
0.00016567400000000001
0.00016261300000000001
0.00016084400000000002
0.00020005400000000002
0.00020757500000000002
0.00021068500000000001
0.00021185500000000002
0.00028980600000000004
0.00019994500000000001
0.00021245400000000002
0.00022811600000000002
0.00022402500000000001
0.00022810500000000001
0.00022583500000000002
0.00022501500000000001
0.00024962600000000003
0.00022756500000000002
0.000229225
0.000228965
0.00023226500000000003
0.00022468500000000002
0.00025698100000000004
0.00025284600000000004
0.00025682600000000004
0.00021059500000000003
0.00021277400000000002
0.00020935500000000002
0.00020855500000000003
0.000206214
0.00020457400000000001
0.00020654500000000001
0.00024480200000000002
0.00021049500000000002
0.00019762500000000002
0.00022068400000000002
0.00023153500000000003
0.00020352400000000001
0.000192745
0.00018493400000000002
0.00018619400000000001
0.000322367
0.00027100600000000001
0.00015876400000000001
0.000157944
0.00015799300000000002
0.00015797400000000002
0.00018127400000000001
0.00015810300000000001
0.00016006400000000002
0.00016026400000000002
0.00016171300000000002
0.00016212400000000001
0.00016254300000000002
0.00016012400000000001
0.00015966400000000001
0.00016999300000000001
0.000158383
0.000158114
0.00019179400000000001
0.00020107400000000001
0.00020038400000000001
0.00030193700000000001
0.00021731500000000002
0.000217495
0.000219125
0.000347256
0.000227285
0.00022876500000000002
0.00022883500000000001
0.00016241400000000002
0.00015999300000000001
0.00015938400000000002
0.000159223
0.000158314
0.000177994
0.00017633400000000002
0.000158054
0.00015821300000000001
0.00015830400000000001
0.000178834
0.00015827300000000001
0.00015903400000000001
0.00015997300000000002
0.00016055400000000001
0.00016169400000000001
0.00016234300000000001
0.00019346500000000001
0.000160433
0.000159734
0.000158603
0.000158283
0.00015860400000000001
0.00015841300000000002
0.000158524
0.000166243
0.00015825300000000002
0.000158574
0.00015867300000000002
0.00015927400000000002
0.00017802400000000002
0.00016136300000000001
0.00016232400000000001
0.00028230600000000002
0.00037793900000000004
0.00020173400000000002
0.000202265
0.000205985
0.000204804
0.00021145500000000001
0.00017264400000000001
0.00017829400000000001
0.000158713
0.00015812400000000002
0.000157954
0.00015811300000000001
0.00017002400000000001
0.000160564
0.000176863
0.00016240300000000001
0.00016272400000000002
0.00016230300000000001
0.00016986300000000002
0.000190137
0.00015863300000000001
0.00015823400000000002
0.00015825300000000002
0.000158164
0.00015802400000000002
0.00015840300000000002
0.00015854400000000002
0.00015801300000000001
0.00015839400000000002
0.00015950300000000002
0.00017824400000000001
0.00016116400000000002
0.000161464
0.00017552400000000001
0.00017046300000000001
0.000195885
0.000210375
0.00018233400000000001
0.00015845300000000002
0.00016832400000000002
0.00029001600000000004
0.00019413400000000002
0.000158584
0.00016908300000000002
0.00016840400000000001
0.00015808400000000001
0.00016918300000000002
0.00020597400000000002
0.00018142400000000002
0.00017940400000000001
0.00016231400000000002
0.00016233400000000001
0.00030507600000000005
0.00043822900000000005
0.00022924600000000001
0.00017203300000000001
0.000177424
0.000184265
0.00019158400000000001
0.00016002400000000001
0.00015788300000000002
0.00017560400000000002
0.000161614
0.00020978400000000002
0.00021091500000000002
0.00021288500000000001
0.00028441600000000001
0.00021442500000000002
0.00021412500000000001
0.00021150500000000002
0.00024701500000000001
0.00021042500000000001
0.00022321500000000002
0.00039503900000000002
0.00035140800000000005
0.00022389500000000002
0.00022499500000000002
0.0033075720000000004
0.00020867500000000002
0.000209924
0.00021185500000000002
0.00021114500000000001
0.000234405
0.00021338500000000002
0.000213515
0.00021356500000000001
0.00021138400000000001
0.00021054500000000002
0.00020961500000000002
0.000224305
0.00019863400000000002
0.00016309400000000002
0.00017639400000000002
0.00015870400000000002
0.000207624
0.000158534
0.000158383
0.00018040500000000002
0.000190354
0.00016117400000000001
0.00016198300000000001
0.00016252400000000002
0.000168314
0.00019290400000000001
0.00017086400000000001
0.00017146400000000002
0.00021264400000000001
0.00021278400000000001
0.000215925
0.00021593500000000003
0.000216085
0.00022160500000000002
0.00021408500000000001
0.00025985600000000004
0.00020917400000000001
0.00022785500000000001
0.00021056400000000003
0.000211115
0.000211895
0.00021145500000000001
0.00023149500000000002
0.00022910500000000001
0.00020871500000000002
0.00020748400000000002
0.000207295
0.00020487500000000001
0.00020698400000000001
0.00020756500000000002
0.00020766500000000003
0.00020735400000000001
0.00025602600000000002
0.000232105
0.00020961500000000002
0.00020971500000000002
0.00021105400000000002
0.00021204500000000001
0.00021186500000000002
0.00020984500000000001
0.00020863400000000002
0.00022799500000000002
0.00020787400000000001
0.00064031000000000005
0.000194754
0.00016520400000000001
0.00019544400000000002
0.00016450400000000002
0.00021860500000000003
0.00017885400000000002
0.00015955400000000001
0.000160063
0.000180094
0.00016319400000000002
0.000162814
0.00016296300000000002
0.00016194400000000002
0.00016158400000000002
0.00016071300000000002
0.000159574
0.00017011400000000002
0.00021637500000000001
0.00020812400000000002
0.00023172500000000001
0.00022178400000000002
0.00021198400000000002
0.00021094500000000001
0.00022282500000000001
0.00021092500000000002
0.00021960500000000002
0.00021907500000000003
0.000219065
0.000239375
0.00021625500000000002
0.00021480500000000001
0.00023244500000000001
0.00021297500000000001
0.000212475
0.00021805500000000001
0.000207734
0.000208335
0.00023310500000000003
0.00021329500000000001
0.00023574500000000001
0.00022406500000000002
0.000207624
0.00021527500000000001
0.00022497500000000001
0.00021822500000000001
0.00021761500000000002
0.00023846500000000001
0.00020956500000000002
0.00021479500000000002
0.00021317500000000002
0.00021475500000000001
0.00020625400000000001
0.000216395
0.00020957500000000001
0.000210745
0.00023308500000000001
0.00023203500000000001
0.00021924500000000002
0.00021120500000000001
0.000212625
0.00021475400000000002
0.00022205400000000001
0.00021100400000000001
0.00020868500000000001
0.00021112500000000002
0.00023232500000000002
0.00021263500000000003
0.00021443500000000002
0.000207944
0.00020819500000000002
0.00022067500000000001
0.00021291500000000002
0.00022066500000000002
0.000211165
0.00021809500000000002
0.00016617300000000001
0.00018164400000000001
0.00016063300000000001
0.000161564
0.000162153
0.000206295
0.00017751400000000001
0.000158214
0.000158183
0.000171614
0.00015803400000000001
0.00015747300000000002
0.00015750400000000002
0.000157293
0.00015757400000000001
0.00015774300000000001
0.00015875400000000002
0.00017660400000000002
0.00015994300000000001
0.000161414
0.00020670500000000001
0.00016207300000000002
0.00016007400000000001
0.00015917400000000002
0.000158913
0.00015757400000000001
0.00015783300000000002
0.000157844
0.000157453
0.00017550400000000002
0.000158104
0.00015804300000000002
0.00015819400000000001
0.00015888300000000002
0.00016005400000000002
0.00016021400000000002
0.00016110300000000001
0.000161714
0.00016206400000000001
0.000159803
0.000159044
0.00015796300000000001
0.00020360500000000001
0.00015778300000000002
0.00015757400000000001
0.00018775400000000002
0.00015791400000000002
0.000205114
0.00017097400000000001
0.00015788400000000001
0.00015904300000000002
0.000159524
0.00016006400000000002
0.000178894
0.00016380300000000002
0.000162144
0.000159894
0.000159543
0.000159104
0.00016826300000000001
0.000191184
0.00015798300000000002
0.00015756400000000001
0.00015742300000000001
0.00020063500000000001
0.00018591400000000002
0.00021463500000000002
0.00023277500000000001
0.00021307500000000002
0.00022009500000000001
0.00021886500000000003
0.00021486500000000001
0.000217495
0.00022881500000000002
0.00024543500000000001
0.00022153400000000001
0.00022182400000000002
0.00024332500000000002
0.00022143500000000002
0.00022073500000000001
0.00025450599999999999
0.00022061500000000001
0.00022726500000000001
0.00082543300000000009
0.00022145500000000001
0.00022600500000000002
0.00022134500000000002
0.00022230500000000001
0.000211554
0.00023504600000000001
0.00020188400000000002
0.00020117500000000002
0.000203224
0.00020067500000000001
0.00022929500000000002
0.00021726500000000001
0.00021941500000000001
0.00022467500000000003
0.00023980500000000003
0.00021482400000000002
0.00020825500000000002
0.00021926500000000001
0.00021464500000000002
0.00022443500000000002
0.00023369500000000002
0.00022935500000000002
0.00022335500000000001
0.00022990600000000002
0.00020834400000000001
0.00021066500000000002
0.000225555
0.00023192500000000001
0.00023823600000000001
0.00021950500000000002
0.00022501500000000001
0.00021034500000000002
0.00024386500000000001
0.00021542500000000002
0.000216555
0.000219275
0.000221165
0.000227185
0.00022422500000000002
0.00023769500000000001
0.00023854600000000002
0.000219015
0.00021463500000000002
0.00022562500000000002
0.00022387500000000001
0.00021531500000000002
0.00021813500000000002
0.00021576400000000002
0.000224455
0.000238855
0.00022558500000000002
0.00020495500000000002
0.000201394
0.00021850500000000002
0.00020476500000000001
0.00021510500000000002
0.00022245500000000001
0.000226815
0.00026346600000000001
0.00021788500000000002
0.000221475
0.00021541400000000001
0.000218934
0.00021430400000000001
0.00021763500000000001
0.000208495
0.00021913500000000002
0.00041145900000000003
0.000159653
0.000159884
0.00016066400000000001
0.00016223300000000002
0.00016170400000000001
0.00016270400000000001
0.00016056300000000001
0.00019550200000000001
0.00015984300000000001
0.00019224500000000001
0.000158393
0.00017090400000000002
0.00015833400000000002
0.00015806300000000001
0.00015823400000000002
0.000157923
0.000158054
0.00017681400000000002
0.000216815
0.00016040300000000002
0.00016175400000000001
0.00016226400000000002
0.00016229300000000001
0.00015987400000000001
0.00015934300000000002
0.00028050600000000003
0.000163864
0.00015820300000000002
0.000158374
0.00017609400000000001
0.000158443
0.00016709400000000001
0.00015789300000000001
0.00015804400000000001
0.00015949400000000001
0.00017770400000000002
0.00016112300000000002
0.00021871500000000002
0.000163234
0.00023612500000000001
0.00017811400000000002
0.000160104
0.00015847300000000001
0.00015803400000000001
0.00015830300000000002
0.00015819400000000001
0.00015818400000000002
0.00021313400000000002
0.00015818400000000002
0.00015802400000000002
0.00015832300000000001
0.000159574
0.00018875400000000002
0.00016065400000000001
0.00016217300000000002
0.00016251400000000002
0.00016220300000000001
0.000160614
0.00015990400000000002
0.00015976300000000002
0.00015839400000000002
0.000158333
0.000158314
0.000158333
0.00017452400000000001
0.000158534
0.000283396
0.00015914400000000001
0.000159314
0.000159903
0.000160194
0.000161263
0.00016237400000000001
0.00016278400000000002
0.00017081300000000002
0.000159483
0.00019852500000000001
0.00019292400000000003
0.000158293
0.00015848400000000002
0.00015828400000000002
0.00015817300000000001
0.00017159400000000001
0.00015818400000000002
0.00015810300000000001
0.00015955400000000001
0.00015999300000000001
0.000160524
0.00024496500000000004
0.00028804500000000001
0.00043469500000000002
0.00021454500000000001
0.00021842500000000001
0.00022390500000000002
0.00026112500000000002
0.00017164400000000001
0.00015818400000000002
0.00015810300000000001
0.00015762400000000001
0.00015780300000000001
0.00015776400000000002
0.00015801300000000001
0.000158944
0.00017090400000000002
0.00016398400000000002
0.000180404
0.000162153
0.00016237400000000001
0.000160323
0.000159643
0.000158314
0.00015795300000000001
0.00015823400000000002
0.00017706400000000002
0.00016663300000000002
0.00015774300000000001
0.000161874
0.000174704
0.00015805300000000001
0.000158844
0.00017780400000000002
0.000160283
0.000161404
0.00016205400000000002
0.00016198300000000001
0.00016011400000000002
0.00015961300000000002
0.00015933400000000002
0.000158004
0.00017490300000000002
0.00015824300000000002
0.00015770400000000002
0.00015775300000000001
0.000158004
0.00015772300000000002
0.00015804400000000001
0.000157873
0.000167534
0.00016006400000000002
0.000161003
0.00016185400000000001
0.00016216400000000001
0.00017659400000000002
0.00015952300000000001
0.00015803400000000001
0.00015816300000000001
0.000165644
0.00017070400000000001
0.00015780300000000001
0.00015770400000000002
0.00015802400000000002
0.00015768300000000001
0.000157794
0.00015885300000000001
0.00017635400000000001
0.00016068400000000002
0.000161533
0.00016202400000000001
0.000161984
0.00015981300000000002
0.00016788400000000001
0.00015934400000000001
0.00015789300000000001
0.00015803400000000001
0.00015764300000000001
0.00015798400000000001
0.00017387400000000002
0.00015814300000000002
0.00015770400000000002
0.00015783300000000002
0.00015859400000000002
0.00015960400000000001
0.00015994300000000001
0.000160834
0.000161853
0.00016210400000000002
0.00015996400000000002
0.000159273
0.00015778400000000001
0.00022573500000000002
0.00021951500000000002
0.00024516500000000004
0.00021072500000000001
0.00021308500000000001
0.00021093500000000001
0.00020933400000000001
0.00021130500000000001
0.000210115
0.00021714500000000002
0.00016047400000000002
0.000181974
0.00016677400000000001
0.000162733
0.000160404
0.00015971300000000002
0.00017770400000000002
0.00015776400000000002
0.00015825400000000001
0.00015843300000000001
0.00019631500000000002
0.00020025400000000002
0.00021630500000000002
0.000187104
0.00021868500000000001
0.00015948400000000002
0.00024894500000000004
0.00017262400000000002
0.000162084
0.00018279400000000001
0.000162774
0.000161483
0.000159574
0.00015827400000000002
0.00015836300000000002
0.00015834400000000001
0.00015847300000000001
0.000158534
0.000158393
0.00017610400000000001
0.00015864400000000002
0.00015848300000000001
0.00015979400000000002
0.00021256500000000001
0.00016154400000000001
0.00016166300000000001
0.00018306400000000001
0.000187054
0.00016046300000000001
0.00015964400000000002
0.00017725400000000001
0.00015861300000000002
0.00015848400000000002
0.00015848300000000001
0.000158844
0.00015871400000000001
0.00015862300000000002
0.00015812400000000002
0.000158023
0.000159574
0.000160223
0.00016049400000000001
0.00016175400000000001
0.00017980400000000002
0.00017551400000000001
0.000199674
0.00016379400000000001
0.00015924300000000002
0.000157904
0.00015820400000000001
0.00015842300000000001
0.00015829400000000001
0.000158293
0.00015846400000000001
0.00015879300000000001
0.00017526400000000001
0.00015908400000000001
0.00016022400000000002
0.00016076300000000002
0.00016127400000000001
0.00016240300000000001
0.00016251400000000002
0.000160524
0.000159433
0.000158104
0.000158283
0.00015830400000000001
0.00043826700000000005
0.00021492400000000002
0.000212995
0.00021738500000000001
0.00021180500000000002
0.00023831500000000001
0.00021437500000000002
0.00019322400000000001
0.000161874
0.00027279600000000001
0.00026710600000000003
0.00022134500000000002
0.00021992500000000002
0.00021886500000000003
0.000242026
0.000218385
0.00023656500000000002
0.00021565500000000001
0.00021871500000000002
0.00021631500000000002
0.00021665500000000001
0.00023984500000000001
0.00021724500000000002
0.00024169500000000002
0.00021962500000000001
0.00022523500000000001
0.00022743600000000002
0.00022133500000000002
0.00022270500000000002
0.000218915
0.00032963700000000003
0.00034179800000000004
0.00022261500000000001
0.00021893500000000002
0.00021785500000000001
0.000218125
0.00021682500000000003
0.000218545
0.00029931700000000001
0.00024058500000000003
0.00021954500000000003
0.00022417500000000001
0.000219015
0.000220425
0.000220795
0.00022023500000000002
0.000214045
0.00022813500000000002
0.00023405500000000002
0.000208965
0.000215875
0.00022492500000000001
0.00027523599999999999
0.000209225
0.00020941500000000001
0.00020925400000000003
0.000210225
0.00023266500000000001
0.000211795
0.00021861500000000002
0.00032779700000000001
0.00022203500000000001
0.000222995
0.000254916
0.00021804500000000002
0.00023992500000000002
0.0023121140000000001
0.000201065
0.00020292400000000002
0.00020395500000000002
0.00022496500000000001
0.00020946500000000001
0.00022683500000000002
0.000210225
0.000213174
0.000244711
0.00021910500000000001
0.00024604500000000002
0.00022674500000000001
0.00022397500000000001
0.00022525500000000002
0.000225505
0.000226295
0.00024593
0.00020400400000000001
0.00020416500000000002
0.00020738400000000002
0.00022066500000000002
0.00020747500000000002
0.00020711500000000001
0.00020761400000000001
0.00022782600000000001
0.00020446400000000001
0.00020784500000000001
0.000212215
0.00021241400000000002
0.00020922400000000001
0.000226605
0.00024337600000000001
0.00021929500000000002
0.000236605
0.00020766500000000003
0.00020711500000000001
0.00020686400000000002
0.00021827500000000001
0.00020698500000000002
0.00020687400000000001
0.00020688500000000002
0.000207865
0.00022846500000000002
0.00020987500000000002
0.00021133400000000001
0.00021035400000000003
0.00020987500000000002
0.00020795500000000001
0.00020721400000000003
0.00020654500000000001
0.00020475500000000001
0.000204744
0.00022459500000000001
0.00020439500000000001
0.00023171500000000001
0.00020484500000000002
0.000204804
0.00020447500000000002
0.00020546500000000003
0.00020643400000000002
0.00020921500000000001
0.00038260900000000001
0.00022144500000000002
0.00022235500000000001
0.00022003500000000002
0.00021920400000000002
0.00021696500000000001
0.000212055
0.00022097500000000002
0.00022206500000000002
0.00027089600000000002
0.00021463500000000002
0.00021641500000000002
0.00021579500000000002
0.00021797500000000003
0.00023370500000000001
0.00022040500000000001
0.000219535
0.00022633500000000001
0.00026079600000000004
0.00022118500000000002
0.00021444500000000001
0.00021591500000000001
0.00020724400000000001
0.00021024500000000002
0.000214615
0.00021742500000000001
0.00026028600000000004
0.00023653500000000001
0.00021010500000000001
0.00020863400000000002
0.00021088500000000001
0.00021950500000000002
0.00021845500000000002
0.00021972500000000001
0.00022154500000000002
0.00024198500000000001
0.00024151500000000001
0.00021735500000000002
0.00021801500000000001
0.00021804500000000002
0.00021623500000000001
0.00021770400000000001
0.000248006
0.00021134500000000002
0.00022224500000000001
0.00023629500000000003
0.00021410500000000002
0.00022030500000000001
0.00021390500000000002
0.00021627500000000001
0.00021805500000000001
0.00021703400000000001
0.00021844400000000001
0.000224875
0.00023731500000000001
0.00021415500000000003
0.00021553500000000002
0.00023810500000000001
0.00021220500000000001
0.00022839500000000002
0.00021345500000000001
0.00021430400000000001
0.00021827500000000001
0.00023374600000000001
0.00021562500000000002
0.00021513400000000002
0.00021423500000000001
0.00021721500000000001
0.00022567500000000002
0.00053016200000000004
0.00026175600000000003
0.00034422800000000003
0.00036170800000000003
0.000243336
0.00023637500000000001
0.00030442100000000003
0.00020805500000000001
0.00026191100000000003
0.00021576500000000001
0.00020146500000000001
0.00023162500000000001
0.00022590500000000001
0.00023342500000000002
0.00021644500000000001
0.00022237500000000002
0.00024894100000000003
0.000207235
0.00020573400000000001
0.00021751500000000002
0.00020338500000000002
0.000202234
0.000201955
0.000202685
0.00020342400000000001
0.00015850400000000001
0.00015895300000000001
0.00015861400000000001
0.000158813
0.000158364
0.00015986400000000001
0.00016051300000000001
0.00016096400000000001
0.00016204300000000001
0.00016288400000000002
0.00016246400000000002
0.00017793400000000001
0.00016060300000000002
0.00015954400000000002
0.00015843400000000002
0.00015869300000000001
0.000184804
0.00020215500000000001
0.00020935500000000002
0.00020813400000000001
0.00021091500000000002
0.00020848500000000001
0.00023248500000000002
0.00021031500000000001
0.00020988400000000003
0.00020342400000000001
0.00016253400000000001
0.00016239300000000002
0.000160354
0.00015986400000000001
0.000176434
0.000176214
0.00016191300000000002
0.00017738400000000002
0.00015886400000000002
0.000170564
0.00015845300000000002
0.00015829400000000001
0.00015816300000000001
0.00015970400000000001
0.00016032400000000002
0.000161213
0.000162184
0.00019900400000000002
0.00018138400000000001
0.000177584
0.00016006400000000002
0.00015991400000000001
0.000177004
0.000158493
0.00015864400000000002
0.00015825300000000002
0.000158314
0.00015827300000000001
0.00031685700000000003
0.000345063
0.00023636500000000002
0.00026918600000000003
0.00016101400000000001
0.00016140300000000001
0.00016227400000000001
0.000162184
0.00016005300000000001
0.000159154
0.00015788300000000002
0.00015833400000000002
0.00015814300000000002
0.000158364
0.000158443
0.00017680400000000002
0.00017655400000000002
0.00015854400000000002
0.00015807400000000002
0.00015903300000000002
0.000160044
0.000161223
0.00016196400000000001
0.00017293400000000002
0.000162714
0.00016000300000000001
0.00015971400000000001
0.00018996400000000001
0.00015849400000000002
0.00015819300000000002
0.00015838400000000002
0.00015827300000000001
0.00015839400000000002
0.000158333
0.00015855400000000001
0.00015843400000000002
0.00015945300000000002
0.000160364
0.00016042300000000001
0.00016169400000000001
0.00017913400000000001
0.000162344
0.00022018500000000002
0.00021328400000000003
0.00022267500000000001
0.00021658500000000001
0.00021290500000000002
0.00021621500000000002
0.00021525500000000003
0.00025272200000000004
0.00020783500000000002
0.00029083700000000001
0.00031103700000000001
0.00022951500000000001
0.00017583400000000001
0.000174124
0.000161423
0.00017997500000000002
0.00016340300000000001
0.00016064400000000002
0.00016045300000000002
0.000158584
0.00023872500000000002
0.00015803400000000001
0.000158393
0.00015785300000000001
0.00017524400000000002
0.00015834400000000001
0.00015796300000000001
0.00017524400000000002
0.000158994
0.000159913
0.00016043400000000002
0.000162523
0.00016285400000000001
0.000163084
0.00016036300000000001
0.00015979400000000002
0.00030129700000000001
0.000172194
0.000176844
0.00021528400000000002
0.00015862300000000002
0.00019015400000000002
0.000158534
0.00065184800000000001
0.00022254500000000002
0.00020382400000000002
0.00020254500000000002
0.00020367400000000002
0.00020486500000000001
0.00022581500000000001
0.000226085
0.00020309500000000001
0.00020243400000000001
0.00020162500000000001
0.00020133400000000001
0.00020049500000000002
0.00020100400000000002
0.00021217400000000001
0.000219065
0.000201485
0.00020051400000000003
0.00020115500000000001
0.00020785400000000002
0.00020818400000000001
0.000210645
0.00021241500000000001
0.000213415
0.000225555
0.00023279500000000002
0.00021033500000000002
0.00020984400000000002
0.00020895500000000001
0.00020855500000000003
0.000208094
0.00021803500000000002
0.000208285
0.00020847500000000001
0.00022701500000000001
0.00020897500000000002
0.000209874
0.00020982500000000002
0.00021117500000000002
0.00021127400000000001
0.000212864
