3.49829063482310616E+01
3.95490999999999985E-04
4.30298999999999981E-04
4.11458999999999978E-04
4.06411000000000023E-04
4.07634999999999996E-04
4.95636000000000037E-04
4.35584999999999998E-04
4.07179999999999988E-04
4.17763999999999993E-04
4.11123000000000001E-04
4.25446000000000006E-04
4.28273000000000011E-04
4.09217000000000023E-04
4.14698000000000020E-04
4.18034999999999978E-04
4.18782999999999992E-04
4.11362000000000023E-04
4.38261000000000011E-04
4.16799999999999994E-04
4.06128999999999974E-04
4.12012000000000012E-04
4.09964000000000021E-04
4.36723000000000027E-04
4.05522000000000011E-04
4.06844000000000010E-04
4.25292999999999982E-04
1.25768600000000005E-03
5.20639000000000041E-04
4.23071999999999977E-04
4.62864000000000005E-04
4.32022000000000005E-04
4.14286999999999999E-04
4.02878999999999976E-04
3.28669000000000021E-04
3.56446000000000009E-04
4.04665999999999978E-04
3.29643999999999977E-04
3.26947000000000012E-04
3.30228000000000010E-04
3.22936999999999975E-04
3.38354000000000020E-04
3.14573999999999973E-04
3.45374000000000017E-04
3.20674000000000013E-04
3.25332000000000008E-04
3.17218000000000025E-04
3.27227999999999992E-04
3.83205000000000015E-04
3.39373000000000018E-04
3.24465000000000018E-04
3.89672999999999994E-04
3.90528999999999974E-04
4.17211999999999976E-04
4.13572000000000017E-04
4.35855999999999982E-04
4.10993000000000014E-04
4.15641000000000014E-04
4.72636000000000020E-04
4.22173000000000025E-04
4.51775999999999979E-04
4.09292000000000011E-04
4.26042000000000011E-04
4.26917999999999981E-04
4.48639999999999987E-04
4.31283999999999986E-04
4.24773999999999996E-04
7.72786000000000024E-04
4.31565999999999981E-04
4.26008000000000018E-04
4.15380999999999986E-04
7.63892999999999972E-04
5.05668000000000025E-04
4.49289999999999976E-04
4.30449999999999973E-04
4.59516999999999998E-04
4.10029000000000014E-04
4.14091000000000003E-04
4.22390000000000027E-04
5.17726000000000037E-04
4.13711999999999999E-04
4.16746000000000011E-04
4.18944999999999994E-04
4.18803999999999997E-04
6.26213000000000030E-04
4.17363000000000022E-04
4.12629000000000023E-04
4.41088999999999978E-04
4.11633000000000008E-04
5.85490000000000034E-04
3.51527999999999986E-04
3.98252999999999997E-04
4.22704999999999999E-04
4.66689000000000004E-04
4.49311999999999997E-04
4.27372999999999989E-04
4.32096999999999993E-04
4.28326999999999994E-04
4.29334999999999981E-04
4.56722000000000009E-04
4.54954999999999997E-04
6.85776000000000029E-04
5.27941999999999995E-04
4.51056000000000026E-04
4.28607999999999973E-04
2.07702699999999995E-03
4.75648000000000010E-04
4.10667999999999992E-04
4.08880999999999991E-04
4.17548000000000008E-04
4.51434999999999976E-04
3.34832999999999984E-04
3.24031999999999977E-04
3.26848999999999987E-04
3.33792999999999980E-04
4.46586000000000010E-04
3.66033999999999999E-04
3.46707000000000026E-04
3.32860999999999997E-04
3.33955999999999999E-04
3.60020999999999974E-04
3.86066000000000013E-04
3.60465000000000026E-04
3.20749000000000002E-04
3.24162000000000018E-04
3.13382999999999978E-04
3.69392000000000017E-04
4.27004999999999995E-04
4.48218000000000011E-04
4.26431000000000011E-04
4.19085999999999992E-04
4.90739000000000019E-04
4.18371000000000010E-04
4.15500000000000016E-04
4.26431000000000011E-04
4.22520000000000014E-04
4.01020999999999995E-04
4.31024999999999974E-04
4.17536999999999997E-04
4.31588000000000002E-04
4.24393999999999976E-04
4.46115000000000021E-04
4.29529000000000000E-04
4.26225000000000020E-04
4.27080999999999999E-04
4.51803999999999986E-04
4.56764999999999981E-04
4.52139000000000002E-04
4.31664000000000006E-04
4.27850000000000018E-04
4.26410000000000005E-04
4.47989999999999998E-04
4.31338000000000023E-04
4.36245999999999997E-04
4.37731000000000014E-04
4.47134000000000019E-04
4.44155000000000006E-04
4.18144000000000014E-04
4.19291999999999983E-04
4.06183000000000011E-04
4.20927999999999992E-04
4.40406999999999973E-04
4.18447000000000014E-04
4.18923999999999989E-04
4.37882000000000006E-04
4.36929000000000017E-04
4.40059999999999985E-04
4.26139000000000021E-04
4.19617000000000004E-04
4.26560999999999997E-04
4.26701999999999995E-04
4.48033999999999987E-04
4.24806000000000012E-04
4.41815000000000025E-04
4.38888999999999978E-04
4.31327999999999974E-04
4.41684000000000022E-04
4.29799999999999985E-04
4.30711000000000017E-04
4.16064000000000006E-04
4.21078999999999985E-04
4.54045999999999996E-04
4.16778999999999988E-04
4.90619999999999988E-04
4.26604999999999986E-04
4.34100999999999996E-04
9.84494999999999945E-04
4.60183000000000022E-04
3.58949000000000009E-04
3.24812000000000007E-04
3.67213999999999984E-04
3.13631999999999995E-04
3.67430999999999986E-04
3.07575999999999997E-04
3.07608999999999975E-04
3.21508000000000026E-04
3.32860999999999997E-04
4.16799999999999994E-04
3.21529999999999993E-04
3.21876000000000020E-04
3.23750999999999998E-04
3.98371999999999973E-04
3.83638000000000002E-04
3.80951999999999994E-04
4.54137999999999981E-04
5.41526999999999981E-04
4.58169000000000024E-04
4.66841000000000012E-04
4.21925000000000024E-04
4.29940999999999982E-04
4.33127000000000002E-04
4.22758999999999982E-04
4.88274999999999983E-04
4.02369999999999985E-04
4.13896000000000023E-04
4.08901999999999996E-04
4.12824000000000003E-04
4.27601000000000001E-04
3.59576999999999976E-04
3.29319000000000009E-04
3.22006000000000007E-04
3.16795999999999994E-04
4.22390000000000027E-04
4.42368000000000004E-04
4.38651999999999987E-04
4.39983999999999981E-04
4.26810999999999976E-04
4.09802000000000018E-04
4.89095000000000046E-04
4.60957999999999973E-04
3.38798000000000018E-04
4.23375999999999993E-04
4.32346000000000011E-04
3.29828000000000001E-04
3.48883999999999989E-04
4.06453999999999995E-04
4.35834000000000015E-04
4.57201999999999977E-04
4.31534000000000019E-04
4.20786999999999995E-04
3.71135999999999992E-04
5.37248000000000044E-04
3.63866999999999977E-04
3.36859000000000008E-04
3.51819999999999976E-04
3.28073999999999976E-04
3.25797999999999973E-04
3.53998000000000008E-04
3.59414999999999973E-04
3.22916999999999985E-04
3.28170999999999986E-04
4.20125999999999996E-04
4.41684999999999983E-04
5.90088000000000006E-04
6.42155000000000048E-04
5.59056000000000049E-04
5.79044000000000021E-04
4.39322999999999981E-04
6.38281999999999999E-04
4.82765999999999979E-04
4.23137000000000025E-04
8.86825000000000048E-04
5.11490999999999986E-04
4.70371999999999988E-04
4.41911999999999980E-04
4.45313999999999985E-04
4.12141999999999999E-04
4.47557000000000011E-04
4.05977999999999981E-04
4.43115000000000002E-04
4.30883999999999976E-04
4.08804999999999987E-04
4.31978000000000017E-04
4.45574000000000013E-04
4.27818000000000003E-04
4.06128999999999974E-04
4.28488999999999997E-04
4.36181000000000004E-04
4.07915999999999975E-04
4.38196000000000017E-04
4.05587000000000005E-04
4.32085999999999983E-04
4.08252000000000007E-04
4.37969000000000021E-04
4.06724999999999979E-04
4.59896000000000003E-04
4.42139999999999992E-04
4.34491000000000011E-04
4.17721000000000021E-04
4.12075999999999990E-04
4.36647000000000023E-04
4.29757000000000012E-04
4.22215999999999998E-04
4.29073999999999992E-04
4.04916000000000011E-04
4.33765000000000019E-04
3.99066000000000004E-04
4.53493000000000017E-04
9.56659000000000003E-04
4.87352999999999994E-04
4.69857000000000011E-04
5.33749000000000029E-04
4.64224000000000006E-04
4.38282999999999978E-04
4.63931000000000001E-04
4.31706999999999978E-04
4.53346999999999995E-04
4.76417999999999991E-04
4.38001999999999999E-04
4.23171000000000018E-04
4.13755999999999987E-04
4.43928000000000009E-04
4.42149999999999987E-04
4.32443000000000020E-04
4.28791999999999997E-04
4.23550000000000022E-04
4.37340999999999999E-04
4.27687000000000000E-04
4.22627999999999979E-04
4.26549999999999987E-04
4.23375999999999993E-04
4.91119000000000039E-04
4.32205999999999975E-04
4.23170000000000002E-04
4.19605999999999994E-04
4.23949999999999978E-04
4.42595000000000000E-04
4.29214999999999989E-04
4.22834000000000025E-04
4.06855000000000020E-04
4.47307999999999994E-04
4.35834999999999977E-04
4.20819000000000011E-04
4.34664000000000025E-04
4.34285000000000020E-04
6.59217000000000028E-04
5.35368000000000042E-04
5.35533000000000038E-04
4.47285000000000011E-04
4.23505999999999980E-04
5.44758000000000004E-04
4.12770000000000021E-04
4.09313999999999978E-04
4.11610999999999986E-04
3.25787000000000017E-04
3.29113000000000018E-04
3.07295000000000018E-04
3.20857999999999983E-04
3.06893999999999993E-04
3.41149000000000010E-04
3.07099000000000022E-04
3.07728000000000005E-04
3.27542000000000002E-04
3.09894000000000011E-04
3.08311999999999985E-04
3.10576999999999978E-04
3.12743999999999999E-04
3.13382999999999978E-04
3.10339000000000025E-04
3.27260000000000007E-04
3.08562000000000018E-04
3.37032000000000022E-04
3.07316000000000024E-04
3.22882999999999992E-04
3.07825000000000015E-04
3.07402999999999984E-04
3.26144000000000000E-04
3.07619000000000024E-04
3.20207999999999994E-04
3.09351999999999989E-04
3.08854000000000008E-04
3.08951999999999979E-04
3.29275000000000021E-04
3.13534999999999986E-04
3.44757000000000006E-04
3.09970000000000015E-04
3.09818000000000007E-04
3.09591000000000011E-04
3.07856999999999977E-04
3.24930999999999983E-04
3.25646999999999981E-04
3.06903999999999988E-04
3.07132000000000000E-04
3.07099000000000022E-04
3.72425999999999975E-04
4.48228000000000005E-04
5.00999000000000019E-04
4.33104999999999981E-04
4.54674000000000018E-04
5.06739999999999990E-04
4.30839999999999988E-04
4.20396999999999980E-04
3.31138999999999988E-04
3.52426999999999992E-04
3.38169999999999996E-04
3.25343000000000019E-04
3.83670999999999980E-04
3.29037000000000014E-04
3.14974999999999999E-04
3.26372000000000012E-04
3.47812000000000023E-04
3.26730000000000011E-04
3.27909999999999996E-04
3.35451000000000011E-04
3.26198999999999999E-04
3.22840999999999981E-04
3.65915000000000023E-04
4.81704000000000008E-04
4.37718999999999988E-04
4.37308000000000022E-04
4.37026000000000027E-04
4.62993999999999992E-04
4.26637000000000001E-04
4.31967000000000006E-04
4.27460000000000004E-04
4.30787000000000021E-04
4.65734999999999999E-04
4.33321999999999982E-04
4.26345000000000012E-04
4.39257999999999988E-04
4.60037000000000000E-04
4.58715000000000002E-04
4.49117000000000017E-04
4.39508000000000021E-04
4.32357000000000021E-04
4.50199999999999993E-04
4.41619999999999990E-04
4.16833000000000026E-04
4.15782000000000011E-04
4.11134000000000011E-04
4.10452000000000007E-04
4.28370000000000020E-04
4.10353999999999981E-04
4.34253000000000004E-04
4.09801000000000002E-04
4.22206000000000003E-04
4.28976999999999982E-04
4.11524000000000026E-04
4.12315000000000012E-04
4.11631999999999992E-04
4.13051000000000000E-04
5.88646999999999977E-04
4.27210999999999986E-04
4.35748000000000016E-04
4.18739000000000004E-04
4.46284000000000025E-04
4.21111000000000001E-04
4.22909999999999974E-04
4.14134999999999991E-04
4.03659000000000006E-04
4.32226999999999980E-04
4.11848999999999993E-04
4.25759000000000001E-04
4.35693000000000018E-04
4.16020999999999980E-04
4.27059999999999994E-04
4.13951000000000022E-04
4.30959000000000019E-04
4.61250999999999979E-04
4.29583999999999999E-04
4.46755000000000015E-04
4.26215000000000025E-04
4.28901999999999994E-04
4.04687999999999999E-04
4.22954000000000017E-04
4.32843999999999991E-04
4.20926999999999977E-04
4.28869000000000017E-04
4.42573999999999995E-04
4.23061999999999982E-04
4.42486000000000019E-04
4.20234999999999977E-04
4.30873000000000020E-04
4.28002000000000027E-04
4.23907000000000006E-04
4.47860000000000012E-04
4.33797999999999996E-04
4.29454000000000012E-04
4.22920999999999985E-04
4.45530000000000025E-04
4.42713999999999976E-04
4.55606000000000001E-04
4.09715000000000003E-04
4.09172999999999980E-04
4.22162999999999976E-04
4.38076999999999987E-04
4.00474000000000001E-04
4.13517000000000019E-04
4.00257000000000000E-04
4.04655000000000021E-04
4.44589000000000008E-04
4.27699000000000026E-04
4.20407999999999990E-04
4.09909999999999984E-04
3.72533999999999994E-04
4.11774000000000005E-04
4.27892999999999991E-04
4.11481000000000000E-04
4.35466000000000021E-04
4.19745999999999975E-04
4.26063000000000017E-04
4.13138000000000014E-04
4.32054000000000021E-04
4.39876000000000015E-04
6.68322999999999964E-04
4.49517000000000026E-04
4.04320000000000005E-04
4.09843999999999974E-04
4.05316000000000020E-04
4.38065999999999976E-04
3.96410999999999996E-04
3.87874000000000020E-04
4.21339000000000013E-04
4.33397000000000025E-04
4.29280999999999999E-04
4.11351000000000013E-04
4.09562999999999995E-04
4.09357000000000004E-04
4.19325000000000015E-04
4.27905000000000017E-04
4.09465999999999986E-04
4.08652999999999979E-04
4.10494999999999979E-04
4.09520000000000023E-04
4.11806000000000021E-04
4.51717000000000026E-04
4.15239999999999988E-04
4.15098999999999991E-04
5.17020999999999995E-04
4.15813999999999973E-04
4.12911000000000018E-04
3.07282999999999992E-04
3.06861000000000015E-04
3.06937000000000019E-04
3.26772999999999983E-04
3.26600000000000024E-04
3.20457000000000012E-04
3.07033999999999974E-04
3.06817999999999989E-04
3.21194000000000015E-04
3.08486000000000014E-04
3.25353999999999975E-04
3.10566000000000021E-04
3.13058000000000010E-04
3.13306999999999974E-04
3.10522999999999995E-04
3.09374000000000010E-04
4.82218999999999985E-04
5.01860000000000023E-04
3.46012999999999995E-04
4.02120000000000006E-04
4.19032000000000009E-04
4.64559000000000022E-04
4.33017000000000005E-04
4.00451999999999980E-04
4.42193999999999975E-04
4.23257000000000017E-04
4.51717000000000026E-04
4.27265000000000023E-04
4.24427000000000007E-04
4.65302000000000012E-04
4.39712999999999996E-04
4.48628999999999977E-04
4.24566999999999989E-04
4.27168000000000014E-04
4.55086000000000000E-04
4.44458000000000006E-04
3.98513000000000025E-04
3.40629000000000008E-04
3.77018999999999976E-04
3.29729999999999975E-04
3.25320999999999998E-04
3.79163999999999977E-04
4.05272999999999994E-04
4.06118000000000017E-04
3.82534000000000021E-04
4.59852999999999976E-04
4.41088999999999978E-04
4.33917000000000027E-04
4.51175000000000003E-04
4.20830000000000021E-04
4.21577999999999981E-04
4.71272000000000010E-04
4.37340999999999999E-04
4.36430000000000021E-04
4.09293000000000027E-04
4.99888999999999997E-04
4.28641000000000005E-04
1.23560100000000002E-03
4.21284999999999975E-04
4.21945999999999975E-04
3.44595000000000003E-04
3.22569999999999996E-04
3.42471000000000008E-04
3.20165000000000022E-04
3.23469000000000003E-04
3.20966000000000003E-04
3.39892000000000004E-04
3.21638000000000013E-04
3.24865999999999989E-04
3.30109999999999995E-04
3.11021999999999991E-04
3.20630999999999987E-04
3.20804000000000000E-04
3.69381000000000006E-04
4.06810999999999978E-04
4.29269999999999988E-04
4.13300999999999979E-04
4.25791000000000017E-04
4.13008999999999989E-04
4.11665000000000024E-04
4.30786000000000005E-04
4.10277999999999977E-04
4.37838999999999980E-04
4.13637000000000011E-04
4.07612999999999975E-04
4.61174000000000013E-04
4.16681000000000018E-04
4.40059999999999985E-04
4.19367000000000025E-04
4.13690999999999994E-04
4.34750999999999985E-04
4.21977999999999991E-04
4.26269000000000008E-04
4.21360999999999979E-04
4.05143000000000007E-04
4.06758000000000011E-04
4.49062000000000018E-04
4.33938999999999994E-04
1.46416199999999997E-03
7.14058000000000054E-04
4.15759999999999990E-04
4.14274999999999973E-04
4.20505000000000000E-04
4.09530999999999979E-04
4.28879999999999973E-04
4.37404999999999977E-04
4.34632000000000009E-04
3.60475999999999982E-04
3.67150000000000007E-04
3.80713999999999987E-04
3.53922000000000004E-04
3.52632999999999983E-04
3.98837999999999992E-04
4.20287999999999998E-04
4.06551000000000004E-04
4.13864000000000007E-04
4.48043999999999981E-04
4.11048000000000012E-04
4.10439999999999980E-04
4.09130000000000008E-04
4.19085999999999992E-04
3.38787000000000007E-04
3.42459999999999997E-04
3.30955000000000019E-04
3.25116000000000023E-04
3.72329000000000019E-04
3.18735000000000004E-04
3.38364000000000015E-04
3.22482000000000020E-04
3.17346999999999996E-04
3.23891999999999995E-04
3.22396000000000022E-04
3.18594000000000006E-04
3.21215000000000020E-04
3.49026000000000002E-04
4.02228999999999987E-04
3.97927999999999975E-04
3.98338999999999996E-04
3.97407999999999974E-04
4.23311000000000000E-04
4.03560999999999981E-04
4.01622000000000025E-04
4.24720000000000013E-04
4.01556999999999977E-04
4.34003000000000025E-04
4.51723999999999973E-04
4.24438000000000018E-04
4.14708999999999976E-04
4.18045999999999988E-04
4.48639999999999987E-04
4.94468999999999985E-04
3.09991999999999982E-04
3.10425000000000024E-04
3.08465000000000009E-04
3.18539000000000007E-04
3.31052999999999990E-04
3.38299999999999983E-04
3.07857999999999992E-04
3.06686999999999986E-04
3.06665999999999981E-04
3.07282999999999992E-04
3.08400000000000015E-04
3.09298000000000006E-04
3.26513000000000009E-04
3.11530000000000021E-04
3.11919999999999982E-04
3.35613999999999975E-04
3.66988000000000004E-04
3.10100000000000002E-04
3.27639999999999973E-04
3.07781999999999988E-04
3.07055999999999996E-04
3.10955999999999982E-04
3.07002000000000013E-04
3.09536999999999974E-04
3.07381000000000017E-04
3.25701000000000018E-04
3.07467000000000016E-04
3.09353000000000004E-04
3.43760999999999991E-04
3.23480000000000013E-04
3.10976999999999987E-04
3.13934999999999995E-04
3.31161000000000010E-04
3.10046000000000019E-04
3.09839999999999974E-04
3.09450000000000014E-04
3.07336999999999975E-04
3.97235000000000014E-04
4.06421000000000017E-04
4.20407999999999990E-04
4.33906999999999978E-04
4.05987999999999976E-04
3.97483000000000016E-04
3.95816000000000006E-04
4.47730999999999986E-04
4.06518999999999988E-04
4.03939999999999985E-04
4.06389000000000002E-04
4.27796999999999997E-04
4.41890999999999974E-04
4.49971999999999980E-04
4.15771000000000001E-04
4.12543000000000024E-04
4.11275000000000009E-04
4.30244999999999998E-04
4.09833999999999980E-04
4.11675999999999980E-04
4.09421999999999998E-04
4.09499000000000017E-04
4.60448999999999982E-04
4.10494999999999979E-04
4.13052000000000015E-04
4.26063000000000017E-04
4.12044999999999989E-04
4.54571000000000022E-04
4.06790000000000027E-04
4.08035000000000006E-04
4.06097000000000012E-04
4.02565000000000019E-04
4.39973000000000024E-04
3.94960000000000027E-04
4.06259000000000015E-04
4.00700999999999998E-04
4.06095999999999996E-04
4.18220000000000018E-04
3.79022999999999979E-04
3.29589999999999994E-04
3.77614999999999982E-04
4.64755000000000018E-04
4.04059000000000015E-04
4.26614999999999980E-04
4.14178000000000018E-04
4.14123999999999981E-04
4.15033999999999998E-04
4.02152999999999983E-04
4.24642999999999993E-04
4.02152999999999983E-04
4.02207999999999982E-04
4.14134999999999991E-04
3.99607000000000011E-04
4.22162999999999976E-04
4.21621000000000007E-04
4.00755999999999996E-04
4.42214999999999980E-04
3.07749000000000011E-04
3.08919000000000001E-04
3.08800999999999987E-04
3.09439000000000003E-04
3.84657000000000000E-04
3.26058000000000001E-04
3.14292999999999994E-04
3.16156000000000000E-04
3.09103000000000025E-04
3.09320000000000027E-04
3.06514999999999988E-04
3.24833999999999973E-04
3.07922999999999986E-04
3.21205000000000026E-04
3.07337999999999991E-04
3.06665999999999981E-04
3.07208000000000004E-04
3.12245000000000003E-04
3.75286000000000012E-04
3.09622999999999973E-04
3.09351999999999989E-04
3.10608999999999994E-04
3.64765999999999983E-04
3.15354000000000003E-04
3.09189999999999986E-04
3.43976999999999976E-04
3.09092999999999976E-04
3.07684000000000017E-04
3.07587000000000008E-04
3.11258999999999982E-04
3.33750000000000008E-04
4.12488000000000026E-04
4.71238999999999979E-04
4.20527000000000021E-04
4.73924999999999986E-04
4.16388000000000012E-04
3.08919000000000001E-04
3.09764000000000025E-04
3.11595000000000014E-04
3.30456000000000022E-04
3.39253000000000026E-04
3.30262000000000003E-04
3.10381999999999997E-04
3.08779000000000020E-04
3.79662999999999973E-04
3.75480999999999992E-04
3.07955000000000002E-04
3.07250999999999976E-04
3.07825000000000015E-04
3.07608999999999975E-04
3.15929000000000004E-04
3.33521999999999996E-04
3.07792999999999999E-04
3.86834000000000017E-04
3.09526000000000018E-04
3.10848000000000016E-04
3.13468999999999976E-04
3.12711000000000022E-04
3.46555000000000018E-04
3.09071000000000009E-04
3.07716999999999995E-04
3.07358999999999996E-04
3.06861000000000015E-04
3.06514000000000027E-04
3.06709000000000007E-04
3.58147000000000012E-04
3.07305000000000013E-04
3.10761000000000002E-04
3.07044999999999985E-04
3.81016999999999988E-04
3.43305000000000021E-04
3.35352999999999986E-04
3.13523000000000013E-04
3.37074999999999994E-04
3.33512000000000001E-04
3.11444000000000022E-04
3.23890999999999979E-04
3.18409000000000021E-04
3.24541000000000022E-04
3.06882000000000021E-04
3.06471000000000000E-04
5.37994999999999988E-04
5.07714999999999946E-04
4.11719000000000006E-04
4.12488000000000026E-04
4.11762999999999994E-04
4.31089000000000006E-04
4.27591000000000006E-04
4.03723999999999999E-04
4.10570000000000021E-04
4.17666999999999984E-04
4.28683999999999977E-04
4.02089000000000005E-04
4.07644999999999991E-04
4.01318000000000009E-04
4.08099999999999999E-04
4.02489000000000015E-04
4.35076000000000007E-04
4.19291000000000021E-04
4.03160000000000009E-04
4.15500000000000016E-04
3.96856000000000010E-04
4.23236000000000012E-04
4.24057999999999998E-04
4.08404000000000015E-04
4.57534000000000001E-04
4.35000000000000003E-04
4.29172000000000017E-04
4.27536000000000008E-04
4.25315000000000003E-04
4.43911000000000013E-04
4.05023999999999976E-04
4.22802000000000009E-04
4.22878000000000013E-04
4.57101000000000013E-04
4.22303000000000012E-04
4.34123000000000018E-04
4.22065000000000005E-04
4.24524000000000017E-04
4.49321999999999992E-04
4.21013999999999991E-04
1.73960099999999991E-03
6.80652000000000015E-04
4.23061999999999982E-04
4.21123000000000027E-04
4.24718999999999997E-04
5.47324999999999982E-04
4.09042999999999993E-04
4.04417999999999976E-04
4.90526000000000026E-04
4.63730999999999996E-04
4.23981999999999994E-04
4.78427000000000019E-04
4.17904999999999991E-04
4.52811000000000012E-04
4.17319999999999996E-04
4.24935999999999999E-04
4.22129999999999999E-04
4.25141999999999990E-04
4.59377999999999978E-04
4.18089999999999976E-04
4.13626000000000000E-04
4.15618999999999993E-04
4.70068999999999988E-04
4.41229999999999975E-04
4.26290000000000013E-04
4.92418000000000001E-04
4.49409000000000006E-04
4.36592999999999985E-04
5.07357999999999963E-04
4.36657999999999979E-04
4.36539000000000003E-04
4.61033999999999977E-04
5.64504999999999976E-04
4.20179999999999978E-04
1.33871899999999993E-03
5.13775999999999968E-04
4.18034999999999978E-04
4.17114000000000005E-04
4.26387999999999984E-04
4.24156000000000023E-04
3.74397000000000000E-04
3.78027000000000018E-04
4.17775000000000004E-04
4.29507999999999995E-04
4.19659999999999977E-04
4.38661999999999982E-04
4.39497000000000010E-04
4.07981000000000023E-04
3.56663000000000010E-04
3.07423999999999989E-04
3.25917000000000004E-04
3.28429999999999998E-04
3.09439000000000003E-04
3.38472999999999997E-04
3.82413999999999974E-04
3.24217000000000016E-04
3.10663999999999992E-04
3.43153999999999974E-04
3.34605999999999988E-04
3.07478000000000026E-04
3.10328000000000014E-04
3.10002999999999993E-04
3.06926000000000009E-04
3.27673000000000005E-04
3.25233999999999983E-04
3.06979999999999992E-04
3.06633000000000003E-04
3.19937000000000010E-04
3.08497000000000025E-04
3.09006000000000016E-04
3.34129000000000012E-04
4.29951999999999993E-04
4.09118999999999997E-04
4.08480000000000019E-04
4.07840999999999987E-04
4.12088000000000016E-04
3.09580000000000001E-04
3.50487999999999982E-04
3.07488999999999983E-04
5.95526999999999992E-04
4.67219000000000000E-04
5.74806999999999987E-04
4.32498000000000019E-04
4.22617999999999985E-04
4.23484000000000013E-04
3.49350000000000008E-04
3.16015000000000002E-04
3.56413999999999993E-04
3.13870000000000002E-04
3.96681999999999981E-04
3.27585999999999990E-04
3.29189000000000022E-04
3.08453999999999998E-04
3.41966999999999987E-04
3.08486000000000014E-04
3.12515999999999987E-04
4.22910999999999990E-04
4.11795000000000010E-04
4.49386999999999985E-04
3.49513000000000026E-04
3.16557000000000025E-04
3.16037000000000024E-04
3.08562000000000018E-04
3.30001999999999975E-04
3.21388999999999995E-04
3.25701000000000018E-04
3.20337999999999981E-04
3.32091999999999977E-04
3.15712000000000002E-04
3.09481999999999975E-04
3.52026000000000021E-04
3.86217000000000006E-04
3.21724999999999973E-04
3.17879000000000024E-04
3.06709000000000007E-04
3.06958999999999986E-04
3.31182999999999977E-04
3.11767999999999974E-04
3.08875999999999975E-04
3.53782000000000022E-04
3.37617999999999978E-04
3.10458000000000001E-04
3.41191999999999982E-04
3.89857000000000018E-04
3.11281000000000003E-04
3.08941000000000022E-04
3.07250999999999976E-04
3.07175000000000026E-04
8.91207999999999996E-04
4.62483999999999985E-04
4.12260999999999975E-04
3.23164999999999987E-04
3.77831999999999983E-04
4.61585999999999995E-04
4.63405999999999974E-04
4.34838000000000000E-04
7.28442999999999951E-04
5.52204000000000041E-04
4.48043999999999981E-04
3.28355000000000010E-04
3.16698000000000023E-04
3.75555999999999980E-04
4.20331999999999986E-04
3.09299000000000021E-04
3.08854000000000008E-04
3.09665999999999999E-04
3.06438000000000023E-04
3.07533000000000025E-04
3.26696999999999979E-04
3.06459999999999990E-04
3.06286999999999976E-04
3.70724000000000010E-04
3.09017000000000026E-04
3.19287000000000021E-04
3.08225999999999986E-04
3.29740999999999986E-04
3.27012000000000006E-04
3.13003999999999973E-04
3.09915999999999978E-04
3.09255999999999995E-04
3.09017000000000026E-04
3.23013999999999994E-04
3.10435999999999980E-04
3.06893999999999993E-04
3.07013000000000023E-04
3.37421999999999982E-04
3.07282999999999992E-04
3.07444999999999995E-04
3.25082999999999991E-04
3.09471999999999981E-04
3.09277000000000000E-04
3.09353000000000004E-04
3.10469000000000012E-04
5.76974999999999971E-04
7.31089999999999995E-04
6.53741000000000001E-04
3.99401000000000020E-04
4.17417000000000005E-04
3.95446999999999997E-04
3.96551999999999994E-04
4.25075999999999980E-04
3.96519999999999978E-04
3.97451000000000000E-04
4.19529999999999990E-04
3.97353999999999991E-04
4.82658000000000013E-04
4.46180999999999976E-04
4.28056000000000009E-04
4.52984000000000026E-04
4.37242999999999974E-04
5.64624000000000007E-04
4.31165000000000010E-04
4.53775000000000012E-04
4.40526000000000004E-04
4.28999000000000004E-04
5.97535999999999966E-04
5.03294999999999958E-04
4.49527999999999983E-04
4.09953000000000010E-04
4.12357999999999985E-04
4.17992000000000005E-04
4.12195000000000020E-04
4.43850999999999989E-04
4.16626999999999980E-04
4.11101999999999995E-04
4.21392999999999995E-04
5.42426000000000041E-04
4.37525000000000023E-04
4.32205000000000013E-04
4.72440999999999985E-04
4.61291000000000012E-04
4.61867999999999990E-04
4.31068000000000000E-04
4.29941999999999998E-04
4.55931000000000023E-04
3.82283999999999988E-04
3.27759000000000004E-04
3.07435000000000000E-04
3.07185999999999983E-04
3.06838999999999994E-04
3.26286000000000013E-04
3.08745999999999988E-04
3.39945999999999987E-04
3.10901999999999999E-04
3.12797000000000021E-04
3.12603000000000002E-04
3.16957999999999997E-04
4.34058000000000024E-04
4.25196000000000027E-04
4.28955000000000016E-04
4.25271999999999976E-04
3.57084999999999987E-04
3.32070000000000011E-04
3.48830000000000006E-04
3.06655000000000024E-04
3.06038000000000013E-04
3.06741999999999985E-04
3.07457000000000021E-04
3.08833000000000002E-04
3.27164000000000014E-04
3.11172999999999983E-04
3.26111999999999984E-04
3.12624000000000007E-04
3.09905999999999984E-04
3.09309000000000016E-04
3.07402000000000022E-04
3.31919000000000018E-04
3.06514000000000027E-04
3.37725999999999998E-04
3.23804999999999980E-04
3.06535999999999994E-04
3.05973000000000020E-04
3.06655000000000024E-04
3.24183999999999985E-04
3.08463999999999993E-04
3.08183000000000014E-04
3.09309000000000016E-04
3.10587999999999988E-04
3.20586999999999999E-04
4.76603999999999992E-04
4.80558000000000016E-04
4.42476000000000024E-04
4.34588999999999982E-04
4.14178000000000018E-04
4.42865999999999984E-04
4.14504000000000001E-04
4.25044999999999980E-04
4.67155000000000022E-04
4.31869999999999997E-04
4.31414000000000027E-04
4.32811999999999975E-04
4.38619000000000010E-04
4.56309999999999973E-04
4.59570999999999981E-04
4.40265999999999976E-04
4.35466999999999983E-04
4.64923000000000007E-04
4.35272000000000003E-04
4.35455000000000011E-04
4.35996999999999980E-04
4.32519999999999986E-04
4.56840999999999985E-04
4.33060999999999993E-04
4.36007999999999990E-04
4.31338999999999985E-04
4.57621000000000015E-04
4.53146999999999990E-04
4.28759999999999981E-04
4.29888000000000015E-04
4.16475000000000027E-04
4.20623999999999976E-04
4.55834000000000013E-04
4.06735999999999990E-04
4.16085000000000012E-04
4.08576999999999974E-04
4.24871000000000005E-04
4.36994000000000011E-04
5.97351999999999996E-04
4.35661000000000002E-04
4.23246000000000006E-04
4.38478000000000012E-04
4.37720000000000004E-04
4.24566999999999989E-04
4.21794000000000021E-04
4.26907999999999986E-04
4.28565000000000001E-04
4.42724999999999987E-04
4.18651999999999989E-04
4.23690000000000004E-04
4.38867999999999973E-04
4.20234000000000016E-04
4.44534000000000010E-04
4.22499000000000008E-04
4.30081999999999980E-04
4.20179999999999978E-04
4.21264000000000024E-04
4.41056000000000000E-04
4.16974000000000023E-04
4.18522000000000002E-04
4.16681000000000018E-04
4.38520999999999985E-04
4.38434000000000024E-04
4.28425000000000019E-04
4.29140000000000001E-04
4.25012000000000003E-04
4.22943000000000006E-04
4.47546000000000001E-04
4.22358000000000011E-04
4.08837000000000002E-04
4.10473999999999973E-04
4.08101000000000015E-04
4.45065000000000022E-04
4.34784000000000017E-04
4.10938999999999977E-04
4.12422999999999978E-04
4.21772000000000000E-04
6.26976000000000009E-04
4.70784000000000025E-04
4.71400999999999981E-04
4.46115999999999982E-04
4.47978999999999988E-04
4.24187999999999985E-04
4.37708999999999993E-04
4.51695000000000004E-04
4.40893999999999997E-04
4.41326999999999984E-04
4.22682999999999978E-04
4.20872999999999994E-04
4.50428000000000005E-04
4.44966999999999997E-04
4.20710999999999991E-04
4.52409999999999987E-04
4.18045999999999988E-04
4.18338999999999994E-04
4.59408999999999978E-04
4.20603000000000025E-04
4.48997000000000025E-04
4.25684000000000012E-04
4.42627000000000016E-04
4.39876000000000015E-04
4.48412999999999991E-04
4.44599000000000003E-04
4.23863999999999979E-04
4.36007999999999990E-04
4.39084999999999974E-04
4.57198000000000023E-04
4.39432000000000017E-04
4.46473000000000020E-04
4.18413999999999982E-04
4.36333000000000012E-04
4.12997000000000017E-04
4.42107000000000014E-04
4.13094999999999988E-04
4.50188999999999982E-04
6.43589999999999982E-04
3.88718999999999989E-04
3.19916000000000005E-04
3.82186999999999978E-04
3.71072000000000014E-04
3.10002999999999993E-04
3.09601000000000006E-04
3.09082000000000020E-04
3.07294000000000002E-04
3.06655999999999986E-04
3.07002000000000013E-04
3.24920000000000027E-04
3.07932999999999981E-04
3.06827999999999984E-04
3.06762999999999990E-04
3.17445000000000021E-04
3.07739000000000016E-04
3.08355999999999973E-04
3.42069999999999983E-04
3.12060999999999979E-04
3.53846000000000000E-04
3.76976000000000004E-04
3.26772999999999983E-04
3.15441000000000018E-04
3.07294000000000002E-04
3.29525000000000000E-04
3.11020999999999975E-04
3.20013000000000014E-04
3.07175000000000026E-04
3.07023000000000018E-04
3.06893999999999993E-04
3.06665999999999981E-04
3.25257000000000020E-04
3.08778000000000004E-04
3.17683999999999989E-04
3.08897999999999996E-04
3.10176000000000006E-04
3.12450999999999994E-04
3.13231000000000024E-04
3.28267999999999995E-04
3.43673000000000014E-04
3.08659999999999989E-04
3.86358000000000003E-04
3.82132999999999995E-04
3.72566000000000010E-04
3.27736999999999983E-04
3.06947000000000014E-04
3.06569000000000026E-04
3.06503999999999978E-04
3.26913999999999981E-04
3.08183000000000014E-04
4.27375000000000020E-04
5.41209999999999977E-04
4.21404000000000006E-04
4.28803000000000008E-04
4.33647000000000004E-04
4.50178000000000026E-04
4.33245999999999978E-04
4.44902000000000004E-04
4.17666999999999984E-04
4.13496000000000013E-04
4.47784000000000008E-04
3.30390999999999975E-04
3.07305999999999975E-04
3.06741000000000023E-04
3.06297999999999987E-04
3.06525999999999999E-04
3.08322999999999996E-04
3.43153000000000013E-04
3.52838999999999974E-04
3.10987999999999998E-04
3.12852000000000019E-04
3.12852000000000019E-04
3.20739000000000007E-04
3.42578999999999974E-04
3.09006000000000016E-04
3.07435000000000000E-04
3.06015999999999992E-04
3.06893999999999993E-04
3.31551000000000025E-04
3.11117999999999985E-04
3.25094000000000001E-04
3.14368999999999998E-04
3.09797000000000002E-04
3.37823000000000008E-04
3.22526000000000008E-04
3.19308999999999988E-04
3.09688000000000021E-04
3.31409000000000011E-04
3.13069000000000021E-04
3.10078999999999997E-04
3.22526000000000008E-04
3.07804000000000009E-04
3.07478999999999988E-04
3.09949000000000010E-04
3.24844999999999984E-04
3.26187999999999988E-04
3.07316000000000024E-04
3.16047999999999980E-04
3.07229000000000009E-04
3.99738000000000014E-04
3.27715999999999977E-04
3.08875999999999975E-04
3.22158000000000015E-04
3.10522999999999995E-04
3.11281000000000003E-04
3.12829999999999998E-04
3.28420000000000003E-04
4.65664999999999981E-04
4.20472000000000022E-04
4.13940000000000011E-04
4.06844000000000010E-04
4.37405999999999993E-04
4.13138999999999976E-04
4.18371000000000010E-04
4.16323000000000019E-04
4.10115999999999974E-04
4.24514000000000022E-04
4.56981999999999983E-04
4.24036999999999992E-04
4.19464999999999996E-04
4.30883999999999976E-04
4.22097000000000021E-04
4.42724999999999987E-04
4.18262999999999990E-04
4.13755000000000026E-04
4.19129999999999980E-04
4.16344999999999985E-04
4.43840999999999995E-04
4.15999000000000013E-04
4.11166999999999989E-04
4.31111000000000027E-04
4.10667999999999992E-04
4.37546999999999990E-04
4.11751999999999984E-04
4.18781999999999976E-04
4.18922999999999973E-04
4.36430999999999983E-04
4.48184999999999979E-04
4.15153999999999990E-04
4.15272000000000004E-04
4.19834000000000006E-04
4.06811999999999994E-04
4.14308000000000005E-04
3.79770999999999993E-04
3.79521999999999976E-04
3.78384000000000001E-04
4.12607000000000002E-04
3.79273000000000012E-04
3.96216000000000016E-04
3.79067000000000022E-04
3.79185999999999998E-04
3.80216000000000007E-04
3.80660000000000004E-04
4.18500999999999997E-04
3.65818000000000013E-04
3.15060999999999998E-04
3.12743999999999999E-04
3.54333999999999986E-04
3.09698999999999977E-04
3.11302000000000009E-04
3.28441000000000009E-04
3.07219000000000014E-04
3.08562000000000018E-04
3.48830000000000006E-04
3.09926999999999989E-04
3.07619999999999985E-04
3.06339999999999998E-04
3.27454999999999988E-04
3.21941000000000013E-04
3.12180000000000010E-04
4.18944999999999994E-04
3.43088000000000019E-04
3.17249999999999986E-04
3.33652999999999999E-04
3.11757000000000017E-04
3.10176000000000006E-04
3.07673000000000007E-04
3.08714000000000026E-04
3.06861000000000015E-04
3.07770999999999978E-04
3.22775999999999987E-04
3.08399000000000000E-04
3.78113999999999978E-04
3.07955000000000002E-04
3.09938000000000000E-04
3.08779000000000020E-04
3.35159000000000021E-04
3.27433999999999982E-04
3.11075999999999974E-04
6.64396000000000040E-04
4.20103999999999974E-04
4.26290000000000013E-04
4.33819000000000001E-04
4.51213000000000005E-04
4.11069000000000018E-04
4.51445999999999987E-04
4.09791000000000007E-04
4.29702999999999975E-04
4.08652999999999979E-04
4.07895000000000024E-04
4.09823000000000023E-04
4.08425999999999982E-04
4.40840000000000014E-04
4.10299999999999998E-04
4.11427000000000017E-04
4.11458999999999978E-04
4.34578000000000026E-04
4.14199999999999985E-04
4.29441999999999986E-04
3.66944000000000016E-04
3.13523999999999975E-04
3.12191000000000020E-04
3.41648000000000006E-04
3.07023000000000018E-04
3.29199999999999979E-04
3.07284000000000008E-04
3.07446000000000011E-04
3.06524999999999983E-04
3.07890000000000008E-04
3.09894999999999973E-04
3.08475000000000004E-04
3.28052000000000009E-04
3.24899000000000021E-04
3.16146000000000005E-04
3.78513999999999988E-04
3.27964999999999995E-04
3.12700000000000011E-04
4.04017000000000005E-04
3.45201000000000004E-04
3.47540999999999985E-04
3.17445000000000021E-04
3.14932000000000027E-04
4.75865000000000012E-04
4.06312999999999998E-04
4.02239999999999998E-04
4.22194999999999992E-04
4.21251999999999998E-04
4.13755999999999987E-04
4.31891000000000002E-04
4.12846000000000025E-04
4.12444999999999999E-04
4.12174000000000015E-04
4.08328000000000011E-04
4.22564000000000002E-04
4.04764000000000003E-04
4.44197999999999978E-04
4.07667999999999974E-04
4.15304999999999982E-04
4.42345999999999983E-04
4.10808999999999990E-04
4.29345999999999992E-04
4.30363999999999974E-04
4.27568999999999985E-04
4.41143000000000015E-04
4.25911000000000009E-04
4.28770999999999992E-04
4.13755999999999987E-04
4.11978999999999980E-04
4.34167000000000006E-04
4.01123999999999990E-04
4.15197000000000016E-04
4.33321000000000021E-04
4.05034000000000026E-04
3.06556999999999999E-04
3.36653000000000017E-04
3.25029000000000008E-04
3.24292000000000005E-04
3.05983000000000015E-04
3.06524999999999983E-04
3.06741999999999985E-04
3.25732999999999980E-04
3.09212000000000007E-04
3.08442000000000026E-04
3.09915999999999978E-04
3.12711000000000022E-04
7.53747000000000032E-04
3.91254000000000005E-04
4.72745000000000001E-04
4.31816000000000014E-04
3.06969999999999997E-04
3.27597000000000001E-04
3.07153000000000005E-04
3.06255000000000015E-04
3.06828999999999999E-04
3.07164999999999977E-04
3.07055999999999996E-04
3.06947999999999976E-04
3.85036000000000005E-04
3.10219999999999994E-04
3.10001999999999977E-04
3.10317000000000004E-04
3.11248999999999987E-04
3.13372000000000021E-04
3.10987999999999998E-04
3.27378999999999984E-04
3.09688999999999982E-04
3.20457000000000012E-04
3.07716999999999995E-04
3.07425000000000005E-04
3.49502000000000016E-04
3.25212999999999978E-04
3.07370000000000006E-04
3.07012000000000008E-04
3.07219000000000014E-04
3.08084999999999989E-04
3.09277000000000000E-04
3.08919000000000001E-04
3.43001000000000005E-04
3.13340000000000005E-04
3.12700000000000011E-04
3.10662999999999976E-04
3.09147000000000013E-04
3.51994000000000005E-04
3.08139000000000026E-04
3.25246000000000009E-04
3.27098000000000005E-04
3.26968000000000018E-04
3.06850000000000005E-04
3.07099999999999984E-04
3.17944000000000017E-04
3.07520999999999999E-04
3.26490999999999988E-04
3.11041999999999981E-04
3.09839999999999974E-04
3.41560999999999991E-04
3.14119999999999981E-04
7.22348999999999951E-04
4.11383999999999990E-04
4.12780999999999977E-04
4.07720999999999995E-04
3.25516999999999994E-04
3.09113999999999982E-04
3.06579000000000020E-04
3.07153000000000005E-04
3.20251999999999982E-04
3.58482999999999990E-04
3.07055999999999996E-04
3.39367999999999994E-04
3.09461000000000024E-04
3.09861999999999996E-04
3.09254999999999979E-04
3.11128999999999995E-04
3.13555999999999991E-04
3.32828999999999981E-04
3.10620000000000004E-04
3.08658999999999973E-04
3.09017000000000026E-04
3.58126000000000006E-04
3.06730999999999974E-04
3.06926000000000009E-04
3.24617999999999988E-04
3.06286999999999976E-04
3.49457999999999974E-04
3.30618999999999987E-04
3.22385000000000011E-04
3.08539999999999997E-04
3.08583999999999985E-04
3.26589000000000013E-04
3.10511999999999984E-04
3.12136999999999983E-04
3.52057999999999982E-04
3.09970000000000015E-04
3.08713000000000010E-04
3.41712999999999999E-04
3.07943999999999991E-04
3.05874999999999995E-04
3.06969999999999997E-04
3.06762999999999990E-04
3.06709000000000007E-04
3.06297999999999987E-04
3.36165999999999993E-04
3.07261000000000025E-04
3.51582000000000023E-04
3.08334000000000006E-04
3.08442000000000026E-04
3.79846999999999997E-04
8.08504000000000037E-04
4.66959999999999988E-04
4.20114999999999985E-04
4.28890000000000022E-04
4.15208000000000027E-04
4.72116000000000018E-04
3.13231000000000024E-04
3.06903999999999988E-04
3.06221999999999983E-04
3.07575999999999997E-04
3.06221999999999983E-04
3.25711999999999974E-04
3.06926000000000009E-04
3.08259000000000018E-04
3.08865000000000018E-04
3.22320000000000018E-04
3.10663999999999992E-04
3.12635000000000018E-04
3.96005000000000001E-04
3.98713999999999991E-04
4.09076000000000025E-04
4.08653999999999994E-04
3.80138999999999987E-04
3.07196999999999993E-04
3.27433000000000021E-04
3.06892999999999977E-04
3.06069999999999975E-04
3.06655000000000024E-04
3.06015999999999992E-04
3.53857000000000011E-04
3.08269000000000013E-04
3.40987000000000007E-04
3.10587999999999988E-04
3.12212999999999987E-04
3.14694000000000020E-04
3.59545000000000014E-04
3.24086000000000014E-04
3.28679000000000015E-04
3.08951000000000017E-04
3.07141999999999994E-04
3.07336999999999975E-04
3.07305000000000013E-04
3.59814999999999983E-04
3.07164000000000016E-04
3.25526999999999989E-04
3.06665999999999981E-04
3.06049000000000024E-04
3.07598000000000019E-04
3.09503999999999997E-04
4.02186000000000015E-04
4.07379999999999993E-04
3.44376999999999986E-04
3.81570000000000021E-04
4.31024999999999974E-04
3.95652000000000026E-04
4.38943999999999977E-04
4.30742999999999979E-04
4.23311000000000000E-04
4.30407000000000001E-04
4.18413999999999982E-04
4.67258000000000018E-04
4.17331000000000006E-04
4.42658999999999978E-04
4.29149999999999996E-04
4.37524000000000008E-04
4.13885000000000012E-04
4.16908999999999975E-04
4.23343999999999977E-04
4.34013999999999982E-04
4.52432000000000008E-04
4.21512000000000026E-04
4.50080000000000000E-04
4.66342000000000015E-04
4.05229000000000006E-04
4.37676999999999977E-04
4.34522999999999973E-04
4.26420000000000000E-04
4.22703999999999983E-04
4.15098999999999991E-04
4.45540999999999982E-04
4.28923000000000000E-04
4.48803000000000006E-04
4.17979999999999979E-04
4.14330000000000026E-04
4.65626999999999979E-04
4.32986000000000005E-04
4.28944000000000005E-04
4.23981999999999994E-04
4.26442000000000021E-04
4.39246999999999977E-04
4.24720000000000013E-04
4.20017000000000014E-04
4.10831000000000011E-04
4.05120999999999986E-04
4.23960999999999988E-04
4.13679999999999983E-04
4.24198999999999995E-04
4.15132000000000023E-04
4.08154999999999998E-04
4.02468000000000010E-04
4.32064000000000016E-04
4.10928000000000020E-04
4.13765999999999982E-04
4.14285999999999984E-04
4.04049000000000021E-04
4.48855999999999973E-04
4.31597999999999997E-04
4.29443000000000001E-04
4.27460000000000004E-04
4.50449000000000010E-04
4.24210000000000006E-04
4.04470999999999997E-04
4.03398000000000016E-04
4.20634999999999987E-04
3.97883999999999987E-04
4.32974999999999994E-04
4.13311999999999989E-04
4.16519000000000015E-04
4.16952000000000002E-04
4.37263999999999980E-04
4.81498000000000017E-04
4.38402000000000008E-04
4.22011000000000022E-04
4.32096999999999993E-04
4.13528999999999991E-04
4.36929000000000017E-04
4.19043000000000020E-04
4.18251999999999979E-04
4.23299999999999989E-04
4.19108000000000013E-04
4.46786999999999976E-04
4.30136999999999978E-04
4.12498999999999982E-04
4.30559000000000009E-04
4.20061000000000002E-04
4.45856000000000008E-04
4.33992999999999976E-04
4.39897000000000020E-04
4.23907000000000006E-04
4.33073000000000019E-04
4.35584999999999998E-04
4.19920000000000005E-04
4.12218000000000003E-04
4.23212999999999975E-04
4.29443000000000001E-04
4.59299999999999997E-04
4.34750999999999985E-04
4.27751999999999993E-04
4.07558999999999992E-04
4.24610999999999977E-04
4.45454999999999983E-04
4.47999999999999993E-04
4.32411000000000004E-04
4.23646999999999978E-04
4.35693999999999979E-04
4.57632000000000026E-04
4.30504000000000010E-04
4.23993000000000004E-04
4.22617999999999985E-04
4.29063999999999997E-04
4.43915999999999983E-04
4.26972999999999979E-04
4.30763999999999984E-04
4.11848999999999993E-04
4.20070999999999997E-04
4.48433999999999996E-04
6.10396000000000029E-04
6.72923999999999983E-04
4.89579999999999985E-04
3.72956999999999987E-04
3.13599000000000017E-04
3.13481000000000003E-04
3.28810000000000018E-04
3.09071000000000009E-04
3.33576999999999995E-04
3.07511000000000004E-04
3.06752999999999995E-04
3.07282999999999992E-04
3.16037000000000024E-04
3.24779999999999991E-04
3.06330000000000003E-04
3.06255000000000015E-04
3.07229000000000009E-04
3.26036999999999996E-04
3.66510000000000013E-04
3.09059999999999999E-04
3.28842999999999996E-04
4.74012000000000001E-04
3.13458999999999982E-04
3.10305999999999993E-04
3.09894000000000011E-04
3.08625999999999996E-04
3.41983999999999984E-04
3.07684999999999979E-04
5.17628000000000012E-04
3.12386000000000000E-04
3.07457000000000021E-04
3.07608000000000013E-04
3.51506000000000019E-04
3.48093000000000003E-04
3.44593999999999988E-04
3.09212000000000007E-04
3.08919000000000001E-04
3.09894000000000011E-04
3.12039999999999974E-04
3.30641000000000008E-04
3.10067000000000025E-04
3.08680999999999994E-04
3.07856999999999977E-04
3.06720000000000018E-04
4.55401000000000026E-04
3.25157999999999979E-04
3.06774000000000001E-04
3.06242999999999988E-04
3.06872000000000026E-04
5.68143000000000012E-04
3.68363000000000024E-04
3.24172999999999974E-04
3.38322000000000004E-04
3.09277000000000000E-04
3.31420000000000022E-04
3.13816000000000019E-04
3.24800999999999996E-04
3.09818000000000007E-04
3.09536999999999974E-04
3.08865000000000018E-04
3.06547000000000004E-04
3.24324999999999982E-04
3.07402000000000022E-04
3.06242999999999988E-04
3.06307999999999982E-04
3.06352000000000024E-04
3.20943999999999982E-04
3.06936000000000004E-04
3.26848999999999987E-04
3.17228999999999981E-04
3.08833000000000002E-04
3.23208999999999975E-04
3.12614000000000013E-04
3.13273999999999996E-04
3.09829999999999980E-04
3.27368999999999989E-04
3.26263999999999992E-04
3.07175000000000026E-04
3.06383999999999986E-04
3.06611999999999998E-04
3.05972000000000004E-04
3.46035000000000017E-04
4.14633000000000026E-04
3.07370000000000006E-04
3.06785000000000011E-04
3.08658999999999973E-04
3.07955000000000002E-04
3.09288000000000011E-04
3.10803999999999974E-04
3.32070000000000011E-04
3.22265999999999980E-04
3.09309999999999978E-04
3.09926999999999989E-04
3.31062999999999984E-04
3.15593000000000026E-04
3.23446999999999981E-04
3.06741999999999985E-04
3.06482000000000011E-04
3.05798999999999991E-04
3.06080999999999985E-04
5.21030000000000017E-04
3.78753000000000011E-04
4.20960000000000008E-04
4.24837999999999973E-04
4.36268000000000018E-04
4.18630999999999984E-04
4.54207999999999999E-04
4.25130999999999979E-04
4.05522999999999973E-04
4.17645000000000017E-04
4.17384999999999989E-04
4.63860999999999983E-04
4.22356999999999995E-04
4.14969000000000004E-04
4.28273000000000011E-04
4.22217000000000013E-04
3.95338999999999977E-04
3.07423999999999989E-04
3.06905000000000003E-04
3.09114999999999997E-04
3.08778000000000004E-04
3.09970000000000015E-04
3.46707000000000026E-04
3.11692999999999985E-04
3.13426000000000004E-04
3.09580000000000001E-04
3.20695000000000019E-04
3.09017000000000026E-04
3.15776999999999996E-04
3.56846999999999980E-04
3.20230000000000016E-04
3.39449000000000022E-04
3.92846999999999988E-04
3.07088999999999973E-04
3.06730999999999974E-04
3.06882999999999982E-04
3.28711999999999993E-04
3.08539999999999997E-04
3.16774000000000027E-04
3.10435999999999980E-04
3.12181000000000025E-04
3.12787000000000026E-04
3.09732000000000009E-04
3.26957000000000007E-04
3.07846999999999982E-04
3.07284000000000008E-04
3.06482000000000011E-04
3.76217999999999995E-04
4.21025000000000002E-04
5.29740000000000007E-04
4.15782000000000011E-04
4.23614000000000000E-04
4.14611000000000005E-04
4.97466000000000011E-04
4.20300000000000025E-04
4.21979000000000006E-04
4.51706000000000015E-04
4.40210999999999977E-04
4.55865999999999975E-04
4.53525999999999994E-04
4.27157000000000003E-04
4.33472999999999975E-04
4.43818999999999974E-04
4.48088000000000024E-04
4.50361999999999995E-04
4.58541999999999988E-04
4.50437999999999999E-04
4.35239000000000025E-04
4.47761999999999986E-04
4.37362000000000005E-04
4.50167999999999977E-04
4.49289999999999976E-04
4.37546999999999990E-04
4.19703000000000003E-04
4.73297000000000019E-04
4.42768000000000014E-04
4.70556000000000012E-04
4.46342999999999978E-04
4.40145999999999983E-04
4.38661999999999982E-04
4.50449000000000010E-04
4.33775999999999975E-04
4.55790000000000025E-04
4.44858999999999977E-04
4.17525999999999987E-04
4.47155999999999986E-04
5.19057999999999976E-04
4.17331000000000006E-04
4.68020999999999997E-04
4.84639999999999995E-04
5.65645000000000037E-04
4.32660999999999983E-04
4.16843000000000020E-04
8.71972999999999954E-04
5.07552999999999997E-04
4.13138000000000014E-04
4.26345000000000012E-04
4.09715000000000003E-04
4.31035000000000023E-04
4.38520999999999985E-04
4.14069999999999998E-04
4.10776999999999974E-04
5.39693999999999959E-04
3.25581000000000026E-04
3.09732000000000009E-04
3.08844000000000013E-04
3.08745999999999988E-04
3.10901999999999999E-04
3.45785999999999999E-04
3.68319999999999997E-04
3.10598999999999999E-04
3.10446999999999991E-04
3.27303999999999996E-04
3.07825000000000015E-04
3.38278999999999978E-04
3.07294000000000002E-04
3.40509999999999977E-04
3.07013000000000023E-04
3.07132000000000000E-04
3.07088000000000012E-04
3.20219000000000005E-04
3.25797999999999973E-04
3.08844000000000013E-04
3.26458000000000011E-04
3.11410999999999990E-04
3.38234999999999990E-04
3.60281000000000002E-04
3.10696000000000008E-04
3.08974000000000000E-04
4.20202000000000000E-04
4.08381999999999994E-04
4.13083999999999977E-04
4.09488000000000007E-04
4.21392999999999995E-04
4.63102999999999974E-04
4.14590000000000000E-04
4.95391999999999989E-04
4.35272000000000003E-04
4.23387000000000004E-04
4.07234000000000025E-04
4.21002999999999981E-04
4.67327000000000020E-04
3.92911999999999981E-04
3.33868999999999984E-04
3.10621000000000020E-04
4.09574000000000006E-04
4.95928999999999988E-04
4.38489000000000023E-04
4.09974999999999977E-04
4.56895000000000022E-04
4.08913000000000007E-04
4.28012999999999983E-04
4.26269000000000008E-04
4.65622000000000009E-04
4.17721000000000021E-04
4.15131000000000007E-04
4.40871999999999976E-04
4.50156000000000004E-04
4.28793000000000013E-04
4.28446000000000024E-04
4.25357999999999975E-04
3.97397000000000017E-04
4.13620999999999976E-04
3.08789000000000014E-04
3.07088000000000012E-04
3.21139999999999978E-04
3.40694000000000001E-04
3.52004000000000000E-04
3.09926999999999989E-04
4.11252999999999987E-04
4.11707999999999996E-04
4.30601999999999981E-04
4.10701000000000024E-04
4.58320000000000016E-04
4.42042999999999982E-04
4.28900999999999978E-04
4.43677999999999976E-04
4.85592999999999984E-04
4.15196000000000000E-04
4.25196000000000027E-04
4.11568000000000014E-04
4.02445999999999989E-04
3.25463000000000011E-04
3.07987999999999979E-04
4.23657999999999988E-04
4.54706999999999995E-04
4.01329000000000019E-04
4.02251000000000008E-04
4.34534999999999999E-04
4.26659000000000023E-04
4.30915999999999992E-04
4.26040999999999996E-04
4.08166000000000008E-04
4.79098999999999975E-04
4.67458000000000023E-04
4.30862000000000009E-04
4.48749000000000023E-04
4.21457999999999989E-04
3.94439000000000009E-04
3.76357999999999977E-04
3.76065999999999987E-04
3.92261999999999993E-04
3.97104000000000012E-04
3.97277999999999987E-04
3.89055000000000021E-04
4.00788000000000012E-04
4.40958999999999991E-04
4.24059000000000014E-04
4.47275000000000016E-04
4.29302000000000004E-04
5.43195000000000006E-04
4.56705000000000012E-04
4.36019000000000001E-04
4.70480000000000008E-04
4.46515999999999992E-04
4.66236000000000027E-04
4.02771000000000010E-04
4.15521999999999983E-04
4.24459000000000023E-04
4.05998999999999987E-04
4.95472999999999964E-04
5.33412000000000035E-04
4.64153999999999988E-04
4.31153999999999999E-04
4.35704999999999990E-04
4.23223999999999985E-04
4.40655999999999990E-04
4.38196000000000017E-04
3.30586000000000009E-04
3.40531999999999998E-04
3.15115999999999996E-04
3.62241999999999979E-04
4.11372000000000018E-04
5.30032999999999958E-04
4.39680999999999980E-04
4.19259000000000005E-04
4.13896999999999985E-04
5.51039000000000021E-04
5.78686000000000022E-04
4.38758999999999991E-04
4.68237999999999998E-04
3.98069000000000027E-04
6.91116999999999990E-04
4.02217999999999977E-04
4.27461000000000019E-04
4.12629000000000023E-04
4.04678000000000004E-04
4.04589999999999974E-04
4.26637000000000001E-04
9.75334000000000010E-04
3.92684999999999985E-04
3.99704999999999982E-04
4.15630000000000003E-04
3.97894999999999998E-04
3.71819000000000012E-04
3.96302999999999976E-04
3.74549000000000008E-04
3.83140000000000021E-04
5.74742999999999955E-04
3.77246000000000027E-04
3.78926000000000024E-04
3.93930999999999980E-04
4.21609999999999997E-04
4.36268000000000018E-04
4.05575999999999994E-04
4.20872999999999994E-04
4.28239999999999979E-04
4.31946000000000001E-04
3.27140999999999977E-04
3.07206999999999988E-04
3.07360000000000012E-04
3.06741999999999985E-04
3.07175000000000026E-04
3.14639999999999983E-04
3.23360999999999983E-04
3.34106999999999991E-04
3.25311000000000003E-04
3.22937999999999990E-04
3.32818999999999986E-04
3.27130999999999982E-04
3.25829999999999989E-04
3.09212000000000007E-04
3.26338999999999980E-04
3.07423999999999989E-04
3.06968999999999981E-04
3.11865999999999999E-04
3.07023999999999980E-04
3.06709000000000007E-04
3.22905000000000013E-04
3.42644000000000021E-04
3.24065000000000008E-04
3.07511000000000004E-04
3.19849999999999995E-04
3.42189000000000013E-04
4.26463000000000027E-04
6.22910999999999973E-04
5.67181000000000044E-04
3.78905000000000019E-04
3.70638000000000011E-04
4.12597000000000007E-04
4.38847000000000022E-04
4.29810999999999995E-04
4.35900000000000024E-04
4.30850999999999999E-04
4.25943000000000025E-04
4.49073999999999990E-04
4.31231000000000019E-04
6.01835000000000000E-04
4.47275000000000016E-04
4.32649000000000011E-04
4.56158999999999981E-04
4.64391999999999995E-04
4.20028000000000025E-04
4.26170999999999983E-04
4.22400999999999983E-04
4.46463000000000025E-04
4.18781999999999976E-04
4.17818999999999992E-04
4.19249000000000011E-04
4.23354999999999988E-04
4.58358000000000018E-04
4.18175999999999975E-04
4.31403999999999978E-04
4.22066000000000021E-04
4.11427000000000017E-04
4.20700999999999996E-04
4.35374999999999998E-04
4.26659000000000023E-04
4.28380999999999977E-04
4.16756000000000006E-04
4.37005000000000021E-04
4.13149000000000025E-04
5.03230000000000018E-04
4.60328999999999990E-04
4.60827000000000025E-04
4.85809999999999985E-04
4.62128000000000018E-04
4.62041000000000003E-04
4.50980000000000022E-04
4.41435000000000004E-04
4.17190000000000009E-04
3.95934999999999983E-04
4.19855000000000011E-04
4.17038000000000001E-04
4.13462999999999982E-04
4.36398000000000005E-04
4.27254000000000013E-04
3.91709000000000013E-04
4.14567999999999979E-04
4.13334000000000010E-04
4.54880000000000009E-04
4.09802000000000018E-04
4.10982000000000003E-04
4.09942000000000000E-04
4.09888000000000017E-04
4.28002000000000027E-04
4.24221000000000016E-04
4.10008000000000009E-04
4.09118999999999997E-04
7.33876999999999967E-04
4.17938000000000023E-04
4.40602000000000008E-04
3.56175000000000025E-04
3.33706999999999982E-04
3.12841000000000009E-04
3.10642000000000025E-04
3.22147000000000004E-04
3.09189999999999986E-04
3.06730000000000013E-04
3.07478000000000026E-04
3.24865999999999989E-04
3.07446000000000011E-04
3.07598000000000019E-04
7.52109999999999953E-04
7.33221000000000046E-04
4.75410000000000004E-04
3.44789999999999984E-04
3.38894999999999973E-04
4.47555999999999995E-04
4.78751999999999986E-04
4.33300000000000015E-04
4.39853999999999994E-04
4.33201999999999990E-04
4.49376999999999990E-04
4.23516999999999991E-04
4.36169999999999993E-04
4.27763000000000004E-04
4.23071999999999977E-04
4.47491000000000002E-04
4.29898000000000010E-04
4.43873000000000011E-04
4.36950999999999984E-04
4.25196000000000027E-04
4.50980000000000022E-04
4.57848999999999973E-04
4.27894000000000007E-04
4.30646000000000024E-04
4.29443000000000001E-04
4.54781999999999984E-04
4.27795999999999981E-04
4.53700000000000023E-04
4.33634999999999978E-04
4.32130000000000025E-04
4.63427999999999995E-04
4.26442000000000021E-04
4.36657999999999979E-04
4.21815999999999988E-04
4.27309000000000011E-04
4.30938000000000013E-04
4.15542999999999989E-04
6.38174000000000033E-04
1.78787600000000009E-03
6.09757000000000051E-04
8.73804000000000052E-04
5.44870000000000033E-04
4.29448000000000026E-04
5.01627000000000041E-04
4.08318000000000016E-04
4.31814999999999998E-04
4.09650000000000010E-04
4.03301000000000007E-04
3.90095000000000025E-04
4.11254000000000003E-04
3.51624999999999995E-04
4.16582999999999992E-04
3.93659999999999995E-04
4.07547999999999981E-04
4.27861999999999991E-04
4.23657000000000027E-04
4.28500000000000007E-04
4.24145999999999974E-04
4.26463000000000027E-04
4.52323000000000026E-04
4.29637999999999982E-04
4.49138999999999984E-04
4.41046000000000005E-04
4.40806999999999983E-04
4.28176000000000001E-04
4.18977000000000010E-04
4.43829999999999984E-04
4.18554999999999980E-04
4.24459999999999985E-04
4.25238999999999999E-04
4.29269999999999988E-04
4.57318000000000015E-04
4.41825999999999981E-04
4.32108000000000004E-04
5.88695999999999989E-04
4.47849000000000001E-04
5.13609000000000049E-04
4.19703000000000003E-04
4.17959999999999990E-04
4.19453999999999986E-04
4.51293999999999979E-04
3.83822000000000026E-04
3.93237000000000003E-04
3.34258999999999999E-04
3.06936000000000004E-04
3.27692999999999995E-04
3.07533000000000025E-04
4.67045999999999987E-04
4.20289000000000014E-04
4.05044999999999982E-04
3.38960999999999982E-04
3.61743999999999998E-04
3.18550000000000018E-04
3.91307999999999988E-04
3.92164999999999983E-04
3.09050000000000004E-04
3.07412999999999979E-04
3.26924999999999991E-04
3.07532000000000009E-04
3.06850000000000005E-04
3.06448999999999979E-04
3.07099999999999984E-04
3.06936000000000004E-04
3.16243000000000015E-04
3.24627999999999983E-04
3.09082000000000020E-04
3.08951999999999979E-04
3.08269999999999974E-04
3.10749999999999991E-04
4.01032000000000005E-04
3.84950000000000006E-04
4.11795000000000010E-04
4.07737999999999991E-04
3.40173999999999999E-04
4.00321999999999993E-04
3.24888000000000011E-04
3.39676000000000019E-04
4.17167999999999988E-04
3.61917000000000011E-04
3.83464999999999989E-04
3.30521999999999977E-04
3.39145000000000006E-04
4.12043999999999974E-04
4.13571000000000002E-04
4.13549999999999996E-04
4.53752999999999991E-04
4.15260999999999994E-04
4.34719000000000023E-04
4.05880000000000010E-04
3.12862999999999976E-04
3.17260999999999997E-04
3.09006000000000016E-04
3.08377999999999994E-04
3.08399000000000000E-04
3.26719000000000000E-04
3.07023000000000018E-04
3.28938999999999989E-04
3.07543000000000020E-04
3.06958000000000025E-04
3.08692000000000005E-04
3.07856999999999977E-04
3.27140999999999977E-04
3.11195000000000005E-04
3.26945999999999997E-04
3.13350000000000000E-04
3.10804999999999990E-04
3.10545000000000016E-04
3.10252000000000010E-04
3.25256000000000004E-04
3.41766999999999982E-04
3.08063000000000022E-04
3.10978000000000003E-04
3.35731999999999990E-04
3.87451999999999990E-04
4.62362999999999978E-04
1.03488800000000008E-03
4.13647000000000006E-04
3.28549999999999990E-04
3.56143000000000009E-04
3.10252000000000010E-04
3.12147999999999994E-04
3.12820000000000003E-04
3.10490000000000017E-04
3.63088000000000018E-04
5.95889999999999961E-04
4.98692000000000015E-04
4.90848000000000000E-04
4.37177999999999981E-04
4.32604000000000007E-04
4.08642000000000022E-04
3.83399999999999995E-04
3.76964999999999993E-04
4.40007999999999979E-04
4.31024000000000012E-04
5.02006000000000045E-04
7.14904999999999946E-04
3.85415000000000009E-04
4.03432000000000009E-04
4.04752999999999992E-04
3.95084999999999989E-04
3.47247999999999979E-04
3.49275000000000019E-04
4.01729999999999991E-04
4.01373000000000008E-04
4.22356999999999995E-04
4.01958000000000003E-04
3.86476999999999979E-04
4.64174999999999993E-04
3.07943999999999991E-04
3.07185999999999983E-04
3.24617999999999988E-04
3.09179999999999991E-04
3.27271000000000018E-04
3.11378000000000013E-04
3.29243000000000005E-04
3.13523999999999975E-04
3.24238000000000022E-04
3.09949000000000010E-04
3.24400999999999986E-04
3.35158000000000005E-04
3.07143000000000010E-04
3.22276999999999991E-04
3.08334000000000006E-04
3.07316000000000024E-04
3.07478999999999988E-04
3.07336999999999975E-04
3.38939000000000015E-04
4.17689000000000005E-04
3.98252999999999997E-04
4.13896000000000023E-04
4.09996999999999998E-04
4.42438000000000022E-04
4.16778000000000027E-04
4.28511000000000018E-04
4.13214000000000018E-04
4.25932999999999976E-04
4.39604999999999976E-04
4.12099000000000026E-04
4.13323000000000000E-04
5.86765999999999959E-04
3.43543999999999989E-04
3.07781999999999988E-04
3.19146000000000024E-04
3.14195000000000023E-04
3.24421999999999992E-04
3.19329999999999994E-04
3.27303999999999996E-04
3.10814999999999985E-04
3.50161999999999999E-04
3.30954000000000003E-04
3.09320999999999988E-04
3.32569000000000007E-04
3.15235000000000027E-04
3.42915000000000006E-04
3.07337999999999991E-04
3.09362999999999999E-04
3.46803999999999982E-04
3.29016000000000009E-04
3.23890999999999979E-04
3.06286999999999976E-04
3.91221999999999989E-04
3.40997000000000001E-04
3.54735000000000011E-04
3.46532999999999997E-04
3.21215000000000020E-04
3.61288999999999989E-04
4.08025000000000011E-04
3.11302000000000009E-04
3.09570000000000006E-04
3.07716999999999995E-04
3.06253999999999999E-04
4.35742999999999992E-04
5.54689000000000028E-04
4.26484999999999993E-04
4.19422000000000024E-04
3.68872000000000015E-04
3.09168000000000019E-04
3.25939000000000025E-04
3.08886999999999985E-04
3.09374000000000010E-04
3.24758000000000024E-04
3.10305999999999993E-04
3.12755000000000010E-04
3.30153000000000022E-04
3.10631999999999976E-04
3.24909999999999977E-04
3.34367999999999981E-04
3.06275000000000004E-04
3.07294000000000002E-04
3.06699000000000012E-04
3.33999000000000025E-04
3.07230000000000025E-04
3.07522000000000015E-04
3.75503000000000013E-04
3.83735999999999973E-04
3.27140999999999977E-04
3.09894999999999973E-04
3.28050999999999994E-04
3.22179000000000020E-04
3.11985999999999991E-04
3.13241000000000019E-04
3.25722000000000023E-04
3.09027000000000021E-04
3.07564999999999987E-04
3.25614000000000003E-04
3.07065999999999990E-04
3.07141999999999994E-04
3.23208000000000013E-04
3.25614000000000003E-04
3.08463999999999993E-04
3.44978999999999978E-04
3.17802000000000004E-04
3.08833000000000002E-04
3.26036999999999996E-04
3.11010000000000019E-04
3.10566000000000021E-04
3.58353000000000003E-04
3.40217999999999987E-04
3.29764000000000023E-04
3.10012999999999988E-04
3.45201000000000004E-04
3.18085000000000015E-04
3.30121000000000006E-04
2.02061800000000007E-03
4.06204999999999978E-04
4.00613999999999983E-04
3.99064999999999988E-04
4.24989999999999981E-04
3.75046999999999989E-04
3.56728000000000004E-04
3.11964000000000024E-04
3.09254999999999979E-04
3.74570999999999975E-04
4.52404000000000001E-04
4.48683999999999975E-04
4.36398000000000005E-04
4.20428999999999996E-04
4.35249999999999982E-04
4.34480000000000001E-04
4.83014999999999996E-04
4.33299000000000000E-04
4.36344000000000022E-04
4.12812999999999993E-04
4.47047000000000004E-04
4.38954999999999988E-04
4.37318999999999978E-04
4.41446999999999977E-04
4.48294000000000015E-04
4.41922999999999990E-04
4.36743999999999978E-04
4.38434999999999986E-04
4.16723999999999990E-04
4.09000000000000021E-04
4.43006999999999982E-04
4.30656000000000018E-04
4.81866000000000011E-04
4.51045000000000016E-04
4.43915999999999983E-04
4.13473999999999992E-04
6.56282000000000003E-04
4.36375999999999984E-04
4.17167999999999988E-04
4.19205000000000022E-04
4.13723000000000010E-04
4.41707000000000005E-04
4.41846999999999986E-04
4.97271999999999992E-04
3.34919999999999999E-04
4.12054999999999984E-04
4.15228999999999978E-04
4.13724000000000025E-04
4.32258999999999996E-04
4.09368000000000015E-04
4.08600000000000011E-04
4.24448999999999974E-04
4.22520000000000014E-04
4.27471000000000014E-04
4.08804000000000025E-04
4.09357000000000004E-04
4.22953000000000001E-04
4.10852000000000016E-04
4.29443000000000001E-04
4.11448000000000022E-04
4.29410000000000024E-04
4.14047999999999977E-04
4.24578000000000000E-04
4.12043999999999974E-04
4.29854999999999983E-04
4.11004000000000024E-04
4.08317000000000001E-04
4.09802000000000018E-04
4.08815999999999997E-04
4.46776999999999981E-04
4.25120000000000023E-04
4.20472000000000022E-04
4.09475999999999981E-04
4.08869999999999980E-04
4.28814000000000018E-04
4.12130999999999988E-04
4.11328999999999992E-04
4.12195999999999982E-04
4.14254000000000022E-04
4.46071999999999994E-04
4.12444999999999999E-04
4.70340000000000027E-04
4.09682000000000026E-04
4.09248999999999984E-04
4.28424000000000003E-04
4.10353999999999981E-04
4.08675000000000000E-04
4.08132999999999977E-04
4.09596000000000027E-04
4.26701999999999995E-04
4.45835000000000003E-04
4.25781000000000022E-04
4.10473000000000012E-04
4.12629000000000023E-04
4.42290999999999984E-04
4.14957999999999994E-04
4.15466999999999985E-04
4.48346999999999982E-04
4.09574000000000006E-04
4.09856000000000001E-04
4.40937999999999985E-04
4.08827000000000008E-04
4.06996000000000018E-04
3.97407000000000012E-04
3.97049999999999975E-04
4.25867000000000021E-04
4.05034999999999987E-04
4.21133999999999983E-04
4.02402000000000001E-04
4.58638999999999998E-04
4.30710000000000001E-04
4.15283000000000015E-04
4.13679999999999983E-04
4.11134000000000011E-04
4.19681999999999998E-04
4.71920999999999983E-04
4.29149999999999996E-04
4.27568000000000024E-04
4.64403000000000005E-04
4.44957000000000002E-04
4.35043999999999991E-04
4.21047000000000023E-04
4.12953999999999990E-04
4.17559000000000018E-04
4.18034999999999978E-04
4.46235000000000013E-04
4.15889999999999977E-04
4.20623999999999976E-04
4.30102999999999985E-04
4.28022999999999978E-04
4.70101000000000004E-04
4.21859999999999976E-04
4.19746999999999991E-04
4.22573999999999996E-04
4.35476999999999978E-04
5.74915999999999969E-04
4.35314000000000013E-04
4.40179000000000015E-04
3.82024000000000014E-04
3.07880000000000013E-04
3.27781000000000025E-04
3.07078000000000017E-04
3.08562000000000018E-04
3.22189999999999976E-04
3.08583999999999985E-04
3.10164999999999996E-04
3.12743999999999999E-04
3.30359000000000013E-04
3.29384000000000003E-04
3.25246000000000009E-04
3.09330999999999983E-04
3.07326999999999980E-04
3.06991000000000002E-04
3.17889000000000019E-04
3.25278000000000025E-04
3.07000999999999997E-04
3.06027000000000003E-04
3.06568000000000010E-04
4.58109000000000001E-04
4.46115999999999982E-04
3.36404000000000000E-04
3.08865000000000018E-04
3.10176000000000006E-04
3.44951999999999986E-04
3.14043999999999977E-04
3.10901999999999999E-04
3.09732000000000009E-04
3.22276999999999991E-04
3.06882999999999982E-04
3.26490999999999988E-04
3.07501000000000009E-04
3.07294000000000002E-04
3.06924999999999993E-04
3.33241000000000017E-04
3.07349000000000001E-04
3.07814000000000004E-04
3.88670999999999993E-04
3.09265999999999990E-04
3.09233000000000012E-04
3.11281000000000003E-04
3.72501999999999979E-04
4.29519000000000005E-04
3.50910000000000013E-04
3.41735000000000021E-04
3.09764000000000025E-04
3.38234999999999990E-04
3.28637000000000005E-04
4.04764000000000003E-04
3.92078000000000023E-04
3.77214000000000011E-04
3.10370999999999987E-04
3.17293999999999974E-04
3.07358999999999996E-04
3.08995000000000005E-04
3.28507000000000018E-04
3.09330999999999983E-04
3.11204999999999999E-04
3.77593000000000015E-04
4.14622999999999977E-04
3.46349999999999989E-04
3.61418999999999976E-04
3.73520000000000015E-04
3.89640000000000017E-04
3.43511000000000012E-04
3.07023999999999980E-04
3.58808000000000011E-04
3.26372000000000012E-04
7.71720999999999952E-04
5.56390000000000031E-04
6.02219999999999991E-04
4.28511000000000018E-04
4.21339000000000013E-04
3.76337000000000026E-04
3.11422000000000001E-04
3.16436999999999979E-04
3.12287999999999975E-04
4.10201999999999973E-04
3.78134999999999984E-04
4.65003999999999982E-04
4.14504000000000001E-04
4.21297000000000002E-04
4.21078999999999985E-04
4.50990999999999979E-04
4.16746000000000011E-04
4.18338999999999994E-04
4.23570999999999974E-04
4.32595999999999990E-04
4.51437000000000008E-04
4.84477999999999992E-04
4.12304000000000002E-04
4.12130999999999988E-04
4.56578000000000019E-04
4.18013000000000011E-04
4.38240000000000005E-04
3.15624999999999988E-04
3.37356999999999989E-04
3.44128999999999984E-04
3.07206999999999988E-04
3.07781999999999988E-04
3.06265000000000009E-04
3.24671000000000009E-04
3.06850000000000005E-04
3.07370000000000006E-04
3.06600999999999987E-04
3.16990000000000013E-04
3.09113999999999982E-04
3.09277000000000000E-04
4.40441000000000020E-04
3.40606999999999987E-04
3.12711000000000022E-04
2.23701700000000000E-03
4.15933000000000004E-04
4.07905000000000019E-04
4.31523000000000009E-04
4.83317999999999996E-04
4.06194000000000021E-04
4.09389999999999982E-04
4.05684999999999976E-04
4.10159000000000001E-04
4.44607000000000021E-04
4.09032999999999999E-04
4.09802000000000018E-04
4.58468999999999977E-04
4.19855000000000011E-04
4.17277000000000023E-04
4.15435000000000023E-04
4.15555000000000015E-04
4.33483999999999985E-04
4.12553000000000019E-04
4.11871000000000014E-04
4.25196000000000027E-04
4.09596000000000027E-04
4.62366000000000025E-04
4.10073000000000002E-04
4.09596000000000027E-04
3.20499999999999984E-04
3.06699000000000012E-04
3.06850000000000005E-04
3.26665000000000017E-04
3.09764999999999986E-04
3.11075000000000013E-04
3.11226000000000005E-04
3.12418999999999978E-04
3.13056999999999995E-04
3.19276000000000011E-04
3.29448999999999996E-04
3.08985000000000011E-04
3.06827999999999984E-04
3.06145000000000017E-04
3.60323999999999974E-04
4.83344999999999988E-04
5.14665999999999995E-04
4.89146999999999998E-04
4.37958000000000010E-04
3.42459999999999997E-04
3.34422000000000018E-04
3.08920000000000017E-04
3.08225999999999986E-04
3.11128999999999995E-04
3.13155000000000020E-04
3.13003999999999973E-04
3.10631000000000015E-04
3.42941999999999997E-04
3.09200999999999996E-04
3.07674000000000023E-04
3.07673000000000007E-04
3.07629999999999980E-04
3.17110000000000005E-04
3.26176999999999977E-04
3.06882999999999982E-04
3.20826000000000021E-04
3.36350000000000017E-04
3.61267999999999984E-04
3.28841999999999980E-04
3.33815000000000001E-04
3.11162000000000027E-04
3.12050999999999984E-04
3.13144000000000009E-04
3.44875999999999982E-04
3.72653000000000025E-04
3.51483999999999998E-04
3.27130000000000021E-04
3.07489999999999999E-04
3.07511000000000004E-04
3.06114000000000017E-04
3.06448999999999979E-04
3.06416000000000002E-04
3.05832000000000022E-04
3.35082000000000001E-04
3.21931000000000018E-04
3.09157000000000008E-04
3.19969000000000026E-04
3.10122000000000024E-04
3.12538000000000009E-04
3.30543999999999998E-04
4.03745000000000004E-04
3.99899000000000001E-04
3.78362999999999996E-04
4.03588000000000026E-04
3.64668999999999974E-04
3.69880000000000003E-04
3.67984000000000019E-04
3.91916000000000020E-04
4.24871000000000005E-04
4.12130999999999988E-04
4.11448000000000022E-04
4.33809000000000007E-04
4.11924999999999997E-04
4.31349999999999995E-04
4.13334000000000010E-04
4.14188999999999974E-04
4.12921999999999974E-04
4.22899999999999979E-04
4.30363000000000013E-04
4.08989000000000011E-04
4.09920999999999994E-04
4.09076000000000025E-04
4.10136999999999980E-04
4.43478000000000025E-04
4.11675000000000018E-04
4.41381000000000022E-04
4.36409000000000016E-04
4.21686000000000001E-04
4.66092999999999998E-04
4.25379999999999996E-04
4.26279000000000003E-04
4.24566999999999989E-04
4.34567000000000015E-04
4.54922999999999981E-04
4.23440999999999987E-04
4.06832999999999999E-04
4.47995999999999985E-04
4.06551000000000004E-04
4.27623000000000022E-04
4.24145000000000012E-04
4.36689999999999995E-04
4.23322000000000010E-04
4.35434000000000006E-04
4.05219000000000011E-04
3.20672999999999998E-04
3.18885999999999996E-04
3.27606999999999996E-04
3.09665999999999999E-04
3.10521999999999979E-04
3.12721999999999978E-04
3.33045999999999982E-04
3.82706999999999980E-04
4.02884000000000000E-04
3.08528999999999986E-04
3.07890000000000008E-04
3.58623999999999987E-04
4.28174999999999986E-04
4.37432999999999984E-04
4.22444000000000010E-04
4.27557000000000013E-04
4.30494000000000016E-04
4.26235999999999976E-04
4.53201000000000027E-04
4.32075999999999988E-04
4.48001000000000009E-04
4.34881000000000026E-04
4.44654000000000002E-04
4.55476000000000015E-04
4.33700000000000025E-04
4.35801999999999999E-04
4.49820999999999988E-04
4.52756999999999975E-04
4.27157000000000003E-04
4.62376000000000020E-04
4.14274999999999973E-04
3.17087999999999984E-04
3.06244000000000004E-04
3.06720000000000018E-04
3.26198999999999999E-04
3.07792999999999999E-04
3.08507999999999981E-04
3.08703000000000016E-04
3.10631000000000015E-04
3.12807999999999977E-04
3.12862000000000014E-04
3.27942999999999974E-04
3.74116000000000021E-04
3.72187000000000006E-04
3.91937000000000025E-04
4.19952999999999982E-04
4.57078999999999992E-04
4.84283000000000012E-04
3.80399000000000015E-04
3.07381000000000017E-04
3.77366000000000019E-04
4.44549999999999991E-04
4.13494999999999998E-04
4.27959000000000000E-04
4.18999999999999993E-04
4.18034999999999978E-04
4.29572999999999988E-04
4.20840999999999978E-04
4.21598999999999986E-04
4.48715999999999991E-04
4.16875999999999998E-04
4.40493000000000026E-04
4.33711999999999997E-04
4.19735999999999981E-04
4.21750999999999994E-04
4.45694000000000006E-04
4.54165000000000027E-04
4.54361000000000023E-04
4.18750000000000014E-04
4.17331000000000006E-04
4.07114999999999994E-04
4.07330999999999980E-04
4.40753000000000000E-04
4.07082000000000017E-04
4.09031999999999983E-04
4.26355000000000007E-04
4.10983000000000019E-04
4.29595000000000009E-04
4.05750000000000023E-04
4.09379000000000025E-04
4.12814000000000009E-04
4.17635000000000022E-04
4.27275999999999980E-04
7.63420000000000006E-04
4.07244999999999981E-04
3.51571000000000012E-04
4.25357999999999975E-04
4.12282999999999996E-04
4.09964000000000021E-04
4.11675000000000018E-04
4.44924000000000025E-04
4.11978999999999980E-04
4.18554999999999980E-04
4.28121000000000003E-04
4.20061000000000002E-04
4.53482000000000006E-04
4.10526999999999995E-04
4.11481000000000000E-04
4.09823000000000023E-04
4.09964000000000021E-04
3.30326999999999997E-04
3.20619999999999976E-04
3.07738000000000000E-04
3.20857999999999983E-04
3.35971000000000013E-04
3.09341999999999994E-04
3.78557999999999976E-04
3.28366000000000020E-04
3.13513000000000019E-04
3.11052999999999991E-04
3.39004000000000009E-04
3.48504999999999984E-04
3.38819999999999985E-04
3.26156000000000026E-04
3.07272999999999997E-04
3.26351000000000007E-04
3.06352000000000024E-04
3.06135000000000023E-04
3.06882999999999982E-04
3.06882000000000021E-04
3.26090000000000017E-04
3.08930000000000012E-04
3.10252000000000010E-04
3.10739999999999996E-04
3.24216000000000001E-04
3.16502999999999988E-04
3.19535999999999985E-04
3.39979999999999981E-04
3.08290000000000018E-04
3.06979999999999992E-04
8.95853999999999965E-04
6.17235000000000049E-04
4.11502000000000005E-04
4.08989000000000011E-04
4.12563999999999975E-04
4.37339999999999984E-04
4.22227000000000008E-04
4.28218000000000012E-04
4.27427000000000026E-04
4.25499000000000027E-04
5.09437999999999970E-04
4.29302000000000004E-04
4.46722999999999999E-04
5.69433999999999956E-04
4.27450000000000009E-04
4.47686999999999998E-04
4.22314999999999984E-04
4.44414000000000018E-04
4.98462999999999988E-04
5.14811000000000001E-04
4.44166000000000016E-04
4.68540999999999999E-04
4.74423999999999983E-04
4.26787999999999994E-04
5.15558999999999961E-04
4.37525000000000023E-04
4.38207999999999989E-04
4.36516999999999981E-04
4.37438000000000009E-04
5.75804999999999980E-04
4.45768999999999994E-04
4.66818999999999990E-04
4.44782999999999973E-04
9.20506999999999988E-04
4.38337000000000015E-04
4.49214000000000026E-04
8.27318999999999971E-04
4.02303999999999975E-04
4.00289000000000016E-04
4.10797999999999979E-04
4.32182999999999992E-04
4.31285000000000002E-04
4.17666999999999984E-04
4.00994000000000003E-04
4.06194000000000021E-04
4.29279999999999983E-04
4.20537999999999977E-04
4.22650000000000001E-04
4.34295999999999977E-04
4.41132000000000004E-04
4.61532000000000012E-04
4.62679999999999981E-04
4.03809999999999998E-04
4.06703000000000012E-04
4.04992000000000015E-04
4.37070000000000015E-04
4.10267000000000021E-04
4.06139999999999984E-04
4.24730000000000008E-04
4.07991999999999979E-04
4.31382000000000011E-04
4.23939999999999983E-04
4.15824999999999984E-04
4.09985999999999988E-04
4.14178000000000018E-04
4.52409999999999987E-04
4.11978999999999980E-04
4.02304999999999991E-04
4.04548000000000017E-04
4.13961000000000016E-04
4.74499000000000025E-04
4.42052999999999977E-04
4.34457999999999980E-04
4.11090000000000023E-04
4.26117000000000000E-04
4.31296000000000012E-04
4.16453000000000005E-04
4.27785000000000025E-04
1.06989099999999990E-03
7.01787999999999956E-04
4.14492999999999990E-04
4.23463000000000008E-04
4.14384000000000009E-04
4.24177999999999990E-04
4.27904000000000001E-04
4.12812999999999993E-04
4.05825999999999973E-04
4.03442000000000004E-04
4.18392000000000015E-04
4.62540000000000000E-04
4.39789000000000000E-04
4.64944999999999974E-04
4.27589999999999990E-04
4.05674000000000019E-04
4.31761000000000015E-04
4.15738000000000023E-04
4.11566999999999998E-04
4.13094999999999988E-04
4.18024999999999983E-04
4.33028000000000015E-04
4.27092000000000010E-04
4.12033000000000017E-04
4.22769999999999993E-04
4.00203000000000017E-04
4.38499999999999979E-04
4.21491000000000021E-04
4.19281000000000027E-04
4.17439000000000026E-04
4.14936000000000027E-04
4.28987999999999993E-04
4.28717000000000009E-04
4.24480999999999990E-04
4.25520999999999994E-04
5.11236999999999998E-04
4.39886000000000010E-04
4.16702999999999984E-04
4.12649999999999974E-04
4.12584999999999981E-04
4.09237999999999974E-04
4.39648000000000003E-04
4.10073000000000002E-04
4.09389999999999982E-04
4.09909999999999984E-04
4.09151000000000013E-04
4.48532000000000021E-04
4.12304000000000002E-04
4.29681000000000008E-04
4.12846000000000025E-04
4.22259999999999986E-04
4.33018000000000021E-04
4.14188999999999974E-04
4.14199999999999985E-04
4.12942999999999980E-04
4.11437000000000011E-04
4.10765000000000002E-04
4.28738000000000014E-04
4.24242999999999983E-04
4.10591999999999988E-04
4.20200999999999984E-04
4.10267000000000021E-04
4.28446999999999986E-04
4.09638999999999999E-04
4.10299999999999998E-04
4.10029000000000014E-04
4.11416000000000006E-04
4.30808000000000026E-04
4.12553000000000019E-04
4.39236999999999982E-04
4.14372999999999998E-04
4.12704000000000011E-04
4.31327999999999974E-04
4.09909999999999984E-04
5.97969999999999969E-04
4.29443000000000001E-04
4.21025000000000002E-04
4.23364999999999983E-04
4.23886000000000000E-04
4.09412000000000003E-04
4.33710999999999982E-04
4.17396000000000000E-04
4.25619000000000019E-04
4.01253000000000015E-04
3.98188000000000003E-04
4.26290000000000013E-04
4.08652999999999979E-04
4.04265000000000006E-04
4.35032999999999980E-04
3.98035999999999995E-04
4.04059999999999977E-04
4.03864999999999997E-04
4.10201999999999973E-04
4.59938999999999975E-04
4.17266000000000013E-04
4.15652000000000024E-04
4.14622000000000016E-04
4.08208999999999981E-04
4.38164000000000001E-04
4.13755999999999987E-04
4.14881999999999990E-04
4.18424999999999993E-04
4.16799999999999994E-04
4.38716999999999981E-04
4.25065999999999986E-04
4.31696999999999984E-04
4.13919000000000006E-04
4.24307999999999977E-04
4.37514000000000013E-04
4.13235000000000024E-04
4.04297999999999984E-04
4.11578000000000009E-04
4.10517000000000000E-04
4.42031000000000010E-04
1.06138700000000001E-03
4.44545000000000020E-04
4.54057000000000007E-04
3.09894000000000011E-04
3.10241000000000000E-04
3.11768999999999989E-04
3.13956000000000001E-04
3.13393999999999988E-04
3.30271999999999998E-04
3.09785999999999991E-04
3.72187000000000006E-04
3.07932999999999981E-04
3.06947000000000014E-04
3.20943999999999982E-04
3.07099999999999984E-04
3.24128999999999986E-04
3.07305000000000013E-04
3.06038000000000013E-04
3.07023000000000018E-04
3.08300999999999974E-04
3.08779000000000020E-04
3.07878999999999998E-04
3.28203000000000002E-04
3.12656999999999985E-04
3.12938999999999980E-04
3.09634999999999999E-04
3.52405999999999987E-04
3.08541000000000013E-04
3.07132000000000000E-04
3.24574000000000000E-04
3.07132000000000000E-04
3.06720000000000018E-04
3.06535999999999994E-04
3.10500999999999974E-04
3.15300000000000020E-04
3.06634000000000019E-04
3.26058000000000001E-04
3.11757999999999979E-04
3.39859999999999988E-04
3.12147999999999994E-04
3.13350000000000000E-04
3.13567000000000002E-04
3.10326999999999999E-04
3.29557999999999978E-04
3.09189999999999986E-04
3.07099000000000022E-04
3.06503000000000016E-04
3.07109999999999978E-04
3.06655000000000024E-04
3.06027000000000003E-04
5.12968999999999947E-04
4.16485000000000021E-04
4.17060000000000022E-04
4.22899000000000018E-04
4.04358000000000007E-04
3.57345999999999977E-04
4.52853999999999984E-04
4.20038999999999981E-04
4.25554000000000026E-04
4.34426000000000018E-04
4.72809999999999995E-04
4.23223999999999985E-04
4.31079000000000011E-04
4.24534999999999973E-04
4.25402000000000018E-04
4.44903000000000019E-04
4.19529999999999990E-04
4.16994999999999974E-04
4.19931000000000015E-04
4.53579999999999977E-04
4.50026999999999979E-04
4.12942999999999980E-04
4.23636000000000021E-04
4.28629999999999994E-04
4.29995999999999981E-04
4.77429999999999988E-04
4.28067000000000020E-04
4.32540999999999991E-04
4.42497999999999991E-04
4.27374000000000005E-04
4.48207000000000000E-04
4.20820000000000027E-04
4.41033999999999979E-04
4.21198999999999977E-04
4.16963000000000012E-04
4.38327000000000020E-04
4.20950000000000013E-04
4.58650000000000008E-04
4.30277000000000014E-04
4.20872999999999994E-04
4.35272000000000003E-04
3.28593000000000017E-04
4.94357999999999972E-04
4.28315999999999983E-04
4.59288999999999986E-04
5.04455000000000008E-04
2.17226099999999998E-03
5.76552000000000032E-04
7.96137000000000038E-04
4.23007999999999999E-04
3.65774000000000025E-04
4.16712999999999979E-04
4.12639999999999979E-04
4.16496999999999994E-04
4.14513999999999996E-04
4.22487999999999998E-04
4.38045000000000025E-04
4.01980000000000024E-04
4.03474000000000020E-04
4.01556999999999977E-04
4.38770000000000002E-04
4.22021999999999979E-04
3.99443999999999993E-04
3.97710999999999974E-04
3.96140000000000012E-04
3.96627999999999998E-04
4.21707000000000006E-04
3.96574000000000015E-04
4.04145999999999976E-04
3.98946000000000012E-04
4.52495999999999985E-04
4.25141999999999990E-04
4.03354999999999990E-04
4.22499000000000008E-04
4.27719999999999977E-04
4.22844999999999981E-04
4.16994999999999974E-04
4.33776999999999991E-04
4.11503000000000021E-04
4.48163000000000012E-04
4.30471999999999994E-04
4.10787000000000023E-04
4.28456000000000019E-04
4.31479999999999982E-04
4.09107999999999987E-04
4.09865999999999996E-04
4.08425999999999982E-04
4.28456999999999981E-04
4.10711999999999980E-04
4.46732999999999993E-04
4.12997000000000017E-04
4.13138999999999976E-04
4.32681999999999988E-04
4.14016000000000015E-04
4.13128000000000020E-04
4.11426000000000001E-04
4.25747999999999990E-04
4.27764000000000020E-04
4.45822999999999977E-04
4.10700000000000008E-04
4.09195000000000001E-04
4.08446999999999988E-04
4.28683999999999977E-04
4.09065000000000015E-04
4.10050999999999981E-04
4.09757999999999976E-04
4.10701000000000024E-04
4.26582000000000003E-04
4.54415000000000006E-04
4.29496999999999984E-04
4.14188999999999974E-04
4.11340000000000002E-04
4.12022000000000007E-04
4.27416999999999977E-04
4.06734999999999974E-04
4.23787999999999975E-04
4.22703999999999983E-04
4.63818000000000010E-04
4.65767000000000015E-04
4.17470999999999988E-04
4.26094999999999979E-04
4.27210999999999986E-04
4.40915000000000003E-04
4.54933999999999992E-04
4.07592000000000024E-04
3.35819000000000005E-04
3.13047000000000000E-04
3.82750000000000006E-04
3.45439000000000011E-04
3.10414000000000013E-04
3.42059000000000026E-04
3.97982000000000012E-04
4.06118000000000017E-04
4.01600000000000004E-04
4.21219999999999982E-04
4.05099999999999981E-04
4.21663999999999980E-04
4.26841999999999977E-04
4.21068999999999990E-04
4.31142999999999988E-04
4.13637000000000011E-04
4.09833999999999980E-04
4.20396999999999980E-04
3.88411000000000019E-04
3.65168000000000025E-04
3.57973999999999998E-04
3.09233000000000012E-04
3.08680999999999994E-04
3.52967999999999999E-04
3.45277000000000008E-04
3.22027999999999974E-04
3.36253000000000008E-04
3.15214000000000022E-04
3.06828999999999999E-04
3.06720000000000018E-04
3.25905999999999993E-04
3.08465000000000009E-04
5.52289999999999986E-04
4.13734000000000020E-04
4.66470999999999986E-04
4.14946999999999983E-04
4.55897999999999991E-04
4.13961999999999978E-04
4.54680000000000004E-04
4.11090000000000023E-04
3.74267000000000013E-04
3.08734999999999977E-04
3.07423999999999989E-04
3.25299999999999992E-04
3.41636999999999995E-04
3.07033999999999974E-04
3.06699000000000012E-04
3.06514000000000027E-04
3.08572999999999974E-04
3.12147999999999994E-04
3.25061000000000024E-04
3.10673999999999987E-04
3.12829999999999998E-04
3.12938000000000018E-04
3.09622999999999973E-04
3.09374000000000010E-04
3.08486000000000014E-04
3.52004000000000000E-04
3.20836999999999978E-04
3.06785000000000011E-04
3.06503999999999978E-04
3.76423000000000025E-04
3.85045999999999999E-04
3.32243999999999986E-04
3.07360000000000012E-04
3.07694999999999974E-04
3.07770999999999978E-04
3.08410000000000010E-04
3.09612000000000017E-04
3.21508000000000026E-04
3.29437999999999986E-04
3.09960000000000021E-04
3.08800000000000025E-04
3.07305000000000013E-04
3.06503999999999978E-04
3.06623000000000008E-04
3.06177999999999995E-04
3.24204999999999990E-04
3.26534999999999976E-04
3.06850000000000005E-04
3.06514000000000027E-04
3.06318999999999992E-04
5.37567999999999987E-04
3.99749000000000024E-04
3.30803000000000011E-04
3.11204999999999999E-04
3.13165999999999976E-04
4.34540000000000024E-04
4.26983999999999990E-04
4.28197000000000007E-04
4.28425000000000019E-04
4.25185000000000016E-04
4.72019000000000008E-04
4.18068000000000009E-04
4.37405999999999993E-04
4.20103999999999974E-04
4.21350000000000023E-04
4.44187999999999983E-04
4.23971999999999999E-04
4.23451999999999997E-04
4.22748000000000026E-04
4.58021999999999986E-04
4.38943999999999977E-04
4.20495000000000005E-04
4.23095000000000014E-04
4.14395000000000019E-04
4.24903000000000021E-04
4.33678000000000004E-04
4.31100000000000016E-04
4.15607999999999982E-04
4.53362999999999976E-04
4.15532999999999994E-04
4.37621999999999978E-04
4.10602999999999999E-04
4.10332999999999976E-04
4.09421999999999998E-04
4.09638999999999999E-04
4.41002000000000017E-04
4.15121000000000012E-04
4.42551000000000012E-04
4.12380000000000006E-04
4.24406000000000002E-04
5.34507000000000038E-04
4.18750000000000014E-04
4.19605999999999994E-04
4.20049999999999992E-04
4.22000000000000012E-04
4.40373999999999995E-04
4.29161000000000006E-04
4.58779999999999995E-04
4.14014999999999999E-04
4.12304000000000002E-04
3.27389999999999994E-04
3.08690999999999989E-04
3.08453999999999998E-04
3.08745999999999988E-04
3.10608999999999994E-04
3.13403999999999983E-04
3.38017999999999988E-04
3.37789999999999976E-04
3.55861000000000014E-04
3.07619000000000024E-04
3.06827999999999984E-04
3.06686999999999986E-04
3.06861000000000015E-04
3.06872000000000026E-04
3.24854999999999979E-04
3.07250999999999976E-04
3.06892999999999977E-04
3.06947999999999976E-04
3.08301999999999990E-04
3.08865000000000018E-04
3.09330999999999983E-04
3.68091999999999985E-04
3.11930999999999992E-04
3.26416000000000000E-04
3.10360999999999992E-04
3.10132999999999980E-04
3.09027999999999983E-04
3.22764000000000015E-04
3.08637000000000006E-04
3.06968999999999981E-04
3.06634000000000019E-04
3.06156999999999989E-04
3.06448999999999979E-04
3.48483000000000018E-04
3.30586000000000009E-04
3.09050000000000004E-04
3.08844000000000013E-04
3.27694000000000010E-04
3.10469000000000012E-04
3.68428999999999979E-04
3.34064000000000019E-04
3.28561000000000001E-04
3.09623999999999989E-04
3.08204000000000019E-04
3.07337999999999991E-04
3.06569000000000026E-04
3.53337000000000009E-04
3.07663000000000012E-04
3.24379000000000019E-04
3.07175000000000026E-04
3.06644000000000014E-04
3.06774000000000001E-04
3.08399000000000000E-04
3.24877000000000000E-04
3.19428000000000019E-04
3.30618999999999987E-04
3.11020999999999975E-04
3.13555999999999991E-04
3.53716000000000013E-04
3.09938000000000000E-04
3.07543000000000020E-04
3.24572999999999984E-04
3.07012000000000008E-04
3.06633000000000003E-04
3.06633000000000003E-04
3.06417000000000017E-04
3.06090999999999980E-04
3.06253999999999999E-04
3.23772000000000003E-04
3.08194000000000024E-04
3.08658999999999973E-04
3.36739999999999978E-04
3.10534000000000005E-04
3.12538000000000009E-04
3.51744999999999987E-04
3.40000999999999986E-04
3.09200999999999996E-04
3.09265999999999990E-04
3.06806000000000017E-04
3.06676999999999991E-04
3.06579999999999982E-04
3.05756000000000018E-04
3.23078999999999988E-04
3.07282999999999992E-04
3.36175999999999988E-04
3.06861000000000015E-04
3.08452999999999982E-04
3.08702000000000000E-04
3.26448000000000016E-04
3.28149000000000019E-04
3.12494000000000020E-04
3.12742999999999984E-04
4.58530999999999978E-04
4.04384999999999998E-04
3.20348999999999992E-04
3.69619999999999975E-04
3.07804000000000009E-04
3.06861000000000015E-04
3.06524999999999983E-04
3.06816999999999973E-04
3.22482999999999982E-04
3.06610999999999982E-04
3.26675000000000012E-04
3.09254999999999979E-04
3.09981000000000026E-04
3.08377999999999994E-04
3.10490000000000017E-04
3.12679000000000006E-04
3.43966000000000020E-04
3.33630000000000016E-04
3.09960000000000021E-04
3.08377999999999994E-04
3.07446000000000011E-04
3.06438000000000023E-04
3.06752999999999995E-04
3.06438000000000023E-04
3.23608999999999984E-04
3.06981000000000007E-04
3.06947000000000014E-04
3.07088000000000012E-04
3.08236999999999997E-04
3.17034000000000001E-04
3.08301999999999990E-04
3.27802999999999992E-04
3.18062999999999994E-04
3.55903999999999986E-04
3.57345000000000015E-04
3.09038999999999993E-04
3.07997999999999974E-04
3.25115000000000007E-04
3.07305000000000013E-04
3.06903999999999988E-04
3.07413999999999995E-04
3.38798000000000018E-04
3.07185999999999983E-04
3.07153000000000005E-04
3.25029000000000008E-04
3.08159999999999977E-04
3.08658999999999973E-04
3.27584999999999975E-04
3.10122000000000024E-04
3.13220000000000013E-04
3.13306000000000012E-04
3.39328999999999976E-04
3.09667000000000015E-04
3.09103000000000025E-04
4.82028999999999975E-04
4.14416000000000025E-04
4.30612999999999992E-04
4.16681000000000018E-04
4.53878000000000007E-04
4.11187999999999994E-04
4.10679000000000003E-04
4.10094000000000008E-04
4.31056999999999990E-04
4.21295999999999986E-04
4.26572000000000008E-04
4.12770000000000021E-04
4.13810000000000024E-04
4.33527000000000012E-04
4.12368999999999995E-04
4.09021000000000026E-04
4.09335999999999999E-04
4.09509999999999974E-04
4.38912000000000015E-04
4.10181000000000022E-04
4.08869000000000018E-04
4.08773000000000025E-04
4.10126999999999985E-04
4.27037000000000011E-04
4.35314000000000013E-04
3.95631000000000021E-04
3.08724000000000021E-04
3.09309000000000016E-04
3.11323999999999976E-04
3.22147000000000004E-04
3.31854000000000025E-04
3.10349000000000020E-04
3.10035000000000009E-04
3.09277000000000000E-04
3.06892999999999977E-04
3.06352000000000024E-04
3.25234999999999999E-04
3.25136999999999974E-04
3.07164999999999977E-04
3.06882999999999982E-04
3.39989999999999975E-04
4.16702000000000023E-04
3.42785000000000019E-04
3.28549999999999990E-04
7.50418999999999999E-04
3.15635999999999998E-04
3.16828000000000010E-04
3.13685999999999978E-04
3.44719000000000004E-04
3.63845000000000010E-04
3.29675999999999992E-04
3.07250999999999976E-04
3.79521999999999976E-04
3.26187999999999988E-04
3.34422000000000018E-04
3.07792999999999999E-04
3.06861000000000015E-04
3.18464000000000019E-04
3.29643999999999977E-04
3.08248000000000007E-04
3.11010000000000019E-04
3.53455999999999985E-04
3.36544999999999997E-04
3.29178000000000012E-04
3.71407999999999992E-04
3.44475000000000011E-04
3.20847000000000027E-04
3.28690000000000026E-04
3.56370000000000005E-04
3.83453999999999978E-04
3.46868999999999975E-04
3.07381000000000017E-04
3.06221000000000021E-04
3.38939000000000015E-04
3.06600999999999987E-04
3.06547000000000004E-04
3.59132999999999978E-04
3.08810999999999981E-04
3.08821999999999992E-04
3.09808000000000013E-04
3.36392999999999989E-04
3.12277000000000019E-04
3.12829999999999998E-04
3.08345000000000017E-04
3.48332000000000025E-04
3.18657999999999984E-04
3.18756000000000009E-04
3.25570999999999977E-04
3.69337999999999980E-04
3.57724999999999981E-04
3.26968000000000018E-04
3.06751999999999980E-04
3.06417000000000017E-04
3.29155999999999991E-04
6.23797000000000045E-04
4.51748999999999987E-04
4.80750000000000003E-04
3.12298999999999986E-04
4.66601999999999989E-04
4.45789999999999999E-04
4.25467000000000011E-04
4.16799999999999994E-04
4.18186999999999986E-04
4.62587999999999997E-04
3.88211000000000014E-04
3.88404999999999979E-04
3.86000000000000004E-04
3.87310999999999992E-04
4.43602000000000026E-04
3.84895000000000007E-04
4.01958000000000003E-04
3.86845999999999989E-04
3.86942999999999998E-04
3.93010000000000006E-04
4.11296999999999976E-04
3.91372999999999981E-04
3.89390999999999999E-04
3.87712000000000018E-04
4.25953999999999981E-04
4.28618999999999984E-04
4.18175999999999975E-04
4.17775000000000004E-04
4.17980999999999995E-04
4.38846000000000006E-04
4.36592999999999985E-04
4.18283999999999995E-04
4.39625999999999982E-04
4.54392000000000023E-04
3.46165000000000004E-04
3.07922999999999986E-04
3.28094999999999982E-04
3.11292000000000014E-04
3.12170000000000015E-04
3.09461000000000024E-04
3.08400000000000015E-04
5.81628000000000049E-04
4.30493000000000000E-04
4.20775999999999984E-04
4.66340999999999999E-04
4.14384000000000009E-04
4.45422000000000005E-04
3.67919999999999988E-04
3.21084999999999979E-04
3.26599000000000008E-04
3.16513999999999999E-04
3.20196999999999984E-04
3.09071000000000009E-04
3.41852999999999981E-04
3.95501999999999995E-04
3.65492999999999992E-04
3.09959000000000005E-04
3.09440000000000019E-04
3.08810999999999981E-04
3.26403999999999974E-04
3.09743000000000019E-04
3.07598000000000019E-04
3.07240000000000020E-04
3.07044999999999985E-04
3.07196999999999993E-04
3.07219000000000014E-04
3.30401999999999985E-04
3.15332999999999998E-04
3.30477999999999989E-04
3.08692000000000005E-04
3.87516999999999983E-04
3.88211000000000014E-04
3.45189999999999993E-04
3.10793000000000018E-04
3.14974999999999999E-04
3.75317999999999973E-04
3.40964999999999986E-04
3.07804000000000009E-04
3.07250999999999976E-04
3.35396000000000012E-04
3.07956000000000017E-04
3.06817999999999989E-04
3.07230000000000025E-04
3.17672999999999979E-04
3.08063999999999983E-04
3.08193000000000009E-04
3.26782999999999978E-04
3.32666999999999978E-04
3.12797999999999982E-04
3.12429000000000027E-04
5.53790999999999984E-04
4.16756000000000006E-04
3.98416000000000015E-04
3.96378999999999980E-04
3.99813000000000002E-04
3.13209000000000003E-04
3.26730000000000011E-04
3.06069999999999975E-04
3.06568000000000010E-04
3.06893999999999993E-04
3.06892999999999977E-04
3.06861000000000015E-04
3.08539999999999997E-04
3.37042999999999978E-04
3.11086000000000023E-04
3.12894999999999992E-04
3.25831000000000005E-04
3.09829000000000018E-04
3.08844000000000013E-04
3.08084999999999989E-04
3.24974000000000009E-04
3.07120999999999989E-04
3.06764000000000006E-04
3.06796000000000022E-04
3.05842999999999979E-04
3.23804999999999980E-04
3.58265999999999988E-04
3.73585000000000009E-04
3.09254999999999979E-04
3.09894999999999973E-04
3.09557999999999979E-04
3.11303000000000025E-04
3.88686999999999973E-04
4.58482000000000019E-04
4.42930999999999978E-04
4.36192000000000014E-04
4.29822000000000006E-04
4.40038000000000018E-04
4.10538000000000005E-04
4.15803000000000017E-04
4.15869000000000026E-04
4.13159999999999981E-04
4.40080999999999990E-04
4.20341999999999981E-04
4.10755000000000007E-04
4.15576000000000020E-04
5.03934000000000044E-04
5.00748999999999986E-04
4.21318000000000007E-04
5.10131000000000039E-04
3.84397000000000026E-04
3.79683999999999979E-04
4.20895000000000015E-04
4.17384999999999989E-04
4.31630999999999974E-04
4.37242999999999974E-04
4.09627999999999989E-04
4.09454999999999975E-04
3.48949999999999998E-04
3.40379999999999990E-04
4.29107000000000024E-04
4.30494000000000016E-04
4.52560999999999979E-04
4.36408000000000000E-04
3.89390999999999999E-04
3.85664000000000026E-04
3.30283000000000009E-04
3.13014999999999984E-04
3.48125999999999980E-04
3.73941999999999992E-04
3.49405000000000006E-04
3.18247000000000018E-04
3.07792999999999999E-04
3.07154000000000021E-04
3.37476999999999981E-04
3.21518999999999982E-04
3.18918999999999973E-04
3.40152999999999994E-04
3.12223999999999998E-04
3.10100000000000002E-04
3.09244000000000023E-04
3.36653000000000017E-04
3.10717000000000014E-04
3.51192000000000008E-04
4.18577000000000001E-04
3.81969999999999977E-04
3.09113999999999982E-04
3.11757999999999979E-04
3.54289999999999998E-04
3.12256000000000014E-04
3.50163000000000015E-04
4.30212000000000021E-04
3.28420000000000003E-04
3.07336999999999975E-04
3.08335000000000022E-04
3.08084999999999989E-04
3.26328999999999985E-04
3.11616999999999981E-04
3.09883000000000001E-04
3.11789999999999995E-04
3.24736000000000003E-04
3.33727999999999987E-04
3.13578000000000012E-04
3.27271000000000018E-04
3.29860999999999978E-04
3.12494999999999982E-04
3.49361000000000018E-04
3.99889000000000006E-04
3.20217999999999989E-04
3.07120999999999989E-04
3.66748999999999981E-04
3.12374999999999990E-04
3.52253999999999979E-04
3.47487000000000002E-04
3.17803000000000020E-04
3.09926999999999989E-04
3.29513999999999990E-04
3.15906999999999983E-04
3.14824000000000007E-04
3.09850999999999985E-04
3.22720999999999989E-04
3.09299000000000021E-04
3.11984999999999975E-04
3.23827000000000002E-04
3.32763999999999987E-04
3.51939000000000006E-04
3.06893999999999993E-04
3.08248000000000007E-04
3.07282999999999992E-04
3.68318999999999981E-04
4.05348999999999998E-04
3.31117000000000022E-04
3.08974000000000000E-04
3.16157000000000016E-04
3.17477999999999998E-04
3.29113000000000018E-04
3.29123999999999975E-04
3.94374000000000016E-04
3.10673999999999987E-04
3.06589999999999977E-04
3.06979999999999992E-04
3.42231999999999985E-04
5.20005000000000033E-04
4.14936999999999988E-04
4.15997999999999997E-04
4.06139000000000023E-04
3.85230999999999985E-04
4.35693999999999979E-04
4.34165999999999990E-04
4.47686999999999998E-04
4.29844000000000027E-04
4.18133000000000003E-04
4.50883000000000013E-04
4.44511999999999989E-04
4.48075999999999997E-04
4.14536000000000017E-04
4.54825000000000010E-04
4.15249999999999983E-04
4.02434999999999978E-04
4.13366000000000026E-04
4.04840000000000007E-04
3.88611000000000024E-04
4.07213000000000019E-04
4.35910999999999981E-04
3.98468999999999982E-04
4.27124999999999987E-04
4.47860000000000012E-04
4.14677000000000014E-04
4.42648999999999983E-04
3.62128000000000027E-04
3.95948000000000025E-04
3.79377999999999985E-04
3.74738000000000003E-04
3.75868999999999975E-04
3.78117999999999987E-04
4.00709000000000015E-04
3.75379000000000012E-04
3.85327999999999994E-04
3.78968999999999996E-04
3.91648999999999990E-04
3.94127999999999991E-04
3.77208000000000025E-04
3.82169000000000020E-04
3.85427999999999997E-04
3.85519000000000020E-04
3.79228000000000009E-04
4.03409000000000027E-04
3.84268000000000001E-04
3.74409000000000027E-04
3.79228000000000009E-04
3.77359000000000017E-04
4.01969000000000013E-04
3.73847999999999975E-04
3.75048000000000005E-04
3.91458999999999980E-04
1.15965100000000004E-03
4.79271000000000026E-04
3.89558999999999988E-04
4.26049000000000013E-04
3.97359999999999977E-04
3.82068000000000002E-04
3.71678999999999976E-04
3.03225999999999973E-04
3.28038000000000006E-04
3.72367999999999983E-04
3.04017000000000013E-04
3.00967000000000021E-04
3.04547000000000010E-04
2.97926000000000007E-04
3.11347000000000013E-04
2.90126999999999996E-04
3.17986999999999990E-04
2.95757000000000008E-04
3.00145999999999996E-04
2.92666999999999981E-04
3.01897000000000027E-04
3.52828000000000017E-04
3.12377000000000021E-04
2.99286000000000007E-04
3.58747999999999988E-04
3.59448000000000005E-04
3.84548000000000019E-04
3.81219000000000024E-04
4.01158999999999999E-04
3.78798000000000014E-04
3.82609000000000009E-04
4.35149999999999979E-04
3.89189000000000017E-04
4.15734000000000015E-04
3.77418000000000024E-04
3.92398999999999981E-04
3.93768999999999977E-04
4.13159000000000020E-04
3.97179000000000000E-04
3.91768999999999982E-04
7.11881000000000037E-04
3.97308999999999987E-04
3.92198999999999976E-04
3.82778999999999975E-04
7.03681999999999962E-04
4.65420999999999988E-04
4.13389000000000009E-04
3.96109000000000012E-04
4.23058999999999989E-04
3.77879000000000019E-04
3.81679000000000003E-04
3.88848000000000015E-04
4.76671000000000017E-04
3.81308999999999977E-04
3.84167999999999999E-04
3.86308999999999991E-04
3.85978999999999999E-04
5.68441999999999949E-04
3.84478000000000001E-04
3.80268999999999974E-04
4.06018999999999976E-04
3.79428000000000014E-04
5.39281999999999978E-04
3.24117000000000014E-04
3.66458000000000007E-04
3.89648999999999996E-04
4.29758999999999990E-04
4.13628999999999993E-04
3.94039000000000000E-04
3.97948999999999981E-04
3.94867999999999988E-04
3.95897999999999996E-04
4.20510000000000024E-04
4.19168999999999998E-04
6.31784000000000035E-04
4.84270000000000024E-04
4.15190000000000014E-04
3.94839000000000019E-04
1.91586600000000001E-03
4.38250000000000000E-04
3.78578000000000020E-04
3.76998999999999986E-04
3.85037999999999982E-04
4.15469999999999978E-04
3.08046000000000025E-04
2.98856000000000013E-04
3.01546999999999991E-04
3.07926999999999995E-04
4.10904000000000022E-04
3.36898000000000026E-04
3.19277000000000026E-04
3.06476999999999986E-04
3.08046999999999987E-04
3.31506999999999982E-04
3.55968000000000018E-04
3.32387999999999976E-04
2.95895999999999974E-04
2.99066999999999974E-04
2.89106000000000020E-04
3.40017999999999983E-04
3.93289000000000008E-04
4.12979000000000005E-04
3.93308999999999998E-04
3.86528999999999985E-04
4.51950000000000008E-04
3.85708999999999976E-04
3.83167999999999974E-04
3.93289000000000008E-04
3.89668999999999985E-04
3.68752999999999984E-04
3.96908999999999977E-04
3.84958999999999985E-04
3.98038000000000027E-04
3.91409000000000006E-04
4.10679000000000003E-04
3.95417999999999974E-04
3.92928999999999978E-04
3.93889000000000023E-04
4.15938999999999990E-04
4.20809999999999977E-04
4.16148999999999989E-04
3.98028999999999993E-04
3.94508999999999973E-04
3.93199000000000001E-04
4.12249000000000003E-04
3.97149000000000015E-04
4.02199000000000003E-04
4.02889000000000025E-04
4.12370000000000011E-04
4.08828999999999985E-04
3.85488000000000020E-04
3.86589000000000008E-04
3.74588000000000026E-04
3.88128000000000008E-04
4.05519000000000018E-04
3.85268999999999987E-04
3.86259000000000016E-04
4.03199000000000027E-04
4.02568999999999974E-04
4.05099000000000019E-04
3.92378999999999992E-04
3.86938999999999990E-04
3.93448000000000018E-04
3.93619000000000000E-04
4.12559000000000005E-04
3.91189000000000012E-04
4.06799000000000006E-04
4.04689999999999976E-04
3.97828000000000027E-04
4.06690000000000025E-04
3.95789000000000015E-04
3.96747999999999990E-04
3.83667999999999986E-04
3.88379000000000003E-04
4.17958999999999974E-04
3.83769000000000005E-04
4.51659999999999996E-04
3.93438999999999985E-04
4.00409000000000008E-04
9.07225000000000002E-04
4.23385000000000027E-04
3.30387000000000020E-04
2.99586999999999976E-04
3.37968000000000014E-04
2.89275999999999986E-04
3.38337999999999985E-04
2.83705999999999997E-04
2.83786000000000010E-04
2.96006999999999987E-04
3.06317000000000015E-04
3.83608999999999979E-04
2.96456000000000009E-04
2.96946999999999988E-04
2.98687000000000008E-04
3.67408000000000003E-04
3.53097999999999986E-04
3.50558000000000000E-04
4.17873999999999991E-04
4.98710999999999989E-04
4.21454999999999996E-04
4.29450000000000003E-04
3.89078000000000004E-04
3.96609000000000024E-04
3.99549000000000020E-04
3.89809000000000021E-04
4.49375000000000013E-04
3.71007999999999982E-04
3.81649000000000018E-04
3.76967999999999986E-04
3.80629000000000004E-04
3.93589000000000016E-04
3.31007000000000024E-04
3.03756999999999985E-04
2.97087000000000024E-04
2.92236000000000026E-04
3.88908999999999999E-04
4.07119000000000003E-04
4.03678999999999995E-04
4.05278999999999980E-04
3.92888999999999999E-04
3.77799000000000006E-04
4.50142000000000001E-04
4.24410000000000011E-04
3.11936999999999978E-04
3.90377999999999982E-04
3.98058999999999978E-04
3.04196999999999974E-04
3.21766999999999984E-04
3.74678999999999995E-04
4.01158999999999999E-04
4.20602000000000009E-04
3.97879000000000017E-04
3.88088999999999990E-04
3.41617000000000006E-04
4.94460999999999967E-04
3.34828000000000014E-04
3.10046999999999981E-04
3.23797000000000017E-04
3.02606999999999985E-04
3.00026000000000004E-04
3.25738000000000004E-04
3.31406999999999980E-04
2.97876999999999994E-04
3.02747000000000020E-04
3.86848000000000020E-04
4.07269999999999995E-04
5.43406999999999983E-04
5.91328000000000014E-04
5.14621000000000045E-04
5.33160999999999986E-04
4.04448999999999976E-04
5.87783000000000034E-04
4.44759999999999990E-04
3.90119000000000023E-04
8.17237999999999971E-04
4.70755000000000002E-04
4.32929999999999990E-04
4.06748999999999978E-04
4.09358999999999982E-04
3.79938999999999982E-04
4.12158999999999995E-04
3.74278999999999985E-04
4.07929000000000017E-04
3.96558999999999996E-04
3.76887999999999973E-04
3.97579000000000010E-04
4.10049000000000004E-04
3.93738999999999992E-04
3.74419000000000021E-04
3.94409000000000025E-04
4.01449000000000012E-04
3.75497999999999988E-04
4.03349000000000004E-04
3.73899000000000020E-04
3.90987999999999991E-04
3.76357999999999977E-04
4.03158999999999993E-04
3.74959000000000013E-04
4.23329000000000012E-04
4.07219000000000005E-04
3.99908999999999996E-04
3.84509000000000001E-04
3.79897999999999987E-04
4.01979000000000008E-04
3.95507999999999982E-04
3.88548000000000008E-04
3.94888999999999993E-04
3.73318999999999995E-04
3.99677999999999991E-04
3.67918000000000010E-04
4.17489000000000000E-04
8.81669999999999980E-04
4.48584999999999989E-04
4.32335000000000000E-04
4.89811000000000044E-04
4.27205000000000000E-04
4.04149000000000023E-04
4.27054000000000008E-04
3.98089000000000017E-04
4.17054999999999997E-04
4.38440000000000010E-04
4.03009000000000017E-04
3.90078999999999990E-04
3.81308000000000016E-04
4.08689000000000003E-04
4.07289999999999985E-04
3.98819000000000018E-04
3.95528000000000025E-04
3.90508999999999984E-04
4.02579000000000023E-04
3.93379000000000016E-04
3.89639000000000001E-04
3.92718999999999978E-04
3.90408000000000020E-04
4.52250000000000015E-04
3.97879000000000017E-04
3.90208000000000015E-04
3.86899000000000010E-04
3.90959000000000022E-04
4.07419000000000010E-04
3.95108999999999988E-04
3.89238999999999991E-04
3.75018000000000020E-04
4.11889000000000027E-04
4.01168999999999994E-04
3.87378999999999979E-04
4.00109000000000001E-04
3.99818999999999988E-04
6.06698000000000025E-04
4.91566000000000030E-04
4.92857999999999990E-04
4.11909000000000016E-04
3.89909000000000024E-04
5.01423999999999989E-04
3.80519000000000007E-04
3.77297999999999978E-04
3.79377999999999985E-04
2.99935999999999996E-04
3.02926999999999981E-04
2.83425999999999980E-04
2.95407000000000026E-04
2.83066000000000003E-04
3.14167999999999978E-04
2.83256000000000013E-04
2.83896000000000007E-04
3.01566999999999981E-04
2.85845999999999973E-04
2.84427000000000020E-04
2.86535999999999996E-04
2.88547000000000001E-04
2.89116000000000015E-04
2.86296999999999973E-04
3.01315999999999986E-04
2.84596999999999986E-04
3.10387000000000022E-04
2.83456000000000018E-04
2.97327000000000008E-04
2.83935999999999987E-04
2.83597000000000016E-04
3.00245999999999998E-04
2.83717000000000008E-04
2.94815999999999991E-04
2.85336999999999982E-04
2.84936000000000011E-04
2.85026999999999980E-04
3.03156000000000009E-04
2.89186999999999994E-04
3.17507000000000021E-04
2.85896000000000002E-04
2.85826999999999999E-04
2.85615999999999984E-04
2.84027000000000010E-04
2.99156000000000020E-04
2.99756999999999997E-04
2.83066000000000003E-04
2.83367000000000026E-04
2.83325999999999977E-04
3.42837999999999986E-04
4.12569000000000000E-04
4.61470999999999973E-04
3.98668999999999987E-04
4.18419000000000007E-04
4.66349999999999979E-04
3.97389000000000000E-04
3.87178999999999974E-04
3.04857000000000012E-04
3.24427000000000016E-04
3.11316999999999974E-04
3.00096999999999983E-04
3.53378000000000004E-04
3.03487000000000017E-04
2.90586000000000013E-04
3.01116999999999997E-04
3.20147000000000010E-04
3.01336999999999992E-04
3.02527000000000026E-04
3.08876999999999991E-04
3.00877000000000013E-04
2.97835999999999999E-04
3.37287999999999987E-04
4.43780000000000010E-04
4.03449000000000006E-04
4.03209000000000022E-04
4.02379000000000018E-04
4.26239000000000023E-04
3.93128000000000021E-04
3.98329000000000001E-04
3.93978999999999976E-04
3.97218999999999979E-04
4.29030000000000004E-04
3.99579000000000004E-04
3.92959000000000017E-04
4.04528999999999989E-04
4.23398999999999976E-04
4.22290000000000024E-04
4.13259000000000022E-04
4.05209000000000016E-04
3.98389000000000024E-04
4.14619000000000023E-04
4.06590000000000022E-04
3.84448000000000016E-04
3.83549000000000010E-04
3.79267999999999988E-04
3.78629000000000010E-04
3.94439000000000009E-04
3.78468000000000023E-04
3.99849000000000027E-04
3.77938999999999988E-04
3.89437999999999980E-04
3.95008999999999985E-04
3.79559000000000016E-04
3.80348000000000025E-04
3.79698999999999998E-04
3.81018000000000003E-04
5.41847000000000032E-04
3.93197999999999985E-04
4.01088999999999981E-04
3.86029000000000027E-04
4.10704000000000017E-04
3.87629000000000012E-04
3.89268999999999976E-04
3.81708999999999987E-04
3.72067999999999976E-04
3.97928999999999991E-04
3.79768000000000000E-04
3.92039000000000005E-04
4.01749000000000019E-04
3.83629000000000023E-04
3.93028999999999980E-04
3.81118000000000006E-04
3.96868999999999998E-04
4.24669999999999985E-04
3.96209000000000014E-04
4.11399000000000009E-04
3.93079000000000009E-04
3.95189000000000000E-04
3.73138000000000018E-04
3.89358999999999983E-04
3.98419000000000008E-04
3.88218999999999977E-04
3.95018000000000018E-04
4.07450000000000011E-04
3.90157999999999987E-04
4.07429000000000005E-04
3.87417999999999996E-04
3.96849000000000008E-04
3.94368999999999991E-04
3.90859000000000020E-04
4.12268999999999993E-04
3.99899000000000001E-04
3.95438999999999979E-04
3.89888999999999980E-04
4.10229000000000019E-04
4.07319000000000008E-04
4.19539999999999985E-04
3.77248000000000004E-04
3.77279000000000004E-04
3.89227999999999981E-04
4.03358999999999998E-04
3.69219000000000003E-04
3.80757999999999975E-04
3.69058999999999978E-04
3.73177999999999997E-04
4.09499000000000017E-04
3.93599000000000010E-04
3.87009000000000008E-04
3.77148000000000001E-04
3.42957999999999978E-04
3.79649000000000024E-04
3.93817999999999989E-04
3.79359000000000011E-04
4.00958999999999994E-04
3.86508999999999995E-04
3.92508000000000017E-04
3.80878000000000022E-04
3.97708999999999997E-04
4.04919000000000004E-04
6.15424000000000049E-04
4.13669000000000027E-04
3.72629000000000027E-04
3.77267999999999994E-04
3.73279000000000015E-04
4.03219000000000017E-04
3.64927999999999986E-04
3.57077999999999985E-04
3.88579000000000008E-04
3.99068999999999997E-04
3.95249000000000023E-04
3.79357999999999996E-04
3.77789000000000011E-04
3.77607999999999980E-04
3.86748999999999980E-04
3.93999000000000020E-04
3.77648000000000014E-04
3.76959000000000007E-04
3.78657999999999979E-04
3.77758000000000011E-04
3.79858000000000008E-04
4.15909000000000005E-04
3.82968999999999985E-04
3.82899000000000021E-04
4.75800000000000018E-04
3.83188999999999980E-04
3.80248000000000023E-04
2.83417000000000001E-04
2.83095999999999988E-04
2.83166000000000006E-04
3.00867000000000018E-04
3.00657000000000018E-04
2.94986000000000011E-04
2.83176000000000001E-04
2.83066000000000003E-04
2.96277000000000010E-04
2.84575999999999980E-04
2.99566999999999987E-04
2.86455999999999983E-04
2.88827000000000018E-04
2.89055999999999992E-04
2.86486999999999983E-04
2.85425999999999974E-04
4.43784999999999980E-04
4.61764999999999994E-04
3.18426999999999979E-04
3.70018000000000007E-04
3.85639000000000012E-04
4.27433999999999974E-04
3.98519000000000011E-04
3.69199000000000014E-04
4.07099000000000013E-04
3.90149000000000008E-04
4.15869000000000026E-04
3.93308999999999998E-04
3.91318999999999998E-04
4.28738999999999976E-04
4.04709000000000004E-04
4.12939999999999987E-04
3.91437999999999975E-04
3.93929000000000002E-04
4.18929999999999975E-04
4.09058999999999974E-04
3.66778000000000004E-04
3.13466999999999999E-04
3.47147999999999977E-04
3.03526999999999996E-04
3.00037000000000014E-04
3.48958000000000016E-04
3.72877999999999990E-04
3.73707999999999994E-04
3.52667999999999992E-04
4.23419999999999981E-04
4.06098999999999989E-04
3.99359000000000010E-04
4.15308999999999991E-04
3.87978999999999993E-04
3.88318999999999980E-04
4.33910000000000025E-04
4.02609000000000007E-04
4.01728999999999975E-04
3.77208000000000025E-04
4.59905999999999998E-04
3.95128999999999977E-04
1.13923499999999994E-03
3.88567999999999997E-04
3.89258999999999981E-04
3.17847000000000008E-04
2.97596999999999977E-04
3.15296999999999973E-04
2.95327000000000014E-04
2.98365999999999996E-04
2.96067000000000010E-04
3.13096999999999974E-04
2.96616999999999996E-04
2.99676000000000022E-04
3.03946999999999995E-04
2.86857000000000008E-04
2.95796000000000025E-04
2.95937000000000023E-04
3.40057000000000000E-04
3.74887999999999979E-04
3.95059000000000013E-04
3.80888000000000016E-04
3.92098999999999974E-04
3.80519000000000007E-04
3.79567999999999995E-04
3.96568999999999991E-04
3.78148999999999987E-04
4.03029000000000007E-04
3.80668000000000022E-04
3.75738999999999988E-04
4.24548999999999977E-04
3.84118999999999986E-04
4.05749000000000008E-04
3.86059000000000012E-04
3.81338000000000000E-04
4.00158999999999975E-04
3.89038999999999986E-04
3.93049000000000024E-04
3.87959000000000004E-04
3.73348000000000018E-04
3.75028999999999977E-04
4.13748999999999985E-04
3.99339000000000020E-04
1.34976499999999995E-03
6.57640000000000026E-04
3.83437999999999997E-04
3.82148000000000015E-04
3.87859000000000001E-04
3.77748000000000016E-04
3.94888999999999993E-04
4.02369000000000023E-04
3.99928999999999985E-04
3.31816999999999984E-04
3.37927000000000019E-04
3.50448000000000003E-04
3.26307000000000018E-04
3.24548000000000024E-04
3.67188000000000009E-04
3.86979000000000023E-04
3.74657999999999990E-04
3.81549000000000016E-04
4.12168999999999990E-04
3.79068999999999999E-04
3.78598000000000010E-04
3.77398999999999996E-04
3.85838000000000001E-04
3.11847000000000025E-04
3.15356999999999996E-04
3.05257000000000022E-04
2.99397000000000020E-04
3.43267999999999980E-04
2.94056000000000005E-04
3.11537000000000023E-04
2.96817000000000001E-04
2.92707000000000015E-04
2.98815999999999980E-04
2.97437000000000005E-04
2.93926999999999980E-04
2.96326000000000022E-04
3.21627000000000002E-04
3.70249000000000012E-04
3.66768000000000009E-04
3.67217999999999993E-04
3.66477999999999997E-04
3.89578999999999978E-04
3.71399000000000013E-04
3.69588000000000013E-04
3.90759000000000017E-04
3.70098000000000020E-04
3.99469000000000007E-04
4.15525999999999992E-04
3.91318999999999998E-04
3.81879000000000008E-04
3.85437999999999992E-04
4.13120000000000002E-04
4.55183000000000009E-04
2.85915999999999991E-04
2.86396999999999975E-04
2.84585999999999975E-04
2.93847000000000021E-04
3.04806999999999984E-04
3.11447000000000015E-04
2.83966000000000025E-04
2.82936000000000016E-04
2.82906999999999994E-04
2.83486000000000003E-04
2.84516000000000012E-04
2.85336999999999982E-04
3.00626000000000018E-04
2.87365999999999999E-04
2.87776000000000004E-04
3.09027000000000021E-04
3.37858000000000017E-04
2.86035999999999983E-04
3.01627000000000004E-04
2.83886999999999974E-04
2.83285999999999998E-04
2.86865999999999987E-04
2.83216999999999996E-04
2.85566000000000010E-04
2.83576000000000010E-04
2.99876999999999989E-04
2.83617000000000005E-04
2.85405999999999984E-04
3.16656999999999974E-04
2.97776999999999992E-04
2.86845999999999998E-04
2.89636999999999978E-04
3.04916999999999981E-04
2.85976000000000014E-04
2.85845999999999973E-04
2.85487000000000013E-04
2.83546000000000026E-04
3.65767999999999985E-04
3.74099000000000024E-04
3.86909000000000005E-04
3.99378999999999999E-04
3.73688000000000004E-04
3.66307999999999977E-04
3.64427999999999974E-04
4.11720000000000022E-04
3.74787999999999977E-04
3.72508999999999980E-04
3.74137999999999988E-04
3.94549000000000006E-04
4.06909000000000003E-04
4.14248999999999997E-04
3.83447999999999992E-04
3.80548999999999991E-04
3.79387999999999980E-04
3.96178999999999976E-04
3.77948999999999982E-04
3.79738000000000016E-04
3.77659000000000024E-04
3.77738000000000021E-04
4.24049000000000019E-04
3.78608000000000004E-04
3.81019000000000019E-04
3.92337999999999997E-04
3.80009000000000000E-04
4.17993999999999983E-04
3.74767999999999987E-04
3.75597999999999991E-04
3.74088000000000014E-04
3.70579000000000004E-04
4.04889000000000019E-04
3.63767999999999991E-04
3.73968000000000022E-04
3.68968000000000009E-04
3.74327999999999998E-04
3.84889000000000021E-04
3.48797999999999990E-04
3.04007000000000019E-04
3.47667000000000017E-04
4.28094999999999973E-04
3.72488999999999991E-04
3.92638000000000004E-04
3.81808999999999990E-04
3.81849000000000023E-04
3.82077999999999997E-04
3.70418000000000017E-04
3.90777999999999991E-04
3.70388999999999994E-04
3.70218000000000012E-04
3.81628999999999974E-04
3.67808000000000013E-04
3.88449000000000021E-04
3.87957999999999988E-04
3.69189000000000019E-04
4.07009000000000006E-04
2.83855999999999974E-04
2.84996999999999996E-04
2.84885999999999983E-04
2.85485999999999997E-04
3.54257999999999982E-04
3.00716999999999987E-04
2.89936999999999986E-04
2.91685999999999985E-04
2.85177000000000011E-04
2.85356000000000010E-04
2.82775999999999991E-04
2.99066999999999974E-04
2.84006000000000005E-04
2.95706999999999979E-04
2.83476000000000008E-04
2.82906999999999994E-04
2.83425999999999980E-04
2.82985999999999991E-04
3.45607000000000000E-04
2.85597000000000010E-04
2.85405999999999984E-04
2.86566999999999996E-04
3.35676999999999991E-04
2.90817000000000018E-04
2.85246000000000013E-04
3.16336999999999977E-04
2.85096999999999998E-04
2.83855999999999974E-04
2.83776000000000015E-04
2.87157000000000016E-04
3.07387000000000003E-04
3.79418000000000019E-04
4.34079999999999991E-04
3.87158999999999984E-04
4.36378999999999977E-04
3.82699000000000017E-04
2.84946000000000006E-04
2.85766999999999976E-04
2.87475999999999997E-04
3.04286999999999982E-04
3.12526999999999998E-04
3.04107000000000021E-04
2.86286000000000017E-04
2.84857000000000014E-04
3.49468000000000023E-04
3.45367999999999977E-04
2.84006000000000005E-04
2.83456000000000018E-04
2.83997000000000025E-04
2.83786000000000010E-04
2.91416999999999978E-04
3.07027000000000027E-04
2.83925999999999992E-04
3.56298000000000010E-04
2.85505999999999987E-04
2.86786999999999990E-04
2.89206000000000023E-04
2.88486999999999977E-04
3.19126999999999996E-04
2.85085999999999987E-04
2.83886999999999974E-04
2.83566000000000016E-04
2.83075999999999998E-04
2.82777000000000007E-04
2.82975999999999996E-04
3.29826999999999985E-04
2.83456000000000018E-04
2.86696000000000021E-04
2.83256999999999975E-04
3.51197999999999994E-04
3.16516999999999992E-04
3.08617000000000017E-04
2.89155999999999994E-04
3.10366999999999978E-04
3.07016999999999978E-04
2.87246000000000007E-04
2.98196999999999991E-04
2.93627000000000026E-04
2.98815999999999980E-04
2.83056000000000009E-04
2.82746000000000006E-04
4.76691000000000007E-04
4.66370999999999984E-04
3.79687999999999987E-04
3.80509000000000012E-04
3.79838000000000018E-04
3.96969000000000000E-04
3.93738999999999992E-04
3.72168999999999994E-04
3.77927999999999977E-04
3.84289000000000006E-04
3.94449000000000004E-04
3.70308000000000020E-04
3.75248000000000009E-04
3.69627999999999992E-04
3.76088000000000008E-04
3.70539000000000025E-04
4.00648999999999992E-04
3.85798000000000022E-04
3.71538999999999995E-04
3.82517999999999986E-04
3.65419000000000019E-04
3.89498000000000004E-04
3.90178999999999992E-04
3.76348999999999998E-04
4.20848999999999995E-04
4.01139000000000009E-04
3.95848999999999984E-04
3.94329000000000012E-04
3.92009000000000021E-04
4.08404000000000015E-04
3.73368000000000007E-04
3.89888999999999980E-04
3.89909000000000024E-04
4.20848999999999995E-04
3.89328999999999999E-04
4.00309000000000006E-04
3.89219000000000002E-04
3.91488000000000003E-04
4.13669999999999988E-04
3.88108000000000019E-04
1.60444600000000004E-03
6.26973999999999978E-04
3.89927999999999998E-04
3.88259000000000011E-04
3.91568999999999977E-04
5.03843000000000021E-04
3.77078999999999999E-04
3.73018000000000026E-04
4.51582999999999976E-04
4.26989999999999976E-04
3.90879000000000009E-04
4.40293999999999983E-04
3.85388999999999979E-04
4.16568999999999989E-04
3.84697999999999995E-04
3.91758999999999987E-04
3.88779000000000013E-04
3.91968000000000026E-04
4.23271000000000020E-04
3.84889000000000021E-04
3.81328000000000005E-04
3.83158999999999995E-04
4.32780000000000014E-04
4.06029000000000025E-04
3.92429000000000020E-04
4.53220000000000001E-04
4.13658999999999978E-04
4.02648999999999987E-04
4.67120999999999975E-04
4.01928999999999980E-04
4.02348999999999979E-04
4.24448999999999974E-04
5.19951000000000050E-04
3.87439000000000002E-04
1.22045500000000006E-03
4.71304999999999988E-04
3.85368999999999989E-04
3.84448000000000016E-04
3.93128999999999983E-04
3.90669000000000010E-04
3.44597999999999996E-04
3.48568000000000001E-04
3.85278000000000020E-04
3.96129000000000002E-04
3.86999000000000013E-04
4.03829000000000026E-04
4.04489000000000010E-04
3.76078000000000013E-04
3.28906999999999973E-04
2.83625999999999984E-04
3.00157000000000006E-04
3.02337000000000016E-04
2.85415999999999979E-04
3.11667000000000010E-04
3.52667999999999992E-04
2.99107000000000008E-04
2.86596000000000019E-04
3.15876999999999998E-04
3.07917000000000000E-04
2.83617000000000005E-04
2.86276000000000022E-04
2.85976999999999976E-04
2.83166000000000006E-04
3.01686999999999973E-04
2.99396000000000005E-04
2.83136999999999983E-04
2.82885999999999988E-04
2.95127000000000009E-04
2.84606000000000019E-04
2.85085999999999987E-04
3.07575999999999997E-04
3.95599000000000005E-04
3.77059000000000010E-04
3.76628000000000000E-04
3.75989000000000022E-04
3.79397999999999975E-04
2.85477000000000018E-04
3.21226999999999993E-04
2.83566000000000016E-04
5.47806999999999981E-04
4.30168999999999994E-04
5.29252000000000021E-04
3.97958999999999976E-04
3.89737999999999988E-04
3.90559000000000012E-04
3.21697000000000020E-04
2.91477000000000001E-04
3.28246999999999990E-04
2.89496999999999997E-04
3.65088000000000012E-04
3.01497000000000017E-04
3.03016999999999989E-04
2.84496000000000022E-04
3.14552000000000007E-04
2.84516000000000012E-04
2.88276999999999978E-04
3.90137999999999997E-04
3.79869000000000018E-04
4.13689000000000016E-04
3.21666999999999982E-04
2.91916999999999990E-04
2.91557000000000014E-04
2.84665999999999988E-04
3.03797000000000019E-04
2.96436000000000019E-04
3.00467000000000008E-04
2.95547000000000008E-04
3.05726999999999995E-04
2.91196000000000022E-04
2.85526999999999992E-04
3.24197000000000027E-04
3.55517999999999980E-04
2.96187000000000002E-04
2.93186000000000022E-04
2.82936999999999978E-04
2.83195999999999990E-04
3.04916999999999981E-04
2.87526000000000025E-04
2.84957000000000016E-04
3.25716999999999999E-04
3.11347000000000013E-04
2.86396000000000014E-04
3.14236999999999980E-04
3.58837999999999996E-04
2.87116999999999982E-04
2.85016000000000024E-04
2.83466999999999975E-04
2.83386000000000000E-04
8.21292999999999958E-04
4.25378999999999981E-04
3.80178000000000005E-04
2.98027000000000025E-04
3.48397999999999980E-04
4.24889000000000018E-04
4.26270000000000023E-04
4.00209000000000003E-04
6.70970000000000008E-04
5.08265999999999948E-04
4.12359000000000000E-04
3.02767000000000010E-04
2.92136999999999985E-04
3.45818000000000015E-04
3.86807999999999987E-04
2.85275999999999997E-04
2.84936000000000011E-04
2.85695999999999997E-04
2.82716999999999984E-04
2.83725999999999987E-04
3.00797000000000000E-04
2.82655999999999999E-04
2.82565999999999991E-04
3.41277999999999981E-04
2.85036999999999975E-04
2.94505999999999989E-04
2.84355999999999986E-04
3.03586000000000003E-04
3.01036999999999984E-04
2.88717000000000021E-04
2.85915999999999991E-04
2.85305999999999982E-04
2.85077000000000008E-04
2.97386000000000015E-04
2.86335999999999991E-04
2.83136000000000021E-04
2.83246999999999980E-04
3.10717000000000014E-04
2.83435999999999974E-04
2.83635999999999979E-04
2.99297000000000018E-04
2.85446000000000018E-04
2.85326999999999987E-04
2.85395999999999990E-04
2.86417000000000019E-04
5.30991999999999987E-04
6.73451999999999948E-04
6.02533000000000040E-04
3.67688999999999982E-04
3.84197999999999983E-04
3.64717999999999987E-04
3.65708999999999978E-04
3.91317999999999983E-04
3.65457999999999983E-04
3.66548000000000015E-04
3.86249000000000022E-04
3.66438000000000018E-04
4.44449999999999988E-04
4.10688999999999998E-04
3.94559000000000001E-04
4.17098999999999985E-04
4.02589000000000018E-04
5.20111999999999983E-04
3.97438999999999974E-04
4.17759000000000023E-04
4.06200000000000007E-04
3.95507999999999982E-04
5.50512999999999979E-04
4.63460000000000011E-04
4.13859999999999998E-04
3.77768000000000006E-04
3.80228999999999995E-04
3.84937999999999979E-04
3.79879000000000013E-04
4.08989000000000011E-04
3.83949000000000020E-04
3.79018000000000009E-04
3.88088999999999990E-04
4.99630999999999947E-04
4.02728999999999999E-04
3.97838999999999983E-04
4.34960000000000023E-04
4.24297000000000020E-04
4.25479999999999999E-04
3.97428999999999979E-04
3.96439000000000004E-04
4.19738999999999974E-04
3.51908000000000006E-04
3.01717000000000012E-04
2.83556000000000021E-04
2.83397000000000011E-04
2.83085999999999993E-04
3.00437000000000024E-04
2.84775999999999985E-04
3.13247000000000005E-04
2.86767000000000001E-04
2.88565999999999974E-04
2.88407000000000019E-04
2.92356000000000018E-04
3.99669000000000012E-04
3.92068999999999990E-04
3.95579000000000015E-04
3.92088999999999979E-04
3.28796999999999976E-04
3.05646999999999983E-04
3.21216999999999998E-04
2.82857000000000019E-04
2.82345999999999997E-04
2.82985999999999991E-04
2.83656999999999985E-04
2.84916000000000021E-04
3.01226999999999994E-04
2.87026000000000013E-04
3.00257000000000009E-04
2.88366000000000024E-04
2.85896000000000002E-04
2.85366000000000005E-04
2.83597000000000016E-04
3.05625999999999977E-04
2.82705999999999973E-04
3.10856999999999995E-04
2.98086999999999994E-04
2.82736000000000012E-04
2.82285999999999974E-04
2.82906999999999994E-04
2.98475999999999993E-04
2.84516999999999973E-04
2.84316000000000007E-04
2.85356000000000010E-04
2.86527000000000016E-04
2.95706999999999979E-04
4.37831000000000017E-04
4.41571999999999993E-04
4.07138999999999993E-04
3.99959000000000024E-04
3.81767999999999995E-04
4.07599000000000026E-04
3.82028000000000023E-04
3.91858999999999990E-04
4.30470000000000017E-04
3.98117999999999985E-04
3.97238000000000007E-04
3.98988999999999984E-04
4.03969000000000008E-04
4.20028999999999986E-04
4.23088999999999974E-04
4.05409000000000021E-04
4.01478999999999996E-04
4.28129000000000020E-04
4.01319000000000025E-04
4.01578999999999998E-04
4.01559000000000009E-04
3.98729000000000011E-04
4.20630000000000016E-04
3.99288999999999992E-04
4.01429000000000022E-04
3.97648999999999973E-04
4.21698999999999989E-04
4.17109999999999996E-04
3.95298999999999998E-04
3.95897999999999996E-04
3.83859000000000012E-04
3.87859000000000001E-04
4.19738999999999974E-04
3.74898999999999990E-04
3.83068000000000026E-04
3.76419000000000016E-04
3.91548999999999988E-04
4.02259000000000026E-04
5.49862000000000029E-04
4.00909000000000020E-04
3.90159000000000003E-04
4.03568999999999998E-04
4.02768999999999979E-04
3.90818999999999986E-04
3.88277999999999985E-04
3.92987999999999985E-04
3.94429000000000014E-04
4.07468999999999984E-04
3.85288000000000015E-04
3.90068999999999995E-04
4.03939000000000023E-04
3.87348999999999994E-04
4.09228999999999995E-04
3.88869000000000020E-04
3.95968999999999976E-04
3.86758000000000013E-04
3.88288999999999995E-04
4.05988999999999992E-04
3.83818999999999979E-04
3.85239000000000002E-04
3.83437999999999997E-04
4.03598999999999983E-04
4.03519000000000024E-04
3.94678999999999993E-04
3.94979000000000001E-04
3.91209000000000001E-04
3.89328999999999999E-04
4.11889000000000027E-04
3.89328999999999999E-04
3.76298000000000008E-04
3.78389000000000026E-04
3.76257999999999974E-04
4.09589000000000025E-04
4.00038999999999983E-04
3.78188000000000005E-04
3.80179000000000020E-04
3.88308000000000023E-04
5.77028000000000046E-04
4.33459999999999987E-04
4.33930000000000014E-04
4.10579000000000000E-04
4.12378999999999990E-04
3.90449000000000015E-04
4.02919000000000009E-04
4.15769000000000024E-04
4.05809999999999992E-04
4.06169000000000007E-04
3.89078000000000004E-04
3.87388000000000012E-04
4.14580000000000005E-04
4.09949000000000001E-04
3.87898999999999980E-04
4.16478999999999981E-04
3.85468999999999992E-04
3.85787999999999973E-04
4.22960000000000003E-04
3.87767999999999978E-04
4.13290000000000022E-04
3.91848999999999995E-04
4.07788999999999981E-04
4.04848999999999986E-04
4.12708999999999982E-04
4.09209000000000005E-04
3.90808999999999991E-04
4.01339000000000014E-04
4.04118999999999984E-04
4.20970000000000003E-04
4.04428999999999986E-04
4.11038999999999979E-04
3.85639000000000012E-04
4.01629000000000027E-04
3.80739000000000001E-04
4.06918999999999998E-04
3.80857999999999978E-04
4.14509999999999987E-04
5.92432999999999957E-04
3.57878000000000005E-04
2.95037000000000001E-04
3.52037999999999993E-04
3.41567999999999993E-04
2.85935999999999981E-04
2.85636999999999989E-04
2.85156000000000005E-04
2.83505999999999992E-04
2.82916999999999988E-04
2.83225999999999975E-04
2.99146999999999987E-04
2.84015999999999999E-04
2.83066000000000003E-04
2.83016999999999991E-04
2.92835999999999986E-04
2.83907000000000018E-04
2.84475999999999978E-04
3.14777000000000026E-04
2.87816999999999999E-04
3.26266999999999985E-04
3.47508000000000007E-04
3.00826000000000023E-04
2.90965999999999979E-04
2.83495999999999998E-04
3.03416999999999999E-04
2.86827000000000024E-04
2.95125999999999993E-04
2.83397000000000011E-04
2.83266000000000008E-04
2.83126000000000027E-04
2.82926999999999983E-04
2.99445999999999979E-04
2.84796999999999991E-04
2.84596000000000024E-04
2.84957000000000016E-04
2.86135999999999986E-04
2.88256999999999988E-04
2.88975999999999979E-04
3.02237000000000013E-04
3.16436999999999979E-04
2.84706000000000022E-04
3.54938000000000009E-04
3.52078000000000026E-04
3.43526999999999993E-04
3.01666999999999983E-04
2.83095999999999988E-04
2.82826999999999981E-04
2.82775999999999991E-04
3.00987000000000010E-04
2.84265999999999978E-04
3.92740999999999999E-04
4.98079000000000013E-04
3.87908999999999975E-04
3.94739000000000017E-04
3.99269000000000002E-04
4.14519000000000020E-04
3.98988999999999984E-04
4.09538999999999997E-04
3.84978999999999974E-04
3.81288999999999988E-04
4.12309000000000026E-04
3.04147000000000000E-04
2.83456000000000018E-04
2.82985999999999991E-04
2.82577000000000002E-04
2.82795999999999981E-04
2.84455999999999988E-04
3.15858000000000024E-04
3.24786999999999992E-04
2.86845999999999998E-04
2.88627000000000013E-04
2.88616000000000003E-04
2.95857000000000010E-04
3.15456999999999999E-04
2.85016000000000024E-04
2.83617000000000005E-04
2.82316000000000012E-04
2.83136000000000021E-04
3.05387000000000009E-04
2.86957000000000011E-04
2.99286000000000007E-04
2.89916999999999996E-04
2.85746000000000025E-04
3.10917000000000018E-04
2.97327000000000008E-04
2.94556999999999979E-04
2.85686000000000002E-04
3.05116999999999986E-04
2.88755999999999984E-04
2.86066999999999984E-04
2.96915999999999988E-04
2.83906000000000002E-04
2.83656000000000023E-04
2.85956999999999986E-04
2.99086000000000002E-04
3.00267000000000004E-04
2.83456999999999980E-04
2.91485999999999980E-04
2.83425999999999980E-04
3.68118999999999977E-04
3.01635999999999983E-04
2.84895999999999977E-04
2.97187000000000026E-04
2.86486000000000021E-04
2.87175999999999989E-04
2.88586999999999980E-04
3.02906999999999992E-04
4.28033999999999988E-04
3.87709000000000025E-04
3.81029000000000014E-04
3.74918000000000018E-04
4.02028999999999982E-04
3.80368999999999976E-04
3.85198000000000007E-04
3.83318000000000005E-04
3.78138999999999992E-04
3.90897999999999983E-04
4.20579999999999988E-04
3.90859000000000020E-04
3.86258000000000001E-04
3.96588999999999980E-04
3.88589000000000003E-04
4.07529000000000008E-04
3.85078999999999977E-04
3.81449000000000013E-04
3.85787999999999973E-04
3.83359000000000000E-04
4.08938999999999982E-04
3.82988999999999975E-04
3.79108000000000017E-04
3.96888999999999987E-04
3.78558999999999992E-04
4.02768999999999979E-04
3.79587999999999985E-04
3.85558999999999999E-04
3.85619000000000023E-04
4.01708999999999985E-04
4.12608999999999979E-04
3.82628999999999999E-04
3.82898000000000006E-04
3.86538999999999980E-04
3.74567999999999982E-04
3.81369000000000001E-04
3.50287999999999977E-04
3.50108000000000016E-04
3.49066999999999997E-04
3.80038999999999984E-04
3.49827999999999999E-04
3.64888000000000007E-04
3.49637999999999989E-04
3.49798000000000014E-04
3.50748000000000010E-04
3.51166999999999994E-04
3.85457999999999981E-04
3.36877999999999982E-04
2.90596000000000008E-04
2.88537000000000006E-04
3.26297000000000024E-04
2.85666000000000012E-04
2.87205999999999974E-04
3.02396999999999985E-04
2.83376000000000005E-04
2.84616000000000014E-04
3.21758000000000005E-04
2.85925999999999986E-04
2.83806000000000000E-04
2.82616999999999981E-04
3.01456999999999984E-04
2.96346000000000012E-04
2.87956999999999981E-04
3.85718000000000009E-04
3.16288000000000018E-04
2.92686000000000010E-04
3.07206999999999988E-04
2.87546000000000015E-04
2.86166999999999986E-04
2.83845999999999979E-04
2.84796999999999991E-04
2.83085999999999993E-04
2.83935999999999987E-04
2.97176999999999977E-04
2.84445999999999994E-04
3.48177999999999986E-04
2.84027000000000010E-04
2.85945999999999976E-04
2.84865999999999993E-04
3.08576999999999983E-04
3.01377000000000025E-04
2.86916999999999977E-04
6.11837999999999965E-04
3.87448999999999997E-04
3.93199000000000001E-04
4.00158999999999975E-04
4.15043999999999992E-04
3.79139000000000017E-04
4.15638999999999982E-04
3.77918999999999998E-04
3.95678000000000002E-04
3.76898999999999984E-04
3.76247999999999980E-04
3.78028999999999995E-04
3.76747999999999992E-04
4.05918999999999974E-04
3.78378999999999977E-04
3.79497999999999977E-04
3.79549000000000021E-04
4.00128999999999990E-04
3.82048000000000012E-04
3.95417999999999974E-04
3.38357999999999975E-04
2.89206000000000023E-04
2.88017000000000004E-04
3.14717000000000002E-04
2.83195999999999990E-04
3.03087000000000007E-04
2.83436999999999990E-04
2.83635999999999979E-04
2.82785999999999986E-04
2.84056999999999994E-04
2.85905999999999997E-04
2.84596000000000024E-04
3.02037000000000009E-04
2.99066999999999974E-04
2.91585999999999983E-04
3.48576999999999980E-04
3.01927000000000011E-04
2.88427000000000008E-04
3.71898000000000009E-04
3.18326999999999976E-04
3.20506999999999986E-04
2.92846999999999997E-04
2.90535999999999984E-04
4.37759999999999983E-04
3.74588999999999988E-04
3.70758000000000003E-04
3.88889000000000010E-04
3.87798000000000016E-04
3.80947999999999985E-04
3.97589000000000004E-04
3.80709000000000017E-04
3.80417999999999989E-04
3.80118999999999997E-04
3.75978000000000011E-04
3.88908999999999999E-04
3.72987999999999987E-04
4.08948999999999977E-04
3.75287999999999989E-04
3.82318999999999997E-04
4.07229000000000000E-04
3.78718000000000002E-04
3.95838999999999989E-04
3.96898999999999982E-04
3.93719000000000003E-04
4.05969000000000002E-04
3.92669000000000004E-04
3.95318999999999987E-04
3.81508000000000021E-04
3.79278999999999999E-04
3.99608999999999989E-04
3.69767999999999974E-04
3.82248999999999979E-04
3.98798999999999974E-04
3.72907999999999974E-04
2.82767000000000012E-04
3.10197000000000012E-04
2.99105999999999992E-04
2.98516999999999988E-04
2.82226000000000005E-04
2.82796999999999996E-04
2.83005999999999980E-04
2.99906999999999973E-04
2.85205999999999979E-04
2.84537000000000017E-04
2.85915999999999991E-04
2.88506000000000006E-04
6.94495999999999959E-04
3.60537999999999983E-04
4.35239999999999987E-04
3.98168999999999975E-04
2.83205999999999985E-04
3.01607000000000014E-04
2.83287000000000014E-04
2.82546000000000002E-04
2.83075999999999998E-04
2.83377000000000021E-04
2.83276000000000003E-04
2.83176000000000001E-04
3.54598000000000023E-04
2.86137000000000002E-04
2.85996000000000004E-04
2.86296999999999973E-04
2.87156000000000000E-04
2.89106000000000020E-04
2.86916999999999977E-04
3.01417000000000004E-04
2.85656000000000018E-04
2.95037000000000001E-04
2.83815999999999995E-04
2.83605999999999995E-04
3.21817999999999974E-04
2.99366000000000020E-04
2.83507000000000008E-04
2.83236000000000024E-04
2.83426999999999995E-04
2.84225999999999999E-04
2.85315999999999977E-04
2.84996999999999996E-04
3.15776999999999996E-04
2.89016000000000012E-04
2.88497000000000026E-04
2.86616000000000008E-04
2.85206999999999995E-04
3.24117000000000014E-04
2.84216000000000004E-04
2.99456999999999989E-04
3.01087000000000013E-04
3.00985999999999994E-04
2.83026000000000024E-04
2.83315999999999982E-04
2.93286999999999986E-04
2.83705999999999997E-04
3.00467000000000008E-04
2.86816000000000013E-04
2.85856999999999984E-04
3.14556999999999977E-04
2.89675999999999996E-04
6.65215000000000034E-04
3.79377999999999985E-04
3.80788999999999976E-04
3.76058000000000024E-04
2.99666999999999989E-04
2.85116999999999988E-04
2.82836000000000014E-04
2.83376000000000005E-04
2.94836999999999996E-04
3.30116999999999997E-04
2.83226999999999990E-04
3.12101999999999974E-04
2.85415999999999979E-04
2.85866999999999979E-04
2.85315999999999977E-04
2.87036000000000008E-04
2.89277000000000002E-04
3.06437000000000007E-04
2.86506000000000011E-04
2.84767000000000006E-04
2.85095999999999982E-04
3.29846999999999974E-04
2.82906999999999994E-04
2.83146000000000016E-04
2.98877000000000019E-04
2.82516000000000017E-04
3.21727000000000005E-04
3.04357000000000000E-04
2.96726999999999993E-04
2.84596000000000024E-04
2.84686999999999993E-04
3.00687000000000003E-04
2.86416000000000003E-04
2.87946000000000024E-04
3.24187999999999994E-04
2.85905999999999997E-04
2.84826999999999975E-04
3.14636999999999990E-04
2.84035999999999989E-04
2.82196000000000020E-04
2.83197000000000006E-04
2.83005999999999980E-04
2.82956000000000006E-04
2.82586999999999997E-04
3.09457000000000015E-04
2.83395999999999995E-04
3.23726999999999999E-04
2.84417000000000025E-04
2.84555999999999991E-04
3.49407999999999999E-04
7.44982000000000044E-04
4.29888999999999976E-04
3.87248999999999992E-04
3.95418999999999990E-04
3.82799000000000019E-04
4.34519000000000019E-04
2.88847000000000008E-04
2.83126000000000027E-04
2.82506000000000022E-04
2.83766999999999982E-04
2.82516000000000017E-04
2.99847000000000004E-04
2.83085999999999993E-04
2.84386999999999986E-04
2.84946000000000006E-04
2.96756999999999978E-04
2.86545999999999990E-04
2.88417000000000014E-04
3.64483000000000027E-04
3.66752999999999990E-04
3.76957999999999991E-04
3.76718000000000007E-04
3.49947999999999991E-04
2.83346000000000021E-04
3.01476999999999973E-04
2.83066000000000003E-04
2.82367000000000002E-04
2.82916000000000027E-04
2.82326000000000007E-04
3.18688000000000022E-04
2.84345999999999991E-04
3.13696999999999988E-04
2.86455999999999983E-04
2.87995999999999999E-04
2.90317000000000006E-04
3.31107000000000027E-04
2.98316999999999983E-04
3.02567000000000005E-04
2.84965999999999995E-04
2.83356999999999977E-04
2.83535999999999977E-04
2.83515999999999987E-04
3.31368000000000016E-04
2.83315999999999982E-04
2.99717000000000017E-04
2.82856000000000004E-04
2.82347000000000012E-04
2.83776000000000015E-04
2.85536000000000025E-04
3.70249000000000012E-04
3.74602999999999991E-04
3.16936999999999991E-04
3.51798000000000009E-04
3.96839000000000013E-04
3.64077999999999993E-04
4.04008999999999987E-04
3.97118999999999977E-04
3.90318999999999974E-04
3.96849000000000008E-04
3.85857999999999991E-04
4.30105000000000016E-04
3.84838999999999993E-04
4.07788999999999981E-04
3.95159000000000016E-04
4.02689000000000020E-04
3.80988999999999980E-04
3.84468000000000006E-04
3.89949000000000003E-04
3.99718999999999986E-04
4.16529000000000009E-04
3.88149000000000014E-04
4.14388999999999979E-04
4.29189000000000014E-04
3.73499000000000010E-04
4.03058999999999991E-04
4.00038999999999983E-04
3.92708000000000022E-04
3.89867999999999975E-04
3.82719000000000006E-04
4.10229000000000019E-04
3.94988999999999995E-04
4.13218999999999989E-04
3.85419000000000018E-04
3.82148999999999976E-04
4.28759000000000019E-04
3.98739000000000005E-04
3.94969000000000006E-04
3.90999000000000002E-04
3.92828999999999976E-04
4.04318999999999989E-04
3.91108999999999999E-04
3.86687999999999995E-04
3.78829000000000015E-04
3.73007999999999977E-04
3.90249000000000010E-04
3.80778999999999981E-04
3.90467999999999989E-04
3.82169000000000020E-04
3.75597999999999991E-04
3.70667999999999996E-04
3.97728999999999986E-04
3.78227999999999984E-04
3.80919000000000017E-04
3.81377999999999980E-04
3.72528000000000008E-04
4.13198999999999999E-04
3.97269000000000008E-04
3.95338999999999977E-04
3.93648999999999985E-04
4.14698999999999981E-04
3.90488999999999995E-04
3.72377999999999978E-04
3.71427999999999982E-04
3.87178999999999974E-04
3.66738000000000025E-04
3.98599000000000024E-04
3.80507999999999996E-04
3.83508999999999977E-04
3.84469000000000022E-04
4.02899000000000020E-04
4.43330000000000026E-04
4.03559000000000003E-04
3.89028999999999992E-04
3.97927999999999975E-04
3.81218000000000008E-04
4.02279000000000015E-04
3.85798999999999984E-04
3.85117999999999995E-04
3.89768000000000026E-04
3.85808999999999978E-04
4.11248999999999979E-04
3.96078999999999973E-04
3.79749000000000026E-04
3.96368999999999986E-04
3.86697999999999990E-04
4.10449999999999975E-04
3.99618999999999983E-04
4.05078999999999975E-04
3.90869000000000015E-04
3.98867999999999976E-04
4.00898000000000010E-04
3.86658000000000010E-04
3.80118999999999997E-04
3.90388999999999992E-04
3.95477999999999997E-04
4.22860000000000000E-04
4.00958999999999994E-04
3.93919000000000007E-04
3.75317999999999973E-04
3.91008999999999996E-04
4.10098999999999978E-04
4.12480000000000008E-04
3.98148999999999986E-04
3.90638000000000010E-04
4.01408999999999978E-04
4.21670000000000020E-04
3.96319000000000012E-04
3.90418999999999977E-04
3.89657999999999975E-04
3.95198999999999995E-04
4.08708999999999993E-04
3.93187999999999990E-04
3.96658999999999998E-04
3.79708999999999993E-04
3.86968999999999974E-04
4.12839000000000023E-04
5.62272000000000054E-04
6.19419999999999975E-04
4.50750999999999995E-04
3.38277000000000000E-04
2.89267000000000007E-04
2.89216000000000017E-04
3.02757000000000015E-04
2.85077000000000008E-04
3.07226000000000016E-04
2.83627000000000000E-04
2.82995999999999985E-04
2.83487000000000018E-04
2.91546000000000003E-04
2.99036999999999990E-04
2.82555999999999996E-04
2.82536000000000007E-04
2.83436999999999990E-04
3.00186999999999991E-04
3.37427000000000007E-04
2.85067000000000014E-04
3.02785999999999984E-04
4.36530000000000023E-04
2.89137000000000020E-04
2.86296000000000011E-04
2.85897000000000017E-04
2.84736000000000006E-04
3.14917000000000007E-04
2.83806000000000000E-04
4.76820999999999994E-04
2.88117000000000006E-04
2.83635999999999979E-04
2.83786000000000010E-04
3.23677999999999987E-04
3.20506999999999986E-04
3.17246999999999993E-04
2.85215999999999974E-04
2.84996999999999996E-04
2.85896000000000002E-04
2.87877000000000022E-04
3.04435999999999997E-04
2.85997000000000020E-04
2.84775999999999985E-04
2.84017000000000015E-04
2.82946000000000011E-04
4.19779000000000007E-04
2.99307000000000013E-04
2.82966000000000001E-04
2.82537000000000023E-04
2.83105999999999983E-04
5.23180000000000043E-04
3.39056999999999976E-04
2.99017000000000000E-04
3.11567000000000007E-04
2.85277000000000013E-04
3.05146000000000009E-04
2.89457000000000017E-04
2.99586999999999976E-04
2.85835999999999979E-04
2.85546000000000020E-04
2.84957000000000016E-04
2.82816000000000024E-04
2.98626999999999985E-04
2.83535999999999977E-04
2.82537000000000023E-04
2.82585999999999981E-04
2.82636000000000009E-04
2.95557000000000003E-04
2.83115999999999977E-04
3.00936999999999982E-04
2.92566999999999979E-04
2.84895999999999977E-04
2.97586999999999982E-04
2.88345999999999980E-04
2.89027000000000023E-04
2.85845999999999973E-04
3.01417000000000004E-04
3.00347000000000016E-04
2.83346000000000021E-04
2.82665999999999994E-04
2.82877000000000009E-04
2.82265999999999984E-04
3.18506999999999992E-04
3.81449000000000013E-04
2.83476000000000008E-04
2.83036000000000019E-04
2.84757000000000011E-04
2.84116000000000002E-04
2.85336999999999982E-04
2.86745999999999995E-04
3.05766999999999975E-04
2.97246999999999995E-04
2.85346000000000015E-04
2.85925999999999986E-04
3.04837000000000022E-04
2.91017000000000023E-04
2.97816000000000010E-04
2.82926999999999983E-04
2.82756000000000001E-04
2.82116000000000007E-04
2.82367000000000002E-04
4.79550999999999990E-04
3.48436999999999998E-04
3.87478000000000019E-04
3.91819000000000011E-04
4.02399000000000008E-04
3.86069000000000006E-04
4.18289000000000020E-04
3.92009000000000021E-04
3.73847999999999975E-04
3.85248999999999997E-04
3.84948999999999990E-04
4.27109000000000006E-04
3.89489000000000024E-04
3.82617999999999988E-04
3.94898000000000026E-04
3.89378999999999973E-04
3.63948000000000006E-04
2.83556999999999982E-04
2.83146000000000016E-04
2.85166000000000000E-04
2.84847000000000019E-04
2.85966000000000020E-04
3.19287000000000021E-04
2.87487000000000007E-04
2.89155999999999994E-04
2.85607000000000005E-04
2.95816000000000015E-04
2.85077000000000008E-04
2.91316000000000014E-04
3.28438000000000016E-04
2.94766000000000017E-04
3.12287000000000014E-04
3.62168000000000006E-04
2.83287000000000014E-04
2.82975999999999996E-04
2.83126000000000027E-04
3.02646000000000002E-04
2.84596999999999986E-04
2.92205999999999987E-04
2.86407000000000024E-04
2.88005999999999993E-04
2.88566999999999990E-04
2.85725999999999981E-04
3.01036999999999984E-04
2.83955999999999976E-04
2.83495999999999998E-04
2.82746000000000006E-04
3.45537999999999997E-04
3.87068000000000015E-04
4.87850999999999975E-04
3.82709000000000011E-04
3.90429000000000026E-04
3.81677999999999987E-04
4.57890000000000022E-04
3.87378000000000017E-04
3.88559000000000018E-04
4.15828999999999992E-04
4.05258999999999990E-04
4.19999000000000002E-04
4.17579000000000008E-04
3.93318999999999993E-04
3.99068999999999997E-04
4.08559000000000016E-04
4.12499999999999998E-04
4.14629000000000018E-04
4.22200000000000017E-04
4.14588999999999984E-04
4.00948999999999999E-04
4.12239000000000008E-04
4.02648999999999987E-04
4.14429999999999974E-04
4.13618999999999998E-04
4.02829000000000002E-04
3.86889000000000015E-04
4.35759999999999988E-04
4.07649000000000000E-04
4.33549999999999994E-04
4.10879000000000008E-04
4.05229000000000006E-04
4.03888999999999995E-04
4.14688999999999986E-04
3.99408999999999984E-04
4.19580000000000018E-04
4.09548999999999992E-04
3.84318999999999991E-04
4.11848999999999993E-04
4.78141000000000015E-04
3.84748000000000024E-04
4.30939999999999991E-04
4.46270000000000022E-04
5.20494000000000035E-04
3.98389000000000024E-04
3.84469000000000022E-04
4.45960000000000020E-04
4.66429999999999991E-04
3.81058999999999998E-04
3.92618999999999976E-04
3.77848000000000018E-04
3.96898999999999982E-04
4.03659000000000006E-04
3.81728999999999977E-04
3.78918000000000007E-04
4.97150000000000022E-04
2.99686000000000017E-04
2.85697000000000013E-04
2.84926000000000016E-04
2.84816999999999980E-04
2.86826000000000008E-04
3.18286999999999997E-04
3.38947999999999995E-04
2.86486000000000021E-04
2.86417000000000019E-04
3.01346000000000025E-04
2.83935999999999987E-04
3.11547000000000017E-04
2.83446000000000023E-04
3.13557000000000007E-04
2.83177000000000016E-04
2.83356000000000016E-04
2.83315999999999982E-04
2.94807000000000012E-04
2.99917000000000022E-04
2.84855999999999998E-04
3.00577000000000006E-04
2.87256000000000002E-04
3.11406999999999982E-04
3.31747999999999982E-04
2.86586000000000024E-04
2.85026999999999980E-04
3.86807999999999987E-04
3.75799000000000012E-04
3.80087999999999997E-04
3.76869000000000000E-04
3.87898999999999980E-04
4.26359000000000015E-04
3.82309000000000002E-04
4.55494999999999988E-04
4.00519000000000005E-04
3.89558999999999988E-04
3.75438000000000020E-04
3.87488999999999976E-04
4.30119999999999982E-04
3.61648000000000004E-04
3.07867000000000026E-04
2.86555999999999985E-04
3.77008999999999981E-04
4.56550000000000011E-04
4.03698999999999985E-04
3.78138999999999992E-04
4.20389000000000017E-04
3.76849000000000010E-04
3.93878000000000012E-04
3.92188999999999982E-04
4.28435000000000014E-04
3.84318999999999991E-04
3.82747999999999975E-04
4.05869000000000000E-04
4.14120000000000026E-04
3.94647999999999993E-04
3.94257999999999978E-04
3.91428999999999996E-04
3.66318000000000026E-04
3.80654000000000018E-04
2.84806999999999986E-04
2.83305999999999988E-04
2.96236999999999976E-04
3.14246999999999975E-04
3.23986999999999973E-04
2.85815999999999989E-04
3.78599000000000025E-04
3.78977999999999975E-04
3.96427999999999993E-04
3.78698000000000012E-04
4.21684000000000024E-04
4.06889000000000014E-04
3.95518999999999992E-04
4.08418999999999980E-04
4.47140000000000005E-04
3.82917999999999995E-04
3.91579000000000026E-04
3.79508000000000026E-04
3.70479000000000001E-04
2.99586999999999976E-04
2.84086000000000017E-04
3.90019000000000021E-04
4.18529000000000004E-04
3.69307999999999995E-04
3.70718999999999986E-04
3.99979000000000014E-04
3.92598999999999986E-04
3.96558999999999996E-04
3.92108000000000007E-04
3.76258999999999990E-04
4.41015000000000005E-04
4.30429999999999984E-04
3.97249000000000018E-04
4.13198999999999999E-04
3.87859000000000001E-04
3.62947999999999982E-04
3.46907999999999993E-04
3.46607000000000024E-04
3.60947999999999987E-04
3.65378000000000024E-04
3.65567999999999980E-04
3.58688000000000019E-04
3.69517999999999995E-04
4.06018999999999976E-04
3.90418000000000015E-04
4.11740000000000012E-04
3.95758000000000015E-04
5.00172000000000008E-04
4.20193999999999982E-04
4.01278999999999991E-04
4.33249999999999987E-04
4.11148999999999976E-04
4.28952000000000023E-04
3.71217999999999982E-04
3.82479000000000022E-04
3.90628999999999976E-04
3.74178000000000021E-04
4.56150000000000002E-04
4.91221000000000019E-04
4.27299000000000016E-04
3.96859000000000003E-04
4.00988999999999979E-04
3.89558999999999988E-04
4.05519000000000018E-04
4.03429000000000016E-04
3.04337000000000010E-04
3.13527000000000022E-04
2.90656999999999992E-04
3.33547000000000010E-04
3.79349000000000016E-04
4.88160999999999977E-04
4.04648999999999981E-04
3.85918000000000014E-04
3.81579000000000000E-04
5.07451000000000018E-04
5.33021999999999966E-04
4.03869000000000005E-04
4.31259000000000026E-04
3.66668000000000007E-04
6.36825000000000043E-04
3.70807999999999977E-04
3.93489000000000013E-04
3.80358000000000020E-04
3.73218999999999992E-04
3.73117999999999974E-04
3.92659000000000009E-04
8.98697999999999966E-04
3.61318000000000012E-04
3.67868999999999998E-04
3.82497999999999996E-04
3.66167999999999995E-04
3.42757999999999973E-04
3.64748000000000025E-04
3.45257999999999980E-04
3.52738000000000010E-04
5.29391999999999949E-04
3.47728000000000002E-04
3.49347999999999976E-04
3.63267999999999979E-04
3.88318000000000018E-04
4.01629000000000027E-04
3.73968000000000022E-04
3.87539000000000004E-04
3.94268999999999989E-04
3.97868000000000006E-04
3.01136000000000025E-04
2.83346999999999983E-04
2.83546000000000026E-04
2.82995999999999985E-04
2.83397000000000011E-04
2.90276000000000011E-04
2.97717000000000023E-04
3.07526999999999985E-04
2.99476999999999979E-04
2.97286000000000013E-04
3.06957000000000009E-04
3.01707000000000017E-04
3.00027000000000019E-04
2.85215999999999974E-04
3.00467000000000008E-04
2.83546000000000026E-04
2.83207000000000001E-04
2.87705999999999986E-04
2.83246000000000019E-04
2.82947000000000027E-04
2.97296000000000008E-04
3.15348000000000017E-04
2.98385999999999985E-04
2.83646999999999990E-04
2.95045999999999980E-04
3.15056999999999989E-04
3.92639000000000020E-04
5.73185000000000036E-04
5.22262000000000008E-04
3.48858000000000013E-04
3.41118000000000009E-04
3.80437999999999978E-04
4.03468999999999996E-04
3.96348999999999996E-04
4.01168999999999994E-04
3.96739000000000011E-04
3.92788999999999996E-04
4.13469000000000022E-04
3.97718999999999991E-04
5.53760000000000038E-04
4.11599000000000014E-04
3.98279000000000027E-04
4.20108999999999999E-04
4.27220000000000019E-04
3.87278999999999976E-04
3.93118000000000026E-04
3.89038999999999986E-04
4.10969000000000015E-04
3.85608999999999973E-04
3.85248999999999997E-04
3.86707999999999984E-04
3.90508999999999984E-04
4.21969999999999973E-04
3.85017999999999992E-04
3.97139000000000021E-04
3.89228999999999996E-04
3.79508999999999988E-04
3.87447999999999981E-04
4.00324000000000025E-04
3.92838000000000009E-04
3.95039000000000024E-04
3.84438999999999983E-04
4.02389000000000013E-04
3.81018000000000003E-04
4.63481000000000017E-04
4.24469000000000018E-04
4.25089999999999984E-04
4.47499999999999981E-04
4.26259999999999974E-04
4.26188999999999995E-04
4.15889000000000016E-04
4.06418999999999986E-04
3.84018000000000022E-04
3.64968000000000020E-04
3.86597999999999987E-04
3.84609000000000003E-04
3.81387999999999974E-04
4.01798999999999993E-04
3.94019000000000010E-04
3.60537999999999983E-04
3.82358999999999976E-04
3.81308999999999977E-04
4.18849000000000001E-04
3.77968000000000011E-04
3.79098999999999983E-04
3.78137999999999977E-04
3.78128999999999998E-04
3.94109000000000017E-04
3.91199000000000006E-04
3.78188000000000005E-04
3.77397999999999980E-04
6.76054999999999950E-04
3.85427999999999997E-04
4.05688999999999985E-04
3.27946999999999982E-04
3.07186999999999998E-04
2.88555999999999980E-04
2.86596999999999980E-04
2.97145999999999977E-04
2.85257000000000024E-04
2.82975999999999996E-04
2.83656000000000023E-04
2.99117000000000003E-04
2.83587000000000021E-04
2.83786000000000010E-04
6.92864999999999974E-04
6.75510000000000043E-04
4.37698999999999998E-04
3.17448000000000014E-04
3.11616999999999981E-04
4.11889000000000027E-04
4.40565000000000021E-04
3.99569000000000009E-04
4.05058999999999985E-04
3.99488999999999996E-04
4.13638999999999988E-04
3.90579000000000002E-04
4.01708999999999985E-04
3.93779000000000026E-04
3.90149000000000008E-04
4.11939000000000001E-04
3.96478999999999983E-04
4.08608999999999990E-04
4.02289000000000010E-04
3.92098999999999974E-04
4.15139000000000024E-04
4.21519999999999989E-04
3.94598999999999981E-04
3.96499000000000027E-04
3.96068999999999978E-04
4.18668999999999986E-04
3.94488999999999983E-04
4.17508999999999990E-04
3.99259000000000007E-04
3.98529000000000006E-04
4.26759999999999987E-04
3.93218999999999990E-04
4.02089000000000005E-04
3.88938000000000022E-04
3.94129000000000007E-04
3.96729000000000016E-04
3.83088999999999977E-04
5.87783000000000034E-04
1.64900700000000008E-03
5.61351999999999988E-04
8.05088000000000028E-04
5.01496000000000038E-04
3.91764000000000012E-04
4.61609999999999993E-04
3.76509000000000023E-04
3.97559000000000020E-04
3.77797999999999990E-04
3.71788999999999974E-04
3.59618000000000025E-04
3.78447999999999979E-04
3.23946999999999994E-04
3.83357999999999984E-04
3.62878000000000018E-04
3.75399000000000002E-04
3.94539000000000012E-04
3.90748000000000007E-04
3.94498999999999978E-04
3.90488999999999995E-04
3.93228999999999985E-04
4.16478999999999981E-04
3.96199000000000019E-04
4.13538999999999986E-04
4.06169000000000007E-04
4.05878999999999995E-04
3.94888999999999993E-04
3.86438000000000016E-04
4.08669000000000014E-04
3.85367999999999974E-04
3.91419000000000001E-04
3.92198999999999976E-04
3.95349000000000026E-04
4.21058999999999995E-04
4.06759000000000027E-04
3.97648999999999973E-04
5.41832000000000012E-04
4.12309000000000026E-04
4.72619999999999985E-04
3.87048999999999987E-04
3.85478999999999987E-04
3.86778000000000002E-04
4.15749999999999995E-04
3.53827999999999988E-04
3.62668000000000018E-04
3.08287000000000025E-04
2.83166000000000006E-04
3.01686999999999973E-04
2.83645999999999974E-04
4.29980000000000000E-04
3.86888000000000000E-04
3.72708000000000024E-04
3.12526999999999998E-04
3.33107000000000021E-04
2.93786999999999998E-04
3.60278000000000009E-04
3.61687999999999983E-04
2.85116999999999988E-04
2.83605999999999995E-04
3.00987000000000010E-04
2.83656000000000023E-04
2.83097000000000004E-04
2.82726000000000017E-04
2.83336000000000026E-04
2.83167000000000022E-04
2.91705999999999975E-04
2.98897000000000008E-04
2.85075999999999993E-04
2.85026999999999980E-04
2.84386000000000025E-04
2.86696000000000021E-04
3.68834000000000013E-04
3.54357999999999984E-04
3.79758000000000005E-04
3.75183999999999978E-04
3.13107000000000023E-04
3.68648000000000012E-04
2.99665999999999973E-04
3.12666999999999980E-04
3.84089000000000002E-04
3.33156999999999995E-04
3.52797999999999979E-04
3.04786999999999994E-04
3.12856999999999990E-04
3.79019000000000025E-04
3.81408000000000018E-04
3.81469000000000003E-04
4.17899000000000005E-04
3.82988999999999975E-04
4.00289000000000016E-04
3.73397999999999992E-04
2.88507000000000021E-04
2.92666000000000020E-04
2.85087000000000003E-04
2.84496000000000022E-04
2.84526000000000006E-04
3.00787000000000005E-04
2.83166000000000006E-04
3.03395999999999993E-04
2.83717000000000008E-04
2.83176000000000001E-04
2.84785999999999980E-04
2.84007000000000020E-04
3.01166000000000010E-04
2.87036000000000008E-04
3.01026999999999989E-04
2.89045999999999997E-04
2.86737000000000016E-04
2.86486000000000021E-04
2.86215999999999999E-04
2.99455999999999974E-04
3.14666999999999974E-04
2.84156999999999997E-04
2.86855999999999992E-04
3.09116999999999975E-04
3.56828000000000006E-04
4.25367000000000009E-04
9.54091000000000010E-04
3.80888999999999978E-04
3.02437000000000018E-04
3.27877000000000019E-04
2.86155999999999975E-04
2.87966999999999976E-04
2.88596000000000013E-04
2.86466999999999993E-04
3.34116999999999986E-04
5.48702999999999995E-04
4.59080000000000002E-04
4.51999999999999982E-04
4.02568999999999974E-04
3.98106999999999975E-04
3.76017999999999990E-04
3.53086999999999976E-04
3.47437999999999989E-04
4.04941000000000025E-04
3.97338000000000010E-04
4.62290999999999982E-04
6.58692000000000001E-04
3.55397999999999988E-04
3.72078000000000025E-04
3.73297999999999989E-04
3.63694000000000018E-04
3.19707000000000021E-04
3.21356999999999979E-04
3.70257999999999991E-04
3.69918000000000005E-04
3.88689000000000005E-04
3.70438000000000006E-04
3.55658000000000016E-04
4.27348999999999991E-04
2.84037000000000005E-04
2.83405999999999990E-04
2.98887000000000013E-04
2.85185999999999990E-04
3.01336999999999992E-04
2.87195999999999979E-04
3.03146999999999976E-04
2.89196999999999989E-04
2.98526000000000021E-04
2.85897000000000017E-04
2.98687000000000008E-04
3.08566999999999988E-04
2.83305999999999988E-04
2.96716999999999999E-04
2.84396000000000019E-04
2.83505999999999992E-04
2.83666999999999979E-04
2.83535999999999977E-04
3.12106999999999999E-04
3.84509000000000001E-04
3.67327999999999990E-04
3.81168999999999996E-04
3.78117999999999987E-04
4.06803999999999976E-04
3.84399000000000004E-04
3.94559000000000001E-04
3.81118000000000006E-04
3.92219000000000020E-04
4.02448999999999982E-04
3.79968000000000005E-04
3.81278999999999993E-04
5.40890000000000034E-04
3.16096999999999993E-04
2.83886000000000012E-04
2.94436999999999986E-04
2.89877000000000017E-04
2.98666000000000003E-04
2.94507000000000004E-04
3.01336999999999992E-04
2.86686000000000026E-04
3.22237000000000012E-04
3.05177000000000009E-04
2.85367000000000021E-04
3.06186000000000012E-04
2.90566000000000023E-04
3.15747000000000011E-04
2.83456000000000018E-04
2.85356000000000010E-04
3.19136999999999991E-04
3.02836999999999974E-04
2.98126999999999973E-04
2.82495999999999973E-04
3.60017999999999981E-04
3.14407000000000000E-04
3.26527000000000013E-04
3.19077000000000022E-04
2.96285999999999989E-04
3.32567999999999991E-04
3.75517999999999978E-04
2.87147000000000021E-04
2.85595999999999994E-04
2.83886999999999974E-04
2.82536000000000007E-04
4.00943999999999975E-04
5.10641000000000046E-04
3.92549000000000012E-04
3.86679000000000016E-04
3.39546999999999993E-04
2.85147000000000026E-04
3.00106999999999978E-04
2.84926000000000016E-04
2.85425999999999974E-04
2.99026999999999995E-04
2.86217000000000014E-04
2.88535999999999990E-04
3.03997000000000024E-04
2.86516000000000006E-04
2.99156999999999982E-04
3.08066999999999976E-04
2.82506000000000022E-04
2.83507000000000008E-04
2.82946000000000011E-04
3.07557000000000024E-04
2.83376000000000005E-04
2.83707000000000013E-04
3.45567000000000020E-04
3.53807999999999998E-04
3.01156999999999976E-04
2.85836999999999994E-04
3.02055999999999982E-04
2.97136999999999998E-04
2.87835999999999973E-04
2.88996000000000023E-04
2.99906999999999973E-04
2.85046000000000008E-04
2.83756000000000026E-04
2.99796999999999976E-04
2.83226999999999990E-04
2.83346000000000021E-04
2.97586999999999982E-04
2.99735999999999991E-04
2.84527000000000022E-04
3.17042000000000018E-04
2.93076999999999986E-04
2.84916000000000021E-04
3.00186999999999991E-04
2.86865999999999987E-04
2.86527000000000016E-04
3.29846999999999974E-04
3.13227000000000015E-04
3.03636999999999993E-04
2.85945999999999976E-04
3.17858000000000019E-04
2.92855999999999976E-04
3.04447000000000008E-04
1.86394699999999991E-03
3.73807999999999996E-04
3.69368999999999980E-04
3.67908000000000015E-04
3.91159000000000027E-04
3.45838000000000005E-04
3.28387000000000026E-04
2.87705999999999986E-04
2.85287000000000008E-04
3.44748000000000027E-04
4.16162999999999993E-04
4.13108999999999991E-04
4.01708999999999985E-04
3.87119000000000005E-04
4.00748999999999995E-04
3.99959000000000024E-04
4.44749999999999996E-04
3.98878999999999987E-04
4.01679000000000001E-04
3.80498000000000002E-04
4.11579000000000025E-04
4.04108999999999989E-04
4.02619000000000002E-04
4.06449000000000025E-04
4.12708999999999982E-04
4.06899000000000009E-04
4.01959000000000019E-04
4.03478999999999990E-04
3.83518000000000010E-04
3.76878999999999994E-04
4.07729000000000012E-04
3.96419000000000014E-04
4.43670000000000013E-04
4.15338999999999975E-04
4.08659000000000019E-04
3.80609000000000015E-04
6.04338999999999961E-04
4.01598999999999988E-04
3.84678000000000006E-04
3.86448000000000011E-04
3.81359000000000006E-04
4.06699000000000004E-04
4.06759000000000027E-04
4.57590000000000015E-04
3.08297000000000020E-04
3.79498999999999993E-04
3.82957999999999975E-04
3.81638000000000008E-04
3.98018999999999999E-04
3.77548000000000011E-04
3.76918999999999974E-04
3.90849000000000025E-04
3.89578000000000016E-04
3.93638999999999990E-04
3.77018999999999976E-04
3.77607999999999980E-04
3.89448999999999991E-04
3.78898999999999978E-04
3.95468000000000002E-04
3.79449000000000019E-04
3.95418999999999990E-04
3.81877999999999992E-04
3.91619000000000006E-04
3.80089000000000013E-04
3.95818999999999999E-04
3.79067999999999983E-04
3.76649000000000005E-04
3.78017999999999985E-04
3.77098999999999989E-04
4.10439000000000019E-04
3.91389000000000016E-04
3.87688000000000019E-04
3.77728000000000026E-04
3.77167999999999991E-04
3.94849000000000014E-04
3.80118999999999997E-04
3.79428000000000014E-04
3.80238999999999989E-04
3.82128000000000025E-04
4.10770000000000026E-04
3.80397999999999999E-04
4.33139999999999990E-04
3.77807999999999985E-04
3.77538999999999978E-04
3.94508999999999973E-04
3.78447999999999979E-04
3.76988999999999992E-04
3.76488000000000018E-04
3.77838999999999985E-04
3.92928000000000016E-04
4.10529000000000026E-04
3.92029000000000010E-04
3.78588000000000015E-04
3.80619000000000009E-04
4.07299000000000018E-04
3.82698000000000001E-04
3.83229000000000013E-04
4.11589000000000020E-04
3.76949000000000012E-04
3.77707999999999983E-04
4.05878999999999995E-04
3.76288999999999975E-04
3.74518000000000008E-04
3.66369000000000015E-04
3.66018000000000018E-04
3.91868999999999985E-04
3.72718000000000018E-04
3.87539000000000004E-04
3.70828000000000021E-04
4.22610000000000021E-04
3.96417999999999998E-04
3.82207999999999984E-04
3.81288999999999988E-04
3.78547999999999981E-04
3.86359000000000019E-04
4.34499999999999990E-04
3.95088999999999998E-04
3.93627999999999979E-04
4.27699000000000026E-04
4.09688999999999973E-04
4.00399000000000013E-04
3.87698999999999975E-04
3.80768999999999986E-04
3.84448000000000016E-04
3.84929000000000000E-04
4.10789000000000000E-04
3.83529000000000021E-04
3.87368999999999984E-04
3.96138999999999996E-04
3.94137999999999986E-04
4.32780000000000014E-04
3.88989000000000012E-04
3.87089000000000020E-04
3.89087999999999999E-04
4.00788999999999974E-04
5.29201999999999993E-04
4.01368999999999999E-04
4.05959000000000007E-04
3.51768000000000024E-04
2.83986999999999976E-04
3.01776000000000019E-04
2.83236999999999985E-04
2.84665999999999988E-04
2.96646999999999981E-04
2.84616000000000014E-04
2.86137000000000002E-04
2.88535999999999990E-04
3.04176999999999985E-04
3.03226999999999989E-04
2.99975999999999975E-04
2.85377000000000016E-04
2.83515999999999987E-04
2.83207000000000001E-04
2.93255999999999985E-04
2.99456999999999989E-04
2.83166000000000006E-04
2.82327000000000023E-04
2.82836000000000014E-04
4.21360000000000018E-04
4.10549000000000016E-04
3.10107000000000004E-04
2.84946000000000006E-04
2.86156999999999991E-04
3.17276999999999978E-04
2.89657000000000022E-04
2.86826000000000008E-04
2.85735999999999976E-04
2.96707000000000004E-04
2.83066000000000003E-04
3.00606999999999990E-04
2.83636999999999995E-04
2.83495999999999998E-04
2.83156000000000011E-04
3.06886999999999991E-04
2.83505999999999992E-04
2.83976999999999982E-04
3.57652999999999986E-04
2.85236000000000018E-04
2.85295999999999987E-04
2.87187000000000000E-04
3.42868000000000025E-04
3.95187999999999985E-04
3.23528000000000010E-04
3.14646999999999984E-04
2.85725999999999981E-04
3.11506999999999984E-04
3.02516999999999977E-04
3.72467999999999985E-04
3.61398000000000025E-04
3.47897000000000007E-04
2.86337000000000006E-04
2.92725999999999989E-04
2.83546999999999987E-04
2.85065999999999998E-04
3.02437000000000018E-04
2.85305999999999982E-04
2.87106999999999987E-04
3.47557999999999982E-04
3.81538000000000005E-04
3.19197000000000014E-04
3.32467999999999989E-04
3.44197999999999987E-04
3.58588000000000017E-04
3.16667000000000023E-04
2.83246000000000019E-04
3.30487999999999984E-04
3.00416000000000019E-04
7.10998000000000012E-04
5.12200999999999997E-04
5.54495000000000010E-04
3.95139000000000026E-04
3.88628999999999982E-04
3.46507999999999983E-04
2.87236000000000013E-04
2.91946999999999975E-04
2.88086000000000006E-04
3.77659000000000024E-04
3.47997000000000009E-04
4.27795000000000020E-04
3.82248999999999979E-04
3.88549000000000023E-04
3.88357999999999997E-04
4.15249999999999983E-04
3.84307999999999980E-04
3.85199000000000023E-04
3.89998999999999977E-04
3.98839000000000008E-04
4.15331000000000012E-04
4.46060000000000022E-04
3.80248999999999984E-04
3.80138000000000025E-04
4.20097999999999988E-04
3.85547999999999989E-04
4.03539000000000014E-04
2.91127000000000020E-04
3.10697000000000024E-04
3.16846999999999984E-04
2.83376000000000005E-04
2.83946999999999997E-04
2.82555999999999996E-04
2.98936999999999987E-04
2.83015999999999975E-04
2.83566000000000016E-04
2.82867000000000014E-04
2.92446000000000025E-04
2.85177000000000011E-04
2.85336000000000021E-04
4.05791000000000018E-04
3.13496999999999984E-04
2.88425999999999993E-04
2.06359900000000016E-03
3.76458999999999995E-04
3.76137999999999982E-04
3.97589000000000004E-04
4.44969999999999990E-04
3.74327999999999998E-04
3.77349000000000022E-04
3.73907999999999999E-04
3.77518999999999988E-04
4.08945999999999984E-04
3.77208999999999986E-04
3.77997999999999995E-04
4.22383000000000025E-04
3.87227999999999986E-04
3.84909000000000011E-04
3.83219000000000018E-04
3.83318000000000005E-04
3.99139000000000015E-04
3.80458999999999984E-04
3.79938000000000020E-04
3.91548999999999988E-04
3.77758000000000011E-04
4.25729000000000016E-04
3.78168999999999977E-04
3.77817999999999980E-04
2.95617000000000026E-04
2.82936000000000016E-04
2.83075999999999998E-04
3.00747000000000026E-04
2.85736999999999992E-04
2.86985999999999979E-04
2.87136000000000010E-04
2.88227000000000004E-04
2.88826000000000002E-04
2.94456999999999976E-04
3.03326999999999991E-04
2.85016000000000024E-04
2.83066000000000003E-04
2.82445999999999999E-04
3.31716999999999982E-04
4.44665000000000013E-04
4.73566000000000026E-04
4.50949999999999984E-04
4.03258999999999996E-04
3.15727999999999983E-04
3.07846000000000020E-04
2.84947000000000021E-04
2.84365999999999981E-04
2.87047000000000018E-04
2.88906000000000015E-04
2.88776999999999990E-04
2.86586000000000024E-04
3.15411999999999995E-04
2.85185999999999990E-04
2.83827000000000005E-04
2.83845999999999979E-04
2.83815999999999995E-04
2.92456999999999982E-04
3.00316999999999978E-04
2.83056000000000009E-04
2.95376999999999988E-04
3.10067000000000025E-04
3.33037000000000003E-04
3.02847000000000023E-04
3.07277000000000006E-04
2.87006000000000023E-04
2.87887000000000017E-04
2.88886000000000026E-04
3.17427000000000009E-04
3.43477999999999980E-04
3.23436999999999987E-04
3.01126999999999992E-04
2.83636999999999995E-04
2.83696000000000002E-04
2.82396000000000025E-04
2.82726999999999978E-04
2.82665999999999994E-04
2.82145999999999992E-04
3.08476999999999981E-04
2.96336999999999978E-04
2.85166000000000000E-04
2.95146999999999998E-04
2.86115999999999996E-04
2.88327000000000006E-04
3.04877000000000002E-04
3.71558000000000023E-04
3.68577999999999994E-04
3.48228000000000014E-04
3.71193000000000022E-04
3.35507999999999987E-04
3.40488000000000010E-04
3.38716999999999989E-04
3.61447999999999999E-04
3.90820000000000002E-04
3.80078000000000002E-04
3.79539000000000027E-04
3.99469000000000007E-04
3.79928000000000026E-04
3.97169000000000005E-04
3.81198999999999980E-04
3.82077999999999997E-04
3.80909000000000022E-04
3.90009000000000026E-04
3.96298000000000006E-04
3.77198999999999991E-04
3.78117999999999987E-04
3.77349000000000022E-04
3.78337999999999982E-04
4.08033999999999990E-04
3.79029000000000020E-04
4.06428999999999981E-04
4.02469000000000026E-04
3.88339000000000024E-04
4.29118999999999996E-04
3.92188999999999982E-04
3.92559000000000007E-04
3.91489000000000019E-04
4.00228999999999993E-04
4.18758999999999993E-04
3.89909000000000024E-04
3.74738000000000003E-04
4.12133999999999981E-04
3.74629000000000021E-04
3.93478000000000003E-04
3.91028999999999986E-04
4.01839000000000026E-04
3.89629000000000006E-04
4.00839000000000002E-04
3.72958000000000003E-04
2.95696000000000023E-04
2.94146999999999974E-04
3.01625999999999988E-04
2.85625999999999979E-04
2.86476000000000027E-04
2.88507000000000021E-04
3.06537000000000010E-04
3.52918000000000025E-04
3.70713000000000000E-04
2.84575999999999980E-04
2.84045999999999984E-04
3.30187999999999977E-04
3.93899000000000018E-04
4.02464000000000001E-04
3.89509000000000014E-04
3.93738999999999992E-04
3.96468000000000027E-04
3.93018000000000024E-04
4.17329999999999990E-04
3.97818999999999994E-04
4.12388999999999985E-04
4.00438999999999992E-04
4.09919000000000017E-04
4.19370000000000018E-04
3.99278999999999997E-04
4.01208999999999973E-04
4.14019000000000008E-04
4.16698999999999976E-04
3.93838999999999995E-04
4.25419999999999976E-04
3.81208000000000013E-04
2.92425999999999982E-04
2.82506000000000022E-04
2.82967000000000017E-04
3.00346000000000001E-04
2.83896000000000007E-04
2.84626000000000009E-04
2.84796999999999991E-04
2.86575999999999975E-04
2.88596999999999975E-04
2.88625999999999998E-04
3.01966999999999991E-04
3.44317000000000017E-04
3.43126999999999983E-04
3.60768000000000026E-04
3.87358999999999989E-04
4.20289999999999976E-04
4.45789999999999999E-04
3.50318000000000016E-04
2.83576000000000010E-04
3.47337999999999987E-04
4.09024000000000020E-04
3.81198000000000019E-04
3.94109000000000017E-04
3.86298999999999996E-04
3.84858999999999982E-04
3.94938000000000006E-04
3.87368000000000022E-04
3.88229000000000026E-04
4.13059000000000017E-04
3.84379000000000014E-04
4.05519000000000018E-04
3.99948999999999975E-04
3.87048999999999987E-04
3.88297999999999974E-04
4.10329000000000021E-04
4.18209000000000007E-04
4.18310000000000025E-04
3.83987999999999983E-04
3.84189000000000004E-04
3.75177999999999992E-04
3.75479000000000015E-04
4.05649000000000005E-04
3.75187999999999986E-04
3.77049000000000015E-04
3.92329000000000018E-04
3.78788000000000020E-04
3.95369000000000016E-04
3.74037999999999986E-04
3.77438999999999975E-04
3.79997999999999989E-04
3.84988000000000008E-04
3.93248999999999975E-04
7.03486000000000020E-04
3.74687999999999974E-04
3.23546999999999984E-04
3.91228999999999991E-04
3.80128999999999992E-04
3.78078000000000008E-04
3.79659000000000019E-04
4.09619000000000010E-04
3.79808999999999995E-04
3.85908000000000019E-04
3.94749000000000011E-04
3.87289000000000025E-04
4.17188999999999993E-04
3.78619000000000015E-04
3.79567999999999995E-04
3.78038999999999990E-04
3.77797999999999990E-04
3.04076999999999982E-04
2.95117000000000014E-04
2.83825999999999989E-04
2.95957000000000013E-04
3.09296999999999990E-04
2.85315999999999977E-04
3.48397999999999980E-04
3.02796999999999995E-04
2.89246000000000002E-04
2.86957000000000011E-04
3.12717000000000008E-04
3.21507000000000010E-04
3.12016999999999991E-04
3.00227000000000024E-04
2.83405999999999990E-04
3.00467000000000008E-04
2.82565999999999991E-04
2.82427000000000025E-04
2.83115999999999977E-04
2.83126000000000027E-04
3.00237000000000019E-04
2.84936000000000011E-04
2.86217000000000014E-04
2.86686000000000026E-04
2.99077000000000023E-04
2.91985999999999993E-04
2.94735999999999978E-04
3.12907000000000018E-04
2.84357000000000002E-04
2.83215999999999980E-04
8.25322999999999985E-04
5.68115000000000005E-04
3.79408999999999985E-04
3.77138000000000007E-04
3.80028999999999990E-04
4.02558999999999979E-04
3.89038000000000025E-04
3.94278999999999984E-04
3.93668999999999974E-04
3.91978999999999982E-04
4.69130000000000003E-04
3.95597999999999989E-04
4.11300000000000023E-04
5.24580999999999984E-04
3.93638999999999990E-04
4.12199999999999990E-04
3.89358000000000022E-04
4.09220000000000016E-04
4.59060000000000013E-04
4.74120999999999983E-04
4.08938999999999982E-04
4.31418999999999997E-04
4.36878999999999989E-04
3.93269000000000019E-04
4.74701000000000007E-04
4.02988999999999973E-04
4.03559000000000003E-04
4.02509000000000005E-04
4.03398999999999978E-04
5.30771999999999993E-04
4.10349000000000011E-04
4.30070000000000007E-04
4.09729000000000007E-04
8.48649000000000040E-04
4.03669000000000000E-04
4.13630000000000009E-04
7.62529999999999979E-04
3.70887999999999990E-04
3.69097999999999996E-04
3.78778999999999986E-04
3.97958999999999976E-04
3.97049000000000013E-04
3.85037999999999982E-04
3.69688999999999977E-04
3.74378000000000026E-04
3.95169000000000011E-04
3.87409000000000017E-04
3.88979000000000017E-04
4.00319000000000000E-04
4.06789000000000011E-04
4.24919000000000002E-04
4.25929999999999983E-04
3.72328000000000004E-04
3.75018999999999982E-04
3.73458000000000015E-04
4.02778999999999973E-04
3.77738999999999983E-04
3.74508000000000013E-04
3.91069000000000019E-04
3.76268000000000023E-04
3.97169000000000005E-04
3.90359000000000008E-04
3.83459000000000003E-04
3.78058000000000018E-04
3.81838999999999974E-04
4.16509000000000020E-04
3.79249000000000014E-04
3.70818000000000027E-04
3.73018000000000026E-04
3.81669000000000008E-04
4.36870000000000010E-04
4.06979000000000021E-04
4.00568999999999979E-04
3.79008000000000014E-04
3.92629000000000025E-04
3.96898999999999982E-04
3.83419000000000023E-04
3.93748999999999987E-04
9.86352000000000019E-04
6.46563999999999971E-04
3.82118999999999992E-04
3.90579000000000002E-04
3.82117999999999976E-04
3.90418999999999977E-04
3.93929000000000002E-04
3.79978000000000000E-04
3.74168000000000027E-04
3.71998000000000012E-04
3.85048999999999992E-04
4.25790000000000001E-04
4.04909000000000009E-04
4.28049000000000008E-04
3.94088999999999974E-04
3.74019000000000012E-04
3.97518999999999987E-04
3.82727999999999985E-04
3.79518999999999983E-04
3.80978000000000024E-04
3.84919000000000006E-04
3.98588999999999975E-04
3.93528999999999993E-04
3.79917999999999977E-04
3.89148999999999984E-04
3.68868000000000006E-04
4.03708999999999980E-04
3.88118999999999975E-04
3.86638999999999982E-04
3.84919000000000006E-04
3.82668000000000016E-04
3.94818999999999975E-04
3.94719000000000027E-04
3.90838999999999976E-04
3.91729000000000003E-04
4.70849999999999979E-04
4.05048999999999991E-04
3.84328999999999986E-04
3.80657999999999973E-04
3.80589000000000025E-04
3.77497999999999983E-04
4.04809000000000006E-04
3.78188000000000005E-04
3.77638000000000019E-04
3.78107999999999992E-04
3.77407999999999975E-04
4.12980000000000020E-04
3.80248000000000023E-04
3.95599000000000005E-04
3.80778999999999981E-04
3.89468000000000019E-04
3.98739000000000005E-04
3.81979000000000010E-04
3.82079000000000012E-04
3.80927999999999996E-04
3.79549000000000021E-04
3.78908000000000012E-04
3.94778999999999996E-04
3.90539000000000023E-04
3.78678000000000022E-04
3.87519000000000014E-04
3.78427999999999989E-04
3.94519000000000022E-04
3.77818999999999996E-04
3.78478000000000018E-04
3.78238999999999995E-04
3.79508000000000026E-04
3.96729000000000016E-04
3.80468999999999979E-04
4.04728999999999994E-04
3.82158000000000009E-04
3.80709000000000017E-04
3.97188999999999995E-04
3.78058000000000018E-04
5.50263000000000054E-04
3.95349000000000026E-04
3.87667999999999975E-04
3.89698000000000008E-04
3.90559000000000012E-04
3.76998999999999986E-04
3.99267999999999986E-04
3.84438000000000021E-04
3.91778999999999977E-04
3.69808000000000007E-04
3.67068999999999978E-04
3.92337999999999997E-04
3.76168999999999983E-04
3.72508000000000019E-04
4.00819000000000013E-04
3.66828999999999994E-04
3.71947999999999983E-04
3.71778000000000017E-04
3.78068999999999975E-04
4.23458999999999999E-04
3.84118999999999986E-04
3.82609000000000009E-04
3.82207999999999984E-04
3.75799000000000012E-04
4.03298999999999975E-04
3.80868000000000027E-04
3.82528999999999996E-04
3.85248999999999997E-04
3.83848000000000002E-04
4.03888999999999995E-04
3.91389000000000016E-04
3.97418999999999984E-04
3.81159000000000001E-04
3.90708999999999989E-04
4.02738999999999994E-04
3.81057999999999983E-04
3.72779000000000003E-04
3.79037999999999999E-04
3.77948999999999982E-04
4.06928999999999993E-04
9.78280999999999899E-04
4.09328999999999997E-04
4.17869000000000020E-04
2.85817000000000005E-04
2.86215999999999999E-04
2.87626999999999989E-04
2.89656000000000006E-04
2.89127000000000025E-04
3.04096000000000010E-04
2.85725999999999981E-04
3.42637999999999981E-04
2.84025999999999994E-04
2.83185999999999995E-04
2.96037000000000025E-04
2.83325999999999977E-04
2.98416999999999986E-04
2.83446000000000023E-04
2.82347000000000012E-04
2.83246000000000019E-04
2.84435999999999999E-04
2.84877000000000003E-04
2.84035999999999989E-04
3.02176999999999990E-04
2.88396000000000008E-04
2.88717000000000021E-04
2.85666000000000012E-04
3.24517999999999985E-04
2.84596000000000024E-04
2.83356000000000016E-04
2.98816999999999995E-04
2.83305999999999988E-04
2.82957000000000022E-04
2.82795999999999981E-04
2.86366999999999991E-04
2.90835999999999992E-04
2.82885999999999988E-04
3.00047000000000009E-04
2.87467000000000018E-04
3.12966999999999987E-04
2.87915999999999986E-04
2.89086999999999992E-04
2.89295999999999976E-04
2.86307000000000022E-04
3.03436000000000027E-04
2.85187000000000006E-04
2.83325999999999977E-04
2.82756000000000001E-04
2.83326999999999993E-04
2.82905999999999978E-04
2.82326000000000007E-04
3.92888999999999999E-04
3.82889000000000027E-04
3.84387999999999993E-04
3.89438999999999996E-04
3.72063000000000005E-04
3.28497999999999984E-04
4.16639000000000007E-04
3.87229000000000002E-04
3.92329000000000018E-04
3.99908999999999996E-04
4.35270000000000025E-04
3.90328000000000007E-04
3.91128999999999988E-04
3.91599000000000016E-04
3.92429000000000020E-04
4.09599000000000020E-04
3.86779000000000018E-04
3.83977999999999989E-04
3.87278999999999976E-04
4.17638999999999977E-04
4.14319000000000015E-04
3.80657999999999973E-04
3.90759000000000017E-04
3.95399000000000000E-04
3.96658999999999998E-04
4.39354999999999997E-04
3.94788999999999991E-04
3.98409000000000014E-04
4.07488999999999974E-04
3.94168999999999986E-04
4.12608999999999979E-04
3.88039000000000016E-04
4.06159000000000012E-04
3.88279000000000000E-04
3.84297999999999986E-04
4.03468999999999996E-04
3.88218999999999977E-04
4.22400000000000022E-04
3.96288999999999973E-04
3.87408000000000001E-04
4.00739000000000000E-04
3.03057000000000023E-04
4.55280000000000018E-04
3.94368999999999991E-04
4.22920000000000023E-04
4.64480000000000025E-04
2.00379500000000006E-03
5.30582000000000037E-04
7.33065999999999991E-04
3.89237999999999976E-04
3.36657999999999988E-04
3.82899000000000021E-04
3.80297999999999997E-04
3.83459000000000003E-04
3.82059000000000023E-04
3.88978000000000002E-04
4.03178999999999983E-04
3.70649000000000022E-04
3.72067999999999976E-04
3.70357999999999994E-04
4.04069000000000010E-04
3.88357999999999997E-04
3.68269000000000007E-04
3.66807999999999989E-04
3.65327999999999996E-04
3.65838000000000003E-04
3.88229000000000026E-04
3.65688000000000026E-04
3.72127999999999999E-04
3.67898000000000021E-04
4.16729000000000014E-04
3.91289000000000014E-04
3.71967999999999973E-04
3.89179000000000022E-04
3.94539000000000012E-04
3.90059000000000000E-04
3.84668000000000011E-04
3.99378999999999999E-04
3.79508999999999988E-04
4.12729000000000026E-04
3.96278999999999978E-04
3.78829000000000015E-04
3.94537999999999996E-04
3.97259000000000013E-04
3.77298999999999994E-04
3.78088000000000003E-04
3.76739000000000013E-04
3.94458999999999999E-04
3.78798000000000014E-04
4.11409000000000004E-04
3.80899000000000027E-04
3.81108000000000011E-04
3.98429000000000003E-04
3.81808999999999990E-04
3.81088999999999983E-04
3.79497999999999977E-04
3.92019000000000015E-04
3.93829000000000000E-04
4.10549000000000016E-04
3.78758999999999997E-04
3.77448000000000009E-04
3.76777999999999976E-04
3.94739000000000017E-04
3.77249000000000020E-04
3.78247999999999974E-04
3.77979000000000021E-04
3.78867999999999978E-04
3.92798999999999991E-04
4.18529000000000004E-04
3.95438000000000018E-04
3.81979000000000010E-04
3.79428000000000014E-04
3.80068000000000007E-04
3.93569000000000026E-04
3.74318000000000003E-04
3.90728999999999979E-04
3.89128999999999994E-04
4.27038999999999988E-04
4.28759000000000019E-04
3.84838999999999993E-04
3.92268999999999994E-04
3.93238000000000019E-04
4.05639000000000010E-04
4.18448999999999991E-04
3.75728999999999994E-04
3.09155999999999992E-04
2.88745999999999990E-04
3.52398000000000023E-04
3.17906999999999977E-04
2.86337000000000006E-04
3.14866999999999979E-04
3.66868000000000012E-04
3.73858000000000025E-04
3.70188999999999989E-04
3.87698000000000014E-04
3.72849000000000021E-04
3.88118000000000013E-04
3.93478000000000003E-04
3.88218999999999977E-04
3.96878999999999993E-04
3.80788999999999976E-04
3.77917999999999982E-04
3.87719000000000019E-04
3.57252999999999976E-04
3.36037000000000022E-04
3.30077999999999979E-04
2.85275999999999997E-04
2.84775999999999985E-04
3.24858000000000026E-04
3.18416999999999984E-04
2.97027000000000001E-04
3.09457000000000015E-04
2.90725999999999994E-04
2.83046000000000014E-04
2.82977000000000012E-04
3.00057000000000004E-04
2.84536000000000001E-04
5.08445999999999963E-04
3.80908000000000006E-04
4.29550000000000006E-04
3.82478000000000006E-04
4.19670000000000026E-04
3.81648000000000002E-04
4.18305000000000001E-04
3.79108000000000017E-04
3.44617999999999986E-04
2.84765999999999990E-04
2.83627000000000000E-04
2.99515999999999997E-04
3.14546999999999982E-04
2.83185999999999995E-04
2.82936000000000016E-04
2.82767000000000012E-04
2.84665999999999988E-04
2.87976000000000009E-04
2.99276999999999974E-04
2.86557000000000001E-04
2.88606000000000008E-04
2.88706000000000010E-04
2.85656000000000018E-04
2.85415999999999979E-04
2.84596999999999986E-04
3.24166999999999988E-04
2.95327000000000014E-04
2.82956000000000006E-04
2.82775999999999991E-04
3.47058000000000024E-04
3.54767999999999989E-04
3.05807000000000008E-04
2.83495999999999998E-04
2.83876999999999979E-04
2.83945999999999981E-04
2.84526000000000006E-04
2.85646999999999984E-04
2.96576000000000001E-04
3.03336000000000024E-04
2.85897000000000017E-04
2.84885999999999983E-04
2.83515999999999987E-04
2.82777000000000007E-04
2.82885999999999988E-04
2.82475999999999984E-04
2.98506999999999993E-04
3.00606999999999990E-04
2.83005999999999980E-04
2.82787000000000001E-04
2.82595999999999976E-04
4.95146000000000019E-04
3.67949000000000010E-04
3.04567000000000000E-04
2.87065999999999992E-04
2.88927000000000021E-04
3.99983000000000023E-04
3.93789000000000021E-04
3.94988999999999995E-04
3.95208999999999990E-04
3.91548999999999988E-04
4.34529999999999975E-04
3.85518000000000004E-04
4.02638999999999992E-04
3.87268999999999981E-04
3.88078999999999996E-04
4.08859000000000024E-04
3.90818999999999986E-04
3.90249000000000010E-04
3.89737999999999988E-04
4.21770000000000022E-04
4.04049000000000021E-04
3.87729000000000014E-04
3.90047999999999990E-04
3.82028999999999984E-04
3.91279000000000019E-04
3.99239000000000017E-04
3.96849000000000008E-04
3.83188000000000018E-04
4.17569999999999975E-04
3.82578000000000009E-04
4.02858999999999986E-04
3.78539000000000002E-04
3.78388000000000010E-04
3.77469000000000014E-04
3.77157999999999996E-04
4.05888999999999989E-04
3.82138000000000020E-04
4.07499000000000023E-04
3.80128999999999992E-04
3.90779000000000007E-04
4.92201000000000053E-04
3.85818000000000012E-04
3.86858999999999977E-04
3.87278999999999976E-04
3.88589000000000003E-04
4.05329000000000008E-04
3.95618999999999995E-04
4.22369000000000021E-04
3.81649000000000018E-04
3.79667999999999998E-04
3.01356999999999981E-04
2.84746000000000001E-04
2.84576999999999996E-04
2.84846000000000003E-04
2.86547000000000006E-04
2.89136000000000005E-04
3.11166999999999997E-04
3.10956999999999998E-04
3.27716999999999993E-04
2.83727000000000003E-04
2.83075999999999998E-04
2.82947000000000027E-04
2.83095999999999988E-04
2.83115999999999977E-04
2.99097000000000013E-04
2.83376000000000005E-04
2.83116999999999993E-04
2.83176000000000001E-04
2.84435999999999999E-04
2.84957000000000016E-04
2.85376000000000000E-04
3.38977999999999979E-04
2.87725999999999976E-04
3.00516999999999982E-04
2.86276000000000022E-04
2.86107000000000017E-04
2.85095999999999982E-04
2.97156999999999988E-04
2.84675999999999983E-04
2.83207000000000001E-04
2.82885999999999988E-04
2.82455999999999994E-04
2.82696999999999994E-04
3.20796999999999998E-04
3.04266999999999992E-04
2.85046000000000008E-04
2.84916999999999983E-04
3.01715999999999996E-04
2.86356999999999996E-04
3.39266999999999976E-04
3.07477000000000011E-04
3.02447000000000013E-04
2.85587000000000015E-04
2.84345999999999991E-04
2.83535999999999977E-04
2.82836999999999976E-04
3.25416999999999991E-04
2.83766000000000020E-04
2.98657000000000024E-04
2.83315999999999982E-04
2.82887000000000004E-04
2.83005999999999980E-04
2.84506000000000017E-04
2.99136999999999992E-04
2.94617000000000002E-04
3.04376999999999990E-04
2.86875999999999982E-04
2.89277000000000002E-04
3.25777000000000022E-04
2.85886000000000007E-04
2.83727000000000003E-04
2.98825999999999974E-04
2.83187000000000011E-04
2.82875999999999993E-04
2.82885999999999988E-04
2.82696999999999994E-04
2.82385999999999976E-04
2.82536000000000007E-04
2.98096999999999989E-04
2.84247000000000004E-04
2.84755999999999996E-04
3.10097000000000009E-04
2.86435999999999993E-04
2.88346999999999996E-04
3.23917000000000009E-04
3.13007000000000020E-04
2.85187000000000006E-04
2.85305999999999982E-04
2.83046000000000014E-04
2.82936999999999978E-04
2.82826000000000019E-04
2.82086000000000023E-04
2.97456999999999995E-04
2.83435999999999974E-04
3.09577000000000008E-04
2.83036999999999980E-04
2.84575999999999980E-04
2.84785999999999980E-04
3.00557000000000016E-04
3.02056999999999998E-04
2.88225999999999988E-04
2.88527000000000011E-04
4.21928999999999978E-04
3.72188999999999983E-04
2.95465999999999980E-04
3.40368000000000018E-04
2.83906000000000002E-04
2.83097000000000004E-04
2.82795999999999981E-04
2.83066000000000003E-04
2.96956000000000021E-04
2.82806999999999991E-04
3.00746000000000010E-04
2.85246999999999975E-04
2.85976000000000014E-04
2.84496000000000022E-04
2.86455999999999983E-04
2.88466000000000026E-04
3.16746999999999981E-04
3.07136000000000008E-04
2.85897000000000017E-04
2.84496000000000022E-04
2.83636999999999995E-04
2.82705999999999973E-04
2.82985999999999991E-04
2.82706999999999989E-04
2.97945999999999996E-04
2.83136999999999983E-04
2.83176000000000001E-04
2.83305999999999988E-04
2.84376999999999991E-04
2.92395999999999997E-04
2.84417000000000025E-04
3.01825999999999993E-04
2.93337000000000014E-04
3.28136999999999992E-04
3.28838000000000025E-04
2.85046000000000008E-04
2.84156999999999997E-04
2.99335999999999981E-04
2.83456999999999980E-04
2.83146000000000016E-04
2.83615999999999990E-04
3.11997000000000001E-04
2.83336999999999988E-04
2.83366000000000011E-04
2.99256999999999984E-04
2.84235999999999994E-04
2.84777000000000001E-04
3.01596000000000004E-04
2.86027000000000004E-04
2.88955999999999989E-04
2.89037000000000018E-04
3.12436999999999990E-04
2.85635999999999974E-04
2.85167000000000016E-04
4.43498999999999977E-04
3.81369000000000001E-04
3.96969000000000000E-04
3.84018999999999984E-04
4.17563999999999989E-04
3.79229000000000024E-04
3.78837999999999994E-04
3.78289000000000023E-04
3.96919000000000026E-04
3.88518000000000023E-04
3.92779000000000001E-04
3.80658999999999989E-04
3.81738000000000010E-04
3.99218999999999974E-04
3.80338999999999992E-04
3.77297999999999978E-04
3.77589000000000006E-04
3.77758000000000011E-04
4.04448999999999976E-04
3.78299000000000018E-04
3.77157999999999996E-04
3.77059000000000010E-04
3.78327999999999987E-04
3.93218999999999990E-04
4.00768999999999984E-04
3.64827999999999984E-04
2.84806999999999986E-04
2.85366000000000005E-04
2.87216999999999984E-04
2.97166000000000021E-04
3.05526999999999990E-04
2.86246999999999999E-04
2.86035999999999983E-04
2.85315999999999977E-04
2.83126999999999988E-04
2.82616000000000020E-04
2.99446999999999994E-04
2.99296000000000002E-04
2.83305999999999988E-04
2.83105999999999983E-04
3.13466999999999999E-04
3.83879000000000002E-04
3.15916999999999977E-04
3.02467000000000003E-04
6.90944999999999992E-04
2.91116000000000009E-04
2.92297000000000010E-04
2.89405999999999973E-04
3.17052000000000013E-04
3.35366999999999989E-04
3.04037000000000003E-04
2.83456000000000018E-04
3.49977999999999975E-04
3.00877000000000013E-04
3.07867000000000026E-04
2.83906000000000002E-04
2.83097000000000004E-04
2.93795999999999977E-04
3.03436999999999988E-04
2.84327000000000017E-04
2.86936000000000005E-04
3.25206999999999992E-04
3.09797000000000002E-04
3.03077000000000012E-04
3.41897999999999985E-04
3.17007000000000009E-04
2.95776999999999997E-04
3.02595999999999974E-04
3.28458000000000005E-04
3.53407999999999988E-04
3.19947000000000005E-04
2.83576000000000010E-04
2.82516999999999979E-04
3.11977000000000012E-04
2.82795999999999981E-04
2.82805999999999975E-04
3.30707999999999979E-04
2.84846000000000003E-04
2.84906999999999988E-04
2.85815999999999989E-04
3.09736999999999979E-04
2.88046000000000027E-04
2.88607000000000024E-04
2.84486000000000027E-04
3.20616999999999983E-04
2.93337000000000014E-04
2.93936999999999974E-04
2.99706000000000007E-04
3.39927999999999975E-04
3.29747000000000026E-04
3.01605999999999999E-04
2.82987000000000006E-04
2.82695999999999978E-04
3.03036999999999979E-04
5.74623000000000017E-04
4.15828999999999992E-04
4.43370000000000005E-04
2.88105999999999996E-04
4.29850000000000013E-04
4.10249000000000009E-04
3.92239000000000010E-04
3.84228999999999983E-04
3.84978000000000013E-04
4.25423999999999984E-04
3.57907999999999989E-04
3.58168000000000017E-04
3.55958000000000023E-04
3.57167999999999993E-04
4.08449000000000019E-04
3.54907000000000009E-04
3.70018000000000007E-04
3.56708000000000014E-04
3.56847999999999996E-04
3.62427999999999980E-04
3.78627999999999994E-04
3.60847999999999985E-04
3.59128000000000008E-04
3.57548000000000013E-04
3.92227999999999999E-04
3.94518000000000006E-04
3.85708999999999976E-04
3.85388999999999979E-04
3.85577999999999973E-04
4.04089000000000000E-04
4.02018999999999987E-04
3.85767999999999983E-04
4.04879000000000024E-04
4.18520000000000025E-04
3.19277000000000026E-04
2.84086000000000017E-04
3.02137000000000011E-04
2.87126000000000015E-04
2.88007000000000009E-04
2.85505999999999987E-04
2.84516999999999973E-04
5.35286999999999959E-04
3.95948000000000025E-04
3.87219000000000007E-04
4.29230000000000009E-04
3.81408000000000018E-04
4.09850000000000015E-04
3.38416999999999982E-04
2.95596000000000021E-04
3.00616999999999985E-04
2.91936000000000018E-04
2.94876000000000014E-04
2.85057000000000019E-04
3.14526999999999992E-04
3.64028000000000019E-04
3.36977000000000023E-04
2.85956999999999986E-04
2.85466000000000008E-04
2.84906999999999988E-04
3.00355999999999995E-04
2.85666999999999974E-04
2.83766000000000020E-04
2.83425999999999980E-04
2.83266000000000008E-04
2.83395999999999995E-04
2.83436999999999990E-04
3.04216000000000002E-04
2.90847000000000002E-04
3.04286999999999982E-04
2.84716000000000016E-04
3.57287999999999985E-04
3.57778000000000002E-04
3.17666999999999993E-04
2.86657000000000003E-04
2.90555999999999974E-04
3.45347999999999987E-04
3.14456999999999974E-04
2.83966999999999987E-04
2.83466000000000013E-04
3.09057000000000006E-04
2.83955999999999976E-04
2.83057000000000024E-04
2.83435999999999974E-04
2.93045999999999986E-04
2.84216000000000004E-04
2.84326000000000001E-04
3.00846999999999974E-04
3.06237000000000002E-04
2.88525999999999995E-04
2.88236999999999998E-04
5.09491000000000045E-04
3.83777999999999984E-04
3.67278000000000016E-04
3.65529000000000017E-04
3.68177999999999984E-04
2.88855999999999987E-04
3.00797000000000000E-04
2.82296999999999984E-04
2.82836000000000014E-04
2.83136000000000021E-04
2.83136999999999983E-04
2.83095999999999988E-04
2.84655999999999993E-04
3.10607000000000016E-04
2.86927000000000026E-04
2.88665999999999977E-04
2.99986999999999986E-04
2.85776000000000010E-04
2.84937000000000027E-04
2.84225999999999999E-04
2.99197000000000015E-04
2.83295999999999993E-04
2.82997000000000001E-04
2.83036000000000019E-04
2.82155999999999987E-04
2.98137000000000022E-04
3.29626999999999980E-04
3.44397999999999991E-04
2.85305999999999982E-04
2.85897000000000017E-04
2.85586000000000000E-04
2.87196999999999995E-04
3.57917999999999984E-04
4.21414000000000001E-04
4.07519999999999974E-04
4.01288999999999986E-04
3.95968999999999976E-04
4.04889000000000019E-04
3.78368000000000020E-04
3.83288999999999982E-04
3.83388000000000023E-04
3.80358999999999981E-04
4.05019000000000006E-04
3.87529000000000009E-04
3.78637999999999989E-04
3.83129000000000011E-04
4.63919999999999990E-04
4.60871000000000013E-04
3.88507999999999974E-04
4.69530999999999974E-04
3.53827999999999988E-04
3.50157999999999991E-04
3.88248000000000000E-04
3.85019000000000008E-04
3.97418999999999984E-04
4.02819000000000007E-04
3.77779000000000016E-04
3.77687999999999993E-04
3.21866999999999986E-04
3.13447000000000009E-04
3.95179000000000006E-04
3.96929000000000021E-04
4.16658999999999996E-04
4.02108999999999995E-04
3.58097999999999999E-04
3.55317999999999975E-04
3.04606000000000017E-04
2.88765999999999979E-04
3.20396999999999989E-04
3.44748000000000027E-04
3.21517000000000005E-04
2.92966999999999989E-04
2.83896000000000007E-04
2.83377000000000021E-04
3.10696000000000008E-04
2.95946000000000002E-04
2.94116999999999990E-04
3.13196999999999976E-04
2.87986000000000004E-04
2.86097000000000022E-04
2.85285999999999992E-04
3.10026999999999991E-04
2.86596999999999980E-04
3.23346999999999979E-04
3.85208000000000002E-04
3.51847000000000021E-04
2.85167000000000016E-04
2.87636000000000022E-04
3.26317999999999975E-04
2.88025999999999983E-04
3.22317000000000024E-04
3.96089000000000022E-04
3.02816999999999984E-04
2.83535999999999977E-04
2.84447000000000009E-04
2.84235999999999994E-04
3.00406999999999985E-04
2.87395999999999984E-04
2.85887000000000023E-04
2.87646000000000017E-04
2.99486999999999974E-04
3.06806999999999978E-04
2.89236000000000007E-04
3.01317000000000002E-04
3.03656999999999983E-04
2.88205999999999998E-04
3.21128000000000006E-04
3.68738000000000019E-04
2.94856999999999986E-04
2.83285999999999998E-04
3.37477999999999997E-04
2.88115999999999991E-04
3.24366999999999993E-04
3.20498000000000007E-04
2.93206000000000011E-04
2.85917000000000007E-04
3.03366000000000009E-04
2.91367000000000004E-04
2.90435999999999982E-04
2.85856999999999984E-04
2.97105999999999998E-04
2.85295999999999987E-04
2.87825999999999978E-04
2.98126999999999973E-04
3.06317000000000015E-04
3.24017000000000012E-04
2.83057000000000024E-04
2.84375999999999976E-04
2.83476000000000008E-04
3.39018000000000012E-04
3.73048000000000010E-04
3.05306999999999996E-04
2.85047000000000024E-04
2.91675999999999990E-04
2.92886999999999976E-04
3.02977000000000010E-04
3.02985999999999989E-04
3.63039000000000005E-04
2.86486000000000021E-04
2.82836000000000014E-04
2.83197000000000006E-04
3.15127000000000007E-04
4.78014999999999983E-04
3.81838999999999974E-04
3.82868000000000021E-04
3.73768000000000017E-04
3.55118000000000024E-04
4.01098999999999976E-04
3.99689000000000001E-04
4.12149000000000001E-04
3.95579000000000015E-04
3.85388999999999979E-04
4.14988999999999994E-04
4.09199000000000010E-04
4.12439999999999975E-04
3.81487999999999977E-04
4.18650000000000012E-04
3.82258000000000012E-04
3.70288999999999991E-04
3.80388000000000004E-04
3.72539000000000019E-04
3.58278000000000014E-04
3.74828000000000010E-04
4.01259000000000002E-04
3.67098000000000001E-04
3.93827999999999984E-04
4.12649999999999974E-04
3.81628000000000013E-04
4.07439000000000000E-04
