3.49829063482310616E+01
4.74726999999999983E-04
4.09195000000000001E-04
4.13463999999999997E-04
4.15900999999999988E-04
4.29063999999999997E-04
5.17910000000000007E-04
4.13344000000000005E-04
3.89086999999999983E-04
3.13555999999999991E-04
3.35428999999999990E-04
3.07781000000000027E-04
3.26014000000000013E-04
3.09092999999999976E-04
3.09450999999999975E-04
3.30748999999999974E-04
3.18323000000000022E-04
3.12559000000000014E-04
3.09959000000000005E-04
3.27553000000000013E-04
3.21562000000000009E-04
3.07488999999999983E-04
3.07099000000000022E-04
3.33944999999999988E-04
3.07402999999999984E-04
3.07391999999999973E-04
3.24844999999999984E-04
4.19541000000000000E-04
4.40893999999999997E-04
4.55367999999999995E-04
4.25293999999999998E-04
4.51337000000000006E-04
3.88286000000000002E-04
4.05781999999999985E-04
3.68710000000000012E-04
3.28235000000000018E-04
5.60241999999999967E-04
4.18175999999999975E-04
3.09341999999999994E-04
3.08972999999999984E-04
3.08800000000000025E-04
3.08366999999999984E-04
3.29275999999999983E-04
3.10880999999999994E-04
3.18659000000000000E-04
3.07716999999999995E-04
3.08300999999999974E-04
3.09873000000000006E-04
3.09515000000000007E-04
3.44692000000000013E-04
3.13870000000000002E-04
3.13262999999999985E-04
3.11431999999999996E-04
3.09568999999999990E-04
3.09492999999999986E-04
4.89552999999999993E-04
6.48800999999999957E-04
3.86043999999999992E-04
3.32178999999999992E-04
3.29254000000000016E-04
3.26263999999999992E-04
3.08399000000000000E-04
3.11637999999999987E-04
3.11919999999999982E-04
3.09742000000000003E-04
3.09503999999999997E-04
3.28982999999999977E-04
3.47368000000000026E-04
3.12949999999999990E-04
3.09785999999999991E-04
3.09829999999999980E-04
3.22808000000000003E-04
3.25288999999999982E-04
3.07901000000000019E-04
3.48731999999999981E-04
3.91981000000000013E-04
4.12574999999999986E-04
4.49333000000000002E-04
4.04882999999999979E-04
3.62426000000000002E-04
3.72880000000000021E-04
4.21306999999999997E-04
3.97955000000000021E-04
3.12504999999999977E-04
3.13513000000000019E-04
3.33468999999999975E-04
3.66780999999999997E-04
4.04806999999999975E-04
4.07656000000000001E-04
4.69862999999999997E-04
4.07482999999999988E-04
4.43650999999999985E-04
4.01081000000000018E-04
3.96172999999999990E-04
3.95989000000000020E-04
4.20245000000000026E-04
4.22735999999999999E-04
4.30189999999999999E-04
4.22779999999999987E-04
4.58703999999999991E-04
3.23187000000000008E-04
3.13176999999999987E-04
3.14770000000000024E-04
3.10663999999999992E-04
3.10284999999999988E-04
3.42427999999999982E-04
3.21811000000000026E-04
3.46218999999999986E-04
3.08995000000000005E-04
3.08225999999999986E-04
3.08183000000000014E-04
3.68329999999999992E-04
3.28624999999999978E-04
3.08616000000000001E-04
3.09665999999999999E-04
3.20154000000000011E-04
3.33068000000000003E-04
3.11128999999999995E-04
3.35038999999999975E-04
3.26568000000000008E-04
3.60433000000000010E-04
4.15683999999999986E-04
4.63784999999999979E-04
3.36468999999999993E-04
3.51971999999999984E-04
3.39200000000000005E-04
3.58482999999999990E-04
3.54367000000000017E-04
3.63509999999999994E-04
3.59945999999999986E-04
3.59090000000000006E-04
3.09071000000000009E-04
3.09884000000000017E-04
3.09374000000000010E-04
3.58212000000000005E-04
3.23674999999999994E-04
3.31300999999999991E-04
3.10804999999999990E-04
3.73693999999999990E-04
3.29275999999999983E-04
3.38549000000000001E-04
3.07629999999999980E-04
3.42048000000000016E-04
4.12054999999999984E-04
4.22943000000000006E-04
4.37428000000000014E-04
4.23602999999999990E-04
4.25966000000000007E-04
4.44869999999999988E-04
4.27524999999999997E-04
4.27764000000000020E-04
4.47351000000000020E-04
4.32182999999999992E-04
4.47913999999999994E-04
4.36495000000000014E-04
4.22194999999999992E-04
4.36148000000000026E-04
4.26787999999999994E-04
4.41198000000000013E-04
4.23126999999999976E-04
4.24503000000000011E-04
4.24568000000000005E-04
4.26572000000000008E-04
5.53834000000000010E-04
5.12726000000000024E-04
3.99704999999999982E-04
5.18472999999999981E-04
4.14361999999999988E-04
3.12060999999999979E-04
3.13252999999999991E-04
3.13155000000000020E-04
3.26263999999999992E-04
3.28646999999999999E-04
3.09027999999999983E-04
3.53086999999999976E-04
3.09450000000000014E-04
3.07435000000000000E-04
3.07977000000000023E-04
3.08486000000000014E-04
3.26665000000000017E-04
3.44692000000000013E-04
4.05219000000000011E-04
4.11046999999999997E-04
4.09964000000000021E-04
4.13723000000000010E-04
5.49877000000000048E-04
5.17400000000000000E-04
4.28511999999999979E-04
4.26962000000000023E-04
4.71118999999999987E-04
4.23560999999999979E-04
4.38261000000000011E-04
4.23440999999999987E-04
4.22465999999999977E-04
4.55303000000000001E-04
4.51792999999999975E-04
4.69115999999999999E-04
5.41017999999999989E-04
4.48618000000000020E-04
4.24059000000000014E-04
4.24817000000000022E-04
4.25661999999999991E-04
4.38392000000000013E-04
4.62355000000000014E-04
7.03463999999999999E-04
3.30532000000000026E-04
3.43294000000000010E-04
3.09743000000000019E-04
3.24021999999999982E-04
3.49361000000000018E-04
4.33548999999999979E-04
4.38055999999999981E-04
4.22910999999999990E-04
4.44804999999999994E-04
4.17753999999999999E-04
4.12759000000000010E-04
4.44652999999999986E-04
4.26235999999999976E-04
4.26486000000000009E-04
4.33862999999999990E-04
4.15119999999999996E-04
4.59225000000000009E-04
4.32845000000000007E-04
4.16127999999999984E-04
4.26940000000000002E-04
4.32302000000000023E-04
4.31100000000000016E-04
4.54891000000000019E-04
4.08924000000000017E-04
4.48801999999999990E-04
4.38878999999999984E-04
4.41067000000000011E-04
4.28164999999999991E-04
4.06973999999999997E-04
4.36527999999999992E-04
4.35965000000000018E-04
4.11014999999999981E-04
4.49159999999999989E-04
4.14969000000000004E-04
4.25261999999999982E-04
4.67142999999999996E-04
4.51272999999999974E-04
4.30894000000000025E-04
4.08349999999999978E-04
6.52381999999999962E-04
4.18089000000000015E-04
4.14309000000000021E-04
4.12336999999999979E-04
4.46532000000000027E-04
4.69765000000000026E-04
4.11806000000000021E-04
4.29951999999999993E-04
4.45303999999999991E-04
4.37872000000000012E-04
4.15273000000000020E-04
4.12607000000000002E-04
4.42659999999999994E-04
4.32953000000000027E-04
4.71899000000000016E-04
4.16051999999999980E-04
4.02672999999999985E-04
4.37167000000000024E-04
4.28121000000000003E-04
4.31588000000000002E-04
4.70078999999999983E-04
4.09747999999999981E-04
4.32075000000000026E-04
4.32887999999999979E-04
4.45195000000000009E-04
4.36019000000000001E-04
4.15988000000000002E-04
4.17407000000000010E-04
4.45606999999999991E-04
4.30363999999999974E-04
4.25412000000000012E-04
4.37600999999999973E-04
4.40634000000000023E-04
4.13386999999999978E-04
4.42823000000000012E-04
4.09444000000000019E-04
4.11631999999999992E-04
4.28532999999999985E-04
9.00080999999999950E-04
7.28634000000000031E-04
4.21015000000000007E-04
3.81005999999999977E-04
3.10707000000000019E-04
3.11951999999999998E-04
3.12970999999999996E-04
3.31062999999999984E-04
3.12374999999999990E-04
3.27444999999999993E-04
3.11572999999999993E-04
3.08008999999999985E-04
3.07890000000000008E-04
3.07804000000000009E-04
3.35689000000000018E-04
3.07640999999999991E-04
3.25322000000000014E-04
3.07501000000000009E-04
3.07132000000000000E-04
3.08703000000000016E-04
3.22038999999999984E-04
3.09698999999999977E-04
3.21745999999999979E-04
3.31009000000000002E-04
3.13544999999999980E-04
3.09915999999999978E-04
3.36935000000000012E-04
3.09017000000000026E-04
3.07932999999999981E-04
3.09526000000000018E-04
3.27412000000000016E-04
3.07597000000000003E-04
3.06699000000000012E-04
3.07587000000000008E-04
3.07153000000000005E-04
3.07804000000000009E-04
3.22493999999999992E-04
3.45178999999999983E-04
3.28420000000000003E-04
3.19373000000000020E-04
3.18723999999999993E-04
3.13826999999999975E-04
3.10241000000000000E-04
3.09819000000000023E-04
3.24497999999999996E-04
3.08019999999999995E-04
3.11746000000000007E-04
3.07619000000000024E-04
3.06796000000000022E-04
3.06655000000000024E-04
4.28029000000000018E-04
4.62593999999999983E-04
3.41192999999999998E-04
3.74450999999999983E-04
3.80648999999999994E-04
3.29947999999999993E-04
3.11313000000000019E-04
3.13978000000000022E-04
3.13306999999999974E-04
3.10328000000000014E-04
3.09568999999999990E-04
3.09385000000000020E-04
3.25309999999999987E-04
3.42395000000000004E-04
3.07705999999999984E-04
3.07349000000000001E-04
3.07175000000000026E-04
3.08421000000000021E-04
3.07554999999999992E-04
3.37152000000000014E-04
3.09515000000000007E-04
3.10012999999999988E-04
3.10403000000000003E-04
3.25256000000000004E-04
3.31410000000000027E-04
3.14010999999999999E-04
4.37979000000000016E-04
3.42937000000000027E-04
3.08181999999999998E-04
3.07402999999999984E-04
3.07478999999999988E-04
3.07305999999999975E-04
3.26187999999999988E-04
3.08052000000000011E-04
3.07478000000000026E-04
3.07533000000000025E-04
3.07554999999999992E-04
3.09320000000000027E-04
3.19201000000000022E-04
3.27574999999999980E-04
3.11736000000000012E-04
3.13176999999999987E-04
3.66445999999999981E-04
3.99790999999999981E-04
3.60932000000000006E-04
3.09850999999999985E-04
3.27585999999999990E-04
3.08680999999999994E-04
3.08128999999999977E-04
3.07023000000000018E-04
3.16447999999999990E-04
3.06633000000000003E-04
3.07132000000000000E-04
4.26408999999999989E-04
4.01948000000000008E-04
4.01243000000000021E-04
4.01253999999999977E-04
4.11404999999999996E-04
4.33365000000000009E-04
4.09703999999999993E-04
4.17331000000000006E-04
4.30753999999999989E-04
4.07732000000000005E-04
3.41387000000000016E-04
3.08355999999999973E-04
3.07694999999999974E-04
3.07282999999999992E-04
3.07522000000000015E-04
3.06903999999999988E-04
3.13361000000000011E-04
3.25625000000000014E-04
3.09753000000000014E-04
3.40185000000000010E-04
3.10467999999999996E-04
3.11378000000000013E-04
3.13641999999999990E-04
3.13340000000000005E-04
3.28170999999999986E-04
3.09959000000000005E-04
3.09406999999999987E-04
3.07663000000000012E-04
3.20792999999999990E-04
3.07955000000000002E-04
3.07749000000000011E-04
3.25938000000000009E-04
3.38829999999999980E-04
3.48679000000000014E-04
3.08290999999999980E-04
3.08181999999999998E-04
3.09178999999999975E-04
3.08604999999999990E-04
3.29850000000000022E-04
3.13544999999999980E-04
3.13437000000000015E-04
3.10349000000000020E-04
3.09732000000000009E-04
3.08139999999999987E-04
3.06817999999999989E-04
3.35785999999999973E-04
3.06958000000000025E-04
3.49382999999999985E-04
3.21659999999999980E-04
3.07575999999999997E-04
3.06688000000000002E-04
3.24888000000000011E-04
4.13604999999999995E-04
4.04448999999999976E-04
3.59349000000000018E-04
3.36501000000000009E-04
3.73194999999999994E-04
4.49148999999999978E-04
3.65394000000000005E-04
3.47919999999999989E-04
3.22861999999999986E-04
3.87874000000000020E-04
3.84190999999999981E-04
3.83106999999999990E-04
3.42242999999999996E-04
3.47302000000000017E-04
3.57724000000000019E-04
4.05956000000000014E-04
3.09915999999999978E-04
3.08463999999999993E-04
3.09461000000000024E-04
3.09092999999999976E-04
3.10511999999999984E-04
3.13285000000000007E-04
3.43208000000000011E-04
3.10686000000000013E-04
3.08680999999999994E-04
3.41810000000000009E-04
3.18117999999999992E-04
3.42785000000000019E-04
3.08572999999999974E-04
3.26913000000000019E-04
3.07943999999999991E-04
3.08086000000000004E-04
3.35927000000000025E-04
4.03051999999999989E-04
3.24943000000000009E-04
3.28593000000000017E-04
3.10945000000000026E-04
3.11096999999999979E-04
3.18051999999999983E-04
3.57421000000000019E-04
3.11475999999999984E-04
3.10576999999999978E-04
3.26892000000000014E-04
3.07955000000000002E-04
3.07684999999999979E-04
3.07901000000000019E-04
3.07370000000000006E-04
3.06730999999999974E-04
3.45633999999999991E-04
4.52994999999999982E-04
4.08253000000000023E-04
4.81237999999999989E-04
4.97531999999999966E-04
3.14477000000000018E-04
3.94233999999999980E-04
4.35921999999999991E-04
4.38402000000000008E-04
4.34860000000000021E-04
4.39105999999999980E-04
4.56148000000000024E-04
4.82841999999999983E-04
4.36409000000000016E-04
4.32291999999999974E-04
4.35563999999999992E-04
4.55063999999999979E-04
4.27654999999999984E-04
4.31111999999999988E-04
4.33645999999999988E-04
4.37405999999999993E-04
4.66514999999999974E-04
4.32736000000000026E-04
4.34512999999999978E-04
4.52811000000000012E-04
4.62268000000000000E-04
4.34914000000000004E-04
4.34588999999999982E-04
4.37438000000000009E-04
4.32670999999999978E-04
4.68411000000000012E-04
4.32529999999999980E-04
4.33093000000000009E-04
4.33754000000000008E-04
4.28370999999999982E-04
4.53937000000000015E-04
4.34329000000000008E-04
4.34306999999999987E-04
4.35811999999999994E-04
5.85539000000000046E-04
7.80720999999999954E-04
3.91242999999999994E-04
3.13426000000000004E-04
3.33077999999999998E-04
3.10446999999999991E-04
3.10555000000000011E-04
3.08810999999999981E-04
3.07760000000000021E-04
3.21572000000000004E-04
3.07878999999999998E-04
3.36371999999999984E-04
3.07130999999999984E-04
3.48483999999999979E-04
3.13327999999999979E-04
3.60195000000000003E-04
3.80279999999999984E-04
3.46799000000000011E-04
3.12591999999999991E-04
3.19622999999999999E-04
3.24259999999999989E-04
3.16925000000000019E-04
3.72370999999999976E-04
3.42231999999999985E-04
3.17531999999999981E-04
3.08387999999999989E-04
3.08063000000000022E-04
3.07435000000000000E-04
3.07370000000000006E-04
3.07358999999999996E-04
3.24844999999999984E-04
3.07781000000000027E-04
3.10014000000000004E-04
3.28624999999999978E-04
3.09222000000000002E-04
3.41539000000000024E-04
3.13306999999999974E-04
3.31430999999999978E-04
3.62416000000000008E-04
3.84049999999999984E-04
3.54874999999999993E-04
3.08844000000000013E-04
3.08431999999999977E-04
3.28018999999999978E-04
3.07478999999999988E-04
3.06786000000000027E-04
3.06979999999999992E-04
3.39101999999999980E-04
3.21129000000000022E-04
3.08172000000000003E-04
3.26393999999999979E-04
3.08724000000000021E-04
1.03208699999999989E-03
5.38797000000000039E-04
4.53764000000000001E-04
3.11746000000000007E-04
3.56825000000000013E-04
3.08779000000000020E-04
3.11963000000000008E-04
3.25170000000000005E-04
3.08507000000000019E-04
3.36836999999999987E-04
3.08095999999999999E-04
3.07652000000000001E-04
3.07694999999999974E-04
3.08084999999999989E-04
3.09808000000000013E-04
3.09212000000000007E-04
3.27736999999999983E-04
3.40196000000000021E-04
3.18702000000000026E-04
3.13209000000000003E-04
3.11107999999999990E-04
3.10218999999999979E-04
3.09265999999999990E-04
3.24324999999999982E-04
3.07478999999999988E-04
3.08095999999999999E-04
3.07457000000000021E-04
3.07478999999999988E-04
3.07977000000000023E-04
3.07608000000000013E-04
3.96657000000000021E-04
3.87712000000000018E-04
3.10046000000000019E-04
3.09558999999999995E-04
3.11140000000000006E-04
3.32839999999999991E-04
3.13968000000000027E-04
3.11572999999999993E-04
3.10263000000000021E-04
3.09071000000000009E-04
3.08972999999999984E-04
3.08875999999999975E-04
3.58850999999999983E-04
3.09461000000000024E-04
3.08063999999999983E-04
3.07488999999999983E-04
3.08019999999999995E-04
3.07120999999999989E-04
9.53932000000000000E-04
4.24480999999999990E-04
4.28077999999999976E-04
4.76416999999999975E-04
4.32453999999999976E-04
4.23030000000000021E-04
4.40200000000000021E-04
4.22813000000000019E-04
4.46656999999999989E-04
4.23874999999999990E-04
4.16605000000000013E-04
4.22867000000000002E-04
4.22042999999999984E-04
4.55301999999999985E-04
4.27764000000000020E-04
3.16794999999999978E-04
3.07196999999999993E-04
3.09298000000000006E-04
3.09450000000000014E-04
3.28885000000000006E-04
3.25690000000000007E-04
3.29003999999999983E-04
3.15203000000000011E-04
3.10793000000000018E-04
3.20283999999999998E-04
3.08930000000000012E-04
3.26134000000000005E-04
3.08280999999999985E-04
3.08301999999999990E-04
3.74939000000000023E-04
3.09212000000000007E-04
3.07337999999999991E-04
3.06459999999999990E-04
3.28452000000000019E-04
3.09395999999999977E-04
3.09505000000000012E-04
3.10414000000000013E-04
3.19666999999999987E-04
3.12115000000000016E-04
3.13751000000000026E-04
3.28159999999999975E-04
3.11064000000000002E-04
3.29004999999999998E-04
3.07716999999999995E-04
3.07391999999999973E-04
3.35093000000000012E-04
3.26783999999999994E-04
5.32427000000000030E-04
5.01125000000000051E-04
8.38649000000000013E-04
4.30505000000000026E-04
4.10635000000000015E-04
4.33451000000000008E-04
4.10625000000000020E-04
4.12521000000000003E-04
4.14471000000000023E-04
4.80014000000000016E-04
4.39009000000000025E-04
4.26972999999999979E-04
4.09930999999999989E-04
4.09195000000000001E-04
5.64470999999999983E-04
4.16010000000000023E-04
4.17146000000000021E-04
4.17494000000000025E-04
4.32194000000000003E-04
4.45585000000000024E-04
4.19367000000000025E-04
4.28207000000000002E-04
4.25759000000000001E-04
4.22985999999999978E-04
3.85753999999999980E-04
3.13328999999999995E-04
3.12928000000000023E-04
3.28225000000000023E-04
3.09547999999999985E-04
3.64689999999999979E-04
3.26665000000000017E-04
3.07867999999999987E-04
3.07499999999999993E-04
3.07044999999999985E-04
4.15662999999999981E-04
3.07002000000000013E-04
3.53272000000000015E-04
3.43770999999999985E-04
3.09353000000000004E-04
3.09364000000000015E-04
3.08204000000000019E-04
4.54956000000000013E-04
5.13262000000000006E-04
4.25151999999999984E-04
3.79662999999999973E-04
3.15961000000000020E-04
3.54647999999999997E-04
3.17510000000000014E-04
3.33967000000000010E-04
3.08063999999999983E-04
3.07955000000000002E-04
3.48949999999999998E-04
3.92250999999999982E-04
3.08692000000000005E-04
3.25972000000000002E-04
4.32692999999999999E-04
3.09309000000000016E-04
3.13414999999999994E-04
3.11140000000000006E-04
3.13003000000000012E-04
3.14161999999999992E-04
3.28625999999999994E-04
4.22184999999999997E-04
4.60340000000000000E-04
3.08181999999999998E-04
3.07423999999999989E-04
3.07770999999999978E-04
3.78243000000000004E-04
3.08204000000000019E-04
3.06762999999999990E-04
3.07467000000000016E-04
3.07154000000000021E-04
3.09233000000000012E-04
3.22396000000000022E-04
3.27033000000000011E-04
3.11031999999999986E-04
3.45460999999999978E-04
3.18680000000000005E-04
4.18133000000000003E-04
3.10480000000000022E-04
3.27683000000000000E-04
3.07446000000000011E-04
3.07705999999999984E-04
3.07120999999999989E-04
3.64831999999999993E-04
3.07305000000000013E-04
3.06968999999999981E-04
3.24194999999999995E-04
3.34085999999999986E-04
3.08995000000000005E-04
3.81515000000000023E-04
4.22781000000000003E-04
4.53655999999999981E-04
4.97574999999999992E-04
5.33370000000000025E-04
4.11242999999999993E-04
4.27374000000000005E-04
1.00854099999999995E-03
4.09076000000000025E-04
4.08057999999999988E-04
4.08078999999999994E-04
4.27427999999999988E-04
5.53161999999999946E-04
4.07505000000000009E-04
4.08793999999999976E-04
4.44652999999999986E-04
4.29757000000000012E-04
4.31902000000000013E-04
4.36420000000000026E-04
4.51824999999999991E-04
4.14622000000000016E-04
4.33679000000000020E-04
4.11145000000000022E-04
4.08880999999999991E-04
4.71411999999999992E-04
3.25841000000000000E-04
3.78199999999999977E-04
3.08442999999999988E-04
3.08128000000000015E-04
3.07890000000000008E-04
3.07543999999999981E-04
3.07770999999999978E-04
3.08410000000000010E-04
3.26362000000000017E-04
3.48083000000000008E-04
3.08671000000000000E-04
3.10317000000000004E-04
3.39783999999999984E-04
3.12917000000000013E-04
3.10197999999999973E-04
3.27812999999999987E-04
5.94090000000000026E-04
4.54409000000000020E-04
4.29075000000000008E-04
4.05933999999999993E-04
4.07787000000000004E-04
4.53786000000000022E-04
4.27231999999999992E-04
4.26669999999999979E-04
4.08945999999999984E-04
4.33462000000000018E-04
4.10635999999999976E-04
3.19287000000000021E-04
3.12635000000000018E-04
3.13220000000000013E-04
3.13881000000000012E-04
3.28115999999999987E-04
3.10393000000000008E-04
3.34043000000000014E-04
3.08214999999999976E-04
3.08280000000000023E-04
3.07347999999999985E-04
3.07575999999999997E-04
3.44389000000000012E-04
3.09309999999999978E-04
3.08107000000000010E-04
3.21983999999999985E-04
3.13978000000000022E-04
3.09200999999999996E-04
3.09427999999999993E-04
3.38992999999999998E-04
3.13372000000000021E-04
3.14151999999999997E-04
3.16828000000000010E-04
3.09970000000000015E-04
3.08410000000000010E-04
3.07867999999999987E-04
3.24726000000000008E-04
3.07792999999999999E-04
3.07619000000000024E-04
3.21107000000000001E-04
3.07337999999999991E-04
3.07240000000000020E-04
3.39935999999999993E-04
3.27281999999999974E-04
3.10002999999999993E-04
3.10522999999999995E-04
3.10728000000000024E-04
3.12624000000000007E-04
3.14595999999999995E-04
5.38699000000000014E-04
3.69196999999999982E-04
3.09168000000000019E-04
3.07911999999999975E-04
3.08311999999999985E-04
3.45482999999999999E-04
3.07674000000000023E-04
3.20565999999999993E-04
3.08562000000000018E-04
3.07640999999999991E-04
3.07867999999999987E-04
3.09223000000000017E-04
3.26599000000000008E-04
3.09536999999999974E-04
3.11248000000000026E-04
3.13144000000000009E-04
3.12776000000000015E-04
3.41897000000000023E-04
3.09894000000000011E-04
3.27726000000000026E-04
3.07878999999999998E-04
3.07814000000000004E-04
3.07770999999999978E-04
3.12949999999999990E-04
3.07694999999999974E-04
3.07381000000000017E-04
3.25797999999999973E-04
3.08313000000000001E-04
3.08995000000000005E-04
3.09839999999999974E-04
3.51451999999999982E-04
3.10976999999999987E-04
3.12245000000000003E-04
3.30390999999999975E-04
3.10263000000000021E-04
3.09147000000000013E-04
3.08280000000000023E-04
3.07250999999999976E-04
3.07553999999999976E-04
3.07120999999999989E-04
3.24909000000000016E-04
3.08042000000000016E-04
3.07446000000000011E-04
3.36447999999999988E-04
3.07728000000000005E-04
3.09471999999999981E-04
3.09646000000000010E-04
3.27736999999999983E-04
3.11195000000000005E-04
3.13101999999999998E-04
3.13513000000000019E-04
3.29340000000000015E-04
3.29145999999999996E-04
5.01506999999999994E-04
5.46303999999999952E-04
4.18619999999999973E-04
3.59014000000000002E-04
3.46100000000000010E-04
3.26263999999999992E-04
3.10263000000000021E-04
3.07760000000000021E-04
3.08389000000000005E-04
3.09991999999999982E-04
3.09774999999999981E-04
3.09286999999999995E-04
3.28073000000000015E-04
3.47064000000000010E-04
3.14260000000000017E-04
3.14997000000000020E-04
3.13934999999999995E-04
3.09353000000000004E-04
3.08128999999999977E-04
3.25267000000000015E-04
3.21183000000000005E-04
3.07857999999999992E-04
3.07705999999999984E-04
3.07619000000000024E-04
3.08084999999999989E-04
3.07987999999999979E-04
3.36078999999999978E-04
3.10911999999999994E-04
3.10955999999999982E-04
3.12028000000000002E-04
3.13327999999999979E-04
3.13751000000000026E-04
3.11086000000000023E-04
3.27976000000000005E-04
3.09884000000000017E-04
3.08019999999999995E-04
3.07305000000000013E-04
3.07575999999999997E-04
3.36535000000000003E-04
3.20501000000000000E-04
3.24692999999999976E-04
3.07911000000000014E-04
3.07674000000000023E-04
3.08345000000000017E-04
3.09092999999999976E-04
3.08897999999999996E-04
3.28700999999999982E-04
3.30489000000000000E-04
3.13837999999999986E-04
3.10673999999999987E-04
3.09808000000000013E-04
3.66532999999999996E-04
3.66889999999999979E-04
3.34020999999999992E-04
3.07143000000000010E-04
3.06958999999999986E-04
3.26166999999999983E-04
3.07315000000000008E-04
3.06752999999999995E-04
3.07154000000000021E-04
3.26393999999999979E-04
3.10187000000000017E-04
3.10458000000000001E-04
3.89878000000000024E-04
3.12906000000000002E-04
3.12970999999999996E-04
3.10696000000000008E-04
3.28972000000000021E-04
3.09494000000000002E-04
3.07553999999999976E-04
3.07013000000000023E-04
3.07336999999999975E-04
3.07229000000000009E-04
3.20771000000000023E-04
3.46311999999999987E-04
3.09633999999999983E-04
3.77193000000000005E-04
3.13393999999999988E-04
3.10132000000000018E-04
3.28711999999999993E-04
3.12060999999999979E-04
3.13199000000000008E-04
3.12538000000000009E-04
3.09516000000000023E-04
3.09147000000000013E-04
3.08204000000000019E-04
3.44172000000000011E-04
3.15245999999999983E-04
3.42774000000000008E-04
3.07911999999999975E-04
3.20716999999999986E-04
3.07608000000000013E-04
3.07347999999999985E-04
3.25299999999999992E-04
3.09244999999999984E-04
3.09720999999999998E-04
3.09926999999999989E-04
3.29416999999999980E-04
3.12667999999999995E-04
3.13404999999999999E-04
3.27770000000000014E-04
3.50737000000000000E-04
3.10090000000000008E-04
3.06861000000000015E-04
3.91006000000000003E-04
4.79688999999999994E-04
4.04320000000000005E-04
4.21956999999999985E-04
4.40937000000000024E-04
4.45075999999999979E-04
4.34729000000000018E-04
4.88820999999999960E-04
4.37394000000000021E-04
4.44025000000000019E-04
4.17060000000000022E-04
4.32194000000000003E-04
4.32043000000000010E-04
4.27526000000000013E-04
4.40709999999999973E-04
4.28349000000000015E-04
4.67781999999999974E-04
4.33754000000000008E-04
4.35163000000000021E-04
4.65636999999999974E-04
4.29443000000000001E-04
4.18079000000000020E-04
3.08031000000000006E-04
3.52068999999999993E-04
4.67398000000000000E-04
4.27953999999999975E-04
3.10858000000000011E-04
3.10825999999999995E-04
3.12549000000000019E-04
3.13523000000000013E-04
3.11334999999999986E-04
3.28799000000000007E-04
3.08214999999999976E-04
3.07337999999999991E-04
3.48266999999999978E-04
3.08572999999999974E-04
3.21790000000000021E-04
3.25581000000000026E-04
3.95263000000000027E-04
3.07457000000000021E-04
3.07044999999999985E-04
3.09048999999999988E-04
5.27036999999999948E-04
4.59491999999999984E-04
4.46162000000000002E-04
4.19400000000000003E-04
4.24589000000000010E-04
3.78719999999999979E-04
3.76922000000000021E-04
3.09808000000000013E-04
3.07564999999999987E-04
3.07412999999999979E-04
3.07457000000000021E-04
3.07661999999999996E-04
3.07044999999999985E-04
3.36480000000000004E-04
3.07326999999999980E-04
3.06840000000000010E-04
3.08755999999999983E-04
3.08604999999999990E-04
3.17510000000000014E-04
3.10859000000000027E-04
3.29860999999999978E-04
3.13111999999999993E-04
3.10534000000000005E-04
3.27953000000000023E-04
3.08616000000000001E-04
3.07640999999999991E-04
3.07185999999999983E-04
3.25841000000000000E-04
3.08421000000000021E-04
3.26958000000000023E-04
3.11681999999999975E-04
3.33891000000000005E-04
3.08280999999999985E-04
3.09050000000000004E-04
3.27315000000000006E-04
3.08604999999999990E-04
3.10403000000000003E-04
3.12168999999999999E-04
3.12439999999999983E-04
3.10067999999999986E-04
3.10122000000000024E-04
3.26513000000000009E-04
3.26438000000000021E-04
3.21335000000000013E-04
3.07533000000000025E-04
3.19872999999999978E-04
3.07229000000000009E-04
3.14357999999999988E-04
3.24152000000000023E-04
3.07261999999999987E-04
3.08389000000000005E-04
5.49620000000000013E-04
4.14005000000000005E-04
3.34054000000000024E-04
3.14075999999999993E-04
3.70714999999999977E-04
3.29633000000000020E-04
3.13771999999999977E-04
3.09027999999999983E-04
3.08627000000000012E-04
3.21301999999999981E-04
3.08528999999999986E-04
3.07652000000000001E-04
3.25071999999999980E-04
3.08627000000000012E-04
3.07977000000000023E-04
3.07391999999999973E-04
3.47388999999999977E-04
3.09797000000000002E-04
3.46685000000000005E-04
3.32656000000000022E-04
3.14433999999999992E-04
3.13795000000000014E-04
3.10879999999999978E-04
3.10014000000000004E-04
3.14151999999999997E-04
3.11422000000000001E-04
3.25742999999999974E-04
3.07316000000000024E-04
3.07533000000000025E-04
3.50098000000000022E-04
3.07619000000000024E-04
3.07109999999999978E-04
3.21952999999999985E-04
3.26362000000000017E-04
3.09785999999999991E-04
3.09298000000000006E-04
3.13448000000000025E-04
3.12721999999999978E-04
3.13740000000000015E-04
3.10479000000000007E-04
3.43326999999999988E-04
3.52556999999999979E-04
3.40684000000000006E-04
3.07739000000000016E-04
3.07781999999999988E-04
3.07413999999999995E-04
3.27250000000000013E-04
3.07867999999999987E-04
3.07922999999999986E-04
3.08225999999999986E-04
3.09375000000000025E-04
3.09547000000000023E-04
3.10294999999999983E-04
3.29546000000000006E-04
5.63442999999999952E-04
4.53039000000000024E-04
4.27699000000000026E-04
4.59306999999999999E-04
4.12098000000000011E-04
4.08924000000000017E-04
4.04038000000000010E-04
4.47252999999999995E-04
4.76352999999999998E-04
4.30969999999999975E-04
4.18880000000000001E-04
4.20657000000000008E-04
4.20699999999999980E-04
5.45048000000000017E-04
7.32478999999999964E-04
3.10263000000000021E-04
3.11595000000000014E-04
3.13361000000000011E-04
4.22390000000000027E-04
3.51971000000000022E-04
3.92414000000000001E-04
3.09092999999999976E-04
3.07770999999999978E-04
3.27282999999999990E-04
4.45141000000000026E-04
4.21057000000000018E-04
5.00750000000000002E-04
4.05348999999999998E-04
4.36224999999999992E-04
8.81473000000000022E-04
4.25846000000000015E-04
4.16885999999999993E-04
4.58065000000000013E-04
4.29172000000000017E-04
3.97841000000000015E-04
4.08383000000000010E-04
4.27103000000000020E-04
4.16517999999999999E-04
4.32921000000000011E-04
4.30556999999999977E-04
3.38516000000000023E-04
3.32515000000000024E-04
3.16957999999999997E-04
3.42471000000000008E-04
3.22375000000000016E-04
3.08225999999999986E-04
3.08475000000000004E-04
3.09720999999999998E-04
3.37790999999999992E-04
3.09688000000000021E-04
3.50607000000000013E-04
4.14384000000000009E-04
4.14081000000000009E-04
4.12130999999999988E-04
4.10094000000000008E-04
3.54452000000000001E-04
3.26046999999999990E-04
3.07002000000000013E-04
3.07511000000000004E-04
3.30283000000000009E-04
3.23436000000000025E-04
3.22362999999999990E-04
3.24726000000000008E-04
3.07423999999999989E-04
3.09048999999999988E-04
3.17489000000000009E-04
3.37400999999999977E-04
3.11281000000000003E-04
3.12603000000000002E-04
4.17063000000000015E-04
3.98426000000000010E-04
4.44858999999999977E-04
4.24187999999999985E-04
4.46159000000000009E-04
4.19821999999999979E-04
4.15011999999999976E-04
4.46841999999999975E-04
4.59213999999999998E-04
4.38965999999999998E-04
4.03962000000000006E-04
4.27471000000000014E-04
4.12879000000000002E-04
4.08208999999999981E-04
4.13810000000000024E-04
5.30303999999999997E-04
4.09368000000000015E-04
6.44522000000000020E-04
5.22244000000000050E-04
4.76275999999999978E-04
3.09515000000000007E-04
3.87093999999999991E-04
4.10332999999999976E-04
4.06669999999999981E-04
4.52994999999999982E-04
4.14860999999999984E-04
4.04384999999999998E-04
4.24762999999999985E-04
4.18880000000000001E-04
4.49104999999999990E-04
4.17428000000000016E-04
4.13679999999999983E-04
5.44368000000000044E-04
4.14340000000000021E-04
4.06951999999999976E-04
3.99725999999999988E-04
4.03442000000000004E-04
3.39653999999999998E-04
3.85685999999999993E-04
3.40846000000000009E-04
3.08572999999999974E-04
3.08259000000000018E-04
3.70487000000000019E-04
3.07911999999999975E-04
3.07846999999999982E-04
3.07716999999999995E-04
3.09709999999999987E-04
3.09168000000000019E-04
3.09633999999999983E-04
3.28462999999999975E-04
3.14694000000000020E-04
3.27542000000000002E-04
3.10684999999999998E-04
3.37693000000000021E-04
3.33674000000000004E-04
3.08095999999999999E-04
3.26741000000000021E-04
3.21604999999999981E-04
3.35375000000000007E-04
3.07002000000000013E-04
3.19363000000000025E-04
3.94265999999999996E-04
3.36739999999999978E-04
3.74581000000000024E-04
4.09509000000000012E-04
4.11372000000000018E-04
4.17569000000000013E-04
4.10429999999999985E-04
3.57366999999999982E-04
3.11010999999999981E-04
3.09947999999999994E-04
3.08961999999999974E-04
3.07412999999999979E-04
3.08627000000000012E-04
3.40162999999999989E-04
3.86346999999999993E-04
4.28694999999999988E-04
4.10894999999999989E-04
4.07017999999999985E-04
4.05760999999999980E-04
3.40433999999999973E-04
3.46749999999999999E-04
3.12418999999999978E-04
3.11141000000000022E-04
3.13631999999999995E-04
3.26014000000000013E-04
3.11323999999999976E-04
3.29395000000000013E-04
3.29654000000000026E-04
3.08421000000000021E-04
3.07728000000000005E-04
3.08107000000000010E-04
3.07520999999999999E-04
3.07044999999999985E-04
3.26069000000000012E-04
3.08248000000000007E-04
3.07932999999999981E-04
3.38505999999999974E-04
3.18615000000000011E-04
3.08421000000000021E-04
3.28732999999999998E-04
3.14043000000000015E-04
3.13934999999999995E-04
3.10978000000000003E-04
3.09764999999999986E-04
3.08507999999999981E-04
3.07738000000000000E-04
3.26231000000000014E-04
3.08172000000000003E-04
3.07078000000000017E-04
3.54962000000000008E-04
3.49664000000000019E-04
3.66390999999999982E-04
3.80496999999999986E-04
3.33523000000000012E-04
3.10284999999999988E-04
3.10999000000000009E-04
3.11248999999999987E-04
3.27585999999999990E-04
3.14228000000000001E-04
3.58382000000000026E-04
3.16871999999999998E-04
3.36849000000000013E-04
3.36880999999999975E-04
3.53413000000000013E-04
3.08507000000000019E-04
3.35775000000000017E-04
4.90284000000000011E-04
3.65481999999999981E-04
3.07791999999999983E-04
3.07652000000000001E-04
3.08269000000000013E-04
3.26968000000000018E-04
3.09515000000000007E-04
3.39490999999999979E-04
3.13340000000000005E-04
3.13317999999999984E-04
3.10305999999999993E-04
3.47096000000000026E-04
3.26513000000000009E-04
3.07792999999999999E-04
3.07446000000000011E-04
3.07663000000000012E-04
4.43126000000000013E-04
4.02466999999999994E-04
3.85533999999999985E-04
3.88188999999999993E-04
4.28987999999999993E-04
5.31463000000000031E-04
4.18142999999999998E-04
5.11561000000000004E-04
8.19613999999999976E-04
3.90181999999999985E-04
4.18251999999999979E-04
4.35087000000000017E-04
4.45509000000000020E-04
8.69842000000000011E-04
4.17904999999999991E-04
5.04529999999999996E-04
3.49523000000000021E-04
3.32308999999999979E-04
3.25981999999999997E-04
3.07943999999999991E-04
3.18527999999999997E-04
3.07814000000000004E-04
3.09233999999999974E-04
3.10122000000000024E-04
3.10012999999999988E-04
3.29536000000000011E-04
3.14130999999999991E-04
3.18940999999999994E-04
3.10534000000000005E-04
3.09515000000000007E-04
3.08301999999999990E-04
3.08366999999999984E-04
3.25591999999999982E-04
3.16296999999999997E-04
3.21194000000000015E-04
3.06872000000000026E-04
3.26414999999999984E-04
3.06926000000000009E-04
3.09785999999999991E-04
3.47887000000000012E-04
3.09557999999999979E-04
3.10467999999999996E-04
3.11204999999999999E-04
3.12060999999999979E-04
3.14563999999999979E-04
3.19579000000000011E-04
3.28690000000000026E-04
3.08107000000000010E-04
3.07034999999999990E-04
3.06947000000000014E-04
3.27433999999999982E-04
3.07587000000000008E-04
3.07132000000000000E-04
3.25029000000000008E-04
3.07966000000000012E-04
3.08041000000000001E-04
3.09200999999999996E-04
3.09753000000000014E-04
3.18182000000000024E-04
3.27022000000000001E-04
3.16057999999999975E-04
3.12462000000000004E-04
3.09602000000000022E-04
5.83540000000000014E-04
4.11999999999999986E-04
4.16778999999999988E-04
4.35737000000000006E-04
4.38358999999999982E-04
4.23971999999999999E-04
4.14980000000000015E-04
4.17948000000000017E-04
4.14708999999999976E-04
4.42518999999999996E-04
4.16237000000000020E-04
4.19605999999999994E-04
4.20114999999999985E-04
4.27633000000000017E-04
4.67826000000000017E-04
4.28608999999999989E-04
4.13311999999999989E-04
4.20948999999999998E-04
4.41771999999999998E-04
4.37644000000000000E-04
4.21535000000000009E-04
4.12077000000000005E-04
4.17601999999999991E-04
4.20342999999999997E-04
4.70773000000000014E-04
4.11740999999999973E-04
4.10353999999999981E-04
4.24015000000000026E-04
4.20070999999999997E-04
4.50188999999999982E-04
4.27004999999999995E-04
4.33830999999999974E-04
4.20179999999999978E-04
4.30591000000000025E-04
4.03289999999999996E-04
4.41240999999999986E-04
4.20224000000000021E-04
4.18609000000000017E-04
4.19247999999999995E-04
4.17992000000000005E-04
6.40654999999999957E-04
4.31837000000000019E-04
3.93073999999999984E-04
3.08745999999999988E-04
3.09286999999999995E-04
3.91957999999999977E-04
4.18110000000000020E-04
4.33580999999999995E-04
4.09627999999999989E-04
4.18175999999999975E-04
4.45802000000000026E-04
3.94928000000000011E-04
3.59814999999999983E-04
4.14134999999999991E-04
4.13020000000000000E-04
4.09412000000000003E-04
4.50946999999999991E-04
4.15868000000000010E-04
4.08945999999999984E-04
4.14492999999999990E-04
4.06238000000000009E-04
4.68323999999999997E-04
4.55074999999999989E-04
4.27374000000000005E-04
4.20331999999999986E-04
4.54316999999999980E-04
4.32117999999999999E-04
4.32336000000000016E-04
4.31912000000000008E-04
4.27450000000000009E-04
4.44111999999999979E-04
4.34729999999999980E-04
4.28966000000000026E-04
4.44088999999999996E-04
4.28966000000000026E-04
4.50363000000000011E-04
4.20884000000000004E-04
4.18675000000000026E-04
4.28446000000000024E-04
4.31652999999999995E-04
4.75951000000000011E-04
4.04720000000000015E-04
4.06063000000000019E-04
4.27871000000000024E-04
4.13214000000000018E-04
4.34415000000000007E-04
4.11362000000000023E-04
4.11578000000000009E-04
4.02402000000000001E-04
4.50859999999999976E-04
4.22844999999999981E-04
4.15835999999999994E-04
4.14601000000000010E-04
4.06800999999999983E-04
4.50894000000000024E-04
4.05133000000000012E-04
3.29881999999999983E-04
4.04872999999999984E-04
4.18803999999999997E-04
4.62463999999999996E-04
4.19453999999999986E-04
4.39810000000000006E-04
4.22748000000000026E-04
4.21230999999999993E-04
4.13993999999999994E-04
4.13993999999999994E-04
4.39236999999999982E-04
4.15813999999999973E-04
4.52822000000000023E-04
4.18382000000000020E-04
4.13723000000000010E-04
4.46429999999999993E-04
4.19411000000000013E-04
4.23678999999999994E-04
4.16302000000000013E-04
4.23246000000000006E-04
4.48304000000000009E-04
4.37644000000000000E-04
4.59831000000000009E-04
4.18337999999999978E-04
4.23288999999999979E-04
3.80214999999999991E-04
3.08128000000000015E-04
3.97635000000000024E-04
4.29172000000000017E-04
4.29995000000000019E-04
4.49767000000000005E-04
4.73568000000000003E-04
4.59873999999999982E-04
4.33710999999999982E-04
4.33885000000000011E-04
4.55887999999999996E-04
4.62397999999999987E-04
4.35466999999999983E-04
4.36072999999999984E-04
4.32910000000000001E-04
4.92570000000000009E-04
4.40449999999999999E-04
4.34123000000000018E-04
4.52832000000000017E-04
4.35455000000000011E-04
4.54857999999999988E-04
4.40059999999999985E-04
4.37264999999999995E-04
4.35476999999999978E-04
4.76471000000000013E-04
4.55594999999999991E-04
4.38933000000000021E-04
4.35131000000000005E-04
4.39659000000000013E-04
4.82603000000000014E-04
4.36354000000000017E-04
4.33375000000000004E-04
4.39560999999999988E-04
4.50439000000000015E-04
4.57371999999999998E-04
4.41402999999999989E-04
4.32454999999999992E-04
4.32552000000000002E-04
4.34014999999999998E-04
4.54067000000000001E-04
4.51500000000000024E-04
4.38836000000000011E-04
4.55985000000000006E-04
4.25054999999999975E-04
4.53243999999999999E-04
4.40699000000000017E-04
4.37135000000000008E-04
4.40320000000000013E-04
4.50264999999999986E-04
4.58271000000000004E-04
4.38910999999999999E-04
4.68693000000000007E-04
4.57349999999999977E-04
4.34599999999999993E-04
4.54770999999999973E-04
4.35531999999999976E-04
3.99801999999999992E-04
3.87245999999999999E-04
3.86552000000000022E-04
4.08490999999999976E-04
3.99997999999999988E-04
3.88362000000000006E-04
3.90798999999999997E-04
3.90863999999999990E-04
4.08371999999999999E-04
4.04764000000000003E-04
3.88297000000000013E-04
3.88372000000000001E-04
3.86954000000000009E-04
3.86596000000000010E-04
3.26686000000000023E-04
3.75156000000000025E-04
3.87386999999999996E-04
3.06514999999999988E-04
3.07044999999999985E-04
3.17857000000000003E-04
3.09233000000000012E-04
3.28267999999999995E-04
3.09244000000000023E-04
6.34174999999999951E-04
4.19432999999999980E-04
4.77098999999999980E-04
4.40774000000000005E-04
4.30126000000000022E-04
4.16495999999999978E-04
4.14829000000000022E-04
4.20299000000000009E-04
4.39495999999999995E-04
4.38640000000000015E-04
4.19584000000000027E-04
4.54609000000000024E-04
4.24731000000000023E-04
4.24947000000000009E-04
4.55769000000000020E-04
4.21739999999999984E-04
4.23030000000000021E-04
4.23126999999999976E-04
4.28121000000000003E-04
4.45822999999999977E-04
4.21632000000000018E-04
4.57457999999999997E-04
4.23451999999999997E-04
4.22270999999999996E-04
4.41781999999999993E-04
4.20916999999999982E-04
4.15641000000000014E-04
4.46841999999999975E-04
4.18468000000000019E-04
4.44642999999999991E-04
4.43223000000000022E-04
4.18079000000000020E-04
4.22573999999999996E-04
4.23960999999999988E-04
4.45161999999999977E-04
4.25510999999999999E-04
4.29313000000000014E-04
4.27374000000000005E-04
1.00739199999999997E-03
5.70486000000000040E-04
4.32302999999999984E-04
4.26420000000000000E-04
4.29117999999999980E-04
4.01805999999999995E-04
3.47075000000000020E-04
3.07511000000000004E-04
3.07347999999999985E-04
3.07738000000000000E-04
3.20261999999999977E-04
3.27595999999999985E-04
3.10012999999999988E-04
3.15548999999999984E-04
3.14163000000000007E-04
3.13761999999999982E-04
3.10978000000000003E-04
3.10803999999999974E-04
3.26362000000000017E-04
3.07825999999999976E-04
3.06828999999999999E-04
3.06558000000000015E-04
3.06492000000000006E-04
3.28972000000000021E-04
3.07055999999999996E-04
3.23773000000000019E-04
3.07911999999999975E-04
3.07457000000000021E-04
3.08865999999999980E-04
3.13999999999999989E-04
3.16437999999999995E-04
3.12439999999999983E-04
3.31605000000000007E-04
3.10923000000000004E-04
3.09082000000000020E-04
3.16102000000000017E-04
3.07316000000000024E-04
3.07067000000000006E-04
3.06383999999999986E-04
3.24269999999999984E-04
3.07370000000000006E-04
3.07522000000000015E-04
3.07619999999999985E-04
3.07857999999999992E-04
3.09233000000000012E-04
3.45395999999999984E-04
3.11106999999999974E-04
3.11334999999999986E-04
3.42622000000000000E-04
3.13847999999999981E-04
3.10597999999999983E-04
5.38070999999999992E-04
3.69523000000000019E-04
4.83165999999999988E-04
4.08859000000000024E-04
4.42052999999999977E-04
4.13734000000000020E-04
3.69815000000000009E-04
3.63098000000000012E-04
3.78578999999999982E-04
4.11848999999999993E-04
4.37280999999999976E-04
4.09530999999999979E-04
4.19573000000000016E-04
4.10440999999999996E-04
4.33851999999999979E-04
4.11860000000000004E-04
4.15391999999999996E-04
4.30993000000000012E-04
4.19670999999999987E-04
4.28122000000000019E-04
4.07960000000000017E-04
4.08339000000000022E-04
4.06790000000000027E-04
4.10656999999999982E-04
4.25109999999999974E-04
4.70925000000000022E-04
4.41391999999999978E-04
4.13972999999999989E-04
4.13345000000000021E-04
4.12791999999999987E-04
4.19855000000000011E-04
4.27778999999999985E-04
3.15365000000000014E-04
3.11606000000000025E-04
3.11281000000000003E-04
3.10002999999999993E-04
3.08214999999999976E-04
3.37141000000000003E-04
3.27715999999999977E-04
3.23956000000000027E-04
3.38960999999999982E-04
3.07825000000000015E-04
3.07716999999999995E-04
7.41352000000000027E-04
4.57187999999999974E-04
4.19898999999999999E-04
4.70567000000000023E-04
3.88655000000000012E-04
3.54766999999999973E-04
3.71472000000000024E-04
3.39133999999999996E-04
4.08751000000000004E-04
3.77203000000000000E-04
3.95707000000000025E-04
4.24166000000000018E-04
4.23929000000000027E-04
4.23745000000000003E-04
4.55303000000000001E-04
4.10376000000000002E-04
4.17634000000000007E-04
4.15813999999999973E-04
4.15694999999999997E-04
4.32226999999999980E-04
4.23949999999999978E-04
4.17635000000000022E-04
4.14677000000000014E-04
4.36973000000000006E-04
4.28018000000000007E-04
3.90278999999999995E-04
3.96443999999999974E-04
3.90105999999999981E-04
3.97212999999999993E-04
3.69079999999999983E-04
3.45785999999999999E-04
3.55330000000000001E-04
3.45591000000000019E-04
4.94205999999999964E-04
3.54149000000000000E-04
3.98719000000000016E-04
3.36219999999999976E-04
3.36577000000000013E-04
3.61742999999999982E-04
4.59734000000000000E-04
4.36506000000000025E-04
4.98705000000000003E-04
4.44902000000000004E-04
4.44761000000000006E-04
4.10842000000000021E-04
4.69024999999999976E-04
4.56179999999999986E-04
4.36864000000000024E-04
5.26499999999999950E-04
4.32032000000000000E-04
5.61344999999999986E-04
4.37352000000000010E-04
4.63405999999999974E-04
4.21198000000000015E-04
4.27774999999999976E-04
4.53775000000000012E-04
4.34805999999999984E-04
4.28360000000000025E-04
4.51792000000000014E-04
4.25088000000000007E-04
4.54381999999999974E-04
4.36203000000000025E-04
4.23061999999999982E-04
4.23451999999999997E-04
4.27309000000000011E-04
4.50752000000000010E-04
4.31643000000000001E-04
4.20636000000000003E-04
4.48195999999999989E-04
4.20937999999999987E-04
4.65020000000000017E-04
4.14460000000000013E-04
4.13084999999999993E-04
4.26734000000000011E-04
4.27557999999999975E-04
4.52952000000000010E-04
4.35390999999999979E-04
4.22400999999999983E-04
4.49268000000000009E-04
4.30786000000000005E-04
4.42248000000000012E-04
4.49853000000000004E-04
4.04417000000000014E-04
4.28966000000000026E-04
4.20158999999999973E-04
4.22682999999999978E-04
3.10023999999999998E-04
3.09212000000000007E-04
4.31576999999999991E-04
4.42789999999999980E-04
4.71790999999999996E-04
4.35032999999999980E-04
4.32195000000000018E-04
4.33213000000000001E-04
4.29237000000000010E-04
4.50339999999999974E-04
4.28338000000000004E-04
4.32639000000000016E-04
4.40135000000000027E-04
4.32227999999999996E-04
4.41956000000000022E-04
4.44566999999999987E-04
4.31816000000000014E-04
4.27134999999999982E-04
4.28273000000000011E-04
4.47610999999999994E-04
4.33862999999999990E-04
4.51327000000000011E-04
4.37438000000000009E-04
4.36398000000000005E-04
4.53158000000000000E-04
4.29475000000000017E-04
4.30959999999999980E-04
4.46224000000000002E-04
4.29898000000000010E-04
4.73968999999999975E-04
4.68628000000000013E-04
4.50081000000000016E-04
5.11468999999999964E-04
4.04125000000000025E-04
4.38478000000000012E-04
4.84314999999999973E-04
4.45486999999999999E-04
4.29008999999999998E-04
4.52723999999999998E-04
4.26669999999999979E-04
4.11340000000000002E-04
4.26398999999999995E-04
4.32378999999999988E-04
4.09141000000000019E-04
4.09282000000000016E-04
4.08652999999999979E-04
4.08229999999999986E-04
4.28099999999999997E-04
4.16984000000000018E-04
4.27915000000000012E-04
4.12456000000000010E-04
4.61646000000000018E-04
3.29426999999999975E-04
3.10425999999999985E-04
3.11530000000000021E-04
3.13534999999999986E-04
3.13631999999999995E-04
3.10879999999999978E-04
3.77420000000000002E-04
4.52952000000000010E-04
4.14232000000000001E-04
4.10397000000000008E-04
4.10690000000000013E-04
4.46483999999999976E-04
4.11296999999999976E-04
4.06507999999999978E-04
4.12932999999999985E-04
4.15652000000000024E-04
4.35346999999999991E-04
4.70242000000000002E-04
4.23516999999999991E-04
3.41160000000000020E-04
3.15647000000000009E-04
3.13414999999999994E-04
8.08337000000000010E-04
5.34059000000000031E-04
4.70188000000000019E-04
4.25271999999999976E-04
4.39701999999999986E-04
4.52955000000000003E-04
4.25532000000000004E-04
4.25532000000000004E-04
4.19215000000000017E-04
4.47772999999999997E-04
4.23463000000000008E-04
4.25054999999999975E-04
4.26452999999999977E-04
4.43341999999999998E-04
4.51630000000000011E-04
4.23842000000000012E-04
4.43027999999999987E-04
4.21794000000000021E-04
4.27471000000000014E-04
4.50070000000000006E-04
4.24579000000000015E-04
4.32866000000000012E-04
4.42745999999999992E-04
4.47296999999999983E-04
4.39734000000000002E-04
4.28109999999999992E-04
4.29334999999999981E-04
4.22303999999999974E-04
4.28911999999999989E-04
4.49637000000000018E-04
4.71764000000000005E-04
4.37047999999999994E-04
4.50319000000000023E-04
4.27092000000000010E-04
4.26983999999999990E-04
4.61966999999999977E-04
4.15283000000000015E-04
1.07771600000000005E-03
4.26420000000000000E-04
4.97185000000000031E-04
4.20516000000000010E-04
4.28683999999999977E-04
4.33428999999999987E-04
4.20114999999999985E-04
4.58238999999999988E-04
4.28770999999999992E-04
4.34264000000000015E-04
4.32096999999999993E-04
4.49702000000000012E-04
4.59311000000000007E-04
4.27080999999999999E-04
4.23202999999999980E-04
4.24697999999999992E-04
4.30883000000000015E-04
4.48011000000000004E-04
4.29572000000000027E-04
4.31597999999999997E-04
4.54630999999999991E-04
4.41457000000000026E-04
4.40667000000000001E-04
4.24297000000000020E-04
4.25130999999999979E-04
4.23917000000000000E-04
4.30873000000000020E-04
4.49451999999999979E-04
4.22335999999999990E-04
4.38975999999999993E-04
4.31977000000000001E-04
4.47730000000000025E-04
4.46136999999999988E-04
4.25846000000000015E-04
4.03659000000000006E-04
4.02554000000000009E-04
4.03897000000000013E-04
4.23777000000000019E-04
7.55772000000000041E-04
4.40537000000000014E-04
4.63768999999999998E-04
4.24057999999999998E-04
4.09162000000000024E-04
4.50784999999999988E-04
4.11318999999999997E-04
4.31056999999999990E-04
4.17980999999999995E-04
4.42648999999999983E-04
4.48130999999999996E-04
4.25379999999999996E-04
4.29182999999999973E-04
4.11307999999999986E-04
4.35531999999999976E-04
4.28338000000000004E-04
4.05684999999999976E-04
4.19106999999999997E-04
4.35087000000000017E-04
4.15727999999999974E-04
4.56949000000000005E-04
4.17080999999999973E-04
4.11318999999999997E-04
4.24783999999999991E-04
4.22964000000000011E-04
4.50092000000000027E-04
4.20754000000000017E-04
4.33927999999999983E-04
4.04524999999999980E-04
4.01297000000000004E-04
4.36258000000000023E-04
3.96227000000000027E-04
3.99390000000000010E-04
4.15923000000000009E-04
4.27503999999999992E-04
4.27860999999999975E-04
4.13778000000000008E-04
4.20354000000000008E-04
4.04916000000000011E-04
4.19161999999999996E-04
4.86080000000000008E-04
4.37417000000000003E-04
4.37426999999999998E-04
4.38586999999999994E-04
3.68373999999999980E-04
3.10294999999999983E-04
3.08875999999999975E-04
3.32254999999999996E-04
3.27303999999999996E-04
3.07694999999999974E-04
3.07520999999999999E-04
3.24713999999999981E-04
3.08290999999999980E-04
3.07705999999999984E-04
3.07640999999999991E-04
3.09341999999999994E-04
3.09385999999999982E-04
3.26469999999999983E-04
3.11627999999999992E-04
3.13241000000000019E-04
3.57118000000000019E-04
3.10143999999999990E-04
3.48656999999999993E-04
3.32266000000000007E-04
3.31875999999999992E-04
3.21084999999999979E-04
3.14098000000000014E-04
3.22808000000000003E-04
3.07564999999999987E-04
3.07728000000000005E-04
3.10349999999999981E-04
3.28321999999999978E-04
3.18009000000000011E-04
3.09688000000000021E-04
3.09059999999999999E-04
3.10608999999999994E-04
3.12614000000000013E-04
3.31182000000000015E-04
3.27770000000000014E-04
3.09536999999999974E-04
3.08010000000000000E-04
3.07055999999999996E-04
3.20813999999999995E-04
3.07564999999999987E-04
3.07002000000000013E-04
3.64593000000000024E-04
3.88318999999999980E-04
3.80237000000000012E-04
3.31226000000000003E-04
3.11627999999999992E-04
3.59576999999999976E-04
4.37848999999999975E-04
4.75356000000000021E-04
4.25867000000000021E-04
4.29616000000000015E-04
4.49127999999999973E-04
3.68050999999999990E-04
3.09970000000000015E-04
3.70030999999999995E-04
3.08800000000000025E-04
3.26578000000000003E-04
3.07760999999999983E-04
3.07846000000000020E-04
3.91309000000000004E-04
3.08821999999999992E-04
3.17379999999999973E-04
5.32283000000000040E-04
3.09970000000000015E-04
3.10219999999999994E-04
3.11227000000000021E-04
3.13923999999999985E-04
3.42351999999999978E-04
3.76099000000000019E-04
3.87409000000000017E-04
3.24800999999999996E-04
3.08053000000000027E-04
3.07922000000000024E-04
3.07814000000000004E-04
3.45753000000000022E-04
3.09103000000000025E-04
3.07998999999999990E-04
3.08107000000000010E-04
3.08280000000000023E-04
3.10273999999999977E-04
3.47464999999999981E-04
3.10490000000000017E-04
3.11422000000000001E-04
3.12180000000000010E-04
3.45471999999999988E-04
3.43976999999999976E-04
3.41181999999999987E-04
3.47660000000000015E-04
3.08139000000000026E-04
3.07261000000000025E-04
3.07326999999999980E-04
3.07955000000000002E-04
3.25970999999999986E-04
3.07608000000000013E-04
3.26187999999999988E-04
6.23824000000000036E-04
4.22000000000000012E-04
4.26246999999999987E-04
3.92629999999999986E-04
3.32622999999999990E-04
3.13437000000000015E-04
3.12732999999999989E-04
3.10858000000000011E-04
3.23555000000000001E-04
3.09114999999999997E-04
3.08215999999999991E-04
4.22156999999999990E-04
4.18144000000000014E-04
4.14330000000000026E-04
4.21047000000000023E-04
4.56228999999999999E-04
4.10593000000000004E-04
4.16822000000000015E-04
4.15207000000000011E-04
4.47420999999999984E-04
4.03030000000000022E-04
3.12570000000000024E-04
3.27391000000000010E-04
3.54832000000000021E-04
3.63054999999999986E-04
3.10587999999999988E-04
3.24293000000000020E-04
4.09335999999999999E-04
4.33060999999999993E-04
4.74402000000000016E-04
4.33266999999999984E-04
4.34664000000000025E-04
4.33342999999999988E-04
4.33331999999999977E-04
4.65161000000000014E-04
4.34100999999999996E-04
3.84190999999999981E-04
3.10544000000000000E-04
3.11508000000000000E-04
3.28679999999999977E-04
3.30738999999999979E-04
3.10425000000000024E-04
3.08497000000000025E-04
3.08875999999999975E-04
9.99529999999999993E-04
5.38474999999999956E-04
4.33527000000000012E-04
4.91182999999999963E-04
4.39724000000000007E-04
4.12553000000000019E-04
4.10646000000000025E-04
4.10526999999999995E-04
8.25286999999999961E-04
4.41998999999999994E-04
5.32330000000000021E-04
3.88232000000000019E-04
3.99228000000000007E-04
4.03929999999999990E-04
3.97071999999999996E-04
5.05654000000000021E-04
4.40200999999999982E-04
4.32605999999999984E-04
4.52594000000000011E-04
4.24404999999999986E-04
4.40558000000000019E-04
4.71184999999999996E-04
4.45997000000000006E-04
4.34578000000000026E-04
4.18674000000000010E-04
4.43928000000000009E-04
4.37697999999999982E-04
4.53287999999999987E-04
4.49300999999999986E-04
4.38444999999999981E-04
4.10343000000000025E-04
4.26355000000000007E-04
4.30698999999999991E-04
4.53503999999999973E-04
4.44134000000000000E-04
4.38196000000000017E-04
7.54195999999999946E-04
3.65774000000000025E-04
4.11579000000000025E-04
4.40970000000000001E-04
4.06259000000000015E-04
3.90897000000000022E-04
3.93301999999999996E-04
3.93898000000000002E-04
4.56072000000000020E-04
3.99077000000000015E-04
4.13462999999999982E-04
3.97527000000000004E-04
3.12765000000000005E-04
3.09439000000000003E-04
3.26858999999999982E-04
3.08311999999999985E-04
3.12418000000000016E-04
3.07575999999999997E-04
3.08962999999999989E-04
3.35396000000000012E-04
3.59707000000000017E-04
3.20912000000000020E-04
3.10738999999999981E-04
3.11736000000000012E-04
3.26307000000000018E-04
3.09720999999999998E-04
3.35472999999999978E-04
3.45364000000000023E-04
3.21583999999999976E-04
3.10772000000000012E-04
3.10294999999999983E-04
3.46294999999999990E-04
3.08486000000000014E-04
3.08041000000000001E-04
3.28787999999999997E-04
3.07880000000000013E-04
3.08778000000000004E-04
3.07467999999999977E-04
3.27812999999999987E-04
3.09277000000000000E-04
3.08909000000000006E-04
3.28290000000000016E-04
3.09286999999999995E-04
3.12201999999999976E-04
3.58168999999999979E-04
3.44724999999999990E-04
3.91676999999999997E-04
6.16603999999999980E-04
4.48727000000000002E-04
4.52405000000000016E-04
3.27130000000000021E-04
4.34079999999999991E-04
4.47502999999999974E-04
4.34188000000000011E-04
4.24655000000000019E-04
4.23147999999999981E-04
4.27503999999999992E-04
4.45671000000000023E-04
4.26052000000000006E-04
4.26724000000000016E-04
4.29345999999999992E-04
4.32681999999999988E-04
4.72895999999999993E-04
4.28380999999999977E-04
4.27981000000000021E-04
4.04232999999999990E-04
4.33851999999999979E-04
4.02803000000000026E-04
4.60774000000000003E-04
4.09195000000000001E-04
4.26225000000000020E-04
4.26604999999999986E-04
4.59734000000000000E-04
4.24427000000000007E-04
4.09833999999999980E-04
4.32367999999999978E-04
4.08046000000000016E-04
4.41208000000000008E-04
4.47502999999999974E-04
4.30580999999999976E-04
4.37546999999999990E-04
4.36983000000000000E-04
4.24069000000000008E-04
4.24406000000000002E-04
4.08556000000000023E-04
4.23646000000000016E-04
5.41820000000000040E-04
4.28424000000000003E-04
4.36853000000000013E-04
4.13702000000000004E-04
4.41835999999999976E-04
4.29193000000000022E-04
4.29290999999999993E-04
4.29963000000000003E-04
4.12704000000000011E-04
4.51564000000000002E-04
4.35573999999999987E-04
4.11545999999999993E-04
4.38141999999999980E-04
4.45033000000000006E-04
4.26170999999999983E-04
4.26279000000000003E-04
4.25966000000000007E-04
4.31847999999999976E-04
4.08610000000000006E-04
4.31132999999999994E-04
4.55573000000000024E-04
4.25250000000000010E-04
4.40861000000000020E-04
4.25446000000000006E-04
4.10223999999999994E-04
4.27536000000000008E-04
3.31344000000000018E-04
3.24065000000000008E-04
3.96551999999999994E-04
4.41012999999999974E-04
4.48283000000000004E-04
4.24469999999999980E-04
4.39116999999999990E-04
4.59094000000000006E-04
4.37958000000000010E-04
4.19497999999999974E-04
3.33316000000000005E-04
3.38320999999999988E-04
3.57128999999999975E-04
3.13056999999999995E-04
4.46624999999999973E-04
4.42518999999999996E-04
4.41295000000000023E-04
4.48292999999999999E-04
4.42692000000000010E-04
4.39832999999999988E-04
4.31664000000000006E-04
4.10429999999999985E-04
4.27017000000000022E-04
4.36994000000000011E-04
4.31425999999999999E-04
4.42595000000000000E-04
4.44576999999999982E-04
4.37579000000000006E-04
4.40395000000000001E-04
4.36788000000000020E-04
4.40775000000000021E-04
4.20169000000000022E-04
4.41133000000000020E-04
4.25661999999999991E-04
4.98235999999999991E-04
4.53245000000000015E-04
4.56548999999999996E-04
4.29746000000000002E-04
4.58021999999999986E-04
4.42421000000000025E-04
4.65908000000000012E-04
4.49279000000000019E-04
4.53093000000000007E-04
4.44437000000000000E-04
4.34773000000000006E-04
4.62766999999999996E-04
4.49062999999999980E-04
4.51251000000000007E-04
4.58141000000000017E-04
4.33136999999999997E-04
4.29810999999999995E-04
5.59173999999999956E-04
4.33992999999999976E-04
4.05987999999999976E-04
4.67761000000000023E-04
4.34415000000000007E-04
4.51489000000000014E-04
4.51965999999999989E-04
4.57718000000000025E-04
4.32628000000000006E-04
4.63719999999999985E-04
4.42930000000000016E-04
4.34436999999999974E-04
4.68617000000000003E-04
4.59797999999999978E-04
4.56926999999999984E-04
4.67620999999999987E-04
4.42290999999999984E-04
4.56505000000000008E-04
4.99275999999999995E-04
4.35445000000000016E-04
4.65074000000000000E-04
4.56625000000000000E-04
4.33311000000000026E-04
4.55063999999999979E-04
4.58953000000000009E-04
4.53038000000000008E-04
4.70091000000000009E-04
4.58981000000000016E-04
3.08669999999999984E-04
3.08063999999999983E-04
3.09774999999999981E-04
3.09871999999999990E-04
3.29795999999999985E-04
3.11995999999999986E-04
3.13447000000000009E-04
3.34270000000000010E-04
3.58623000000000026E-04
3.59576999999999976E-04
4.02228999999999987E-04
8.10763000000000044E-04
4.57663999999999987E-04
4.25055999999999991E-04
4.57842999999999987E-04
4.09206000000000012E-04
4.16344999999999985E-04
3.09461000000000024E-04
3.46890999999999996E-04
3.73162999999999978E-04
3.70745999999999977E-04
3.09873000000000006E-04
3.11334999999999986E-04
3.13121999999999988E-04
3.13393999999999988E-04
3.30348000000000002E-04
3.91688000000000008E-04
3.10370999999999987E-04
3.07391999999999973E-04
3.11747000000000022E-04
3.50963999999999996E-04
3.26816000000000010E-04
4.16361999999999982E-04
3.86996999999999981E-04
3.74516999999999992E-04
3.75307999999999978E-04
3.78742000000000000E-04
4.17851000000000008E-04
3.72046000000000009E-04
3.95978000000000009E-04
4.09640000000000015E-04
4.15315999999999992E-04
4.62473999999999991E-04
4.02402000000000001E-04
4.07537000000000025E-04
3.96195000000000011E-04
3.84851000000000019E-04
3.99498999999999991E-04
4.05987999999999976E-04
3.80875999999999990E-04
4.14557000000000022E-04
3.87484000000000006E-04
3.83660999999999985E-04
4.15294000000000026E-04
5.80581999999999951E-04
4.41413999999999999E-04
4.20070999999999997E-04
4.22152000000000020E-04
4.54154000000000016E-04
4.08804999999999987E-04
4.21339000000000013E-04
4.16475000000000027E-04
4.22552999999999991E-04
4.04091999999999993E-04
4.01491999999999984E-04
4.13593000000000023E-04
4.21329000000000018E-04
4.12846000000000025E-04
4.40385000000000006E-04
4.09227000000000017E-04
4.47458999999999986E-04
4.22964999999999973E-04
4.10949000000000026E-04
4.36019000000000001E-04
4.18588000000000011E-04
4.35779999999999978E-04
4.16182000000000021E-04
4.06400000000000012E-04
4.33441000000000013E-04
4.15955000000000025E-04
4.20809000000000016E-04
4.15879000000000021E-04
4.16919000000000024E-04
4.33180999999999985E-04
4.07884000000000013E-04
4.08078999999999994E-04
4.37308000000000022E-04
4.17969999999999984E-04
4.30711000000000017E-04
4.26928999999999991E-04
4.09703999999999993E-04
4.21415000000000017E-04
4.19887999999999989E-04
5.84319000000000028E-04
9.89136999999999959E-04
5.21160000000000004E-04
3.96660000000000014E-04
4.26690999999999984E-04
4.16075000000000017E-04
4.36977999999999976E-04
3.90257999999999989E-04
3.40044000000000012E-04
3.11713999999999991E-04
3.80909000000000022E-04
3.87636000000000014E-04
3.60345999999999995E-04
3.52297000000000005E-04
3.98805999999999976E-04
3.56705999999999983E-04
3.13286000000000022E-04
3.29134999999999985E-04
3.22689000000000027E-04
3.08572000000000013E-04
3.08139999999999987E-04
3.40055000000000023E-04
3.57865999999999978E-04
3.52274999999999984E-04
3.80138999999999987E-04
3.31085000000000006E-04
3.44063999999999991E-04
4.09747000000000019E-04
3.94764999999999992E-04
4.38954999999999988E-04
4.38314999999999994E-04
3.65092000000000021E-04
3.16774000000000027E-04
3.38505999999999974E-04
3.11010000000000019E-04
3.09785999999999991E-04
3.27488000000000020E-04
3.51257000000000002E-04
3.07164000000000016E-04
3.07467000000000016E-04
3.13631999999999995E-04
3.07067000000000006E-04
3.25191000000000011E-04
3.07587000000000008E-04
3.07760000000000021E-04
3.54539999999999977E-04
3.89045000000000027E-04
3.38451999999999991E-04
3.40985999999999991E-04
3.90929999999999999E-04
4.05425000000000002E-04
4.11134000000000011E-04
4.09953000000000010E-04
4.32692999999999999E-04
4.25130999999999979E-04
3.99445000000000008E-04
4.07579999999999997E-04
4.10147999999999990E-04
4.08534000000000002E-04
5.08756999999999981E-04
5.00272999999999972E-04
4.82776999999999989E-04
5.09534999999999979E-04
5.27758000000000025E-04
5.86106999999999991E-04
4.89060000000000037E-04
5.77563000000000013E-04
3.28658000000000010E-04
3.11271000000000009E-04
3.10391999999999992E-04
3.08562000000000018E-04
3.08290999999999980E-04
3.26631999999999986E-04
3.08149999999999982E-04
3.07402999999999984E-04
3.07728000000000005E-04
3.07856999999999977E-04
3.07804000000000009E-04
3.07196999999999993E-04
3.85706999999999999E-04
3.10403000000000003E-04
3.09027999999999983E-04
3.10858000000000011E-04
3.13317999999999984E-04
3.12883999999999981E-04
3.30618999999999987E-04
3.10187000000000017E-04
3.09320000000000027E-04
3.08107000000000010E-04
3.07652000000000001E-04
4.06810999999999978E-04
4.22141000000000009E-04
4.17611999999999985E-04
4.29746000000000002E-04
4.14058999999999987E-04
4.08696000000000005E-04
3.46837000000000013E-04
3.10229999999999989E-04
3.10035000000000009E-04
3.11128999999999995E-04
3.12126000000000027E-04
3.13241999999999980E-04
3.45103999999999995E-04
3.27888999999999991E-04
3.08311999999999985E-04
3.26728999999999995E-04
3.07966000000000012E-04
3.06535999999999994E-04
3.06351000000000008E-04
3.06817999999999989E-04
3.54350000000000021E-04
3.24638999999999993E-04
3.08269999999999974E-04
3.09720999999999998E-04
3.10208999999999984E-04
3.47475999999999991E-04
4.21125000000000004E-04
3.20099999999999974E-04
4.97510999999999960E-04
4.36809000000000025E-04
3.18994999999999977E-04
3.34529999999999984E-04
3.10555000000000011E-04
3.11865999999999999E-04
3.09873000000000006E-04
3.11681999999999975E-04
3.37563999999999996E-04
3.85598999999999979E-04
3.13220999999999975E-04
3.13860000000000007E-04
3.11508000000000000E-04
3.14683000000000009E-04
3.31031000000000023E-04
4.80111000000000025E-04
3.23198000000000018E-04
3.17727000000000016E-04
3.73400000000000023E-04
1.23742499999999990E-03
4.18186999999999986E-04
4.29561999999999978E-04
4.58981000000000016E-04
4.18121999999999992E-04
4.05078000000000014E-04
4.11286000000000019E-04
4.07147000000000010E-04
4.56634999999999994E-04
4.07884000000000013E-04
4.31489999999999977E-04
4.19388999999999992E-04
4.03800000000000003E-04
4.29746000000000002E-04
4.12846000000000025E-04
4.31403999999999978E-04
4.05533999999999983E-04
4.25661999999999991E-04
4.27904000000000001E-04
4.39907999999999977E-04
3.98338999999999996E-04
4.06487000000000027E-04
4.17026999999999990E-04
4.24848999999999984E-04
4.08101000000000015E-04
4.12240000000000024E-04
4.06876999999999987E-04
4.16074000000000001E-04
4.38533000000000011E-04
4.01319000000000025E-04
4.11947000000000018E-04
4.28782000000000002E-04
4.12088000000000016E-04
4.22031999999999974E-04
4.40406999999999973E-04
4.01297000000000004E-04
4.40461000000000010E-04
4.16799999999999994E-04
4.05175000000000023E-04
8.43252999999999971E-04
4.16767999999999978E-04
3.99596000000000001E-04
4.09086999999999981E-04
4.10147999999999990E-04
3.22276999999999991E-04
3.63119000000000018E-04
3.10197999999999973E-04
3.27692999999999995E-04
3.50076000000000000E-04
3.34377999999999976E-04
3.11151000000000017E-04
3.10252000000000010E-04
3.25581000000000026E-04
3.09720999999999998E-04
3.09536999999999974E-04
3.60661000000000022E-04
3.93334999999999974E-04
3.52512999999999991E-04
3.07966000000000012E-04
3.06979999999999992E-04
3.07229000000000009E-04
3.42903999999999995E-04
3.39091000000000023E-04
3.09623999999999989E-04
3.11258999999999982E-04
3.12787000000000026E-04
3.73520000000000015E-04
3.21139999999999978E-04
3.81460999999999985E-04
3.84310000000000012E-04
3.75025999999999984E-04
3.81407000000000003E-04
3.98296000000000023E-04
3.79587000000000023E-04
3.61884999999999995E-04
3.72404000000000008E-04
3.33499999999999975E-04
3.61559000000000012E-04
3.93431999999999983E-04
3.37314000000000017E-04
3.97018000000000013E-04
3.24877000000000000E-04
3.67302000000000015E-04
3.58006999999999976E-04
3.58764000000000023E-04
1.04334400000000009E-03
4.08837000000000002E-04
4.57036000000000020E-04
5.03355000000000035E-04
4.10842000000000021E-04
4.67668999999999984E-04
4.49561000000000014E-04
4.08814999999999981E-04
4.38196000000000017E-04
4.54527999999999996E-04
4.48477999999999984E-04
4.28576000000000011E-04
4.88681000000000033E-04
5.21583000000000051E-04
4.99784999999999986E-04
4.70101000000000004E-04
4.97240000000000030E-04
4.89990999999999951E-04
4.51630000000000011E-04
4.60579000000000023E-04
5.40410999999999973E-04
4.41716999999999999E-04
4.89612999999999962E-04
4.85799999999999991E-04
4.87217999999999983E-04
5.15776000000000017E-04
4.38304999999999999E-04
4.90316999999999988E-04
4.57219999999999990E-04
4.58238999999999988E-04
4.99330999999999994E-04
4.64445999999999978E-04
5.15115000000000017E-04
4.87640999999999975E-04
4.47372000000000026E-04
6.08914000000000005E-04
6.92257999999999958E-04
4.33472999999999975E-04
4.24145000000000012E-04
4.07126000000000005E-04
4.33397999999999986E-04
4.30039000000000007E-04
4.46734000000000009E-04
4.14374000000000014E-04
4.19097000000000003E-04
4.35824000000000020E-04
4.32605999999999984E-04
4.48174000000000022E-04
4.27471000000000014E-04
3.87603999999999998E-04
3.86661000000000003E-04
4.18489999999999986E-04
5.55475000000000044E-04
4.71324999999999977E-04
4.18230000000000012E-04
5.37978999999999953E-04
4.04363999999999993E-04
4.76078000000000005E-04
7.59910000000000034E-04
4.01698999999999991E-04
3.62696999999999987E-04
3.98371999999999973E-04
4.42237000000000001E-04
4.82593000000000019E-04
4.68693000000000007E-04
4.47252999999999995E-04
4.73577999999999998E-04
6.13312999999999988E-04
4.13256999999999991E-04
4.13843000000000002E-04
4.13149999999999986E-04
3.80702000000000015E-04
5.47740000000000011E-04
4.06832999999999999E-04
4.95148999999999958E-04
5.49445999999999984E-04
4.55931000000000023E-04
4.23375999999999993E-04
4.14925000000000016E-04
4.17828999999999987E-04
4.64224000000000006E-04
4.54143000000000005E-04
4.29324000000000025E-04
4.26117000000000000E-04
6.76138999999999972E-04
4.07829999999999976E-04
4.76450000000000007E-04
4.37308000000000022E-04
4.79233999999999986E-04
5.43378999999999976E-04
4.35097999999999973E-04
4.13993999999999994E-04
4.38358999999999982E-04
4.16161000000000016E-04
4.39680000000000019E-04
4.16117999999999989E-04
4.36495000000000014E-04
4.39345000000000002E-04
3.88438000000000010E-04
4.46700000000000016E-04
4.77576000000000010E-04
5.29550999999999958E-04
4.28305999999999988E-04
4.11978999999999980E-04
4.38207999999999989E-04
3.35982000000000023E-04
3.07857999999999992E-04
3.18647999999999989E-04
3.26252999999999981E-04
1.11015900000000010E-03
5.43921999999999960E-04
8.91099000000000014E-04
4.18110999999999982E-04
4.05305000000000010E-04
4.23787000000000014E-04
4.22855999999999991E-04
4.13191999999999997E-04
4.33721999999999992E-04
4.07255999999999992E-04
4.11827999999999988E-04
4.28229999999999984E-04
4.09540999999999974E-04
4.53459999999999985E-04
4.50036999999999974E-04
4.12119999999999978E-04
4.12879000000000002E-04
3.67138999999999996E-04
4.16649000000000002E-04
4.12519999999999987E-04
4.20169000000000022E-04
4.28305999999999988E-04
4.26181999999999993E-04
4.17342000000000017E-04
4.17169000000000003E-04
4.86297000000000010E-04
3.98902999999999985E-04
3.98393999999999994E-04
3.95761000000000008E-04
3.91926000000000015E-04
4.23170000000000002E-04
4.12488999999999987E-04
3.93789999999999982E-04
3.94050000000000010E-04
4.64191999999999990E-04
4.24156000000000023E-04
4.19563000000000021E-04
5.45784000000000004E-04
4.51706000000000015E-04
4.56874000000000017E-04
6.21945000000000050E-04
3.90137999999999997E-04
6.63241999999999977E-04
3.97245000000000009E-04
3.98252999999999997E-04
4.43098000000000005E-04
4.08945999999999984E-04
4.66412999999999995E-04
4.10570000000000021E-04
4.08793999999999976E-04
4.10560000000000026E-04
4.60210000000000014E-04
3.95968000000000014E-04
4.10332000000000014E-04
4.00386999999999987E-04
3.99477000000000024E-04
3.59717999999999974E-04
3.14205999999999980E-04
3.13902999999999979E-04
3.13892000000000023E-04
3.68277000000000025E-04
4.15304999999999982E-04
4.72430999999999990E-04
4.29799999999999985E-04
4.10831000000000011E-04
4.08459000000000014E-04
4.15011999999999976E-04
4.54984999999999981E-04
4.01438000000000001E-04
3.93151000000000004E-04
5.08603000000000050E-04
4.52377000000000009E-04
3.40488000000000010E-04
3.67952000000000003E-04
3.74732999999999978E-04
3.63065999999999996E-04
3.73065000000000007E-04
1.16398999999999995E-03
4.55794999999999996E-04
4.67289999999999980E-04
6.16668000000000012E-04
3.43997999999999982E-04
3.60042999999999995E-04
3.73813000000000021E-04
3.44789000000000022E-04
4.24979000000000025E-04
4.34068000000000019E-04
4.12835000000000014E-04
4.09898999999999973E-04
4.00516999999999974E-04
3.65340999999999984E-04
3.68341000000000003E-04
3.68916000000000003E-04
4.64079000000000000E-04
5.86660000000000024E-04
4.51468000000000008E-04
3.38051000000000020E-04
3.87571000000000020E-04
4.94302999999999973E-04
4.90566000000000006E-04
5.07368000000000012E-04
4.08198000000000024E-04
4.33862999999999990E-04
4.14427999999999997E-04
4.11155000000000017E-04
4.34620999999999998E-04
4.36506000000000025E-04
5.51797000000000030E-04
4.11004000000000024E-04
4.17655000000000012E-04
4.18988000000000021E-04
5.37529000000000023E-04
4.49950999999999975E-04
4.42086000000000009E-04
4.32271200000000026E-03
5.20006000000000049E-04
4.47740999999999981E-04
4.96979000000000041E-04
4.93350000000000039E-04
5.77895000000000036E-04
4.20840999999999978E-04
4.70729999999999987E-04
4.44940000000000006E-04
4.75979000000000018E-04
4.35693999999999979E-04
4.17958999999999974E-04
4.41446999999999977E-04
4.18782999999999992E-04
4.49306000000000011E-04
4.78823000000000020E-04
4.98171000000000052E-04
4.56581000000000012E-04
4.65085000000000010E-04
4.71882999999999981E-04
4.09324999999999988E-04
4.38468000000000017E-04
4.96302000000000006E-04
4.63416999999999985E-04
4.32275999999999993E-04
4.36756000000000004E-04
4.06604999999999987E-04
4.52377000000000009E-04
5.59797000000000007E-04
5.62533999999999951E-04
4.96483000000000037E-04
5.67754999999999974E-04
4.95205999999999988E-04
4.36061999999999973E-04
4.97379999999999958E-04
3.99650999999999999E-04
4.81584000000000016E-04
4.04449999999999992E-04
4.34534999999999999E-04
4.15401999999999991E-04
4.03453000000000015E-04
4.83334999999999993E-04
4.32487000000000008E-04
3.91286999999999982E-04
4.07289000000000023E-04
4.69908000000000001E-04
4.08023999999999995E-04
5.02396000000000006E-04
4.11707999999999996E-04
4.09042999999999993E-04
4.49668999999999980E-04
4.09856000000000001E-04
4.04611999999999995E-04
4.07362999999999996E-04
7.31989999999999963E-04
4.19139999999999975E-04
4.03886000000000002E-04
4.52378000000000025E-04
4.23842000000000012E-04
4.28046000000000015E-04
4.25196000000000027E-04
4.07612999999999975E-04
4.70382999999999999E-04
4.57892000000000000E-04
4.84164999999999997E-04
4.49323000000000008E-04
4.59669000000000006E-04
4.55490000000000018E-04
4.49789000000000026E-04
4.27699000000000026E-04
4.51207000000000019E-04
4.32367999999999978E-04
4.86556999999999983E-04
4.04742999999999997E-04
4.18241000000000023E-04
4.67678999999999979E-04
4.02922000000000002E-04
4.03864999999999997E-04
4.05131999999999996E-04
4.31734999999999986E-04
4.28252000000000005E-04
4.27623000000000022E-04
3.95479999999999974E-04
3.54735000000000011E-04
3.85361000000000026E-04
3.95446999999999997E-04
4.23560000000000017E-04
4.15618999999999993E-04
3.42254000000000007E-04
4.85640999999999981E-04
4.35325999999999986E-04
4.17883000000000024E-04
4.28284000000000021E-04
4.32194000000000003E-04
4.10105000000000018E-04
4.10235000000000005E-04
3.60303000000000023E-04
3.44671000000000007E-04
3.42926000000000016E-04
3.81763999999999986E-04
3.73248999999999977E-04
4.18826000000000018E-04
4.13723000000000010E-04
4.42693000000000025E-04
4.08231000000000002E-04
4.09920999999999994E-04
3.07791999999999983E-04
3.07749000000000011E-04
7.00336999999999986E-04
6.73674999999999990E-04
4.07147000000000010E-04
4.26474999999999999E-04
3.82879999999999993E-04
3.77787999999999995E-04
4.12629000000000023E-04
4.13507000000000024E-04
4.63168000000000022E-04
4.09486999999999991E-04
4.26366000000000017E-04
4.50253999999999975E-04
4.31468000000000010E-04
4.48130999999999996E-04
4.24947000000000009E-04
3.65914000000000007E-04
3.65980000000000016E-04
3.91676999999999997E-04
3.99228000000000007E-04
4.75177000000000021E-04
4.14860999999999984E-04
4.55865999999999975E-04
4.20590999999999999E-04
4.47209000000000007E-04
4.39625999999999982E-04
4.13193000000000013E-04
4.30742999999999979E-04
4.19822999999999995E-04
4.36777000000000009E-04
4.04472000000000013E-04
4.33603000000000016E-04
4.19800999999999974E-04
4.00333000000000004E-04
4.21057999999999979E-04
4.11437000000000011E-04
4.01763000000000022E-04
4.03203999999999997E-04
8.43545000000000015E-04
4.44437000000000000E-04
4.54143000000000005E-04
4.08728999999999983E-04
4.13582999999999974E-04
4.04179000000000007E-04
4.20971000000000019E-04
4.03508000000000013E-04
3.95565999999999973E-04
4.01969000000000013E-04
4.04265000000000006E-04
4.59538000000000004E-04
4.10277999999999977E-04
4.24556999999999994E-04
4.14471000000000023E-04
4.19346000000000020E-04
4.35878000000000003E-04
4.26941000000000018E-04
3.98468999999999982E-04
3.98047000000000006E-04
4.26387999999999984E-04
5.21372999999999997E-04
4.29789999999999990E-04
5.31366000000000021E-04
4.31035000000000023E-04
4.48618000000000020E-04
4.27080999999999999E-04
4.47037000000000009E-04
4.28360000000000025E-04
4.25661999999999991E-04
5.09968999999999982E-04
6.24522999999999984E-04
4.20331999999999986E-04
4.24741999999999980E-04
7.77222000000000047E-04
4.10766000000000017E-04
4.25522000000000010E-04
1.79787299999999996E-03
4.68112999999999982E-04
4.02760000000000000E-04
4.01373000000000008E-04
4.11241999999999977E-04
4.22476999999999987E-04
4.07189999999999983E-04
5.28495000000000028E-04
3.45915999999999986E-04
3.89434000000000026E-04
4.13496000000000013E-04
4.02758999999999984E-04
4.02641000000000023E-04
4.01860999999999993E-04
4.31630999999999974E-04
4.24459000000000023E-04
4.16963000000000012E-04
4.10549000000000016E-04
4.08815999999999997E-04
4.11210000000000015E-04
4.25802999999999989E-04
4.37297000000000011E-04
4.08143999999999987E-04
4.00506000000000017E-04
4.28856999999999990E-04
4.10170000000000012E-04
4.31620999999999980E-04
4.18295000000000006E-04
4.30763999999999984E-04
4.04470999999999997E-04
4.07234000000000025E-04
4.29008999999999998E-04
4.02478000000000005E-04
4.11221000000000026E-04
4.45605999999999975E-04
4.18923999999999989E-04
5.99150000000000008E-04
3.93595000000000002E-04
3.92793000000000005E-04
3.89737999999999988E-04
4.14058999999999987E-04
3.89337000000000016E-04
3.88080000000000011E-04
3.88924999999999980E-04
4.05219000000000011E-04
3.97885000000000003E-04
5.43639999999999965E-04
4.16843000000000020E-04
4.05987999999999976E-04
4.14405000000000014E-04
4.16519000000000015E-04
4.53882999999999977E-04
4.23929000000000027E-04
4.21859999999999976E-04
4.58488000000000005E-04
4.46744000000000004E-04
4.25932999999999976E-04
4.19931000000000015E-04
4.19487000000000017E-04
4.19236999999999984E-04
4.37882000000000006E-04
3.68763999999999995E-04
3.60757999999999977E-04
3.77203000000000000E-04
4.66157999999999991E-04
4.30787000000000021E-04
4.38596999999999989E-04
4.07775999999999994E-04
4.16117999999999989E-04
4.15717000000000018E-04
4.06562000000000015E-04
4.26452999999999977E-04
3.92511000000000010E-04
4.39810000000000006E-04
4.07829999999999976E-04
4.12098000000000011E-04
4.29833000000000016E-04
5.52761000000000029E-04
4.26496000000000004E-04
4.21653000000000023E-04
3.98826999999999981E-04
3.30846999999999999E-04
3.09753999999999976E-04
3.18723999999999993E-04
3.25993000000000008E-04
3.14075999999999993E-04
3.13567000000000002E-04
3.10804999999999990E-04
3.28105999999999992E-04
3.09938000000000000E-04
3.08117000000000005E-04
3.07987999999999979E-04
3.07663000000000012E-04
3.07640999999999991E-04
3.06893999999999993E-04
3.24497999999999996E-04
3.30607999999999976E-04
3.07760000000000021E-04
3.08907999999999991E-04
3.09059999999999999E-04
3.08583000000000024E-04
3.29492000000000023E-04
3.51506000000000019E-04
3.14477000000000018E-04
3.11650000000000013E-04
3.09634999999999999E-04
3.14228000000000001E-04
3.08507999999999981E-04
4.03681000000000027E-04
3.79651000000000001E-04
3.32211000000000008E-04
3.27401000000000005E-04
3.07360000000000012E-04
3.07423999999999989E-04
3.25461999999999995E-04
3.09612999999999978E-04
3.09275999999999985E-04
3.10511999999999984E-04
3.11551999999999988E-04
3.12645999999999974E-04
3.21573000000000019E-04
3.28039999999999983E-04
3.11064000000000002E-04
3.10218999999999979E-04
3.46586999999999980E-04
3.19958000000000015E-04
3.07716999999999995E-04
4.71362999999999979E-04
6.39651999999999994E-04
5.48590999999999966E-04
4.67436000000000002E-04
4.26463999999999988E-04
4.21750999999999994E-04
4.29073999999999992E-04
3.76456000000000002E-04
3.31950999999999980E-04
3.14477000000000018E-04
3.13999999999999989E-04
3.21659999999999980E-04
3.39945999999999987E-04
3.09330999999999983E-04
3.57291999999999994E-04
3.26069000000000012E-04
3.16839000000000020E-04
4.14502999999999985E-04
4.13463999999999997E-04
4.16963000000000012E-04
4.48283000000000004E-04
4.01632999999999981E-04
4.11403999999999980E-04
4.07850999999999982E-04
4.40537000000000014E-04
4.42974000000000004E-04
4.37914000000000022E-04
4.26549999999999987E-04
4.44435999999999985E-04
4.27362999999999994E-04
4.46559999999999980E-04
4.44685000000000002E-04
4.22173999999999987E-04
4.27654999999999984E-04
4.42898000000000000E-04
4.29757000000000012E-04
4.14220999999999990E-04
4.42638000000000027E-04
4.36106000000000015E-04
4.19464999999999996E-04
6.50371999999999973E-04
3.11303000000000025E-04
3.11661000000000024E-04
3.24530999999999973E-04
3.28690000000000026E-04
3.29751999999999997E-04
3.30500000000000010E-04
3.17197000000000019E-04
3.07977000000000023E-04
3.07240000000000020E-04
3.07088999999999973E-04
3.07358999999999996E-04
3.25949999999999981E-04
3.11204999999999999E-04
3.07663000000000012E-04
4.61103999999999995E-04
4.22499000000000008E-04
4.27557999999999975E-04
4.28532999999999985E-04
4.55497999999999981E-04
4.30202000000000026E-04
4.21122000000000011E-04
4.20114999999999985E-04
4.16172000000000026E-04
4.50807000000000009E-04
4.24545999999999984E-04
4.47578000000000017E-04
4.46852999999999985E-04
4.26170999999999983E-04
4.42789999999999980E-04
4.18089000000000015E-04
4.21242000000000003E-04
4.11165999999999973E-04
4.16670000000000007E-04
4.43688999999999987E-04
4.09010999999999977E-04
4.22606000000000012E-04
4.10635999999999976E-04
4.13603999999999979E-04
4.51228999999999986E-04
4.17862000000000019E-04
4.22238000000000019E-04
7.56627999999999966E-04
4.42610999999999981E-04
3.87668999999999991E-04
3.86400999999999975E-04
3.11000000000000024E-04
3.42622000000000000E-04
3.42899000000000025E-04
3.07998999999999990E-04
3.56033999999999973E-04
3.25656999999999976E-04
3.20066999999999997E-04
4.25888999999999988E-04
3.69967000000000017E-04
4.25781000000000022E-04
4.14688000000000025E-04
4.29540000000000011E-04
4.69900999999999999E-04
4.36777000000000009E-04
4.36689999999999995E-04
4.30082999999999995E-04
4.31479000000000021E-04
4.91291000000000037E-04
4.39994999999999991E-04
4.34870000000000016E-04
4.55421000000000016E-04
4.77012999999999981E-04
4.39301000000000014E-04
4.35672000000000012E-04
4.36636000000000012E-04
4.78031000000000018E-04
4.59831000000000009E-04
4.37773999999999986E-04
4.26246999999999987E-04
4.34664000000000025E-04
4.49605000000000002E-04
4.56472999999999992E-04
4.33538000000000022E-04
4.29908000000000005E-04
4.47696999999999993E-04
4.33733000000000003E-04
6.74389999999999972E-04
4.03333999999999984E-04
4.17851000000000008E-04
4.21133000000000022E-04
4.68270000000000014E-04
3.90876000000000016E-04
4.10614000000000009E-04
4.06009999999999997E-04
4.07254999999999976E-04
4.56120999999999979E-04
4.37188999999999991E-04
4.36409000000000016E-04
4.36127000000000021E-04
4.63016000000000013E-04
4.33331999999999977E-04
4.30146999999999973E-04
4.68032000000000007E-04
4.34674999999999981E-04
4.56461999999999981E-04
4.56819000000000018E-04
4.37222000000000023E-04
4.62507000000000022E-04
4.31252000000000024E-04
4.60482999999999975E-04
4.63146000000000000E-04
5.70831999999999958E-04
4.93859000000000030E-04
4.61608000000000016E-04
4.38607999999999999E-04
4.30243999999999982E-04
4.43656000000000009E-04
4.63677000000000013E-04
4.57415000000000024E-04
4.39941000000000008E-04
4.67598000000000005E-04
5.56530999999999974E-04
4.57762000000000013E-04
9.55100999999999975E-04
4.40276999999999986E-04
4.21708000000000022E-04
4.54760999999999978E-04
4.75398999999999993E-04
4.24751999999999975E-04
4.18447000000000014E-04
4.59917000000000008E-04
4.12747999999999999E-04
4.03561999999999996E-04
4.23950999999999994E-04
4.10549000000000016E-04
4.39215000000000016E-04
4.61738000000000003E-04
4.11860000000000004E-04
4.26410000000000005E-04
4.27751999999999993E-04
4.45509000000000020E-04
4.20733000000000012E-04
4.37026999999999988E-04
4.28955999999999977E-04
4.25618000000000003E-04
4.38034000000000014E-04
4.68432000000000017E-04
4.27601000000000001E-04
4.13149999999999986E-04
4.16582999999999992E-04
4.35899000000000009E-04
4.21849000000000020E-04
4.21491000000000021E-04
4.20289000000000014E-04
4.42985000000000015E-04
4.49083999999999985E-04
4.02552999999999993E-04
3.91871999999999978E-04
3.96248999999999994E-04
4.01243000000000021E-04
4.47035999999999994E-04
4.58878000000000020E-04
4.08576999999999974E-04
4.07754000000000027E-04
4.14047999999999977E-04
4.02586999999999986E-04
4.25196000000000027E-04
4.28174999999999986E-04
4.02348000000000018E-04
4.01577999999999983E-04
4.03085000000000021E-04
4.51923000000000017E-04
4.02228999999999987E-04
4.09779999999999997E-04
4.22596000000000018E-04
4.05891000000000021E-04
4.38899999999999989E-04
4.07234000000000025E-04
4.11090999999999985E-04
4.04383999999999983E-04
4.29778999999999979E-04
4.39257999999999988E-04
4.03723999999999999E-04
4.13279000000000012E-04
4.04146999999999991E-04
4.04091999999999993E-04
4.09726000000000014E-04
4.27374000000000005E-04
4.03095999999999977E-04
4.04459999999999987E-04
4.06985000000000007E-04
4.05402999999999981E-04
4.30471999999999994E-04
4.19097000000000003E-04
4.27092000000000010E-04
4.10938999999999977E-04
4.06465000000000006E-04
4.32942000000000016E-04
4.07743000000000016E-04
4.04773999999999998E-04
4.23071999999999977E-04
4.13561000000000007E-04
4.27080999999999999E-04
4.12054999999999984E-04
4.03268999999999991E-04
4.10928000000000020E-04
4.05013000000000020E-04
4.39074000000000018E-04
4.07981999999999984E-04
4.09486999999999991E-04
4.06821999999999989E-04
4.09801000000000002E-04
4.16811000000000004E-04
4.20668000000000018E-04
4.13734000000000020E-04
4.02510999999999982E-04
4.11643000000000002E-04
4.05663000000000009E-04
4.54165000000000027E-04
4.30115000000000011E-04
4.03388000000000021E-04
4.11621999999999997E-04
4.13929000000000000E-04
4.23354000000000026E-04
4.03659000000000006E-04
4.00733999999999975E-04
4.09389999999999982E-04
4.04817999999999986E-04
4.32096999999999993E-04
4.03691000000000022E-04
4.01287000000000009E-04
4.10820000000000000E-04
4.32866999999999974E-04
4.11404999999999996E-04
4.41088999999999978E-04
4.17634000000000007E-04
4.21815999999999988E-04
4.10288999999999988E-04
4.30212000000000021E-04
4.27957999999999984E-04
9.20123000000000013E-04
4.70746000000000022E-04
4.15011999999999976E-04
3.87461999999999984E-04
4.78692000000000017E-04
4.13279999999999973E-04
4.14102999999999975E-04
4.11145000000000022E-04
4.29648999999999992E-04
4.23680000000000009E-04
4.08404000000000015E-04
4.09919999999999978E-04
4.08339000000000022E-04
4.27319000000000006E-04
4.09086999999999981E-04
4.22867000000000002E-04
4.27340999999999973E-04
4.08577999999999990E-04
4.28824999999999974E-04
4.20114999999999985E-04
4.10288999999999988E-04
4.11838999999999998E-04
3.89097999999999994E-04
3.64300000000000019E-04
4.19942000000000026E-04
4.01070000000000007E-04
4.03343999999999979E-04
4.27677000000000005E-04
4.08707000000000016E-04
4.31001999999999991E-04
3.94949000000000016E-04
3.95283999999999978E-04
3.97159000000000010E-04
4.05164000000000012E-04
4.26627000000000007E-04
4.07493999999999999E-04
4.09715000000000003E-04
4.08783000000000020E-04
4.35520000000000004E-04
5.35373000000000012E-04
4.15207000000000011E-04
3.56522000000000013E-04
3.11204999999999999E-04
3.09157000000000008E-04
3.07781000000000027E-04
3.27530999999999992E-04
3.08690999999999989E-04
3.08280000000000023E-04
3.07987999999999979E-04
3.08334000000000006E-04
3.16956999999999981E-04
3.58526000000000016E-04
3.09743000000000019E-04
3.09753999999999976E-04
3.10122000000000024E-04
3.11736000000000012E-04
3.13870000000000002E-04
3.13555999999999991E-04
3.29351999999999987E-04
3.10652999999999982E-04
3.12938999999999980E-04
3.26046999999999990E-04
3.15635999999999998E-04
3.25320999999999998E-04
3.07391999999999973E-04
3.25439999999999974E-04
3.11823000000000026E-04
3.07846000000000020E-04
3.08084999999999989E-04
3.08442000000000026E-04
3.09006000000000016E-04
3.08724000000000021E-04
3.30717000000000012E-04
3.26989000000000023E-04
3.13631999999999995E-04
3.44898000000000004E-04
3.10803999999999974E-04
3.09223000000000017E-04
3.08107000000000010E-04
3.25581999999999987E-04
3.08107000000000010E-04
3.07598000000000019E-04
3.08280000000000023E-04
3.08095999999999999E-04
3.07781999999999988E-04
3.07955000000000002E-04
3.26414999999999984E-04
3.10208000000000022E-04
3.69478999999999977E-04
3.11648999999999997E-04
3.11486999999999994E-04
3.12894999999999992E-04
4.51152999999999982E-04
4.43785999999999996E-04
3.83942000000000018E-04
3.53424000000000023E-04
3.07933999999999996E-04
3.14660999999999988E-04
3.06861000000000015E-04
3.51289999999999979E-04
3.26707999999999990E-04
3.08259000000000018E-04
3.08074999999999994E-04
3.09450000000000014E-04
3.09254999999999979E-04
3.09429000000000008E-04
3.11281000000000003E-04
3.31571999999999976E-04
3.13686999999999994E-04
3.61029000000000016E-04
3.12256000000000014E-04
3.19438999999999975E-04
3.07901000000000019E-04
3.07423999999999989E-04
3.39497000000000019E-04
3.07402999999999984E-04
3.07499999999999993E-04
3.07229000000000009E-04
3.06448999999999979E-04
3.07347999999999985E-04
3.28180999999999981E-04
3.09299000000000021E-04
3.09808000000000013E-04
3.11182999999999978E-04
3.22851999999999991E-04
3.26210000000000009E-04
3.27997000000000011E-04
3.10414000000000013E-04
3.08042000000000016E-04
3.07478999999999988E-04
3.07164999999999977E-04
3.06958999999999986E-04
3.06828999999999999E-04
3.44713999999999980E-04
3.45006000000000024E-04
3.07316000000000024E-04
3.07316000000000024E-04
3.17683999999999989E-04
3.09124999999999992E-04
3.08549999999999992E-04
3.28875000000000012E-04
3.13555999999999991E-04
3.12504999999999977E-04
3.10545000000000016E-04
4.16344999999999985E-04
4.22044000000000000E-04
4.56937999999999995E-04
4.10549000000000016E-04
4.61911000000000016E-04
4.54468000000000027E-04
4.38695000000000014E-04
4.30027999999999997E-04
4.51262000000000017E-04
4.23332000000000005E-04
4.49430999999999973E-04
4.32908999999999985E-04
4.61661999999999999E-04
4.45174000000000004E-04
4.36181000000000004E-04
4.10408000000000018E-04
4.38152999999999991E-04
4.50243000000000019E-04
4.44522999999999999E-04
4.43115000000000002E-04
4.25510999999999999E-04
4.46559999999999980E-04
4.28012999999999983E-04
4.43829999999999984E-04
4.13983999999999999E-04
4.20700999999999996E-04
4.40991000000000007E-04
4.39377000000000018E-04
4.65529000000000008E-04
4.46538000000000013E-04
4.30363999999999974E-04
4.56289000000000022E-04
4.41835999999999976E-04
4.46029000000000022E-04
4.20137000000000006E-04
4.15597999999999987E-04
4.44717999999999980E-04
4.37328999999999973E-04
7.83104999999999977E-04
5.92797000000000050E-04
4.19693000000000008E-04
4.51083000000000018E-04
4.31155000000000015E-04
4.09076000000000025E-04
4.10440999999999996E-04
4.38987000000000004E-04
4.28696000000000003E-04
4.42735999999999998E-04
4.83870999999999976E-04
4.14350999999999977E-04
4.29237000000000010E-04
4.29237000000000010E-04
4.25682999999999997E-04
4.36323000000000017E-04
4.09357000000000004E-04
4.09021999999999988E-04
4.49809999999999978E-04
4.34578000000000026E-04
4.09183999999999991E-04
4.28208000000000017E-04
4.30330999999999997E-04
4.10808999999999990E-04
4.39322999999999981E-04
4.11166999999999989E-04
4.12574999999999986E-04
4.40753000000000000E-04
4.37503000000000002E-04
4.42368000000000004E-04
4.10625000000000020E-04
4.27633000000000017E-04
4.27178000000000009E-04
4.27135999999999998E-04
4.08404000000000015E-04
4.25781000000000022E-04
4.26473999999999983E-04
6.20076000000000004E-04
3.21356000000000018E-04
4.08370999999999984E-04
4.28608999999999989E-04
4.40347000000000004E-04
3.10717999999999975E-04
3.11031999999999986E-04
3.13317999999999984E-04
3.13512000000000003E-04
3.10923000000000004E-04
3.29384000000000003E-04
3.09168999999999980E-04
3.57528999999999985E-04
3.22364000000000006E-04
3.92208000000000010E-04
3.51874999999999974E-04
3.68916000000000003E-04
3.81936999999999999E-04
3.51041000000000016E-04
3.51712000000000010E-04
3.46425999999999993E-04
3.31896999999999997E-04
3.30868000000000004E-04
4.50822999999999990E-04
4.29475999999999979E-04
4.14492999999999990E-04
4.12824000000000003E-04
4.32281000000000017E-04
4.10494999999999979E-04
4.09227000000000017E-04
4.07775999999999994E-04
4.09682000000000026E-04
4.26713000000000005E-04
4.19205000000000022E-04
4.07516000000000020E-04
4.31652999999999995E-04
4.08176000000000003E-04
4.28360000000000025E-04
4.11176999999999983E-04
4.10332000000000014E-04
4.13007999999999973E-04
4.12206999999999992E-04
4.25791999999999978E-04
7.42039000000000002E-04
4.39387999999999975E-04
4.50319000000000023E-04
4.32508000000000014E-04
4.01958000000000003E-04
4.25791999999999978E-04
4.27785000000000025E-04
4.28749000000000025E-04
4.69884000000000003E-04
4.09932000000000005E-04
4.25684000000000012E-04
4.30774999999999995E-04
4.11924999999999997E-04
4.38726999999999976E-04
4.27071000000000004E-04
4.31241000000000014E-04
4.31988999999999973E-04
4.41857999999999997E-04
4.12185000000000025E-04
4.09779999999999997E-04
4.35542000000000025E-04
4.25293999999999998E-04
4.26518000000000025E-04
4.08968000000000005E-04
4.26008000000000018E-04
4.28132000000000013E-04
4.24632999999999998E-04
4.51479000000000019E-04
4.09791000000000007E-04
4.10635999999999976E-04
4.35779999999999978E-04
4.30201000000000010E-04
4.24578000000000000E-04
4.19030999999999993E-04
4.29595000000000009E-04
4.27526000000000013E-04
4.39084000000000013E-04
4.09888000000000017E-04
4.30547999999999998E-04
9.56236999999999972E-04
4.43505000000000017E-04
4.26160000000000026E-04
3.93741000000000024E-04
3.10945000000000026E-04
3.10252000000000010E-04
3.46370999999999994E-04
3.30466999999999979E-04
3.11888000000000020E-04
3.30304000000000014E-04
3.12515999999999987E-04
3.13860000000000007E-04
3.59848000000000015E-04
3.10696000000000008E-04
3.08768000000000009E-04
4.33641000000000018E-04
3.57009999999999999E-04
3.91970000000000003E-04
3.51483999999999998E-04
3.62599999999999977E-04
3.28766999999999992E-04
3.07716999999999995E-04
3.07880000000000013E-04
3.09006000000000016E-04
3.57398999999999998E-04
4.02175000000000004E-04
4.39063000000000008E-04
4.58802000000000016E-04
5.38807999999999995E-04
4.95008000000000015E-04
4.74877999999999975E-04
4.54207999999999999E-04
4.55628000000000023E-04
4.54468000000000027E-04
4.56547999999999980E-04
4.74217999999999992E-04
5.39490000000000000E-04
4.58813000000000027E-04
4.56179999999999986E-04
4.97347999999999996E-04
4.71337000000000004E-04
4.68714999999999974E-04
4.18675000000000026E-04
4.14969000000000004E-04
4.39811000000000021E-04
4.30969999999999975E-04
4.50253999999999975E-04
4.21230999999999993E-04
3.18236000000000007E-04
3.07726999999999990E-04
3.07023000000000018E-04
3.68514999999999978E-04
4.92786999999999956E-04
4.47936000000000016E-04
5.17531000000000002E-04
4.89678000000000010E-04
4.92743000000000022E-04
4.62549999999999995E-04
4.66980999999999993E-04
4.72798000000000023E-04
4.69441000000000021E-04
4.75625999999999989E-04
4.60090999999999983E-04
4.97303999999999954E-04
4.30732000000000022E-04
4.37655000000000010E-04
4.16681000000000018E-04
4.44999000000000013E-04
4.33234000000000006E-04
4.48595999999999999E-04
4.41642000000000011E-04
4.24578000000000000E-04
4.62268000000000000E-04
4.56234000000000023E-04
4.42886999999999990E-04
4.43536999999999979E-04
4.44707999999999985E-04
4.18306000000000016E-04
4.27795999999999981E-04
5.54374999999999963E-04
3.87202000000000011E-04
4.52095999999999976E-04
3.95544000000000006E-04
4.44544000000000005E-04
4.12532000000000014E-04
4.65778999999999987E-04
4.27764000000000020E-04
4.09475999999999981E-04
4.27286999999999990E-04
4.27991000000000016E-04
4.42400000000000020E-04
4.46517000000000008E-04
4.11545999999999993E-04
4.28402999999999998E-04
4.30894999999999987E-04
4.31079000000000011E-04
4.33224000000000011E-04
4.12597000000000007E-04
4.11252999999999987E-04
4.37221000000000007E-04
4.39594000000000020E-04
4.08425999999999982E-04
4.25357999999999975E-04
4.31555999999999986E-04
4.07884000000000013E-04
4.39962000000000014E-04
4.08198000000000024E-04
4.28056000000000009E-04
4.35531000000000015E-04
4.37676999999999977E-04
4.28284000000000021E-04
4.12759000000000010E-04
4.29389000000000018E-04
4.30873000000000020E-04
4.30439000000000017E-04
4.46061999999999999E-04
4.08978000000000000E-04
4.28966000000000026E-04
4.18478999999999976E-04
5.55891999999999996E-04
4.29117999999999980E-04
3.93637999999999974E-04
4.43038999999999998E-04
3.66965999999999983E-04
3.42741999999999992E-04
4.27915999999999973E-04
4.29378000000000008E-04
4.60926000000000011E-04
4.61326000000000021E-04
4.16832000000000010E-04
4.53015999999999987E-04
4.44663999999999997E-04
4.44848000000000021E-04
4.44652999999999986E-04
4.23646999999999978E-04
4.26149000000000016E-04
4.45336000000000007E-04
4.57632000000000026E-04
4.24036999999999992E-04
4.74012000000000001E-04
4.20017000000000014E-04
4.45433000000000016E-04
4.43667000000000020E-04
4.46766000000000025E-04
4.25347999999999980E-04
4.27231999999999992E-04
4.62724000000000024E-04
4.50719999999999994E-04
4.48662000000000008E-04
4.60545999999999991E-04
4.42421000000000025E-04
4.15435000000000023E-04
4.55345999999999973E-04
4.39897000000000020E-04
4.47210000000000023E-04
4.45921000000000002E-04
6.01989000000000040E-04
7.00697000000000017E-04
5.26736999999999995E-04
4.63915000000000020E-04
3.56360000000000010E-04
3.93355999999999979E-04
3.41669000000000011E-04
3.68319999999999997E-04
3.95318000000000026E-04
3.65047999999999978E-04
3.62068000000000004E-04
3.78157000000000005E-04
4.07048999999999985E-04
3.99163000000000013E-04
4.29237000000000010E-04
4.07591000000000008E-04
4.03181999999999976E-04
4.18653000000000005E-04
3.92315999999999976E-04
3.25625000000000014E-04
3.08930000000000012E-04
3.09017000000000026E-04
3.09461000000000024E-04
3.10566000000000021E-04
3.26827000000000020E-04
3.13123000000000004E-04
3.28322999999999994E-04
3.10208000000000022E-04
3.08214999999999976E-04
3.49805000000000016E-04
3.07640999999999991E-04
3.07446000000000011E-04
3.06914999999999998E-04
3.82771999999999973E-04
3.07640999999999991E-04
3.07587000000000008E-04
3.07684999999999979E-04
3.09016000000000011E-04
3.36621000000000001E-04
3.29384000000000003E-04
3.11010000000000019E-04
3.43012999999999977E-04
3.14487999999999975E-04
3.11041999999999981E-04
3.29416999999999980E-04
3.08311999999999985E-04
3.25515999999999978E-04
8.47121000000000050E-04
4.65636999999999974E-04
4.36657999999999979E-04
4.33971000000000010E-04
4.64087999999999979E-04
4.71042999999999983E-04
4.12130999999999988E-04
4.11930000000000022E-04
3.11725000000000001E-04
3.14952999999999978E-04
4.36880000000000005E-04
4.16041000000000024E-04
4.07158000000000021E-04
4.34925000000000014E-04
5.10737999999999947E-04
4.47416000000000014E-04
4.70838000000000007E-04
4.61456000000000008E-04
4.97640000000000040E-04
4.76307999999999994E-04
4.54836999999999982E-04
4.25564000000000020E-04
4.62940000000000009E-04
4.71607999999999988E-04
4.56775999999999992E-04
5.16382000000000017E-04
4.34729999999999980E-04
5.05353999999999959E-04
4.36278999999999975E-04
4.61077000000000004E-04
4.55476000000000015E-04
4.61953999999999989E-04
4.92656999999999969E-04
4.55086000000000000E-04
4.51630000000000011E-04
4.69992000000000023E-04
4.22108999999999993E-04
4.50859999999999976E-04
4.45616999999999986E-04
4.24697999999999992E-04
4.03117999999999998E-04
4.21036000000000012E-04
3.57183000000000012E-04
3.12094000000000011E-04
3.12429999999999989E-04
3.14043000000000015E-04
3.13675000000000022E-04
3.30489000000000000E-04
3.09471999999999981E-04
3.08497000000000025E-04
3.07608999999999975E-04
3.39253999999999988E-04
3.32308999999999979E-04
3.21204000000000010E-04
3.24964000000000015E-04
3.07044999999999985E-04
3.07553999999999976E-04
3.07261999999999987E-04
3.09601000000000006E-04
3.09059999999999999E-04
3.09027000000000021E-04
3.34421000000000002E-04
3.35363999999999996E-04
4.35060000000000026E-04
3.77279000000000004E-04
3.81218000000000008E-04
3.83559000000000005E-04
3.94918999999999978E-04
3.93888000000000007E-04
3.80799000000000025E-04
3.58778000000000027E-04
2.89246000000000002E-04
3.08896999999999980E-04
2.83897000000000023E-04
3.00176999999999996E-04
2.85105999999999977E-04
2.85485999999999997E-04
3.04547000000000010E-04
2.93606999999999983E-04
2.88355999999999975E-04
2.85956999999999986E-04
3.01596000000000004E-04
2.95996999999999992E-04
2.83625999999999984E-04
2.83315999999999982E-04
3.07536999999999980E-04
2.83556000000000021E-04
2.83596000000000000E-04
2.99086000000000002E-04
3.86269000000000011E-04
4.05918999999999974E-04
4.19329000000000023E-04
3.91637999999999980E-04
4.14980000000000015E-04
3.57888000000000000E-04
3.73568000000000012E-04
3.39257999999999997E-04
3.02726999999999977E-04
5.15846000000000035E-04
3.85029000000000003E-04
2.85315999999999977E-04
2.85047000000000024E-04
2.84875999999999988E-04
2.84496999999999983E-04
3.03156000000000009E-04
2.86747000000000011E-04
2.93936000000000013E-04
2.83876999999999979E-04
2.84426000000000004E-04
2.85866999999999979E-04
2.85546000000000020E-04
3.17056999999999983E-04
2.89467000000000012E-04
2.89006000000000018E-04
2.87306999999999992E-04
2.85595999999999994E-04
2.85536000000000025E-04
4.49944999999999989E-04
5.98324000000000013E-04
3.56137999999999984E-04
3.05897000000000016E-04
3.03066000000000002E-04
3.00346000000000001E-04
2.84476999999999994E-04
2.87495999999999986E-04
2.87767000000000025E-04
2.85746000000000025E-04
2.85515999999999982E-04
3.02916999999999987E-04
3.20386999999999994E-04
2.88707000000000026E-04
2.85795999999999999E-04
2.85836999999999994E-04
2.97215999999999995E-04
2.99437000000000000E-04
2.83996000000000010E-04
3.21098000000000021E-04
3.60888000000000018E-04
3.79528000000000016E-04
4.13310000000000012E-04
3.72598000000000026E-04
3.33698000000000002E-04
3.43147000000000027E-04
3.87788999999999983E-04
3.66073999999999978E-04
2.88235999999999983E-04
2.89226999999999974E-04
3.07037000000000022E-04
3.37446999999999997E-04
3.73128999999999985E-04
3.75927999999999983E-04
4.32590000000000004E-04
3.75658000000000014E-04
4.08143999999999987E-04
3.69248000000000026E-04
3.65158999999999991E-04
3.65188000000000014E-04
3.86917999999999984E-04
3.89168000000000012E-04
3.96048999999999989E-04
3.89199000000000012E-04
4.22228999999999985E-04
2.97586000000000020E-04
2.88857000000000003E-04
2.90405999999999997E-04
2.86596999999999980E-04
2.86266000000000027E-04
3.15246999999999999E-04
2.96797000000000011E-04
3.18697000000000002E-04
2.85005999999999975E-04
2.84366999999999997E-04
2.84316000000000007E-04
3.39157999999999994E-04
3.02577000000000000E-04
2.84645999999999998E-04
2.85686000000000002E-04
2.94846999999999991E-04
3.07216999999999983E-04
2.87026000000000013E-04
3.08466999999999986E-04
3.00626999999999980E-04
3.31737000000000026E-04
3.82597999999999998E-04
4.27049999999999999E-04
3.10266999999999976E-04
3.23997000000000022E-04
3.12336999999999988E-04
3.30666999999999984E-04
3.26898000000000000E-04
3.35347000000000000E-04
3.32088000000000023E-04
3.30617000000000009E-04
2.85087000000000003E-04
2.85886000000000007E-04
2.85405999999999984E-04
3.29877999999999975E-04
2.98037000000000020E-04
3.04995999999999978E-04
2.86657000000000003E-04
3.44688000000000004E-04
3.03115999999999976E-04
3.12177000000000017E-04
2.83807000000000015E-04
3.15527000000000017E-04
3.79287999999999978E-04
3.89678999999999980E-04
4.03048999999999996E-04
3.90078999999999990E-04
3.92229000000000015E-04
4.09538999999999997E-04
3.94158999999999992E-04
3.94419000000000020E-04
4.11929000000000006E-04
3.97938999999999986E-04
4.12368999999999995E-04
4.02418999999999997E-04
3.89189000000000017E-04
4.01578999999999998E-04
3.92839000000000025E-04
4.06128999999999974E-04
3.90049000000000006E-04
3.91509000000000008E-04
3.84888000000000005E-04
3.92657999999999994E-04
5.10051999999999988E-04
4.71786000000000026E-04
3.68308000000000025E-04
4.77431000000000003E-04
3.81528000000000010E-04
2.87816999999999999E-04
2.88985999999999974E-04
2.88917000000000026E-04
3.00365999999999990E-04
3.02506999999999982E-04
2.85026999999999980E-04
3.25126999999999979E-04
2.85436000000000023E-04
2.83617000000000005E-04
2.84135999999999991E-04
2.84596000000000024E-04
3.00756000000000005E-04
3.17276999999999978E-04
3.73679000000000025E-04
3.79047999999999993E-04
3.78128999999999998E-04
3.81538000000000005E-04
5.06329000000000024E-04
4.76399999999999979E-04
3.95187999999999985E-04
3.93789000000000021E-04
4.33769999999999989E-04
3.90508999999999984E-04
4.03449000000000006E-04
3.90429000000000026E-04
3.89657999999999975E-04
4.19490000000000010E-04
4.15879000000000021E-04
4.31840000000000012E-04
4.98200999999999982E-04
4.12949000000000020E-04
3.91089000000000009E-04
3.91738999999999998E-04
3.92608999999999981E-04
4.04338999999999979E-04
4.25668999999999993E-04
6.48123000000000015E-04
3.04276000000000026E-04
3.15937000000000021E-04
2.85695999999999997E-04
2.98337000000000027E-04
3.21487000000000021E-04
3.98998999999999979E-04
4.03209000000000022E-04
3.89878999999999985E-04
4.09419000000000005E-04
3.84889000000000021E-04
3.80598000000000004E-04
4.09228999999999995E-04
3.92267999999999979E-04
3.92508999999999979E-04
3.99378999999999999E-04
3.82709000000000011E-04
4.23119000000000012E-04
3.98309000000000011E-04
3.83649000000000013E-04
3.92879000000000004E-04
3.97879000000000017E-04
3.96719000000000021E-04
4.18709000000000019E-04
3.76918999999999974E-04
4.13149000000000025E-04
4.03888999999999995E-04
4.05918999999999974E-04
3.94088999999999974E-04
3.75128000000000017E-04
4.01838000000000011E-04
4.01229000000000017E-04
3.78898000000000017E-04
4.13518999999999996E-04
3.82489000000000017E-04
3.91528999999999998E-04
4.30039000000000007E-04
4.15328999999999980E-04
3.96468999999999988E-04
3.76467999999999974E-04
6.00538999999999977E-04
3.84919000000000006E-04
3.82128999999999986E-04
3.80337999999999976E-04
4.10734000000000001E-04
4.32380000000000004E-04
3.79607999999999975E-04
3.95718999999999997E-04
4.09878999999999983E-04
4.03009000000000017E-04
3.82729000000000001E-04
3.80368000000000015E-04
4.07539000000000002E-04
3.98389000000000024E-04
4.34399000000000026E-04
3.82968999999999985E-04
3.71197999999999992E-04
4.02399000000000008E-04
3.93988000000000010E-04
3.97218999999999979E-04
4.32670000000000016E-04
3.77549000000000027E-04
3.97738000000000019E-04
3.98698000000000010E-04
4.09768999999999986E-04
4.01249000000000007E-04
3.83408000000000013E-04
3.84848999999999988E-04
4.10239000000000014E-04
3.96048999999999989E-04
3.91519000000000003E-04
4.02778999999999973E-04
4.05918999999999974E-04
3.81088999999999983E-04
4.07588999999999976E-04
3.76928000000000007E-04
3.78498000000000007E-04
3.94449000000000004E-04
8.28024000000000013E-04
6.71055000000000046E-04
3.88088999999999990E-04
3.50638000000000013E-04
2.86586000000000024E-04
2.87787000000000015E-04
2.88735999999999995E-04
3.04837000000000022E-04
2.88135999999999980E-04
3.01487000000000022E-04
2.87387000000000005E-04
2.84165999999999976E-04
2.84055999999999979E-04
2.83976999999999982E-04
3.09167000000000003E-04
2.83766000000000020E-04
2.99537000000000002E-04
2.83635999999999979E-04
2.83346999999999983E-04
2.84795999999999975E-04
2.96516999999999994E-04
2.85656000000000018E-04
2.96787000000000017E-04
3.04745999999999999E-04
2.89216000000000017E-04
2.85925999999999986E-04
3.10476999999999975E-04
2.84996999999999996E-04
2.84076000000000023E-04
2.85536999999999987E-04
3.01425999999999983E-04
2.83727000000000003E-04
2.82936000000000016E-04
2.83776000000000015E-04
2.83356999999999977E-04
2.83955999999999976E-04
2.96926999999999998E-04
3.17796999999999980E-04
3.02357000000000006E-04
2.94466000000000009E-04
2.94036999999999977E-04
2.89526000000000019E-04
2.86237000000000004E-04
2.85825999999999984E-04
2.98787000000000011E-04
2.84086000000000017E-04
2.87606999999999999E-04
2.83796000000000005E-04
2.83046999999999975E-04
2.82895999999999983E-04
3.93683999999999994E-04
4.25919999999999988E-04
3.14666999999999974E-04
3.44537000000000012E-04
3.50827000000000007E-04
3.03756999999999985E-04
2.87137000000000026E-04
2.89675999999999996E-04
2.89037000000000018E-04
2.86286000000000017E-04
2.85595999999999994E-04
2.85426999999999990E-04
2.99507000000000018E-04
3.15266999999999989E-04
2.83825999999999989E-04
2.83556000000000021E-04
2.83397000000000011E-04
2.84536000000000001E-04
2.83735999999999982E-04
3.10325999999999983E-04
2.85495999999999992E-04
2.86015999999999994E-04
2.86366999999999991E-04
2.99466000000000023E-04
3.05087000000000001E-04
2.89626999999999983E-04
3.93938999999999997E-04
3.16187000000000000E-04
2.84326000000000001E-04
2.83587000000000021E-04
2.83656000000000023E-04
2.83515999999999987E-04
3.00276999999999998E-04
2.84127000000000012E-04
2.83676000000000013E-04
2.83715999999999992E-04
2.83736999999999997E-04
2.85356000000000010E-04
2.94356999999999974E-04
3.01596000000000004E-04
2.87536999999999981E-04
2.88936000000000000E-04
3.37768000000000009E-04
3.67938000000000000E-04
3.32697999999999978E-04
2.85845999999999973E-04
3.01587000000000025E-04
2.84716000000000016E-04
2.84266999999999994E-04
2.83256000000000013E-04
2.91867000000000016E-04
2.82865999999999999E-04
2.83346000000000021E-04
3.92659000000000009E-04
3.70338000000000004E-04
3.70049000000000007E-04
3.70067999999999981E-04
3.78858999999999999E-04
3.98888000000000020E-04
3.77658000000000008E-04
3.84879000000000026E-04
3.96468999999999988E-04
3.75238000000000015E-04
3.14167000000000016E-04
2.84396999999999981E-04
2.83866000000000023E-04
2.83486000000000003E-04
2.83707000000000013E-04
2.83146000000000016E-04
2.89085999999999976E-04
2.99807000000000025E-04
2.85707000000000007E-04
3.13486999999999989E-04
2.86365999999999975E-04
2.87287000000000002E-04
2.89355999999999999E-04
2.89085999999999976E-04
3.02147000000000006E-04
2.85897000000000017E-04
2.85446000000000018E-04
2.83825999999999989E-04
2.95347000000000003E-04
2.84035999999999989E-04
2.83917000000000013E-04
3.00096999999999983E-04
3.11967000000000017E-04
3.20946999999999975E-04
2.84345999999999991E-04
2.84317000000000022E-04
2.85236000000000018E-04
2.84706000000000022E-04
3.03687000000000022E-04
2.89186999999999994E-04
2.89155999999999994E-04
2.86317000000000017E-04
2.85746000000000025E-04
2.84275999999999973E-04
2.83046999999999975E-04
3.09616999999999987E-04
2.83126000000000027E-04
3.21746999999999994E-04
2.96047000000000020E-04
2.83696000000000002E-04
2.82916999999999988E-04
2.99125999999999982E-04
3.80758999999999991E-04
3.72288000000000024E-04
3.30797999999999986E-04
3.10317000000000004E-04
3.44228000000000025E-04
4.12939000000000025E-04
3.36707000000000000E-04
3.20777000000000009E-04
2.97827000000000020E-04
3.56977999999999983E-04
3.54167999999999974E-04
3.53158000000000009E-04
3.15537000000000011E-04
3.19607000000000018E-04
3.29808000000000011E-04
3.73678000000000009E-04
2.85797000000000015E-04
2.84575999999999980E-04
2.85505999999999987E-04
2.85157000000000021E-04
2.86476000000000027E-04
2.89047000000000013E-04
3.15977000000000000E-04
2.86565999999999980E-04
2.84786999999999996E-04
3.15246999999999999E-04
2.92945999999999983E-04
3.15637000000000014E-04
2.84627000000000025E-04
3.00995999999999989E-04
2.84045999999999984E-04
2.84225999999999999E-04
3.09206999999999982E-04
3.70698999999999996E-04
2.99645999999999984E-04
3.02496999999999987E-04
2.86786999999999990E-04
2.86995999999999974E-04
2.93427000000000022E-04
3.29267000000000004E-04
2.87295999999999982E-04
2.86527000000000016E-04
3.00977000000000015E-04
2.84045999999999984E-04
2.83866000000000023E-04
2.84056999999999994E-04
2.83566000000000016E-04
2.82956000000000006E-04
3.18007999999999995E-04
4.16888999999999986E-04
3.75307999999999978E-04
4.43120000000000026E-04
4.58600999999999996E-04
2.90005999999999988E-04
3.62727999999999987E-04
4.01918999999999985E-04
4.04269999999999977E-04
4.00968999999999989E-04
4.04269000000000015E-04
4.19808999999999992E-04
4.44520000000000006E-04
4.01728999999999975E-04
3.98558999999999990E-04
4.01009000000000023E-04
4.18789999999999993E-04
3.93748000000000025E-04
3.96828000000000003E-04
3.99808999999999993E-04
4.02679000000000025E-04
4.29739000000000000E-04
3.98309000000000011E-04
4.00619000000000008E-04
4.16778999999999988E-04
4.25448999999999999E-04
4.00978999999999984E-04
4.00729000000000005E-04
4.02778999999999973E-04
3.98868999999999992E-04
4.31200000000000019E-04
3.98798999999999974E-04
3.99349000000000015E-04
3.99969000000000019E-04
3.94398999999999976E-04
4.17818999999999992E-04
4.00409000000000008E-04
4.00479000000000026E-04
4.01869000000000011E-04
5.38067000000000037E-04
7.19206000000000012E-04
3.60818000000000000E-04
2.89157000000000010E-04
3.06637000000000012E-04
2.86335999999999991E-04
2.86517000000000022E-04
2.84906000000000026E-04
2.83906000000000002E-04
2.96067000000000010E-04
2.83976000000000020E-04
3.09736999999999979E-04
2.83297000000000008E-04
3.20796999999999998E-04
2.88737000000000011E-04
3.31547000000000016E-04
3.50618000000000023E-04
3.18642000000000003E-04
2.88276999999999978E-04
2.94876000000000014E-04
2.98636999999999980E-04
2.92317000000000000E-04
3.43477000000000018E-04
3.14997000000000020E-04
2.92856999999999991E-04
2.84516000000000012E-04
2.84207000000000025E-04
2.83635999999999979E-04
2.83576000000000010E-04
2.83546999999999987E-04
2.99076000000000008E-04
2.83886999999999974E-04
2.85986000000000009E-04
3.02577000000000000E-04
2.85215999999999974E-04
3.14536999999999987E-04
2.88996000000000023E-04
3.05187000000000004E-04
3.33486999999999987E-04
3.53737999999999980E-04
3.27137999999999984E-04
2.84916000000000021E-04
2.84545999999999996E-04
3.01996999999999975E-04
2.83597000000000016E-04
2.83015999999999975E-04
2.83205999999999985E-04
3.12297000000000009E-04
2.95606999999999977E-04
2.84225999999999999E-04
3.00537000000000026E-04
2.84747000000000017E-04
9.50256000000000017E-04
4.96810999999999997E-04
4.17718999999999990E-04
2.87546999999999976E-04
3.28656999999999994E-04
2.84806999999999986E-04
2.87805999999999988E-04
2.99387000000000025E-04
2.84545999999999996E-04
3.10156999999999978E-04
2.84166999999999992E-04
2.83835999999999984E-04
2.83855999999999974E-04
2.84227000000000015E-04
2.85825999999999984E-04
2.85266000000000003E-04
3.01766999999999986E-04
3.13237000000000010E-04
2.93977000000000008E-04
2.88965999999999984E-04
2.87016999999999980E-04
2.86206000000000004E-04
2.85326999999999987E-04
2.98605999999999980E-04
2.83627000000000000E-04
2.84235999999999994E-04
2.83656000000000023E-04
2.83666999999999979E-04
2.84125999999999997E-04
2.83787000000000026E-04
3.65124999999999998E-04
3.56947999999999998E-04
2.85976000000000014E-04
2.85587000000000015E-04
2.87055999999999997E-04
3.06466999999999992E-04
2.89606999999999994E-04
2.87436000000000017E-04
2.86237000000000004E-04
2.85136000000000016E-04
2.85056000000000003E-04
2.84967000000000011E-04
3.30436999999999994E-04
2.85446999999999979E-04
2.84206000000000009E-04
2.83676000000000013E-04
2.84156999999999997E-04
2.83336000000000026E-04
8.79322999999999997E-04
3.91279000000000019E-04
3.94239000000000004E-04
4.38929000000000012E-04
3.98058999999999978E-04
3.89929000000000013E-04
4.05229000000000006E-04
3.89829000000000011E-04
4.11208999999999999E-04
3.90178999999999992E-04
3.84108999999999991E-04
3.89898000000000013E-04
3.89207999999999991E-04
4.19129999999999980E-04
3.93779000000000026E-04
2.92115999999999979E-04
2.83405999999999990E-04
2.85336999999999982E-04
2.85476000000000002E-04
3.02787000000000000E-04
2.99807000000000025E-04
3.02777000000000005E-04
2.90696000000000010E-04
2.86737000000000016E-04
2.95455999999999985E-04
2.84996999999999996E-04
3.00245999999999998E-04
2.84337000000000012E-04
2.84426000000000004E-04
3.45108000000000003E-04
2.85146000000000011E-04
2.83546999999999987E-04
2.82736000000000012E-04
3.02386999999999990E-04
2.85376000000000000E-04
2.85536999999999987E-04
2.86386000000000019E-04
2.94897000000000019E-04
2.87946000000000024E-04
2.89457000000000017E-04
3.02135999999999995E-04
2.86916999999999977E-04
3.02926999999999981E-04
2.83815999999999995E-04
2.83576000000000010E-04
3.08476999999999981E-04
3.00777000000000010E-04
4.90350999999999981E-04
4.60977000000000001E-04
7.65947000000000004E-04
3.96348999999999996E-04
3.78727999999999997E-04
3.99108999999999976E-04
3.78719000000000017E-04
3.80507999999999996E-04
3.82328999999999991E-04
4.41959999999999977E-04
4.04189000000000002E-04
3.93108999999999993E-04
3.78048000000000023E-04
3.77459000000000019E-04
5.19779000000000053E-04
3.83498999999999982E-04
3.84737999999999975E-04
3.85027999999999987E-04
3.98089000000000017E-04
4.10088999999999983E-04
3.86769000000000023E-04
3.94398999999999976E-04
3.92678999999999999E-04
3.89598000000000006E-04
3.54880000000000017E-04
2.88985999999999974E-04
2.88707000000000026E-04
3.02306000000000016E-04
2.85526999999999992E-04
3.35906999999999981E-04
3.00726999999999982E-04
2.83986999999999976E-04
2.83686000000000008E-04
2.83266000000000008E-04
3.82738999999999996E-04
2.83176000000000001E-04
3.25257000000000020E-04
3.16487000000000007E-04
2.85346000000000015E-04
2.85415999999999979E-04
2.84337000000000012E-04
4.18878999999999985E-04
4.72630999999999995E-04
3.89878000000000024E-04
3.49427999999999989E-04
2.91437000000000022E-04
3.26447000000000000E-04
2.92797000000000023E-04
3.07447000000000026E-04
2.84176000000000025E-04
2.84096000000000012E-04
3.21338000000000006E-04
3.61198000000000020E-04
2.84726000000000011E-04
3.00137000000000017E-04
3.98358999999999985E-04
2.85305999999999982E-04
2.89137000000000020E-04
2.87036000000000008E-04
2.88766999999999995E-04
2.89836000000000022E-04
3.02577000000000000E-04
3.88589000000000003E-04
4.24039000000000024E-04
2.84276999999999989E-04
2.83615999999999990E-04
2.83935999999999987E-04
3.48328000000000017E-04
2.84296999999999979E-04
2.83015999999999975E-04
2.83656000000000023E-04
2.83367000000000026E-04
2.85285999999999992E-04
2.96836999999999991E-04
3.01046000000000018E-04
2.86867000000000003E-04
3.18167000000000005E-04
2.93936999999999974E-04
3.85047999999999977E-04
2.86376999999999986E-04
3.01707000000000017E-04
2.83586000000000005E-04
2.83886000000000012E-04
2.83326999999999993E-04
3.35976999999999999E-04
2.83456999999999980E-04
2.83215999999999980E-04
2.98496999999999998E-04
3.07626000000000026E-04
2.85016000000000024E-04
3.51127999999999976E-04
3.89209000000000007E-04
4.17679000000000010E-04
4.58130000000000006E-04
4.91131000000000011E-04
3.79278999999999999E-04
3.93489000000000013E-04
9.29621000000000050E-04
3.77248000000000004E-04
3.76388999999999977E-04
3.76418000000000000E-04
3.93538999999999987E-04
5.09401000000000038E-04
3.75819000000000001E-04
3.77097999999999973E-04
4.09499000000000017E-04
3.95658999999999974E-04
3.97618999999999989E-04
4.01769000000000008E-04
4.15979999999999985E-04
3.82387999999999999E-04
3.99339000000000020E-04
3.79208999999999981E-04
3.77148000000000001E-04
4.34279999999999996E-04
3.00006999999999976E-04
3.48087999999999978E-04
2.84496000000000022E-04
2.84255999999999984E-04
2.84047000000000000E-04
2.83725999999999987E-04
2.83945999999999981E-04
2.84506999999999978E-04
3.00496999999999993E-04
3.20457000000000012E-04
2.84706000000000022E-04
2.86286999999999978E-04
3.12927000000000008E-04
2.88635999999999992E-04
2.86176999999999981E-04
3.01845999999999983E-04
5.46449999999999974E-04
4.18254000000000011E-04
3.94969000000000006E-04
3.74157999999999978E-04
3.75858999999999980E-04
4.17469000000000011E-04
3.93948999999999992E-04
3.92869000000000009E-04
3.77188999999999997E-04
3.99139000000000015E-04
3.78718000000000002E-04
2.94497000000000010E-04
2.88425999999999993E-04
2.88957000000000005E-04
2.89565999999999999E-04
3.02096999999999978E-04
2.86306000000000006E-04
3.07636999999999982E-04
2.84296999999999979E-04
2.84396000000000019E-04
2.83546000000000026E-04
2.83756999999999987E-04
3.17107000000000012E-04
2.85285999999999992E-04
2.84247000000000004E-04
2.96966000000000016E-04
2.89636999999999978E-04
2.85256000000000008E-04
2.85477000000000018E-04
3.12346999999999983E-04
2.89036000000000002E-04
2.89816999999999993E-04
2.92286000000000000E-04
2.85976999999999976E-04
2.84536000000000001E-04
2.84025999999999994E-04
2.98956999999999977E-04
2.83915999999999997E-04
2.83787000000000026E-04
2.95626000000000005E-04
2.83487000000000018E-04
2.83435999999999974E-04
3.13037000000000005E-04
3.01277000000000023E-04
2.85945999999999976E-04
2.86476999999999988E-04
2.86665999999999982E-04
2.88407000000000019E-04
2.90235999999999977E-04
4.95770999999999994E-04
3.39897999999999991E-04
2.85175999999999995E-04
2.84065999999999973E-04
2.84437000000000014E-04
3.18137000000000020E-04
2.83776000000000015E-04
2.95137000000000004E-04
2.84596000000000024E-04
2.83817000000000010E-04
2.84035999999999989E-04
2.85275999999999997E-04
3.00706999999999993E-04
2.85516999999999997E-04
2.87136000000000010E-04
2.88896000000000020E-04
2.88576000000000023E-04
3.14876999999999974E-04
2.85835999999999979E-04
3.01746999999999996E-04
2.83997000000000025E-04
2.83986000000000015E-04
2.83945999999999981E-04
2.88717000000000021E-04
2.83866000000000023E-04
2.83566999999999977E-04
2.99955999999999986E-04
2.84366999999999997E-04
2.85056000000000003E-04
2.85835999999999979E-04
3.23687999999999981E-04
2.86836000000000003E-04
2.88077000000000027E-04
3.04206000000000008E-04
2.86196000000000009E-04
2.85205999999999979E-04
2.84417000000000025E-04
2.83466000000000013E-04
2.83735999999999982E-04
2.83336999999999988E-04
2.99156000000000020E-04
2.84116000000000002E-04
2.83625999999999984E-04
3.09846999999999976E-04
2.83837000000000000E-04
2.85505999999999987E-04
2.85676000000000007E-04
3.01766999999999986E-04
2.87057000000000013E-04
2.88855999999999987E-04
2.89247000000000018E-04
3.03266000000000006E-04
3.03006999999999994E-04
4.61271000000000023E-04
5.02890999999999993E-04
3.85768999999999999E-04
3.30507000000000012E-04
3.19156999999999980E-04
3.00347000000000016E-04
2.86166000000000025E-04
2.83917000000000013E-04
2.84526000000000006E-04
2.85987000000000025E-04
2.85786000000000004E-04
2.85336000000000021E-04
3.02086999999999983E-04
3.19556999999999990E-04
2.89867000000000022E-04
2.90606000000000002E-04
2.89596999999999999E-04
2.85405999999999984E-04
2.84256999999999999E-04
2.99486000000000012E-04
2.95647000000000010E-04
2.83966000000000025E-04
2.83876999999999979E-04
2.83806000000000000E-04
2.84216000000000004E-04
2.84145999999999986E-04
3.09467000000000010E-04
2.86775999999999980E-04
2.86876999999999998E-04
2.87856000000000017E-04
2.89076999999999997E-04
2.89446000000000007E-04
2.87006999999999985E-04
3.01986000000000019E-04
2.85826999999999999E-04
2.84176000000000025E-04
2.83515999999999987E-04
2.83766999999999982E-04
3.09916999999999994E-04
2.95015999999999996E-04
2.98897000000000008E-04
2.84007000000000020E-04
2.83845999999999979E-04
2.84475999999999978E-04
2.85167000000000016E-04
2.84985999999999985E-04
3.02667000000000008E-04
3.04237000000000008E-04
2.89465999999999996E-04
2.86606999999999975E-04
2.85825999999999984E-04
3.37258000000000002E-04
3.37596999999999973E-04
3.07447000000000026E-04
2.83297000000000008E-04
2.83195999999999990E-04
3.00316999999999978E-04
2.83476000000000008E-04
2.83005999999999980E-04
2.83377000000000021E-04
3.00526000000000016E-04
2.86115999999999996E-04
2.86406000000000009E-04
3.58967999999999982E-04
2.88637000000000008E-04
2.88735999999999995E-04
2.86647000000000009E-04
3.02906999999999992E-04
2.85476000000000002E-04
2.83745999999999977E-04
2.83236999999999985E-04
2.83546000000000026E-04
2.83425999999999980E-04
2.95327000000000014E-04
3.18441999999999998E-04
2.85456999999999974E-04
3.47357999999999977E-04
2.89055999999999992E-04
2.86115999999999996E-04
3.02675999999999987E-04
2.87826999999999994E-04
2.88955999999999989E-04
2.88327000000000006E-04
2.85546000000000020E-04
2.85215999999999974E-04
2.84335999999999996E-04
3.16787000000000015E-04
2.90776999999999984E-04
3.15676999999999993E-04
2.84015999999999999E-04
2.95286999999999980E-04
2.83735999999999982E-04
2.83535999999999977E-04
2.99517000000000012E-04
2.85236999999999980E-04
2.85735999999999976E-04
2.85935999999999981E-04
3.03316999999999996E-04
2.88397000000000024E-04
2.89136000000000005E-04
3.01786999999999975E-04
3.22906999999999990E-04
2.86017000000000010E-04
2.83085999999999993E-04
3.59987999999999996E-04
4.41460000000000019E-04
3.72237999999999996E-04
3.89058999999999976E-04
4.05898999999999984E-04
4.09829000000000009E-04
4.00899000000000025E-04
4.50260000000000016E-04
4.02719000000000004E-04
4.08779000000000011E-04
3.83969000000000010E-04
3.98478999999999977E-04
3.98468000000000021E-04
3.93617999999999984E-04
4.05649000000000005E-04
3.94898000000000026E-04
4.30749999999999981E-04
3.99989000000000009E-04
4.00638999999999997E-04
4.28649999999999984E-04
3.96009000000000009E-04
3.85007999999999997E-04
2.84117000000000018E-04
3.24117000000000014E-04
4.30044999999999993E-04
3.93803999999999986E-04
2.86726000000000006E-04
2.86745999999999995E-04
2.88346999999999996E-04
2.89246000000000002E-04
2.87236999999999974E-04
3.02737000000000026E-04
2.84275999999999973E-04
2.83535999999999977E-04
3.21187999999999975E-04
2.84675999999999983E-04
2.96247000000000025E-04
2.99735999999999991E-04
3.63949000000000022E-04
2.83556000000000021E-04
2.83266000000000008E-04
2.85126999999999982E-04
4.85175000000000016E-04
4.22865999999999986E-04
4.10411999999999973E-04
3.86059000000000012E-04
3.91358999999999978E-04
3.48677999999999998E-04
3.37676999999999986E-04
2.85746999999999987E-04
2.83735999999999982E-04
2.83607000000000011E-04
2.83635999999999979E-04
2.83835999999999984E-04
2.83277000000000019E-04
3.09836999999999981E-04
2.83466000000000013E-04
2.83075999999999998E-04
2.84857000000000014E-04
2.84716000000000016E-04
2.92886999999999976E-04
2.86765999999999985E-04
3.03727000000000001E-04
2.88806000000000013E-04
2.86486999999999983E-04
3.01956999999999996E-04
2.84655999999999993E-04
2.83825999999999989E-04
2.83407000000000006E-04
2.99975999999999975E-04
2.84486000000000027E-04
3.01046999999999979E-04
2.87466000000000002E-04
3.07497000000000000E-04
2.84335999999999996E-04
2.85106999999999993E-04
3.01356999999999981E-04
2.84636000000000004E-04
2.86365999999999975E-04
2.87997000000000014E-04
2.88256000000000027E-04
2.86066999999999984E-04
2.86106000000000001E-04
3.00647000000000024E-04
3.00506999999999988E-04
2.96346000000000012E-04
2.83727000000000003E-04
2.94505999999999989E-04
2.83377000000000021E-04
2.90015999999999983E-04
2.98467000000000014E-04
2.83386000000000000E-04
2.84506999999999978E-04
5.06160999999999981E-04
3.81779000000000005E-04
3.07597000000000003E-04
2.89715999999999975E-04
3.41448000000000001E-04
3.03236999999999984E-04
2.89355999999999999E-04
2.85106999999999993E-04
2.84726000000000011E-04
2.95816999999999977E-04
2.84585999999999975E-04
2.83827000000000005E-04
2.99286000000000007E-04
2.84647000000000014E-04
2.84125999999999997E-04
2.83586000000000005E-04
3.19876999999999987E-04
2.85666000000000012E-04
3.19586999999999974E-04
3.06256999999999992E-04
2.90016999999999998E-04
2.89505999999999976E-04
2.86816999999999975E-04
2.86015999999999994E-04
2.89785999999999993E-04
2.87265999999999997E-04
2.99917000000000022E-04
2.83446000000000023E-04
2.83725999999999987E-04
3.22327999999999981E-04
2.83745999999999977E-04
2.83325999999999977E-04
2.96397000000000002E-04
3.00426999999999975E-04
2.85746000000000025E-04
2.85346999999999977E-04
2.89185999999999979E-04
2.88507000000000021E-04
2.89456000000000001E-04
2.86425999999999998E-04
3.16137000000000026E-04
3.24437000000000011E-04
3.14087000000000003E-04
2.83906000000000002E-04
2.83946999999999997E-04
2.83615999999999990E-04
3.01266999999999974E-04
2.83966000000000025E-04
2.84066999999999989E-04
2.84365999999999981E-04
2.85415999999999979E-04
2.85587000000000015E-04
2.86276000000000022E-04
3.03236999999999984E-04
5.18702000000000009E-04
4.17229000000000026E-04
3.94449000000000004E-04
4.22665999999999981E-04
3.79838999999999980E-04
3.77008000000000020E-04
3.72529000000000024E-04
4.11709000000000012E-04
4.38609999999999976E-04
3.97059000000000008E-04
3.86228000000000016E-04
3.87949000000000009E-04
3.87998999999999983E-04
5.02000999999999966E-04
6.75014999999999947E-04
2.86186999999999976E-04
2.87475999999999997E-04
2.89106999999999982E-04
3.89127999999999978E-04
3.24148000000000014E-04
3.61257999999999989E-04
2.85116000000000026E-04
2.83937000000000002E-04
3.01286000000000002E-04
4.09689999999999989E-04
3.88157999999999993E-04
4.61161000000000025E-04
3.73028000000000021E-04
4.01808999999999988E-04
8.12417999999999973E-04
3.86659000000000026E-04
3.84379000000000014E-04
4.21678999999999999E-04
3.93838999999999995E-04
3.66907999999999991E-04
3.76588999999999982E-04
3.93868999999999979E-04
3.83428000000000002E-04
3.98309000000000011E-04
3.95996999999999983E-04
3.11547000000000017E-04
3.06127000000000005E-04
2.91746000000000008E-04
3.15137000000000002E-04
2.96815999999999985E-04
2.84296999999999979E-04
2.84585999999999975E-04
2.85746000000000025E-04
3.11117000000000023E-04
2.85656999999999979E-04
3.22706999999999985E-04
3.82179000000000015E-04
3.81967999999999999E-04
3.80158999999999977E-04
3.78288000000000007E-04
3.26978000000000013E-04
3.00155999999999991E-04
2.83167000000000022E-04
2.83696000000000002E-04
3.04196999999999974E-04
2.97806999999999976E-04
2.96746000000000021E-04
2.98926999999999993E-04
2.83556000000000021E-04
2.85116999999999988E-04
2.92806000000000002E-04
3.11017000000000021E-04
2.87177000000000005E-04
2.88406000000000003E-04
3.83731000000000003E-04
3.67278000000000016E-04
4.09489000000000023E-04
3.90858000000000004E-04
4.10700000000000008E-04
3.86438000000000016E-04
3.82538999999999991E-04
4.11289000000000012E-04
4.22740000000000008E-04
4.03969000000000008E-04
3.72377999999999978E-04
3.93499000000000008E-04
3.80599000000000020E-04
3.76347999999999982E-04
3.80988999999999980E-04
4.88250999999999984E-04
3.77418000000000024E-04
5.93533000000000038E-04
4.80851000000000021E-04
4.38599999999999982E-04
2.85487000000000013E-04
3.56398000000000012E-04
3.78137999999999977E-04
3.74828000000000010E-04
4.17039999999999978E-04
3.81967999999999999E-04
3.72757999999999998E-04
3.91599000000000016E-04
3.86208000000000027E-04
4.13439999999999999E-04
3.84248000000000011E-04
3.81359000000000006E-04
5.01104000000000046E-04
3.81889000000000002E-04
3.75077999999999989E-04
3.68587999999999989E-04
3.71218999999999998E-04
3.12587000000000021E-04
3.55527999999999975E-04
3.13867000000000009E-04
2.84606000000000019E-04
2.84376999999999991E-04
3.41167000000000022E-04
2.83997000000000025E-04
2.84006000000000005E-04
2.83876000000000018E-04
2.85726999999999997E-04
2.85226000000000023E-04
2.85666999999999974E-04
3.02416000000000013E-04
2.90287000000000021E-04
3.02117000000000021E-04
2.86616000000000008E-04
3.10817000000000016E-04
3.07116999999999980E-04
2.84165999999999976E-04
3.00777000000000010E-04
2.95926999999999974E-04
3.08696999999999975E-04
2.83176000000000001E-04
2.93996999999999997E-04
3.62758000000000026E-04
3.09916999999999994E-04
3.44778000000000012E-04
3.77348000000000006E-04
3.79188999999999991E-04
3.84458000000000011E-04
3.78278999999999974E-04
3.28966999999999996E-04
2.86867000000000003E-04
2.85956000000000025E-04
2.85036999999999975E-04
2.83615999999999990E-04
2.84736000000000006E-04
3.13027000000000010E-04
3.55417999999999977E-04
3.94458999999999999E-04
3.78758999999999997E-04
3.75277999999999994E-04
3.74078999999999981E-04
3.13347000000000007E-04
3.19796999999999974E-04
2.88196000000000003E-04
2.87037000000000023E-04
2.89336000000000009E-04
3.00706999999999993E-04
2.87205999999999974E-04
3.03277000000000017E-04
3.03456999999999978E-04
2.84475999999999978E-04
2.83906000000000002E-04
2.84255999999999984E-04
2.83707000000000013E-04
2.83276000000000003E-04
3.00206999999999980E-04
2.84316000000000007E-04
2.84076000000000023E-04
3.11606999999999986E-04
2.93837000000000026E-04
2.84526000000000006E-04
3.02677000000000002E-04
2.89667000000000017E-04
2.89626000000000022E-04
2.86906999999999982E-04
2.85795999999999999E-04
2.84616000000000014E-04
2.83907000000000018E-04
3.00357000000000011E-04
2.84245999999999989E-04
2.83295999999999993E-04
3.27027999999999987E-04
3.21786999999999974E-04
3.37017000000000002E-04
3.50717000000000010E-04
3.07016999999999978E-04
2.86207000000000020E-04
2.86906000000000021E-04
2.87137000000000026E-04
3.01615999999999993E-04
2.89836999999999983E-04
3.29313999999999985E-04
2.92256999999999977E-04
3.10246999999999986E-04
3.10207000000000007E-04
3.25247000000000025E-04
2.84567000000000001E-04
3.09186999999999993E-04
4.51379999999999978E-04
3.36326999999999980E-04
2.83907000000000018E-04
2.83825999999999989E-04
2.84396000000000019E-04
3.01067000000000023E-04
2.85487000000000013E-04
3.12697000000000018E-04
2.89026000000000007E-04
2.89057000000000008E-04
2.86286000000000017E-04
3.19627000000000008E-04
3.00587000000000000E-04
2.83886000000000012E-04
2.83636999999999995E-04
2.83835999999999984E-04
4.08078999999999994E-04
3.70339000000000020E-04
3.54677999999999981E-04
3.57797999999999992E-04
3.94887999999999977E-04
4.89290999999999988E-04
3.85508000000000010E-04
4.71011000000000021E-04
7.55396999999999991E-04
3.59667999999999999E-04
3.85017999999999992E-04
4.00468999999999977E-04
4.10049000000000004E-04
8.01550999999999956E-04
3.85268000000000025E-04
4.64570999999999994E-04
3.21737000000000000E-04
3.05907000000000011E-04
3.00076999999999993E-04
2.84025999999999994E-04
2.93806999999999987E-04
2.83966000000000025E-04
2.85287000000000008E-04
2.86106000000000001E-04
2.85996000000000004E-04
3.03416999999999999E-04
2.89746999999999975E-04
2.94246000000000015E-04
2.86476999999999988E-04
2.85536000000000025E-04
2.84426000000000004E-04
2.84486999999999989E-04
2.99727000000000012E-04
2.91695999999999980E-04
2.95696999999999985E-04
2.83056000000000009E-04
3.00537000000000026E-04
2.83105999999999983E-04
2.85777000000000025E-04
3.20117000000000025E-04
2.85515999999999982E-04
2.86427000000000014E-04
2.87116000000000021E-04
2.87897000000000012E-04
2.90205999999999993E-04
2.94807000000000012E-04
3.02616000000000018E-04
2.84196000000000015E-04
2.83256000000000013E-04
2.83187000000000011E-04
3.01476000000000012E-04
2.83707000000000013E-04
2.83356000000000016E-04
2.99246999999999990E-04
2.84045999999999984E-04
2.84196999999999976E-04
2.85266000000000003E-04
2.85766000000000015E-04
2.93506999999999980E-04
3.01087000000000013E-04
2.91526000000000014E-04
2.88256999999999988E-04
2.85635999999999974E-04
5.36732000000000051E-04
3.79938999999999982E-04
3.84368000000000003E-04
4.01249000000000007E-04
4.03578999999999993E-04
3.90408000000000020E-04
3.82648999999999988E-04
3.85498999999999976E-04
3.82537999999999975E-04
4.07439000000000000E-04
3.83818999999999979E-04
3.87019000000000002E-04
3.87508000000000004E-04
3.93848999999999989E-04
4.30890000000000016E-04
3.95218999999999985E-04
3.81247999999999993E-04
3.88249000000000016E-04
4.06728999999999988E-04
4.02878999999999976E-04
3.88748999999999974E-04
3.80097999999999992E-04
3.85157999999999974E-04
3.87709000000000025E-04
4.33510000000000015E-04
3.79597999999999980E-04
3.78399000000000020E-04
3.90428000000000010E-04
3.87429000000000007E-04
4.14559000000000000E-04
3.93789000000000021E-04
4.00169000000000024E-04
3.87519000000000014E-04
3.97098999999999987E-04
3.71337999999999974E-04
4.05319000000000013E-04
3.87427999999999991E-04
3.85978999999999999E-04
3.86569000000000019E-04
3.84988000000000008E-04
5.70478000000000022E-04
3.96759000000000001E-04
3.61968000000000001E-04
2.84775999999999985E-04
2.85326999999999987E-04
3.60637999999999985E-04
3.85539000000000010E-04
3.99119000000000025E-04
3.77568000000000001E-04
3.85678999999999991E-04
4.10469000000000003E-04
3.64118000000000026E-04
3.31227999999999980E-04
3.81418000000000013E-04
3.80768999999999986E-04
3.77448000000000009E-04
4.15100000000000007E-04
3.82758000000000024E-04
3.76988999999999992E-04
3.82128000000000025E-04
3.74519000000000024E-04
4.30698999999999991E-04
4.18989999999999998E-04
3.93468000000000008E-04
3.87568000000000027E-04
4.18340000000000010E-04
3.98438999999999998E-04
3.98829000000000013E-04
3.98427999999999987E-04
3.94298999999999973E-04
4.08889000000000008E-04
4.00817999999999997E-04
3.95687999999999997E-04
4.08969999999999982E-04
3.95077999999999987E-04
4.14639000000000012E-04
3.87998999999999983E-04
3.86128000000000014E-04
3.95218999999999985E-04
3.98189000000000019E-04
4.38469999999999995E-04
3.72867999999999995E-04
3.74388999999999983E-04
3.93968000000000020E-04
3.80507999999999996E-04
3.99908999999999996E-04
3.79259000000000009E-04
3.79558000000000000E-04
3.71028000000000026E-04
4.15259999999999978E-04
3.89279000000000025E-04
3.83467999999999982E-04
3.82389000000000014E-04
3.75107999999999974E-04
4.15128999999999975E-04
3.72967999999999997E-04
3.03736999999999996E-04
3.72748000000000003E-04
3.86088999999999996E-04
4.25859000000000003E-04
3.86669000000000021E-04
4.04809000000000006E-04
3.89118999999999999E-04
3.88298999999999990E-04
3.81508000000000021E-04
3.81688999999999997E-04
4.04249000000000025E-04
3.83339000000000010E-04
4.16998999999999983E-04
3.85688999999999986E-04
3.81428000000000008E-04
4.10938999999999977E-04
3.86548000000000013E-04
3.90108999999999974E-04
3.83739000000000020E-04
3.90198000000000021E-04
4.12690000000000008E-04
4.02728999999999999E-04
4.23309000000000022E-04
3.85668999999999997E-04
3.89739000000000003E-04
3.49888000000000022E-04
2.84216000000000004E-04
3.66187999999999984E-04
3.95718999999999997E-04
3.96598999999999975E-04
4.14119000000000011E-04
4.36240000000000011E-04
4.23340000000000023E-04
3.99859000000000022E-04
4.00089000000000011E-04
4.19728999999999979E-04
4.25719999999999983E-04
4.01478999999999996E-04
4.02108999999999995E-04
3.99218999999999974E-04
4.53669999999999985E-04
4.05529000000000013E-04
4.00299000000000011E-04
4.16949000000000009E-04
4.01478999999999996E-04
4.18858999999999996E-04
4.05268999999999985E-04
4.03268999999999991E-04
4.01569000000000004E-04
4.38799999999999986E-04
4.19429000000000026E-04
4.04700000000000025E-04
4.01259000000000002E-04
4.05348999999999998E-04
4.44420000000000004E-04
4.01779000000000003E-04
3.99579000000000004E-04
4.04779000000000022E-04
4.14788999999999989E-04
4.20989999999999993E-04
4.06479000000000009E-04
3.98778999999999985E-04
3.98868999999999992E-04
4.00269000000000026E-04
4.18118999999999999E-04
4.15669000000000021E-04
4.04628999999999991E-04
4.19838999999999976E-04
3.91899000000000023E-04
4.17379000000000003E-04
4.05778999999999992E-04
4.03009000000000017E-04
4.06019999999999992E-04
4.14529000000000015E-04
4.21989000000000001E-04
4.04228999999999982E-04
4.31519000000000000E-04
4.21060000000000011E-04
4.00668999999999982E-04
4.18709000000000019E-04
4.01039000000000007E-04
3.68087999999999976E-04
3.57177000000000026E-04
3.56606999999999996E-04
3.76198000000000005E-04
3.68907999999999985E-04
3.58247999999999976E-04
3.60527999999999988E-04
3.60588000000000011E-04
3.76099000000000019E-04
3.72697999999999975E-04
3.58158000000000022E-04
3.58288000000000009E-04
3.56967999999999988E-04
3.56637999999999996E-04
3.00777000000000010E-04
3.45308000000000008E-04
3.57148000000000003E-04
2.82775999999999991E-04
2.83267000000000024E-04
2.92715999999999994E-04
2.85236999999999980E-04
3.02226000000000003E-04
2.85226999999999985E-04
5.83612999999999970E-04
3.86799000000000008E-04
4.39429000000000024E-04
4.05759000000000002E-04
3.96058999999999984E-04
3.84087999999999986E-04
3.82599000000000014E-04
3.87158000000000023E-04
4.04679000000000020E-04
4.03869000000000005E-04
3.86397999999999982E-04
4.18709999999999981E-04
3.91159000000000027E-04
3.91348000000000021E-04
4.19618999999999982E-04
3.88398999999999993E-04
3.89617999999999996E-04
3.89698000000000008E-04
3.94349000000000002E-04
4.10488999999999993E-04
3.88869000000000020E-04
4.21370000000000013E-04
3.89967999999999977E-04
3.88818999999999992E-04
4.06769000000000022E-04
3.87609000000000022E-04
3.83368999999999995E-04
4.11499000000000012E-04
3.85798999999999984E-04
4.09468999999999979E-04
4.08169000000000001E-04
3.85519000000000020E-04
3.89227999999999981E-04
3.90528999999999974E-04
4.09939000000000007E-04
3.91827999999999990E-04
3.95909000000000007E-04
3.93599000000000010E-04
9.22420999999999983E-04
5.25072000000000017E-04
3.97889000000000012E-04
3.93138999999999978E-04
3.95678000000000002E-04
3.69768999999999990E-04
3.19417000000000008E-04
2.83645999999999974E-04
2.83536999999999993E-04
2.83906000000000002E-04
2.95396999999999977E-04
3.01645999999999978E-04
2.85936999999999997E-04
2.91116000000000009E-04
2.89836999999999983E-04
2.89465999999999996E-04
2.86896999999999988E-04
2.86745999999999995E-04
3.00496999999999993E-04
2.83915999999999997E-04
2.83077000000000014E-04
2.82805999999999975E-04
2.82756000000000001E-04
3.03146999999999976E-04
2.83197000000000006E-04
2.98106000000000022E-04
2.84007000000000020E-04
2.83645999999999974E-04
2.84956000000000001E-04
2.85016999999999985E-04
2.91875999999999995E-04
2.88246999999999993E-04
3.05326999999999986E-04
2.86775999999999980E-04
2.85136999999999977E-04
2.91585999999999983E-04
2.83515999999999987E-04
2.83285999999999998E-04
2.82665999999999994E-04
2.98577000000000011E-04
2.83515999999999987E-04
2.83727000000000003E-04
2.83806000000000000E-04
2.84015999999999999E-04
2.85277000000000013E-04
3.18057000000000008E-04
2.86955999999999995E-04
2.87236999999999974E-04
3.15547000000000006E-04
2.89485999999999986E-04
2.86557000000000001E-04
4.95410999999999963E-04
3.40048000000000021E-04
4.44789999999999975E-04
3.76887999999999973E-04
4.06969000000000026E-04
3.80878000000000022E-04
3.40268000000000016E-04
3.34787000000000019E-04
3.48607999999999980E-04
3.79149000000000012E-04
4.02423000000000006E-04
3.77408999999999991E-04
3.86279000000000006E-04
3.78178000000000010E-04
3.99339000000000020E-04
3.79618999999999985E-04
3.82807999999999998E-04
3.96788999999999985E-04
3.86848999999999982E-04
3.94088999999999974E-04
3.75937999999999977E-04
3.76319000000000013E-04
3.74977999999999987E-04
3.78179000000000026E-04
3.91178000000000001E-04
4.33229999999999997E-04
4.06369000000000012E-04
3.81769000000000010E-04
3.81177999999999975E-04
3.80699000000000022E-04
3.86669000000000021E-04
3.93623000000000009E-04
2.90876999999999987E-04
2.87475999999999997E-04
2.87177000000000005E-04
2.86005999999999999E-04
2.84357000000000002E-04
3.10427000000000001E-04
3.01686000000000011E-04
2.98697000000000003E-04
3.12006999999999996E-04
2.83927000000000007E-04
2.83886000000000012E-04
5.89237999999999958E-04
4.19269000000000000E-04
3.87158999999999984E-04
4.32990000000000013E-04
3.57658000000000010E-04
3.27016999999999976E-04
3.41958000000000008E-04
3.12676999999999974E-04
3.76278000000000018E-04
3.47847999999999994E-04
3.64917999999999992E-04
3.91189000000000012E-04
3.90999000000000002E-04
3.90818999999999986E-04
4.19508999999999984E-04
3.77638000000000019E-04
3.85098000000000005E-04
3.83449000000000008E-04
3.83357999999999984E-04
3.97979000000000019E-04
3.90278999999999995E-04
3.84469000000000022E-04
3.82248000000000017E-04
4.02988999999999973E-04
3.93734000000000022E-04
3.59187999999999977E-04
3.64888000000000007E-04
3.59057999999999990E-04
3.65578999999999991E-04
3.39308999999999986E-04
3.18808000000000015E-04
3.27787000000000011E-04
3.18096999999999987E-04
4.55119999999999993E-04
3.25488000000000025E-04
3.66997999999999999E-04
3.10067000000000025E-04
3.10456999999999986E-04
3.33056999999999993E-04
4.23119999999999974E-04
4.02418999999999997E-04
4.59002999999999983E-04
4.09448999999999989E-04
4.09489000000000023E-04
3.78148000000000026E-04
4.31455999999999984E-04
4.19798999999999997E-04
4.02189000000000008E-04
4.84779999999999977E-04
3.98347999999999975E-04
5.16723999999999981E-04
4.02599000000000012E-04
4.26620000000000005E-04
3.88277999999999985E-04
3.94447999999999988E-04
4.17700000000000016E-04
4.00248999999999982E-04
3.94898999999999988E-04
4.15848999999999982E-04
3.91909000000000018E-04
4.18309000000000009E-04
4.01569000000000004E-04
3.89389000000000022E-04
3.90378999999999997E-04
3.94029000000000005E-04
4.14929000000000025E-04
3.97328999999999976E-04
3.87778999999999988E-04
4.12569000000000000E-04
3.87849000000000006E-04
4.28398999999999989E-04
3.81398999999999985E-04
3.80688999999999973E-04
3.92838000000000009E-04
3.94019000000000010E-04
4.16960000000000019E-04
4.00809000000000018E-04
3.89288000000000004E-04
4.13689999999999978E-04
3.96808999999999975E-04
4.07028999999999995E-04
4.14029000000000003E-04
3.72688999999999996E-04
3.95528000000000025E-04
3.86838999999999987E-04
3.89048999999999981E-04
2.85935999999999981E-04
2.85277000000000013E-04
3.98009000000000004E-04
4.08428999999999975E-04
4.34470000000000006E-04
4.01149000000000004E-04
3.98609000000000018E-04
3.99579000000000004E-04
3.95827999999999978E-04
4.14650000000000023E-04
3.94988999999999995E-04
3.99068999999999997E-04
4.05988999999999992E-04
3.98688999999999977E-04
4.06938999999999988E-04
4.09358999999999982E-04
3.98219000000000004E-04
3.93889000000000023E-04
3.95028999999999975E-04
4.12229000000000013E-04
4.00148999999999980E-04
4.16278999999999976E-04
4.03478999999999990E-04
4.02548999999999984E-04
4.17319999999999996E-04
3.96068999999999978E-04
3.97528000000000020E-04
4.10928999999999982E-04
3.96429000000000009E-04
4.36458999999999990E-04
4.32209999999999984E-04
4.15159000000000014E-04
4.70615999999999981E-04
3.71138999999999985E-04
4.03258999999999996E-04
4.46559999999999980E-04
4.10178999999999991E-04
3.94739000000000017E-04
4.15828999999999992E-04
3.93469000000000024E-04
3.79428999999999975E-04
3.92629000000000025E-04
3.98038000000000027E-04
3.77328000000000017E-04
3.77538000000000016E-04
3.76969000000000002E-04
3.76557999999999982E-04
3.94209000000000020E-04
3.84518999999999996E-04
3.93999000000000020E-04
3.80407999999999994E-04
4.24965000000000022E-04
3.03246999999999978E-04
2.86325999999999996E-04
2.87406999999999995E-04
2.89265999999999991E-04
2.89347000000000020E-04
2.86806000000000018E-04
3.47178000000000016E-04
4.17149000000000014E-04
3.81469000000000003E-04
3.78378000000000015E-04
3.78678999999999984E-04
4.11118999999999992E-04
3.78709000000000023E-04
3.74747999999999997E-04
3.80238999999999989E-04
3.82737999999999980E-04
4.00778999999999979E-04
4.32970000000000024E-04
3.89909000000000024E-04
3.14077000000000009E-04
2.91155999999999989E-04
2.89147000000000015E-04
7.44897000000000007E-04
4.91578000000000002E-04
4.32669000000000001E-04
3.91448000000000024E-04
4.04579000000000017E-04
4.16902999999999989E-04
3.91758999999999987E-04
3.91778000000000016E-04
3.86307999999999975E-04
4.12168999999999990E-04
3.90388999999999992E-04
3.91348999999999983E-04
3.92598999999999986E-04
4.08188999999999991E-04
4.15799000000000008E-04
3.90748000000000007E-04
4.07849000000000004E-04
3.88948999999999979E-04
3.94278999999999984E-04
4.14358999999999995E-04
3.90908999999999994E-04
3.98678999999999982E-04
4.07688999999999979E-04
4.11820000000000025E-04
4.04768999999999973E-04
3.94168999999999986E-04
3.95368000000000000E-04
3.89437999999999980E-04
3.95628999999999989E-04
4.13989000000000024E-04
4.34184000000000002E-04
4.02399000000000008E-04
4.14470000000000008E-04
3.93509000000000003E-04
3.93497999999999992E-04
4.25200999999999997E-04
3.82889000000000027E-04
9.93624999999999934E-04
3.92728999999999973E-04
4.57820000000000004E-04
3.87739000000000009E-04
3.94888999999999993E-04
3.99208999999999979E-04
3.86817999999999982E-04
4.21929999999999994E-04
3.94769000000000001E-04
3.99928999999999985E-04
3.97879000000000017E-04
4.14209000000000018E-04
4.22860000000000000E-04
3.93148000000000011E-04
3.90288999999999990E-04
3.91678999999999975E-04
3.96919000000000026E-04
4.12478999999999992E-04
3.95528999999999987E-04
3.97969000000000025E-04
4.18639000000000001E-04
4.06429999999999997E-04
4.05649000000000005E-04
3.91299000000000009E-04
3.92137999999999992E-04
3.90388999999999992E-04
3.97379000000000005E-04
4.13848999999999988E-04
3.89509000000000014E-04
4.04299000000000000E-04
3.97869000000000022E-04
4.12168999999999990E-04
4.10728999999999977E-04
3.91968999999999987E-04
3.71637999999999981E-04
3.70587999999999983E-04
3.71638999999999997E-04
3.90028000000000000E-04
6.96105000000000031E-04
4.06069000000000005E-04
4.26673999999999988E-04
3.90859000000000020E-04
3.76647999999999989E-04
4.14978999999999999E-04
3.78658999999999994E-04
3.96808999999999975E-04
3.85309000000000020E-04
4.07788999999999981E-04
4.12468999999999998E-04
3.91538999999999993E-04
3.95098999999999993E-04
3.78788000000000020E-04
4.00968999999999989E-04
3.94088999999999974E-04
3.73858999999999986E-04
3.86407999999999977E-04
4.01068999999999991E-04
3.82638999999999993E-04
4.20538999999999993E-04
3.84289000000000006E-04
3.78609000000000020E-04
3.91038000000000019E-04
3.89309000000000009E-04
4.14209000000000018E-04
3.87847999999999991E-04
4.00179000000000019E-04
3.72949000000000024E-04
3.69447999999999977E-04
4.01588999999999993E-04
3.65347999999999986E-04
3.68177999999999984E-04
3.83519000000000026E-04
3.93479000000000018E-04
3.93719000000000003E-04
3.80827999999999993E-04
3.87189000000000023E-04
3.73148000000000013E-04
3.85778999999999994E-04
4.47230000000000013E-04
4.03239000000000006E-04
4.03309000000000024E-04
4.04379000000000012E-04
3.39047999999999997E-04
2.86197000000000025E-04
2.84926000000000016E-04
3.06007000000000013E-04
3.01307000000000007E-04
2.83815999999999995E-04
2.83696000000000002E-04
2.98977000000000021E-04
2.84375999999999976E-04
2.83886999999999974E-04
2.83825999999999989E-04
2.85397000000000005E-04
2.85436000000000023E-04
3.00606999999999990E-04
2.87436000000000017E-04
2.88986999999999990E-04
3.28856999999999999E-04
2.86066000000000022E-04
3.21408000000000024E-04
3.06005999999999997E-04
3.05495999999999990E-04
2.95576999999999993E-04
2.89716999999999991E-04
2.97726000000000002E-04
2.83746999999999992E-04
2.83906000000000002E-04
2.86325999999999996E-04
3.02247000000000008E-04
2.93286999999999986E-04
2.85705999999999992E-04
2.85116999999999988E-04
2.86555999999999985E-04
2.88415999999999998E-04
3.04937000000000025E-04
3.01727000000000006E-04
2.85487000000000013E-04
2.84155999999999981E-04
2.83276000000000003E-04
2.95376999999999988E-04
2.83696000000000002E-04
2.83226999999999990E-04
3.35676999999999991E-04
3.57888000000000000E-04
3.50387999999999980E-04
3.05446999999999978E-04
2.87475999999999997E-04
3.31107999999999988E-04
4.03029000000000007E-04
4.37690000000000019E-04
3.92578999999999997E-04
3.95638000000000023E-04
4.14058999999999987E-04
3.38519999999999978E-04
2.85905999999999997E-04
3.40788000000000018E-04
2.84836000000000008E-04
3.00706999999999993E-04
2.83866000000000023E-04
2.84007000000000020E-04
3.60227999999999981E-04
2.84855999999999998E-04
2.92277000000000021E-04
4.90418999999999968E-04
2.85905999999999997E-04
2.86196000000000009E-04
2.87126999999999977E-04
2.89616000000000027E-04
3.15197000000000025E-04
3.45928000000000012E-04
3.57038000000000006E-04
2.99566999999999987E-04
2.84196000000000015E-04
2.84066999999999989E-04
2.83966000000000025E-04
3.17637000000000008E-04
2.85095999999999982E-04
2.84145999999999986E-04
2.84256999999999999E-04
2.84416000000000009E-04
2.86245999999999983E-04
3.19958000000000015E-04
2.86396000000000014E-04
2.87306999999999992E-04
2.88005999999999993E-04
3.17967000000000000E-04
3.16567000000000020E-04
3.13906999999999988E-04
3.19958000000000015E-04
2.84225999999999999E-04
2.83476000000000008E-04
2.83526999999999998E-04
2.84116000000000002E-04
3.00167000000000001E-04
2.83725999999999987E-04
3.00306999999999983E-04
5.74427999999999983E-04
3.88229000000000026E-04
3.93018999999999986E-04
3.62197999999999990E-04
3.06217000000000013E-04
2.89106000000000020E-04
2.88517000000000016E-04
2.86785999999999975E-04
2.97876999999999994E-04
2.85126000000000021E-04
2.84345999999999991E-04
3.88434000000000001E-04
3.84909000000000011E-04
3.81938000000000015E-04
3.88388999999999998E-04
4.19794999999999988E-04
3.78517999999999997E-04
3.84348999999999975E-04
3.82978999999999980E-04
4.11623000000000013E-04
3.71717999999999994E-04
2.88366000000000024E-04
3.02017000000000019E-04
3.26666999999999995E-04
3.34318000000000007E-04
2.86455999999999983E-04
2.98606999999999996E-04
3.76668999999999995E-04
3.99169000000000000E-04
4.36709000000000023E-04
3.99369000000000004E-04
4.00199000000000008E-04
3.99459000000000012E-04
3.99518999999999981E-04
4.28180000000000010E-04
4.00138999999999985E-04
3.53717999999999990E-04
2.86445999999999988E-04
2.87377000000000010E-04
3.02637000000000023E-04
3.04465999999999981E-04
2.86335999999999991E-04
2.84616000000000014E-04
2.84947000000000021E-04
9.21421999999999975E-04
4.95594000000000026E-04
3.99779000000000009E-04
4.52020000000000026E-04
4.04428999999999986E-04
3.80458999999999984E-04
3.78798000000000014E-04
3.78698999999999974E-04
7.60654000000000039E-04
4.07478999999999979E-04
4.90381000000000020E-04
3.58137999999999978E-04
3.68287999999999981E-04
3.72057999999999981E-04
3.66259000000000018E-04
4.65508000000000003E-04
4.05239000000000001E-04
3.98438999999999998E-04
4.16629000000000012E-04
3.90838999999999976E-04
4.05519000000000018E-04
4.33779999999999984E-04
4.10659000000000013E-04
4.00069000000000021E-04
3.85439000000000007E-04
4.08579000000000006E-04
4.03588999999999988E-04
4.17270000000000022E-04
4.13638999999999988E-04
3.84828999999999998E-04
3.77559000000000022E-04
3.92518000000000012E-04
3.96358999999999991E-04
4.17490000000000016E-04
4.08799000000000000E-04
4.04049000000000021E-04
6.94970999999999957E-04
3.36997999999999974E-04
3.79408000000000024E-04
4.05839000000000015E-04
3.74319000000000019E-04
3.60588000000000011E-04
3.62817999999999995E-04
3.63357999999999986E-04
4.19959000000000022E-04
3.68008999999999979E-04
3.80747999999999981E-04
3.66607999999999984E-04
2.88545999999999985E-04
2.85476000000000002E-04
3.00926999999999987E-04
2.84376999999999991E-04
2.88225999999999988E-04
2.83756000000000026E-04
2.85026999999999980E-04
3.08866999999999996E-04
3.30907000000000022E-04
2.95906999999999984E-04
2.86655999999999988E-04
2.87557000000000025E-04
3.00375999999999985E-04
2.85656999999999979E-04
3.08857000000000001E-04
3.17796999999999980E-04
2.96556999999999973E-04
2.86706000000000016E-04
2.86266000000000027E-04
3.18898000000000022E-04
2.84536000000000001E-04
2.84196000000000015E-04
3.02696999999999992E-04
2.83986999999999976E-04
2.84865999999999993E-04
2.83666000000000018E-04
3.01807000000000019E-04
2.85236999999999980E-04
2.84965999999999995E-04
3.02266999999999998E-04
2.85275999999999997E-04
2.88026999999999999E-04
3.29736999999999977E-04
3.17217000000000009E-04
3.60967999999999977E-04
5.68083000000000043E-04
4.13079000000000007E-04
4.16183999999999998E-04
2.99876999999999989E-04
3.99469000000000007E-04
4.11858999999999988E-04
3.99808999999999993E-04
3.91328999999999993E-04
3.90119000000000023E-04
3.93648999999999985E-04
4.10229000000000019E-04
3.92549000000000012E-04
3.93328999999999988E-04
3.95638000000000023E-04
3.98388000000000008E-04
4.35349999999999984E-04
3.94258999999999994E-04
3.93909000000000013E-04
3.72638000000000006E-04
3.99398999999999989E-04
3.71348000000000023E-04
4.24220000000000001E-04
3.76708000000000012E-04
3.92319000000000023E-04
3.92618999999999976E-04
4.23219999999999976E-04
3.90618000000000020E-04
3.77269000000000009E-04
3.98028999999999993E-04
3.76147999999999977E-04
4.06208999999999986E-04
4.11920000000000027E-04
3.96378999999999980E-04
4.02799000000000017E-04
4.02318999999999995E-04
3.90408999999999982E-04
3.90667999999999994E-04
3.76189000000000026E-04
3.89988999999999982E-04
4.99020999999999991E-04
3.94258999999999994E-04
4.02208999999999998E-04
3.81538000000000005E-04
4.07109000000000008E-04
3.95138000000000010E-04
3.95228999999999980E-04
3.95848999999999984E-04
3.80638999999999999E-04
4.15809000000000003E-04
4.01029000000000012E-04
3.79559000000000016E-04
4.03398999999999978E-04
4.09788999999999976E-04
3.92349000000000007E-04
3.92429000000000020E-04
3.92168999999999992E-04
3.97577999999999994E-04
3.76847999999999994E-04
3.96969000000000000E-04
4.19408999999999982E-04
3.91468999999999975E-04
4.06179000000000002E-04
3.91689000000000024E-04
3.78338999999999997E-04
3.93678000000000008E-04
3.05026000000000017E-04
2.98887000000000013E-04
3.64988000000000009E-04
4.05708999999999974E-04
4.12670000000000018E-04
3.91489000000000019E-04
4.04989000000000022E-04
4.22768999999999977E-04
4.03048999999999996E-04
3.86699000000000005E-04
3.06837000000000017E-04
3.11427000000000025E-04
3.28646999999999999E-04
2.88737000000000011E-04
4.11048999999999974E-04
4.07299000000000018E-04
4.06379000000000007E-04
4.12629999999999985E-04
4.07609000000000020E-04
4.04838999999999991E-04
3.97418999999999984E-04
3.78517999999999997E-04
3.93089000000000004E-04
4.02259000000000026E-04
3.96969000000000000E-04
4.07488999999999974E-04
4.09210000000000021E-04
4.02758999999999984E-04
4.05368999999999988E-04
4.02059000000000021E-04
4.05778999999999992E-04
3.87478999999999981E-04
4.06078999999999999E-04
3.91909000000000018E-04
4.59109999999999987E-04
4.17249000000000016E-04
4.20328999999999993E-04
3.96278999999999978E-04
4.21688999999999994E-04
4.07340000000000013E-04
4.28959000000000024E-04
4.13689000000000016E-04
4.17069000000000001E-04
4.09519000000000007E-04
4.00309000000000006E-04
4.26039999999999980E-04
4.13408999999999999E-04
4.15489000000000006E-04
4.21700000000000005E-04
3.99488999999999996E-04
3.96448999999999998E-04
5.15041000000000045E-04
3.99598999999999994E-04
3.73689000000000020E-04
4.30608999999999983E-04
4.00538999999999995E-04
4.15669000000000021E-04
4.16058999999999982E-04
4.21270000000000010E-04
3.98868999999999992E-04
4.26938999999999986E-04
4.08339999999999983E-04
4.00578999999999974E-04
4.31389000000000013E-04
4.23189999999999992E-04
4.20568999999999978E-04
4.30409999999999994E-04
4.07148999999999987E-04
4.20169999999999984E-04
4.60059999999999983E-04
4.01449000000000012E-04
4.28129999999999982E-04
4.20258999999999975E-04
3.99488999999999996E-04
4.18858999999999996E-04
4.22418999999999995E-04
4.16949000000000009E-04
4.32700000000000001E-04
4.22585000000000007E-04
2.84696999999999988E-04
2.84196000000000015E-04
2.85795999999999999E-04
2.85866999999999979E-04
3.03646999999999988E-04
2.87776000000000004E-04
2.89177000000000000E-04
3.08146999999999989E-04
3.30686999999999973E-04
3.31596999999999990E-04
3.70278999999999997E-04
7.47015999999999978E-04
4.21298999999999979E-04
3.91479000000000024E-04
4.21233999999999986E-04
3.77239000000000025E-04
3.83367999999999979E-04
2.85426999999999990E-04
3.19366999999999980E-04
3.43418000000000011E-04
3.41307000000000004E-04
2.85797000000000015E-04
2.87216000000000023E-04
2.88886999999999987E-04
2.89126000000000010E-04
3.04616999999999974E-04
3.60517999999999993E-04
2.86266999999999988E-04
2.83596000000000000E-04
2.87566000000000004E-04
3.23098000000000016E-04
3.00795999999999984E-04
3.82944000000000025E-04
3.56757999999999988E-04
3.45477999999999974E-04
3.46187000000000025E-04
3.49386999999999994E-04
3.84779000000000024E-04
3.42617999999999992E-04
3.63977999999999990E-04
3.77257999999999999E-04
3.82179000000000015E-04
4.25790000000000001E-04
3.70377999999999983E-04
3.75118000000000023E-04
3.64748000000000025E-04
3.54147999999999985E-04
3.67678000000000026E-04
3.73558000000000017E-04
3.50587999999999985E-04
3.81828999999999979E-04
3.56747999999999993E-04
3.53297999999999991E-04
3.82118999999999992E-04
5.34641999999999995E-04
4.06308999999999989E-04
3.87347999999999978E-04
3.89328999999999999E-04
4.17900000000000021E-04
3.76608000000000010E-04
3.88428999999999977E-04
3.83708000000000020E-04
3.88908999999999999E-04
3.72419000000000027E-04
3.70147999999999994E-04
3.81247999999999993E-04
3.87768999999999993E-04
3.80379000000000025E-04
4.05339000000000003E-04
3.77157999999999996E-04
4.12240000000000024E-04
3.89297999999999999E-04
3.78829000000000015E-04
4.01308999999999976E-04
3.85319000000000015E-04
4.00998999999999974E-04
3.83078000000000021E-04
3.74498999999999980E-04
3.98888999999999982E-04
3.83357999999999984E-04
3.87849000000000006E-04
3.82809000000000014E-04
3.84397999999999988E-04
3.98619000000000013E-04
3.75848999999999986E-04
3.76137999999999982E-04
4.02538999999999989E-04
3.85178999999999979E-04
3.96329000000000006E-04
3.93599000000000010E-04
3.77677999999999998E-04
3.88479000000000005E-04
3.86599000000000003E-04
5.37962000000000010E-04
9.11679999999999999E-04
4.79831000000000008E-04
3.64778000000000010E-04
3.93008999999999991E-04
3.83508999999999977E-04
4.01943999999999999E-04
3.59057999999999990E-04
3.13457000000000004E-04
2.87495999999999986E-04
3.50587999999999985E-04
3.56618000000000007E-04
3.31668000000000024E-04
3.24557000000000003E-04
3.67357999999999975E-04
3.28177999999999988E-04
2.88975999999999979E-04
3.03057000000000023E-04
2.97046999999999990E-04
2.84616000000000014E-04
2.84275999999999973E-04
3.13037000000000005E-04
3.29406999999999985E-04
3.24176999999999983E-04
3.49627999999999994E-04
3.04786999999999994E-04
3.16746999999999981E-04
3.77489000000000004E-04
3.63877999999999988E-04
4.03959000000000013E-04
4.04159000000000018E-04
3.36137999999999986E-04
2.92195999999999992E-04
3.11747000000000022E-04
2.86876999999999998E-04
2.85795999999999999E-04
3.01517000000000007E-04
3.23387000000000013E-04
2.83315999999999982E-04
2.83656999999999985E-04
2.89336000000000009E-04
2.83277000000000019E-04
2.99386000000000010E-04
2.83697000000000018E-04
2.83915999999999997E-04
3.26327000000000008E-04
3.58258000000000025E-04
3.11416000000000015E-04
3.14297000000000003E-04
3.60117999999999983E-04
3.73807999999999996E-04
3.79188999999999991E-04
3.78037999999999974E-04
3.98429000000000003E-04
3.91389000000000016E-04
3.68248000000000002E-04
3.75828999999999996E-04
3.78268000000000018E-04
3.76788000000000025E-04
4.68122000000000015E-04
4.60490999999999993E-04
4.44369999999999976E-04
4.69110000000000013E-04
4.85911000000000004E-04
5.39782000000000044E-04
4.50260000000000016E-04
5.32145000000000036E-04
3.02537000000000021E-04
2.87106999999999987E-04
2.86355999999999980E-04
2.84665999999999988E-04
2.84427000000000020E-04
3.00726000000000021E-04
2.84235999999999994E-04
2.83586000000000005E-04
2.83897000000000023E-04
2.84025999999999994E-04
2.83976000000000020E-04
2.83407000000000006E-04
3.55187999999999988E-04
2.86296000000000011E-04
2.85106999999999993E-04
2.86785999999999975E-04
2.89055999999999992E-04
2.88647000000000003E-04
3.04427000000000018E-04
2.86106000000000001E-04
2.85377000000000016E-04
2.84245999999999989E-04
2.83835999999999984E-04
3.74549000000000008E-04
3.88677999999999994E-04
3.84548000000000019E-04
3.95648999999999979E-04
3.81779000000000005E-04
3.76837999999999999E-04
3.19266999999999977E-04
2.86146999999999996E-04
2.86025999999999989E-04
2.87047000000000018E-04
2.87956000000000019E-04
2.88986999999999990E-04
3.17786999999999985E-04
3.01866000000000027E-04
2.84386999999999986E-04
3.00836999999999979E-04
2.84055999999999979E-04
2.82785999999999986E-04
2.82547000000000017E-04
2.83066000000000003E-04
3.26081999999999999E-04
2.98887000000000013E-04
2.84345999999999991E-04
2.85736999999999992E-04
2.86176000000000019E-04
3.19917000000000020E-04
3.87591000000000010E-04
2.95247000000000001E-04
4.58240000000000004E-04
4.02189000000000008E-04
2.94226999999999987E-04
3.08017000000000002E-04
2.86425999999999998E-04
2.87697000000000007E-04
2.85866000000000017E-04
2.87536999999999981E-04
3.10896000000000013E-04
3.54987000000000022E-04
2.88896000000000020E-04
2.89546000000000009E-04
2.87387000000000005E-04
2.90315999999999990E-04
3.04737000000000020E-04
4.42120000000000002E-04
2.98116999999999978E-04
2.93116000000000004E-04
3.43807000000000010E-04
1.14091900000000000E-03
3.85368999999999989E-04
3.95518999999999992E-04
4.22444000000000010E-04
3.84868000000000016E-04
3.73328999999999989E-04
3.78678000000000022E-04
3.75238999999999976E-04
4.20509000000000009E-04
3.76019000000000006E-04
3.96729000000000016E-04
3.86148000000000003E-04
3.72198999999999978E-04
3.95718999999999997E-04
3.80627999999999988E-04
3.97249000000000018E-04
3.73768999999999978E-04
3.92098000000000012E-04
3.93948999999999992E-04
4.04919000000000004E-04
3.67238999999999999E-04
3.74708000000000018E-04
3.83969000000000010E-04
3.91158000000000011E-04
3.75807999999999991E-04
3.79528000000000016E-04
3.75148000000000007E-04
3.83208000000000008E-04
4.03688999999999990E-04
3.70047999999999992E-04
3.79948000000000015E-04
3.94878999999999998E-04
3.79879000000000013E-04
3.88638999999999977E-04
4.05419000000000016E-04
3.70008000000000012E-04
4.05639000000000010E-04
3.83629000000000023E-04
3.73617999999999986E-04
7.77087999999999997E-04
3.83708000000000020E-04
3.68438999999999974E-04
3.77138000000000007E-04
3.77528999999999983E-04
2.96625999999999975E-04
3.34357999999999986E-04
2.86125999999999991E-04
3.01717000000000012E-04
3.22076999999999986E-04
3.07807000000000002E-04
2.87016999999999980E-04
2.86235999999999988E-04
2.99786999999999981E-04
2.85676000000000007E-04
2.85577000000000020E-04
3.31857000000000018E-04
3.62028000000000024E-04
3.24507999999999990E-04
2.84065999999999973E-04
2.83205999999999985E-04
2.83436999999999990E-04
3.15676999999999993E-04
3.12197000000000006E-04
2.85586000000000000E-04
2.87157000000000016E-04
2.88576000000000023E-04
3.43677999999999985E-04
2.96077000000000005E-04
3.50976999999999984E-04
3.53688000000000006E-04
3.45098000000000008E-04
3.50807999999999979E-04
3.66528000000000025E-04
3.49478000000000017E-04
3.33068000000000003E-04
3.42696999999999989E-04
3.07556000000000008E-04
3.32777999999999991E-04
3.62048000000000014E-04
3.10436999999999996E-04
3.65488000000000022E-04
2.99586999999999976E-04
3.38618000000000003E-04
3.30007000000000000E-04
3.24657000000000005E-04
9.61655999999999969E-04
3.76829000000000020E-04
4.20579000000000027E-04
4.63316000000000021E-04
3.78908000000000012E-04
4.30325000000000011E-04
4.13658999999999978E-04
3.76778999999999992E-04
4.03148999999999999E-04
4.17434000000000002E-04
4.12798999999999989E-04
3.95059000000000013E-04
4.49699999999999980E-04
4.80141000000000010E-04
4.60049999999999988E-04
4.32678999999999995E-04
4.57760999999999997E-04
4.51010000000000007E-04
4.15638999999999982E-04
4.23860000000000025E-04
4.97710999999999965E-04
4.06498999999999999E-04
4.50700000000000005E-04
4.47220000000000018E-04
4.48539999999999985E-04
4.74881000000000023E-04
4.03339000000000009E-04
4.51369999999999983E-04
4.20799999999999983E-04
4.21728999999999973E-04
4.59680999999999979E-04
4.27478999999999977E-04
4.74230999999999980E-04
4.48759999999999979E-04
4.11699000000000017E-04
5.60275000000000052E-04
6.38046999999999985E-04
3.98949000000000005E-04
3.90278999999999995E-04
3.74839000000000021E-04
3.99059000000000002E-04
3.95818999999999999E-04
4.11238999999999984E-04
3.81997999999999984E-04
3.85878999999999996E-04
4.01158999999999999E-04
3.98319000000000006E-04
4.12498999999999982E-04
3.93517999999999982E-04
3.56877999999999980E-04
3.55968000000000018E-04
3.85839000000000017E-04
5.11275999999999961E-04
4.33618999999999997E-04
3.84738999999999990E-04
4.95205999999999988E-04
3.72708999999999985E-04
4.37125999999999975E-04
6.99575000000000023E-04
3.69868999999999992E-04
3.33896999999999992E-04
3.66617999999999979E-04
4.06999000000000011E-04
4.44289000000000001E-04
4.31379000000000018E-04
4.11709000000000012E-04
4.35879000000000019E-04
5.64626000000000038E-04
3.80937999999999991E-04
3.81569000000000005E-04
3.80858999999999994E-04
3.50417000000000003E-04
5.04257000000000034E-04
3.74408000000000011E-04
4.55871000000000000E-04
4.92901000000000016E-04
4.18949000000000003E-04
3.89678999999999980E-04
3.82528999999999996E-04
3.85257999999999976E-04
4.27413999999999984E-04
4.18010000000000018E-04
3.95149000000000021E-04
3.92339000000000012E-04
6.22798000000000036E-04
3.75999000000000016E-04
4.38450000000000005E-04
4.02448999999999982E-04
4.41209999999999985E-04
5.00351000000000008E-04
4.00199000000000008E-04
3.81659000000000013E-04
4.03498999999999980E-04
3.83687999999999976E-04
4.04769999999999989E-04
3.83518000000000010E-04
4.01728999999999975E-04
4.04369000000000017E-04
3.57458000000000005E-04
4.10889000000000002E-04
4.39380000000000011E-04
4.71761000000000012E-04
3.93978999999999976E-04
3.79697999999999982E-04
4.02958999999999989E-04
3.08765999999999978E-04
2.83935999999999987E-04
2.93875999999999990E-04
3.00416000000000019E-04
1.02327300000000011E-03
5.00670999999999950E-04
8.21092999999999953E-04
3.84717999999999985E-04
3.73798000000000001E-04
3.90828999999999981E-04
3.89188000000000001E-04
3.80939000000000006E-04
3.99169000000000000E-04
3.75397999999999986E-04
3.79808999999999995E-04
3.94058999999999989E-04
3.76987999999999976E-04
4.17590000000000018E-04
4.14649000000000007E-04
3.79879000000000013E-04
3.80647999999999978E-04
3.38048000000000027E-04
3.83418000000000008E-04
3.80209000000000005E-04
3.87419000000000012E-04
3.94117999999999997E-04
3.92447999999999994E-04
3.84189000000000004E-04
3.84159000000000020E-04
4.47630000000000022E-04
3.67847999999999992E-04
3.67427999999999993E-04
3.64958000000000025E-04
3.61429000000000025E-04
3.89668000000000024E-04
3.79779000000000011E-04
3.63137999999999992E-04
3.63347999999999991E-04
4.27155000000000026E-04
3.91108999999999999E-04
3.86989000000000018E-04
5.02530999999999963E-04
4.15789000000000013E-04
4.20240000000000002E-04
5.72702000000000020E-04
3.59167999999999987E-04
6.10943999999999984E-04
3.66207999999999974E-04
3.67158000000000024E-04
4.07713999999999993E-04
3.77018000000000015E-04
4.29185000000000005E-04
3.78457999999999974E-04
3.76819000000000025E-04
3.78447999999999979E-04
4.23749999999999973E-04
3.65088000000000012E-04
3.77679000000000014E-04
3.69117999999999985E-04
3.68367999999999994E-04
3.30907999999999983E-04
2.89685999999999991E-04
2.89596999999999999E-04
2.89585999999999988E-04
3.39628000000000022E-04
3.83008000000000003E-04
4.34680000000000006E-04
3.95458000000000007E-04
3.78678000000000022E-04
3.76508000000000008E-04
3.82069000000000018E-04
4.18516000000000016E-04
3.69478999999999977E-04
3.61877999999999994E-04
4.68449999999999975E-04
4.16609999999999984E-04
3.13496999999999984E-04
3.38836999999999982E-04
3.45108000000000003E-04
3.34237999999999994E-04
3.43436999999999985E-04
1.07312300000000005E-03
4.19284000000000020E-04
4.22304999999999989E-04
5.68763000000000016E-04
3.16756999999999976E-04
3.31386999999999990E-04
3.44117999999999974E-04
3.17896999999999982E-04
3.90948999999999973E-04
3.99508999999999986E-04
3.80657999999999973E-04
3.77398999999999996E-04
3.68817999999999978E-04
3.36237999999999988E-04
3.38457000000000016E-04
3.39497000000000019E-04
4.26892000000000005E-04
5.40282000000000002E-04
4.15738999999999985E-04
3.11286999999999989E-04
3.56798000000000022E-04
4.55210000000000000E-04
4.51620000000000016E-04
4.67169999999999988E-04
3.75658999999999976E-04
3.99318999999999976E-04
3.81567999999999990E-04
3.78488999999999974E-04
4.00089000000000011E-04
4.01839000000000026E-04
5.08181000000000019E-04
3.78319000000000008E-04
3.84487999999999996E-04
3.85688000000000025E-04
4.94990999999999964E-04
4.14170000000000000E-04
4.06838999999999985E-04
3.98875699999999989E-03
4.78836000000000008E-04
4.11899000000000022E-04
4.57400000000000005E-04
4.54030999999999977E-04
5.32071999999999970E-04
3.87908000000000014E-04
4.33180000000000023E-04
4.09273999999999998E-04
4.38004999999999992E-04
4.01378999999999994E-04
3.85388999999999979E-04
4.06418999999999986E-04
3.86169000000000009E-04
4.13403999999999974E-04
4.39400000000000001E-04
4.57480000000000018E-04
4.20240000000000002E-04
4.28098999999999982E-04
4.34224999999999997E-04
3.76757999999999987E-04
4.03788999999999993E-04
4.56244999999999980E-04
4.26600000000000015E-04
3.97883999999999987E-04
4.01859000000000016E-04
3.74738000000000003E-04
4.16478999999999981E-04
5.15455999999999965E-04
5.18092000000000053E-04
4.56942000000000004E-04
5.22871999999999964E-04
4.55683000000000021E-04
4.01918000000000024E-04
4.57829999999999999E-04
3.67888000000000026E-04
4.43419999999999980E-04
3.72137999999999994E-04
3.99879000000000011E-04
3.82958999999999990E-04
3.71947999999999983E-04
4.44794999999999999E-04
3.98069000000000027E-04
3.60778000000000021E-04
3.74879000000000000E-04
4.32542000000000007E-04
3.76317999999999998E-04
4.62579999999999979E-04
3.79679000000000008E-04
3.77318000000000022E-04
4.14009999999999975E-04
3.77838000000000024E-04
3.73199000000000003E-04
3.75778000000000006E-04
6.74413000000000009E-04
3.85688000000000025E-04
3.72308000000000014E-04
4.16419000000000012E-04
3.89998999999999977E-04
3.93919000000000007E-04
3.91309000000000004E-04
3.75738000000000027E-04
4.33090000000000016E-04
4.21708999999999984E-04
4.45492000000000023E-04
4.13669000000000027E-04
4.23260000000000010E-04
4.18971999999999986E-04
4.13910000000000027E-04
3.93699000000000013E-04
4.15369000000000014E-04
3.98009000000000004E-04
4.47870000000000006E-04
3.72467999999999985E-04
3.84989000000000023E-04
4.30304000000000005E-04
3.71438999999999992E-04
3.72367999999999983E-04
3.73509000000000005E-04
3.97353999999999991E-04
3.94129000000000007E-04
3.93868999999999979E-04
3.64007999999999975E-04
3.26547000000000003E-04
3.54657999999999991E-04
3.64097999999999982E-04
3.89898999999999975E-04
3.82118999999999992E-04
3.15117000000000012E-04
4.46965000000000014E-04
4.00558999999999985E-04
3.85017999999999992E-04
3.94139000000000002E-04
3.97679000000000012E-04
3.77928999999999993E-04
3.78068000000000013E-04
3.31727999999999992E-04
3.17166999999999981E-04
3.15706999999999978E-04
3.51397999999999999E-04
3.43618000000000016E-04
3.85677999999999976E-04
3.81498999999999987E-04
4.07488999999999974E-04
3.76447999999999984E-04
3.77418999999999986E-04
2.83896000000000007E-04
2.83907000000000018E-04
6.45043999999999999E-04
6.20594000000000028E-04
3.74898999999999990E-04
3.92449000000000010E-04
3.52467999999999987E-04
3.47677000000000012E-04
3.80548999999999991E-04
3.81439000000000018E-04
4.26498999999999997E-04
3.77538999999999978E-04
3.93177999999999995E-04
4.14860000000000023E-04
3.97808999999999999E-04
4.12498999999999982E-04
3.91829000000000005E-04
3.36907000000000005E-04
3.36847999999999998E-04
3.60898000000000013E-04
3.67977999999999979E-04
4.37274999999999990E-04
3.82519000000000001E-04
4.19808999999999992E-04
3.87248999999999992E-04
4.11719000000000006E-04
4.04648999999999981E-04
3.81019000000000019E-04
3.96529000000000011E-04
3.86517999999999974E-04
4.02108999999999995E-04
3.72178000000000027E-04
3.99229000000000023E-04
3.86279000000000006E-04
3.68518000000000025E-04
3.87458999999999991E-04
3.78678000000000022E-04
3.69827999999999997E-04
3.71117999999999980E-04
7.77467000000000002E-04
4.08749999999999988E-04
4.18018999999999997E-04
3.76229000000000006E-04
3.80607999999999999E-04
3.72039000000000007E-04
3.87457999999999976E-04
3.71348999999999985E-04
3.64077999999999993E-04
3.70118000000000009E-04
3.72249000000000007E-04
4.23088999999999974E-04
3.77249000000000020E-04
3.90178999999999992E-04
3.81428000000000008E-04
3.85818999999999973E-04
4.01149000000000004E-04
3.93018999999999986E-04
3.66687999999999997E-04
3.66348000000000010E-04
3.73309000000000000E-04
4.78607999999999996E-04
3.95599000000000005E-04
4.89370999999999947E-04
3.96798999999999980E-04
4.12979000000000005E-04
3.93199000000000001E-04
4.11579000000000025E-04
3.94419000000000020E-04
3.91939000000000003E-04
4.69650000000000005E-04
5.74893000000000040E-04
3.86909000000000005E-04
3.90879000000000009E-04
7.16096000000000050E-04
3.77487999999999988E-04
3.91227999999999975E-04
1.65793499999999992E-03
4.30735000000000015E-04
3.70869000000000016E-04
3.69437999999999982E-04
3.78778000000000025E-04
3.88808999999999997E-04
3.74749000000000013E-04
4.86831000000000015E-04
3.18496999999999997E-04
3.58798000000000016E-04
3.80708000000000001E-04
3.70308999999999981E-04
3.70128000000000004E-04
3.70448000000000001E-04
3.97287999999999981E-04
3.90649000000000020E-04
3.84169000000000014E-04
3.77848000000000018E-04
3.76788999999999987E-04
3.78508000000000002E-04
3.91858999999999990E-04
4.02399000000000008E-04
3.75679000000000019E-04
3.69188000000000003E-04
3.94649000000000009E-04
3.77477999999999993E-04
3.97617999999999973E-04
3.85659000000000002E-04
3.96409000000000019E-04
3.72867999999999995E-04
3.75508999999999999E-04
3.94869000000000003E-04
3.70958000000000008E-04
3.78629000000000010E-04
4.10168999999999996E-04
3.86328999999999980E-04
5.51632000000000034E-04
3.62878000000000018E-04
3.62217999999999980E-04
3.59357999999999997E-04
3.81139000000000011E-04
3.58918000000000008E-04
3.57888000000000000E-04
3.58578000000000022E-04
3.72987999999999987E-04
3.66797999999999994E-04
5.00462000000000021E-04
3.83739000000000020E-04
3.74267999999999975E-04
3.82138999999999981E-04
3.84097999999999981E-04
4.17739999999999995E-04
3.90897999999999983E-04
3.88918999999999994E-04
4.22249999999999991E-04
4.11348999999999981E-04
3.92129000000000013E-04
3.87188000000000007E-04
3.86828999999999992E-04
3.86579000000000013E-04
4.03058999999999991E-04
3.39467999999999996E-04
3.32006999999999994E-04
3.47098000000000003E-04
4.29209000000000003E-04
3.96478000000000021E-04
4.03598999999999983E-04
3.75758000000000016E-04
3.83048999999999998E-04
3.83208000000000008E-04
3.74839000000000021E-04
3.92547999999999996E-04
3.61848000000000009E-04
4.05209000000000016E-04
3.75348000000000012E-04
3.79359000000000011E-04
3.95579000000000015E-04
5.08781000000000034E-04
3.93118999999999988E-04
3.88717999999999974E-04
3.67247999999999978E-04
3.04557000000000005E-04
2.85666000000000012E-04
2.94006999999999992E-04
3.00145999999999996E-04
2.89706999999999996E-04
2.89285999999999981E-04
2.86737000000000016E-04
3.02107000000000027E-04
2.85866000000000017E-04
2.84255999999999984E-04
2.84127000000000012E-04
2.83825999999999989E-04
2.83815999999999995E-04
2.83126000000000027E-04
2.98757000000000026E-04
3.04375999999999974E-04
2.83876999999999979E-04
2.84975999999999990E-04
2.85136999999999977E-04
2.84675999999999983E-04
3.03377000000000019E-04
3.23226999999999987E-04
2.90046999999999983E-04
2.87505999999999981E-04
2.85656999999999979E-04
2.84836000000000008E-04
2.84596999999999986E-04
3.71658000000000025E-04
3.49298000000000002E-04
3.05826999999999998E-04
3.01386000000000004E-04
2.83487000000000018E-04
2.83615999999999990E-04
2.99666999999999989E-04
2.85576000000000005E-04
2.85336999999999982E-04
2.86476000000000027E-04
2.87426999999999984E-04
2.88435999999999988E-04
2.96626999999999991E-04
3.02035999999999993E-04
2.86906000000000021E-04
2.86196000000000009E-04
3.19197999999999975E-04
2.94605999999999991E-04
2.83837000000000000E-04
4.33583999999999988E-04
5.89038999999999969E-04
5.05001000000000039E-04
4.30609999999999999E-04
3.92647999999999999E-04
3.88858000000000010E-04
3.95079000000000003E-04
3.46548000000000017E-04
3.05567000000000024E-04
2.90056000000000016E-04
2.89687000000000007E-04
2.96205999999999976E-04
3.12966999999999987E-04
2.85326000000000026E-04
3.29027000000000020E-04
3.00157000000000006E-04
2.91647000000000022E-04
3.81457999999999992E-04
3.81159000000000001E-04
3.84517999999999980E-04
4.12498999999999982E-04
3.70177999999999978E-04
3.79349000000000016E-04
3.76027999999999985E-04
4.06279000000000004E-04
4.07768999999999992E-04
4.03698999999999985E-04
3.93328999999999988E-04
4.09128999999999992E-04
3.93917999999999992E-04
4.11069999999999979E-04
4.09338999999999992E-04
3.89199000000000012E-04
3.94047999999999979E-04
4.08329999999999989E-04
3.95568000000000005E-04
3.81777999999999989E-04
4.08078999999999994E-04
4.02128999999999985E-04
3.86709000000000000E-04
5.99112999999999968E-04
2.87137000000000026E-04
2.87546000000000015E-04
2.99317000000000008E-04
3.02657000000000013E-04
3.03576000000000009E-04
3.04265999999999977E-04
2.92566999999999979E-04
2.84116000000000002E-04
2.83446999999999985E-04
2.83295999999999993E-04
2.83566000000000016E-04
3.00076999999999993E-04
2.87026999999999974E-04
2.83835999999999984E-04
4.24594999999999996E-04
3.89608000000000001E-04
3.94339000000000007E-04
3.95298999999999998E-04
4.19439000000000021E-04
3.96749000000000006E-04
3.88208999999999982E-04
3.87399000000000022E-04
3.83677999999999981E-04
4.15420000000000004E-04
3.91538999999999993E-04
4.12229000000000013E-04
4.11438999999999989E-04
3.92898999999999993E-04
4.07719000000000018E-04
3.85349000000000000E-04
3.88408000000000026E-04
3.78599000000000025E-04
3.84208999999999994E-04
4.08439000000000024E-04
3.76957999999999991E-04
3.89678999999999980E-04
3.78558999999999992E-04
3.81298000000000021E-04
4.15428999999999983E-04
3.85168999999999984E-04
3.89268999999999976E-04
6.97315000000000001E-04
4.07154000000000012E-04
3.56637999999999996E-04
3.56047999999999976E-04
2.86765999999999985E-04
3.15957000000000011E-04
3.15511999999999997E-04
2.84086999999999979E-04
3.28327000000000003E-04
3.00396999999999990E-04
2.94687000000000020E-04
3.92227999999999999E-04
3.40458000000000026E-04
3.92529000000000022E-04
3.82287999999999996E-04
3.95999000000000015E-04
4.32484999999999977E-04
4.02248999999999977E-04
4.02159000000000023E-04
3.96529000000000011E-04
3.97879000000000017E-04
4.52370000000000007E-04
4.05629000000000016E-04
4.01057999999999981E-04
4.19408999999999982E-04
4.39190000000000001E-04
4.04599000000000007E-04
4.01708999999999985E-04
4.02668999999999976E-04
4.40259999999999989E-04
4.23419000000000020E-04
4.03178999999999983E-04
3.92928000000000016E-04
4.00848999999999997E-04
4.13940000000000011E-04
4.20209000000000001E-04
3.99259000000000007E-04
3.96409000000000019E-04
4.12339000000000011E-04
3.99889000000000006E-04
6.21133999999999966E-04
3.71109000000000001E-04
3.84517999999999980E-04
3.87588999999999978E-04
4.30929999999999996E-04
3.59868000000000004E-04
3.78097999999999997E-04
3.74019000000000012E-04
3.75548000000000017E-04
4.19784999999999993E-04
4.02509000000000005E-04
4.02318999999999995E-04
4.02128999999999985E-04
4.26328999999999977E-04
3.99078999999999992E-04
3.96568999999999991E-04
4.31230000000000003E-04
4.00748999999999995E-04
4.20238999999999986E-04
4.20548999999999988E-04
4.03119000000000014E-04
4.25860000000000019E-04
3.97569000000000015E-04
4.23430999999999992E-04
4.25909999999999993E-04
5.25732000000000001E-04
4.54640000000000025E-04
4.25068999999999979E-04
4.03759000000000008E-04
3.96107999999999996E-04
4.08428999999999975E-04
4.26858999999999973E-04
4.21070000000000005E-04
4.05089000000000024E-04
4.30509999999999996E-04
5.12521000000000049E-04
4.21450000000000026E-04
8.80082000000000021E-04
4.05248999999999996E-04
3.88899000000000005E-04
4.18540000000000014E-04
4.38059999999999990E-04
3.91068000000000004E-04
3.85798999999999984E-04
4.23560000000000017E-04
3.80547999999999976E-04
3.72109000000000025E-04
3.90487999999999979E-04
3.78568999999999987E-04
4.04438999999999981E-04
4.25109000000000012E-04
3.79797999999999985E-04
3.92718999999999978E-04
3.94439000000000009E-04
4.10198999999999980E-04
3.88049000000000011E-04
4.02399000000000008E-04
3.94998999999999990E-04
3.92557999999999991E-04
4.03309000000000024E-04
4.31438999999999987E-04
3.94278999999999984E-04
3.80419000000000005E-04
3.84177999999999993E-04
4.01368999999999999E-04
3.89028999999999992E-04
3.88799000000000002E-04
3.87048000000000025E-04
4.07898999999999979E-04
4.13359000000000025E-04
3.70618000000000022E-04
3.60617999999999995E-04
3.64688000000000002E-04
3.69327999999999985E-04
4.11589000000000020E-04
4.22390000000000027E-04
3.76637999999999994E-04
3.75938999999999993E-04
3.81818000000000023E-04
3.71148999999999980E-04
3.91178000000000001E-04
3.93988000000000010E-04
3.70849000000000027E-04
3.70147999999999994E-04
3.71627999999999987E-04
4.16010000000000023E-04
3.70787999999999988E-04
3.77799000000000006E-04
3.89668000000000024E-04
3.74288999999999980E-04
4.03839000000000021E-04
3.75407999999999981E-04
3.78939000000000012E-04
3.72808000000000026E-04
3.95599000000000005E-04
4.04228999999999982E-04
3.72118000000000004E-04
3.81167999999999980E-04
3.72618000000000016E-04
3.72598999999999988E-04
3.77177999999999986E-04
3.93348999999999977E-04
3.71598000000000002E-04
3.72858000000000000E-04
3.75277999999999994E-04
3.73758999999999984E-04
3.96238999999999999E-04
3.86397999999999982E-04
3.93149000000000027E-04
3.78809000000000025E-04
3.74777999999999982E-04
3.98499000000000021E-04
3.75888000000000003E-04
3.73168000000000002E-04
3.89648999999999996E-04
3.80678000000000017E-04
3.92959000000000017E-04
3.79869000000000018E-04
3.71778000000000017E-04
3.78298000000000002E-04
3.73327999999999974E-04
4.03969000000000008E-04
3.75768000000000011E-04
3.77538999999999978E-04
3.74967999999999992E-04
3.77269000000000009E-04
3.84158000000000004E-04
3.87178999999999974E-04
3.81278999999999993E-04
3.71028000000000026E-04
3.78978999999999991E-04
3.73907999999999999E-04
4.18079000000000020E-04
3.95848999999999984E-04
3.71839000000000002E-04
3.78977999999999975E-04
3.81608999999999985E-04
3.89658999999999991E-04
3.72137999999999994E-04
3.69468000000000021E-04
3.76859000000000005E-04
3.73117999999999974E-04
3.97738999999999981E-04
3.72178000000000027E-04
3.70049000000000007E-04
3.78227999999999984E-04
3.98368999999999980E-04
3.79208999999999981E-04
4.06029000000000025E-04
3.84999000000000018E-04
3.88978000000000002E-04
3.77659000000000024E-04
3.96048999999999989E-04
3.93809000000000010E-04
8.47904000000000019E-04
4.33083999999999975E-04
3.81949000000000025E-04
3.57118000000000019E-04
4.40510000000000023E-04
3.81129000000000016E-04
3.81997999999999984E-04
3.79259000000000009E-04
3.95628999999999989E-04
3.90687999999999984E-04
3.76708999999999974E-04
3.78117999999999987E-04
3.76668999999999995E-04
3.93479000000000018E-04
3.77287999999999983E-04
3.89358999999999983E-04
3.93438999999999985E-04
3.76818000000000010E-04
3.94888999999999993E-04
3.87458999999999991E-04
3.78488000000000012E-04
3.79889000000000008E-04
3.58317999999999994E-04
3.35317000000000015E-04
3.86638999999999982E-04
3.69598000000000008E-04
3.71848999999999997E-04
3.93638999999999990E-04
3.76237999999999985E-04
3.96658999999999998E-04
3.63977999999999990E-04
3.64497999999999992E-04
3.66218999999999985E-04
3.73558000000000017E-04
3.92678999999999999E-04
3.75008000000000025E-04
3.77669000000000019E-04
3.76918000000000012E-04
4.01208999999999973E-04
4.92721000000000001E-04
3.82909000000000016E-04
3.28837000000000010E-04
2.87116999999999982E-04
2.85215999999999974E-04
2.83935999999999987E-04
3.01535999999999981E-04
2.84727000000000027E-04
2.84416000000000009E-04
2.84145999999999986E-04
2.84457000000000004E-04
2.92346000000000023E-04
3.30177999999999982E-04
2.85695999999999997E-04
2.85766999999999976E-04
2.86106000000000001E-04
2.87595999999999989E-04
2.89567000000000014E-04
2.89275999999999986E-04
3.03226999999999989E-04
2.86527000000000016E-04
2.88706000000000010E-04
3.00176999999999996E-04
2.91106000000000014E-04
3.00027000000000019E-04
2.83587000000000021E-04
2.99586000000000015E-04
2.87597000000000005E-04
2.84006000000000005E-04
2.84216000000000004E-04
2.84567000000000001E-04
2.85075999999999993E-04
2.84816999999999980E-04
3.04506000000000015E-04
3.00997000000000005E-04
2.89286999999999997E-04
3.17607000000000024E-04
2.86675999999999977E-04
2.85277000000000013E-04
2.84255999999999984E-04
2.99747000000000002E-04
2.84176000000000025E-04
2.83776999999999977E-04
2.84396000000000019E-04
2.84225999999999999E-04
2.83956999999999992E-04
2.84116000000000002E-04
3.00516999999999982E-04
2.86125999999999991E-04
3.40237999999999977E-04
2.87466000000000002E-04
2.87367000000000015E-04
2.88665999999999977E-04
4.14819999999999989E-04
4.08439000000000024E-04
3.53937999999999985E-04
3.25836999999999991E-04
2.84086999999999979E-04
2.90286000000000005E-04
2.83085999999999993E-04
3.23446999999999981E-04
3.00747000000000026E-04
2.84326000000000001E-04
2.84196000000000015E-04
2.85497000000000008E-04
2.85315999999999977E-04
2.85476000000000002E-04
2.87185999999999984E-04
3.05297000000000001E-04
2.89326000000000015E-04
3.32428000000000010E-04
2.87995999999999999E-04
2.94646999999999986E-04
2.84055999999999979E-04
2.83627000000000000E-04
3.12280999999999974E-04
2.83497000000000013E-04
2.83686000000000008E-04
2.83435999999999974E-04
2.82716999999999984E-04
2.83556000000000021E-04
3.02147000000000006E-04
2.85285999999999992E-04
2.85826999999999999E-04
2.87085999999999982E-04
2.97806999999999976E-04
3.00357000000000011E-04
3.01955999999999980E-04
2.86317000000000017E-04
2.84196000000000015E-04
2.83676999999999974E-04
2.83386000000000000E-04
2.83185999999999995E-04
2.83087000000000009E-04
3.17207000000000014E-04
3.18067000000000003E-04
2.83505999999999992E-04
2.83526999999999998E-04
2.93035999999999991E-04
2.85187000000000006E-04
2.84665999999999988E-04
3.02806999999999989E-04
2.89206000000000023E-04
2.88307000000000016E-04
2.86496000000000016E-04
3.83249000000000003E-04
3.88277999999999985E-04
4.20499999999999975E-04
3.78478000000000018E-04
4.11648999999999988E-04
4.18309000000000009E-04
4.03888999999999995E-04
3.95789000000000015E-04
4.15449999999999988E-04
3.90277999999999979E-04
4.13779999999999985E-04
3.98499000000000021E-04
4.24948999999999986E-04
4.09768999999999986E-04
4.01459000000000006E-04
3.77687999999999993E-04
4.03329000000000014E-04
4.14478999999999987E-04
4.09299000000000013E-04
4.07968999999999997E-04
3.92449000000000010E-04
4.11269000000000023E-04
3.94178999999999981E-04
4.08679000000000008E-04
3.81698999999999992E-04
3.88047999999999995E-04
4.05988999999999992E-04
4.04508999999999999E-04
4.28659000000000017E-04
4.11130000000000002E-04
3.96898000000000021E-04
4.20428999999999996E-04
4.06769000000000022E-04
4.10639000000000024E-04
3.87348999999999994E-04
3.83168999999999990E-04
4.09438999999999994E-04
4.02689000000000020E-04
7.21385999999999967E-04
5.45998000000000013E-04
3.87007999999999992E-04
4.15053999999999987E-04
3.96938000000000000E-04
3.77298999999999994E-04
3.78598000000000010E-04
4.04208999999999992E-04
3.94657999999999988E-04
4.07640000000000021E-04
4.45560000000000010E-04
3.82148000000000015E-04
3.95249000000000023E-04
3.95179000000000006E-04
3.91919000000000013E-04
4.01718999999999980E-04
3.77528000000000022E-04
3.77288999999999999E-04
4.14158999999999990E-04
4.00368999999999974E-04
3.77369000000000012E-04
3.94298000000000012E-04
3.96188000000000009E-04
3.78888999999999984E-04
4.04518999999999994E-04
3.79198999999999986E-04
3.80547999999999976E-04
4.05849000000000010E-04
4.02819000000000007E-04
4.07278999999999974E-04
3.78729000000000012E-04
3.93779000000000026E-04
3.93299000000000003E-04
3.93228000000000024E-04
3.76667999999999979E-04
3.92078999999999984E-04
3.92659000000000009E-04
5.70557999999999981E-04
2.96275999999999994E-04
3.75919000000000004E-04
3.95279000000000008E-04
4.05293999999999999E-04
2.86586000000000024E-04
2.86906999999999982E-04
2.89026000000000007E-04
2.89226999999999974E-04
2.86855999999999992E-04
3.03287000000000012E-04
2.85166000000000000E-04
3.29298000000000004E-04
2.96685999999999998E-04
3.60829000000000011E-04
3.24296999999999975E-04
3.39397000000000017E-04
3.52097000000000000E-04
3.23657999999999997E-04
3.24166999999999988E-04
3.19487000000000026E-04
3.06156999999999989E-04
3.05216999999999988E-04
4.15383999999999979E-04
3.95369000000000016E-04
3.82279000000000017E-04
3.80808000000000004E-04
3.98058999999999978E-04
3.78588999999999976E-04
3.77487999999999988E-04
3.76148999999999993E-04
3.77897999999999993E-04
3.92908999999999988E-04
3.86589000000000008E-04
3.75907999999999993E-04
3.97438999999999974E-04
3.76449000000000000E-04
3.94427999999999999E-04
3.79208999999999981E-04
3.78498000000000007E-04
3.80978999999999986E-04
3.80237999999999974E-04
3.92738000000000006E-04
6.83539999999999951E-04
4.04528999999999989E-04
4.14619999999999984E-04
3.98209000000000009E-04
3.70577999999999988E-04
3.91888999999999974E-04
3.93848999999999989E-04
3.94729000000000022E-04
4.32639000000000016E-04
3.78058999999999980E-04
3.91948999999999997E-04
3.96609000000000024E-04
3.79917999999999977E-04
4.03998999999999992E-04
3.93179000000000011E-04
3.97018999999999974E-04
3.97708999999999997E-04
4.06858999999999975E-04
3.80158999999999977E-04
3.77997999999999995E-04
4.01049000000000002E-04
3.91528999999999998E-04
3.92678999999999999E-04
3.77187999999999981E-04
3.92249000000000005E-04
3.94158999999999992E-04
3.90938999999999978E-04
4.15679000000000016E-04
3.77958999999999977E-04
3.78798000000000014E-04
4.01288999999999986E-04
3.96048999999999989E-04
3.80729000000000007E-04
3.85659000000000002E-04
3.95518999999999992E-04
3.93597999999999995E-04
4.04269999999999977E-04
3.78048000000000023E-04
3.96458999999999993E-04
8.80809999999999991E-04
4.08198999999999986E-04
3.93038999999999975E-04
3.62272999999999979E-04
2.86796000000000024E-04
2.86225999999999993E-04
3.19436999999999998E-04
3.04076999999999982E-04
2.87566000000000004E-04
3.04127000000000011E-04
2.88276999999999978E-04
2.89565999999999999E-04
3.31278000000000009E-04
2.86565999999999980E-04
2.84816000000000019E-04
3.99194999999999975E-04
3.28437000000000000E-04
3.60978000000000026E-04
3.23387000000000013E-04
3.33798000000000005E-04
3.02647000000000018E-04
2.83835999999999984E-04
2.84037000000000005E-04
2.85075999999999993E-04
3.28937000000000012E-04
3.70269000000000002E-04
4.03949000000000018E-04
4.22409000000000001E-04
4.96261000000000011E-04
4.55780999999999992E-04
4.37149999999999973E-04
4.18128999999999994E-04
4.19488999999999995E-04
4.18379999999999989E-04
4.20299000000000009E-04
4.36589999999999992E-04
4.96100999999999986E-04
4.22438999999999985E-04
4.19949999999999989E-04
4.57979999999999976E-04
4.34020000000000022E-04
4.31279000000000016E-04
3.86008000000000022E-04
3.82719000000000006E-04
4.04889000000000019E-04
3.96939000000000016E-04
4.14248999999999997E-04
3.87868999999999996E-04
2.92946999999999999E-04
2.83835999999999984E-04
2.83256000000000013E-04
3.39118000000000015E-04
4.53749999999999998E-04
4.12368999999999995E-04
4.75700999999999978E-04
4.50919999999999999E-04
4.53610000000000016E-04
4.25798999999999980E-04
4.29949000000000000E-04
4.35329999999999994E-04
4.32219999999999978E-04
4.37779000000000011E-04
4.23719999999999989E-04
4.58039999999999999E-04
3.96478999999999983E-04
4.02909000000000015E-04
3.84248999999999973E-04
4.09819000000000014E-04
3.98839000000000008E-04
4.13049000000000022E-04
4.06539999999999994E-04
3.91048000000000014E-04
4.25670000000000009E-04
4.20038999999999981E-04
4.07819000000000020E-04
4.08398999999999991E-04
4.09438999999999994E-04
3.85749000000000009E-04
3.94568999999999996E-04
5.10510999999999951E-04
3.56327999999999994E-04
4.16129000000000000E-04
3.64597999999999995E-04
4.09338999999999992E-04
3.80488000000000007E-04
4.28890000000000022E-04
3.93779000000000026E-04
3.77648000000000014E-04
3.93469000000000024E-04
3.94019000000000010E-04
4.07568999999999987E-04
4.11100000000000018E-04
3.79538000000000011E-04
3.94478999999999989E-04
3.96739000000000011E-04
3.96859000000000003E-04
3.98849000000000003E-04
3.80537999999999981E-04
3.79349000000000016E-04
4.02568999999999974E-04
4.04728999999999994E-04
3.76698999999999979E-04
3.91668000000000018E-04
3.97339000000000026E-04
3.76178999999999977E-04
4.05099000000000019E-04
3.76457999999999979E-04
3.94148999999999997E-04
4.00978999999999984E-04
4.02958999999999989E-04
3.94329000000000012E-04
3.80668999999999984E-04
3.95389000000000005E-04
3.96709000000000026E-04
3.96137999999999981E-04
4.10679000000000003E-04
3.77187999999999981E-04
3.95028999999999975E-04
3.85949000000000014E-04
5.11910999999999985E-04
3.95149000000000021E-04
3.62297999999999993E-04
4.07770000000000007E-04
3.38227000000000026E-04
3.15617000000000024E-04
3.94058999999999989E-04
3.95379000000000010E-04
4.24420000000000006E-04
4.24738999999999987E-04
3.84318999999999991E-04
4.17108999999999980E-04
4.09438999999999994E-04
4.09599999999999981E-04
4.09429000000000000E-04
3.90149000000000008E-04
3.91599000000000016E-04
4.09988999999999981E-04
4.21409999999999992E-04
3.91048000000000014E-04
4.36489999999999990E-04
3.86809000000000003E-04
4.10159000000000001E-04
4.08528999999999978E-04
4.11430000000000010E-04
3.92267999999999979E-04
3.93548999999999982E-04
4.26119999999999993E-04
4.15028999999999973E-04
4.13208999999999994E-04
4.24118999999999983E-04
4.07329000000000003E-04
3.83119000000000016E-04
4.19298999999999985E-04
4.04919000000000004E-04
4.11750000000000007E-04
4.09748999999999996E-04
5.54251999999999978E-04
6.44427000000000042E-04
4.84848999999999979E-04
4.27018999999999999E-04
3.28087999999999980E-04
3.62197999999999990E-04
3.14426999999999990E-04
3.39167999999999989E-04
3.63767999999999991E-04
3.36618000000000008E-04
3.33937000000000025E-04
3.48077999999999983E-04
3.74667999999999985E-04
3.67978999999999995E-04
3.94997999999999975E-04
3.75638000000000024E-04
3.71107999999999985E-04
3.85299000000000026E-04
3.61018000000000005E-04
2.99747000000000002E-04
2.84946000000000006E-04
2.85096999999999998E-04
2.85485999999999997E-04
2.86526000000000001E-04
3.00936000000000020E-04
2.88827000000000018E-04
3.02317000000000026E-04
2.86125999999999991E-04
2.84355999999999986E-04
3.22117999999999981E-04
2.83766000000000020E-04
2.83625999999999984E-04
2.83146999999999978E-04
3.52387999999999974E-04
2.83756000000000026E-04
2.83766000000000020E-04
2.83776999999999977E-04
2.85085999999999987E-04
3.09977000000000017E-04
3.03236999999999984E-04
2.86855999999999992E-04
3.15906999999999983E-04
2.90087000000000016E-04
2.86936000000000005E-04
3.03316999999999996E-04
2.84386999999999986E-04
2.99716000000000002E-04
7.80447999999999992E-04
4.28659000000000017E-04
4.02438999999999987E-04
4.00079000000000016E-04
4.27438999999999998E-04
4.33359999999999984E-04
3.79308000000000021E-04
3.79092999999999997E-04
2.87526000000000025E-04
2.90556999999999990E-04
4.01934000000000004E-04
3.82899000000000021E-04
3.75187999999999986E-04
4.00338999999999990E-04
4.70030999999999986E-04
4.11758999999999986E-04
4.33400000000000018E-04
4.24718999999999997E-04
4.57611000000000020E-04
4.37419999999999996E-04
4.18629000000000006E-04
3.91538999999999993E-04
4.26100000000000003E-04
4.34040000000000012E-04
4.20389000000000017E-04
4.75401000000000025E-04
4.00038999999999983E-04
4.65240000000000011E-04
4.01498999999999986E-04
4.24390000000000021E-04
4.19198999999999982E-04
4.25109999999999974E-04
4.53539999999999998E-04
4.18889999999999996E-04
4.15689000000000011E-04
4.32590000000000004E-04
3.88418000000000021E-04
4.14678999999999992E-04
4.10098999999999978E-04
3.91128999999999988E-04
3.71627999999999987E-04
3.87399000000000022E-04
3.28747000000000002E-04
2.87866999999999973E-04
2.88245999999999977E-04
2.89726999999999986E-04
2.89385999999999984E-04
3.04296999999999977E-04
2.85446999999999979E-04
2.84585999999999975E-04
2.83786000000000010E-04
3.12746999999999992E-04
3.06386999999999979E-04
2.95676999999999995E-04
2.99126999999999997E-04
2.83215999999999980E-04
2.83745999999999977E-04
2.83477000000000024E-04
2.85625999999999979E-04
2.85136999999999977E-04
2.85095999999999982E-04
3.07826999999999992E-04
3.08747000000000004E-04
