34.982906348231062
0.00032046800000000002
0.00023882600000000001
0.00023700600000000003
0.00023577100000000002
0.00024168700000000001
0.00023579300000000001
0.00023501200000000002
0.00023544600000000002
0.000388427
0.00023485000000000002
0.00023226100000000002
0.00023273800000000002
0.000175742
0.00021323700000000002
0.00020040000000000002
0.000227841
0.00023411300000000001
0.00025234600000000003
0.00021398500000000001
0.00021725600000000001
0.00027094800000000002
0.000217896
0.00021942400000000002
0.00049285799999999999
0.00023398400000000001
0.00022225100000000002
0.000222143
0.00022045200000000002
0.00022243500000000002
0.000228046
0.00023076600000000001
0.00019829800000000002
0.00017597000000000001
0.00017572100000000002
0.00017392200000000002
0.000191256
0.00017282800000000001
0.00017169100000000002
0.00017151700000000002
0.000200931
0.00022703900000000001
0.00022789500000000001
0.000298342
0.00031169300000000004
0.00033256200000000001
0.00023551100000000002
0.00024353900000000003
0.00023746100000000001
0.00025092800000000003
0.00023595500000000001
0.00023654000000000001
0.00023857700000000002
0.00022734800000000002
0.00019422500000000002
0.00019437600000000001
0.00022774400000000002
0.00022735400000000001
0.00019133100000000002
0.00022815500000000001
0.00022631300000000001
0.000281413
0.00022287900000000002
0.00025935500000000001
0.00022978000000000001
0.00017601300000000001
0.00017539500000000001
0.00017611100000000001
0.000195102
0.00019144000000000002
0.00020730100000000001
0.00020214300000000001
0.000205935
0.00024585700000000004
0.00022693100000000001
0.00019944600000000001
0.000172015
0.00017110500000000001
0.00017163600000000002
0.00017206900000000001
0.00023531600000000001
0.00023326800000000002
0.00026134900000000002
0.00024486100000000003
0.00024614999999999999
0.00024637699999999999
0.00026524900000000001
0.00024245600000000002
0.00023872900000000002
0.00018252400000000002
0.00017140800000000001
0.000171072
0.00019187300000000001
0.00017133300000000002
0.0001761
0.000245066
0.00024946400000000002
0.00024708200000000003
0.00028378499999999999
0.00024206500000000002
0.00023411300000000001
0.00026530400000000001
0.00025972400000000002
0.00024281300000000001
0.00023853400000000002
0.00023292200000000002
0.00024991999999999999
0.000237483
0.00023863100000000003
0.000253343
0.00025269600000000001
0.000250819
0.00027231299999999999
0.00027450100000000002
0.00039390100000000005
0.00026488100000000001
0.00024203300000000001
0.00023442800000000001
0.00023534900000000001
0.00019586000000000001
0.00019660700000000001
0.000173499
0.00017339100000000001
0.000171788
0.00019625
0.000227939
0.00022568500000000002
0.00022614000000000003
0.00022855600000000001
0.00022612900000000002
0.00018665200000000001
0.000172492
0.000263885
0.00018874200000000002
0.00023190300000000002
0.00017646800000000002
0.000237569
0.00023000800000000002
0.00022897800000000002
0.00023004000000000001
0.00022205600000000002
0.00022556600000000002
0.00022313900000000002
0.00022312900000000002
0.000241112
0.000178765
0.000190411
0.00017128900000000001
0.00017290400000000001
0.00017346700000000001
0.00019443000000000002
0.00018780000000000001
0.00017590500000000002
0.00017645700000000001
0.00017363
0.000173208
0.00019344500000000002
0.000171344
0.00017116000000000001
0.00017102900000000001
0.00017163600000000002
0.00020730000000000002
0.00017137600000000002
0.00017142000000000001
0.00018697700000000001
0.000172308
0.00017332600000000001
0.00017484300000000002
0.00019454900000000002
0.000176121
0.00017663000000000002
0.000174475
0.00017314300000000001
0.00024462300000000002
0.000219564
0.00029279300000000001
0.000232847
0.00025632200000000002
0.00023237000000000003
0.00025435000000000003
0.00023825200000000002
0.00025091700000000002
0.00023610700000000002
0.00023914100000000001
0.00025412300000000003
0.00023650800000000002
0.000259898
0.00023629100000000002
0.00026139199999999999
0.00026786000000000003
0.00023390800000000001
0.00023996300000000002
0.00025982199999999999
0.00023200100000000002
0.00023190300000000002
0.00025419900000000004
0.00022921700000000001
0.00025132799999999999
0.000232532
0.000255271
0.00024254200000000002
0.00025727600000000002
0.000244264
0.00025590000000000004
0.00023696300000000003
0.00026587799999999999
0.00024798100000000004
0.00023293200000000001
0.000292052
0.00022676800000000002
0.000248891
0.00022553300000000001
0.00022699600000000001
0.00022626000000000002
0.000225858
0.00019150500000000002
0.00019262100000000002
0.000187388
0.00022591200000000001
0.00018473400000000001
0.00021178500000000001
0.00019573000000000003
0.000174854
0.00022694100000000001
0.00017399800000000002
0.00019391000000000002
0.00018605600000000001
0.00019042200000000001
0.000171008
0.00017107300000000002
0.00017093200000000002
0.00017111600000000002
0.000171268
0.00017187500000000002
0.00017353300000000002
0.00017374900000000001
0.000174995
0.00017582900000000001
0.00017589400000000001
0.00019327100000000001
0.00017311
0.000172232
0.00017104000000000002
0.00017150700000000002
0.000171387
0.00019943600000000002
0.00020727900000000002
0.00018733400000000002
0.000171409
0.00017121400000000002
0.00021234900000000002
0.00024945300000000001
0.00022494800000000002
0.00018890500000000001
0.00021705000000000002
0.00018549200000000002
0.000173912
0.00017394400000000001
0.00017285
0.000171008
0.00018625
0.00020826500000000001
0.00019600100000000001
0.00020726800000000001
0.00021490499999998747
0.000172893
0.00021636800000000001
0.00017258900000000001
0.000173153
0.00017422500000000002
0.00017527600000000001
0.000175656
0.00017579600000000001
0.00017429000000000001
0.00019256700000000001
0.00017137600000000002
0.00017133300000000002
0.00017098600000000001
0.00017127900000000001
0.00017120300000000001
0.000170922
0.00017115900000000002
0.00017104000000000002
0.000170965
0.00017278400000000002
0.000173814
0.00021377900000000001
0.00017574300000000001
0.000215534
0.000213649
0.00018810300000000001
0.00017429000000000001
0.00017262200000000002
0.00021025800000000001
0.00018067100000000001
0.00017154900000000001
0.00021251200000000001
0.00019022700000000001
0.00018719300000000002
0.00021859900000000001
0.00017369400000000001
0.00017236200000000001
0.000172914
0.00017370600000000001
0.000175179
0.00017571000000000001
0.00017598000000000001
0.00017379200000000001
0.000173012
0.00022281400000000003
0.00017094300000000001
0.000170791
0.000170791
0.000171084
0.00017106200000000001
0.00017104000000000002
0.00017047700000000001
0.00017128900000000001
0.00017227600000000002
0.000173196
0.00019240400000000002
0.00019529700000000001
0.000176045
0.000175861
0.00017394400000000001
0.00017288200000000002
0.00017104000000000002
0.0001817
0.000196889
0.00017155000000000002
0.00017099700000000002
0.00017125700000000002
0.00020661800000000002
0.00019017200000000001
0.00017125700000000002
0.00017269800000000002
0.00017330500000000001
0.00017402000000000002
0.00017524400000000002
0.000176219
0.000175797
0.00030696500000000003
0.00055699700000000005
0.00033679100000000002
0.00027823100000000004
0.00022815500000000001
0.00022671400000000001
0.00022531700000000002
0.00022450500000000001
0.00023636700000000002
0.00022484000000000002
0.00022594500000000002
0.000249573
0.00022763500000000001
0.00022926000000000001
0.00022988800000000001
0.00022948800000000002
0.00022971600000000001
0.000241871
0.00017904600000000001
0.00020574000000000002
0.000222749
0.000194267
0.00021602200000000001
0.00019568700000000003
0.000195329
0.00022513200000000001
0.00023732000000000001
0.00022826300000000001
0.00022243500000000002
0.00022642200000000002
0.00025895400000000004
0.00023139400000000003
0.00021317200000000003
0.00023985500000000003
0.00022872900000000003
0.00023097100000000001
0.00023460100000000003
0.000228805
0.00022856700000000002
0.00022802500000000003
0.00029568600000000003
0.00025568300000000004
0.00029032900000000003
0.00026147900000000001
0.000278628
0.00028083900000000001
0.00031011100000000001
0.00026022300000000002
0.000259843
0.00026205299999999999
0.00026347300000000002
0.00026014700000000001
0.00026821700000000001
0.00025595400000000002
0.00029581100000000004
0.000258435
0.00028483600000000001
0.000319341
0.000259681
0.00025229199999999999
0.00025372200000000001
0.00025625700000000002
0.00029313500000000003
0.00028818400000000003
0.00024689699999999999
0.00053855299999999999
0.00023203400000000002
0.00023234700000000002
0.00023036500000000001
0.00023521900000000003
0.00021195900000000001
0.00018176600000000001
0.00019586000000000001
0.00017101900000000001
0.00017091100000000002
0.00017143
0.00017116000000000001
0.00017113800000000001
0.000188667
0.00017250300000000001
0.000173358
0.00025014699999999999
0.00023603100000000002
0.00023819800000000001
0.00023829600000000001
0.00020710600000000001
0.00017278400000000002
0.00017113800000000001
0.00020076700000000002
0.000220127
0.000260645
0.00024579199999999999
0.00022865400000000001
0.00023167600000000002
0.00024956199999999999
0.00022908700000000002
0.00022839300000000002
0.00022982400000000003
0.00023566300000000002
0.000271811
0.00025789300000000003
0.00027366700000000001
0.00025454600000000003
0.00025371200000000001
0.00025354800000000003
0.000252964
0.00026087300000000001
0.00023599800000000001
0.00027487000000000003
0.00032387000000000003
0.00027629999999999999
0.00027424099999999999
0.00036174300000000004
0.000222272
0.00021746200000000003
0.00021562000000000003
0.00021655200000000001
0.00023277000000000001
0.00030847600000000002
0.00043831600000000001
0.00022689800000000001
0.00027223700000000004
0.000259843
0.00021820900000000002
0.00024100400000000001
0.00022420100000000002
0.00020564300000000001
0.00020441800000000002
0.00020552400000000001
0.000235338
0.00027074200000000003
0.00022485100000000001
0.00021005200000000001
0.00021023600000000001
0.00021618400000000002
0.000728081
0.00022462400000000001
0.00025280100000000003
0.00026311500000000002
0.00028159700000000002
0.00037081200000000004
0.00026917999999999999
0.00023280300000000001
0.00023031100000000002
0.00023038600000000001
0.00023290000000000002
0.00023279100000000001
0.00025993000000000001
0.00027280500000000004
0.00021623800000000003
0.00021856700000000002
0.00021835100000000001
0.000218719
0.00022689900000000002
0.00021542500000000002
0.00021447300000000002
0.000214689
0.00023815500000000001
0.00022308500000000001
0.00021552300000000002
0.000215751
0.00021552300000000002
0.00021564200000000002
0.00024050500000000002
0.00021809100000000001
0.00021846900000000003
0.000219738
0.00024183800000000002
0.00022782000000000002
0.00022138400000000001
0.00021875100000000002
0.00022843600000000002
0.00022409300000000002
0.00021577300000000002
0.000235901
0.00021662800000000001
0.00023985500000000003
0.00022436300000000002
0.00021562100000000001
0.000215448
0.00021623800000000003
0.00021814500000000002
0.00021889300000000001
0.00021974800000000002
0.000220344
0.000221222
0.00024360400000000002
0.00022558700000000002
0.000217538
0.00022817600000000002
0.00021663900000000002
0.00021608600000000002
0.00021624900000000001
0.00022068000000000001
0.000255608
0.00024768800000000003
0.00022819800000000001
0.00024068900000000001
0.00023522900000000002
0.00023461200000000001
0.000232575
0.000231611
0.00023391900000000002
0.00023799200000000002
0.00023920500000000001
0.00048368700000000001
0.00074529500000000009
0.000221308
0.00024744900000000001
0.00022058200000000001
0.00030959100000000001
0.00023466600000000002
0.00023512100000000003
0.00025729700000000003
0.000227624
0.00023780800000000002
0.00022908600000000001
0.00024583600000000004
0.00025341900000000001
0.00023878300000000001
0.000224212
0.00022867500000000002
0.00023736400000000003
0.00022279300000000002
0.00022952000000000001
0.00022439600000000002
0.00021868600000000003
0.00024359300000000001
0.00022075600000000001
0.00022262000000000001
0.00022285800000000001
0.000225252
0.000257178
0.00023249900000000002
0.00021619400000000001
0.00017514700000000001
0.00017976100000000002
0.00021078900000000002
0.000174215
0.00021398500000000001
0.000220864
0.00020272900000000002
0.00017064000000000001
0.00019153700000000001
0.00017120300000000001
0.00017668500000000002
0.000209392
0.00022842600000000003
0.00019586000000000001
0.000180206
0.000172308
0.00017350000000000002
0.000174876
0.000175341
0.00017522200000000002
0.00019417000000000002
0.00017260100000000001
0.00017221000000000001
0.00020517700000000002
0.00017689000000000002
0.00017011900000000002
0.00017019500000000002
0.00017027100000000002
0.00017035800000000001
0.00017040100000000001
0.00017055300000000002
0.00017106200000000001
0.00019122300000000002
0.00017338000000000002
0.00017446400000000002
0.000175081
0.000175179
0.00017299000000000001
0.00017216700000000001
0.000179848
0.00019447300000000002
0.000170705
0.00017064000000000001
0.00018633700000000002
0.00020533000000000001
0.00022763500000000001
0.00017184200000000001
0.00017104000000000002
0.00017243800000000002
0.00017320700000000001
0.00017423700000000002
0.00017518900000000002
0.00017553700000000002
0.00023824100000000001
0.00024561900000000003
0.00019176500000000002
0.00021839400000000001
0.00018370500000000002
0.000170781
0.00017107300000000002
0.00017091
0.000170488
0.00017087800000000001
0.00017066100000000001
0.00017129000000000002
0.00017150600000000001
0.00025504900000000003
0.00017404100000000002
0.00017532000000000002
0.000175797
0.000175828
0.000173532
0.00017222100000000002
0.00017181000000000002
0.00017106200000000001
0.00017110500000000001
0.000191776
0.00017123500000000002
0.00019187300000000001
0.00017155000000000002
0.00020910900000000002
0.000219022
0.00017788800000000002
0.00017363
0.00017406300000000002
0.00017461600000000002
0.00017542800000000002
0.00017654400000000002
0.00022563100000000001
0.000173196
0.00017150700000000002
0.000171387
0.00018061700000000002
0.00020391000000000002
0.000171767
0.00017133300000000002
0.00017157200000000002
0.00017609900000000001
0.00017143100000000002
0.00017284900000000001
0.00019336900000000001
0.00020359500000000002
0.000177085
0.00017597000000000001
0.00017597000000000001
0.00017379200000000001
0.000173229
0.00017243800000000002
0.000171387
0.00017139800000000001
0.000171149
0.00020542700000000002
0.00019080100000000002
0.00017169
0.00017163600000000002
0.00017166800000000001
0.00017269800000000002
0.00017363
0.000173597
0.00017483200000000001
0.00017563400000000001
0.00018032500000000001
0.00020933700000000001
0.00017446400000000002
0.00019201400000000001
0.000171354
0.00017127900000000001
0.00017131200000000002
0.000171485
0.00017133200000000001
0.000171788
0.000171268
0.00017119200000000002
0.000204386
0.00017346700000000001
0.00017380300000000002
0.00019385600000000001
0.00017547100000000001
0.000175916
0.000173055
0.00017299000000000001
0.00017262200000000002
0.000171344
0.00017111600000000002
0.00017168000000000001
0.00017143100000000002
0.00023528400000000002
0.000266495
0.00024885800000000002
0.00020050800000000001
0.00024206600000000001
0.00022885900000000001
0.00023177400000000002
0.00026865100000000001
0.00023256500000000001
0.00023433000000000001
0.00023040900000000002
0.00027429700000000001
0.000354583
0.00019711700000000002
0.00017243800000000002
0.00017408400000000002
0.00017408500000000001
0.000182871
0.00024124200000000002
0.00021186100000000001
0.00022552300000000002
0.000243441
0.00024192400000000002
0.00031546300000000004
0.00038015
0.00024491399999999999
0.00024645299999999999
0.00026149000000000002
0.00029973200000000004
0.00028203100000000002
0.00024271500000000001
0.00024312800000000001
0.00024092800000000001
0.00024274800000000001
0.00024114400000000002
0.00024130700000000001
0.00026344000000000004
0.00025338699999999999
0.00024428600000000003
0.00028515000000000002
0.000247135
0.000246691
0.00024790400000000002
0.00035974000000000005
0.00026754600000000002
0.00021246800000000003
0.00017585000000000002
0.000184625
0.00022900000000000001
0.00019609800000000002
0.00034459400000000004
0.00022817700000000001
0.00021877300000000001
0.00024065700000000002
0.00021705000000000002
0.00022098300000000001
0.00017712900000000002
0.00023920500000000001
0.00061102400000000005
0.000179111
0.00017599100000000002
0.00017693400000000001
0.00019704100000000001
0.00017567700000000001
0.00017377000000000001
0.000171311
0.00017378100000000002
0.00017388900000000002
0.00017361900000000002
0.00031417700000000001
0.00021380000000000002
0.00021379000000000002
0.000232618
0.00026636500000000002
0.00023202200000000002
0.00023179500000000003
0.00023160000000000002
0.00021803600000000001
0.00022729900000000001
0.00022614000000000003
0.00019567600000000002
0.00017130000000000002
0.00017127900000000001
0.000173413
0.00017132200000000001
0.000171344
0.00017196100000000002
0.00017179900000000001
0.000191776
0.000173153
0.00022146000000000001
0.00017524400000000002
0.000175818
0.00020188400000000002
0.00017753000000000002
0.00017448600000000001
0.00017372700000000001
0.00017291500000000002
0.000170867
0.00017097500000000002
0.00019021600000000002
0.00017115900000000002
0.000171051
0.00017149500000000002
0.00017150600000000001
0.00017150600000000001
0.000172633
0.00017339200000000002
0.00017808300000000002
0.00017546100000000002
0.00017584000000000002
0.00017592700000000001
0.000174258
0.00019118000000000002
0.00017191800000000002
0.00020592400000000002
0.000212988
0.00017058600000000002
0.00017093200000000002
0.00017117100000000002
0.00017314200000000002
0.00017097500000000002
0.000170781
0.000171886
0.00017309900000000002
0.00019394200000000001
0.000175482
0.00017558000000000002
0.000176696
0.000173499
0.00017332600000000001
0.000171344
0.000171268
0.00017103000000000002
0.00017132200000000001
0.000171409
0.00017098700000000002
0.00019011800000000003
0.00020188400000000002
0.00017159300000000002
0.00017262200000000002
0.000173012
0.00017396500000000002
0.00017550400000000002
0.00017564500000000002
0.000176057
0.00017308800000000001
0.00017269800000000002
0.00017290400000000001
0.000190996
0.00017097600000000001
0.00017110500000000001
0.00017127800000000002
0.00017124700000000002
0.00017119300000000001
0.00017106200000000001
0.00017108300000000002
0.00017199400000000002
0.00017346700000000001
0.00017348900000000001
0.00018757300000000001
0.00020135300000000001
0.00017590500000000002
0.00036357400000000003
0.00022116700000000001
0.00022510000000000002
0.00023337700000000003
0.00023621500000000001
0.00023553300000000001
0.00023325700000000001
0.00027826500000000003
0.00022541400000000001
0.00023923800000000002
0.00023471000000000001
0.00024275900000000002
0.00022202300000000001
0.00023501500000000001
0.00027423000000000004
0.00026696100000000002
0.00024266200000000002
0.00024115600000000002
0.000239313
0.00025148
0.00023837100000000003
0.00027090400000000003
0.000298335
0.000277588
0.00023619300000000002
0.00024212000000000002
0.00040523000000000002
0.00017594900000000001
0.000174768
0.000172318
0.00023425400000000001
0.00023328000000000002
0.00023122100000000001
0.00021814500000000002
0.00021348600000000001
0.00019316300000000002
0.00026478300000000004
0.00030362200000000003
0.00022427700000000002
0.00021337800000000002
0.00018182000000000002
0.000218762
0.000263451
0.00017759500000000001
0.00023646500000000002
0.00023958400000000002
0.00024150200000000002
0.00026516300000000001
0.00026990800000000002
0.000255608
0.00026651700000000002
0.00020236000000000001
0.00022882700000000002
0.00021398500000000001
0.00019563300000000002
0.00018704100000000001
0.00021195800000000002
0.000226357
0.000351918
0.00024205500000000003
0.00025388500000000003
0.00028324400000000004
0.00024382000000000001
0.00028367700000000003
0.00031920000000000001
0.00032232000000000002
0.00070221400000000005
0.00029384500000000004
0.000238533
0.00026082900000000002
0.00023786200000000001
0.00023556500000000003
0.00025920400000000002
0.00023523000000000001
0.000255033
0.00028753300000000003
0.00024723300000000002
0.00023862000000000002
0.00023747200000000002
0.00025679899999999999
0.00023609600000000001
0.00023631200000000002
0.00023845800000000001
0.00024194600000000002
0.00028917999999999999
0.00026630600000000001
0.000177183
0.00017211300000000002
0.00017057500000000001
0.00017042200000000002
0.00017023900000000001
0.00018825500000000002
0.00017087800000000001
0.00017097600000000001
0.00017072700000000002
0.00023551100000000002
0.00022305200000000001
0.00025077600000000003
0.00022499100000000001
0.00022576000000000001
0.00023531600000000001
0.00024945400000000003
0.00024178400000000001
0.00026562800000000001
0.00023425400000000001
0.00022657300000000001
0.00023500200000000002
0.00022752700000000002
0.00022944400000000001
0.00025175000000000002
0.000229108
0.000235944
0.00028322200000000002
0.00023793700000000002
0.00022970500000000002
0.00025848900000000004
0.00023291100000000001
0.00023262900000000001
0.00024169700000000003
0.00023023500000000002
0.00023729900000000001
0.00029335100000000002
0.00023701700000000001
0.000222272
0.000231005
0.00022402700000000002
0.00022637900000000002
0.00025215099999999999
0.00023628000000000001
0.00022623800000000003
0.00024927
0.00023740700000000003
0.00022648600000000003
0.00023543500000000001
0.00024852199999999999
0.00023214200000000001
0.00022593400000000001
0.00022423300000000001
0.00083037700000000009
0.00023114500000000001
0.00028641800000000003
0.00023443800000000001
0.00023823000000000003
0.00022722400000000002
0.00028765300000000002
0.00022741800000000001
0.000240635
0.00026782300000000004
0.00022692
0.00022943300000000002
0.00025064500000000002
0.000228848
0.00022642200000000002
0.00017398700000000001
0.000172893
0.00019870900000000001
0.00019332600000000001
0.000170769
0.00017096400000000001
0.00021098400000000003
0.00018504800000000002
0.00025319200000000001
0.00020526300000000002
0.000210583
0.000190898
0.000174279
0.00017394400000000001
0.00019471200000000002
0.000176078
0.000176219
0.00017343500000000002
0.000172752
0.00017286100000000001
0.00017142000000000001
0.00017114800000000001
0.00017137700000000001
0.00017127800000000002
0.000171225
0.00017118100000000001
0.000190757
0.00018890500000000001
0.00017276300000000001
0.00017397700000000002
0.000175699
0.00017461500000000001
0.00017608900000000001
0.000177789
0.00019912100000000002
0.00017256800000000001
0.00017428000000000002
0.00017143100000000002
0.00019208000000000002
0.00017205900000000001
0.00017207
0.00017116000000000001
0.00018787600000000002
0.00017287100000000001
0.00017184200000000001
0.00017308800000000001
0.00017379200000000001
0.00017410600000000002
0.00017542800000000002
0.000176035
0.00017620900000000001
0.000216314
0.00020680200000000002
0.00017312000000000002
0.00021963000000000001
0.00017156100000000001
0.000191017
0.00018832000000000001
0.00017047700000000001
0.00017119200000000002
0.00017096400000000001
0.000171041
0.00017212400000000001
0.000172676
0.00017361900000000002
0.00017703100000000002
0.00017518900000000002
0.000175742
0.00019241500000000001
0.000173337
0.00025100300000000002
0.00024465500000000004
0.00022465600000000003
0.00025582400000000004
0.00024112300000000002
0.000221048
0.00018313000000000002
0.00023137200000000001
0.00023469500000000002
0.00022312800000000001
0.00017807100000000002
0.00022856700000000002
0.00029834500000000004
0.00038912000000000001
0.00028775100000000004
0.00026195600000000004
0.00023303000000000001
0.00022250000000000001
0.00019088800000000001
0.00048324300000000001
0.000184723
0.000171127
0.00017346700000000001
0.000173468
0.000194279
0.00017388900000000002
0.000173771
0.00017308800000000001
0.000176176
0.00017708600000000002
0.00018017300000000002
0.00018014100000000001
0.00017662
0.000174833
0.00017043400000000002
0.00017309900000000002
0.00019678100000000001
0.00020568600000000001
0.000357685
0.00020888200000000002
0.00017264300000000002
0.00017170100000000002
0.00017156000000000002
0.00017264400000000001
0.00017320700000000001
0.00017409600000000002
0.00019110400000000002
0.00017592600000000002
0.00021599400000000001
0.00017729100000000002
0.00022801400000000002
0.00021834000000000003
0.00021643400000000002
0.00018973900000000002
0.00017448500000000002
0.00017424700000000001
0.00023903200000000002
0.00023103700000000002
0.00017194000000000001
0.00023539200000000001
0.000198178
0.00017813600000000002
0.00017686900000000002
0.00017805000000000002
0.00017889500000000001
0.000179166
0.00017691200000000002
0.000180693
0.00020319500000000001
0.00020021600000000002
0.000175742
0.000176436
0.00017399800000000002
0.00017634900000000002
0.00021762500000000002
0.00024256400000000002
0.00023435200000000001
0.00024269300000000002
0.00024167600000000002
0.00029179200000000003
0.000272933
0.00047725100000000004
0.000303283
0.00026771900000000003
0.00023255300000000001
0.000268922
0.00023331200000000001
0.00026305000000000002
0.00023258600000000001
0.00025435000000000003
0.000233009
0.00025336400000000001
0.000256376
0.00025272599999999999
0.00024986600000000001
0.00025310400000000004
0.00022975800000000002
0.000233453
0.00026195600000000004
0.00023684300000000001
0.00026625600000000003
0.00023713600000000001
0.00026396000000000004
0.00023330100000000002
0.00025662600000000003
0.00030966200000000004
0.00022521900000000003
0.00022721300000000001
0.00023236900000000001
0.00022449300000000001
0.00023463300000000001
0.00022382100000000002
0.00021476500000000001
0.00019641300000000002
0.00017509200000000001
0.00024134000000000002
0.00023296500000000002
0.00023087400000000003
0.00022903300000000001
0.00022703900000000001
0.000243744
0.00022636700000000002
0.00025569300000000003
0.00017151700000000002
0.00017093200000000002
0.00017085700000000001
0.00017130100000000001
0.00017127800000000002
0.00017279600000000002
0.00020489600000000001
0.000173759
0.00018032500000000001
0.000175818
0.00019701900000000002
0.00017411800000000002
0.000172926
0.000172449
0.00017147400000000002
0.000171225
0.00017113800000000001
0.000171127
0.00017137700000000001
0.00019394300000000002
0.00017208000000000002
0.00019628200000000002
0.000206813
0.00022987700000000002
0.00022767900000000003
0.00022406000000000002
0.00019755
0.00021224000000000001
0.00017379200000000001
0.000172719
0.00017168000000000001
0.00017132200000000001
0.00017156100000000001
0.00041872800000000005
0.00025161000000000004
0.00026754600000000002
0.00022720100000000001
0.00022606500000000001
0.00022586900000000002
0.00022726700000000002
0.00029245200000000001
0.00024564000000000004
0.00021317300000000001
0.00023605300000000001
0.00025200999999999999
0.00022872900000000003
0.00023023500000000002
0.00025080800000000004
0.00029880800000000002
0.00022766800000000002
0.00026369800000000004
0.00023517500000000001
0.00028588700000000002
0.00024084100000000002
0.00023494700000000003
0.00024163200000000001
0.00026130599999999999
0.000268175
0.00026253000000000002
0.00024635600000000004
0.000261771
0.00026623500000000003
0.00024685400000000002
0.00024401500000000001
0.00026159800000000004
0.00027067700000000004
0.00024565200000000001
0.00026055800000000004
0.00024441600000000001
0.00024746000000000002
0.00026255100000000003
0.00024805600000000003
0.00024567300000000002
0.000255553
0.00027342800000000004
0.00026340700000000001
0.000258662
0.00026621300000000001
0.00025523900000000004
0.00024219500000000001
0.00024832700000000001
0.00026644100000000002
0.00018531900000000001
0.000206856
0.00022120000000000001
0.00023417800000000001
0.00024472000000000003
0.000225295
0.00024066800000000001
0.00026661499999999999
0.00024287800000000003
0.000224937
0.00023577100000000002
0.00022719100000000001
0.00022615100000000001
0.000269972
0.00022490500000000002
0.000249118
0.00023062500000000001
0.00024215200000000001
0.001381644
0.000217755
0.000265813
0.000228447
0.000239931
0.00027140200000000001
0.00028351400000000001
0.00024296500000000002
0.000244773
0.00025789300000000003
0.00021161200000000002
0.00024052700000000001
0.00023015900000000002
0.000224558
0.00024155700000000002
0.000228588
0.00024614900000000003
0.00022116700000000001
0.00022095100000000002
0.000228459
0.000302026
0.00025087300000000004
0.000251859
0.000326946
0.00027697100000000004
0.000277003
0.000228762
0.00027766500000000002
0.000256507
0.00027283200000000003
0.00025453500000000002
0.00025350600000000002
0.00025324599999999999
0.000251642
0.000252682
0.00031083
0.00025885799999999999
0.00029703500000000002
0.00025331000000000003
0.00022735300000000002
0.000225858
0.000227743
0.00022760300000000002
0.00023032200000000001
0.00023853400000000002
0.00023911800000000002
0.00025547699999999999
0.000228664
0.00022789500000000001
0.000227278
0.00022557600000000001
0.00023322500000000002
0.00020928200000000001
0.00027287600000000002
0.00023275900000000003
0.00021082100000000001
0.00022139500000000002
0.00021938
0.00021250000000000002
0.00022684400000000003
0.00023903200000000002
0.001059967
0.000266192
0.00029110900000000001
0.00022879500000000001
0.00023882600000000001
0.000227798
0.00022604300000000002
0.00022552300000000002
0.00026751300000000004
0.00025319200000000001
0.00026651700000000002
0.00022572800000000002
0.00028912100000000004
0.00031852400000000004
0.000218459
0.00022781900000000001
0.00022978000000000001
0.00027754500000000003
0.00024682100000000004
0.00024903100000000004
0.00026257299999999999
0.00026728600000000004
0.00024314800000000002
0.00024332200000000003
0.00028219000000000003
0.00025539000000000003
0.00027739400000000003
0.00025778500000000001
0.00029506300000000003
0.00024983300000000003
0.00027165100000000003
0.00027709000000000002
0.00040950900000000001
0.00029094600000000004
0.00026951700000000004
0.00026077500000000004
0.000311129
0.00027556299999999999
0.00022439600000000002
0.000205004
0.00022142800000000002
0.00041548900000000001
0.00022864200000000001
0.00031431500000000002
0.00025324599999999999
0.00023710400000000003
0.00023569500000000001
0.00023013700000000002
0.00023051700000000002
0.00027027600000000001
0.00023821700000000001
0.00020942400000000002
0.000232131
0.000185699
0.00022779700000000001
0.00023701700000000001
0.00025076500000000002
0.00020552400000000001
0.00021848000000000001
0.00022386500000000001
0.00022979100000000002
0.000229368
0.00023088500000000001
0.000490896
0.000194181
0.000172146
0.000229726
0.00017374900000000001
0.000174778
0.00017524400000000002
0.000196727
0.00017320700000000001
0.00018976
0.000172027
0.000170791
0.00017062900000000002
0.00017089900000000002
0.00017090000000000001
0.00019215500000000001
0.00017071500000000002
0.00017058600000000002
0.00017091
0.00017137600000000002
0.000194062
0.00017348900000000001
0.000174594
0.00017545000000000001
0.00017566700000000001
0.00018496200000000002
0.00017208000000000002
0.00017037900000000002
0.00018733400000000002
0.00017069400000000002
0.00017054200000000001
0.000170466
0.00019077900000000002
0.00017093200000000002
0.00017077000000000002
0.00017094300000000001
0.00017203700000000002
0.00017303300000000001
0.000173499
0.00019005400000000002
0.00026562800000000001
0.00022743000000000001
0.000224732
0.00022164400000000001
0.00022043
0.00022148100000000002
0.00023373400000000001
0.00024496899999999999
0.00022694800000000001
0.00017119200000000002
0.00021240300000000001
0.00020341100000000002
0.00021980200000000001
0.00022009500000000001
0.00020872000000000002
0.00019107100000000001
0.00019405100000000002
0.000232489
0.00019342200000000001
0.000238089
0.000202945
0.00021049600000000001
0.00019074700000000001
0.00020319500000000001
0.00017301300000000002
0.000238144
0.00017143100000000002
0.00017172300000000001
0.00019742000000000002
0.00017145300000000001
0.00017273000000000001
0.00017347800000000002
0.00017457300000000002
0.00019575200000000002
0.000175959
0.00017577400000000001
0.000196889
0.00017953400000000002
0.00017272000000000001
0.00017163600000000002
0.000192296
0.00017113800000000001
0.00017150700000000002
0.00020638000000000001
0.00023991000000000003
0.00023698400000000001
0.00027932200000000003
0.00022873000000000001
0.00023023500000000002
0.000303114
0.00040871600000000005
0.00029406700000000002
0.00023074400000000001
0.0002264
0.00022378900000000001
0.00022247800000000002
0.000219564
0.00018369400000000001
0.00017163600000000002
0.00019171100000000001
0.000171755
0.00018855800000000002
0.00017147400000000002
0.00020437500000000002
0.00019083400000000002
0.00021362700000000001
0.00019703100000000002
0.000175763
0.000177259
0.00024385300000000001
0.00021568600000000001
0.00021957500000000001
0.00020683500000000002
0.00018240500000000001
0.00021893600000000001
0.00020322700000000002
0.00017677100000000002
0.00022268400000000001
0.00022800300000000001
0.00023132900000000001
0.000203205
0.00024214100000000003
0.00028435400000000001
0.000246767
0.00022721200000000002
0.00023487200000000001
0.00024304
0.00022320400000000001
0.00024293200000000001
0.00022146000000000001
0.00025431900000000003
0.00022519700000000001
0.000247276
0.000221103
0.000224169
0.00022251100000000002
0.00022189300000000003
0.00024466599999999999
0.00022287900000000002
0.00030329700000000001
0.00022326900000000001
0.00023695200000000002
0.00024746000000000002
0.00022812200000000001
0.000231005
0.00024306200000000003
0.00025368999999999999
0.00023982300000000001
0.00025074299999999999
0.00021786300000000002
0.00022679000000000002
0.00021953200000000001
0.00021894700000000002
0.00024203300000000001
0.00022338900000000003
0.00026984200000000001
0.00022153600000000001
0.00025720000000000002
0.000225479
0.00025657100000000003
0.00022454800000000001
0.000219337
0.00023505600000000001
0.00022247800000000002
0.00027242100000000001
0.00022629200000000001
0.00027296200000000002
0.00022088500000000001
0.00021866400000000001
0.00023075500000000002
0.00022330200000000001
0.00024121
0.00024372300000000002
0.00022930300000000001
0.00022398400000000002
0.00031641000000000004
0.00022035500000000001
0.00023366900000000002
0.00020277200000000002
0.00019634700000000001
0.00019499300000000002
0.00020940200000000003
0.00021506900000000002
0.00025147400000000001
0.00024698299999999999
0.00024530400000000001
0.00024837000000000004
0.00023713600000000001
0.00023088500000000001
0.00028723000000000003
0.00027184700000000003
0.00025020100000000003
0.00023306200000000003
0.00024479500000000002
0.00024298600000000002
0.00024297500000000001
0.00024259600000000001
0.00025757900000000002
0.00025032
0.000265228
0.00022935700000000002
0.00025258499999999999
0.00024038600000000001
0.00025515300000000004
0.00029549600000000002
0.00031329099999999999
0.00024597600000000002
0.00022862100000000001
0.00023248800000000001
0.00023389600000000001
0.00025529300000000002
0.000238533
0.00024439500000000001
0.00029024200000000002
0.00022658400000000002
0.00022570700000000001
0.00022526300000000001
0.00022676800000000002
0.00024295300000000002
0.000225641
0.00022581500000000001
0.00025989700000000004
0.00022603200000000001
0.00022662800000000001
0.00022734300000000002
0.00022826400000000002
0.00023023500000000002
0.00028649400000000004
0.00035158200000000002
0.00029601900000000001
0.00034997800000000003
0.00026223700000000002
0.00035744300000000004
0.00022857700000000002
0.00042788300000000005
0.00027767500000000001
0.00027923500000000002
0.00027308200000000001
0.00026017900000000003
0.00026186900000000002
0.000266636
0.000270406
0.00040798200000000004
0.000348148
0.000232229
0.000209044
0.00020970500000000003
0.00022325800000000002
0.00023737500000000001
0.00024369100000000001
0.000262422
0.00023859800000000002
0.00027322500000000004
0.00022896800000000002
0.000228719
0.00027880200000000003
0.00029030400000000002
0.00027462100000000001
0.00025830500000000001
0.00028382900000000004
0.000279571
0.00044958600000000003
0.00023891300000000002
0.000236247
0.00024530500000000002
0.00023741800000000001
0.00023577100000000002
0.00026948500000000003
0.00023475200000000002
0.00026353800000000001
0.00023486100000000003
0.00023439500000000001
0.00023524
0.00024105800000000002
0.00023589000000000002
0.00028881300000000001
0.00023613900000000001
0.00023777500000000002
0.00026890000000000003
0.00024689699999999999
0.00026577000000000003
0.00023609700000000003
0.00023584700000000002
0.00023603100000000002
0.00023304100000000002
0.00023233700000000002
0.00027509100000000004
0.00023143700000000003
0.00023501300000000001
0.00024567300000000002
0.00046521000000000003
0.00053517300000000001
0.00034127400000000003
0.00036940300000000003
0.00024648500000000001
0.00022720200000000002
0.00022728900000000001
0.000244601
0.00022424400000000002
0.00026858000000000003
0.00025449100000000003
0.000251339
0.00032244000000000001
0.000207192
0.000226822
0.00022888100000000001
0.00024933400000000004
0.00028012400000000003
0.00025535800000000002
0.00026246500000000003
0.00026757899999999999
0.00025942100000000002
0.00026268200000000003
0.00026059100000000001
0.000302322
0.000255033
0.00022617200000000002
0.00024301900000000003
0.00023453600000000001
0.00023697400000000001
0.00024377700000000001
0.00025066699999999999
0.00028431600000000001
0.00025073200000000004
0.00024902100000000004
0.00025957200000000001
0.00024505499999999999
0.00024174000000000003
0.00032321500000000001
0.00021590200000000002
0.00024491399999999999
0.00022768900000000002
0.00022787300000000002
0.00022869700000000001
0.00022908700000000002
0.000228404
0.00026875299999999999
0.00023975800000000002
0.00023385400000000003
0.00023580300000000001
0.00023642100000000001
0.00030939600000000003
0.00023219600000000002
0.000225252
0.00023106900000000001
0.00028287500000000003
0.00023310600000000001
0.000259681
0.00023603100000000002
0.000244384
0.00025577
0.00025138200000000003
0.00025265000000000004
0.00023278100000000002
0.00042444300000000004
0.00098001300000000006
0.00028175900000000002
0.00027323100000000003
0.00026013100000000003
0.00024192500000000001
0.000246085
0.00024388600000000002
0.00024592200000000004
0.00025139300000000004
0.00024446
0.00026158700000000003
0.00026829300000000001
0.00024100400000000001
0.00024137200000000001
0.00028574700000000004
0.00024266200000000002
0.000240549
0.00024613900000000004
0.00024034300000000001
0.00028209600000000002
0.00023986600000000001
0.00023835000000000002
0.00024158800000000002
0.00023987700000000002
0.00024390700000000002
0.00024924800000000004
0.00024632300000000001
0.00024276900000000002
0.00027297399999999999
0.00024234700000000002
0.00025098200000000002
0.000242174
0.00024078700000000001
0.00023941200000000002
0.00024613900000000004
0.00026058
0.00024130700000000001
0.00028839000000000002
0.00024220600000000002
0.00024266200000000002
0.00024338700000000002
0.00024488200000000003
0.000247266
0.000273212
0.00024223900000000002
0.000265899
0.00025297500000000001
0.00024183800000000002
0.00024158900000000001
0.00024741699999999999
0.000240289
0.000246226
0.00023903200000000002
0.00024004000000000001
0.00027873700000000004
0.00024128600000000001
0.00023938900000000001
0.00024007200000000003
0.00028057900000000004
0.00023578200000000003
0.00023607500000000001
0.00023400600000000001
0.00025622500000000001
0.00025736300000000004
0.00023804700000000002
0.00037555600000000003
0.000237526
0.00024392900000000002
0.00023621500000000001
0.00023636700000000002
0.00023829600000000001
0.00023710400000000003
0.00025930199999999999
0.000251112
0.00023155700000000002
0.00024232500000000002
0.00017544900000000002
0.00017536300000000002
0.000173413
0.00020885000000000001
0.000182437
0.00021678000000000002
0.00024083000000000001
0.00018175500000000002
0.00021103800000000001
0.00017281700000000002
0.00017306600000000001
0.00017280600000000001
0.00017318500000000002
0.00017402000000000002
0.00018614200000000001
0.000221611
0.000223291
0.00026877600000000003
0.00022296500000000002
0.00022849100000000002
0.00024441600000000001
0.00023296600000000001
0.00025279100000000004
0.00024354900000000002
0.00025009300000000001
0.00022862000000000002
0.00022650800000000002
0.00022684400000000003
0.00022693100000000001
0.00022715900000000003
0.00022689800000000001
0.00022715900000000003
0.000228058
0.00026617000000000004
0.00023141600000000002
0.00023032100000000002
0.00022767800000000001
0.00024920500000000001
0.00022527300000000001
0.00024662600000000001
0.00019667300000000002
0.00017098700000000002
0.00017110500000000001
0.000190595
0.00017151700000000002
0.00017132200000000001
0.00017149600000000001
0.000172394
0.00017356500000000001
0.00017435500000000001
0.00017550400000000002
0.00019711700000000002
0.000186987
0.00018368300000000002
0.00017356500000000001
0.00020516700000000002
0.000198178
0.00017132200000000001
0.00019466900000000002
0.00019644600000000002
0.00021626000000000002
0.000256235
0.00023736400000000003
0.00023124200000000002
0.00026320200000000003
0.00025448100000000003
0.00023446
0.000235641
0.00022286900000000002
0.0014676890000000001
0.000271067
0.00031644000000000003
0.000243355
0.00024423199999999999
0.00024363600000000001
0.00024519599999999999
0.00027917300000000002
0.00022591200000000001
0.00022594500000000002
0.000224732
0.00022502400000000002
0.00022688800000000001
0.00022692
0.00022865300000000002
0.00025122000000000002
0.00024752600000000003
0.00023105800000000002
0.00022704000000000002
0.00029590500000000001
0.00029282000000000001
0.00029667700000000002
0.00028372100000000002
0.00028493400000000003
0.00031693600000000003
0.00026288800000000002
0.000278087
0.000257753
0.00025996200000000003
0.00040208800000000004
0.00026543399999999999
0.00028666800000000001
0.00027155400000000002
0.00031448700000000001
0.000280611
0.000269225
0.00028390500000000004
0.00037816800000000002
0.00073488500000000001
0.00030031700000000003
0.000278769
0.000292062
0.00025401500000000001
0.00026017999999999999
0.00023969200000000001
0.000217073
0.00020618500000000001
0.00020534000000000001
0.00022287900000000002
0.00021453800000000001
0.00021493800000000002
0.00017649000000000001
0.000213205
0.00021297700000000002
0.00020575200000000002
0.000232532
0.00037165700000000001
0.000267383
0.00027360000000000004
0.000250981
0.000232131
0.00023236900000000001
0.00024725400000000003
0.00023317100000000001
0.00023295400000000001
0.00028437000000000004
0.00023650800000000002
0.00023583600000000001
0.000236822
0.00023268400000000001
0.000232749
0.00023249900000000002
0.00019464700000000002
0.00017210200000000001
0.000171745
0.000191256
0.00017155000000000002
0.00017122400000000001
0.00017147400000000002
0.00017161500000000002
0.00017281700000000002
0.00019903500000000002
0.00017442100000000002
0.00017506000000000002
0.00017559100000000001
0.00017663100000000001
0.000173728
0.00019855800000000002
0.000176219
0.00021189400000000001
0.000171268
0.00018137600000000002
0.00023861000000000002
0.00023632400000000002
0.00023732000000000001
0.00023280300000000001
0.00025781799999999999
0.00026477800000000002
0.00023315
0.00023661600000000001
0.000256235
0.00022967200000000002
0.00021022600000000002
0.00021818800000000002
0.00019854700000000001
0.00020708300000000002
0.00018801600000000002
0.00018864500000000001
0.00020125600000000003
0.00020025800000000001
0.00017132200000000001
0.00022949800000000002
0.00022997600000000001
0.00022971500000000002
0.00023040900000000002
0.00026827200000000001
0.00026189099999999999
0.00026111100000000001
0.00026917100000000002
0.00029242
0.000289115
0.00029032900000000003
0.00025712400000000001
0.000213291
0.00021826400000000002
0.00017075900000000001
0.000171041
0.000170705
0.00017116000000000001
0.00022603200000000001
0.00017743300000000001
0.00021955300000000002
0.00023290000000000002
0.00022462300000000002
0.00023362600000000002
0.00026344000000000004
0.00025162000000000003
0.00031402200000000001
0.000249118
0.00026761100000000001
0.00022443900000000002
0.00022520800000000002
0.00022926000000000001
0.000188505
0.00018916500000000001
0.000172287
0.00019868800000000001
0.00019140800000000001
0.00019739800000000002
0.00018465800000000001
0.00023700600000000003
0.00024900900000000001
0.00025097100000000001
0.00026828300000000002
0.00023342000000000003
0.00023982300000000001
0.00026734000000000003
0.00021999300000000001
0.000186045
0.00017111600000000002
0.000171106
0.000171344
0.00017141900000000002
0.00017104000000000002
0.00017105200000000002
0.00017246000000000001
0.00017282800000000001
0.00019581700000000001
0.00017519000000000001
0.00018261000000000002
0.00022156900000000002
0.00019521000000000002
0.00023751500000000002
0.00018959900000000001
0.00018755100000000002
0.000171733
0.000171051
0.000171788
0.00017150600000000001
0.00020516100000000001
0.00019320600000000002
0.000176446
0.000201623
0.00022454700000000002
0.00022423300000000001
0.00024270500000000001
0.00023350700000000001
0.000275887
0.00025938900000000001
0.00025870600000000004
0.00029135800000000002
0.00029379500000000002
0.000285335
0.00025382000000000003
0.00026308200000000004
0.00027300600000000001
0.00025594300000000001
0.000256593
0.00026884599999999999
0.00025679899999999999
0.00025956200000000002
0.00025967000000000004
0.00028216
0.00032003400000000002
0.00028766300000000001
0.00028388300000000002
0.00028047
0.00025802300000000002
0.00025557500000000002
0.00025619200000000003
0.00029031800000000002
0.000268826
0.00022181700000000002
0.00024574800000000001
0.00024302900000000002
0.00022290100000000001
0.00023505600000000001
0.00026543399999999999
0.000254069
0.00024204300000000003
0.00024377700000000001
0.00036126700000000002
0.000266354
0.000244384
0.00024457900000000003
0.00027935500000000001
0.000291759
0.00024259600000000001
0.00024818600000000001
0.000239757
0.00035434400000000003
0.000240907
0.00024031000000000001
0.00022929200000000003
0.00026389499999999999
0.00024820800000000003
0.00028589800000000003
0.000262487
0.00026620300000000001
0.00023931400000000002
0.00023642100000000001
0.00024210900000000001
0.00024258600000000001
0.00024158800000000002
0.00023575000000000001
0.00025166400000000002
0.00024132900000000001
0.00027596400000000002
0.00021078900000000002
0.00020487400000000002
0.00032303600000000002
0.00023336600000000002
0.00024709200000000003
0.00023635600000000001
0.000236464
0.00024393900000000001
0.00028207300000000004
0.00023450300000000003
0.000233658
0.00024080800000000002
0.00023946500000000001
0.00024158900000000001
0.000232737
0.00023442800000000001
0.00023067900000000002
0.00025947399999999999
0.00023277000000000001
0.00024078700000000001
0.000271663
0.00028787000000000002
0.00023954100000000002
0.00023483900000000001
0.00023153500000000003
0.00023466600000000002
0.00025761100000000004
0.00024061400000000002
0.00057884100000000008
0.00024203300000000001
0.00022485000000000002
0.00043876500000000003
0.000226345
0.00022940100000000001
0.00026340700000000001
0.000186045
0.00019729100000000002
0.00021142800000000002
0.00019850400000000001
0.00023017000000000003
0.00020524200000000001
0.00020543700000000002
0.00020051900000000002
0.00019853600000000002
0.00019577400000000001
0.00018310900000000001
0.000181614
0.00019001000000000001
0.00020017200000000001
0.00019723700000000001
0.00022430900000000001
0.00019992300000000002
0.00020050700000000002
0.000196911
0.00023830600000000001
0.00020250200000000002
0.00020010700000000001
0.000247514
0.00019381300000000001
0.000188808
0.00020395300000000002
0.00019826500000000001
0.00020099600000000003
0.00019918600000000001
0.00020151500000000001
0.00019804800000000001
0.00019687800000000002
0.00022358300000000002
0.000171344
0.00017116000000000001
0.00017268700000000001
0.00019449500000000001
0.000174334
0.00017562300000000002
0.000213031
0.00017624000000000001
0.00017340300000000001
0.00017290400000000001
0.00017256800000000001
0.000209955
0.000220561
0.00017153900000000001
0.00017113800000000001
0.00019057300000000001
0.00017101900000000001
0.00017132200000000001
0.00017065
0.00017234000000000002
0.000172969
0.00017358600000000001
0.000175341
0.00019681400000000002
0.000176663
0.000174215
0.00017310900000000001
0.00019056200000000002
0.00019994400000000002
0.00017133300000000002
0.000171452
0.00017177700000000002
0.00017104000000000002
0.00017142000000000001
0.00017163600000000002
0.00017132200000000001
0.000172611
0.00017332600000000001
0.00017417100000000001
0.00019511300000000001
0.00020976000000000002
0.00022193600000000002
0.000203162
0.000176923
0.000173067
0.00023233600000000001
0.00022739600000000002
0.00069968100000000007
0.00023490500000000002
0.00024182700000000001
0.000233973
0.00024346300000000002
0.00024126400000000001
0.00018920800000000001
0.00019429000000000001
0.00022345400000000002
0.00022518700000000001
0.00017650000000000001
0.00017664100000000001
0.000173933
0.00017326100000000002
0.00019046500000000001
0.00017173400000000002
0.00017124600000000001
0.000171485
0.00017181000000000002
0.00018175500000000002
0.00020680200000000002
0.000171733
0.00017175600000000001
0.000172893
0.00017360800000000001
0.000194181
0.00017509200000000001
0.00022118900000000003
0.00023190800000000002
0.000207376
0.00017961000000000002
0.00017156000000000002
0.00017130100000000001
0.00021199200000000001
0.00020114700000000002
0.00019642300000000001
0.00019043300000000002
0.000198786
0.000231351
0.00021720200000000003
0.00026432800000000003
0.00025000599999999999
0.000174117
0.000175071
0.00021314000000000001
0.00022020300000000001
0.00022019300000000001
0.00024532699999999999
0.00023882600000000001
0.00018477700000000001
0.00020196000000000002
0.000171669
0.00017172300000000001
0.000171669
0.00017187500000000002
0.000171485
0.00017201600000000001
0.00017216700000000001
0.00017410700000000001
0.00019447300000000002
0.00022828500000000003
0.00017613200000000001
0.000176446
0.00017420400000000001
0.00017283900000000002
0.00017236200000000001
0.00019469000000000002
0.000187648
0.000171626
0.000171268
0.00017073700000000002
0.00019322800000000001
0.00017186400000000001
0.00017185300000000002
0.000172676
0.00017351000000000001
0.000174258
0.00017524400000000002
0.00017542800000000002
0.00019705200000000002
0.00017368400000000001
0.00017244800000000001
0.000202945
0.00019236100000000002
0.00036846600000000002
0.00023357200000000001
0.00023167600000000002
0.00024452100000000004
0.000220647
0.00028350400000000002
0.00026103200000000002
0.000236865
0.000239888
0.00023433000000000001
0.000271208
0.00023751500000000002
0.00025937700000000003
0.00024256400000000002
0.00024378800000000002
0.00025088399999999999
0.00023308500000000001
0.00027752899999999999
0.000171669
0.00017106200000000001
0.00017129000000000002
0.00018777900000000001
0.00017136500000000001
0.00017124700000000002
0.00017282800000000001
0.000172666
0.00017354300000000002
0.00021059400000000001
0.00017848300000000001
0.000175775
0.00017338100000000001
0.00017330500000000001
0.00017321800000000002
0.00017153900000000001
0.00017175600000000001
0.000180953
0.00017164700000000001
0.00017153900000000001
0.00017857000000000002
0.00017172300000000001
0.00017185300000000002
0.00017216800000000002
0.00017330500000000001
0.00017443100000000001
0.000174952
0.00017585100000000001
0.00017613200000000001
0.00017422500000000002
0.00017294700000000001
0.00017119200000000002
0.00018992300000000002
0.00017077000000000002
0.00017095400000000002
0.00017124700000000002
0.00017151700000000002
0.00017141900000000002
0.00017124700000000002
0.000171442
0.00020297700000000002
0.00017975100000000002
0.00018556800000000002
0.00017520100000000002
0.00020915300000000001
0.00017616500000000002
0.00017356500000000001
0.00017286000000000002
0.00017282800000000001
0.00017158200000000001
0.00017117100000000002
0.00017150600000000001
0.00017130000000000002
0.00017118100000000001
0.000171084
0.00017160400000000001
0.00019052000000000001
0.00017282800000000001
0.00017331600000000002
0.000173597
0.00017441000000000001
0.00017565500000000001
0.00020813500000000003
0.00017629400000000002
0.00017246000000000001
0.00017179900000000001
0.000171387
0.000171127
0.00017116000000000001
0.00021377900000000001
0.00029608200000000003
0.000257027
0.00022826400000000002
0.00027555200000000003
0.00022898900000000003
0.00022989900000000002
0.00023072300000000001
0.00028440300000000002
0.00023856600000000001
0.00027982000000000001
0.00025572700000000003
0.00022057200000000002
0.00024973500000000001
0.00022862100000000001
0.000253105
0.00023066900000000002
0.00023049500000000002
0.00023089600000000002
0.00023150300000000001
0.00023209900000000002
0.00022325800000000002
0.00024846800000000001
0.00021654200000000001
0.00022673500000000002
0.00022208800000000001
0.00021785200000000001
0.00023347500000000002
0.00026462100000000004
0.00019098500000000002
0.00023873900000000002
0.00025412300000000003
0.00022180600000000001
0.00019046500000000001
0.000197128
0.00021194800000000002
0.00021151500000000001
0.000216672
0.00021640100000000002
0.000217798
0.00021850300000000002
0.00025515300000000004
0.00030105400000000004
0.00032903200000000004
0.00023074400000000001
0.000227137
0.00021931500000000001
0.0001774
0.000175916
0.00017848300000000001
0.000188753
0.000200194
0.00021420200000000001
0.00020848100000000003
0.000176706
0.000206932
0.00021747300000000001
0.00017360800000000001
0.00017424700000000001
0.00022568500000000002
0.00023583600000000001
0.00023817600000000002
0.000270265
0.00023549000000000001
0.00024326800000000002
0.000235543
0.00023317100000000001
0.000234157
0.00020920800000000001
0.00020533900000000002
0.00020383400000000001
0.00024783900000000002
0.00023219600000000002
0.00024253100000000001
0.00023891200000000001
0.00022298800000000003
0.00022207800000000001
0.00022244500000000002
0.00023680000000000001
0.00022482900000000001
0.00022846900000000002
0.000344932
0.00025883500000000001
0.00025987600000000003
0.00026171800000000003
0.00027145700000000001
0.000258132
0.00026223700000000002
0.000266051
0.000258662
0.00025557500000000002
0.00025999500000000001
0.00026341800000000002
0.00027015700000000004
0.00032400000000000001
0.00034869000000000002
0.000261165
0.00026313700000000004
0.00026129500000000004
0.00026117600000000001
0.000258955
0.00028070900000000003
0.00025990799999999999
0.00026059100000000001
0.00044729500000000001
0.000227841
0.000226259
0.00021795000000000001
0.00020242600000000002
0.00023911800000000002
0.00022983400000000002
0.00026226999999999999
0.00027041700000000001
0.00026260600000000003
0.00023715700000000002
0.00023619400000000001
0.000248457
0.00024282400000000002
0.00024799100000000003
0.00023849100000000002
0.00024148100000000001
0.000265596
0.00024147
0.00023749400000000001
0.00024259600000000001
0.000243095
0.00024561800000000002
0.00026696000000000001
0.00024666999999999999
0.00025209800000000002
0.00027289800000000004
0.00024834900000000003
0.00024816399999999999
0.000245803
0.00026464300000000001
0.00022725600000000001
0.00019218800000000001
0.000209034
0.00018999900000000002
0.00027237700000000002
0.00029044800000000001
0.00024318200000000002
0.00023609600000000001
0.00026354900000000002
0.00023687600000000001
0.00024653899999999999
0.00029432600000000003
0.00018012900000000001
0.00018185200000000001
0.00018556800000000002
0.000208774
0.00022688800000000001
0.00021059300000000002
0.00022835000000000002
0.00021307500000000002
0.00022215300000000003
0.00022638900000000002
0.00023463300000000001
0.00023641100000000001
0.00024840300000000001
0.00025463200000000002
0.00022852400000000002
0.00023733100000000002
0.000186023
0.00021534900000000001
0.00021745100000000002
0.00023186000000000002
0.00023494800000000001
0.00025743800000000002
0.00026356000000000003
0.00025686400000000004
0.00025786100000000002
0.00025831600000000003
0.00025661500000000002
0.00028199799999999999
0.00025742800000000003
0.00026675500000000003
0.000261988
0.00031249500000000004
0.00028267
0.00025405800000000004
0.00026012499999999999
0.00028410000000000002
0.00024722200000000001
0.00026450200000000001
0.00025988700000000004
0.00025286699999999999
0.000251859
0.00025294200000000003
0.00027516200000000002
0.000296731
0.00031309000000000003
0.00025734
0.00026480500000000001
0.00028588700000000002
0.000260883
0.000260363
0.00026023300000000001
0.00027927900000000001
0.00026528100000000002
0.00025837000000000001
0.00025754700000000001
0.00031883200000000001
0.00028644
0.00026099100000000002
0.00027981000000000002
0.000300036
0.00021592400000000002
0.00030877000000000004
0.00036026800000000001
0.00022479600000000001
0.00022787300000000002
0.00023480700000000002
0.00023178400000000002
0.00025548900000000002
0.000228805
0.000264212
0.000235901
0.000253267
0.00024996300000000002
0.00022826400000000002
0.00023469900000000002
0.00022663800000000001
0.00043992900000000004
0.00020510100000000001
0.00021418000000000001
0.00021388700000000001
0.00021103800000000001
0.00017831000000000002
0.00027506500000000001
0.00024297600000000003
0.000246767
0.00024553200000000002
0.00032389100000000003
0.00033816
0.00024013700000000002
0.00024604100000000001
0.000278683
0.000240678
0.00024575900000000002
0.00024627900000000002
0.000269669
0.00024073200000000001
0.00024215200000000001
0.00031899400000000002
0.00024556400000000004
0.00024535900000000001
0.00024689800000000001
0.00024553200000000002
0.000276486
0.00025405800000000004
0.00023031100000000002
0.00024569400000000002
0.00022776500000000003
0.00023384300000000002
0.00022760200000000001
0.00022797100000000002
0.000253105
0.00022878300000000001
0.00023571700000000001
0.00022915200000000002
0.00023164300000000002
0.00023112300000000002
0.00024022400000000001
0.000232737
0.00023255400000000002
0.00025445900000000001
0.00023148100000000002
0.00023534900000000001
0.00026036400000000002
0.000229466
0.00022851200000000002
0.00022900000000000001
0.00030387600000000002
0.000230864
0.00020405
0.00023070100000000001
0.00025377599999999999
0.00023306300000000001
0.00022044100000000001
0.00017588300000000002
0.000205968
0.00028192400000000002
0.00039126500000000002
0.00027732900000000004
0.00026916
0.00028262600000000001
0.00036317400000000002
0.00027729600000000001
0.00025706900000000001
0.00032218000000000004
0.00032011000000000002
0.00034476800000000002
0.00025363600000000001
0.00025575900000000004
0.00021919600000000001
0.00024626699999999999
0.00020087600000000001
0.00022014900000000002
0.00020764700000000001
0.00021931500000000001
0.00021747300000000001
0.000224114
0.000224374
0.00022113500000000002
0.00026949
0.00022624800000000002
0.00022393000000000001
0.00023374500000000002
0.00023450400000000002
0.00022971500000000002
0.00023117800000000001
0.00023018100000000001
0.00024852199999999999
0.00022019300000000001
0.00024521800000000001
0.00022241400000000002
0.00023093900000000002
0.00024843599999999999
0.00021489500000000002
0.00023089600000000002
0.00022024600000000001
0.00019600100000000001
0.000176381
0.00019070400000000001
0.00020856800000000001
0.000202859
0.00021273900000000001
0.000172048
0.00023644200000000001
0.00023984400000000002
0.00023373500000000002
0.00022796000000000001
0.00021428800000000001
0.00023926000000000001
0.000240506
0.00023040800000000001
0.000229726
0.000229986
0.00023026800000000003
0.00020700800000000001
0.00022520800000000002
0.00022885900000000001
0.00059055900000000005
0.00025109000000000004
0.00023202200000000002
0.00034643600000000004
0.00059334399999999999
0.000328485
0.00028575700000000004
0.00022700700000000002
0.00025117600000000004
0.000221969
0.00022042000000000001
0.000219564
0.00021869700000000001
0.00021849100000000002
0.00022633500000000001
0.000171702
0.00017142000000000001
0.00017144100000000001
0.000178202
0.00019344500000000002
0.000172991
0.00017300100000000002
0.00017432300000000002
0.000175081
0.00018991300000000002
0.00022966000000000002
0.000172936
0.00022084300000000003
0.000220084
0.00022418000000000001
0.00024924800000000004
0.00022534900000000001
0.00022524000000000001
0.00022596700000000001
0.00022205600000000002
0.00022741900000000003
0.00018546
0.00017307800000000001
0.00017378200000000001
0.000175136
0.000196283
0.000176078
0.00017320700000000001
0.00017276300000000001
0.000172406
0.00020309700000000001
0.00017448600000000001
0.00022733200000000001
0.00019963000000000001
0.00017055300000000002
0.00017056300000000001
0.00017085600000000002
0.00022654700000000001
0.00020718100000000002
0.00020160200000000003
0.00020353100000000001
0.00020171000000000002
0.00020556700000000001
0.00020387700000000001
0.000191776
0.00018698800000000002
0.00020341100000000002
0.00019438600000000001
0.00020449500000000001
0.00019834100000000002
0.00018869900000000002
0.00020017100000000002
0.00019841700000000002
0.00020337800000000002
0.00021832900000000002
0.00018057400000000002
0.00017356500000000001
0.00021995400000000002
0.000230375
0.00024163200000000001
0.00064244200000000001
0.00018108300000000001
0.00017250300000000001
0.000171041
0.00017129000000000002
0.00017119200000000002
0.000171094
0.000171127
0.00020782000000000003
0.00017191800000000002
0.00019271900000000002
0.00017144100000000001
0.000172719
0.000174334
0.000173716
0.00017500600000000001
0.000175785
0.000176035
0.000173857
0.00017303400000000002
0.00017254600000000001
0.000171452
0.00017130000000000002
0.00018828800000000002
0.00017001100000000002
0.00016961100000000001
0.00016981600000000002
0.000169946
0.000170292
0.00017082300000000001
0.000172709
0.00021740800000000002
0.00017502700000000002
0.00017515800000000002
0.00017618600000000002
0.00019390000000000002
0.00018084500000000001
0.000218817
0.00018390000000000002
0.00019031400000000002
0.00017205900000000001
0.00017191800000000002
0.00017160300000000002
0.000171788
0.00018853700000000001
0.00017829900000000001
0.00017298000000000001
0.000211623
0.00022723400000000001
0.00022010600000000002
0.00022187200000000002
0.00017630600000000002
0.00020922900000000001
0.000173716
0.000172416
0.000171344
0.000171225
0.00017176600000000001
0.00019600100000000001
0.00017127800000000002
0.00017103000000000002
0.00017090000000000001
0.00017116000000000001
0.000172091
0.000173229
0.00017358600000000001
0.00017472400000000002
0.00017573100000000002
0.00017625100000000002
0.000172926
0.00019195
0.00017172300000000001
0.00017087800000000001
0.00017124600000000001
0.00020214400000000002
0.00017097600000000001
0.00017080200000000001
0.000188407
0.00021087600000000001
0.00017117100000000002
0.00022829600000000001
0.00023268400000000001
0.00017452900000000001
0.000175439
0.00017630600000000002
0.000175861
0.00017348900000000001
0.00017326100000000002
0.00017292500000000002
0.00017179900000000001
0.00046296200000000003
0.000268423
0.000268044
0.00025127400000000001
0.00019519900000000001
0.000188829
0.00017274100000000002
0.00017150700000000002
0.00022707100000000002
0.00022908700000000002
0.000239931
0.00023426500000000002
0.00023518600000000002
0.00019251200000000002
0.00017281800000000001
0.000171409
0.000171311
0.000171669
0.000190335
0.00017188500000000001
0.00017113800000000001
0.00017170100000000002
0.00017113800000000001
0.00017125800000000001
0.000243083
0.00023031100000000002
0.00021660700000000001
0.000175818
0.00017553600000000001
0.00017575300000000001
0.00017376000000000002
0.00021344300000000001
0.000176718
0.000171084
0.00019161300000000001
0.00017126700000000001
0.00020020500000000001
0.00018464800000000001
0.000171452
0.00017117100000000002
0.000171614
0.00017190700000000001
0.00017354300000000002
0.00017354300000000002
0.00017474600000000001
0.00021735400000000001
0.00019631600000000001
0.00017386800000000001
0.000172893
0.00017147400000000002
0.000171452
0.000170834
0.00017111600000000002
0.00018566600000000002
0.000171387
0.00017123600000000001
0.000171225
0.00017109500000000001
0.000191029
0.000173554
0.00017430100000000002
0.00017521100000000001
0.00017590500000000002
0.00017654400000000002
0.00017382500000000001
0.00018521100000000001
0.00018585000000000002
0.00022185000000000003
0.00017009800000000001
0.00017023900000000001
0.00019048700000000001
0.000170488
0.00017032500000000001
0.00017047700000000001
0.000170445
0.00017292500000000002
0.000173337
0.000173933
0.000174897
0.00017561200000000001
0.000175179
0.000172752
0.00017258900000000001
0.00018966400000000001
0.000170726
0.00017089900000000002
0.00019160300000000002
0.00019136400000000002
0.00017083500000000001
0.00036258900000000002
0.00029593499999999999
0.00021672600000000001
0.000219781
0.00021972700000000002
0.00022338800000000001
0.00022508900000000001
0.000252661
0.00017658700000000002
0.000173988
0.00017288200000000002
0.00017099700000000002
0.00017118100000000001
0.00017090000000000001
0.000171442
0.00018816900000000002
0.000176739
0.000170953
0.00017066100000000001
0.00017109500000000001
0.00029234900000000002
0.000230289
0.00023306200000000003
0.00023582500000000003
0.00023453600000000001
0.00023398400000000001
0.00024285600000000001
0.00025539000000000003
0.00023067900000000002
0.00022863200000000002
0.00021595700000000002
0.00023471000000000001
0.00023754800000000002
0.00022770000000000001
0.00023608500000000003
0.00022710400000000003
0.00022771000000000003
0.00022325800000000002
0.00023811200000000001
0.00021098400000000003
0.00021478600000000001
0.00021492700000000001
0.000198753
0.00019021500000000001
0.00021305300000000002
0.00021174200000000001
0.00020521000000000002
0.000196467
0.000171084
0.00020306500000000002
0.00022940100000000001
0.00019489600000000001
0.00021297800000000001
0.00019711700000000002
0.00023668100000000001
0.000259616
0.00021754900000000001
0.00024314900000000001
0.00021472100000000002
0.00023540300000000002
0.000214255
0.000213031
0.00021296700000000002
0.00020830800000000001
0.000173847
0.00017054200000000001
0.000201332
0.00026087199999999999
0.000184983
0.00017985900000000001
0.00019512300000000001
0.00020081100000000001
0.00019985800000000002
0.000224689
0.00020206800000000002
0.00022557600000000001
0.00020669300000000001
0.00020243600000000001
0.00025411300000000004
0.00025730800000000004
0.00022872900000000003
0.000227884
0.0002264
0.00022802500000000003
0.00029063200000000003
0.00022567400000000001
0.00022638900000000002
0.00022487200000000001
0.00022643300000000001
0.00022718
0.00022799300000000001
0.00026819600000000001
0.00025254100000000001
0.00022979100000000002
0.0002264
0.000241112
0.00024251000000000001
0.000240852
0.000232434
0.00022527300000000001
0.00022541400000000001
0.00023364700000000002
0.00025476300000000003
0.00023554400000000002
0.00023496900000000002
0.00023130700000000001
0.00023438400000000002
0.00023287900000000002
0.000253191
0.00023707100000000002
0.00023759100000000002
0.000258521
0.00025074299999999999
0.00024371200000000001
0.00023611700000000002
0.00025343500000000004
0.00021921700000000001
0.00021927200000000001
0.00021810200000000002
0.0002186
0.00021617300000000001
0.00021740800000000002
0.000174291
0.00017337
0.00019736600000000001
0.000175157
0.00021423400000000002
0.00019282700000000002
0.00017386800000000001
0.00017338000000000002
0.00017277400000000002
0.000171106
0.00017144100000000001
0.00017155000000000002
0.00017094300000000001
0.000171344
0.00019128800000000002
0.00017107300000000002
0.00017119200000000002
0.00017182000000000002
0.00017304500000000001
0.000188493
0.000174539
0.00017506000000000002
0.00017575300000000001
0.00017312100000000001
0.00019258800000000002
0.000171182
0.000198481
0.00019513500000000001
0.00017163600000000002
0.00017153900000000001
0.00017144100000000001
0.00017135500000000002
0.00017165800000000002
0.000190986
0.00018530800000000002
0.00017359800000000001
0.000239454
0.00029547000000000004
0.00027885600000000001
0.00030773300000000003
0.00020061600000000001
0.00022398400000000002
0.000224374
0.00023127500000000002
0.00021904400000000003
0.000234331
0.00022285700000000002
0.000222186
0.000221926
0.00022493800000000002
0.00022544600000000002
0.00022869700000000001
0.00023692
0.00028120700000000001
0.00022787400000000001
0.000226042
0.00022738600000000002
0.00022575000000000001
0.00022459100000000001
0.00022321500000000002
0.00022406000000000002
0.00023070100000000001
0.000255911
0.00022296600000000001
0.000223551
0.00022204500000000001
0.00022362600000000002
0.00022513200000000001
0.00023249900000000002
0.0002264
0.000233453
0.000251339
0.00022841500000000001
0.000227278
0.000225295
0.000225381
0.00022365900000000002
0.00022300900000000001
0.00022245700000000001
0.00022299800000000002
0.00026007
0.00024372300000000002
0.00022309600000000002
0.00022322600000000001
0.00022565200000000001
0.00022676800000000002
0.00022752700000000002
0.00023088500000000001
0.00023446100000000002
0.00024711399999999999
0.00019963000000000001
0.00022631300000000001
0.000209738
0.000172719
0.00021449400000000002
0.00019911000000000001
0.00019535100000000002
0.00024119900000000002
0.00020176500000000002
0.00021730000000000002
0.00023046200000000002
0.00017150700000000002
0.00018462600000000002
0.000195286
0.00018118100000000001
0.00018230700000000001
0.00023604200000000003
0.00020483100000000002
0.0002299
0.00023926000000000001
0.00021695300000000001
0.00049105300000000008
0.00023072200000000002
0.00023209800000000003
0.000232229
0.00024343000000000002
0.00023775400000000001
0.000253701
0.00023447100000000001
0.00023167600000000002
0.00024412400000000002
0.00023095
0.00024946400000000002
0.00023836000000000002
0.000237266
0.00024097100000000001
0.00025300700000000003
0.00024075400000000001
0.00023394000000000003
0.000232131
0.00023235900000000002
0.00024944300000000002
0.00021838300000000003
0.00023378800000000002
0.00020698600000000001
0.00026074300000000002
0.00023895600000000002
0.00023350700000000001
0.00022806800000000003
0.00023622600000000002
0.00019766900000000001
0.000222272
0.00021990000000000001
0.00017927400000000002
0.00017172300000000001
0.00019168900000000001
0.00017118100000000001
0.00017096400000000001
0.00017150600000000001
0.00017140800000000001
0.000186684
0.00019768000000000002
0.000171669
0.000172547
0.00017330500000000001
0.00017483200000000001
0.000179805
0.00019511200000000003
0.00017619700000000001
0.00017651100000000002
0.00017276300000000001
0.00017276300000000001
0.00017273000000000001
0.00017142000000000001
0.00018683500000000002
0.00017428000000000002
0.00017098700000000002
0.00017113800000000001
0.000172926
0.00019916400000000002
0.000205849
0.000176305
0.00017388900000000002
0.00020155800000000001
0.00020291300000000001
0.00017573100000000002
0.00017650100000000002
0.00017316400000000001
0.00017121400000000002
0.00017084500000000001
0.00017088900000000002
0.00018970600000000002
0.00017118100000000001
0.000175601
0.00017127900000000001
0.00017112800000000002
0.00017307700000000002
0.00017309900000000002
0.00017273000000000001
0.00017380300000000002
0.00017484300000000002
0.00017588300000000002
0.00028512300000000003
0.00031148699999999999
0.00029269300000000001
0.00030754300000000002
0.00031483200000000002
0.000225858
0.00024886900000000003
0.00023754700000000001
0.00022024600000000001
0.00022516500000000002
0.000221005
0.00021863300000000001
0.000219564
0.00024294300000000002
0.00022631300000000001
0.00022482900000000001
0.00025020200000000004
0.00018078000000000001
0.00022759200000000001
0.00023516500000000002
0.000250158
0.000242737
0.00023812200000000001
0.00026253000000000002
0.00024328900000000002
0.00024012600000000001
0.00023376700000000001
0.00023372300000000003
0.00022606400000000002
0.00025478400000000003
0.00022897800000000002
0.00024882600000000001
0.00025432900000000002
0.000231308
0.00023359300000000001
0.00024990900000000004
0.00023333300000000001
0.00023294400000000001
0.000235543
0.00023220700000000001
0.00024063600000000002
0.00023296600000000001
0.00021300900000000001
0.00017103000000000002
0.00017062800000000001
0.00018563300000000002
0.00022855600000000001
0.00023043
0.00023180600000000001
0.00023254200000000002
0.00023344200000000002
0.00028054600000000001
0.00028268100000000001
0.00018645700000000001
0.00021629200000000001
0.00020329200000000002
0.000205622
0.00022580500000000001
0.00021574000000000002
0.00021796000000000001
0.00021613000000000001
0.00020765800000000002
0.00022446100000000002
0.00021818900000000001
0.00020853600000000002
0.000246529
0.00024331100000000002
0.00023728800000000002
0.00024292100000000003
0.00026873700000000001
0.00025190200000000003
0.00050906500000000006
0.00026365700000000004
0.00023412400000000002
0.00023347500000000002
0.00023450400000000002
0.000234157
0.00023373400000000001
0.00023455800000000003
0.00024060300000000001
0.000258597
0.00023629100000000002
0.00023641100000000001
0.00023633500000000001
0.00025911800000000002
0.000246973
0.000232272
0.00024075400000000001
0.00022627000000000001
0.00019257700000000001
0.00017129000000000002
0.000171041
0.000171008
0.000171106
0.00017187500000000002
0.00017123500000000002
0.00017147400000000002
0.00017216700000000001
0.00017337
0.000173337
0.00017461600000000002
0.000193921
0.00017780000000000001
0.00017304500000000001
0.00017274200000000001
0.00017181000000000002
0.00018433300000000001
0.00017104000000000002
0.00017116000000000001
0.00017103000000000002
0.00017096400000000001
0.000171127
0.000171669
0.000171409
0.00020110400000000002
0.000220344
0.00022016000000000001
0.00024884700000000001
0.00022100400000000001
0.00019876400000000001
0.00017248100000000002
0.00017208000000000002
0.00017207
0.00017073700000000002
0.000170834
0.00019148300000000002
0.00017085600000000002
0.00017068300000000001
0.00020465700000000002
0.00017106200000000001
0.00017075800000000002
0.000171788
0.00017307700000000002
0.00019341200000000001
0.00017418200000000002
0.00017488600000000002
0.000175525
0.000192513
0.000171387
0.00017101900000000001
0.00017062900000000002
0.000170163
0.000170564
0.00017040100000000001
0.000170564
0.00017087800000000001
0.00017075800000000002
0.00017083500000000001
0.00017195000000000001
0.00019185200000000001
0.00019978200000000002
0.00017457200000000001
0.00017502700000000002
0.000175038
0.00017248100000000002
0.00017191800000000002
0.00022360500000000001
0.00076038700000000006
0.00028558400000000002
0.00023835000000000002
0.00024024500000000001
0.000332916
0.00024184900000000001
0.00021853500000000001
0.00021907600000000001
0.00022285800000000001
0.00028121800000000002
0.00021875200000000001
0.000224775
0.000175732
0.00017615400000000001
0.000173012
0.00019278400000000002
0.00022177400000000002
0.00021531700000000003
0.00021827400000000002
0.00021797200000000001
0.00021810200000000002
0.00019208000000000002
0.00017229700000000002
0.00017185300000000002
0.00017203700000000002
0.00017287100000000001
0.00019503700000000001
0.000174518
0.00017534200000000002
0.00020318400000000003
0.000176133
0.000176825
0.00021936900000000002
0.00019023800000000002
0.000171571
0.00020720300000000001
0.000235338
0.00023179500000000003
0.000223453
0.00022472
0.00020628200000000001
0.000241599
0.000235684
0.00026191300000000001
0.00023835000000000002
0.00023295500000000002
0.00023541300000000002
0.00026180400000000003
0.000240549
0.00023223900000000002
0.00025551000000000003
0.00025796900000000004
0.00025546600000000004
0.00023071100000000001
0.00023118800000000001
0.00023508900000000001
0.000236161
0.000241859
0.00023521900000000003
0.00023602100000000002
0.00023675700000000001
0.00026021099999999999
0.00023577100000000002
0.00028962500000000001
0.00023218500000000001
0.00022782000000000002
0.00023131900000000001
0.00022809000000000002
0.00022686600000000002
0.000226357
0.00023537000000000002
0.00025911700000000001
0.00047890400000000005
0.00026478300000000004
0.00028374300000000004
0.00045695400000000003
0.00029532400000000002
0.00021905500000000001
0.000258955
0.00020948900000000001
0.00018510300000000002
0.00021917400000000001
0.00022281400000000003
0.00022009500000000001
0.00021914200000000002
0.00021813400000000001
0.00024737400000000002
0.00023456900000000001
0.00017628400000000002
0.000195102
0.000206856
0.00019899100000000001
0.00022303000000000001
0.00022494800000000002
0.00022723400000000001
0.00021455900000000002
0.00023785600000000002
0.00017819100000000002
0.000176393
0.000173814
0.00018705300000000001
0.00018003300000000002
0.00017594800000000002
0.00020471100000000003
0.000208211
0.00019035600000000001
0.00025933500000000002
0.00021787400000000001
0.00021270600000000001
0.00022666
0.00019718200000000001
0.00017559000000000002
0.00021655200000000001
0.00020341100000000002
0.00020119100000000001
0.00019889300000000001
0.00025419400000000001
0.000172936
0.00018674900000000002
0.00020945600000000001
0.000196467
0.00019682400000000001
0.000195448
0.00021628200000000001
0.00020986800000000002
0.00023326800000000002
0.00024023500000000002
0.00023550000000000001
0.00027008000000000002
0.00023925900000000002
0.00024595500000000001
0.00024078700000000001
0.00024707100000000002
0.000315333
0.00023759100000000002
0.000236161
0.00024148000000000003
0.00023013800000000001
0.00022890200000000001
0.00022989900000000002
0.00023063600000000002
0.00023908600000000001
0.000257168
0.00023914100000000001
0.00023404900000000001
0.00024161100000000003
0.00050598199999999998
0.000235338
0.00023537000000000002
0.00024698299999999999
0.00024065700000000002
0.00023580400000000002
0.000235944
0.00023437300000000001
0.000249996
0.00025375500000000004
0.00023572800000000002
0.00023298600000000002
0.00023486100000000003
0.00028787000000000002
0.00022833900000000001
0.00017243800000000002
0.00017274200000000001
0.00017412800000000001
0.00019443000000000002
0.00017572
0.00017620800000000002
0.00021045300000000001
0.00020994400000000002
0.00019465800000000001
0.00017160400000000001
0.00020756000000000003
0.00021554500000000001
0.00021712600000000002
0.00020751700000000003
0.000217896
0.00021747300000000001
0.00021784200000000002
0.000230387
0.00024958900000000004
0.00021761400000000001
0.00023675700000000001
0.00023296500000000002
0.00022055000000000002
0.00023006200000000001
0.00025700500000000004
0.00017905800000000001
0.00017160400000000001
0.000191874
0.00020614100000000002
0.00017164800000000002
0.00017129000000000002
0.00021347600000000001
0.00019397500000000001
0.00017170100000000002
0.000172275
0.000227526
0.00018888300000000001
0.00017496200000000002
0.00019772300000000002
0.0001761
0.00017392200000000002
0.00017284900000000001
0.00017161500000000002
0.00017088800000000001
0.00017098700000000002
0.00022884900000000002
0.00017120300000000001
0.00017117
0.00017124600000000001
0.00017106200000000001
0.00019114700000000002
0.00017259
0.00017338100000000001
0.00018861300000000002
0.00017544900000000002
0.00017565500000000001
0.000175613
0.00017369500000000002
0.00017400900000000001
0.00017309900000000002
0.000171106
0.000171149
0.00019014000000000002
0.00017131200000000002
0.00017092100000000001
0.00017117
0.000171008
0.000194365
0.00029608100000000001
0.00024866300000000004
0.00023164400000000001
0.00022940100000000001
0.000251718
0.00023918400000000001
0.00026205299999999999
0.00025085100000000001
0.000260201
0.000222186
0.00024402600000000002
0.00020440800000000003
0.00017841800000000001
0.00021524200000000001
0.00023061500000000001
0.00022875100000000002
0.00023946500000000001
0.00022686600000000002
0.00025756300000000004
0.00017589400000000001
0.000175515
0.00017549300000000001
0.00017615400000000001
0.00017358600000000001
0.00017262200000000002
0.00017287200000000002
0.00017410600000000002
0.00017189700000000001
0.00019267500000000001
0.000171583
0.00017068300000000001
0.00017119200000000002
0.000170531
0.000171182
0.00017208100000000001
0.00017266500000000001
0.00022615100000000001
0.00018286000000000002
0.00025243300000000004
0.00017624100000000002
0.00017983700000000002
0.000172449
0.000171106
0.00017119200000000002
0.000219824
0.00018027000000000001
0.00017133300000000002
0.00019283700000000001
0.00017179900000000001
0.000171084
0.000170922
0.00017264400000000001
0.000192599
0.000174031
0.00017474600000000001
0.000175038
0.00022427700000000002
0.00022849100000000002
0.00024010400000000002
0.00025163099999999999
0.00023277000000000001
0.00023390800000000001
0.000283634
0.00023922700000000001
0.00023812200000000001
0.00024566200000000001
0.00023878200000000002
0.00023933500000000003
0.00024519599999999999
0.00028330900000000003
0.000240907
0.00024275800000000001
0.00023859900000000001
0.00023284600000000001
0.000200757
0.00020679100000000001
0.00021832900000000002
0.00023619400000000001
0.000221525
0.00023442800000000001
0.00019564300000000001
0.000233095
0.00025962100000000003
0.00039238400000000002
0.00033196200000000004
0.00034289300000000004
0.00022435300000000003
0.00021571800000000002
0.00025337500000000002
0.000230387
0.00019550200000000001
0.000255488
0.000181311
0.00017293700000000001
0.00020992000000000002
0.00017055300000000002
0.00017346700000000001
0.00023868600000000003
0.00023201200000000003
0.000251415
0.00023522900000000002
0.00023584700000000002
0.00026891100000000004
0.00023508900000000001
0.00024874900000000004
0.00023784000000000001
0.00024252
0.00024077600000000003
0.000236259
0.00023961700000000002
0.00023961700000000002
0.000261165
0.00023605300000000001
0.00023899900000000002
0.000234016
0.00023621500000000001
0.00023556600000000001
0.00025423200000000001
0.00024163200000000001
0.00024258500000000002
0.00025751400000000003
0.00024257400000000001
0.000247352
0.000243398
0.00023868500000000001
0.000273288
0.00024650700000000003
0.00026027600000000004
0.000237743
0.00026466400000000001
0.00023646500000000002
0.00024681000000000003
0.00024025600000000003
0.00023168600000000002
0.00022408200000000001
0.00022129800000000001
0.00022242400000000001
0.00023695200000000002
0.000256214
0.00024806700000000004
0.00023877200000000002
0.00025521700000000002
0.00023453600000000001
0.00024110100000000002
0.00024684300000000001
0.00024673500000000004
0.00024095
0.00024922600000000002
0.00024587799999999999
0.00024746000000000002
0.000466207
0.00023052700000000001
0.00018080200000000001
0.000171843
0.00017300100000000002
0.00017377000000000001
0.00019136400000000002
0.00017619700000000001
0.00020726800000000001
0.00017372700000000001
0.00019776700000000001
0.00017115900000000002
0.00017102900000000001
0.00017098600000000001
0.00017103000000000002
0.00017129000000000002
0.00017153900000000001
0.00017183200000000002
0.00017136500000000001
0.00017109500000000001
0.00017256800000000001
0.00019350900000000002
0.00017430100000000002
0.00017546
0.00017535200000000001
0.00017547100000000001
0.00019237200000000001
0.00021980200000000001
0.000177021
0.00019904500000000002
0.00023001800000000002
0.00020698600000000001
0.00019216600000000002
0.00017160400000000001
0.00017132200000000001
0.00017116000000000001
0.00017131200000000002
0.000179512
0.00017591500000000001
0.000219423
0.00019857900000000002
0.00017617500000000001
0.00017631600000000001
0.000173814
0.00021331900000000001
0.00019204700000000001
0.00018593700000000001
0.00017117
0.00017090000000000001
0.00017097500000000002
0.00017094300000000001
0.00018419200000000001
0.000190812
0.000171702
0.00019378
0.00017347800000000002
0.000174279
0.00017500500000000002
0.00017561200000000001
0.00017615400000000001
0.00017303400000000002
0.00017317500000000002
0.000172394
0.00017118100000000001
0.00017106200000000001
0.000171669
0.000171366
0.00023786200000000001
0.00020725700000000002
0.000206011
0.00020826500000000001
0.00021718100000000002
0.00017348900000000001
0.000202425
0.00017545000000000001
0.000234016
0.00022322600000000001
0.00020346600000000002
0.000172893
0.00017158200000000001
0.000171452
0.00017068300000000001
0.00017096400000000001
0.00017127900000000001
0.00017130000000000002
0.00017106200000000001
0.00019271900000000002
0.00017160400000000001
0.00019183000000000001
0.00054232300000000005
0.00043721600000000004
0.00026033000000000002
0.000318404
0.00026274100000000004
0.00023032100000000002
0.00022879500000000001
0.00022881600000000001
0.00023515300000000002
0.00022695300000000001
0.00023426500000000002
0.00022627000000000001
0.00026857500000000001
0.00025671299999999999
0.000228242
0.000251566
0.00022581500000000001
0.00024733000000000003
0.000275281
0.00023461200000000001
0.00025516300000000004
0.00024140400000000002
0.00025592200000000001
0.00023144900000000003
0.000254221
0.00023024500000000002
0.00025872800000000001
0.00022971500000000002
0.00022978000000000001
0.00022832800000000003
0.00023435200000000001
0.00029499800000000004
0.00022769000000000001
0.00023105800000000002
0.000245066
0.00025879200000000004
0.00025019000000000002
0.00025717900000000001
0.00023531600000000001
0.00024020200000000002
0.00025587800000000002
0.00023391900000000002
0.00025842399999999999
0.000231036
0.00025704800000000001
0.00022917300000000002
0.00025102499999999999
0.00023007300000000002
0.00025729700000000003
0.000232575
0.00024135000000000001
0.00025608400000000001
0.00023534900000000001
0.000236259
0.00024508800000000002
0.000293102
0.00024280200000000002
0.000260363
0.00023584700000000002
0.00025477300000000002
0.00022934600000000001
0.00023034300000000001
0.00025874900000000001
0.000229325
0.00023304100000000002
0.00024098200000000002
0.00077023
0.00019312000000000002
0.00017262200000000002
0.00023511000000000002
0.00017985900000000001
0.00022835000000000002
0.00029366600000000004
0.00022020500000000001
0.00021846500000000002
0.00021738500000000001
0.00022239500000000001
0.00021740500000000002
0.00021674500000000001
0.00021710500000000002
0.00024931600000000002
0.00021586500000000001
0.00021352500000000003
0.000213964
0.000161974
0.000196164
0.00018432400000000001
0.00020958400000000002
0.00021521500000000002
0.000231976
0.00019671400000000001
0.00020018500000000002
0.00024909500000000001
0.00020065500000000002
0.00020214400000000002
0.00045374600000000004
0.00021546400000000001
0.00020463400000000001
0.00020440500000000001
0.00020282400000000002
0.00020465500000000001
0.00020981500000000002
0.00021205400000000001
0.00018227400000000001
0.00016227300000000002
0.00016205400000000002
0.00016039400000000001
0.00017589300000000002
0.00015936300000000001
0.00015833400000000002
0.000158183
0.00018467400000000001
0.00020930500000000002
0.00021004500000000001
0.00027425300000000002
0.00028668700000000004
0.000305789
0.00021699500000000002
0.00022396500000000001
0.00021843500000000001
0.00023069600000000002
0.00021753400000000002
0.00021794400000000003
0.00021992500000000002
0.00020886
0.000178894
0.00017906400000000002
0.00020944500000000003
0.00020962500000000001
0.000176374
0.000209774
0.00020806400000000002
0.00025893600000000003
0.00020497500000000001
0.000238485
0.00021133500000000002
0.000162244
0.00016175300000000002
0.00016237400000000001
0.00017944400000000001
0.000176064
0.00019067400000000002
0.00018582400000000002
0.00018923400000000001
0.00022610500000000002
0.00020919500000000002
0.00018336400000000002
0.000158593
0.00015780400000000002
0.000158283
0.000158684
0.00021653500000000001
0.00021502500000000001
0.000240425
0.00022568500000000002
0.00022694500000000002
0.00022711600000000003
0.00024399500000000002
0.00022303500000000001
0.00022003500000000002
0.00016783400000000001
0.00015806300000000001
0.00015778400000000001
0.00017639400000000002
0.00015799400000000001
0.000162373
0.00022547500000000002
0.00022942500000000001
0.00022722600000000002
0.00026091500000000002
0.00022227500000000002
0.000215164
0.00024386600000000003
0.00023886500000000002
0.000223885
0.000219905
0.00021476500000000001
0.00022987500000000002
0.00021895500000000001
0.00022004500000000001
0.00023305600000000001
0.00023212700000000002
0.00023060500000000002
0.00025045600000000003
0.000252475
0.000362522
0.00024328500000000001
0.00022254500000000002
0.00021610500000000002
0.00021700500000000001
0.000180144
0.00018084400000000002
0.00015999300000000001
0.00015990400000000002
0.000158424
0.00018034400000000001
0.00021002400000000001
0.000208075
0.00020850500000000002
0.00021073400000000002
0.000208514
0.00017209400000000002
0.00015908400000000001
0.00023026500000000001
0.00017394400000000001
0.00021312500000000002
0.00016273400000000002
0.00021838400000000002
0.00021203400000000002
0.00021113500000000002
0.00021190500000000003
0.000204324
0.00020768500000000001
0.00020538500000000001
0.00020545400000000002
0.00022167500000000001
0.00016479400000000001
0.00017545400000000002
0.00015796400000000002
0.00015946300000000001
0.00015997400000000001
0.00017884400000000002
0.00017269400000000001
0.000162213
0.00016273400000000002
0.00016013400000000001
0.000159753
0.00017782400000000001
0.00015799400000000001
0.00015784300000000001
0.000157734
0.00015828400000000002
0.000190664
0.00015803300000000002
0.00015809400000000001
0.00017185400000000001
0.00015889300000000001
0.00015985400000000002
0.00016126400000000002
0.000178884
0.000162423
0.00016290400000000001
0.00016091400000000001
0.00015967300000000001
0.000224825
0.000202165
0.00026912100000000004
0.00021462500000000003
0.00023573500000000002
0.00021426500000000002
0.00023389500000000002
0.00021911500000000001
0.00023070500000000002
0.00021712500000000001
0.00022045500000000002
0.00023370500000000001
0.00021804500000000002
0.00023897600000000001
0.00021787500000000002
0.00024038500000000002
0.00024641600000000001
0.00021565400000000002
0.00022075400000000001
0.000238905
0.000213835
0.00021380500000000002
0.00023376500000000001
0.00021134500000000002
0.00023114500000000001
0.00021438500000000002
0.00023468500000000002
0.000223155
0.00023637500000000001
0.00022481500000000001
0.00023535600000000001
0.00021846500000000002
0.00024456500000000003
0.00022805500000000001
0.00021474500000000002
0.00026847600000000002
0.00020903500000000002
0.000228855
0.00020794500000000002
0.000209335
0.000208624
0.00020826500000000001
0.00017656400000000001
0.00017704400000000001
0.000172244
0.00020820500000000002
0.00017028400000000001
0.00019479400000000001
0.00017997400000000001
0.00016123400000000001
0.00020895400000000002
0.00016047400000000002
0.000178254
0.00017102400000000001
0.000175064
0.00015768300000000001
0.00015777400000000001
0.000157653
0.00015780400000000002
0.000157954
0.000158503
0.00016003400000000001
0.00016024300000000002
0.00016138400000000001
0.00016215400000000002
0.000162213
0.00017770400000000002
0.000159634
0.00015885300000000001
0.00015775400000000002
0.00015817300000000001
0.000158064
0.00018347400000000001
0.00019065400000000001
0.00017224300000000001
0.000158054
0.00015789300000000001
0.00019525400000000001
0.00022921500000000001
0.00020720500000000002
0.00017413400000000002
0.00019953400000000002
0.00017092400000000001
0.00016038400000000001
0.00016041300000000001
0.00015940400000000001
0.00015772300000000002
0.000171194
0.00019186500000000002
0.00018015400000000002
0.00019052400000000002
0.00019799500000000002
0.00015937300000000001
0.00019895500000000001
0.00015914300000000002
0.00015969400000000002
0.00016068300000000001
0.00016165400000000001
0.00016200400000000002
0.000162063
0.00016073400000000002
0.00017704400000000001
0.00015803400000000001
0.00015800300000000001
0.000157684
0.00015795300000000001
0.000157904
0.00015763300000000001
0.000157854
0.00015773300000000002
0.00015767400000000001
0.00015936300000000001
0.00016028400000000001
0.00019650400000000001
0.00016203300000000001
0.00019838500000000001
0.000196374
0.000173334
0.000160724
0.00015921300000000001
0.00019332500000000002
0.000166553
0.000158214
0.00019538400000000003
0.00017488400000000001
0.00017206400000000001
0.00020103500000000002
0.000160163
0.00015895400000000002
0.00015946300000000001
0.00016020300000000001
0.000161564
0.000162063
0.00016230400000000002
0.00016028400000000001
0.000159543
0.00020497500000000001
0.00015763300000000001
0.00015751400000000001
0.00015752300000000002
0.00015777400000000001
0.00015776400000000002
0.00015775300000000001
0.00015723400000000002
0.00015796300000000001
0.00015888400000000001
0.00015974300000000001
0.00017696400000000002
0.00017952400000000002
0.000162344
0.000162194
0.00016041300000000001
0.00015944400000000001
0.00015773300000000002
0.00016749400000000002
0.000181094
0.00015818400000000002
0.00015769300000000001
0.00015793400000000001
0.00019002400000000001
0.00017482400000000002
0.00015791400000000002
0.000159273
0.00015984400000000002
0.00016048400000000002
0.00016162300000000001
0.00016252400000000002
0.000162134
0.00028211100000000004
0.000513062
0.00030972400000000005
0.00025568900000000002
0.00021033400000000001
0.00020905500000000001
0.00020777500000000002
0.00020701400000000002
0.00021789500000000001
0.00020732500000000001
0.00020834500000000003
0.000229485
0.00020984400000000002
0.00021140400000000002
0.00021199500000000001
0.00021162500000000001
0.00021181500000000002
0.000222525
0.000165093
0.00018924500000000002
0.000204744
0.000177994
0.00019850500000000002
0.00018022400000000001
0.00017987400000000001
0.00020686500000000001
0.000218075
0.00020981400000000001
0.00020467400000000001
0.00020816500000000001
0.00023802500000000003
0.00021279500000000003
0.000195875
0.00022059500000000003
0.00021035400000000003
0.00021232500000000002
0.000215665
0.000210275
0.00021003500000000002
0.00020954400000000001
0.00027180100000000001
0.00023496500000000001
0.00026713600000000001
0.00024028500000000002
0.00025613600000000002
0.00025822600000000002
0.00028521600000000003
0.00023918500000000002
0.00023873500000000001
0.00024083500000000001
0.00024214600000000002
0.00023907500000000002
0.00024651600000000001
0.00023522500000000001
0.00027203600000000002
0.00023753600000000002
0.00026197600000000003
0.00029369600000000003
0.000238626
0.000231945
0.00023323500000000001
0.00023551600000000001
0.00026953600000000002
0.00026501600000000003
0.00022694500000000002
0.00049599600000000007
0.00021380500000000002
0.00021405500000000002
0.00021220500000000001
0.00021628400000000002
0.000194935
0.00016751400000000001
0.00018002400000000001
0.00015769300000000001
0.000157634
0.00015810300000000001
0.000157844
0.00015783300000000002
0.00017343400000000001
0.00015907400000000002
0.000159884
0.00022985400000000001
0.000217364
0.00021954500000000003
0.000219645
0.00019046500000000001
0.000159333
0.00015783400000000001
0.00018460400000000002
0.000202735
0.00023941500000000001
0.00022630600000000001
0.000210604
0.000213515
0.00022933500000000003
0.00021113500000000002
0.00021059500000000003
0.00021180500000000002
0.00021718400000000001
0.00024978200000000004
0.00023715500000000002
0.00025168599999999999
0.000234035
0.00023329600000000002
0.00023313500000000001
0.00023263500000000002
0.00023984600000000002
0.00021754400000000002
0.00025266600000000002
0.000297857
0.00025411600000000003
0.00025222500000000002
0.00033288800000000004
0.00020437400000000001
0.00019991400000000001
0.000198335
0.000199204
0.00021411500000000002
0.00028374600000000003
0.00040352900000000002
0.00020919500000000002
0.00025038600000000001
0.00023893500000000002
0.00020103500000000002
0.00022182500000000001
0.00020625400000000001
0.00018915500000000001
0.000188044
0.00018901400000000002
0.00021641500000000002
0.00024908600000000003
0.000206734
0.00019324400000000002
0.000193394
0.000198865
0.00067101500000000007
0.00020698500000000002
0.00023293500000000001
0.00024218500000000001
0.00025901600000000004
0.00034139800000000003
0.00024741300000000004
0.000214644
0.00021232500000000002
0.000212475
0.000214775
0.000214615
0.00023903500000000002
0.000250781
0.00019926400000000002
0.00020143500000000003
0.00020122400000000001
0.00020151500000000001
0.00020915400000000002
0.00019850500000000002
0.00019770400000000002
0.00019782500000000002
0.00021894500000000001
0.00020513400000000002
0.00019862500000000002
0.00019880400000000002
0.000198605
0.00019870400000000001
0.00022099500000000001
0.00020094500000000001
0.00020133400000000001
0.00020240500000000001
0.000222315
0.00020944500000000003
0.000204014
0.00020162500000000001
0.00021044500000000002
0.00020604400000000001
0.00019883500000000002
0.00021677500000000002
0.00019953400000000002
0.00022043500000000003
0.00020628500000000001
0.00019865400000000001
0.000198545
0.00019921400000000002
0.00020102500000000002
0.00020162400000000002
0.00020248500000000002
0.00020302500000000002
0.00020382400000000002
0.000223885
0.00020742500000000001
0.000200454
0.00021022400000000001
0.00019962500000000001
0.00019912400000000001
0.00019918500000000003
0.00020334400000000002
0.00023508600000000002
0.00022781500000000003
0.00021036400000000002
0.00022142400000000001
0.00021682400000000001
0.00021630500000000002
0.00021442500000000002
0.000213515
0.00021562500000000002
0.00021939500000000002
0.00022046500000000001
0.00044540000000000004
0.00068682500000000007
0.000203995
0.00022761500000000002
0.000203384
0.00028474700000000002
0.00021630500000000002
0.000216815
0.00023652500000000002
0.00020968500000000001
0.00021863500000000001
0.000211115
0.00022596500000000001
0.00023291500000000002
0.00022003500000000002
0.000206715
0.00021053400000000001
0.000218075
0.000205045
0.00021129500000000002
0.00020665400000000002
0.00020138500000000002
0.00022375500000000002
0.00020303500000000001
0.00020486400000000002
0.000205045
0.00020728500000000001
0.000236345
0.00021432500000000002
0.00019852400000000003
0.00016149400000000001
0.00016574300000000002
0.000193885
0.00016065300000000002
0.00019717500000000001
0.00020346400000000002
0.00018633400000000002
0.000157343
0.00017610400000000001
0.00015787400000000001
0.00016293300000000001
0.00019257500000000001
0.00020997400000000001
0.00018013400000000001
0.000166164
0.00015890400000000002
0.00016000300000000001
0.00016127400000000001
0.00016170400000000001
0.000161583
0.000178474
0.000159154
0.00015882300000000002
0.00018873500000000001
0.00016311300000000002
0.00015688400000000001
0.000156973
0.00015703400000000001
0.00015712300000000001
0.00015714400000000001
0.00015728400000000002
0.000157763
0.00017576400000000002
0.000159884
0.00016089300000000001
0.00016148400000000001
0.000161564
0.00015951300000000002
0.00015877400000000001
0.00016579300000000002
0.00017886400000000001
0.00015740400000000001
0.000157374
0.000171263
0.00018845500000000002
0.00020934500000000002
0.00015845300000000002
0.00015775400000000002
0.00015902400000000001
0.00015973300000000001
0.00016068400000000002
0.00016157300000000001
0.00016189400000000002
0.00021907500000000003
0.00022593500000000002
0.00017630400000000001
0.00020088500000000001
0.00016888300000000002
0.000157484
0.00015777400000000001
0.00015762300000000002
0.00015724400000000001
0.00015759300000000001
0.00015739400000000002
0.00015796300000000001
0.00015818400000000002
0.00023466000000000001
0.00016048400000000002
0.000161693
0.000162134
0.000162094
0.00016004300000000001
0.000158834
0.000158443
0.00015776400000000002
0.00015779300000000001
0.00017633400000000002
0.000157904
0.00017640400000000001
0.00015819300000000002
0.00019215500000000001
0.00020133400000000001
0.00016403400000000002
0.00016012400000000001
0.00016052300000000001
0.000161044
0.00016180400000000001
0.000162833
0.00020758500000000001
0.00015971300000000002
0.00015817400000000002
0.000158064
0.00016653300000000001
0.00018805500000000001
0.00015840300000000002
0.00015802400000000002
0.00015822300000000001
0.00016241400000000002
0.00015809300000000002
0.00015940400000000001
0.000177744
0.00018724400000000001
0.00016325400000000002
0.000162294
0.00016228300000000002
0.00016027400000000002
0.00015976300000000002
0.00015902400000000001
0.000158064
0.000158073
0.00015783400000000001
0.000188944
0.00017541400000000001
0.00015832300000000001
0.00015828400000000002
0.000158324
0.000159273
0.00016012400000000001
0.000160113
0.000161244
0.000161984
0.00016627300000000001
0.00019249500000000002
0.000160843
0.00017650400000000002
0.00015801400000000002
0.00015796300000000001
0.00015798400000000001
0.00015815300000000002
0.00015801300000000001
0.000158424
0.00015796300000000001
0.00015787400000000001
0.000187994
0.00015996400000000002
0.000160283
0.00017824400000000001
0.00016181400000000001
0.00016224300000000001
0.00015961400000000001
0.00015955400000000001
0.00015919300000000002
0.00015802400000000002
0.00015780300000000001
0.000158324
0.00015811300000000001
0.00021636500000000002
0.00024484600000000001
0.000228755
0.000184854
0.00022261500000000001
0.00021087500000000002
0.000213725
0.00024706500000000003
0.00021431500000000002
0.00021601500000000001
0.00021230500000000001
0.00025219700000000001
0.000326037
0.00018076400000000001
0.00015896400000000002
0.000160533
0.00016053400000000002
0.00016818400000000001
0.00022177500000000001
0.000194854
0.00020736500000000002
0.000223725
0.00022240500000000001
0.00029001600000000004
0.00034988800000000002
0.00022515500000000002
0.00022656600000000001
0.00024031500000000001
0.00027561600000000001
0.00025924600000000003
0.00022317500000000002
0.00022348500000000002
0.00022148500000000002
0.00022314500000000001
0.00022170500000000002
0.00022190500000000002
0.00024209600000000002
0.00023297500000000001
0.00022455500000000001
0.00026225599999999999
0.000227185
0.00022679500000000001
0.00022790600000000002
0.000330957
0.00024588600000000001
0.00019539400000000002
0.000162144
0.000169784
0.00021042400000000002
0.00018073400000000002
0.00031710800000000003
0.00020918500000000002
0.00020155500000000002
0.00022115500000000001
0.00019989400000000002
0.00020324500000000001
0.00016332300000000002
0.00021997500000000002
0.00056310300000000002
0.00016515400000000001
0.00016230300000000001
0.000163184
0.000181144
0.000161974
0.00016025300000000001
0.00015798400000000001
0.00016026400000000002
0.00016036300000000001
0.00016011400000000002
0.000288819
0.00019697400000000002
0.00019702400000000002
0.00021439500000000001
0.00024486500000000003
0.00021382500000000001
0.00021376500000000001
0.00021348500000000002
0.00020028400000000001
0.00020946500000000001
0.00020848500000000001
0.00018037400000000002
0.00015798300000000002
0.000157954
0.00015981400000000001
0.00015799300000000002
0.000158004
0.00015858300000000001
0.00015844400000000002
0.00017626400000000001
0.00015967300000000001
0.00020369500000000002
0.00016158400000000002
0.000162153
0.00018570400000000002
0.000163714
0.00016091400000000001
0.00016023300000000002
0.000159474
0.00015758300000000001
0.000157684
0.00017488400000000001
0.00015783300000000002
0.00015776400000000002
0.000158164
0.00015816300000000001
0.000158164
0.00015920300000000001
0.00015991400000000001
0.00016424300000000001
0.00016182300000000001
0.000162184
0.00016224300000000001
0.00016069400000000002
0.00017576400000000002
0.000158534
0.00018937400000000002
0.00019566400000000002
0.00015728400000000002
0.00015764300000000001
0.00015786400000000002
0.000159674
0.00015768300000000001
0.00015751400000000001
0.000158503
0.00015964400000000002
0.000178314
0.00016182300000000001
0.000161934
0.00016296400000000001
0.00016000300000000001
0.00015985400000000002
0.000158023
0.000157954
0.000157734
0.00015799300000000002
0.00015808400000000001
0.00015768300000000001
0.00017478400000000001
0.000185694
0.00015823400000000002
0.00015920300000000001
0.00015956300000000002
0.00016043400000000002
0.00016187300000000001
0.00016199400000000002
0.00016237400000000001
0.00015962300000000001
0.00015927400000000002
0.00015947300000000001
0.000175584
0.00015766400000000001
0.000157813
0.00015796400000000002
0.00015792400000000001
0.00015788300000000002
0.00015776400000000002
0.00015778300000000002
0.00015861400000000001
0.00015999300000000001
0.00015998400000000001
0.00017294400000000002
0.00018466400000000002
0.00016221400000000002
0.00033445800000000004
0.00020367400000000002
0.00020716500000000001
0.00021484500000000002
0.00021761500000000002
0.00021706500000000001
0.00021496400000000002
0.00025586100000000002
0.00020719500000000002
0.000219955
0.00021562500000000002
0.000223155
0.00020467400000000001
0.00021605700000000002
0.000252396
0.000245486
0.00022324500000000001
0.00022175500000000002
0.00022020500000000001
0.00023123500000000002
0.00021918500000000002
0.00024907600000000004
0.00027441600000000004
0.000255336
0.00021714400000000001
0.00022270500000000002
0.00037313800000000002
0.00016220400000000002
0.000161173
0.00015891400000000002
0.00021549500000000001
0.000214465
0.000212704
0.00020065500000000002
0.000196314
0.000177634
0.00024352600000000001
0.00027937600000000002
0.00020633500000000001
0.000196264
0.00016718400000000002
0.000201065
0.00024229500000000001
0.00016368400000000001
0.00021742500000000001
0.00021959400000000001
0.000222105
0.00024394500000000002
0.000248316
0.000235245
0.00024522500000000001
0.00018597400000000002
0.00021039400000000001
0.00019681400000000002
0.00017997400000000001
0.00017200400000000002
0.00019499400000000001
0.00020784500000000001
0.00032348700000000001
0.00022254500000000002
0.00023331600000000001
0.00026043600000000001
0.00022411500000000002
0.00026082600000000003
0.00029373600000000001
0.00029668700000000001
0.00064710700000000006
0.00027020200000000004
0.00021939500000000002
0.00023984500000000001
0.00021914500000000002
0.000216975
0.00023832500000000001
0.00021672500000000002
0.00023441500000000002
0.00026435500000000003
0.00022781500000000003
0.00021977500000000002
0.00021876500000000002
0.00023611500000000001
0.00021751500000000002
0.00021774500000000001
0.00021967500000000001
0.00022297500000000001
0.00026599600000000001
0.00024480000000000004
0.00016332400000000001
0.00015873300000000001
0.00015731400000000001
0.00015717300000000001
0.000157014
0.00017303400000000002
0.00015756300000000002
0.00015767400000000001
0.00015744400000000002
0.00021644400000000002
0.00020549500000000001
0.000230535
0.000207345
0.00020806500000000001
0.000216455
0.00022928500000000002
0.000222415
0.00024423500000000004
0.000215455
0.00020884500000000001
0.00021619500000000003
0.00020967500000000001
0.00021142400000000001
0.00023146600000000002
0.00021110400000000002
0.000216975
0.000260466
0.00021878500000000001
0.00021165500000000002
0.000237595
0.00021457500000000003
0.000214255
0.00022233500000000002
0.00021220500000000001
0.00021819500000000002
0.00026968599999999999
0.00021797500000000003
0.00020473400000000001
0.00021243500000000002
0.00020651500000000002
0.00020869400000000002
0.00023174500000000002
0.000217815
0.00020803400000000001
0.00022913600000000001
0.00021828400000000001
0.00020865400000000001
0.00021646500000000002
0.000228335
0.00021392500000000001
0.00020813500000000003
0.00020666400000000001
0.00076537100000000004
0.00021297500000000001
0.00026337600000000001
0.00021588500000000002
0.00021957500000000001
0.00020940500000000002
0.00026450600000000002
0.000209514
0.00022125500000000001
0.000246061
0.00020894500000000001
0.000211325
0.00023027500000000003
0.00021055500000000002
0.000208204
0.00016044300000000002
0.00015945400000000001
0.00018277400000000002
0.00017771400000000001
0.00015748300000000001
0.00015766400000000001
0.00019441400000000001
0.00017054400000000001
0.00023303500000000001
0.00018864500000000001
0.00019342400000000001
0.00017544400000000002
0.00016071400000000001
0.00016041300000000001
0.00017902400000000001
0.00016237400000000001
0.00016251400000000002
0.000159953
0.000159314
0.00015942300000000001
0.00015809400000000001
0.00015783400000000001
0.00015805300000000001
0.00015796400000000002
0.000157913
0.00015787400000000001
0.000175384
0.00017364400000000001
0.00015931300000000001
0.00016045400000000001
0.00016195400000000002
0.00016102300000000002
0.00016238400000000001
0.00016393400000000002
0.000183134
0.00015914300000000002
0.00016058400000000002
0.000158114
0.00017659400000000002
0.00015867300000000002
0.00015869400000000002
0.00015784300000000001
0.000172714
0.00015940400000000001
0.00015848300000000001
0.00015961400000000001
0.000160273
0.00016058400000000002
0.00016179400000000002
0.00016234300000000001
0.00016249400000000001
0.00019852500000000001
0.00019016400000000002
0.00015965400000000001
0.00020198400000000002
0.000158214
0.00017561400000000002
0.00017309400000000002
0.00015720300000000002
0.00015788400000000001
0.00015767300000000002
0.000157744
0.00015874300000000001
0.000159254
0.00016011400000000002
0.000163263
0.000161564
0.00016207400000000001
0.00017690300000000001
0.00015981300000000002
0.000230795
0.00022468500000000002
0.00020647500000000002
0.000235245
0.00022162500000000001
0.00020378400000000001
0.00016877400000000001
0.00021292500000000001
0.00021547100000000001
0.000205145
0.000164134
0.00021007500000000002
0.00027436600000000001
0.000358298
0.00026462600000000001
0.000240945
0.000214305
0.00020449500000000001
0.00017544400000000002
0.00044508000000000004
0.000169884
0.000157823
0.00015997400000000001
0.00015997300000000002
0.00017860400000000001
0.00016033400000000001
0.000160254
0.00015963300000000001
0.00016248400000000001
0.00016331400000000002
0.00016615300000000002
0.00016609400000000001
0.00016288400000000002
0.00016123300000000002
0.000157174
0.00015963300000000001
0.00018086400000000001
0.00018902400000000001
0.00032890000000000003
0.00019187500000000002
0.000159173
0.000158364
0.00015822300000000001
0.000159204
0.00015973300000000001
0.00016048400000000002
0.000175694
0.00016223400000000001
0.00019841900000000003
0.00016347400000000001
0.00020965400000000001
0.00020124500000000002
0.00019941400000000003
0.00017494300000000002
0.00016091400000000001
0.00016070400000000001
0.00021971500000000002
0.00021229400000000002
0.00015853300000000001
0.00021667500000000002
0.00018225400000000002
0.00016424400000000002
0.00016311300000000002
0.00016420400000000002
0.00016499400000000001
0.00016524400000000002
0.00016316300000000002
0.00016662400000000001
0.00018675400000000002
0.00018400400000000001
0.000162034
0.000162714
0.00016047300000000001
0.00016264400000000001
0.00019992400000000001
0.00022311500000000002
0.000215474
0.00022314500000000001
0.00022224500000000001
0.000268416
0.00025080700000000003
0.00043954000000000004
0.00027887400000000003
0.00024585600000000003
0.00021420500000000003
0.00024727500000000003
0.00021499500000000002
0.00024173600000000002
0.000214324
0.000233756
0.00021470500000000001
0.00023291500000000002
0.00023562500000000002
0.000232365
0.00022978500000000001
0.00023261500000000001
0.00021175500000000002
0.00021521500000000002
0.000240895
0.000218335
0.000244825
0.00021815400000000003
0.00024276600000000003
0.000214985
0.00023594500000000002
0.00028468200000000002
0.000207445
0.00020936400000000002
0.000213575
0.00020686500000000001
0.00021615500000000002
0.00020624400000000001
0.00019757500000000002
0.000180564
0.000161464
0.00022191500000000002
0.00021481400000000002
0.00021291500000000002
0.000211215
0.00020936500000000001
0.00022407500000000001
0.00020870400000000001
0.00023502600000000002
0.00015811300000000001
0.000157634
0.00015756300000000002
0.00015798400000000001
0.00015795300000000001
0.00015937400000000002
0.00018848400000000002
0.00016023400000000001
0.00016630400000000001
0.000162153
0.00018111400000000001
0.00016055400000000001
0.00015948400000000002
0.00015903300000000002
0.00015814400000000001
0.00015790300000000001
0.00015783400000000001
0.000157823
0.000158054
0.00017837400000000002
0.000158684
0.00018054400000000001
0.00019012400000000001
0.00021114500000000001
0.000209194
0.00020647500000000002
0.000182084
0.00019526500000000002
0.00016024300000000002
0.00015929400000000001
0.000158343
0.000158004
0.000158214
0.00037051800000000002
0.00023075500000000002
0.000246006
0.00020945500000000002
0.00020845400000000001
0.000208285
0.00020957500000000001
0.000268936
0.00022583500000000002
0.00019633400000000002
0.000216784
0.00023177600000000003
0.00021027400000000001
0.00021160500000000002
0.00023067500000000001
0.00027465400000000004
0.000209774
0.00024223400000000003
0.000216185
0.00026293600000000002
0.00022151500000000001
0.000216185
0.000222205
0.00024022500000000003
0.00024656600000000004
0.00024134500000000001
0.00022653500000000001
0.00024072600000000003
0.00024477500000000003
0.00022703500000000002
0.000224405
0.00024056600000000003
0.000248805
0.00022593500000000002
0.00023947500000000001
0.00022479500000000002
0.00022757500000000002
0.00024136600000000002
0.00022808500000000002
0.00022589500000000002
0.00023504500000000002
0.00025137600000000004
0.00024250600000000003
0.00023788500000000002
0.000244725
0.00023471500000000001
0.00022323500000000001
0.00022835500000000002
0.000244436
0.00017035300000000001
0.00019029500000000002
0.00020342400000000001
0.00021527500000000001
0.00022488500000000003
0.00020707500000000001
0.000221165
0.00024493600000000001
0.00022305500000000003
0.00020680400000000002
0.00021687500000000003
0.00020899500000000001
0.00020806500000000001
0.00024813500000000002
0.000206925
0.00022891500000000003
0.00021199500000000001
0.00022243500000000002
0.0012742440000000001
0.00020049400000000001
0.000244295
0.00021060500000000002
0.00022117500000000002
0.00024972500000000001
0.000260766
0.00022344500000000001
0.00022492500000000001
0.000237075
0.00019460400000000002
0.00022093500000000001
0.00021199500000000001
0.00020659500000000001
0.00022192500000000001
0.00021046500000000001
0.00022627500000000001
0.00020372400000000002
0.000203575
0.00021002500000000002
0.00027788300000000004
0.00023065500000000002
0.00023158500000000003
0.00030081700000000004
0.00025474600000000003
0.000254775
0.00021088400000000002
0.000255436
0.00023587500000000003
0.000250926
0.00023406500000000002
0.00023311600000000001
0.000232885
0.00023139500000000002
0.00023232500000000002
0.00028594000000000004
0.00023802500000000003
0.00027314700000000001
0.00023281500000000001
0.00020961500000000002
0.00020803400000000001
0.00020988500000000001
0.00020979500000000001
0.000212265
0.00021928400000000001
0.00021958500000000001
0.00023483500000000002
0.00021082500000000002
0.00021015500000000001
0.00020959400000000001
0.000208025
0.00021496500000000001
0.00019288400000000002
0.00025089600000000002
0.00021403500000000001
0.00019434400000000002
0.000203575
0.00020178400000000002
0.000195455
0.00020852400000000002
0.00021987500000000002
0.00097711200000000003
0.00024473600000000001
0.000267786
0.000210924
0.00022017500000000003
0.00021004500000000001
0.00020843500000000001
0.00020796500000000001
0.00024572500000000002
0.00023280500000000002
0.00024493600000000001
0.000208125
0.00026583100000000001
0.00029290100000000003
0.00020138500000000002
0.00021003500000000002
0.00021187400000000002
0.00025508600000000002
0.00022747500000000001
0.00022946500000000001
0.000241766
0.00024583500000000002
0.000224045
0.00022429500000000001
0.00025935200000000002
0.000234665
0.00025503599999999999
0.000236915
0.00027136599999999999
0.00022962500000000001
0.00024976600000000001
0.00025483600000000004
0.000376938
0.00026755600000000001
0.00024816600000000002
0.00023964500000000003
0.00028617700000000004
0.00025345500000000003
0.00020641400000000001
0.000188254
0.000203904
0.00038206900000000002
0.00021004400000000002
0.00028898600000000003
0.00023279500000000002
0.00021800500000000001
0.000216715
0.00021141500000000001
0.00021190500000000003
0.00024847500000000001
0.000218953
0.00019257500000000001
0.00021330400000000002
0.00017116400000000002
0.00020944500000000003
0.00021789500000000001
0.000230425
0.000188834
0.000200824
0.000205825
0.00021115500000000001
0.000210814
0.00021225500000000001
0.00045209600000000003
0.000178574
0.00015873300000000001
0.000211325
0.00016021400000000002
0.00016120300000000001
0.00016162400000000002
0.00018089400000000002
0.000159724
0.000174444
0.00015863300000000001
0.00015751400000000001
0.00015735300000000002
0.00015761400000000001
0.000157613
0.00017670400000000002
0.000157424
0.00015732300000000001
0.00015762400000000001
0.00015804300000000002
0.00017837400000000002
0.00015998400000000001
0.00016101400000000001
0.00016180300000000002
0.00016201400000000001
0.00017052400000000002
0.00015868300000000001
0.00015713400000000002
0.000172194
0.000157403
0.00015728400000000002
0.000157193
0.00017536400000000001
0.000157634
0.00015748300000000001
0.00015765400000000002
0.00015866400000000001
0.00015957300000000001
0.00016002400000000001
0.00017476400000000002
0.00024362500000000003
0.00020950400000000001
0.00020714400000000001
0.000204305
0.00020324400000000002
0.00020408500000000001
0.00021539500000000001
0.00022513500000000001
0.00020848000000000001
0.00015783400000000001
0.00019572400000000001
0.00018698400000000001
0.00020207500000000002
0.00020182400000000002
0.00019188500000000001
0.00017567400000000001
0.00017843400000000002
0.00021382500000000001
0.00017797400000000001
0.000218965
0.00018659400000000002
0.00019358400000000001
0.00017531400000000001
0.00018712400000000002
0.00015952300000000001
0.00021903500000000002
0.00015807400000000002
0.000158383
0.00018152400000000002
0.000158114
0.00015930300000000002
0.000159994
0.00016100400000000002
0.000179994
0.000162263
0.00016211400000000001
0.000181034
0.000165534
0.00015930300000000002
0.00015830400000000001
0.00017678400000000001
0.00015779300000000001
0.00015816300000000001
0.00019028400000000001
0.000220485
0.00021789500000000001
0.00025673600000000003
0.000210275
0.00021172500000000001
0.00027849800000000002
0.000375306
0.000269807
0.00021235400000000002
0.00020835500000000002
0.00020601500000000001
0.00020463400000000001
0.00020160500000000002
0.00016924400000000001
0.00015830300000000002
0.00017619400000000001
0.00015838400000000002
0.000173344
0.00015811300000000001
0.000188025
0.000175384
0.00019681400000000002
0.00018106400000000001
0.000162084
0.00016344300000000001
0.00022387500000000001
0.00019817400000000002
0.00020178500000000001
0.00019021400000000002
0.00016813400000000001
0.00020132400000000001
0.000186744
0.000162993
0.000204675
0.00020953500000000001
0.00021245400000000002
0.00018725500000000002
0.00022253500000000002
0.00026134000000000004
0.00022673500000000002
0.00020911400000000002
0.00021595500000000002
0.00022331500000000003
0.00020531500000000002
0.00022316500000000002
0.00020366500000000001
0.00023362500000000003
0.00020733500000000001
0.00022719500000000002
0.000203384
0.00020632500000000001
0.00020484500000000002
0.00020431400000000001
0.00022479500000000002
0.00020507500000000001
0.00027884600000000002
0.00020541500000000002
0.000217815
0.00022740500000000002
0.00021004500000000001
0.000212315
0.00022327500000000002
0.00023308500000000001
0.00022031500000000001
0.000230375
0.00020039500000000002
0.00020840400000000001
0.000202074
0.000201535
0.00022240500000000001
0.000205744
0.00024823600000000004
0.00020385500000000002
0.00023642500000000001
0.00020754500000000001
0.000235815
0.000206505
0.00020188400000000002
0.00021612500000000001
0.00020476500000000001
0.00025055500000000002
0.000208445
0.00025091600000000001
0.00020331400000000001
0.00020125500000000001
0.00021208500000000001
0.00020561400000000001
0.00022161500000000001
0.00022413500000000001
0.00021077500000000001
0.00020612500000000001
0.00029036099999999999
0.00020279500000000003
0.000214775
0.00018687400000000001
0.000180984
0.000179724
0.00019243500000000002
0.00019817400000000002
0.00023118000000000002
0.00022707600000000002
0.00022572500000000003
0.00022842500000000001
0.00021852500000000001
0.00021279500000000003
0.00026422500000000004
0.00025003500000000001
0.00023003500000000002
0.00021486500000000001
0.00022565500000000001
0.00022344500000000001
0.00022391500000000001
0.000223095
0.00023692500000000003
0.00022970500000000002
0.00024381600000000003
0.00021090400000000001
0.00023226600000000002
0.00022107500000000002
0.00023447500000000002
0.000271756
0.00028820100000000003
0.00022622500000000001
0.00021064400000000001
0.00021437500000000002
0.00021567500000000002
0.00023478500000000002
0.00021982500000000002
0.00022494500000000002
0.00026679600000000003
0.00020887400000000001
0.00020813500000000003
0.00020773500000000002
0.000208984
0.00022333500000000002
0.00020803500000000002
0.000208235
0.00023931500000000001
0.00020840500000000002
0.000208984
0.00020963500000000001
0.00021052500000000001
0.000212315
0.00026332600000000003
0.000323407
0.000272148
0.00032203700000000001
0.00024165500000000002
0.000328967
0.00021005500000000001
0.00039385900000000004
0.000255336
0.00025676600000000001
0.000251115
0.00023915600000000003
0.00024075500000000002
0.000245276
0.00024868500000000001
0.00037548900000000001
0.00032030700000000004
0.000213625
0.00019232400000000001
0.00019262500000000001
0.00020507400000000002
0.00021836500000000001
0.000224195
0.00024140600000000003
0.00021945500000000002
0.000251108
0.000210855
0.00021078500000000001
0.00025642600000000003
0.00026678300000000004
0.00025239500000000004
0.00023736500000000002
0.00026095600000000001
0.00025701599999999999
0.000413922
0.00022025500000000001
0.00021783500000000002
0.00022617500000000001
0.00021884500000000001
0.00021731500000000002
0.00024791500000000003
0.00021641400000000001
0.00024248600000000001
0.000216505
0.000216135
0.00021688400000000001
0.000222124
0.00021748400000000002
0.00026573600000000003
0.00021772500000000002
0.00021923500000000002
0.00024733600000000002
0.00022719500000000002
0.00024478500000000002
0.00021766400000000001
0.00021747500000000001
0.00021754500000000001
0.00021490500000000002
0.000214255
0.00025271000000000001
0.00021322500000000002
0.00021652500000000002
0.00022633500000000001
0.000428355
0.00049296600000000006
0.00031387200000000003
0.000339978
0.00022689500000000002
0.00020937500000000001
0.00020947400000000002
0.00022483500000000003
0.000206634
0.00024677999999999999
0.00023384500000000002
0.00023102500000000002
0.00029646700000000002
0.000190934
0.00020897500000000002
0.000210814
0.000229115
0.00025743500000000003
0.00023469500000000002
0.000241265
0.00024635600000000004
0.000238435
0.00024135600000000002
0.000239535
0.00027802600000000001
0.00023436600000000001
0.00020811400000000002
0.00022337500000000002
0.000215584
0.00021831500000000001
0.00022422500000000002
0.00023057600000000002
0.00026151599999999999
0.00023059500000000002
0.00022905500000000001
0.00023888500000000001
0.00022525500000000002
0.00022219500000000001
0.00029684200000000002
0.00019824400000000001
0.00022522500000000001
0.000209695
0.00020994500000000001
0.00021075400000000001
0.00021102500000000002
0.00021049500000000002
0.00024697
0.000220165
0.00021558500000000002
0.00021743500000000001
0.00021798500000000002
0.00028477600000000004
0.00021401500000000002
0.00020767500000000002
0.00021299400000000001
0.00026019600000000003
0.000214885
0.00023889500000000001
0.00021750500000000003
0.00022485500000000001
0.00023522600000000003
0.00023117500000000002
0.00023239500000000001
0.00021459500000000001
0.00039066400000000004
0.00090361700000000001
0.00025891500000000002
0.00025104400000000002
0.00023915000000000001
0.00022280500000000002
0.00022678500000000002
0.00022473500000000002
0.00022668500000000002
0.00023129500000000001
0.00022532500000000002
0.00024051600000000003
0.000246715
0.00022204500000000001
0.00022253500000000002
0.00026308599999999999
0.00022368500000000002
0.00022164500000000002
0.00022654500000000001
0.00022148500000000002
0.00025948600000000002
0.00022097500000000002
0.00021962500000000001
0.00022260500000000001
0.00022102500000000002
0.000224775
0.00022928500000000002
0.00022693500000000002
0.00022369500000000002
0.00025103500000000004
0.00022328500000000001
0.00023127500000000002
0.000223174
0.000221864
0.00022058400000000001
0.000226395
0.00023957500000000001
0.00022232500000000002
0.00026525600000000001
0.000223155
0.00022359500000000002
0.00022423500000000001
0.00022564500000000001
0.000227965
0.000251236
0.00022319500000000001
0.00024452600000000001
0.00023321500000000002
0.00022282500000000001
0.00022263500000000003
0.00022762500000000002
0.00022141500000000001
0.00022652500000000002
0.00022038500000000003
0.00022113500000000002
0.00025630600000000004
0.00022239500000000001
0.00022061500000000001
0.00022122500000000002
0.000257626
0.00021720500000000002
0.00021767500000000002
0.000215794
0.000235815
0.00023675500000000001
0.00021949500000000003
0.00034549800000000002
0.00021842500000000001
0.00022474500000000002
0.00021774500000000001
0.00021790500000000001
0.00021968400000000002
0.00021860400000000001
0.000238416
0.00023090500000000003
0.000213465
0.000222945
0.00016178400000000002
0.00016172300000000001
0.000159934
0.00019212400000000001
0.00016766400000000001
0.000199724
0.00022145500000000001
0.00016751400000000001
0.00019442500000000002
0.000159393
0.00015961400000000001
0.00015936300000000001
0.00015970400000000001
0.00016048400000000002
0.00017165300000000002
0.00020429500000000001
0.000205825
0.00024656999999999999
0.00020539500000000001
0.00021015500000000001
0.000224725
0.00021406500000000002
0.00023232500000000002
0.00022395500000000002
0.000229955
0.00021077500000000001
0.000208865
0.00020918400000000001
0.000209275
0.00020946500000000001
0.00020925500000000001
0.00020947400000000002
0.00021028500000000002
0.00024481600000000002
0.000213384
0.00021237500000000003
0.000209955
0.00022912500000000003
0.00020754500000000001
0.00022673500000000002
0.000180934
0.000157684
0.00015780300000000001
0.00017521400000000001
0.000158154
0.00015800300000000001
0.000158164
0.00015899300000000001
0.00016007400000000001
0.000160803
0.000161874
0.00018172400000000002
0.00017237400000000001
0.00016935400000000001
0.00016008300000000002
0.000188414
0.00018257400000000002
0.00015800300000000001
0.00017937400000000002
0.00018096400000000001
0.00019906400000000002
0.00023570500000000001
0.00021879500000000001
0.00021306500000000002
0.00024206600000000001
0.00023412500000000001
0.000216185
0.00021721500000000001
0.00020502400000000002
0.0013526710000000002
0.00024926500000000003
0.00029147900000000003
0.00022385500000000002
0.00022468500000000002
0.00022418500000000001
0.00022535500000000003
0.000256569
0.00020822500000000001
0.00020832500000000001
0.00020724400000000001
0.00020748500000000001
0.00020916500000000001
0.00020923400000000001
0.00021083500000000001
0.000231005
0.00022757500000000002
0.000213045
0.00020934500000000002
0.00027232300000000004
0.00026927600000000004
0.00027290600000000001
0.00026101600000000004
0.000262026
0.00029161700000000004
0.00024169500000000002
0.00025577600000000004
0.00023701500000000001
0.00023901600000000002
0.00037020800000000002
0.00024414599999999999
0.000263696
0.000249755
0.00028933700000000003
0.00025809600000000003
0.00024762500000000002
0.000261086
0.00034807800000000004
0.00067726500000000003
0.00027629600000000004
0.000256335
0.00026857600000000003
0.00023356600000000002
0.00023914500000000002
0.00022036500000000001
0.00019956500000000002
0.00018954400000000001
0.00018886400000000001
0.00020492500000000001
0.00019735400000000001
0.00019751500000000002
0.000162743
0.00019613500000000001
0.00019589400000000001
0.00018916500000000001
0.00021383400000000001
0.00034201700000000002
0.00024577600000000001
0.00025120300000000003
0.00022965600000000001
0.000214014
0.00021428500000000001
0.000227965
0.00021500500000000002
0.00021480500000000001
0.00026147600000000002
0.00021803500000000002
0.00021746500000000002
0.00021837500000000001
0.00021455400000000002
0.00021463500000000002
0.00021439500000000001
0.00017948400000000002
0.00015872400000000001
0.000158393
0.000175794
0.00015820400000000001
0.00015790300000000001
0.000158154
0.00015826300000000001
0.00015938400000000002
0.00018308400000000002
0.00016084400000000002
0.00016144300000000002
0.00016195400000000002
0.00016290400000000001
0.00016021300000000001
0.00018254400000000001
0.00016243400000000001
0.00019531400000000001
0.00015793300000000002
0.00016719400000000001
0.00021935500000000002
0.00021784500000000001
0.00021860500000000003
0.00021430400000000001
0.000237075
0.00024329000000000001
0.000214305
0.000217495
0.00023548500000000001
0.00021122500000000002
0.00019327400000000001
0.00020104500000000001
0.000182974
0.000190244
0.00017326400000000001
0.00017382400000000002
0.000185434
0.00018456500000000001
0.00015799300000000002
0.00021097500000000002
0.00021139500000000002
0.00021114400000000002
0.00021182400000000002
0.00024644599999999999
0.000240685
0.00023999600000000002
0.00024739500000000003
0.00026885600000000004
0.00026578499999999999
0.00026694500000000004
0.00023635500000000002
0.00019592400000000002
0.00020104500000000001
0.000157453
0.000157734
0.00015743300000000001
0.00015784300000000001
0.00020792500000000003
0.00016358300000000002
0.000201795
0.00021411500000000002
0.00020651500000000002
0.00021472400000000001
0.000242236
0.00023132500000000003
0.00028868700000000004
0.00022930500000000001
0.000245985
0.00020676400000000001
0.00020757500000000002
0.00021072500000000001
0.000173754
0.00017392300000000001
0.000158863
0.00018267400000000002
0.000175954
0.00018149400000000001
0.000169774
0.00021774500000000001
0.00022883500000000001
0.00023064500000000003
0.00024665500000000003
0.00021469500000000002
0.00022030500000000001
0.00024578499999999999
0.000202029
0.00017106400000000001
0.00015778400000000001
0.00015780300000000001
0.00015801400000000002
0.000158083
0.000157744
0.00015775400000000002
0.00015905300000000001
0.00015939400000000001
0.00018000400000000002
0.00016156300000000001
0.000168364
0.000204305
0.00017995400000000002
0.00021836500000000001
0.00017478400000000001
0.000172444
0.00015836300000000002
0.00015775400000000002
0.000158443
0.00015818400000000002
0.00018845900000000001
0.000177584
0.00016269400000000001
0.00018536400000000001
0.00020666400000000001
0.00020618500000000001
0.00022276500000000001
0.00021462500000000003
0.00025349600000000003
0.00023839500000000002
0.00023770600000000002
0.00026786600000000001
0.00027014600000000003
0.00026235599999999999
0.00023328500000000001
0.00024175500000000002
0.00025100600000000002
0.00023518500000000001
0.00023582500000000003
0.00024716500000000004
0.00023603600000000001
0.00023852500000000001
0.00023871600000000001
0.00025942500000000003
0.000294407
0.00026452600000000001
0.00026105600000000002
0.00025787600000000004
0.00023709500000000002
0.00023488600000000001
0.00023544500000000001
0.00026682600000000001
0.00024707800000000002
0.00020393400000000002
0.00022594500000000002
0.00022328500000000001
0.000205324
0.00021640500000000003
0.00024471600000000002
0.00023422500000000001
0.00022276500000000001
0.00022434500000000001
0.00033256700000000003
0.000244966
0.00022481500000000001
0.00022497500000000001
0.00025684600000000003
0.00026837600000000002
0.000223155
0.00022829500000000002
0.00022051500000000001
0.000325318
0.000221585
0.00022107500000000002
0.00021103500000000001
0.00024248500000000002
0.000228225
0.00026299600000000004
0.00024130600000000002
0.000244625
0.00022000500000000001
0.00021740500000000002
0.000222625
0.00022306500000000002
0.00022208500000000001
0.00021682500000000003
0.00023108500000000001
0.00022186500000000002
0.00025381600000000002
0.00019387500000000001
0.00018844400000000001
0.00029708700000000002
0.00021441400000000001
0.000227266
0.00021738400000000002
0.00021749400000000002
0.00022433500000000001
0.00025932500000000003
0.00021563500000000002
0.00021487500000000001
0.000221475
0.00022023500000000002
0.00022221500000000003
0.00021403500000000001
0.000215615
0.00021214500000000001
0.00023853500000000001
0.00021407500000000001
0.000221315
0.00024997600000000001
0.00026471600000000002
0.000220215
0.00021592400000000002
0.000213434
0.00021581500000000001
0.00023680600000000002
0.00022128500000000002
0.00053313500000000001
0.00022248500000000002
0.00020723400000000002
0.00040390400000000001
0.00020858500000000001
0.000211475
0.00024228500000000002
0.000171034
0.00018133400000000001
0.00019481500000000001
0.00018290400000000001
0.00021146500000000001
0.00018905400000000002
0.000189194
0.00018474400000000001
0.00018289400000000001
0.00018047400000000002
0.000168803
0.000167474
0.000175124
0.00018442400000000001
0.00018175400000000001
0.00020602500000000001
0.000184174
0.00018473400000000001
0.00018146400000000002
0.00021903500000000002
0.000186505
0.00018442400000000001
0.000227495
0.00017860400000000001
0.000174074
0.00018734400000000001
0.00018258400000000001
0.00018518400000000002
0.00018345500000000001
0.00018563400000000001
0.00018253400000000001
0.00018144400000000001
0.00020570500000000001
0.00015800300000000001
0.000157854
0.000159273
0.000178834
0.00016076400000000001
0.000161974
0.00019597400000000002
0.000162504
0.000159913
0.00015945400000000001
0.00015914400000000001
0.00019306400000000001
0.00020278400000000002
0.00015819300000000002
0.00015783400000000001
0.00017520400000000001
0.000157703
0.00015801400000000002
0.00015737300000000001
0.000158944
0.00015952300000000001
0.000160094
0.000161714
0.00018096400000000001
0.00016290300000000002
0.00016066400000000001
0.000159634
0.00017521300000000002
0.00018389400000000001
0.00015800300000000001
0.000158114
0.00015841300000000002
0.000157744
0.00015809300000000002
0.00015828400000000002
0.00015799400000000001
0.00015919300000000002
0.00015984400000000002
0.00016063300000000001
0.00017940400000000001
0.00019330500000000001
0.00020430400000000001
0.00018678500000000002
0.00016311300000000002
0.00015961400000000001
0.00021376500000000001
0.00020911400000000002
0.00064474000000000009
0.00021654500000000001
0.00022244500000000002
0.000215085
0.00022379500000000002
0.00022179500000000003
0.00017430400000000002
0.00017913400000000001
0.00020544500000000001
0.00020709400000000001
0.00016275400000000001
0.00016291400000000001
0.00016041300000000001
0.00015979400000000002
0.00017505400000000001
0.00015836300000000002
0.00015792400000000001
0.00015815300000000002
0.00015845400000000001
0.00016756400000000001
0.00018999400000000002
0.00015834400000000001
0.00015840300000000002
0.00015944400000000001
0.00016011400000000002
0.00017854400000000002
0.00016146300000000001
0.00020386500000000001
0.00021295000000000003
0.00019100400000000002
0.000165594
0.00015822300000000001
0.00015798400000000001
0.00019535400000000001
0.000185324
0.00018090400000000001
0.00017544400000000002
0.00018306400000000001
0.00021253400000000001
0.00019974500000000001
0.00024321500000000002
0.00022986600000000001
0.000160533
0.00016144400000000001
0.000196164
0.00020239500000000002
0.00020238400000000001
0.00022538600000000003
0.00021958500000000001
0.00016987300000000002
0.00018569500000000002
0.00015830300000000002
0.000158364
0.00015830300000000002
0.00015851400000000001
0.00015815300000000002
0.00015865400000000002
0.00015877400000000001
0.000160583
0.00017877400000000001
0.00021005500000000001
0.000162404
0.000162733
0.000160674
0.00015940300000000002
0.00015888400000000001
0.00017905400000000002
0.00017253400000000001
0.00015818400000000002
0.00015794300000000002
0.00015746400000000001
0.000177634
0.00015847300000000001
0.00015848400000000002
0.00015924300000000002
0.00016002400000000001
0.000160724
0.000161633
0.00016178400000000002
0.00018118400000000001
0.000160154
0.00015904300000000002
0.00018667400000000001
0.000176844
0.00033891300000000004
0.00021515500000000002
0.00021350500000000001
0.00022344200000000002
0.00020322500000000002
0.00026078599999999999
0.00023987300000000001
0.00021827500000000001
0.00022062500000000001
0.00021597400000000002
0.00024945499999999999
0.00021893500000000002
0.00023849500000000003
0.00022312500000000002
0.00022470500000000001
0.00023075500000000002
0.00021474500000000002
0.000255171
0.00015827300000000001
0.00015776400000000002
0.00015798300000000002
0.00017264400000000001
0.00015802400000000002
0.000157913
0.00015937400000000002
0.00015916400000000002
0.00016004300000000001
0.00019325400000000002
0.00016450300000000001
0.00016211400000000001
0.00015990400000000002
0.00015983300000000001
0.00015976400000000001
0.000158183
0.00015840400000000001
0.00016681400000000002
0.000158293
0.00015819400000000001
0.00016411400000000001
0.00015837300000000001
0.00015849400000000002
0.000158713
0.00015984400000000002
0.00016086400000000001
0.00016135300000000001
0.00016210400000000002
0.00016243300000000002
0.00016068400000000002
0.00015949400000000001
0.000157873
0.00017461400000000002
0.000157474
0.00015767300000000002
0.00015793400000000001
0.00015817300000000001
0.00015809400000000001
0.000157913
0.000158054
0.00018667400000000001
0.000165704
0.000170664
0.00016154300000000002
0.000192325
0.00016244300000000002
0.00016005400000000002
0.000159424
0.000159393
0.00015824400000000001
0.00015785300000000001
0.000158164
0.00015798300000000002
0.00015787400000000001
0.00015778300000000002
0.00015825400000000001
0.00017516400000000001
0.00015937400000000002
0.00015984300000000001
0.000160094
0.000160853
0.000161984
0.000191454
0.00016252400000000002
0.000159054
0.000158443
0.00015791400000000002
0.000157823
0.000157854
0.00019645400000000001
0.000271666
0.00023612500000000001
0.00021042500000000001
0.00025345500000000003
0.00021113500000000002
0.00021201500000000002
0.00021277500000000001
0.00026128600000000001
0.00021928500000000003
0.000257505
0.00023500600000000001
0.00020276400000000003
0.00022965600000000001
0.00021074400000000001
0.00023280600000000001
0.00021267400000000002
0.00021244500000000002
0.00021290500000000002
0.00021337500000000002
0.00021396500000000002
0.00020535400000000001
0.00022847500000000001
0.00019942500000000001
0.00020831500000000001
0.00020423400000000002
0.00020030500000000001
0.00021469500000000002
0.00024336500000000003
0.000175584
0.00021949500000000003
0.00023348500000000002
0.000203995
0.000175284
0.00018121400000000002
0.000194935
0.00019455400000000002
0.00019923400000000001
0.00019937500000000001
0.00020023400000000001
0.00020083400000000002
0.00023450500000000001
0.00027682600000000004
0.00030254200000000005
0.00021270500000000002
0.000209435
0.00020156400000000002
0.00016340300000000001
0.000162244
0.000164594
0.00017382300000000001
0.00018449500000000001
0.000196894
0.000191974
0.000162874
0.000190304
0.00020030500000000001
0.000160094
0.00016070300000000002
0.00020754500000000001
0.000217345
0.000219485
0.00024840499999999999
0.000216925
0.00022412500000000001
0.00021709500000000002
0.00021484500000000002
0.000215195
0.00019271400000000003
0.00018864500000000001
0.00018735400000000001
0.00022772500000000002
0.00021349500000000002
0.00022293500000000001
0.000219645
0.00020545400000000002
0.000204644
0.00020480500000000002
0.000217705
0.00020702400000000002
0.000210275
0.00031738900000000001
0.00023785600000000002
0.00023877500000000002
0.000240425
0.00024965499999999999
0.00023722500000000001
0.00024107500000000002
0.00024446500000000003
0.00023767500000000002
0.00023490500000000002
0.00023892600000000001
0.00024209500000000001
0.00024836600000000003
0.000298036
0.00032119700000000001
0.00024002500000000002
0.00024180600000000001
0.00024011500000000003
0.000240005
0.00023797500000000002
0.000258046
0.00023888500000000001
0.00023948600000000002
0.00041159700000000004
0.00020994500000000001
0.00020855400000000001
0.00020094500000000001
0.00018615400000000001
0.00021993500000000001
0.000211375
0.00024114500000000001
0.00024854600000000004
0.00024128500000000002
0.00021801500000000001
0.00021703500000000003
0.000228385
0.00022319500000000001
0.00022795600000000002
0.00021913500000000002
0.00022202500000000002
0.00024410500000000002
0.00022193500000000001
0.00021809500000000002
0.000222995
0.00022343500000000002
0.00022573500000000002
0.00024553600000000003
0.00022678500000000002
0.00023175500000000002
0.000250826
0.00022840500000000002
0.00022820500000000001
0.00022603500000000003
0.00024329600000000002
0.000209075
0.00017670400000000002
0.00019227400000000001
0.00017519400000000002
0.00025025600000000002
0.00026698600000000004
0.00022355500000000001
0.00021714500000000002
0.00024235500000000001
0.00021793500000000002
0.00022668500000000002
0.00027065600000000003
0.000166064
0.00016770400000000002
0.00017080400000000001
0.000191924
0.00020862500000000002
0.00019368400000000001
0.00021004500000000001
0.000196004
0.000204174
0.00020858500000000001
0.00021572500000000003
0.00021736500000000002
0.00022844500000000003
0.00023430500000000003
0.000210225
0.00021831500000000001
0.000171514
0.000198104
0.00019997500000000002
0.00021291500000000002
0.00021641400000000001
0.00023670600000000002
0.000242255
0.00023592600000000002
0.00023700500000000001
0.00023746500000000002
0.00023589600000000001
0.00025925600000000003
0.00023656500000000002
0.000245555
0.00024081500000000002
0.00028742600000000002
0.00025995500000000003
0.000233546
0.00023912500000000003
0.00026104600000000002
0.000227075
0.00024306600000000001
0.00023878500000000001
0.00023233500000000002
0.00023152600000000002
0.00023231500000000003
0.00025282599999999999
0.00027279600000000001
0.000287986
0.00023652600000000001
0.00024325500000000003
0.00026280600000000003
0.000239695
0.00023907500000000002
0.00023903500000000002
0.00025661600000000004
0.00024372600000000002
0.00023740500000000002
0.00023663500000000001
0.00029314600000000004
0.00026324600000000002
0.00023975500000000002
0.00025712500000000003
0.000275887
0.000198884
0.00028393900000000003
0.000331405
0.00020716500000000001
0.00020942400000000002
0.00021649500000000001
0.00021374500000000002
0.00023491500000000001
0.00021097500000000002
0.00024286800000000001
0.00021687500000000003
0.00023302500000000001
0.000229955
0.00021046500000000001
0.00021637500000000001
0.00020897500000000002
0.00040518900000000003
0.00018865400000000001
0.000196994
0.00019674500000000001
0.00019404400000000001
0.00016432400000000001
0.00025304599999999999
0.000223465
0.00022710500000000002
0.00022589500000000002
0.00029805700000000001
0.00031128700000000004
0.00022090500000000003
0.00022632500000000001
0.000256366
0.00022140500000000001
0.00022612500000000001
0.00022667500000000002
0.00024805600000000003
0.00022146500000000001
0.000222785
0.000293546
0.00022593500000000002
0.00022579500000000002
0.00022711500000000001
0.00022585500000000001
0.00025407800000000003
0.00023342600000000001
0.00021223500000000002
0.00022622500000000001
0.00020975400000000001
0.00021494500000000002
0.00020976500000000002
0.00021014500000000001
0.00023268500000000003
0.00021077500000000001
0.00021673500000000002
0.00021112400000000001
0.000213465
0.00021301500000000002
0.00022091500000000002
0.00021450500000000001
0.00021429500000000001
0.00023392500000000001
0.000213365
0.00021641500000000002
0.00023943500000000003
0.00021139500000000002
0.00021061500000000002
0.00021107400000000001
0.00027937200000000001
0.00021226400000000001
0.000187944
0.000212124
0.00023316500000000002
0.00021418500000000001
0.000202704
0.00016216400000000001
0.00018934400000000001
0.00025914800000000001
0.00036013800000000003
0.00025506600000000003
0.000247476
0.00025976600000000003
0.00033411700000000004
0.000254906
0.00023626500000000002
0.00029626700000000001
0.00029410699999999999
0.000317027
0.00023332500000000002
0.000235345
0.00020154500000000002
0.00022635300000000002
0.00018473400000000001
0.00020240500000000001
0.00019133400000000001
0.00020173500000000001
0.00019999400000000002
0.00020599500000000002
0.00020674500000000001
0.000203804
0.000247631
0.000208235
0.000206214
0.00021490500000000002
0.00021555500000000001
0.00021164500000000002
0.00021300500000000002
0.00021208500000000001
0.00022840500000000002
0.00020277400000000002
0.00022530500000000003
0.00020497500000000001
0.00021282500000000001
0.00022830500000000002
0.000197894
0.00021229400000000002
0.00020272500000000001
0.00018012400000000001
0.00016263400000000002
0.00017583400000000001
0.00019214400000000002
0.00018654400000000002
0.000195665
0.00015863300000000001
0.00021742500000000001
0.00022055500000000002
0.00021501500000000001
0.00020950500000000002
0.00019706400000000002
0.00021994500000000001
0.000221315
0.00021176500000000002
0.00021108500000000002
0.00021141500000000001
0.000211654
0.00019071500000000002
0.00020698400000000001
0.00021044400000000001
0.00054398200000000004
0.000230795
0.00021332400000000001
0.000318697
0.00054645300000000002
0.00030254700000000002
0.00026272600000000002
0.00020922400000000001
0.00023065600000000001
0.00020389400000000001
0.00020296500000000002
0.00020217400000000001
0.00020131500000000001
0.00020116400000000001
0.00020810500000000001
0.000158324
0.00015809300000000002
0.000158114
0.00016430400000000002
0.00017781400000000002
0.00015951300000000002
0.00015954400000000002
0.00016076300000000002
0.00016147400000000002
0.00017460400000000002
0.00020132400000000001
0.000159483
0.000202945
0.00020274400000000001
0.00020664500000000001
0.000229065
0.000207705
0.00020764500000000001
0.00020831400000000003
0.00020460500000000001
0.00020916500000000001
0.00017101400000000001
0.00015961300000000002
0.00016027400000000002
0.00016152300000000001
0.00018044400000000001
0.00016238400000000001
0.00015975400000000002
0.00015934300000000002
0.000158994
0.00018677400000000001
0.00016089400000000002
0.000209094
0.00018391500000000002
0.00015728300000000001
0.00015730400000000001
0.00015758300000000001
0.00020819000000000002
0.000190354
0.00018571400000000002
0.00018752500000000002
0.000185854
0.000189414
0.000187844
0.00017676400000000002
0.00017242400000000001
0.00018686400000000002
0.00017907400000000001
0.00018843500000000001
0.00018280400000000001
0.00017388400000000002
0.00018444400000000003
0.000182814
0.00018744400000000002
0.00020108500000000002
0.000166434
0.000160063
0.00020204500000000001
0.00021188500000000001
0.00022212500000000002
0.00059150300000000006
0.00016693400000000001
0.00015908400000000001
0.00015773300000000002
0.00015796400000000002
0.00015788300000000002
0.00015780400000000002
0.000157823
0.00019108500000000002
0.00015852300000000001
0.00017719400000000001
0.00015809400000000001
0.000159283
0.000160774
0.00016021300000000001
0.000161404
0.00016212400000000001
0.00016235300000000001
0.00016033400000000001
0.00015958400000000002
0.00015913300000000002
0.00015813400000000001
0.00015798300000000002
0.00017310400000000002
0.00015677400000000001
0.00015641300000000002
0.00015661400000000002
0.00015674300000000001
0.000157064
0.00015754300000000001
0.00015927400000000002
0.00019994400000000002
0.000161414
0.00016154400000000001
0.00016248300000000002
0.00017827400000000002
0.00016671400000000002
0.00020161500000000001
0.000169543
0.00017500400000000001
0.00015865400000000002
0.00015856400000000001
0.00015826300000000001
0.000158424
0.000173294
0.00016439300000000001
0.00015953400000000002
0.000194594
0.00020892500000000002
0.000202635
0.00020442400000000001
0.00016257400000000002
0.00019243400000000001
0.000160194
0.00015900300000000001
0.00015802400000000002
0.000157913
0.00015840400000000001
0.00018021400000000002
0.000157944
0.00015772300000000002
0.00015761400000000001
0.00015785300000000001
0.00015870400000000002
0.00015977300000000002
0.00016008400000000001
0.00016112400000000001
0.000162063
0.000162554
0.00015949400000000001
0.00017649300000000001
0.00015836300000000002
0.00015759400000000002
0.000157923
0.00018593400000000001
0.00015765400000000002
0.00015752300000000002
0.00017316400000000001
0.00019395500000000002
0.00015784300000000001
0.00021000500000000001
0.00021395500000000002
0.00016094400000000002
0.000161793
0.000162604
0.00016218300000000002
0.00016000300000000001
0.000159784
0.00015947300000000001
0.00015845400000000001
0.00042572900000000002
0.00024681600000000002
0.000237915
0.00023114600000000003
0.000179564
0.00017363400000000001
0.00015926300000000001
0.000158164
0.00020873400000000002
0.00021069400000000001
0.00022055500000000002
0.00021531500000000002
0.00021607500000000001
0.00017738400000000002
0.00015938400000000002
0.000158083
0.00015798400000000001
0.00015831300000000001
0.000174964
0.00015851400000000001
0.000157823
0.00015835400000000001
0.00015783400000000001
0.00015794300000000002
0.00022344500000000001
0.00021170500000000002
0.00019964400000000002
0.000162134
0.00016189400000000002
0.00016209300000000001
0.000160254
0.00019635400000000001
0.00016294400000000002
0.00015778400000000001
0.00017615400000000001
0.00015794300000000002
0.00018457400000000001
0.00017027400000000002
0.000158114
0.000157873
0.000158264
0.000158543
0.00016005400000000002
0.000160044
0.000161163
0.00019999500000000001
0.000180464
0.000160333
0.00015944400000000001
0.00015814400000000001
0.000158133
0.00015755400000000002
0.000157813
0.00017069400000000002
0.00015804400000000001
0.000157923
0.000157904
0.00015779300000000001
0.000175644
0.000160044
0.000160743
0.00016159400000000001
0.00016222400000000001
0.00016282300000000001
0.000160314
0.000170774
0.00017090400000000002
0.000204124
0.00015683400000000001
0.00015700300000000001
0.000175114
0.000157214
0.00015709300000000002
0.000157224
0.00015720300000000002
0.00015947300000000001
0.00015985400000000002
0.00016041300000000001
0.000161304
0.000161974
0.00016156300000000001
0.000159304
0.000159173
0.000174384
0.000157424
0.000157603
0.000176174
0.00017593400000000001
0.000157534
0.00033342800000000003
0.00027210100000000002
0.00019963400000000002
0.00020246500000000001
0.00020235500000000001
0.00020587400000000001
0.00020746500000000002
0.00023239500000000001
0.00016284400000000001
0.00016046300000000001
0.00015937400000000002
0.000157713
0.000157873
0.00015762400000000001
0.00015811300000000001
0.00017351400000000002
0.00016289400000000002
0.000157663
0.00015739400000000002
0.00015779300000000001
0.00026918100000000001
0.000211535
0.000214305
0.00021678500000000002
0.00021558500000000002
0.00021507400000000002
0.00022311400000000001
0.00023471500000000001
0.00021207500000000002
0.000210134
0.00019884500000000001
0.000215825
0.00021844500000000003
0.000209595
0.000216624
0.000208774
0.00020941500000000001
0.00020512500000000001
0.00021886500000000003
0.000193964
0.00019756500000000002
0.00019770400000000002
0.00018290400000000001
0.00017479400000000001
0.00019597500000000001
0.000194744
0.00018866400000000001
0.000180564
0.00015777300000000002
0.000186694
0.00021102500000000002
0.00017923400000000001
0.00019628500000000001
0.000181664
0.00021757500000000002
0.00023891500000000003
0.00020002500000000002
0.00022350500000000001
0.00019792400000000001
0.00021659500000000001
0.00019707400000000002
0.00019594500000000002
0.00019588400000000001
0.00019151500000000001
0.00016025300000000001
0.00015728400000000002
0.00018503400000000002
0.00023998500000000001
0.00017050400000000001
0.00016582400000000002
0.00017973400000000002
0.000184954
0.00018410400000000001
0.00020648400000000002
0.00018617400000000002
0.00020720500000000002
0.00019042400000000002
0.00018653500000000002
0.00023358500000000002
0.00023620500000000002
0.00021087500000000002
0.00021013500000000002
0.000208774
0.00021028500000000002
0.00026732600000000002
0.00020806500000000001
0.00020867500000000002
0.000207364
0.00020879500000000001
0.00020950500000000002
0.00021023400000000001
0.00024679600000000003
0.00023226500000000003
0.000211895
0.00020876500000000002
0.00022166500000000001
0.00022295500000000002
0.00022144500000000002
0.00021365500000000001
0.00020733400000000002
0.00020711500000000001
0.00021445500000000001
0.000234245
0.00021657500000000002
0.00021594500000000002
0.00021259500000000002
0.00021541500000000002
0.00021397500000000001
0.00023281500000000001
0.00021797500000000003
0.00021847500000000001
0.000237805
0.00023062500000000001
0.00022417500000000001
0.00021713400000000001
0.00023238100000000001
0.00020180500000000002
0.00020194400000000002
0.00020081500000000002
0.000201244
0.00019905500000000001
0.00019990400000000002
0.00016070400000000001
0.00015989300000000001
0.000181454
0.00016151300000000001
0.00019737500000000001
0.000177684
0.00016034300000000002
0.000159894
0.00015932300000000001
0.00015780300000000001
0.000158104
0.00015822300000000001
0.00015765400000000002
0.00015801300000000001
0.00017581400000000002
0.00015776400000000002
0.000157873
0.00015846400000000001
0.00015958300000000001
0.000173294
0.00016096400000000001
0.000161464
0.00016209300000000001
0.00015965400000000001
0.00017707400000000002
0.00015785300000000001
0.00018274400000000001
0.00017991400000000001
0.000158283
0.00015820400000000001
0.00015811300000000001
0.00015804400000000001
0.00015831300000000001
0.000175644
0.000170404
0.00016008400000000001
0.000220275
0.00027137999999999999
0.00025638500000000003
0.000282942
0.00018476400000000002
0.000206455
0.00020663500000000002
0.00021256400000000002
0.00020181500000000002
0.00021601500000000001
0.000205484
0.00020483400000000001
0.00020460500000000001
0.00020713400000000001
0.00020764500000000001
0.00021070500000000002
0.00021776500000000003
0.00025830600000000003
0.000209924
0.00020836500000000002
0.000209645
0.00020807400000000001
0.00020710500000000002
0.000205775
0.00020651400000000001
0.000212155
0.00023568500000000002
0.00020555400000000002
0.00020610500000000002
0.00020475400000000003
0.00020620500000000002
0.00020752500000000002
0.00021386500000000001
0.00020873400000000002
0.00021473500000000002
0.00023111500000000003
0.00021050500000000002
0.00020957500000000001
0.00020771400000000001
0.00020779500000000001
0.000206245
0.00020562400000000001
0.00020510500000000002
0.00020558500000000002
0.00023914500000000002
0.00022400500000000002
0.000205665
0.00020576400000000002
0.00020809500000000002
0.00020903500000000002
0.00020978400000000002
0.00021282400000000002
0.00021609500000000002
0.00022731500000000001
0.000183494
0.00020799500000000002
0.00019281500000000002
0.00015926300000000001
0.00019761500000000002
0.00018351400000000002
0.000180034
0.00022212500000000002
0.000185904
0.00019986500000000003
0.00021188400000000002
0.000158154
0.000169784
0.00017954400000000001
0.00016702400000000002
0.00016810300000000001
0.00021700500000000001
0.000188655
0.00021125400000000002
0.00021979500000000001
0.000199965
0.00045187000000000005
0.000212575
0.000213935
0.000213964
0.00022438500000000001
0.00021858500000000001
0.00023316600000000001
0.00021555400000000002
0.000213434
0.00022452500000000002
0.00021275500000000002
0.00022954500000000003
0.00021965500000000002
0.000218645
0.00022157500000000001
0.00023253600000000001
0.00022138500000000002
0.00021555400000000002
0.00021381500000000001
0.000214095
0.000229435
0.00020061500000000002
0.000214825
0.00019064400000000001
0.00023976500000000002
0.00021972400000000003
0.00021480400000000003
0.00020987500000000002
0.00021724500000000002
0.00018219400000000002
0.00020490500000000002
0.000202654
0.00016530400000000002
0.000158374
0.00017619400000000001
0.00015785300000000001
0.00015767400000000001
0.00015817300000000001
0.00015807400000000002
0.00017214400000000002
0.00018183400000000002
0.00015830300000000002
0.00015914400000000001
0.00015982400000000001
0.00016124300000000001
0.00016581400000000002
0.00017939400000000001
0.00016248400000000001
0.000162783
0.00015934400000000001
0.00015932300000000001
0.00015929400000000001
0.00015809400000000001
0.00017175300000000002
0.00016070400000000001
0.000157684
0.000157823
0.00015948400000000002
0.00018309400000000002
0.00018932400000000002
0.00016257400000000002
0.00016029300000000002
0.00018538500000000001
0.00018652400000000001
0.00016204300000000001
0.00016278400000000002
0.00015969400000000002
0.00015789300000000001
0.00015755400000000002
0.000157603
0.00017441400000000001
0.000157844
0.00016193300000000001
0.00015796400000000002
0.00015782400000000001
0.00015962300000000001
0.00015964400000000002
0.00015930300000000002
0.00016029400000000001
0.00016125300000000001
0.000162213
0.00026181100000000003
0.00028634600000000004
0.000269039
0.00028287599999999999
0.00028955500000000004
0.000207574
0.00022882600000000001
0.000218495
0.00020248400000000001
0.000207025
0.00020360400000000002
0.00020140500000000001
0.000202265
0.00022331500000000003
0.00020855400000000001
0.00020709500000000002
0.00022998500000000001
0.00016650400000000002
0.00020951500000000002
0.00021605500000000002
0.00022987500000000002
0.00022290500000000002
0.00021863500000000001
0.00024112500000000002
0.00022391500000000001
0.000220955
0.000215405
0.00021542500000000002
0.00020832500000000001
0.00023421500000000002
0.000211005
0.00022893500000000002
0.00023374500000000002
0.00021317500000000002
0.00021522500000000001
0.00023004500000000001
0.00021496500000000001
0.000214725
0.00021704500000000002
0.000213935
0.000221375
0.00021420400000000001
0.00019592400000000002
0.00015770400000000002
0.00015737300000000001
0.00017065400000000001
0.000210535
0.000212284
0.00021360500000000001
0.00021434500000000001
0.00021513500000000001
0.00025796599999999999
0.00026014500000000004
0.00017158400000000002
0.00019889500000000001
0.00018685400000000002
0.00018905400000000002
0.000207185
0.000198445
0.00020037400000000002
0.00019872500000000002
0.000190924
0.00020606500000000001
0.000200664
0.000191745
0.00022667500000000002
0.00022373500000000003
0.00021821500000000001
0.00022339500000000001
0.00024696500000000003
0.00023161600000000003
0.00046876500000000006
0.00024243600000000001
0.00021562500000000002
0.000215114
0.00021601400000000002
0.000215615
0.00021539500000000001
0.00021609500000000002
0.00022123500000000002
0.00023772500000000002
0.000217705
0.000217915
0.00021778500000000002
0.00023818500000000002
0.00022760500000000003
0.00021412400000000003
0.000221995
0.00020824500000000002
0.000177004
0.000157954
0.00015773300000000002
0.00015770400000000002
0.00015778300000000002
0.00015851400000000001
0.000157923
0.00015814300000000002
0.000158794
0.000159903
0.00015987400000000001
0.00016104300000000001
0.00017829400000000001
0.00016394400000000001
0.00015959400000000002
0.00015931300000000001
0.00015844400000000002
0.000169934
0.00015772300000000002
0.00015783400000000001
0.00015774300000000001
0.00015767400000000001
0.00015780300000000001
0.000158314
0.00015809400000000001
0.000184804
0.00020305400000000001
0.00020293500000000001
0.000228755
0.00020356500000000001
0.00018322400000000001
0.000159073
0.00015870400000000002
0.000158684
0.000157453
0.00015755400000000002
0.000176004
0.00015754300000000001
0.00015739400000000002
0.00018824400000000001
0.00015767300000000002
0.000157484
0.000158424
0.00015955300000000002
0.00017783400000000001
0.000160624
0.00016128300000000002
0.000161884
0.00017699400000000001
0.000158054
0.000157713
0.00015735400000000001
0.000156933
0.00015731400000000001
0.00015715300000000002
0.00015731400000000001
0.00015759300000000001
0.00015749400000000002
0.000157553
0.000158574
0.00017638400000000002
0.00018373400000000001
0.000160994
0.00016140300000000001
0.00016143400000000001
0.00015907400000000002
0.000158553
0.00020557500000000002
0.00070089499999999999
0.00026211499999999999
0.000219664
0.00022146400000000002
0.00030626700000000004
0.00022217500000000002
0.000201275
0.00020183500000000001
0.000205324
0.000258676
0.00020105500000000001
0.00020666400000000001
0.00016204400000000002
0.000162454
0.00015956300000000002
0.00017724400000000001
0.00020376500000000001
0.00019795400000000002
0.00020126500000000001
0.00020102400000000001
0.00020112500000000002
0.00017714400000000001
0.00015889300000000001
0.00015849400000000002
0.00015866400000000001
0.000159433
0.00017926400000000002
0.00016094400000000002
0.00016170300000000002
0.000186925
0.000162423
0.00016306400000000001
0.00020218500000000002
0.000175403
0.00015824400000000001
0.00018949400000000001
0.00021593500000000003
0.000213045
0.000205355
0.00020669400000000002
0.00018965400000000001
0.00022204500000000001
0.00021715500000000002
0.00024066500000000001
0.000219595
0.00021469500000000002
0.000216925
0.00024103500000000001
0.00022112500000000002
0.00021397500000000001
0.00023483500000000002
0.000237075
0.00023484500000000002
0.00021260500000000002
0.00021307500000000002
0.00021668500000000002
0.00021764500000000001
0.00022237500000000002
0.00021676400000000001
0.000217574
0.00021820500000000002
0.00023916600000000002
0.00021725500000000002
0.00026670600000000002
0.00021386400000000002
0.00020999400000000002
0.00021311500000000002
0.000210275
0.00020912400000000001
0.000208354
0.00021638500000000001
0.00023818500000000002
0.00044089400000000005
0.00024348500000000002
0.00026099599999999999
0.00042063400000000003
0.00027136599999999999
0.00020163400000000001
0.00021073500000000001
0.00019254400000000001
0.00017064400000000001
0.00020156400000000002
0.00020543500000000001
0.00020296500000000002
0.00020210400000000002
0.00020115500000000001
0.00022747500000000001
0.000215665
0.00016251300000000001
0.00017945400000000001
0.00019026400000000002
0.00018288400000000002
0.00020526500000000002
0.000206784
0.00020904500000000002
0.00019725400000000001
0.000218669
0.00016430400000000002
0.00016267400000000002
0.00016029300000000002
0.000172444
0.000165964
0.00016222300000000002
0.00018815500000000002
0.000191404
0.00017493400000000002
0.00023837500000000001
0.00020071500000000002
0.000195484
0.00020898500000000002
0.00018183400000000002
0.00016189400000000002
0.00019952400000000002
0.00018749500000000001
0.000185434
0.000183334
0.00023364000000000002
0.000159464
0.000172184
0.00019305400000000001
0.00018111400000000001
0.00018138400000000001
0.00018013500000000002
0.000198784
0.00019337400000000001
0.00021426500000000002
0.00022102500000000002
0.00021706500000000001
0.00024840600000000001
0.00022060500000000002
0.00022631500000000002
0.00022201500000000002
0.00022732500000000001
0.00029020599999999999
0.00021909500000000002
0.00021774500000000001
0.00022214500000000001
0.000212105
0.00021091500000000002
0.00021181500000000002
0.00021263400000000001
0.00021992500000000002
0.00023639600000000002
0.000219905
0.000215534
0.000222234
0.00046592000000000004
0.00021679500000000001
0.000216925
0.00022758500000000001
0.00022124500000000001
0.00021716500000000001
0.00021743500000000001
0.000216035
0.00022968500000000001
0.00023317500000000002
0.00021720500000000002
0.00021469500000000002
0.00021642500000000002
0.00026460600000000002
0.000209955
0.00015900300000000001
0.000159314
0.00016060300000000002
0.00017882400000000001
0.00016203300000000001
0.00016251400000000002
0.000193544
0.00019293500000000001
0.000178884
0.00015824300000000002
0.00019117400000000001
0.00019873400000000003
0.00020001400000000001
0.00019083400000000002
0.000200924
0.00020056500000000002
0.00020089400000000002
0.00021175500000000002
0.00022935000000000002
0.00020046500000000001
0.00021763400000000002
0.00021414400000000002
0.00020264500000000002
0.00021148500000000003
0.00023631500000000002
0.000165064
0.00015826300000000001
0.00017640400000000001
0.00018960500000000003
0.000158283
0.00015797400000000002
0.000196104
0.00017869400000000002
0.00015835400000000001
0.00015888300000000002
0.00020918500000000002
0.000174014
0.00016136400000000002
0.00018178400000000002
0.00016237400000000001
0.00016039300000000002
0.000159414
0.00015826300000000001
0.00015760400000000002
0.00015768300000000001
0.00021050500000000002
0.00015786400000000002
0.000157863
0.000157944
0.00015777300000000002
0.000175754
0.000159154
0.000159903
0.000173413
0.00016180400000000001
0.00016199400000000002
0.000161953
0.000160194
0.00016049400000000001
0.00015957300000000001
0.00015780400000000002
0.00015783300000000002
0.00017481400000000002
0.00015797400000000002
0.00015763300000000001
0.00015787400000000001
0.000157713
0.00017872400000000001
0.00027225600000000002
0.00022855500000000002
0.00021287500000000001
0.00021080500000000003
0.00023129500000000001
0.00022038500000000003
0.00024149500000000002
0.00023120500000000001
0.00023938500000000003
0.00020472400000000001
0.00022433500000000001
0.00018800400000000002
0.00016450400000000002
0.00019835400000000001
0.00021191500000000002
0.00021089500000000001
0.00022078500000000001
0.00020920400000000003
0.00023659100000000003
0.000162153
0.00016185400000000001
0.00016184400000000002
0.00016245300000000001
0.000160094
0.000159204
0.00015942300000000001
0.00016053400000000002
0.00015852300000000001
0.000177114
0.000158214
0.000157403
0.00015787400000000001
0.00015728300000000001
0.00015787400000000001
0.00015869400000000002
0.00015924300000000002
0.00020780500000000001
0.00016854400000000002
0.000232205
0.000162504
0.00016531400000000001
0.00015904300000000002
0.00015780400000000002
0.000157873
0.00020206500000000002
0.000166164
0.00015801300000000001
0.00017724400000000001
0.000158414
0.00015778300000000002
0.000157634
0.000159223
0.00017708400000000001
0.00016049400000000001
0.00016116400000000002
0.000161433
0.00020601500000000001
0.00021040500000000002
0.000221055
0.00023188500000000001
0.00021462500000000003
0.000215615
0.00026069600000000004
0.000220325
0.00021942500000000001
0.000225975
0.000219905
0.00022043500000000003
0.00022556500000000003
0.000260566
0.000221735
0.00022360500000000001
0.00021989500000000001
0.000214534
0.00018462400000000001
0.00019015400000000002
0.00020117500000000002
0.00021714400000000001
0.00020372500000000001
0.000215565
0.00017984400000000002
0.00021438500000000002
0.00023848000000000001
0.00036108000000000001
0.00030534700000000003
0.00031531700000000002
0.00020669500000000001
0.00019869400000000002
0.000232995
0.00021197500000000002
0.00017933400000000001
0.00023511500000000001
0.00016715400000000001
0.000159483
0.00019292300000000001
0.00015727300000000001
0.00015998400000000001
0.00021939500000000002
0.00021328400000000003
0.00023094500000000001
0.00021623500000000001
0.00021679500000000001
0.00024710500000000001
0.00021605500000000002
0.00022873500000000001
0.00021866500000000002
0.00022296500000000002
0.00022134500000000002
0.00021764500000000001
0.00022020500000000001
0.00022028500000000002
0.00023999600000000002
0.00021694500000000002
0.00021957400000000002
0.00021515400000000001
0.00021719500000000002
0.000216505
0.00023364600000000001
0.00022216500000000003
0.00022297500000000001
0.00023653500000000001
0.000223045
0.000227445
0.00022379500000000002
0.00021928500000000003
0.000251246
0.00022662500000000002
0.00023920500000000001
0.00021855400000000001
0.00024327600000000001
0.00021743500000000001
0.000226865
0.00022091500000000002
0.000213045
0.00020603400000000001
0.00020346400000000002
0.00020455500000000001
0.00021794500000000001
0.00023541500000000002
0.00022814500000000002
0.00021951500000000002
0.00023470500000000001
0.00021554400000000002
0.000221585
0.00022691600000000002
0.00022688500000000002
0.00022151500000000001
0.00022840500000000002
0.00022593500000000002
0.00022750600000000001
0.000429264
0.00021193500000000001
0.00016665400000000002
0.00015847300000000001
0.00015955400000000001
0.00016026400000000002
0.00017587400000000002
0.00016248300000000002
0.00019061500000000002
0.00016020300000000001
0.00018191400000000001
0.00015782400000000001
0.00015773300000000002
0.000157684
0.00015774300000000001
0.000157973
0.00015819400000000001
0.00015846300000000002
0.000158054
0.00015780300000000001
0.000159154
0.00017792400000000001
0.00016073300000000001
0.00016183400000000002
0.000161714
0.00016182300000000001
0.000177324
0.00020262500000000001
0.00016316400000000001
0.00018305400000000001
0.00021192500000000001
0.00019079400000000002
0.00017665400000000002
0.00015824300000000002
0.000158004
0.000157854
0.00015798300000000002
0.000165544
0.00016224300000000001
0.000201745
0.00018262400000000002
0.000162454
0.000162583
0.000160304
0.00019598
0.00017651400000000001
0.00017092300000000002
0.000157844
0.00015761400000000001
0.00015768300000000001
0.00015766400000000001
0.000169803
0.00017545400000000002
0.00015833400000000002
0.00017814400000000001
0.00015998400000000001
0.00016073300000000001
0.000161404
0.00016197300000000002
0.00016244300000000002
0.000159574
0.000159693
0.00015898400000000001
0.000157873
0.00015777400000000001
0.000158314
0.00015804300000000002
0.00021851500000000002
0.00019096400000000001
0.00018949400000000001
0.00019155500000000002
0.000200144
0.00015991400000000001
0.00018620400000000001
0.00016179400000000002
0.00021523500000000001
0.00020510400000000001
0.00018761400000000001
0.000159443
0.00015824400000000001
0.00015811300000000001
0.00015740400000000001
0.00015768300000000001
0.000157954
0.00015798300000000002
0.00015777400000000001
0.000177164
0.00015824300000000002
0.000176393
0.00049933600000000007
0.00037558800000000005
0.00023889500000000001
0.00029275200000000002
0.00024147
0.00021211500000000002
0.000210795
0.000210695
0.000216314
0.00020908400000000001
0.00021546500000000002
0.00020842500000000001
0.00024685500000000003
0.00023599600000000001
0.00021021400000000002
0.00023117600000000001
0.00020811400000000002
0.00022732500000000001
0.00025342600000000001
0.00021617500000000001
0.000234565
0.000221945
0.00023500600000000001
0.000213224
0.00023371500000000001
0.00021212500000000002
0.00023787500000000002
0.00021157500000000001
0.000211735
0.00021044400000000001
0.00021548500000000001
0.00027126600000000004
0.00020976500000000002
0.00021284500000000003
0.000225875
0.00023784500000000001
0.000229955
0.00023638500000000001
0.00021678500000000002
0.00022087500000000002
0.00023514500000000003
0.00021554500000000001
0.00023753500000000001
0.00021286500000000002
0.00023629500000000003
0.00021117400000000001
0.00023071500000000002
0.00021196400000000001
0.00023645600000000001
0.00021423400000000002
0.00022250400000000002
0.00023537500000000002
0.00021688500000000002
0.000217705
0.000225345
0.00026953600000000002
0.00022323500000000001
0.00023929500000000002
0.00021729500000000003
0.00023415500000000002
0.000211294
0.00021222500000000002
0.00023776500000000002
0.000211184
0.00021465500000000001
0.000221585
0.00070990100000000009
0.00017755400000000001
0.00015917400000000002
0.00021623500000000001
0.00016580300000000001
0.00020991500000000003
