3.49829063482310616E+01
4.58768999999999985E-04
4.36386999999999995E-04
4.36169999999999993E-04
3.83963999999999985E-04
4.94097999999999998E-04
4.01805999999999995E-04
4.33352999999999983E-04
4.13875000000000018E-04
4.05478999999999985E-04
4.28511000000000018E-04
4.12704999999999973E-04
4.51456999999999998E-04
4.17135000000000010E-04
4.34849000000000010E-04
4.12521000000000003E-04
7.18491199999999990E-03
8.84697000000000044E-04
3.11351999999999983E-03
4.89894000000000050E-04
3.79597999999999980E-04
4.74922000000000018E-04
4.40720000000000022E-04
3.88449000000000021E-04
4.18458000000000024E-04
4.22844999999999981E-04
4.22693000000000027E-04
4.04093000000000009E-04
4.12649999999999974E-04
4.14492999999999990E-04
4.02197000000000025E-04
4.04417999999999976E-04
4.06270000000000025E-04
3.94743000000000025E-04
3.88893000000000019E-04
4.43973000000000013E-04
4.20223000000000005E-04
5.37605000000000027E-04
4.90360000000000015E-04
4.16074000000000001E-04
4.31100000000000016E-04
4.16658999999999996E-04
3.06991200000000016E-03
4.19270000000000016E-04
6.05764999999999971E-04
3.49322000000000001E-03
5.43780000000000001E-04
4.59006999999999991E-04
5.03597999999999958E-04
4.26063000000000017E-04
4.27233000000000007E-04
1.67376599999999993E-03
4.32010999999999994E-04
4.20960000000000008E-04
4.43570000000000010E-04
4.16811000000000004E-04
4.20668000000000018E-04
4.17883000000000024E-04
4.84649999999999990E-04
4.38586999999999994E-04
4.17559000000000018E-04
4.17548000000000008E-04
4.20104999999999990E-04
4.45844999999999998E-04
4.48142000000000006E-04
4.46224000000000002E-04
4.24287000000000026E-04
4.62886000000000027E-04
4.24731000000000023E-04
4.44837000000000010E-04
4.28532000000000023E-04
4.28185999999999996E-04
4.29984000000000009E-04
4.21370999999999974E-04
4.58400999999999991E-04
5.63491999999999964E-04
1.07186299999999994E-03
1.05677099999999997E-03
4.62886000000000027E-04
4.04828999999999996E-04
4.08587999999999985E-04
4.29311999999999999E-04
4.57425999999999981E-04
4.35390000000000017E-04
4.32054000000000021E-04
4.33255999999999973E-04
7.25307000000000013E-04
4.37882000000000006E-04
3.57855000000000022E-04
3.07987000000000018E-04
3.07694999999999974E-04
3.38592000000000027E-04
3.34919999999999999E-04
5.77916000000000042E-04
4.15033999999999998E-04
4.17472000000000004E-04
4.13376999999999983E-04
4.72828000000000007E-04
4.51878999999999974E-04
4.84066000000000010E-04
4.61216999999999985E-04
4.33830000000000012E-04
4.92753999999999978E-04
4.47730000000000025E-04
5.00748999999999986E-04
4.16887000000000008E-04
4.65127999999999982E-04
4.21870000000000025E-04
4.19984999999999998E-04
4.61976000000000010E-04
5.80527999999999969E-04
4.83154999999999978E-04
5.80083000000000009E-04
4.28707000000000014E-04
4.71920999999999983E-04
5.62467999999999996E-04
8.52058000000000047E-04
4.13408999999999999E-04
4.97922000000000035E-04
5.49239999999999993E-04
5.25611999999999954E-04
4.77219000000000026E-04
5.36369999999999989E-04
4.52680000000000009E-04
5.04052999999999966E-04
1.11790499999999998E-03
6.09874999999999957E-04
4.86937000000000004E-04
8.28854999999999978E-04
4.38489000000000023E-04
3.13685999999999978E-04
3.62296000000000016E-04
3.44177999999999997E-04
3.09839999999999974E-04
3.11562999999999998E-04
3.13220999999999975E-04
3.13631999999999995E-04
3.87516999999999983E-04
4.46321999999999973E-04
4.26031000000000001E-04
4.25478000000000022E-04
4.62507000000000022E-04
4.35813000000000010E-04
4.36299999999999980E-04
4.28488999999999997E-04
3.98382999999999984E-04
3.89402000000000010E-04
3.97267999999999992E-04
4.35422999999999995E-04
3.89000999999999984E-04
3.44648000000000025E-04
4.35239000000000025E-04
4.12856999999999981E-04
4.09648999999999994E-04
3.75773999999999997E-04
3.69857999999999981E-04
4.03117999999999998E-04
3.72230999999999994E-04
3.65946999999999985E-04
3.81591000000000027E-04
4.03312000000000017E-04
4.15197000000000016E-04
4.08177000000000019E-04
4.07699999999999989E-04
4.07581000000000013E-04
4.20937999999999987E-04
3.97559999999999982E-04
4.01384000000000018E-04
4.13689999999999978E-04
4.08219999999999991E-04
4.57231000000000000E-04
4.37947000000000000E-04
4.48910000000000010E-04
4.07829999999999976E-04
4.30483000000000005E-04
4.40688000000000006E-04
4.24610999999999977E-04
4.09010000000000016E-04
4.10570999999999983E-04
4.12119999999999978E-04
4.49355000000000024E-04
4.25801999999999973E-04
4.15445999999999979E-04
4.10538000000000005E-04
4.00582999999999983E-04
4.30612999999999992E-04
4.13127000000000004E-04
4.30016999999999986E-04
3.94612999999999984E-04
3.93724999999999989E-04
4.46711999999999988E-04
4.13073999999999982E-04
3.98881000000000019E-04
4.07343000000000006E-04
4.04872000000000023E-04
4.23863000000000018E-04
4.26648000000000012E-04
4.07364000000000012E-04
4.05423999999999986E-04
4.16182999999999983E-04
4.46538999999999975E-04
4.50578999999999997E-04
4.06670999999999996E-04
4.06996000000000018E-04
4.12087000000000000E-04
4.10690000000000013E-04
4.21468999999999999E-04
3.95879999999999984E-04
4.19670999999999987E-04
4.43863000000000016E-04
4.40459999999999994E-04
4.38478000000000012E-04
4.10214000000000000E-04
4.15847000000000005E-04
4.28673000000000021E-04
4.21772000000000000E-04
4.38672999999999993E-04
4.07375000000000022E-04
4.17742999999999988E-04
4.11340000000000002E-04
4.28002000000000027E-04
4.58617999999999992E-04
4.22790999999999998E-04
4.24145999999999974E-04
4.22118999999999988E-04
6.47879999999999984E-04
4.88950999999999947E-04
4.37697999999999982E-04
4.54674000000000018E-04
4.25023000000000013E-04
4.28793000000000013E-04
4.22909999999999974E-04
4.54781999999999984E-04
4.34458999999999995E-04
4.34447999999999985E-04
4.37937000000000005E-04
4.46149000000000014E-04
4.55139999999999983E-04
4.21405000000000022E-04
3.99997000000000026E-04
4.00245999999999989E-04
4.00906999999999989E-04
4.31447000000000005E-04
4.00409000000000008E-04
4.00689999999999987E-04
4.34881999999999988E-04
4.52767999999999986E-04
4.58423000000000012E-04
4.35141000000000000E-04
4.57892000000000000E-04
4.34178000000000016E-04
4.34426000000000018E-04
4.58010999999999976E-04
4.28132000000000013E-04
4.47047000000000004E-04
4.36864000000000024E-04
4.34729000000000018E-04
4.58878000000000020E-04
4.29475000000000017E-04
4.29919999999999977E-04
4.14232000000000001E-04
4.12618999999999974E-04
4.37687000000000026E-04
5.80917000000000022E-04
4.91941999999999987E-04
4.35737000000000006E-04
4.13549999999999996E-04
4.05057000000000008E-04
3.10100000000000002E-04
3.41635999999999980E-04
3.11974000000000019E-04
3.13534999999999986E-04
3.13275000000000012E-04
3.15344000000000008E-04
3.17435000000000026E-04
3.08052000000000011E-04
3.14639000000000021E-04
3.08627000000000012E-04
3.07814000000000004E-04
3.08355999999999973E-04
3.07791999999999983E-04
3.07932999999999981E-04
3.25050000000000013E-04
3.08008999999999985E-04
3.09212000000000007E-04
3.09481999999999975E-04
3.10187000000000017E-04
4.12942999999999980E-04
4.07743000000000016E-04
4.68566999999999974E-04
4.75008000000000017E-04
4.40829000000000004E-04
4.35108000000000023E-04
4.39625999999999982E-04
4.37146000000000019E-04
4.16799999999999994E-04
4.57610000000000005E-04
4.15250999999999999E-04
4.40775000000000021E-04
4.39691999999999991E-04
4.17613000000000001E-04
4.26376999999999973E-04
4.33353999999999998E-04
4.36657999999999979E-04
4.36312000000000006E-04
4.10873999999999983E-04
4.48931999999999977E-04
8.34526000000000039E-04
6.84213000000000030E-04
5.27615999999999957E-04
3.16091000000000007E-04
3.31235999999999998E-04
3.09688999999999982E-04
3.10414999999999975E-04
3.21463999999999984E-04
3.31572999999999991E-04
3.12732999999999989E-04
3.26924999999999991E-04
3.30239999999999982E-04
3.82977000000000003E-04
3.11974999999999980E-04
3.13231000000000024E-04
4.77641000000000003E-04
4.31371000000000001E-04
4.32508999999999975E-04
4.40568000000000014E-04
4.26648000000000012E-04
5.27270000000000039E-04
5.22395000000000042E-04
4.34815999999999979E-04
4.20158000000000011E-04
4.22693000000000027E-04
4.98311999999999995E-04
4.52691000000000020E-04
4.12401000000000011E-04
4.22497999999999992E-04
4.26431000000000011E-04
4.27601000000000001E-04
4.53807999999999989E-04
5.50096000000000027E-04
4.36083999999999994E-04
4.41402999999999989E-04
4.35986000000000023E-04
4.84521000000000019E-04
4.77208999999999977E-04
4.49127999999999973E-04
6.47905000000000052E-04
3.08648999999999978E-04
3.07836000000000025E-04
3.08008999999999985E-04
3.08019999999999995E-04
3.27412999999999977E-04
3.37487999999999992E-04
3.09233999999999974E-04
3.08551000000000008E-04
3.10696000000000008E-04
3.13209000000000003E-04
3.13599999999999979E-04
3.27465999999999998E-04
3.25495000000000027E-04
3.08019999999999995E-04
3.21183000000000005E-04
3.07575999999999997E-04
3.07705999999999984E-04
3.06838999999999994E-04
3.63195000000000022E-04
3.07023000000000018E-04
3.28506000000000002E-04
3.08128999999999977E-04
3.08875999999999975E-04
3.10046000000000019E-04
3.26534999999999976E-04
3.11780000000000000E-04
3.13327999999999979E-04
3.12645999999999974E-04
3.09947999999999994E-04
3.09557999999999979E-04
3.22830000000000024E-04
3.25115000000000007E-04
3.07532000000000009E-04
3.07467999999999977E-04
3.07099999999999984E-04
3.20066999999999997E-04
3.07639999999999975E-04
3.07381000000000017E-04
3.44741000000000025E-04
3.54983999999999974E-04
3.71926999999999978E-04
3.37975000000000016E-04
3.24562999999999989E-04
3.39231000000000005E-04
3.33857999999999974E-04
3.31616000000000018E-04
3.30576000000000014E-04
3.10414000000000013E-04
3.20685000000000024E-04
3.57377999999999993E-04
5.21816000000000033E-04
3.90181999999999985E-04
3.54583000000000003E-04
3.67668999999999993E-04
6.13004000000000001E-04
5.91123000000000039E-04
4.34556000000000005E-04
4.67451000000000021E-04
4.10277999999999977E-04
4.27016000000000006E-04
4.18782999999999992E-04
4.37274999999999990E-04
4.64694999999999995E-04
4.11620999999999981E-04
4.17839999999999997E-04
4.29757000000000012E-04
4.34481000000000016E-04
4.29279999999999983E-04
4.12488000000000026E-04
4.19259000000000005E-04
4.12216999999999987E-04
4.77077999999999975E-04
4.08978000000000000E-04
3.84049999999999984E-04
4.09096999999999976E-04
4.13700999999999988E-04
4.17916000000000001E-04
4.56754000000000025E-04
4.14557000000000022E-04
4.15662999999999981E-04
4.18230000000000012E-04
4.39453000000000022E-04
4.27536000000000008E-04
4.20744000000000022E-04
4.08339000000000022E-04
4.14460000000000013E-04
4.24632999999999998E-04
4.59656999999999980E-04
4.16550999999999976E-04
4.09248999999999984E-04
4.28380999999999977E-04
4.28923000000000000E-04
4.46191000000000025E-04
4.23030000000000021E-04
4.13279000000000012E-04
4.19769000000000012E-04
4.12064999999999979E-04
4.27904000000000001E-04
4.42486000000000019E-04
4.03670000000000016E-04
3.84104000000000021E-04
4.20202000000000000E-04
4.33289000000000005E-04
4.33927999999999983E-04
4.13799000000000014E-04
4.17394999999999984E-04
4.15304999999999982E-04
4.35445000000000016E-04
4.76195000000000004E-04
4.37036999999999983E-04
4.12467000000000020E-04
4.34599999999999993E-04
4.48877999999999994E-04
4.05553999999999973E-04
3.86358000000000003E-04
3.67582999999999994E-04
3.46121999999999977E-04
3.63748000000000001E-04
3.94319999999999979E-04
4.57404000000000014E-04
4.24913999999999977E-04
4.18110999999999982E-04
4.58564000000000009E-04
4.14742000000000008E-04
4.17060000000000022E-04
4.17700000000000016E-04
4.20493999999999989E-04
4.40362999999999985E-04
5.73770000000000031E-04
5.94929000000000009E-04
4.15727999999999974E-04
4.10029000000000014E-04
4.08002999999999990E-04
3.44389000000000012E-04
3.87526999999999978E-04
4.18630999999999984E-04
4.11934999999999992E-04
4.44067999999999991E-04
4.09964000000000021E-04
4.09530000000000018E-04
4.43191000000000006E-04
4.10267000000000021E-04
4.30862000000000009E-04
4.11892000000000020E-04
4.13138000000000014E-04
4.32594999999999974E-04
4.14144999999999986E-04
4.47849000000000001E-04
4.12216999999999987E-04
4.10808999999999990E-04
4.29768000000000023E-04
4.31306000000000007E-04
4.10517000000000000E-04
4.08576999999999974E-04
4.08415000000000026E-04
4.28900999999999978E-04
4.43808000000000017E-04
4.10450999999999991E-04
4.10765000000000002E-04
4.12368999999999995E-04
4.30546999999999983E-04
4.11902999999999976E-04
3.63942999999999981E-04
3.14521000000000006E-04
3.11345999999999997E-04
3.10056999999999976E-04
3.08606000000000006E-04
3.71289000000000016E-04
3.07694999999999974E-04
3.07943999999999991E-04
3.07337999999999991E-04
5.27118000000000031E-04
4.27330999999999978E-04
4.28696000000000003E-04
4.28176000000000001E-04
4.71790999999999996E-04
4.44025000000000019E-04
4.40698000000000001E-04
3.89694000000000000E-04
3.89413000000000020E-04
3.98361000000000017E-04
4.07461000000000021E-04
3.79262000000000002E-04
3.69750000000000016E-04
3.61820000000000002E-04
3.67691000000000014E-04
4.28185999999999996E-04
4.18857999999999980E-04
3.64982999999999985E-04
3.63498999999999984E-04
3.69209000000000009E-04
3.88242999999999976E-04
3.86562999999999978E-04
3.74084000000000005E-04
4.15348000000000008E-04
3.91080999999999992E-04
3.32731000000000010E-04
4.17449999999999983E-04
3.70084999999999978E-04
3.70638000000000011E-04
3.59219999999999993E-04
3.51333000000000006E-04
4.17786000000000015E-04
4.28067000000000020E-04
4.13624999999999984E-04
4.15477999999999995E-04
3.58960000000000019E-04
3.98740000000000021E-04
3.69089000000000016E-04
3.75665000000000016E-04
3.69967000000000017E-04
3.80031000000000021E-04
4.15477999999999995E-04
1.07432199999999995E-03
4.68524000000000002E-04
3.74040000000000017E-04
4.75474999999999997E-04
4.35900000000000024E-04
4.33180999999999985E-04
4.57078999999999992E-04
4.90749999999999975E-04
4.45694000000000006E-04
4.44804999999999994E-04
4.60486000000000022E-04
4.42572999999999979E-04
4.33678000000000004E-04
4.12530999999999998E-04
3.11692999999999985E-04
3.30045000000000002E-04
3.11227000000000021E-04
3.13209000000000003E-04
3.12559999999999975E-04
3.10090000000000008E-04
3.08821999999999992E-04
3.07358999999999996E-04
3.24583999999999994E-04
3.17933000000000007E-04
3.52827000000000002E-04
3.30597000000000020E-04
3.07955000000000002E-04
3.07629999999999980E-04
3.07836000000000025E-04
3.42286999999999984E-04
3.09395999999999977E-04
3.09395999999999977E-04
3.09936999999999984E-04
3.11172999999999983E-04
3.13469999999999992E-04
3.33750000000000008E-04
3.21583999999999976E-04
3.10294999999999983E-04
3.09698999999999977E-04
3.07208000000000004E-04
3.07175000000000026E-04
3.07295000000000018E-04
3.38268000000000021E-04
3.07543000000000020E-04
3.07347999999999985E-04
3.07597000000000003E-04
5.25720000000000028E-04
4.08675000000000000E-04
4.17169000000000003E-04
4.07006000000000013E-04
5.35348999999999959E-04
5.19469999999999958E-04
4.96849000000000054E-04
4.93035999999999973E-04
4.64824999999999982E-04
4.68628000000000013E-04
4.90327000000000037E-04
4.65647999999999984E-04
5.91936000000000046E-04
4.88984000000000033E-04
4.77717000000000007E-04
4.44057999999999996E-04
6.09031000000000004E-04
4.57632000000000026E-04
4.93199000000000046E-04
5.40856000000000041E-04
4.90564999999999990E-04
6.96684999999999948E-04
5.52382000000000025E-04
4.75593999999999973E-04
4.58802000000000016E-04
5.01356000000000002E-04
5.00435000000000029E-04
4.34784000000000017E-04
3.56511000000000002E-04
3.81559000000000011E-04
3.53045000000000019E-04
3.63412000000000023E-04
5.07682999999999984E-04
3.63748000000000001E-04
4.31252000000000024E-04
5.02373999999999985E-04
4.31314999999999986E-04
4.63666000000000002E-04
6.06932000000000023E-04
5.07217000000000019E-04
4.18947999999999988E-04
3.10966999999999993E-04
3.09082000000000020E-04
3.07640999999999991E-04
3.07402999999999984E-04
3.37844999999999975E-04
3.18962000000000000E-04
3.06796000000000022E-04
3.06589999999999977E-04
3.20792999999999990E-04
3.07553999999999976E-04
3.08128000000000015E-04
3.72853999999999991E-04
4.45704000000000000E-04
4.21230999999999993E-04
4.27189000000000019E-04
4.77240999999999993E-04
4.31565999999999981E-04
4.11318999999999997E-04
3.99432999999999982E-04
4.34946999999999981E-04
4.22509000000000003E-04
4.40472000000000021E-04
3.95599000000000005E-04
3.82902000000000014E-04
4.36809999999999987E-04
3.58774999999999979E-04
3.99997000000000026E-04
3.65578999999999991E-04
3.56013000000000022E-04
3.86596000000000010E-04
3.50260000000000024E-04
3.41517000000000003E-04
4.06648999999999975E-04
3.72143999999999980E-04
4.00506000000000017E-04
4.14567999999999979E-04
3.67691000000000014E-04
3.83030999999999986E-04
3.90907999999999978E-04
4.69575999999999978E-04
3.97310000000000003E-04
3.92857999999999998E-04
4.00007999999999983E-04
3.18127999999999987E-04
3.46404000000000026E-04
3.20674000000000013E-04
3.09947999999999994E-04
3.09720999999999998E-04
3.11454999999999978E-04
3.13340000000000005E-04
3.71560000000000000E-04
3.46869999999999991E-04
3.10717999999999975E-04
3.28787999999999997E-04
3.08194000000000024E-04
3.07446000000000011E-04
3.07792999999999999E-04
4.18999999999999993E-04
3.27887999999999975E-04
3.07705999999999984E-04
3.07501000000000009E-04
3.07890000000000008E-04
3.08713000000000010E-04
3.29599999999999988E-04
3.09742000000000003E-04
3.11898000000000015E-04
3.13707999999999999E-04
3.12690000000000017E-04
3.10945000000000026E-04
3.09926999999999989E-04
3.35493999999999983E-04
3.07619000000000024E-04
3.08021000000000011E-04
3.51788000000000014E-04
3.22602000000000012E-04
3.07282999999999992E-04
3.07499999999999993E-04
3.25353999999999975E-04
3.08322999999999996E-04
3.09374000000000010E-04
3.09806999999999997E-04
3.09362999999999999E-04
3.11292000000000014E-04
3.21118000000000011E-04
3.31127999999999978E-04
3.11595000000000014E-04
3.09850999999999985E-04
3.08366999999999984E-04
3.07825000000000015E-04
3.07511000000000004E-04
3.07326999999999980E-04
3.25678999999999997E-04
4.32893000000000004E-04
4.59566000000000011E-04
4.39701999999999986E-04
3.88535000000000020E-04
4.03171000000000020E-04
3.88859999999999987E-04
3.88567999999999997E-04
4.35570999999999994E-04
6.36905000000000002E-04
8.54931999999999979E-04
5.13511000000000024E-04
4.58562999999999994E-04
4.56028999999999994E-04
4.35293000000000008E-04
4.76709999999999981E-04
4.94466000000000046E-04
4.55476000000000015E-04
4.76275999999999978E-04
3.56695999999999988E-04
5.58549999999999997E-04
4.31089000000000006E-04
3.61949999999999989E-04
3.08897999999999996E-04
3.08779000000000020E-04
3.37899000000000012E-04
3.14043000000000015E-04
3.13936000000000011E-04
3.11877000000000009E-04
3.09905000000000022E-04
3.08734999999999977E-04
3.08214999999999976E-04
3.35841000000000026E-04
3.07955000000000002E-04
3.07467999999999977E-04
3.07067000000000006E-04
3.20988000000000024E-04
3.07337999999999991E-04
3.07760000000000021E-04
3.27347000000000022E-04
3.09050000000000004E-04
3.10111000000000013E-04
3.12083000000000000E-04
5.97754000000000037E-04
3.42612000000000006E-04
3.92998999999999996E-04
3.49805999999999978E-04
3.73434000000000016E-04
3.08280000000000023E-04
3.07814000000000004E-04
3.08355999999999973E-04
3.07977000000000023E-04
3.07501000000000009E-04
3.07575999999999997E-04
3.25591999999999982E-04
3.07987999999999979E-04
3.32721000000000015E-04
3.09633999999999983E-04
3.09622999999999973E-04
3.24421999999999992E-04
3.13653000000000000E-04
3.36371999999999984E-04
3.11368000000000018E-04
3.09991999999999982E-04
3.09050000000000004E-04
3.80606000000000022E-04
4.28197000000000007E-04
4.47196000000000019E-04
3.68080999999999975E-04
3.39415999999999991E-04
4.64467999999999999E-04
4.73427000000000006E-04
3.84775999999999977E-04
3.61679000000000004E-04
3.61440999999999998E-04
3.74949999999999979E-04
3.73758000000000022E-04
4.21815999999999988E-04
3.71320999999999977E-04
4.73080999999999979E-04
3.66413000000000003E-04
3.65155999999999998E-04
3.62654000000000015E-04
3.81959000000000020E-04
4.99047999999999983E-04
3.11054000000000007E-04
3.12245000000000003E-04
3.12342999999999974E-04
3.76021999999999999E-04
1.29609299999999990E-03
4.69331999999999985E-04
5.35731000000000011E-04
3.83670999999999980E-04
4.10625000000000020E-04
4.70074000000000013E-04
4.47058000000000015E-04
4.19908999999999994E-04
4.22876999999999997E-04
4.42507999999999986E-04
4.15576000000000020E-04
4.40356999999999999E-04
4.34512999999999978E-04
4.16691999999999974E-04
4.19323999999999999E-04
4.23495000000000024E-04
3.89836000000000013E-04
4.30559000000000009E-04
4.36257000000000008E-04
4.27362999999999994E-04
4.04893999999999990E-04
4.12412999999999983E-04
4.40526000000000004E-04
4.26040999999999996E-04
4.04969999999999994E-04
4.37708999999999993E-04
4.26614999999999980E-04
4.24882000000000016E-04
4.56158999999999981E-04
4.44804999999999994E-04
4.12736999999999989E-04
3.07608999999999975E-04
3.37714999999999988E-04
3.89953999999999973E-04
3.27099000000000020E-04
3.21432000000000022E-04
3.08995000000000005E-04
3.08411000000000026E-04
3.10869999999999983E-04
5.96680000000000040E-04
3.13110999999999977E-04
3.91741999999999991E-04
3.54777999999999984E-04
3.09557999999999979E-04
3.07933999999999996E-04
3.07760000000000021E-04
3.37314000000000017E-04
3.08236999999999997E-04
3.07143000000000010E-04
3.07360000000000012E-04
3.65026999999999973E-04
3.07412999999999979E-04
3.27239000000000002E-04
3.09114999999999997E-04
3.09082000000000020E-04
3.11193999999999989E-04
3.13121999999999988E-04
3.79273000000000012E-04
3.57421999999999981E-04
3.47790000000000002E-04
3.08692000000000005E-04
3.20640999999999982E-04
3.08517999999999976E-04
3.07587000000000008E-04
3.07360000000000012E-04
3.06969999999999997E-04
3.24714999999999997E-04
3.07532000000000009E-04
3.07684000000000017E-04
3.08951999999999979E-04
3.09092999999999976E-04
3.39924999999999982E-04
3.11302000000000009E-04
3.69478999999999977E-04
3.13155000000000020E-04
3.09970000000000015E-04
3.10153999999999985E-04
3.09320000000000027E-04
3.07966000000000012E-04
3.28962000000000026E-04
3.07663000000000012E-04
3.07219000000000014E-04
3.06330000000000003E-04
3.20099999999999974E-04
3.58461999999999984E-04
3.13340000000000005E-04
3.24953000000000004E-04
3.09395999999999977E-04
3.09212000000000007E-04
3.10425000000000024E-04
3.13025999999999994E-04
4.02792000000000015E-04
3.94168999999999986E-04
4.09433000000000008E-04
3.45298000000000013E-04
3.51550000000000007E-04
3.75307000000000017E-04
3.19590000000000022E-04
3.13285000000000007E-04
3.33024000000000015E-04
3.07284000000000008E-04
3.32634000000000000E-04
3.44431999999999985E-04
3.91092000000000002E-04
3.45277000000000008E-04
3.27715999999999977E-04
3.11812000000000016E-04
3.62989999999999992E-04
3.13599000000000017E-04
3.11140000000000006E-04
3.44951999999999986E-04
3.09580000000000001E-04
3.26816000000000010E-04
3.07976000000000007E-04
3.06861000000000015E-04
3.08008999999999985E-04
3.07533000000000025E-04
3.07716999999999995E-04
3.20554999999999983E-04
4.61218000000000001E-04
4.02531999999999987E-04
4.07808000000000009E-04
3.85350000000000015E-04
4.10126000000000024E-04
4.13755999999999987E-04
3.86325000000000026E-04
3.27216999999999981E-04
3.13447000000000009E-04
3.90495999999999996E-04
3.27389999999999994E-04
3.37108000000000026E-04
3.14811999999999980E-04
3.07749000000000011E-04
3.25267000000000015E-04
3.23219000000000024E-04
3.58299000000000020E-04
3.88893000000000019E-04
3.57909000000000005E-04
3.56955000000000000E-04
4.36832000000000008E-04
3.95827000000000017E-04
4.58552999999999999E-04
3.91709999999999975E-04
3.90473999999999975E-04
3.88794999999999993E-04
3.89402000000000010E-04
3.86986000000000025E-04
4.05337999999999987E-04
3.87257000000000009E-04
3.86954000000000009E-04
3.87472999999999995E-04
4.19487000000000017E-04
4.06312999999999998E-04
3.68460999999999995E-04
3.75275000000000001E-04
3.56846999999999980E-04
3.31984000000000012E-04
3.49024999999999986E-04
3.78688000000000017E-04
4.93002999999999996E-04
4.58206000000000010E-04
4.89027999999999967E-04
4.55442999999999983E-04
4.65681000000000016E-04
4.28728000000000019E-04
4.06139999999999984E-04
4.07644999999999991E-04
4.39387999999999975E-04
4.18881000000000017E-04
4.29062999999999981E-04
4.21632000000000018E-04
4.03939999999999985E-04
4.63296999999999993E-04
4.32140999999999981E-04
4.47740999999999981E-04
3.98912999999999980E-04
4.32986000000000005E-04
4.33614000000000026E-04
4.14536000000000017E-04
5.97347000000000026E-04
6.98158999999999954E-04
4.06734999999999974E-04
4.07557999999999976E-04
4.66552999999999976E-04
4.52356000000000004E-04
4.26473999999999983E-04
4.32237999999999991E-04
5.05234000000000022E-04
4.56451000000000025E-04
4.80641999999999983E-04
4.88171999999999987E-04
4.34047000000000014E-04
4.75290000000000012E-04
4.55270000000000024E-04
4.54284000000000003E-04
4.53537000000000005E-04
5.08700999999999967E-04
5.05559999999999950E-04
4.70967999999999994E-04
4.50036999999999974E-04
4.55985000000000006E-04
4.65605999999999973E-04
4.50893000000000008E-04
4.94239000000000050E-04
4.63654999999999992E-04
4.74467000000000009E-04
3.98837999999999992E-04
3.52535000000000012E-04
3.43239999999999973E-04
3.53802999999999973E-04
3.57442999999999986E-04
4.29128999999999990E-04
3.94254999999999985E-04
3.51386999999999988E-04
4.08697000000000021E-04
3.61959999999999984E-04
3.38093999999999992E-04
7.49991999999999998E-04
4.09585000000000016E-04
4.13073000000000021E-04
4.23029000000000005E-04
4.50849999999999981E-04
4.04103000000000003E-04
4.02316000000000002E-04
4.33083000000000014E-04
4.08652999999999979E-04
4.17699000000000000E-04
4.64710999999999976E-04
4.15294000000000026E-04
4.23137999999999986E-04
4.23451999999999997E-04
4.38748999999999997E-04
4.19409999999999998E-04
4.40232999999999998E-04
4.23246000000000006E-04
4.16994999999999974E-04
4.44046000000000024E-04
4.17049000000000011E-04
4.10938999999999977E-04
4.26789000000000010E-04
4.53992000000000013E-04
4.48704999999999981E-04
4.29214999999999989E-04
4.17828999999999987E-04
4.37893000000000017E-04
4.24177999999999990E-04
4.48207000000000000E-04
4.31013000000000002E-04
4.27622000000000006E-04
4.19541000000000000E-04
4.18695999999999977E-04
4.55314000000000012E-04
4.40156999999999994E-04
4.28879999999999973E-04
4.21762000000000005E-04
7.84853999999999977E-04
4.14372999999999998E-04
4.18891000000000012E-04
4.45444000000000027E-04
4.13624999999999984E-04
5.05949000000000004E-04
4.11631999999999992E-04
3.35200999999999978E-04
3.10901999999999999E-04
3.34367000000000019E-04
3.22958999999999996E-04
3.54876000000000009E-04
4.51142000000000025E-04
4.34394000000000002E-04
4.34653999999999976E-04
4.39160000000000017E-04
4.00744000000000024E-04
4.25684000000000012E-04
4.04438999999999981E-04
3.94818999999999975E-04
4.10149000000000006E-04
3.98599000000000024E-04
4.85792999999999989E-04
4.72375999999999992E-04
5.05841000000000038E-04
4.87175000000000010E-04
5.27128999999999987E-04
4.72691000000000018E-04
4.65799999999999992E-04
4.72722999999999980E-04
5.05332000000000047E-04
4.71933000000000010E-04
4.75625999999999989E-04
5.02061000000000044E-04
4.86569000000000010E-04
5.44018999999999970E-04
4.95375999999999954E-04
6.05818999999999954E-04
4.23691000000000020E-04
4.25000999999999992E-04
4.25370000000000002E-04
5.06507000000000008E-04
4.37274999999999990E-04
4.58183999999999989E-04
4.33809000000000007E-04
4.65020000000000017E-04
4.35022000000000024E-04
4.77023999999999992E-04
4.37135000000000008E-04
5.06945999999999981E-04
4.55573999999999985E-04
4.33592000000000005E-04
4.67251999999999978E-04
4.57935000000000026E-04
4.62387999999999992E-04
4.10309999999999993E-04
4.32757999999999993E-04
4.60719000000000005E-04
4.30536999999999988E-04
4.31533000000000003E-04
4.15618999999999993E-04
4.34988999999999992E-04
4.20007000000000019E-04
4.80121999999999982E-04
4.43429000000000013E-04
4.08480000000000019E-04
4.33266999999999984E-04
4.54089000000000023E-04
4.28900999999999978E-04
4.72387000000000002E-04
4.29909000000000020E-04
4.42225999999999991E-04
4.41305000000000018E-04
4.46949999999999995E-04
8.10005000000000035E-04
4.15266999999999980E-04
3.72306999999999998E-04
3.31237000000000014E-04
3.33186999999999980E-04
3.21800000000000016E-04
3.45010999999999994E-04
4.14134999999999991E-04
4.02087999999999990E-04
4.00940000000000020E-04
3.85003000000000027E-04
3.89694000000000000E-04
3.66174999999999997E-04
3.70042000000000005E-04
3.61321000000000005E-04
3.58406999999999986E-04
3.86607000000000021E-04
3.66900999999999989E-04
3.50996999999999974E-04
3.58440000000000017E-04
3.21952000000000024E-04
3.58234000000000026E-04
4.14146000000000002E-04
4.63481999999999978E-04
3.77648000000000014E-04
3.07206999999999988E-04
3.07316000000000024E-04
3.06816999999999973E-04
3.07467999999999977E-04
3.68893999999999982E-04
3.20598000000000009E-04
3.10814999999999985E-04
3.11660000000000008E-04
3.12332000000000018E-04
3.13121999999999988E-04
3.40856000000000004E-04
3.29698000000000014E-04
3.09926999999999989E-04
3.44475000000000011E-04
3.85350000000000015E-04
3.91536000000000000E-04
3.90473999999999975E-04
4.00592999999999978E-04
3.10999000000000009E-04
3.49285000000000014E-04
3.61201999999999975E-04
3.31410000000000027E-04
4.83616999999999988E-04
3.42297999999999995E-04
3.11909999999999987E-04
3.13793999999999998E-04
3.12894999999999992E-04
3.30207000000000005E-04
3.10305999999999993E-04
3.09515000000000007E-04
3.08355999999999973E-04
3.08084999999999989E-04
3.07760000000000021E-04
3.10544000000000000E-04
3.55709000000000006E-04
3.43814999999999973E-04
3.07901000000000019E-04
3.07195999999999977E-04
3.09071000000000009E-04
3.09006000000000016E-04
3.33565000000000023E-04
3.11193999999999989E-04
3.11812000000000016E-04
3.13534999999999986E-04
3.10339000000000025E-04
3.09850999999999985E-04
3.54161000000000027E-04
3.26448000000000016E-04
3.07316000000000024E-04
3.06817999999999989E-04
3.06579000000000020E-04
3.06547000000000004E-04
3.06816999999999973E-04
3.25343000000000019E-04
3.25581000000000026E-04
3.09406999999999987E-04
3.22949000000000001E-04
3.09894000000000011E-04
3.11692999999999985E-04
4.03735000000000010E-04
3.14639999999999983E-04
3.31041999999999979E-04
3.09212000000000007E-04
3.09244999999999984E-04
3.07619999999999985E-04
3.07349000000000001E-04
3.07153000000000005E-04
3.06937000000000019E-04
3.25418000000000007E-04
3.07154000000000021E-04
3.07640999999999991E-04
3.33077999999999998E-04
3.08442999999999988E-04
3.08616000000000001E-04
4.15814999999999989E-04
4.46549000000000024E-04
4.59094000000000006E-04
4.18663000000000000E-04
4.17992000000000005E-04
4.06703000000000012E-04
4.28435000000000014E-04
4.15001999999999982E-04
3.99433999999999998E-04
4.07061000000000011E-04
3.50228000000000008E-04
3.55892999999999975E-04
3.73747999999999973E-04
3.39242000000000016E-04
3.89716000000000021E-04
4.11404999999999996E-04
4.22487999999999998E-04
4.96410999999999988E-04
4.74554000000000024E-04
4.38120000000000013E-04
4.73968999999999975E-04
4.81411000000000003E-04
4.75637000000000000E-04
4.85582999999999989E-04
3.98469999999999998E-04
3.85457999999999981E-04
3.69825000000000004E-04
3.14952999999999978E-04
3.10252000000000010E-04
3.21463999999999984E-04
3.12504999999999977E-04
3.09688999999999982E-04
3.28376999999999977E-04
3.38970999999999977E-04
3.17954000000000012E-04
3.13664000000000011E-04
3.17889000000000019E-04
3.62578000000000011E-04
4.27027000000000016E-04
4.27665999999999995E-04
3.99801999999999992E-04
4.02175000000000004E-04
4.20072000000000013E-04
3.90442000000000013E-04
9.99071999999999938E-04
4.34068999999999980E-04
4.23158999999999992E-04
4.11037000000000002E-04
4.08751000000000004E-04
4.26398999999999995E-04
4.31599000000000013E-04
4.11675999999999980E-04
3.74008000000000001E-04
3.19773999999999991E-04
4.06562000000000015E-04
3.98555999999999997E-04
4.25629999999999975E-04
3.44886999999999993E-04
3.67984000000000019E-04
4.08057000000000027E-04
4.01525000000000016E-04
4.34849000000000010E-04
3.78904000000000003E-04
3.42741999999999992E-04
3.53369000000000025E-04
3.24303000000000015E-04
3.64755999999999989E-04
4.09379000000000025E-04
4.19270000000000016E-04
4.25238999999999999E-04
4.26452000000000016E-04
4.06150999999999995E-04
4.49691000000000001E-04
4.17201000000000019E-04
4.04600999999999984E-04
4.14308000000000005E-04
4.16994999999999974E-04
4.16702999999999984E-04
4.37807000000000018E-04
4.08002999999999990E-04
4.65048000000000024E-04
4.17319999999999996E-04
4.18664000000000015E-04
1.69764999999999998E-03
4.33950000000000004E-04
4.67934999999999998E-04
4.71867000000000000E-04
4.68822999999999994E-04
5.12071000000000011E-04
5.03934000000000044E-04
4.65746000000000009E-04
5.47832000000000050E-04
4.67133000000000001E-04
5.79562999999999953E-04
4.89905000000000006E-04
4.60902999999999975E-04
4.62941000000000025E-04
5.31690000000000027E-04
5.99605000000000016E-04
4.76860999999999973E-04
4.64793000000000020E-04
5.34919000000000019E-04
5.36163999999999998E-04
4.87651999999999986E-04
4.57870999999999994E-04
4.93123000000000042E-04
4.58054000000000002E-04
4.76450000000000007E-04
5.63183999999999994E-04
4.85940000000000026E-04
4.32161999999999987E-04
3.52980000000000026E-04
3.39448000000000007E-04
3.87051000000000018E-04
4.04828999999999996E-04
3.58818000000000006E-04
3.86942999999999998E-04
7.00328999999999969E-04
4.28911999999999989E-04
4.16161000000000016E-04
4.13689999999999978E-04
4.40048999999999974E-04
4.20537999999999977E-04
4.06724999999999979E-04
4.08576999999999974E-04
4.63698999999999980E-04
4.13527999999999975E-04
4.26875000000000008E-04
4.18296000000000022E-04
4.14688000000000025E-04
3.95479999999999974E-04
4.25608000000000008E-04
4.27155999999999988E-04
4.43732000000000013E-04
4.44307000000000014E-04
4.34013999999999982E-04
4.30818999999999983E-04
4.34642000000000004E-04
4.35141000000000000E-04
4.48390000000000008E-04
4.27460000000000004E-04
4.17016999999999995E-04
4.19550999999999995E-04
4.29529000000000000E-04
4.63828000000000005E-04
3.41084999999999978E-04
4.00560000000000000E-04
3.72674999999999992E-04
3.31485999999999977E-04
4.04525999999999996E-04
4.23396999999999999E-04
4.10050000000000020E-04
4.02683999999999996E-04
4.01502999999999994E-04
4.42638000000000027E-04
6.59342000000000044E-04
5.53074999999999986E-04
4.52712999999999987E-04
4.28869000000000017E-04
4.52280000000000000E-04
4.21621000000000007E-04
4.18761000000000025E-04
4.62138000000000013E-04
4.24686999999999981E-04
4.59299999999999997E-04
4.14449000000000002E-04
4.25141999999999990E-04
4.21501999999999977E-04
4.29344999999999976E-04
4.12477999999999977E-04
4.11416000000000006E-04
4.10938999999999977E-04
5.01205000000000010E-04
4.68237999999999998E-04
4.31361000000000006E-04
4.22520000000000014E-04
4.28521999999999974E-04
4.24772999999999980E-04
4.31706999999999978E-04
3.99835000000000023E-04
4.01525000000000016E-04
4.53158000000000000E-04
4.18175999999999975E-04
4.60806000000000019E-04
4.25433999999999979E-04
4.14698000000000020E-04
4.22066000000000021E-04
4.21523999999999998E-04
4.36171000000000009E-04
4.21729999999999989E-04
4.36832000000000008E-04
4.21664999999999996E-04
4.13084999999999993E-04
6.21023999999999968E-04
4.46593000000000012E-04
4.09692999999999982E-04
3.79521999999999976E-04
3.08236999999999997E-04
3.28962000000000026E-04
3.20219000000000005E-04
3.81786000000000007E-04
3.11399999999999980E-04
3.18236000000000007E-04
4.05316999999999982E-04
4.53796000000000017E-04
4.16746000000000011E-04
4.16313000000000024E-04
4.21501999999999977E-04
4.70715000000000022E-04
4.46885000000000001E-04
4.91066999999999979E-04
3.90095999999999987E-04
3.81818999999999984E-04
3.93399000000000006E-04
4.91801000000000044E-04
4.07103999999999984E-04
3.99574999999999995E-04
4.16127999999999984E-04
4.46125999999999977E-04
4.41728000000000010E-04
4.33765000000000019E-04
4.40688000000000006E-04
4.24968999999999976E-04
4.05922999999999983E-04
4.15045000000000008E-04
4.19563000000000021E-04
4.08652999999999979E-04
4.17038000000000001E-04
4.46938999999999984E-04
4.16138999999999995E-04
4.07916999999999991E-04
4.12477999999999977E-04
4.08153999999999982E-04
4.21295999999999986E-04
4.66384999999999988E-04
4.13906999999999979E-04
5.27058999999999969E-04
4.35725999999999995E-04
4.00094999999999997E-04
4.13246999999999996E-04
5.41880000000000009E-04
4.26301000000000024E-04
4.20104999999999990E-04
4.22206000000000003E-04
4.55562999999999975E-04
4.11534999999999982E-04
5.10896999999999957E-04
4.74303999999999991E-04
6.25760999999999960E-04
4.32866000000000012E-04
4.33417999999999976E-04
4.57154999999999996E-04
4.25596999999999998E-04
4.15208000000000027E-04
3.75545999999999985E-04
3.61321000000000005E-04
3.11281000000000003E-04
3.32201000000000013E-04
3.14302999999999989E-04
3.10934000000000015E-04
3.10023999999999998E-04
3.08962999999999989E-04
3.08313000000000001E-04
3.25755000000000001E-04
3.08019999999999995E-04
3.07217999999999998E-04
3.07511000000000004E-04
3.07511000000000004E-04
3.92705999999999990E-04
4.12704999999999973E-04
4.62614999999999988E-04
4.26267999999999992E-04
4.34502000000000022E-04
4.47913999999999994E-04
4.49007999999999981E-04
4.28565000000000001E-04
4.34209999999999978E-04
4.46279000000000001E-04
4.10387000000000013E-04
4.37621999999999978E-04
4.36950999999999984E-04
4.33083000000000014E-04
4.35855999999999982E-04
4.34816999999999994E-04
4.57804999999999985E-04
4.59246000000000014E-04
5.22762999999999982E-04
4.24004999999999977E-04
4.28890000000000022E-04
4.29919000000000015E-04
4.20623999999999976E-04
4.11275000000000009E-04
3.64420000000000011E-04
3.64128000000000021E-04
3.64203000000000009E-04
3.67268000000000022E-04
4.28500000000000007E-04
4.26755999999999978E-04
4.32628000000000006E-04
4.45736000000000016E-04
4.24731000000000023E-04
4.21718000000000017E-04
4.25088000000000007E-04
4.19714999999999975E-04
4.42843000000000002E-04
4.69634999999999985E-04
3.86563999999999994E-04
3.12797999999999982E-04
3.13047000000000000E-04
3.13654000000000016E-04
3.10793000000000018E-04
3.31388000000000006E-04
3.09503999999999997E-04
3.07271999999999981E-04
3.07987000000000018E-04
3.07750000000000027E-04
3.07034999999999990E-04
3.38495000000000018E-04
4.30873000000000020E-04
3.89553000000000002E-04
3.95610000000000015E-04
3.75827000000000019E-04
4.36792999999999990E-04
3.91200999999999984E-04
4.01601000000000020E-04
3.65839000000000019E-04
4.29151000000000012E-04
4.64338000000000012E-04
4.51500000000000024E-04
4.27741999999999999E-04
4.22303999999999974E-04
4.41425000000000010E-04
4.50384999999999978E-04
4.36592999999999985E-04
4.34264000000000015E-04
4.37209999999999997E-04
4.39550999999999993E-04
4.51217999999999975E-04
4.22800999999999993E-04
4.30178999999999989E-04
3.84146999999999993E-04
4.13332999999999995E-04
4.45833999999999987E-04
4.16908000000000014E-04
4.31978000000000017E-04
4.89190000000000024E-04
4.29366999999999997E-04
3.85295999999999978E-04
3.14174000000000018E-04
3.10370999999999987E-04
3.10035000000000009E-04
3.13946000000000006E-04
3.35222999999999999E-04
3.32416999999999999E-04
3.79315999999999985E-04
3.63292999999999993E-04
3.43987000000000025E-04
3.90659000000000015E-04
3.68352000000000013E-04
8.42991999999999982E-04
4.18359999999999999E-04
4.36832000000000008E-04
4.18424999999999993E-04
4.42162000000000013E-04
3.76530999999999990E-04
3.08463999999999993E-04
3.46976999999999995E-04
3.23707000000000009E-04
3.25917000000000004E-04
3.25526999999999989E-04
3.07196999999999993E-04
3.06796000000000022E-04
3.08486000000000014E-04
3.09667000000000015E-04
3.09309999999999978E-04
3.10414999999999975E-04
3.42189000000000013E-04
3.13988999999999978E-04
3.47736000000000019E-04
3.10393000000000008E-04
3.08159999999999977E-04
3.07575999999999997E-04
3.06968999999999981E-04
3.87516999999999983E-04
4.27665999999999995E-04
4.23732999999999976E-04
4.22726000000000005E-04
4.34685999999999992E-04
4.43656000000000009E-04
4.69051000000000006E-04
4.29399000000000013E-04
4.33266999999999984E-04
4.54457999999999978E-04
4.57892000000000000E-04
4.26940000000000002E-04
4.34567000000000015E-04
4.26463999999999988E-04
4.33311000000000026E-04
5.30685000000000033E-04
5.10542000000000005E-04
5.40555999999999979E-04
4.07558999999999992E-04
4.16550999999999976E-04
7.07410000000000005E-04
4.10105000000000018E-04
5.47447999999999967E-04
4.26831999999999982E-04
4.47469999999999997E-04
4.66255000000000001E-04
4.54847999999999993E-04
4.56526999999999974E-04
4.63233000000000015E-04
4.58520999999999983E-04
4.58498000000000000E-04
4.61218000000000001E-04
4.29519000000000005E-04
4.38045000000000025E-04
4.16399000000000023E-04
4.32963999999999983E-04
4.11242999999999993E-04
4.00180999999999996E-04
3.91242999999999994E-04
3.90962000000000015E-04
3.96585000000000026E-04
4.37882000000000006E-04
4.07516000000000020E-04
4.19053999999999976E-04
4.21935999999999980E-04
4.65550999999999975E-04
4.35662000000000018E-04
4.33441000000000013E-04
4.06876000000000026E-04
4.03659000000000006E-04
4.20657000000000008E-04
4.48542000000000016E-04
4.13527999999999975E-04
4.27515000000000002E-04
4.15542999999999989E-04
4.31079000000000011E-04
4.36030000000000011E-04
4.24945999999999993E-04
4.24221999999999978E-04
6.12015000000000042E-04
4.82262000000000012E-04
4.29279999999999983E-04
4.51142999999999987E-04
4.62616000000000004E-04
4.14048999999999993E-04
4.10701000000000024E-04
4.10581999999999993E-04
4.38489000000000023E-04
4.32508999999999975E-04
4.24036999999999992E-04
4.23311000000000000E-04
4.12986000000000006E-04
4.17352000000000012E-04
4.18771999999999981E-04
4.11892000000000020E-04
4.13473999999999992E-04
4.10787000000000023E-04
4.31371000000000001E-04
4.43850999999999989E-04
4.15349000000000024E-04
4.12001000000000001E-04
4.12423999999999994E-04
3.95166000000000018E-04
4.30927000000000003E-04
4.18641999999999994E-04
4.33342999999999988E-04
4.09465000000000024E-04
4.22173000000000025E-04
4.25899999999999998E-04
4.08036000000000022E-04
4.08869999999999980E-04
4.11751000000000022E-04
4.51325999999999995E-04
4.33407999999999981E-04
4.21318000000000007E-04
4.36137999999999977E-04
4.64521999999999982E-04
5.49700999999999987E-04
4.56007000000000027E-04
4.41821000000000011E-04
4.88453000000000021E-04
4.42658999999999978E-04
4.00723000000000019E-04
3.08431999999999977E-04
3.07694999999999974E-04
3.27781000000000025E-04
4.08684999999999994E-04
4.28305000000000027E-04
3.90343999999999988E-04
3.11540999999999977E-04
3.09764999999999986E-04
3.30782000000000005E-04
3.12949999999999990E-04
3.14010999999999999E-04
3.10783000000000023E-04
3.13826999999999975E-04
3.09429000000000008E-04
3.07663000000000012E-04
3.79776999999999979E-04
3.07185999999999983E-04
3.07240999999999981E-04
3.07120999999999989E-04
3.07467000000000016E-04
3.07564999999999987E-04
3.26307000000000018E-04
3.43890000000000016E-04
3.10153999999999985E-04
3.09200999999999996E-04
3.57724999999999981E-04
3.13946000000000006E-04
3.53747999999999975E-04
3.29578999999999983E-04
3.75231999999999974E-04
3.58602000000000020E-04
3.74343000000000017E-04
3.16459000000000000E-04
3.33479000000000024E-04
3.45201000000000004E-04
3.59263000000000019E-04
3.58027999999999981E-04
3.58178999999999974E-04
3.53683999999999997E-04
4.00950999999999977E-04
3.55893999999999991E-04
3.68666000000000024E-04
3.59381999999999996E-04
3.78233000000000009E-04
6.38222000000000030E-04
4.08989000000000011E-04
4.06832999999999999E-04
4.47989999999999998E-04
4.02110000000000011E-04
3.81330999999999999E-04
3.74625000000000012E-04
3.74918000000000018E-04
3.99942999999999989E-04
3.71255000000000022E-04
3.70769000000000014E-04
3.78578999999999982E-04
4.01752000000000012E-04
4.14557999999999984E-04
4.46852999999999985E-04
4.19832999999999990E-04
4.34719000000000023E-04
4.15110000000000002E-04
3.96995999999999992E-04
4.40871999999999976E-04
3.97744000000000006E-04
4.08067999999999983E-04
4.16475000000000027E-04
4.01058999999999997E-04
4.15391999999999996E-04
3.66748999999999981E-04
3.60248000000000024E-04
3.60107999999999988E-04
3.86238000000000011E-04
4.17839999999999997E-04
4.34317999999999998E-04
4.15597000000000026E-04
4.09553000000000000E-04
4.10711000000000019E-04
4.21762000000000005E-04
4.40861999999999981E-04
3.94103999999999993E-04
4.08697000000000021E-04
4.13386999999999978E-04
4.32454999999999992E-04
4.33830999999999974E-04
4.37059000000000004E-04
4.18468000000000019E-04
4.16106999999999979E-04
4.38087999999999997E-04
4.45747000000000027E-04
4.10765000000000002E-04
4.23526999999999986E-04
4.42107999999999976E-04
4.20352999999999992E-04
4.48931999999999977E-04
4.32119000000000014E-04
4.32660000000000022E-04
4.24772999999999980E-04
4.40513999999999977E-04
4.38326000000000004E-04
4.14351999999999993E-04
4.29323000000000009E-04
4.38390999999999998E-04
4.16550999999999976E-04
4.59701000000000022E-04
4.20461999999999973E-04
4.15456999999999990E-04
4.36819999999999982E-04
4.33851999999999979E-04
4.40634000000000023E-04
4.41532999999999975E-04
4.32020999999999989E-04
4.22076000000000016E-04
4.50828000000000014E-04
4.37070000000000015E-04
3.89619000000000011E-04
3.69760000000000011E-04
3.72383000000000002E-04
3.93366999999999990E-04
3.57204999999999979E-04
4.10820000000000000E-04
4.11058000000000007E-04
4.31121999999999983E-04
4.19476000000000007E-04
4.31934999999999990E-04
4.50146000000000010E-04
4.13723000000000010E-04
4.17070999999999978E-04
4.32725999999999977E-04
4.15401999999999991E-04
4.55497999999999981E-04
4.13917999999999990E-04
4.27959000000000000E-04
4.11208999999999999E-04
4.22985999999999978E-04
4.29844000000000027E-04
4.09920999999999994E-04
4.25554000000000026E-04
4.10515999999999984E-04
4.09399999999999977E-04
4.30635000000000013E-04
4.09867000000000011E-04
4.26637000000000001E-04
4.12835000000000014E-04
4.39886000000000010E-04
4.35725999999999995E-04
4.29637999999999982E-04
4.12488999999999987E-04
4.11729000000000001E-04
4.09854999999999985E-04
4.42410999999999976E-04
4.64972000000000020E-04
4.33614000000000026E-04
4.68367999999999985E-04
4.03735000000000010E-04
4.22748000000000026E-04
3.97418000000000023E-04
4.53119999999999998E-04
4.43233999999999978E-04
4.11545999999999993E-04
4.27871999999999985E-04
4.20103999999999974E-04
4.53320000000000003E-04
4.87684000000000002E-04
4.40027000000000007E-04
4.16875999999999998E-04
4.14199999999999985E-04
4.55769000000000020E-04
4.06107000000000007E-04
4.14730999999999997E-04
3.98144999999999977E-04
6.93916999999999950E-04
1.55943399999999995E-03
5.48780000000000014E-04
5.89535999999999988E-04
6.41326000000000005E-04
7.90346999999999946E-04
4.11544999999999977E-04
5.19327999999999999E-04
7.77151000000000014E-04
8.06813999999999990E-04
4.76503999999999990E-04
4.29675999999999984E-04
7.41016999999999956E-04
5.68053000000000004E-04
4.08955999999999979E-04
4.13789000000000019E-04
4.37828000000000024E-04
6.46351999999999994E-04
4.80382000000000010E-04
4.49896999999999992E-04
4.13029999999999994E-04
5.15737000000000053E-04
4.00700999999999998E-04
4.28056000000000009E-04
4.28511000000000018E-04
4.06095999999999996E-04
4.10894999999999989E-04
4.05977999999999981E-04
4.17904999999999991E-04
4.44934999999999981E-04
4.20634999999999987E-04
4.07612999999999975E-04
4.04861999999999974E-04
4.02293999999999981E-04
4.05499999999999990E-04
4.58596000000000025E-04
4.66980999999999993E-04
4.10233999999999989E-04
4.21436999999999983E-04
4.31576999999999991E-04
4.11762999999999994E-04
4.29399999999999975E-04
4.14199999999999985E-04
4.14265999999999994E-04
4.31858999999999986E-04
4.12033000000000017E-04
4.10191999999999979E-04
4.21112000000000016E-04
4.19984999999999998E-04
4.24562000000000019E-04
3.35417999999999979E-04
4.25109999999999974E-04
4.24893000000000026E-04
4.25088000000000007E-04
4.58400999999999991E-04
4.24124000000000007E-04
4.06172000000000000E-04
4.81973999999999977E-04
4.57208999999999979E-04
4.24913999999999977E-04
5.61985999999999996E-04
4.24654000000000004E-04
4.18868999999999990E-04
4.44177000000000027E-04
4.52750999999999989E-04
4.08793999999999976E-04
3.95762000000000023E-04
4.56423999999999979E-04
4.21339000000000013E-04
4.17091999999999984E-04
4.09269999999999990E-04
4.29995000000000019E-04
4.17266000000000013E-04
4.17277000000000023E-04
4.10570000000000021E-04
4.49386999999999985E-04
4.55962999999999985E-04
4.67662999999999998E-04
4.09801000000000002E-04
4.04786000000000024E-04
4.10223999999999994E-04
3.84428999999999988E-04
3.75621999999999989E-04
3.71364000000000004E-04
3.73953000000000002E-04
3.56890000000000007E-04
3.08183000000000014E-04
3.21996000000000012E-04
3.59088999999999990E-04
3.22710999999999994E-04
3.54226000000000020E-04
3.09471999999999981E-04
3.38950000000000026E-04
3.15679999999999986E-04
3.19503000000000007E-04
3.74223999999999987E-04
4.02683999999999996E-04
4.34729000000000018E-04
4.03887000000000018E-04
4.20038999999999981E-04
4.70257999999999982E-04
4.51087999999999988E-04
4.88529000000000025E-04
1.75434500000000004E-03
4.04569000000000022E-04
4.02824999999999993E-04
4.16843000000000020E-04
5.08993000000000011E-04
5.06350000000000029E-04
4.64186000000000004E-04
4.68573000000000015E-04
4.88431000000000000E-04
4.81628000000000004E-04
4.17081999999999989E-04
4.23636000000000021E-04
4.11221000000000026E-04
3.86670999999999998E-04
3.85209000000000018E-04
3.82933999999999976E-04
4.21219999999999982E-04
4.24546999999999999E-04
5.07812999999999971E-04
4.28023999999999993E-04
4.28273000000000011E-04
4.27362999999999994E-04
4.35173999999999978E-04
4.56213000000000018E-04
4.47826999999999980E-04
3.62567000000000000E-04
3.50889000000000008E-04
4.11155999999999978E-04
3.72891999999999993E-04
4.28035000000000004E-04
4.04221999999999980E-04
4.05945000000000004E-04
4.08480000000000019E-04
3.93703000000000022E-04
3.70139999999999976E-04
3.39545999999999978E-04
3.70931000000000017E-04
3.55589999999999975E-04
5.56812999999999969E-04
4.24600000000000021E-04
4.17373999999999979E-04
4.32931000000000006E-04
7.75802000000000024E-04
4.36495000000000014E-04
6.16615000000000045E-04
4.65540999999999980E-04
5.99740999999999989E-04
4.14449000000000002E-04
4.31186999999999977E-04
4.17178999999999998E-04
4.82104999999999979E-04
4.07006000000000013E-04
4.08078999999999994E-04
4.16182999999999983E-04
4.60730000000000015E-04
4.74000999999999990E-04
4.32692999999999999E-04
4.34522999999999973E-04
4.21383000000000001E-04
4.21979000000000006E-04
4.83312000000000010E-04
3.68775000000000006E-04
4.32790000000000008E-04
4.77343999999999989E-04
4.25823999999999994E-04
4.46473000000000020E-04
4.11437000000000011E-04
5.07915999999999966E-04
4.43412999999999978E-04
4.33624000000000021E-04
4.15608999999999998E-04
4.19118000000000008E-04
4.74915999999999977E-04
5.22801000000000038E-04
3.47509000000000023E-04
1.16793400000000003E-03
4.35043999999999991E-04
4.58314999999999992E-04
4.31717999999999989E-04
4.29452999999999996E-04
4.14936999999999988E-04
3.99249999999999974E-04
4.27991000000000016E-04
4.07591000000000008E-04
5.32910999999999953E-04
5.27075000000000004E-04
4.61980000000000019E-04
4.35455000000000011E-04
4.28391999999999987E-04
4.43471999999999985E-04
4.37112999999999987E-04
4.98149000000000031E-04
4.81022000000000003E-04
4.26181999999999993E-04
4.58737000000000023E-04
4.29117999999999980E-04
4.51434999999999976E-04
4.45606999999999991E-04
4.68356999999999975E-04
4.15249999999999983E-04
4.24654000000000004E-04
4.10288999999999988E-04
4.13473999999999992E-04
5.64276999999999964E-04
7.90920999999999985E-04
5.19156000000000001E-04
6.19816000000000030E-04
4.66569000000000011E-04
4.25987000000000013E-04
4.82234000000000005E-04
4.22379999999999978E-04
5.04259999999999973E-04
1.18701300000000000E-03
1.14638700000000001E-03
1.26212200000000007E-03
4.94248999999999990E-04
1.21169099999999998E-03
1.47019699999999991E-03
5.87976000000000037E-04
4.35239000000000025E-04
4.43960000000000025E-04
4.41598000000000023E-04
4.51738999999999993E-04
4.35651000000000007E-04
4.92896000000000046E-04
4.58596000000000025E-04
4.64542999999999987E-04
4.46473000000000020E-04
4.60871000000000013E-04
4.47751999999999992E-04
4.30481999999999989E-04
4.66807999999999980E-04
4.47578000000000017E-04
4.45930999999999997E-04
4.00397999999999997E-04
4.07634999999999996E-04
4.98538999999999992E-04
4.99140000000000022E-04
6.38437999999999961E-04
4.23604000000000005E-04
4.97261000000000035E-04
6.62982000000000003E-04
5.55051999999999998E-04
4.98772999999999990E-04
9.53149000000000032E-04
1.08438599999999990E-03
6.05682999999999981E-04
1.20850699999999994E-03
5.31478999999999958E-04
7.27724000000000014E-04
8.04787999999999966E-04
4.93718999999999994E-04
4.72106000000000023E-04
8.19922999999999963E-04
5.77586000000000050E-04
8.42961000000000036E-04
5.52285000000000015E-04
4.12292999999999991E-04
4.11361000000000007E-04
4.32832999999999981E-04
4.15077999999999986E-04
4.31555000000000025E-04
4.09844999999999990E-04
4.05110999999999991E-04
4.15391999999999996E-04
4.12953999999999990E-04
4.84582000000000003E-04
6.07449000000000031E-04
5.11528000000000026E-04
5.41916000000000034E-04
4.29551000000000021E-04
4.08827000000000008E-04
4.39550999999999993E-04
4.09562999999999995E-04
4.80814999999999997E-04
4.49488000000000003E-04
4.45269999999999997E-04
4.36474000000000009E-04
4.30363000000000013E-04
4.47372999999999987E-04
4.68032000000000007E-04
5.44366000000000012E-04
4.13332999999999995E-04
4.74727999999999999E-04
4.20971000000000019E-04
4.31089000000000006E-04
4.21880999999999981E-04
4.13376999999999983E-04
4.60686999999999989E-04
4.77336999999999987E-04
6.70359000000000037E-04
5.25515000000000053E-04
4.12791999999999987E-04
4.99774000000000030E-04
3.66033999999999999E-04
3.85165999999999991E-04
3.92717000000000001E-04
3.40021999999999991E-04
4.01990999999999980E-04
4.00517999999999989E-04
4.06918999999999998E-04
4.60286000000000018E-04
3.97071999999999996E-04
4.12433999999999989E-04
7.19397999999999999E-04
4.21784000000000026E-04
4.58996999999999997E-04
4.24351000000000003E-04
4.25911000000000009E-04
4.13494999999999998E-04
4.55324000000000007E-04
4.57257999999999992E-04
4.25998000000000023E-04
4.27340999999999973E-04
4.57343999999999991E-04
3.71731999999999998E-04
3.78698999999999974E-04
4.09541999999999990E-04
4.03474999999999982E-04
4.31382000000000011E-04
5.54125999999999946E-04
4.05869000000000000E-04
4.78086000000000017E-04
4.04352999999999982E-04
4.05781999999999985E-04
4.33083000000000014E-04
4.08208999999999981E-04
4.21501999999999977E-04
4.60762999999999993E-04
4.11362000000000023E-04
3.92154000000000027E-04
4.12174000000000015E-04
4.08143999999999987E-04
3.92012999999999975E-04
4.17666999999999984E-04
4.13420000000000009E-04
4.43299000000000026E-04
4.36874999999999980E-04
7.54705000000000046E-04
4.21826999999999998E-04
4.39268999999999998E-04
4.24210000000000006E-04
6.73306000000000035E-04
4.11231999999999982E-04
4.47111999999999998E-04
4.12911000000000018E-04
4.63416999999999985E-04
4.12532000000000014E-04
4.10408000000000018E-04
4.29008999999999998E-04
4.24762999999999985E-04
4.09574000000000006E-04
4.25357999999999975E-04
4.23678999999999994E-04
4.37188999999999991E-04
4.44252000000000015E-04
4.11155000000000017E-04
4.11524000000000026E-04
4.22714999999999994E-04
4.31165000000000010E-04
3.85154999999999981E-04
4.04265000000000006E-04
4.23853000000000023E-04
4.08305999999999990E-04
4.15965999999999981E-04
4.98826999999999973E-04
4.65203999999999986E-04
4.55118000000000016E-04
4.53687999999999997E-04
5.08766000000000014E-04
4.74812999999999982E-04
6.22812000000000040E-04
5.20455999999999979E-04
4.68931000000000014E-04
4.44621000000000024E-04
3.37367999999999999E-04
3.83670999999999980E-04
3.97569999999999976E-04
5.55794999999999987E-04
5.58574000000000050E-04
4.65719000000000018E-04
5.30231999999999947E-04
4.09833999999999980E-04
4.36181000000000004E-04
4.06518999999999988E-04
4.32130000000000025E-04
4.22800999999999993E-04
6.16142999999999986E-04
5.21100000000000035E-04
4.56878999999999987E-04
4.93550000000000043E-04
4.09854999999999985E-04
4.27568999999999985E-04
4.36388000000000010E-04
4.27536000000000008E-04
4.34165999999999990E-04
4.29096999999999975E-04
4.15294000000000026E-04
4.11675999999999980E-04
4.40829000000000004E-04
4.44631999999999981E-04
4.09757999999999976E-04
4.10526999999999995E-04
4.09412000000000003E-04
4.25174000000000005E-04
4.30005999999999975E-04
4.00171000000000001E-04
4.49159999999999989E-04
4.81839999999999981E-04
4.42834000000000023E-04
4.07895000000000024E-04
4.16788999999999983E-04
4.40590999999999997E-04
4.49430999999999973E-04
4.39356000000000013E-04
4.32464999999999987E-04
5.12780000000000007E-04
4.88562000000000002E-04
4.43082000000000024E-04
4.47134000000000019E-04
4.71053999999999993E-04
4.92655999999999953E-04
4.63818000000000010E-04
4.77023999999999992E-04
4.50936999999999996E-04
8.58392000000000031E-04
4.71276999999999981E-04
7.96425000000000019E-04
4.48580000000000018E-04
5.92812999999999977E-04
5.20000999999999970E-04
3.93595000000000002E-04
3.81005999999999977E-04
3.74257000000000018E-04
4.15565000000000010E-04
4.16735000000000000E-04
3.85285000000000022E-04
3.97060999999999985E-04
4.00148000000000018E-04
4.17634000000000007E-04
4.46715999999999997E-04
4.19573000000000016E-04
4.21067999999999974E-04
4.25012000000000003E-04
4.42139999999999992E-04
4.62831999999999990E-04
4.18295000000000006E-04
4.33430000000000002E-04
4.60069999999999978E-04
4.62290000000000021E-04
4.41835999999999976E-04
4.87847000000000020E-04
7.23049000000000022E-04
3.94688999999999988E-04
3.91764000000000012E-04
4.25954999999999997E-04
3.91817999999999995E-04
3.50845999999999981E-04
3.66510999999999974E-04
3.82900999999999999E-04
3.72989000000000003E-04
4.78707999999999998E-04
4.31610000000000023E-04
4.32660000000000022E-04
4.41804000000000014E-04
4.15618999999999993E-04
4.60318999999999995E-04
4.34578000000000026E-04
4.32573000000000007E-04
4.26810999999999976E-04
4.72023999999999979E-04
4.03669000000000000E-04
4.01904000000000020E-04
4.02099000000000000E-04
4.84319999999999998E-04
4.40796999999999988E-04
4.75345000000000010E-04
4.79406999999999999E-04
5.11682999999999973E-04
4.40406000000000011E-04
3.86921999999999993E-04
4.15869000000000026E-04
4.13182000000000002E-04
4.89633999999999968E-04
4.11004999999999986E-04
4.34653000000000014E-04
4.12770000000000021E-04
5.53583999999999977E-04
4.28856999999999990E-04
4.19725000000000024E-04
4.10311000000000009E-04
9.35557999999999963E-04
4.06303000000000003E-04
4.16009000000000008E-04
4.25888999999999988E-04
4.39973000000000024E-04
4.27882999999999996E-04
4.20906000000000025E-04
4.13559999999999991E-04
4.21264000000000024E-04
4.40948999999999996E-04
4.25357999999999975E-04
5.06708000000000028E-04
4.07050000000000001E-04
4.00030000000000004E-04
4.37232000000000018E-04
4.19367999999999987E-04
4.25932999999999976E-04
4.06941000000000019E-04
4.00582000000000021E-04
4.53904999999999999E-04
4.28997999999999988E-04
4.27189000000000019E-04
4.28218999999999974E-04
4.46029000000000022E-04
4.54165000000000027E-04
4.32270000000000007E-04
4.28804000000000023E-04
4.28738999999999976E-04
4.47632000000000000E-04
4.47936000000000016E-04
4.44490999999999983E-04
4.29062999999999981E-04
4.26995000000000000E-04
4.41760999999999987E-04
4.59966000000000021E-04
4.07884000000000013E-04
4.28673999999999982E-04
7.35431999999999948E-04
4.29248000000000021E-04
4.60795000000000009E-04
4.31262999999999981E-04
4.60155999999999977E-04
3.85350000000000015E-04
3.92911999999999981E-04
3.75317999999999973E-04
3.92326999999999986E-04
5.89505000000000042E-04
4.26193000000000004E-04
4.20287999999999998E-04
4.71022999999999993E-04
4.96221000000000032E-04
4.91843999999999962E-04
8.86446000000000044E-04
5.52089999999999981E-04
6.97097000000000038E-04
5.72022999999999954E-04
4.39897000000000020E-04
4.94520000000000029E-04
4.83209999999999976E-04
4.46180999999999976E-04
5.07177000000000040E-04
4.17797000000000025E-04
4.26332999999999985E-04
4.22152000000000020E-04
4.22206000000000003E-04
4.37590000000000017E-04
4.41869000000000007E-04
4.45265000000000027E-04
4.26343999999999996E-04
4.10061999999999992E-04
4.19541000000000000E-04
4.43124999999999997E-04
1.01249499999999997E-03
5.31136999999999994E-04
6.44786999999999964E-04
5.60259000000000017E-04
3.95090000000000014E-04
4.32498000000000019E-04
4.01622000000000025E-04
4.10398000000000024E-04
4.79483000000000003E-04
3.88676000000000017E-04
4.32963999999999983E-04
3.98469999999999998E-04
4.32184000000000008E-04
4.08880999999999991E-04
4.18348999999999989E-04
4.14426999999999981E-04
4.28749999999999986E-04
4.48677999999999989E-04
4.13431000000000020E-04
4.25695000000000023E-04
4.59663000000000020E-04
4.21621000000000007E-04
4.14081000000000009E-04
4.39037999999999993E-04
4.46679000000000011E-04
5.03610000000000039E-04
4.63666000000000002E-04
5.65433999999999967E-04
4.52822000000000023E-04
4.42183000000000018E-04
4.36895999999999986E-04
4.31359999999999990E-04
4.26215000000000025E-04
4.10755000000000007E-04
4.30700000000000006E-04
4.29702999999999975E-04
6.47907999999999991E-04
6.20146000000000022E-04
5.51017000000000000E-04
5.54289000000000019E-04
8.21640000000000001E-04
5.20006999999999956E-04
4.64933000000000002E-04
5.25439000000000049E-04
4.29919999999999977E-04
4.09423000000000013E-04
4.50098000000000013E-04
4.26659000000000023E-04
4.21535000000000009E-04
4.17233999999999997E-04
4.40514999999999993E-04
4.12532000000000014E-04
4.19085999999999992E-04
4.77435000000000012E-04
4.18209000000000007E-04
4.41110999999999999E-04
4.28163999999999975E-04
4.18782999999999992E-04
4.32475999999999998E-04
4.14612000000000021E-04
4.43374999999999976E-04
4.15944999999999976E-04
4.57686000000000009E-04
4.41684999999999983E-04
4.21708000000000022E-04
4.47102000000000003E-04
4.17070000000000017E-04
4.23690000000000004E-04
4.26149000000000016E-04
4.23625000000000011E-04
4.52301000000000005E-04
4.61077000000000004E-04
6.07027000000000001E-04
4.31035999999999984E-04
4.93371999999999951E-04
4.82441000000000011E-04
4.03950999999999995E-04
3.44886999999999993E-04
3.55665999999999979E-04
3.08692000000000005E-04
3.26696999999999979E-04
3.62654000000000015E-04
3.08627000000000012E-04
3.07663000000000012E-04
3.25732999999999980E-04
3.09233000000000012E-04
3.28397999999999982E-04
3.11237000000000015E-04
3.12743999999999999E-04
3.21713000000000001E-04
4.23960999999999988E-04
4.14296999999999994E-04
4.45010999999999985E-04
3.16057999999999975E-04
3.08734999999999977E-04
3.16860000000000026E-04
3.88156000000000015E-04
3.23122999999999976E-04
4.17536999999999997E-04
4.01036999999999976E-04
3.99963999999999994E-04
3.99997000000000026E-04
4.26669000000000017E-04
4.17060000000000022E-04
3.53693999999999992E-04
3.35190999999999983E-04
3.46165000000000004E-04
4.00474000000000001E-04
4.29995000000000019E-04
4.10679000000000003E-04
4.07537000000000025E-04
4.07526000000000015E-04
4.32140999999999981E-04
4.58724999999999996E-04
4.03863999999999981E-04
4.11913999999999987E-04
7.03731999999999990E-04
5.93361000000000040E-04
3.45460999999999978E-04
3.44020000000000003E-04
4.69169000000000020E-04
4.30449999999999973E-04
4.19962999999999977E-04
4.21360999999999979E-04
4.45130000000000016E-04
3.83302000000000024E-04
3.75838999999999991E-04
3.34161999999999990E-04
3.54701999999999980E-04
3.99510000000000002E-04
4.34914000000000004E-04
4.64056000000000017E-04
5.15721000000000018E-04
4.37242999999999974E-04
4.29507999999999995E-04
4.58248999999999983E-04
4.29334000000000020E-04
4.32498000000000019E-04
4.32801999999999981E-04
4.32433000000000025E-04
4.62941000000000025E-04
4.48662000000000008E-04
4.33169000000000013E-04
4.39345000000000002E-04
4.06876000000000026E-04
4.20906000000000025E-04
4.20645999999999997E-04
4.22259999999999986E-04
4.20364000000000002E-04
4.28759999999999981E-04
4.36788000000000020E-04
4.17136000000000026E-04
4.29485999999999974E-04
4.55714000000000021E-04
4.30797000000000016E-04
8.13103000000000025E-04
1.31619300000000001E-03
4.57697000000000019E-04
4.39290000000000004E-04
4.25587000000000003E-04
4.32584000000000018E-04
4.55453999999999993E-04
4.32237999999999991E-04
4.35866999999999993E-04
4.47719000000000014E-04
4.77002000000000025E-04
4.73362000000000012E-04
4.25943999999999986E-04
4.30081999999999980E-04
4.26355000000000007E-04
4.31142999999999988E-04
4.54630999999999991E-04
4.31252999999999986E-04
4.38141999999999980E-04
4.46907000000000023E-04
5.08506999999999948E-04
4.34470000000000006E-04
4.37415999999999988E-04
3.24823000000000017E-04
3.83552000000000003E-04
3.51592999999999979E-04
3.07804000000000009E-04
3.07012000000000008E-04
3.07088000000000012E-04
3.32742000000000020E-04
3.08497000000000025E-04
3.28008000000000021E-04
3.08875999999999975E-04
3.09071000000000009E-04
3.10686000000000013E-04
3.13717999999999994E-04
3.13003999999999973E-04
3.10587999999999988E-04
3.27443999999999977E-04
3.08063000000000022E-04
4.03171999999999981E-04
4.61271999999999984E-04
4.21925000000000024E-04
4.86135000000000007E-04
4.07179999999999988E-04
4.13917999999999990E-04
4.22779999999999987E-04
3.79446000000000026E-04
3.74505999999999982E-04
3.75383000000000021E-04
3.76759000000000002E-04
4.23994000000000020E-04
4.16702999999999984E-04
4.23029000000000005E-04
4.16140000000000010E-04
4.14828000000000007E-04
4.24665000000000014E-04
4.09898999999999973E-04
4.19887999999999989E-04
4.07299000000000018E-04
4.07949000000000007E-04
4.51163999999999992E-04
4.00624999999999994E-04
3.22971000000000022E-04
3.57095999999999998E-04
4.21708000000000022E-04
4.46862999999999980E-04
4.43136000000000007E-04
4.29864999999999978E-04
4.36440999999999977E-04
4.85637000000000026E-04
4.13961999999999978E-04
4.22802000000000009E-04
4.18089999999999976E-04
4.27827999999999997E-04
4.45054000000000012E-04
4.25347999999999980E-04
4.29279999999999983E-04
3.46848000000000024E-04
3.40477000000000000E-04
3.42080999999999993E-04
3.70453999999999987E-04
4.70794000000000019E-04
4.36842000000000003E-04
5.44662000000000011E-04
4.28824999999999974E-04
4.73307999999999975E-04
4.58779999999999995E-04
4.16691999999999974E-04
4.52539999999999974E-04
4.59938999999999975E-04
4.31837000000000019E-04
4.67317000000000025E-04
3.98588999999999975E-04
4.24903999999999983E-04
4.45671000000000023E-04
4.34178000000000016E-04
4.28543999999999995E-04
4.69840999999999976E-04
3.87093999999999991E-04
5.04682000000000004E-04
4.81471000000000026E-04
4.60751000000000021E-04
4.79656000000000017E-04
4.08143999999999987E-04
4.12932000000000023E-04
4.15186000000000006E-04
4.44035999999999975E-04
4.35498999999999999E-04
4.24501999999999996E-04
4.07114999999999994E-04
4.14037000000000020E-04
4.15738000000000023E-04
3.99249000000000012E-04
4.19346000000000020E-04
4.15110000000000002E-04
4.36062999999999989E-04
4.31165000000000010E-04
3.43467999999999985E-04
3.93692000000000011E-04
5.17335999999999968E-04
5.03517999999999999E-04
4.34925000000000014E-04
4.23387000000000004E-04
4.19617000000000004E-04
4.37535999999999980E-04
4.27113999999999977E-04
4.17504000000000020E-04
4.18251999999999979E-04
4.02542999999999998E-04
4.49637000000000018E-04
4.53362999999999976E-04
4.50893000000000008E-04
4.28284000000000021E-04
4.32757999999999993E-04
4.83978999999999996E-04
4.64814000000000026E-04
4.59721999999999974E-04
4.66439999999999986E-04
4.59235000000000003E-04
4.36994000000000011E-04
4.56320999999999984E-04
4.51197000000000024E-04
4.85864000000000022E-04
4.66146999999999981E-04
4.48411999999999975E-04
4.38152999999999991E-04
4.39116999999999990E-04
4.52443000000000018E-04
4.55562999999999975E-04
4.58118999999999996E-04
4.56581000000000012E-04
4.67609000000000015E-04
4.37870999999999996E-04
4.92634999999999948E-04
4.67251999999999978E-04
4.35693999999999979E-04
7.75473000000000048E-04
5.27454000000000009E-04
4.66830000000000001E-04
4.17569000000000013E-04
4.64966999999999995E-04
4.29311999999999999E-04
4.33222999999999996E-04
4.15424000000000012E-04
4.99453999999999979E-04
4.57977999999999998E-04
4.66169000000000002E-04
4.58086000000000018E-04
4.66786000000000013E-04
4.22183999999999982E-04
4.72170000000000001E-04
4.63330999999999986E-04
4.34133999999999974E-04
4.74368999999999984E-04
4.31891000000000002E-04
4.30862000000000009E-04
4.59755000000000005E-04
5.06199000000000037E-04
4.57284999999999983E-04
4.31424999999999983E-04
4.32323999999999990E-04
4.64749999999999994E-04
4.56830999999999991E-04
4.54781999999999984E-04
4.53091999999999991E-04
4.63666000000000002E-04
4.54501000000000004E-04
4.60524000000000024E-04
4.96740999999999979E-04
4.58086999999999980E-04
4.58996999999999997E-04
6.97179000000000028E-04
4.69386000000000022E-04
5.11750000000000052E-04
5.15294000000000017E-04
4.21773000000000016E-04
4.44153999999999990E-04
4.21674999999999990E-04
4.54539000000000006E-04
3.80593999999999995E-04
3.39545999999999978E-04
4.00538999999999995E-04
4.63437999999999990E-04
4.59029000000000013E-04
4.52041999999999993E-04
4.23267000000000012E-04
4.17645999999999979E-04
4.57253000000000021E-04
4.58596000000000025E-04
4.61077000000000004E-04
4.80978000000000015E-04
4.76255000000000027E-04
4.08848000000000013E-04
4.16485999999999983E-04
4.41587000000000012E-04
4.18424999999999993E-04
4.17807999999999981E-04
4.20537999999999977E-04
4.35779999999999978E-04
4.42086000000000009E-04
4.21242000000000003E-04
4.56743999999999976E-04
4.21274000000000019E-04
4.43288000000000015E-04
4.40937000000000024E-04
4.07537000000000025E-04
4.11100999999999979E-04
4.07851999999999998E-04
4.10126000000000024E-04
4.43987000000000017E-04
4.70891999999999990E-04
4.78648999999999991E-04
4.11774000000000005E-04
4.11481000000000000E-04
4.24404999999999986E-04
4.22228000000000024E-04
4.22834000000000025E-04
4.22844999999999981E-04
4.45802000000000026E-04
4.35683000000000023E-04
4.29172000000000017E-04
4.18739000000000004E-04
4.15759999999999990E-04
4.60427000000000015E-04
4.19984999999999998E-04
4.22173000000000025E-04
3.99498999999999991E-04
4.10440999999999996E-04
4.64239999999999987E-04
3.72068999999999991E-04
3.96780000000000006E-04
3.46382000000000005E-04
3.09581000000000016E-04
3.09526999999999979E-04
3.42979999999999999E-04
3.41993999999999979E-04
3.30641000000000008E-04
3.14595999999999995E-04
3.10197999999999973E-04
3.10762000000000017E-04
3.61126000000000025E-04
3.47161999999999981E-04
3.11681999999999975E-04
3.34779000000000001E-04
3.33889999999999990E-04
4.04200000000000013E-04
4.26463999999999988E-04
4.48714999999999975E-04
4.25109000000000012E-04
4.09812999999999974E-04
4.71087000000000025E-04
4.23484999999999975E-04
4.53882999999999977E-04
4.31272999999999975E-04
4.19746999999999991E-04
4.23960999999999988E-04
4.26442000000000021E-04
4.47199000000000012E-04
4.08566999999999980E-04
4.21545000000000003E-04
4.58650000000000008E-04
4.23364999999999983E-04
5.31539000000000035E-04
3.66630000000000005E-04
3.07966000000000012E-04
3.09633999999999983E-04
3.09959000000000005E-04
3.09406999999999987E-04
3.32536999999999991E-04
3.13220000000000013E-04
3.56642000000000005E-04
3.23739999999999987E-04
3.09126000000000008E-04
3.09309999999999978E-04
3.08248000000000007E-04
3.25994000000000023E-04
3.08063000000000022E-04
3.21183000000000005E-04
3.07987999999999979E-04
3.07674000000000023E-04
3.07489999999999999E-04
3.08095999999999999E-04
3.27444999999999993E-04
3.33327999999999977E-04
3.09774999999999981E-04
3.10652999999999982E-04
4.11258000000000012E-04
3.72425999999999975E-04
4.12229000000000013E-04
3.81039000000000009E-04
3.92922999999999992E-04
3.81559000000000011E-04
4.40753000000000000E-04
4.34849000000000010E-04
4.72895999999999993E-04
4.23333000000000021E-04
4.29237000000000010E-04
7.27442000000000019E-04
5.29019999999999946E-04
3.38213000000000023E-04
5.00897999999999947E-04
3.46035000000000017E-04
4.05651999999999998E-04
4.87596999999999987E-04
3.16752000000000006E-04
3.71710999999999992E-04
4.64359000000000017E-04
3.67809999999999990E-04
3.51116000000000004E-04
4.23408000000000009E-04
8.58528000000000004E-04
5.43651000000000030E-04
4.10983000000000019E-04
4.22899000000000018E-04
4.37221000000000007E-04
4.22324999999999979E-04
4.27860999999999975E-04
4.24448000000000013E-04
4.73059000000000012E-04
5.71601000000000032E-04
4.81997000000000014E-04
4.24882000000000016E-04
4.42463999999999997E-04
4.57989000000000009E-04
4.52377000000000009E-04
4.36983000000000000E-04
4.10040000000000025E-04
4.06204999999999978E-04
4.33538000000000022E-04
4.78420999999999979E-04
4.67230000000000011E-04
4.12824000000000003E-04
4.06604999999999987E-04
6.48744000000000035E-04
3.53076999999999981E-04
3.65935999999999974E-04
4.38158999999999977E-04
4.10646000000000025E-04
4.68942000000000024E-04
4.12563999999999975E-04
4.26810999999999976E-04
4.12412000000000022E-04
4.22455000000000020E-04
4.25606999999999993E-04
4.07774999999999978E-04
4.13854000000000012E-04
4.14232000000000001E-04
4.46570999999999991E-04
4.26496000000000004E-04
3.96129000000000002E-04
4.02000999999999975E-04
4.08728999999999983E-04
4.04981000000000004E-04
4.25164000000000011E-04
4.34209000000000016E-04
4.16952000000000002E-04
4.23863999999999979E-04
4.29193999999999984E-04
4.05716999999999992E-04
4.48694000000000024E-04
4.26267999999999992E-04
4.31934999999999990E-04
4.50112999999999978E-04
4.38943999999999977E-04
4.37232000000000018E-04
4.14654999999999993E-04
4.56537999999999985E-04
4.12553999999999981E-04
4.03670000000000016E-04
4.25932999999999976E-04
4.07375000000000022E-04
4.11275000000000009E-04
8.87855000000000003E-04
5.15374999999999991E-04
3.98664000000000017E-04
4.21089999999999995E-04
4.00841999999999995E-04
4.11513999999999977E-04
4.08166000000000008E-04
4.10917000000000010E-04
4.29475000000000017E-04
4.00582000000000021E-04
4.01870999999999988E-04
4.02769999999999994E-04
4.10614000000000009E-04
4.40265000000000014E-04
4.15651000000000009E-04
4.06659999999999986E-04
4.31093999999999976E-04
4.20874000000000009E-04
5.90246000000000000E-04
4.41229000000000014E-04
4.27069999999999989E-04
4.20830000000000021E-04
4.24600999999999982E-04
4.16767999999999978E-04
3.99618000000000022E-04
4.10896000000000004E-04
4.05825000000000012E-04
4.27092000000000010E-04
4.28728000000000019E-04
4.03952000000000011E-04
4.23831000000000002E-04
4.36409000000000016E-04
4.16778999999999988E-04
4.30060999999999974E-04
4.56278000000000011E-04
4.28315999999999983E-04
4.26886000000000019E-04
4.24383999999999981E-04
3.72967999999999997E-04
9.36989999999999958E-04
4.14925999999999978E-04
5.46553999999999985E-04
4.40076000000000020E-04
3.08225999999999986E-04
3.07770999999999978E-04
3.07770999999999978E-04
3.09158000000000024E-04
3.10532999999999990E-04
3.40933000000000024E-04
3.44269000000000020E-04
3.14671999999999999E-04
3.13685999999999978E-04
3.32460999999999987E-04
3.84796999999999982E-04
4.55649999999999989E-04
4.06215999999999988E-04
4.04438999999999981E-04
4.03420999999999999E-04
4.47286000000000027E-04
4.10528000000000011E-04
3.99390000000000010E-04
4.10050000000000020E-04
4.05436000000000013E-04
4.12174000000000015E-04
4.31837000000000019E-04
4.10159000000000001E-04
4.09909000000000022E-04
4.30883999999999976E-04
4.36192000000000014E-04
4.41652000000000006E-04
4.06421999999999979E-04
4.02228999999999987E-04
4.00678999999999977E-04
4.04190000000000018E-04
4.26972999999999979E-04
4.02651000000000018E-04
3.92619999999999992E-04
3.98891999999999975E-04
4.11220000000000010E-04
4.72939999999999981E-04
5.95868999999999956E-04
6.11035000000000007E-04
3.65199999999999986E-04
3.46879999999999986E-04
4.21625999999999978E-04
4.12846000000000025E-04
4.02769999999999994E-04
4.07006000000000013E-04
4.91161999999999957E-04
3.97635000000000024E-04
3.32949000000000027E-04
3.39882000000000010E-04
3.10934000000000015E-04
3.06655000000000024E-04
3.09222000000000002E-04
3.25570999999999977E-04
3.22472000000000026E-04
3.76379999999999998E-04
3.26957000000000007E-04
3.80974000000000015E-04
3.17716000000000005E-04
3.53922000000000004E-04
3.13317999999999984E-04
3.65773000000000010E-04
3.59728999999999984E-04
3.52146000000000013E-04
3.33738999999999997E-04
3.55579000000000019E-04
3.40489000000000026E-04
4.00355000000000025E-04
4.34317999999999998E-04
3.25374999999999981E-04
3.41192999999999998E-04
3.13654000000000016E-04
3.08865000000000018E-04
3.28105999999999992E-04
3.09059999999999999E-04
3.11195000000000005E-04
3.13058000000000010E-04
3.12548000000000003E-04
3.10847000000000000E-04
3.40131000000000027E-04
3.10339000000000025E-04
3.18150000000000008E-04
3.07230000000000025E-04
3.07295000000000018E-04
3.07284000000000008E-04
3.56901999999999979E-04
3.88556999999999987E-04
3.07728000000000005E-04
3.17748999999999983E-04
3.35234000000000009E-04
3.80919999999999978E-04
3.47487000000000002E-04
3.84245000000000018E-04
3.80788999999999976E-04
4.00182000000000012E-04
4.31913000000000023E-04
4.41370000000000011E-04
4.56726999999999979E-04
4.12185000000000025E-04
4.04103000000000003E-04
4.09671000000000015E-04
4.23983000000000010E-04
4.49875000000000025E-04
4.24762999999999985E-04
4.13885000000000012E-04
4.18371000000000010E-04
4.13854000000000012E-04
4.32291999999999974E-04
4.31220000000000008E-04
3.12732999999999989E-04
3.46675000000000010E-04
3.13567000000000002E-04
4.02110000000000011E-04
3.64452000000000027E-04
3.99357999999999994E-04
3.95338000000000015E-04
3.85392999999999988E-04
4.03691000000000022E-04
4.15803000000000017E-04
4.01697999999999975E-04
3.94904999999999974E-04
4.02824999999999993E-04
4.03735000000000010E-04
3.95370999999999993E-04
4.23874999999999990E-04
4.06886999999999982E-04
4.16746000000000011E-04
3.90604000000000016E-04
3.55352000000000022E-04
4.88556000000000016E-04
5.40659999999999990E-04
4.03085000000000021E-04
4.19703000000000003E-04
3.97656999999999991E-04
3.83963999999999985E-04
3.79704999999999984E-04
3.86325000000000026E-04
3.80702000000000015E-04
4.05716999999999992E-04
3.85815999999999980E-04
3.86899000000000010E-04
3.94039000000000000E-04
3.88686999999999973E-04
4.33689999999999976E-04
4.27134999999999982E-04
3.99064999999999988E-04
3.79856999999999992E-04
3.62111999999999992E-04
3.83561999999999998E-04
3.94829000000000024E-04
4.41478999999999993E-04
4.16237000000000020E-04
4.09932000000000005E-04
4.02121000000000021E-04
4.39019000000000019E-04
4.34653999999999976E-04
4.22379000000000016E-04
4.40699000000000017E-04
4.32519999999999986E-04
4.44067999999999991E-04
4.31717999999999989E-04
4.35954000000000007E-04
4.24632999999999998E-04
4.56705999999999974E-04
4.04320000000000005E-04
4.04851000000000017E-04
4.29486999999999989E-04
4.04806999999999975E-04
4.44625999999999995E-04
4.00626000000000009E-04
4.54386999999999998E-04
4.22855999999999991E-04
4.53493000000000017E-04
4.32043000000000010E-04
5.63118000000000039E-04
4.84087999999999977E-04
4.42086000000000009E-04
4.63027000000000024E-04
5.26154000000000031E-04
4.41749999999999977E-04
4.55280999999999980E-04
4.15738000000000023E-04
4.32984999999999989E-04
4.78812000000000009E-04
4.23581999999999984E-04
4.50491999999999982E-04
4.55648999999999974E-04
4.74543000000000013E-04
4.53417999999999974E-04
4.26821000000000025E-04
4.26355000000000007E-04
5.60995000000000005E-04
4.20559999999999999E-04
4.03767999999999987E-04
3.94374000000000016E-04
3.99727000000000003E-04
3.84018000000000022E-04
4.20493999999999989E-04
4.31197000000000026E-04
3.99043999999999983E-04
4.25368999999999986E-04
4.19487000000000017E-04
4.27092000000000010E-04
4.47447999999999976E-04
4.29193999999999984E-04
4.26755999999999978E-04
4.41663000000000017E-04
4.12054999999999984E-04
7.97519000000000006E-04
4.38582000000000023E-04
4.41490000000000003E-04
4.12488999999999987E-04
5.02819000000000052E-04
4.18175999999999975E-04
4.25206999999999983E-04
4.21859999999999976E-04
4.16940999999999991E-04
4.53569000000000021E-04
4.07234000000000025E-04
4.05543000000000017E-04
4.14936000000000027E-04
4.43060000000000003E-04
4.09141000000000019E-04
4.13940000000000011E-04
4.51153999999999997E-04
4.23766000000000008E-04
4.37655000000000010E-04
4.22855999999999991E-04
4.16636999999999975E-04
4.24176999999999974E-04
4.20114999999999985E-04
4.46776999999999981E-04
4.08675000000000000E-04
4.12943999999999996E-04
4.06009999999999997E-04
3.54398999999999979E-04
4.33127000000000002E-04
4.41760000000000026E-04
4.35996999999999980E-04
4.33114999999999976E-04
4.29324000000000025E-04
4.38727999999999991E-04
4.65898000000000017E-04
4.43949000000000015E-04
4.11719000000000006E-04
4.14058999999999987E-04
4.40362999999999985E-04
8.03380000000000023E-04
5.65388000000000002E-04
6.27957999999999967E-04
5.87660999999999956E-04
4.67424999999999991E-04
3.20868999999999994E-04
3.07467999999999977E-04
3.42406000000000015E-04
3.08246999999999991E-04
3.16415999999999974E-04
3.56695999999999988E-04
3.16622000000000019E-04
3.08756999999999998E-04
3.28073000000000015E-04
3.74234999999999997E-04
3.10934000000000015E-04
3.13187999999999997E-04
3.13534999999999986E-04
3.10435999999999980E-04
3.10446999999999991E-04
3.27412000000000016E-04
3.29990000000000003E-04
3.18009000000000011E-04
3.07836000000000025E-04
3.07553999999999976E-04
3.08258000000000002E-04
3.08118000000000020E-04
3.36209000000000020E-04
3.08139000000000026E-04
3.16350999999999980E-04
3.32146999999999976E-04
3.09288000000000011E-04
3.25505999999999983E-04
3.31313000000000018E-04
3.14174000000000018E-04
3.10393000000000008E-04
3.10273000000000016E-04
3.08139000000000026E-04
3.07240000000000020E-04
3.16436999999999979E-04
3.24053999999999998E-04
3.07705999999999984E-04
3.07305000000000013E-04
3.07326000000000018E-04
3.07619000000000024E-04
3.28603999999999973E-04
3.25234999999999999E-04
3.28993999999999988E-04
3.35548000000000020E-04
4.17092999999999999E-04
4.49685000000000015E-04
3.74495000000000025E-04
3.64841999999999987E-04
3.40791000000000011E-04
3.10025000000000014E-04
3.08280000000000023E-04
3.06850000000000005E-04
3.07619999999999985E-04
3.28126999999999998E-04
3.07425000000000005E-04
3.07033999999999974E-04
3.07412999999999979E-04
3.07977000000000023E-04
3.67518000000000000E-04
3.28646999999999999E-04
3.27543000000000018E-04
3.11151000000000017E-04
3.36697000000000005E-04
4.23343999999999977E-04
4.31056999999999990E-04
4.29258999999999977E-04
4.31805000000000003E-04
4.03019999999999973E-04
3.88631999999999975E-04
3.98674999999999973E-04
4.25905000000000023E-04
4.09076000000000025E-04
4.08480000000000019E-04
4.32963999999999983E-04
3.09103999999999987E-04
3.09873000000000006E-04
3.36382999999999995E-04
3.10338000000000009E-04
3.11206000000000015E-04
3.13393999999999988E-04
3.56815000000000018E-04
3.27456000000000004E-04
3.27932000000000017E-04
3.49902000000000026E-04
3.24747999999999975E-04
3.21215999999999982E-04
3.26208999999999993E-04
3.07640999999999991E-04
3.38213000000000023E-04
3.34779000000000001E-04
3.11660000000000008E-04
3.06968999999999981E-04
3.34356000000000009E-04
4.93848999999999981E-04
4.30060000000000013E-04
4.31641999999999985E-04
4.34988999999999992E-04
4.43471999999999985E-04
4.15986999999999987E-04
4.43644999999999999E-04
4.40948999999999996E-04
4.69218999999999995E-04
4.12456000000000010E-04
4.28858000000000006E-04
4.09833999999999980E-04
4.44414999999999979E-04
4.21143999999999978E-04
4.34133999999999974E-04
4.14828000000000007E-04
4.19821999999999979E-04
4.71964000000000010E-04
4.21815999999999988E-04
4.13169999999999976E-04
4.18241000000000023E-04
4.47654000000000021E-04
4.26280000000000018E-04
4.08534000000000002E-04
4.09888999999999978E-04
4.28035000000000004E-04
4.46083000000000005E-04
4.64315999999999991E-04
4.26615999999999996E-04
4.23570999999999974E-04
4.33765000000000019E-04
4.56981999999999983E-04
4.34708000000000013E-04
4.09269999999999990E-04
4.21501000000000015E-04
4.29572999999999988E-04
4.53613000000000009E-04
4.17775000000000004E-04
4.08035000000000006E-04
4.45130000000000016E-04
4.07061000000000011E-04
4.25922000000000019E-04
4.37059000000000004E-04
4.04049000000000021E-04
3.81959000000000020E-04
3.56402999999999982E-04
3.38550000000000016E-04
3.44279999999999977E-04
3.35819000000000005E-04
3.44616000000000009E-04
4.17862000000000019E-04
4.25391000000000007E-04
4.25151999999999984E-04
4.44012999999999992E-04
4.26073000000000012E-04
4.44263000000000026E-04
4.45010000000000024E-04
4.26420000000000000E-04
4.41154000000000025E-04
4.19529999999999990E-04
4.26408999999999989E-04
4.23646999999999978E-04
4.08999000000000005E-04
4.35672000000000012E-04
4.15153999999999990E-04
4.28359000000000010E-04
4.14622999999999977E-04
4.25760000000000016E-04
4.37263999999999980E-04
4.19693000000000008E-04
4.20548000000000026E-04
4.24568000000000005E-04
4.27362999999999994E-04
4.45747000000000027E-04
4.36017999999999985E-04
4.24328999999999982E-04
4.18706999999999988E-04
4.27027000000000016E-04
4.42389000000000009E-04
4.23560999999999979E-04
7.64125000000000047E-04
4.48370000000000019E-04
4.14698000000000020E-04
4.29995000000000019E-04
4.16963000000000012E-04
4.42172000000000008E-04
4.43461999999999990E-04
4.10580999999999978E-04
4.21880999999999981E-04
4.14730999999999997E-04
4.39301999999999976E-04
4.21078999999999985E-04
4.45551999999999992E-04
4.16616000000000024E-04
4.13128000000000020E-04
4.36603999999999996E-04
4.19226999999999989E-04
4.15489000000000006E-04
4.06627000000000008E-04
4.09075000000000009E-04
4.37870999999999996E-04
4.30547999999999998E-04
4.09217000000000023E-04
4.16496999999999994E-04
4.24351000000000003E-04
4.69916999999999980E-04
4.25076999999999996E-04
4.19767999999999997E-04
4.15142000000000018E-04
4.06615999999999998E-04
4.39267999999999983E-04
4.55009999999999996E-04
4.19378999999999997E-04
4.19388999999999992E-04
4.15955000000000025E-04
4.27957999999999984E-04
3.89867000000000013E-04
3.93833000000000009E-04
4.20592000000000014E-04
9.27988000000000033E-04
4.10082999999999997E-04
3.97852000000000026E-04
4.20179999999999978E-04
4.48391000000000024E-04
3.90225000000000012E-04
3.89564999999999974E-04
3.88091000000000022E-04
4.29323000000000009E-04
4.35249999999999982E-04
4.39181999999999984E-04
4.36343000000000006E-04
4.51575999999999974E-04
4.59852999999999976E-04
4.29399000000000013E-04
4.32508999999999975E-04
4.21002999999999981E-04
4.40514999999999993E-04
4.42713999999999976E-04
4.40017000000000012E-04
4.32845000000000007E-04
4.30081999999999980E-04
4.25694000000000007E-04
4.61304000000000000E-04
4.30168999999999994E-04
4.25823999999999994E-04
4.32769000000000003E-04
4.68975000000000002E-04
4.71423000000000003E-04
4.25976000000000002E-04
4.30732000000000022E-04
4.33559999999999989E-04
4.53470999999999996E-04
4.17677999999999995E-04
4.42162000000000013E-04
4.24979999999999987E-04
4.27547000000000018E-04
4.74196999999999987E-04
8.78872999999999959E-04
4.69706000000000019E-04
4.40307999999999986E-04
5.87683999999999993E-04
4.43309999999999982E-04
5.59419000000000019E-04
4.44522999999999999E-04
6.91452999999999968E-04
4.07905999999999980E-04
4.11838999999999998E-04
1.40453699999999997E-03
5.51951999999999976E-04
4.39745000000000012E-04
4.28402999999999998E-04
4.38175000000000012E-04
3.93259000000000024E-04
4.10646999999999987E-04
3.87884999999999977E-04
4.36236000000000002E-04
4.12521000000000003E-04
4.01925000000000025E-04
4.10896000000000004E-04
4.07189999999999983E-04
4.20083000000000023E-04
4.35411999999999984E-04
4.22379000000000016E-04
4.14893000000000000E-04
4.51380999999999994E-04
4.15869000000000026E-04
4.43787000000000012E-04
4.22834000000000025E-04
4.44500999999999978E-04
4.26713000000000005E-04
4.25813999999999999E-04
9.22533000000000012E-04
4.29995000000000019E-04
6.06528999999999966E-04
4.45389999999999989E-04
4.08901999999999996E-04
4.24339999999999993E-04
3.66542999999999990E-04
3.55211000000000025E-04
3.08961999999999974E-04
3.68449999999999984E-04
4.13441999999999976E-04
4.12498999999999982E-04
4.14601000000000010E-04
4.24795000000000001E-04
3.73661000000000013E-04
3.49024999999999986E-04
3.14304000000000005E-04
3.13317999999999984E-04
3.11130000000000011E-04
3.10305999999999993E-04
3.23760999999999992E-04
3.25777000000000022E-04
3.07608000000000013E-04
3.07294000000000002E-04
3.67649000000000003E-04
3.08313000000000001E-04
3.07370000000000006E-04
3.54821000000000010E-04
5.06735000000000020E-04
4.60351000000000011E-04
4.67403999999999986E-04
4.60296000000000012E-04
4.52340000000000023E-04
4.25802999999999989E-04
4.15847000000000005E-04
4.17797000000000025E-04
4.61141999999999997E-04
4.24274999999999999E-04
4.20310000000000020E-04
4.24503000000000011E-04
4.21036000000000012E-04
4.68746999999999990E-04
4.32519000000000024E-04
4.20939000000000003E-04
4.18055999999999983E-04
4.18836000000000013E-04
4.95375999999999954E-04
4.56168999999999976E-04
4.17894999999999996E-04
3.67474999999999974E-04
4.00441999999999985E-04
3.63064999999999981E-04
4.29073999999999992E-04
4.15056000000000019E-04
4.13332999999999995E-04
4.48401000000000019E-04
4.22638999999999990E-04
4.09867000000000011E-04
4.26896999999999975E-04
4.30569000000000004E-04
4.42627000000000016E-04
4.20331999999999986E-04
4.14980000000000015E-04
4.14829000000000022E-04
4.15262000000000010E-04
4.61001000000000000E-04
4.13191999999999997E-04
4.12250000000000019E-04
4.11892000000000020E-04
4.21383000000000001E-04
4.13864000000000007E-04
4.35022000000000024E-04
4.06400000000000012E-04
4.20862999999999999E-04
4.11869999999999999E-04
3.97029000000000023E-04
4.39690999999999975E-04
3.85415000000000009E-04
4.21838000000000009E-04
4.45378999999999979E-04
4.12629000000000023E-04
5.85310000000000019E-04
4.40330000000000007E-04
4.32866000000000012E-04
4.33418999999999992E-04
4.42366999999999988E-04
4.40265999999999976E-04
4.36344000000000022E-04
4.18577000000000001E-04
4.28782000000000002E-04
4.39345000000000002E-04
4.39712999999999996E-04
4.22975000000000022E-04
4.19377999999999982E-04
4.41250999999999980E-04
4.39388999999999991E-04
3.91492999999999973E-04
4.21123000000000027E-04
3.86173000000000018E-04
4.06951999999999976E-04
4.33342999999999988E-04
4.33493999999999980E-04
4.93436999999999999E-04
4.32843999999999991E-04
4.49809999999999978E-04
4.27330000000000017E-04
4.31641999999999985E-04
4.19746999999999991E-04
4.02845999999999998E-04
4.24556999999999994E-04
4.38369999999999992E-04
4.82831000000000026E-04
4.11145000000000022E-04
4.51771000000000009E-04
4.46938999999999984E-04
4.44772999999999978E-04
4.19573999999999978E-04
4.47469999999999997E-04
4.58970000000000005E-04
4.22714999999999994E-04
9.86158999999999907E-04
4.21219999999999982E-04
4.43450000000000018E-04
4.16875999999999998E-04
4.59061999999999990E-04
4.18781999999999976E-04
4.15858000000000015E-04
3.74212999999999976E-04
4.32769000000000003E-04
4.53076000000000010E-04
4.25337000000000024E-04
4.22011000000000022E-04
4.28999000000000004E-04
4.47210000000000023E-04
4.22129999999999999E-04
4.27309000000000011E-04
4.34199000000000022E-04
4.56114999999999993E-04
4.36765999999999999E-04
4.06053000000000024E-04
3.99738000000000014E-04
4.14157000000000013E-04
4.16333999999999975E-04
4.07265999999999987E-04
4.31555000000000025E-04
4.10484000000000022E-04
4.12770000000000021E-04
4.84228000000000013E-04
4.14047999999999977E-04
4.41402999999999989E-04
4.17222999999999986E-04
4.23093999999999998E-04
4.21284999999999975E-04
4.16367000000000007E-04
4.83470000000000004E-04
4.12618000000000013E-04
4.53135999999999979E-04
4.32767999999999987E-04
6.41017000000000019E-04
4.28511000000000018E-04
7.86105000000000050E-04
4.99092000000000025E-04
3.44182000000000006E-04
3.58503999999999995E-04
3.94785999999999998E-04
3.40152999999999994E-04
3.98275000000000018E-04
4.14471000000000023E-04
4.52129000000000007E-04
4.14220999999999990E-04
4.21567000000000025E-04
4.16529000000000009E-04
4.17916000000000001E-04
4.39074000000000018E-04
4.24404999999999986E-04
4.14361999999999988E-04
4.15479000000000011E-04
4.13658999999999978E-04
4.33917999999999988E-04
4.29595000000000009E-04
4.10201999999999973E-04
4.14719999999999987E-04
4.16843999999999982E-04
4.23375999999999993E-04
4.41467999999999982E-04
4.18186999999999986E-04
4.18944999999999994E-04
4.19183000000000001E-04
4.13549999999999996E-04
4.35769999999999983E-04
4.38413000000000019E-04
4.40785999999999977E-04
4.23040000000000015E-04
4.12532000000000014E-04
4.30505000000000026E-04
4.13332999999999995E-04
4.16075000000000017E-04
5.46531999999999964E-04
3.97961000000000007E-04
3.98047000000000006E-04
3.98891999999999975E-04
4.35077000000000022E-04
4.71304000000000026E-04
4.04114000000000014E-04
4.04958999999999983E-04
4.05175000000000023E-04
4.35563999999999992E-04
4.11698000000000001E-04
4.11123000000000001E-04
4.08371999999999999E-04
4.12357999999999985E-04
4.80858999999999985E-04
4.27416999999999977E-04
4.27547000000000018E-04
4.28023999999999993E-04
4.27017000000000022E-04
4.57404000000000014E-04
4.31111000000000027E-04
4.23907000000000006E-04
4.20417999999999985E-04
4.60633000000000006E-04
4.36820999999999997E-04
3.12157999999999988E-04
3.09568999999999990E-04
3.08961999999999974E-04
3.08269000000000013E-04
3.07878999999999998E-04
3.07901000000000019E-04
3.25385999999999991E-04
3.07694999999999974E-04
3.07446000000000011E-04
3.26307000000000018E-04
3.08442999999999988E-04
3.43987000000000025E-04
3.10469000000000012E-04
3.28517000000000013E-04
3.24141000000000012E-04
3.13231000000000024E-04
3.14109000000000024E-04
3.10783000000000023E-04
3.10446999999999991E-04
3.78654999999999986E-04
3.90269000000000000E-04
3.86910000000000021E-04
4.44749999999999996E-04
3.63639999999999981E-04
3.36371999999999984E-04
3.07760000000000021E-04
3.07955000000000002E-04
3.08345000000000017E-04
3.09200999999999996E-04
3.09678000000000026E-04
3.08821999999999992E-04
3.28982999999999977E-04
3.14249000000000006E-04
3.13134000000000014E-04
3.10673999999999987E-04
3.31464000000000010E-04
3.14487999999999975E-04
3.07997999999999974E-04
3.25278000000000025E-04
3.35960000000000002E-04
3.23425999999999976E-04
3.06764000000000006E-04
3.07533000000000025E-04
3.07674000000000023E-04
3.25450999999999985E-04
3.09720999999999998E-04
3.08974000000000000E-04
3.21844000000000004E-04
3.10662999999999976E-04
3.13014999999999984E-04
3.13545999999999996E-04
3.48050999999999992E-04
3.11031999999999986E-04
3.08648999999999978E-04
3.08453999999999998E-04
3.08453999999999998E-04
3.07943999999999991E-04
3.26816000000000010E-04
3.07901000000000019E-04
3.38808999999999974E-04
3.42469999999999992E-04
3.07478000000000026E-04
3.08625999999999996E-04
3.08951999999999979E-04
3.44610999999999984E-04
3.13176999999999987E-04
3.13665000000000027E-04
3.13631999999999995E-04
3.11204999999999999E-04
3.10751000000000007E-04
3.28713000000000009E-04
3.97441000000000005E-04
4.49614999999999997E-04
4.33451000000000008E-04
4.23560000000000017E-04
4.38509999999999974E-04
4.23516999999999991E-04
4.16811000000000004E-04
4.41554999999999997E-04
4.15403000000000007E-04
5.00404999999999990E-04
4.59246000000000014E-04
4.28966000000000026E-04
4.27688000000000016E-04
5.11019000000000035E-04
4.16138999999999995E-04
4.24795000000000001E-04
4.26452999999999977E-04
4.27244000000000018E-04
4.46570999999999991E-04
4.62399000000000002E-04
4.27719999999999977E-04
4.78302000000000002E-04
4.28500000000000007E-04
4.59958000000000003E-04
4.32866999999999974E-04
4.45856000000000008E-04
4.17839999999999997E-04
4.37145000000000003E-04
4.83037000000000017E-04
4.19249000000000011E-04
4.56061000000000010E-04
4.29681000000000008E-04
4.41846999999999986E-04
4.41391999999999978E-04
4.41122000000000009E-04
4.41587000000000012E-04
4.14460000000000013E-04
4.97628999999999975E-04
5.20043999999999997E-04
4.41955000000000006E-04
4.17287999999999980E-04
4.18295000000000006E-04
4.00527999999999984E-04
4.70232000000000007E-04
3.75198999999999997E-04
3.17142000000000021E-04
3.14022000000000010E-04
3.50239000000000019E-04
3.13502000000000008E-04
3.35428999999999990E-04
3.26067999999999996E-04
3.08421000000000021E-04
3.07478000000000026E-04
3.07694999999999974E-04
3.07587000000000008E-04
3.07781999999999988E-04
3.84678000000000006E-04
3.08507000000000019E-04
3.07381000000000017E-04
3.42688000000000010E-04
3.08897999999999996E-04
3.23880999999999984E-04
3.30326999999999997E-04
3.13685999999999978E-04
3.13479999999999987E-04
3.22949000000000001E-04
3.24758000000000024E-04
3.09730999999999993E-04
3.11281000000000003E-04
3.26545000000000025E-04
3.07294000000000002E-04
3.38191000000000002E-04
3.07044999999999985E-04
3.07360000000000012E-04
3.25256000000000004E-04
3.07229000000000009E-04
3.25288000000000020E-04
3.08800000000000025E-04
3.23036000000000015E-04
3.11075000000000013E-04
3.12982000000000006E-04
3.13252999999999991E-04
3.10500999999999974E-04
3.27086999999999994E-04
3.38884999999999978E-04
3.07901000000000019E-04
3.07781999999999988E-04
3.07804000000000009E-04
3.72608999999999983E-04
4.19194000000000012E-04
3.07955000000000002E-04
3.08658999999999973E-04
3.08063000000000022E-04
3.09395999999999977E-04
3.37811999999999997E-04
3.43966000000000020E-04
3.56802999999999992E-04
3.21994999999999996E-04
3.15809000000000012E-04
3.11281000000000003E-04
3.11010000000000019E-04
3.09450000000000014E-04
3.46988000000000006E-04
3.08930000000000012E-04
3.47031999999999994E-04
4.25467000000000011E-04
4.05770999999999975E-04
3.64409000000000000E-04
4.08231000000000002E-04
3.53390999999999992E-04
3.57031000000000004E-04
3.64982999999999985E-04
3.08909000000000006E-04
3.11303000000000025E-04
4.46408999999999988E-04
4.38684000000000003E-04
4.32053000000000005E-04
4.47989999999999998E-04
4.40048000000000012E-04
4.68540999999999999E-04
3.44345000000000024E-04
4.17797000000000025E-04
3.18367000000000010E-04
3.07326999999999980E-04
4.46517000000000008E-04
4.34881000000000026E-04
4.58671999999999975E-04
4.37611000000000022E-04
4.50556999999999976E-04
4.49864000000000015E-04
4.51944000000000022E-04
4.28662000000000010E-04
6.86053000000000053E-04
4.23701000000000015E-04
4.30765000000000000E-04
4.63643999999999981E-04
4.46852000000000024E-04
4.21859000000000014E-04
4.39171999999999989E-04
4.42974000000000004E-04
4.39051999999999997E-04
4.21025000000000002E-04
4.14719999999999987E-04
4.16757000000000022E-04
4.47523999999999980E-04
4.57924000000000015E-04
4.28911999999999989E-04
4.47350000000000005E-04
4.30439999999999978E-04
4.72756000000000012E-04
4.23343000000000016E-04
4.40417000000000022E-04
4.24632999999999998E-04
4.24111999999999981E-04
4.54478999999999983E-04
4.50936999999999996E-04
4.19097000000000003E-04
4.16020999999999980E-04
4.36333999999999973E-04
4.45877999999999975E-04
4.38023000000000004E-04
4.35077000000000022E-04
4.21468999999999999E-04
4.59223999999999993E-04
4.58293000000000025E-04
4.22661000000000011E-04
4.16702000000000023E-04
4.12380000000000006E-04
4.40970000000000001E-04
4.49333000000000002E-04
5.12147000000000015E-04
5.08121000000000050E-04
4.43440000000000023E-04
4.10604000000000015E-04
4.08339000000000022E-04
4.54327999999999991E-04
4.09930999999999989E-04
4.09389000000000020E-04
4.39789000000000000E-04
4.27166999999999998E-04
4.41836999999999991E-04
4.13993999999999994E-04
4.24415999999999997E-04
4.70394000000000010E-04
4.29151000000000012E-04
4.29681000000000008E-04
4.28488999999999997E-04
4.10364999999999992E-04
4.40905000000000008E-04
4.26160000000000026E-04
4.27827999999999997E-04
4.37893000000000017E-04
4.25564999999999982E-04
4.60785000000000014E-04
4.08934999999999973E-04
4.57880999999999989E-04
4.42160999999999997E-04
4.11761999999999979E-04
4.30959999999999980E-04
4.30612999999999992E-04
4.19849000000000025E-04
4.01498999999999986E-04
4.01198999999999978E-04
3.53868000000000021E-04
3.63247999999999989E-04
3.68907999999999985E-04
3.98329000000000001E-04
3.80968999999999991E-04
3.73868000000000019E-04
3.94539000000000012E-04
3.80478999999999973E-04
4.15679000000000016E-04
3.84609000000000003E-04
4.00148999999999980E-04
3.79318000000000016E-04
6.63094800000000022E-03
8.14753999999999999E-04
2.87232899999999985E-03
4.51059999999999981E-04
3.49967999999999980E-04
4.37390000000000012E-04
4.05649000000000005E-04
3.57367999999999998E-04
3.85038999999999998E-04
3.89858999999999995E-04
3.89827999999999995E-04
3.72508999999999980E-04
3.80447999999999973E-04
3.81439000000000018E-04
3.69668000000000026E-04
3.72767999999999993E-04
3.74537999999999998E-04
3.63428000000000004E-04
3.58517999999999999E-04
4.08311000000000015E-04
3.86789000000000013E-04
4.94990999999999964E-04
4.51530000000000009E-04
3.83708999999999982E-04
3.96967999999999985E-04
3.84197999999999983E-04
2.83275699999999998E-03
3.86538000000000018E-04
5.57777999999999985E-04
3.22358200000000001E-03
5.00471000000000054E-04
4.22638999999999990E-04
4.63420999999999994E-04
3.92728999999999973E-04
3.93909000000000013E-04
1.54364400000000005E-03
3.98289000000000021E-04
3.88169000000000003E-04
4.08388999999999996E-04
3.84248999999999973E-04
3.87908000000000014E-04
3.85339000000000005E-04
4.46339999999999985E-04
4.03639000000000016E-04
3.84968999999999980E-04
3.85078000000000015E-04
3.87439000000000002E-04
4.10539000000000021E-04
4.12519999999999987E-04
4.10769000000000010E-04
3.91179000000000017E-04
4.26298999999999992E-04
3.90938999999999978E-04
4.09429000000000000E-04
3.95128999999999977E-04
3.94268999999999989E-04
3.95828999999999994E-04
3.88418999999999982E-04
4.22059000000000019E-04
5.17677000000000024E-04
9.87732000000000063E-04
9.74012000000000011E-04
4.25939999999999977E-04
3.73268000000000005E-04
3.76798999999999982E-04
3.95417999999999974E-04
4.21160000000000013E-04
4.00839000000000002E-04
3.98158999999999980E-04
3.99388999999999994E-04
6.68445000000000042E-04
4.02948999999999994E-04
3.29997000000000005E-04
2.84117000000000018E-04
2.83866000000000023E-04
3.11757000000000017E-04
3.07707000000000000E-04
5.32102000000000009E-04
3.82018999999999989E-04
3.85047999999999977E-04
3.81308999999999977E-04
4.35107000000000007E-04
4.15809000000000003E-04
4.45619999999999979E-04
4.24600000000000021E-04
3.99239000000000017E-04
4.53679999999999980E-04
4.12139000000000006E-04
4.61171000000000020E-04
3.84478000000000001E-04
4.28280000000000013E-04
3.88398999999999993E-04
3.86607999999999982E-04
4.25059999999999999E-04
5.34742000000000051E-04
4.44789999999999975E-04
5.34261999999999975E-04
3.94649000000000009E-04
4.34480000000000001E-04
5.18021000000000020E-04
7.85326000000000036E-04
3.81267999999999982E-04
4.58610999999999990E-04
5.05841000000000038E-04
4.84050999999999991E-04
4.39439999999999980E-04
4.94011000000000038E-04
4.16399000000000023E-04
4.64091000000000026E-04
1.03058300000000006E-03
5.61522999999999970E-04
4.48360000000000024E-04
7.62767000000000024E-04
4.03629000000000021E-04
2.89285999999999981E-04
3.33617999999999990E-04
3.16532000000000011E-04
2.85756999999999982E-04
2.87426000000000023E-04
2.88986999999999990E-04
2.89355999999999999E-04
3.56838000000000001E-04
4.10898999999999997E-04
3.92918999999999983E-04
3.92468999999999999E-04
4.25959000000000006E-04
4.01288999999999986E-04
4.01588999999999993E-04
3.94437999999999993E-04
3.66758000000000015E-04
3.58327999999999989E-04
3.65647999999999993E-04
4.00758999999999989E-04
3.58107999999999994E-04
3.17207000000000014E-04
4.00509000000000010E-04
3.80089000000000013E-04
3.77067999999999989E-04
3.45846999999999984E-04
3.40578000000000018E-04
3.71158000000000013E-04
3.42497999999999999E-04
3.36957999999999995E-04
3.51127999999999976E-04
3.71458000000000020E-04
3.82799000000000019E-04
3.76327999999999992E-04
3.75968000000000016E-04
3.75208999999999992E-04
3.87409000000000017E-04
3.66167999999999995E-04
3.69837999999999992E-04
3.81449000000000013E-04
3.75837999999999975E-04
4.20879999999999995E-04
4.03199000000000027E-04
4.13079000000000007E-04
3.75648000000000019E-04
3.96368000000000024E-04
4.05470000000000006E-04
3.91307999999999988E-04
3.76898999999999984E-04
3.78258000000000023E-04
3.79359000000000011E-04
4.13938999999999995E-04
3.92349000000000007E-04
3.82519000000000001E-04
3.78327999999999987E-04
3.69097999999999996E-04
3.96248999999999994E-04
3.80668999999999984E-04
3.95928999999999997E-04
3.63577999999999981E-04
3.62698000000000003E-04
4.11199000000000005E-04
3.80558999999999986E-04
3.67627999999999998E-04
3.74988999999999997E-04
3.73007999999999977E-04
3.90159000000000003E-04
3.92539000000000017E-04
3.75338000000000017E-04
3.73699000000000015E-04
3.83667999999999986E-04
4.10808999999999990E-04
4.14350000000000016E-04
3.74838000000000005E-04
3.74979000000000002E-04
3.79287999999999978E-04
3.77928999999999993E-04
3.87737999999999993E-04
3.64648999999999984E-04
3.86768000000000008E-04
4.08528999999999978E-04
4.05539000000000008E-04
4.03478999999999990E-04
3.78037999999999974E-04
3.83178999999999985E-04
3.94498999999999978E-04
3.88138000000000003E-04
4.03759000000000008E-04
3.75277999999999994E-04
3.84968999999999980E-04
3.79098000000000022E-04
3.94419000000000020E-04
4.22079000000000009E-04
3.89517999999999993E-04
3.90808999999999991E-04
3.89109000000000004E-04
5.96543000000000052E-04
4.49909999999999980E-04
4.03109000000000019E-04
4.18320000000000020E-04
3.91648999999999990E-04
3.94739000000000017E-04
3.89818000000000000E-04
4.18679999999999996E-04
4.00479000000000026E-04
4.00499000000000016E-04
4.03619000000000026E-04
4.11189000000000010E-04
4.19029000000000016E-04
3.87837999999999996E-04
3.68748999999999976E-04
3.69088000000000001E-04
3.69708000000000005E-04
3.97188999999999995E-04
3.69227999999999982E-04
3.69568999999999985E-04
4.01058999999999997E-04
4.16758999999999999E-04
4.21888999999999999E-04
4.01088000000000020E-04
4.21498999999999984E-04
4.00148999999999980E-04
4.00509000000000010E-04
4.21578999999999997E-04
3.94518000000000006E-04
4.11879999999999994E-04
4.02728999999999999E-04
4.00739000000000000E-04
4.22438999999999985E-04
3.95769000000000025E-04
3.95779000000000020E-04
3.81679000000000003E-04
3.80307999999999992E-04
4.02889000000000025E-04
5.34701999999999964E-04
4.52660000000000020E-04
4.01649000000000016E-04
3.81288999999999988E-04
3.73038000000000015E-04
2.86017000000000010E-04
3.14556999999999977E-04
2.87736000000000025E-04
2.89257000000000012E-04
2.89036000000000002E-04
2.86056999999999989E-04
2.92766000000000022E-04
2.84207000000000025E-04
2.89416999999999984E-04
2.84716000000000016E-04
2.83976000000000020E-04
2.84466999999999999E-04
2.83955999999999976E-04
2.84096000000000012E-04
2.99276999999999974E-04
2.84096999999999974E-04
2.85256000000000008E-04
2.85525999999999976E-04
2.86166999999999986E-04
3.80148000000000020E-04
3.75858999999999980E-04
4.31063999999999991E-04
4.37209999999999997E-04
4.05698999999999979E-04
4.00419000000000003E-04
4.04579000000000017E-04
4.02318999999999995E-04
3.84289000000000006E-04
4.21259000000000000E-04
3.82327999999999976E-04
4.05688999999999985E-04
4.04679000000000020E-04
3.84978999999999974E-04
3.92429000000000020E-04
3.98798999999999974E-04
4.02028999999999982E-04
4.01498999999999986E-04
3.78788999999999981E-04
4.13179000000000009E-04
7.68952000000000047E-04
6.30282000000000021E-04
4.85840999999999986E-04
2.91526000000000014E-04
3.04967000000000009E-04
2.85625999999999979E-04
2.86317000000000017E-04
2.96466000000000004E-04
3.05306999999999996E-04
2.88466999999999988E-04
3.01007000000000000E-04
3.04006000000000003E-04
3.52618000000000018E-04
2.87746999999999981E-04
2.88985999999999974E-04
4.39839999999999990E-04
3.97239000000000023E-04
3.97257999999999997E-04
4.05699999999999995E-04
3.92787999999999980E-04
4.85461000000000020E-04
4.80991000000000003E-04
4.00309000000000006E-04
3.86828999999999992E-04
3.89179000000000022E-04
4.58730000000000021E-04
4.16888999999999986E-04
3.79608999999999990E-04
3.89048999999999981E-04
3.92639000000000020E-04
3.93707999999999992E-04
4.17879000000000015E-04
5.06620999999999959E-04
4.01478999999999996E-04
4.06338999999999973E-04
4.01649000000000016E-04
4.46090000000000006E-04
4.39329000000000022E-04
4.13369000000000019E-04
5.96506000000000011E-04
2.84706000000000022E-04
2.83997000000000025E-04
2.84155999999999981E-04
2.84166999999999992E-04
3.01456000000000022E-04
3.10786999999999977E-04
2.85216999999999990E-04
2.84665999999999988E-04
2.86635999999999998E-04
2.88955999999999989E-04
2.89316000000000020E-04
3.01517000000000007E-04
2.99676999999999984E-04
2.84106000000000007E-04
2.95716999999999974E-04
2.83686000000000008E-04
2.83876999999999979E-04
2.83075999999999998E-04
3.34498000000000022E-04
2.83195999999999990E-04
3.02467000000000003E-04
2.84206000000000009E-04
2.84947000000000021E-04
2.86045999999999978E-04
3.00667000000000013E-04
2.87575999999999999E-04
2.89057000000000008E-04
2.88445999999999982E-04
2.85956999999999986E-04
2.85595999999999994E-04
2.97786999999999987E-04
2.99345999999999976E-04
2.83646999999999990E-04
2.83666000000000018E-04
2.83336000000000026E-04
2.94687000000000020E-04
2.83745999999999977E-04
2.83577000000000026E-04
3.17011999999999980E-04
3.27336999999999973E-04
3.42297999999999995E-04
3.11506999999999984E-04
2.99336999999999997E-04
3.12436999999999990E-04
3.07347000000000024E-04
3.05357000000000024E-04
3.04365999999999979E-04
2.86306000000000006E-04
2.95496999999999980E-04
3.28896999999999978E-04
4.80066000000000021E-04
3.59768000000000002E-04
3.26907999999999995E-04
3.38946999999999979E-04
5.64640000000000042E-04
5.44431999999999967E-04
4.00038999999999983E-04
4.30063000000000006E-04
3.78058000000000018E-04
3.93089000000000004E-04
3.86059000000000012E-04
4.02479000000000020E-04
4.27719000000000016E-04
3.79408999999999985E-04
3.84609000000000003E-04
3.95487999999999992E-04
3.99807999999999978E-04
3.95028000000000013E-04
3.80128999999999992E-04
3.86018999999999978E-04
3.80058000000000013E-04
4.39350000000000027E-04
3.77008999999999981E-04
3.53627999999999983E-04
3.76628000000000000E-04
3.80819000000000014E-04
3.84688000000000000E-04
4.20469999999999991E-04
3.82268000000000007E-04
3.83408999999999974E-04
3.85759000000000004E-04
4.04899000000000014E-04
3.93518999999999998E-04
3.88008000000000016E-04
3.76498999999999974E-04
3.82017999999999973E-04
3.91048999999999976E-04
4.23219999999999976E-04
3.84077999999999991E-04
3.77398999999999996E-04
3.95088999999999998E-04
3.95038000000000008E-04
4.10769000000000010E-04
3.89898999999999975E-04
3.81018000000000003E-04
3.87109000000000010E-04
3.79377999999999985E-04
3.93889000000000023E-04
4.07309000000000013E-04
3.72239000000000012E-04
3.53627999999999983E-04
3.86888000000000000E-04
3.98548999999999995E-04
3.99349000000000015E-04
3.81139000000000011E-04
3.84208999999999994E-04
3.82698000000000001E-04
4.00819000000000013E-04
4.38244999999999976E-04
4.02348999999999979E-04
3.80199000000000010E-04
4.00638999999999997E-04
4.13248999999999973E-04
3.73268000000000005E-04
3.56147999999999979E-04
3.38347999999999980E-04
3.18667000000000017E-04
3.34808000000000024E-04
3.62927999999999992E-04
4.21239000000000010E-04
3.91619000000000006E-04
3.85299000000000026E-04
4.22108999999999993E-04
3.82238999999999984E-04
3.84489000000000011E-04
3.85017999999999992E-04
3.87629000000000012E-04
4.05388999999999977E-04
5.28214000000000049E-04
5.47674999999999963E-04
3.82558999999999981E-04
3.77608999999999996E-04
3.75587999999999996E-04
3.17056999999999983E-04
3.56757999999999988E-04
3.85288999999999977E-04
3.79907999999999982E-04
4.09179999999999982E-04
3.78088000000000003E-04
3.77759000000000027E-04
4.08068999999999999E-04
3.78388000000000010E-04
3.96709000000000026E-04
3.79869000000000018E-04
3.81088000000000021E-04
3.98299000000000016E-04
3.81938999999999976E-04
4.12429000000000018E-04
3.80179000000000020E-04
3.78957999999999986E-04
3.95709000000000002E-04
3.97039000000000018E-04
3.78588000000000015E-04
3.76867999999999984E-04
3.76728000000000002E-04
3.94908999999999983E-04
4.08659000000000019E-04
3.78468000000000023E-04
3.78908000000000012E-04
3.80358000000000020E-04
3.96468999999999988E-04
3.79877999999999997E-04
3.34687999999999978E-04
2.90056999999999978E-04
2.87226000000000018E-04
2.86056999999999989E-04
2.84596000000000024E-04
3.41907999999999980E-04
2.83815999999999995E-04
2.84086000000000017E-04
2.83546999999999987E-04
4.85230999999999976E-04
3.93668999999999974E-04
3.95097999999999977E-04
3.94598999999999981E-04
4.34150000000000009E-04
4.09358999999999982E-04
4.05949000000000013E-04
3.59348000000000002E-04
3.59108000000000018E-04
3.66648999999999979E-04
3.74997999999999976E-04
3.48897999999999992E-04
3.40347999999999974E-04
3.32597000000000014E-04
3.38578000000000023E-04
3.94288999999999978E-04
3.85498000000000015E-04
3.35888000000000007E-04
3.34656999999999977E-04
3.39907999999999985E-04
3.57238000000000011E-04
3.55297999999999985E-04
3.44397999999999991E-04
3.82468999999999973E-04
3.59618000000000025E-04
3.06417000000000017E-04
3.83818000000000017E-04
3.40767999999999974E-04
3.41308000000000019E-04
3.30676999999999978E-04
3.23326999999999989E-04
3.84418999999999993E-04
3.93428999999999990E-04
3.80799000000000025E-04
3.82568000000000014E-04
3.30487999999999984E-04
3.67188000000000009E-04
3.39766999999999988E-04
3.45946999999999986E-04
3.40698000000000010E-04
3.49877999999999973E-04
3.82517999999999986E-04
9.90582000000000051E-04
4.31254000000000001E-04
3.44117999999999974E-04
4.37309999999999999E-04
4.01969000000000013E-04
3.99579000000000004E-04
4.20888999999999975E-04
4.51909999999999974E-04
4.10339999999999978E-04
4.09529000000000002E-04
4.23714000000000003E-04
4.08068999999999999E-04
3.99649000000000022E-04
3.79707999999999977E-04
2.87457000000000023E-04
3.03886000000000011E-04
2.87065999999999992E-04
2.88945999999999995E-04
2.88346999999999996E-04
2.86076000000000017E-04
2.84916999999999983E-04
2.83566000000000016E-04
2.98856999999999975E-04
2.93216000000000006E-04
3.24617999999999988E-04
3.04307000000000026E-04
2.84065999999999973E-04
2.83796000000000005E-04
2.83986999999999976E-04
3.15017000000000010E-04
2.85366000000000005E-04
2.85436999999999985E-04
2.85935999999999981E-04
2.87086999999999998E-04
2.89206000000000023E-04
3.07306999999999990E-04
2.96567000000000022E-04
2.86255999999999978E-04
2.85735999999999976E-04
2.83417000000000001E-04
2.83395999999999995E-04
2.83507000000000008E-04
3.11137000000000013E-04
2.83666000000000018E-04
2.83546000000000026E-04
2.83766999999999982E-04
4.84039999999999980E-04
3.76837999999999999E-04
3.84689000000000016E-04
3.75397999999999986E-04
4.92838000000000000E-04
4.78251000000000012E-04
4.57270000000000018E-04
4.53830000000000010E-04
4.27819999999999980E-04
4.31359999999999990E-04
4.51330000000000004E-04
4.28559999999999976E-04
5.45141999999999979E-04
4.50150000000000018E-04
4.39690000000000014E-04
4.08718999999999988E-04
5.60992999999999973E-04
4.21209000000000026E-04
4.54220000000000025E-04
4.98090999999999985E-04
4.51750000000000003E-04
6.42013999999999996E-04
5.08571999999999995E-04
4.37200000000000002E-04
4.22259000000000024E-04
4.61950999999999996E-04
4.60489999999999977E-04
3.99608999999999989E-04
3.28136999999999992E-04
3.51268000000000012E-04
3.25057999999999977E-04
3.34636999999999988E-04
4.67481000000000005E-04
3.34856999999999982E-04
3.97059000000000008E-04
4.62580999999999995E-04
3.96575999999999992E-04
4.26630000000000000E-04
5.58954999999999977E-04
4.66859999999999986E-04
3.85481999999999980E-04
2.86816000000000013E-04
2.85157000000000021E-04
2.83796000000000005E-04
2.83586000000000005E-04
3.11096000000000018E-04
2.94205999999999981E-04
2.83036000000000019E-04
2.82847000000000025E-04
2.95846000000000000E-04
2.83736999999999997E-04
2.84275999999999973E-04
3.42972999999999997E-04
4.10249000000000009E-04
3.87809000000000027E-04
3.93238999999999980E-04
4.39388999999999991E-04
3.97287999999999981E-04
3.78578000000000020E-04
3.67718000000000005E-04
4.00529000000000000E-04
3.88948999999999979E-04
4.05468999999999990E-04
3.64038000000000013E-04
3.52546999999999984E-04
4.01529000000000024E-04
3.30426999999999999E-04
3.68208000000000023E-04
3.36728000000000006E-04
3.27736999999999983E-04
3.55998000000000002E-04
3.22486999999999991E-04
3.14426999999999990E-04
3.74418000000000006E-04
3.42537999999999979E-04
3.68677999999999996E-04
3.81659000000000013E-04
3.38536999999999974E-04
3.52628000000000013E-04
3.59948000000000017E-04
4.31985000000000019E-04
3.66167999999999995E-04
3.62038000000000019E-04
3.68638999999999978E-04
2.92645999999999976E-04
3.18926999999999991E-04
2.95737000000000018E-04
2.85956000000000025E-04
2.85736999999999992E-04
2.87336000000000015E-04
2.89076999999999997E-04
3.42137000000000008E-04
3.19087000000000016E-04
2.86576999999999991E-04
3.02726000000000015E-04
2.84276999999999989E-04
2.83645999999999974E-04
2.83955999999999976E-04
3.86087999999999980E-04
3.02347000000000011E-04
2.83876000000000018E-04
2.83687000000000023E-04
2.84045999999999984E-04
2.84806000000000024E-04
3.03456999999999978E-04
2.85677000000000023E-04
2.87736000000000025E-04
2.89426999999999979E-04
2.88486000000000016E-04
2.86855999999999992E-04
2.85925999999999986E-04
3.09147000000000013E-04
2.83725999999999987E-04
2.84147000000000002E-04
3.23976999999999978E-04
2.96946999999999988E-04
2.83405999999999990E-04
2.83686000000000008E-04
2.99556999999999992E-04
2.84386000000000025E-04
2.85426999999999990E-04
2.85815999999999989E-04
2.85407000000000000E-04
2.87185999999999984E-04
2.96206999999999992E-04
3.04877000000000002E-04
2.87365999999999999E-04
2.85845999999999973E-04
2.84476999999999994E-04
2.83976000000000020E-04
2.83707000000000013E-04
2.83535999999999977E-04
2.99837000000000009E-04
3.98192999999999974E-04
4.22775000000000017E-04
4.04958999999999983E-04
3.58368000000000022E-04
3.71307999999999990E-04
3.58678000000000024E-04
3.58447999999999981E-04
4.00716000000000017E-04
5.86633000000000033E-04
7.87907000000000017E-04
4.72970000000000020E-04
4.22210000000000012E-04
4.19838999999999976E-04
4.00758999999999989E-04
4.38980000000000002E-04
4.55339999999999987E-04
4.19339999999999980E-04
4.38689999999999989E-04
3.28356999999999987E-04
5.14674000000000013E-04
3.97407999999999974E-04
3.33248000000000019E-04
2.84926000000000016E-04
2.84867000000000009E-04
3.11117000000000023E-04
2.89675999999999996E-04
2.89616999999999989E-04
2.87725999999999976E-04
2.85897000000000017E-04
2.84826000000000014E-04
2.84345999999999991E-04
3.09216999999999977E-04
2.84056999999999994E-04
2.83656000000000023E-04
2.83285999999999998E-04
2.95527000000000018E-04
2.83466000000000013E-04
2.83927000000000007E-04
3.01397000000000015E-04
2.85046000000000008E-04
2.86106000000000001E-04
2.87917000000000001E-04
5.51041999999999960E-04
3.15896999999999988E-04
3.61807999999999976E-04
3.21938000000000020E-04
3.38326999999999975E-04
2.84306999999999973E-04
2.83986000000000015E-04
2.84486999999999989E-04
2.84125999999999997E-04
2.83676000000000013E-04
2.83766999999999982E-04
2.99776000000000025E-04
2.84066999999999989E-04
3.06386999999999979E-04
2.85586000000000000E-04
2.85636999999999989E-04
2.98685999999999993E-04
2.89286999999999997E-04
3.09716999999999989E-04
2.87195999999999979E-04
2.85997000000000020E-04
2.85116000000000026E-04
3.50367999999999990E-04
3.94759000000000006E-04
4.11916000000000018E-04
3.38908000000000015E-04
3.12497000000000013E-04
4.27609000000000019E-04
4.35820000000000012E-04
3.53387999999999999E-04
3.32907999999999978E-04
3.32746999999999991E-04
3.45057999999999975E-04
3.44128000000000023E-04
3.88388999999999998E-04
3.41886999999999974E-04
4.35749999999999994E-04
3.37417999999999974E-04
3.36257000000000016E-04
3.33857999999999974E-04
3.51617999999999993E-04
4.59690000000000012E-04
2.86906999999999982E-04
2.88056000000000022E-04
2.88156999999999986E-04
3.46297000000000022E-04
1.19459499999999990E-03
4.31860000000000002E-04
4.93301000000000026E-04
3.53107999999999981E-04
3.78168000000000015E-04
4.32635000000000007E-04
4.11848999999999993E-04
3.87147999999999973E-04
3.89389000000000022E-04
4.07329000000000003E-04
3.83099000000000026E-04
4.05153000000000002E-04
3.99899000000000001E-04
3.83508000000000015E-04
3.85908999999999981E-04
3.89898999999999975E-04
3.58727999999999998E-04
3.96339000000000001E-04
4.01529000000000024E-04
3.93389000000000011E-04
3.73248000000000015E-04
3.79659000000000019E-04
4.05419000000000016E-04
3.92158999999999997E-04
3.73438000000000025E-04
4.03249000000000001E-04
3.92629000000000025E-04
3.91089000000000009E-04
4.19679000000000005E-04
4.09430000000000015E-04
3.79897999999999987E-04
2.83727000000000003E-04
3.11485999999999979E-04
3.59067999999999985E-04
3.01125999999999976E-04
2.96446999999999976E-04
2.85046000000000008E-04
2.84527000000000022E-04
2.86816000000000013E-04
5.49663000000000040E-04
2.88796000000000018E-04
3.60488000000000009E-04
3.27088000000000010E-04
2.85586000000000000E-04
2.84086000000000017E-04
2.83937000000000002E-04
3.10827000000000011E-04
2.84306000000000012E-04
2.83356000000000016E-04
2.83546999999999987E-04
3.36567000000000018E-04
2.83607000000000011E-04
3.01286000000000002E-04
2.85106999999999993E-04
2.85146000000000011E-04
2.87106999999999987E-04
2.88865999999999982E-04
3.49088000000000002E-04
3.29567000000000011E-04
3.20237999999999979E-04
2.84726000000000011E-04
2.95227000000000011E-04
2.84565999999999986E-04
2.83745999999999977E-04
2.83566999999999977E-04
2.83195999999999990E-04
2.98987000000000016E-04
2.83666000000000018E-04
2.83846999999999995E-04
2.85026000000000018E-04
2.85156000000000005E-04
3.13066999999999989E-04
2.87167000000000010E-04
3.40096999999999980E-04
2.88847000000000008E-04
2.85956000000000025E-04
2.86146999999999996E-04
2.85366000000000005E-04
2.84117000000000018E-04
3.02885999999999986E-04
2.83776999999999977E-04
2.83435999999999974E-04
2.82606000000000025E-04
2.94707000000000009E-04
3.30046999999999979E-04
2.89016999999999974E-04
2.99197000000000015E-04
2.85376000000000000E-04
2.85126000000000021E-04
2.86386999999999981E-04
2.88796000000000018E-04
3.70908999999999996E-04
3.62758000000000026E-04
3.76777999999999976E-04
3.18298000000000008E-04
3.23697000000000015E-04
3.45318000000000003E-04
2.94756000000000022E-04
2.89027000000000023E-04
3.06576999999999989E-04
2.83425999999999980E-04
3.06717000000000025E-04
3.17007000000000009E-04
3.60137999999999973E-04
3.17827000000000018E-04
3.01697000000000022E-04
2.87597000000000005E-04
3.34277000000000012E-04
2.89257000000000012E-04
2.87055999999999997E-04
3.17717000000000021E-04
2.85556999999999977E-04
3.00915999999999976E-04
2.84066999999999989E-04
2.83105999999999983E-04
2.84165999999999976E-04
2.83727000000000003E-04
2.83886000000000012E-04
2.95127000000000009E-04
4.24638999999999984E-04
3.70789000000000004E-04
3.75428000000000025E-04
3.54667999999999986E-04
3.77498999999999999E-04
3.80657999999999973E-04
3.55778000000000008E-04
3.01737000000000001E-04
2.89167000000000005E-04
3.59567999999999997E-04
3.01376000000000009E-04
3.10407000000000011E-04
2.90376999999999975E-04
2.83906000000000002E-04
2.99486999999999974E-04
2.97886999999999989E-04
3.30366999999999976E-04
3.57958000000000017E-04
3.30008000000000016E-04
3.29186999999999991E-04
4.02118999999999990E-04
3.64917999999999992E-04
4.22410000000000016E-04
3.61298000000000023E-04
3.60217999999999986E-04
3.58667999999999975E-04
3.59218000000000016E-04
3.56998000000000027E-04
3.73307999999999984E-04
3.57177999999999988E-04
3.56987999999999978E-04
3.57448000000000011E-04
3.86397999999999982E-04
3.74148999999999999E-04
3.39756999999999993E-04
3.46048000000000004E-04
3.29096999999999983E-04
3.06256999999999992E-04
3.21937000000000004E-04
3.48528000000000021E-04
4.53269999999999975E-04
4.21859000000000014E-04
4.50309999999999990E-04
4.19309999999999995E-04
4.28449000000000017E-04
3.94508999999999973E-04
3.74347999999999988E-04
3.75889000000000019E-04
4.04469000000000020E-04
3.85468999999999992E-04
3.94908000000000021E-04
3.88728000000000023E-04
3.72359000000000004E-04
4.26598999999999999E-04
3.97718999999999991E-04
4.12149000000000001E-04
3.67637999999999993E-04
3.98568999999999985E-04
3.99098999999999982E-04
3.81667999999999992E-04
5.36037999999999966E-04
6.42233999999999991E-04
3.75118000000000023E-04
3.75917999999999988E-04
4.29324999999999987E-04
4.16368999999999984E-04
3.92478999999999994E-04
3.97067999999999987E-04
4.65509999999999980E-04
4.20089000000000009E-04
4.42439999999999999E-04
4.49410000000000022E-04
3.99477999999999986E-04
4.37528999999999978E-04
4.19050000000000021E-04
4.18158999999999979E-04
4.17329999999999990E-04
4.68419999999999991E-04
4.65530999999999985E-04
4.33528999999999989E-04
4.14240000000000018E-04
4.19679000000000005E-04
4.28590000000000015E-04
4.15028999999999973E-04
4.55039999999999980E-04
4.27219000000000004E-04
4.36780000000000002E-04
3.67068000000000017E-04
3.24378000000000004E-04
3.15937000000000021E-04
3.25057000000000015E-04
3.29106999999999978E-04
3.94639000000000014E-04
3.62548000000000026E-04
3.23307000000000000E-04
3.76368000000000026E-04
3.33297999999999993E-04
3.11286999999999989E-04
6.90969999999999952E-04
3.77648999999999975E-04
3.81018000000000003E-04
3.90068999999999995E-04
4.15159000000000014E-04
3.72649000000000016E-04
3.71068000000000005E-04
3.98749000000000000E-04
3.76777999999999976E-04
3.84648000000000021E-04
4.27624999999999999E-04
3.82397999999999994E-04
3.89608000000000001E-04
3.89868999999999990E-04
4.03898999999999990E-04
3.86188999999999998E-04
4.05478999999999985E-04
3.89748999999999998E-04
3.83867999999999991E-04
4.08818999999999990E-04
3.83938000000000009E-04
3.78199000000000016E-04
3.92969000000000011E-04
4.18028999999999992E-04
4.13128999999999981E-04
3.95418999999999990E-04
3.84699000000000011E-04
4.03109000000000019E-04
3.90598999999999992E-04
4.12678999999999997E-04
3.96929000000000021E-04
3.93719000000000003E-04
3.86318999999999985E-04
3.85527999999999999E-04
4.19529999999999990E-04
4.05229000000000006E-04
3.94949000000000016E-04
3.88269000000000006E-04
7.23140999999999953E-04
3.81688999999999997E-04
3.86157999999999998E-04
4.09878999999999983E-04
3.80688000000000012E-04
4.66030999999999997E-04
3.78508000000000002E-04
3.08546999999999999E-04
2.86767000000000001E-04
3.07926999999999995E-04
2.97286000000000013E-04
3.26568000000000008E-04
4.15208999999999988E-04
4.00458999999999982E-04
4.00729000000000005E-04
4.04968999999999978E-04
3.68927999999999975E-04
3.91698000000000003E-04
3.72268999999999996E-04
3.63398000000000020E-04
3.77518000000000027E-04
3.66968999999999976E-04
4.47034000000000016E-04
4.34908999999999979E-04
4.65981000000000023E-04
4.48629999999999992E-04
4.85471000000000014E-04
4.35210000000000002E-04
4.28828999999999983E-04
4.35239999999999987E-04
4.65350000000000008E-04
4.34539000000000008E-04
4.37830000000000001E-04
4.61691000000000022E-04
4.48029999999999978E-04
5.01021000000000040E-04
4.56130000000000012E-04
5.57828000000000013E-04
3.90628999999999976E-04
3.91998000000000010E-04
3.92298999999999979E-04
4.66154999999999998E-04
4.03158999999999993E-04
4.21828999999999976E-04
3.99938999999999980E-04
4.28150000000000026E-04
4.01078999999999986E-04
4.39149000000000006E-04
4.02479000000000020E-04
4.67100000000000024E-04
4.19290000000000006E-04
3.99818999999999988E-04
4.30119000000000020E-04
4.21570000000000018E-04
4.25578999999999986E-04
3.77708999999999998E-04
3.98438999999999998E-04
4.23649000000000009E-04
3.97029000000000023E-04
3.97198999999999990E-04
3.82729000000000001E-04
4.00419000000000003E-04
3.86889000000000015E-04
4.42200000000000015E-04
4.08198999999999986E-04
3.76007999999999995E-04
3.98858999999999997E-04
4.18359999999999999E-04
3.94918999999999978E-04
4.34759000000000003E-04
3.96028999999999999E-04
4.07199000000000016E-04
4.06270000000000025E-04
4.11519000000000002E-04
7.46247000000000013E-04
3.82032999999999993E-04
3.43118000000000004E-04
3.05397000000000004E-04
3.07167000000000009E-04
2.96356000000000007E-04
3.17152000000000015E-04
3.80988000000000019E-04
3.70119000000000025E-04
3.69068000000000011E-04
3.54408000000000013E-04
3.58568000000000027E-04
3.37507999999999981E-04
3.40557000000000012E-04
3.33058000000000009E-04
3.30527000000000002E-04
3.55978000000000013E-04
3.37748000000000020E-04
3.23677000000000025E-04
3.30098000000000023E-04
2.96925999999999982E-04
3.30177999999999982E-04
3.81457999999999992E-04
4.26769999999999981E-04
3.47578000000000025E-04
2.83356000000000016E-04
2.83507000000000008E-04
2.83066000000000003E-04
2.83656000000000023E-04
3.39467999999999996E-04
2.95667000000000000E-04
2.86745999999999995E-04
2.87526000000000025E-04
2.88146999999999991E-04
2.88886000000000026E-04
3.13937000000000027E-04
3.03517000000000001E-04
2.85846999999999989E-04
3.17026999999999999E-04
3.54567999999999984E-04
3.60878000000000023E-04
3.59507999999999974E-04
3.68787999999999993E-04
2.86847000000000013E-04
3.22147000000000004E-04
3.33127000000000011E-04
3.04776999999999999E-04
4.43864999999999993E-04
3.15056999999999989E-04
2.87695999999999991E-04
2.89487000000000002E-04
2.88676000000000026E-04
3.04027000000000008E-04
2.86225999999999993E-04
2.85536999999999987E-04
2.84486000000000027E-04
2.84225999999999999E-04
2.83937000000000002E-04
2.86465999999999978E-04
3.27537999999999994E-04
3.16457000000000023E-04
2.83986000000000015E-04
2.83405999999999990E-04
2.85147000000000026E-04
2.85085999999999987E-04
3.07126999999999975E-04
2.87037000000000023E-04
2.87676000000000002E-04
2.89265999999999991E-04
2.86316000000000001E-04
2.85845999999999973E-04
3.26138000000000014E-04
3.00506000000000026E-04
2.83456999999999980E-04
2.83056000000000009E-04
2.82846000000000009E-04
2.82816999999999986E-04
2.83056000000000009E-04
2.99546999999999997E-04
2.99686999999999979E-04
2.85376000000000000E-04
2.97337000000000003E-04
2.85805999999999994E-04
2.87546999999999976E-04
3.71717999999999994E-04
2.90205999999999993E-04
3.04806000000000022E-04
2.85226999999999985E-04
2.85205999999999979E-04
2.83807000000000015E-04
2.83566000000000016E-04
2.83376000000000005E-04
2.83167000000000022E-04
2.99606000000000004E-04
2.83307000000000003E-04
2.83815999999999995E-04
3.06717000000000025E-04
2.84486000000000027E-04
2.84716999999999978E-04
3.82327999999999976E-04
4.11010000000000010E-04
4.22758999999999982E-04
3.85969000000000004E-04
3.84907999999999995E-04
3.74979000000000002E-04
3.94419000000000020E-04
3.82658000000000022E-04
3.68308999999999987E-04
3.74938000000000007E-04
3.22366999999999999E-04
3.27637999999999996E-04
3.43927000000000002E-04
3.12307000000000003E-04
3.58778000000000027E-04
3.78788000000000020E-04
3.89678999999999980E-04
4.56744999999999992E-04
4.36880000000000005E-04
4.03168999999999988E-04
4.36379999999999993E-04
4.43309999999999982E-04
4.37949999999999993E-04
4.47100000000000026E-04
3.66827999999999978E-04
3.54897999999999976E-04
3.40527999999999990E-04
2.90486000000000010E-04
2.86217000000000014E-04
2.96566000000000006E-04
2.88307000000000016E-04
2.85705999999999992E-04
3.02337000000000016E-04
3.12057000000000024E-04
2.93266999999999996E-04
2.89365999999999994E-04
2.93266999999999996E-04
3.33776999999999999E-04
3.93149000000000027E-04
3.93548999999999982E-04
3.67918000000000010E-04
3.70177999999999978E-04
3.78007999999999990E-04
3.59308000000000023E-04
9.20290999999999948E-04
3.99649000000000022E-04
3.90198999999999982E-04
3.79157999999999991E-04
3.77029000000000025E-04
3.92618999999999976E-04
3.97357999999999999E-04
3.79648000000000008E-04
3.45008000000000001E-04
2.94725999999999983E-04
3.74288999999999980E-04
3.66607999999999984E-04
3.91978999999999982E-04
3.17547000000000001E-04
3.38578000000000023E-04
3.75578000000000001E-04
3.69478000000000016E-04
4.00128999999999990E-04
3.48786999999999979E-04
3.15347000000000001E-04
3.25116999999999984E-04
2.99007000000000005E-04
3.36237000000000027E-04
3.76739000000000013E-04
3.86468000000000000E-04
3.92039000000000005E-04
3.93208999999999996E-04
3.74428000000000000E-04
4.13989999999999985E-04
3.84627999999999977E-04
3.72969000000000013E-04
3.81967999999999999E-04
3.84558999999999975E-04
3.83639000000000018E-04
4.02919000000000009E-04
3.76137999999999982E-04
4.27874999999999978E-04
3.84697999999999995E-04
3.85938000000000004E-04
1.56580200000000004E-03
3.99398999999999989E-04
4.30790000000000014E-04
4.34440000000000021E-04
4.31628999999999997E-04
4.71530000000000007E-04
4.63990000000000008E-04
4.28808999999999994E-04
5.04611999999999986E-04
4.30139000000000010E-04
5.33872000000000014E-04
4.51149999999999989E-04
4.24329999999999998E-04
4.26210000000000000E-04
4.89600999999999990E-04
5.52272000000000028E-04
4.39050000000000020E-04
4.27970000000000011E-04
4.92611000000000004E-04
4.93701000000000036E-04
4.49039999999999997E-04
4.21488999999999989E-04
4.54041000000000026E-04
4.21629000000000025E-04
4.38660000000000005E-04
5.18671999999999970E-04
4.47420000000000023E-04
3.97969000000000025E-04
3.24967000000000008E-04
3.12507000000000008E-04
3.56298000000000010E-04
3.72518000000000014E-04
3.30326999999999997E-04
3.56198000000000007E-04
6.44106999999999991E-04
3.94719000000000027E-04
3.83618999999999974E-04
3.81338000000000000E-04
4.05109000000000014E-04
3.87529000000000009E-04
3.74897999999999974E-04
3.76639000000000010E-04
4.26718999999999992E-04
3.80968999999999991E-04
3.93499000000000008E-04
3.84958000000000023E-04
3.81789000000000000E-04
3.63808000000000024E-04
3.91819000000000011E-04
3.93098999999999998E-04
4.08479000000000004E-04
4.09099000000000008E-04
4.00258000000000016E-04
3.96757999999999985E-04
4.00299000000000011E-04
4.00709000000000015E-04
4.12798999999999989E-04
3.94199000000000025E-04
3.83938000000000009E-04
3.86208999999999988E-04
3.95579000000000015E-04
4.27048999999999983E-04
3.13947000000000022E-04
3.68917999999999980E-04
3.43567999999999988E-04
3.05695999999999995E-04
3.72438000000000001E-04
3.89919000000000019E-04
3.77587999999999990E-04
3.70777999999999993E-04
3.69547999999999979E-04
4.07439000000000000E-04
6.07053999999999992E-04
5.09170999999999994E-04
4.16729000000000014E-04
3.94898999999999988E-04
4.16399999999999984E-04
3.88717999999999974E-04
3.86228999999999978E-04
4.25629999999999975E-04
3.91548000000000026E-04
4.22640000000000006E-04
3.82028999999999984E-04
3.91399000000000011E-04
3.88067999999999985E-04
3.95128999999999977E-04
3.79679000000000008E-04
3.79267999999999988E-04
3.79029000000000020E-04
4.61519999999999986E-04
4.31029999999999998E-04
3.97108999999999982E-04
3.89538999999999999E-04
3.94528000000000001E-04
3.91588000000000006E-04
3.97418999999999984E-04
3.68118999999999977E-04
3.70167999999999984E-04
4.17229000000000026E-04
3.84938999999999995E-04
4.24198999999999995E-04
3.91598000000000000E-04
3.81728999999999977E-04
3.88538999999999974E-04
3.88028000000000006E-04
4.01429000000000022E-04
3.88777999999999997E-04
4.02228999999999987E-04
3.88129000000000024E-04
3.80778999999999981E-04
5.71851999999999972E-04
4.10929999999999998E-04
3.77687999999999993E-04
3.49517999999999997E-04
2.84306000000000012E-04
3.02867000000000013E-04
2.95276999999999985E-04
3.51967999999999975E-04
2.87236000000000013E-04
2.93596999999999988E-04
3.73278000000000000E-04
4.17419999999999998E-04
3.84007999999999973E-04
3.83198000000000013E-04
3.88598999999999997E-04
4.33205999999999999E-04
4.11349999999999997E-04
4.51943000000000006E-04
3.59008000000000016E-04
3.51768000000000024E-04
3.62417999999999985E-04
4.52590000000000002E-04
3.75148000000000007E-04
3.68308000000000025E-04
3.83749000000000015E-04
4.10759000000000016E-04
4.07368999999999982E-04
4.00109000000000001E-04
4.05698999999999979E-04
3.91789000000000026E-04
3.73507999999999989E-04
3.82568000000000014E-04
3.86179000000000004E-04
3.76578000000000026E-04
3.84579000000000019E-04
4.11538999999999991E-04
3.83019000000000014E-04
3.75978000000000011E-04
3.80228999999999995E-04
3.76298000000000008E-04
3.88339000000000024E-04
4.29179000000000019E-04
3.81718000000000020E-04
4.85145999999999993E-04
4.01388999999999988E-04
3.68348000000000004E-04
3.80949000000000001E-04
4.98805999999999967E-04
3.92378999999999992E-04
3.87338999999999999E-04
3.89309000000000009E-04
4.19188999999999987E-04
3.79558000000000000E-04
4.70488000000000026E-04
4.36689999999999995E-04
5.76135999999999988E-04
3.99078999999999992E-04
3.99708999999999991E-04
4.20778999999999977E-04
3.91878999999999980E-04
3.82128999999999986E-04
3.45408000000000011E-04
3.32646999999999988E-04
2.87106999999999987E-04
3.05866000000000015E-04
2.89907000000000001E-04
2.86855999999999992E-04
2.86017000000000010E-04
2.85036000000000013E-04
2.84447000000000009E-04
2.99916000000000006E-04
2.84076999999999984E-04
2.83425999999999980E-04
2.83705999999999997E-04
2.83707000000000013E-04
3.61628000000000015E-04
3.80478000000000012E-04
4.25289999999999989E-04
3.92378999999999992E-04
3.99979000000000014E-04
4.12178999999999985E-04
4.13279000000000012E-04
3.94529000000000017E-04
3.99769000000000014E-04
4.10818999999999985E-04
3.77827999999999975E-04
4.02738999999999994E-04
4.02199000000000003E-04
3.99288999999999992E-04
4.01319000000000025E-04
4.00899000000000025E-04
4.21399999999999997E-04
4.22648999999999985E-04
4.81240999999999982E-04
3.90259000000000005E-04
3.94659000000000004E-04
3.96378999999999980E-04
3.87227999999999986E-04
3.79098999999999983E-04
3.35507000000000025E-04
3.35177999999999995E-04
3.35207999999999980E-04
3.38076999999999996E-04
3.94559000000000001E-04
3.93599000000000010E-04
3.98289000000000021E-04
4.10278999999999993E-04
3.91089000000000009E-04
3.88738999999999979E-04
3.91917999999999997E-04
3.86937999999999974E-04
4.07688999999999979E-04
4.31989999999999989E-04
3.55868000000000015E-04
2.88496000000000011E-04
2.88817000000000023E-04
2.89355999999999999E-04
2.86727000000000021E-04
3.05116999999999986E-04
2.85466000000000008E-04
2.83466000000000013E-04
2.84147000000000002E-04
2.83906000000000002E-04
2.83246000000000019E-04
3.11916000000000027E-04
3.96038999999999994E-04
3.57988000000000002E-04
3.64067999999999998E-04
3.45887999999999979E-04
4.01714000000000010E-04
3.59157999999999992E-04
3.69729000000000010E-04
3.36777000000000018E-04
3.95218999999999985E-04
4.27570000000000001E-04
4.15748999999999980E-04
3.93819000000000005E-04
3.88799000000000002E-04
4.06128999999999974E-04
4.14678999999999992E-04
4.02028999999999982E-04
3.99889000000000006E-04
4.02589000000000018E-04
4.04928999999999999E-04
4.15328999999999980E-04
3.89268999999999976E-04
3.96058999999999984E-04
3.53668000000000016E-04
3.80598000000000004E-04
4.10359000000000006E-04
3.83649000000000013E-04
3.97718999999999991E-04
4.50560000000000023E-04
3.95328999999999982E-04
3.54467999999999981E-04
2.89736999999999981E-04
2.86325999999999996E-04
2.86025999999999989E-04
2.89636999999999978E-04
3.08676999999999986E-04
3.06007000000000013E-04
3.49117999999999987E-04
3.34316999999999991E-04
3.16457000000000023E-04
3.59787999999999991E-04
3.39077999999999981E-04
7.76526999999999946E-04
3.85588000000000022E-04
4.02108999999999995E-04
3.85688999999999986E-04
4.07009000000000006E-04
3.46568000000000006E-04
2.84475999999999978E-04
3.19576999999999980E-04
2.97986999999999991E-04
3.00037000000000014E-04
2.99666999999999989E-04
2.83325999999999977E-04
2.83046000000000014E-04
2.84606999999999981E-04
2.85686000000000002E-04
2.85367000000000021E-04
2.86386000000000019E-04
3.15127000000000007E-04
2.89587000000000004E-04
3.20186999999999989E-04
2.86306000000000006E-04
2.84317000000000022E-04
2.83756000000000026E-04
2.83195999999999990E-04
3.56737999999999999E-04
3.94288999999999978E-04
3.90718999999999984E-04
3.89719000000000014E-04
4.00258999999999977E-04
4.08439000000000024E-04
4.31889999999999987E-04
3.95328999999999982E-04
3.99488999999999996E-04
4.18429000000000001E-04
4.21618999999999976E-04
3.93648999999999985E-04
4.00668999999999982E-04
3.93259000000000024E-04
3.99039000000000013E-04
4.88352999999999964E-04
4.70150999999999978E-04
4.97523999999999948E-04
3.75489000000000009E-04
3.84018000000000022E-04
6.51724000000000010E-04
3.76578000000000026E-04
5.04526000000000041E-04
3.93448999999999980E-04
4.12598999999999984E-04
4.29200000000000024E-04
4.18688999999999975E-04
4.20389999999999978E-04
4.27199000000000014E-04
4.22860000000000000E-04
4.22098999999999999E-04
4.25220000000000025E-04
3.95448999999999974E-04
4.03139000000000004E-04
3.83938000000000009E-04
3.98458999999999988E-04
3.79068999999999999E-04
3.68477999999999991E-04
3.60768000000000026E-04
3.60598000000000006E-04
3.65818999999999975E-04
4.03319000000000019E-04
3.75077999999999989E-04
3.86338999999999975E-04
3.88487999999999984E-04
4.28608999999999989E-04
4.00939000000000005E-04
3.98968999999999995E-04
3.75049000000000020E-04
3.72178000000000027E-04
3.87888999999999986E-04
4.12908999999999987E-04
3.81208999999999975E-04
3.93597999999999995E-04
3.83099000000000026E-04
3.96908999999999977E-04
4.01278999999999991E-04
3.91048999999999976E-04
3.90508999999999984E-04
5.64007000000000050E-04
4.42714999999999992E-04
3.95928999999999997E-04
4.15459000000000021E-04
4.25560000000000012E-04
3.81818000000000023E-04
3.78819000000000020E-04
3.78727999999999997E-04
4.03649000000000011E-04
3.97879000000000017E-04
3.91099000000000004E-04
3.90498999999999989E-04
3.80278000000000007E-04
3.84058000000000001E-04
3.85568999999999994E-04
3.79868000000000003E-04
3.81408999999999980E-04
3.78928000000000001E-04
3.97179000000000000E-04
4.08959999999999988E-04
3.83068000000000026E-04
3.80028999999999990E-04
3.80458000000000022E-04
3.63787999999999980E-04
3.96609000000000024E-04
3.85949000000000014E-04
3.98858999999999997E-04
3.77438999999999975E-04
3.89007999999999986E-04
3.91978999999999982E-04
3.76129000000000003E-04
3.77047999999999999E-04
3.79659000000000019E-04
4.15638999999999982E-04
3.98868999999999992E-04
3.87809000000000027E-04
4.01979000000000008E-04
4.28088999999999987E-04
5.06125999999999972E-04
4.19680000000000020E-04
4.06435000000000021E-04
4.49550000000000004E-04
4.07429000000000005E-04
3.68777999999999999E-04
2.84437000000000014E-04
2.83866000000000023E-04
3.01737000000000001E-04
3.76357999999999977E-04
3.94808999999999980E-04
3.59328000000000013E-04
2.87336000000000015E-04
2.85766999999999976E-04
3.04585999999999974E-04
2.88645999999999987E-04
2.89705999999999980E-04
2.86717000000000027E-04
2.89516000000000025E-04
2.85467000000000023E-04
2.83825999999999989E-04
3.49582999999999990E-04
2.83346000000000021E-04
2.83435999999999974E-04
2.83336000000000026E-04
2.83666999999999979E-04
2.83756000000000026E-04
3.00447000000000019E-04
3.16546999999999976E-04
2.86045999999999978E-04
2.85267000000000018E-04
3.29327000000000027E-04
2.89577000000000009E-04
3.25756999999999978E-04
3.03416999999999999E-04
3.45306999999999992E-04
3.30566999999999981E-04
3.44678000000000009E-04
2.91826000000000021E-04
3.07577000000000013E-04
3.17737000000000011E-04
3.31158000000000017E-04
3.30046999999999979E-04
3.30308000000000023E-04
3.26227000000000006E-04
3.69078000000000006E-04
3.27467999999999976E-04
3.39886999999999980E-04
3.31398000000000001E-04
3.48177000000000024E-04
5.87708000000000045E-04
3.77028000000000009E-04
3.75049000000000020E-04
4.12229000000000013E-04
3.70277999999999981E-04
3.50958000000000010E-04
3.45237999999999990E-04
3.44737999999999978E-04
3.67578000000000024E-04
3.42148000000000018E-04
3.41787000000000026E-04
3.48497000000000021E-04
3.69719000000000016E-04
3.82317999999999981E-04
4.11778999999999975E-04
3.87168000000000017E-04
4.00319000000000000E-04
3.82089000000000007E-04
3.65388000000000019E-04
4.05719000000000023E-04
3.66297999999999982E-04
3.75687999999999999E-04
3.83459000000000003E-04
3.69137999999999975E-04
3.76588000000000020E-04
3.37476999999999981E-04
3.31558000000000026E-04
3.30786999999999976E-04
3.55458000000000011E-04
3.84738999999999990E-04
3.99779000000000009E-04
3.82588000000000004E-04
3.76978999999999997E-04
3.78097999999999997E-04
3.88187999999999977E-04
4.05768999999999997E-04
3.62809000000000016E-04
3.76208000000000000E-04
3.80499000000000017E-04
3.97858999999999973E-04
3.98699000000000026E-04
4.02199000000000003E-04
3.84968000000000018E-04
3.83309000000000026E-04
4.02619000000000002E-04
4.09410000000000026E-04
3.78378000000000015E-04
3.90488999999999995E-04
4.06909000000000003E-04
3.87419000000000012E-04
4.13238999999999978E-04
3.97628999999999984E-04
3.98949000000000005E-04
3.91108999999999999E-04
4.05399000000000026E-04
4.03319000000000019E-04
3.81889000000000002E-04
3.95108000000000026E-04
4.03449000000000006E-04
3.83967999999999994E-04
4.23170000000000002E-04
3.87537999999999988E-04
3.82758000000000024E-04
4.02038999999999977E-04
3.99349000000000015E-04
4.05488999999999980E-04
4.06318999999999984E-04
3.98278000000000011E-04
3.89189000000000017E-04
4.14398999999999974E-04
4.02199000000000003E-04
3.58718000000000003E-04
3.40276999999999995E-04
3.42637999999999981E-04
3.62168000000000006E-04
3.28768000000000007E-04
3.77968000000000011E-04
3.78578999999999982E-04
3.96949000000000011E-04
3.86888000000000000E-04
3.97748999999999976E-04
4.14450000000000018E-04
3.81557999999999995E-04
3.84738999999999990E-04
3.98468999999999982E-04
3.83098000000000011E-04
4.19449999999999977E-04
3.81748000000000005E-04
3.94068999999999984E-04
3.79249000000000014E-04
3.90149000000000008E-04
3.95787999999999999E-04
3.78027999999999979E-04
3.91848999999999995E-04
3.78608000000000004E-04
3.77659000000000024E-04
3.96539000000000006E-04
3.77988000000000000E-04
3.92849000000000019E-04
3.80748999999999996E-04
4.05048999999999991E-04
4.01198999999999978E-04
3.95548999999999977E-04
3.80458000000000022E-04
3.79789000000000005E-04
3.78048000000000023E-04
4.06569000000000017E-04
4.27785000000000025E-04
3.99849000000000027E-04
4.30980000000000024E-04
3.72078000000000025E-04
3.89138999999999989E-04
3.66368000000000000E-04
4.16833999999999987E-04
4.08060000000000020E-04
3.79558000000000000E-04
3.94009000000000015E-04
3.86799000000000008E-04
4.17398999999999993E-04
4.49049999999999992E-04
4.05319000000000013E-04
3.83639000000000018E-04
3.81478999999999998E-04
4.19459000000000010E-04
3.73637999999999976E-04
3.81767999999999995E-04
3.66458000000000007E-04
6.39290000000000041E-04
1.41733599999999994E-03
4.82790999999999993E-04
5.41428000000000048E-04
5.90642999999999962E-04
7.28030999999999969E-04
3.79259000000000009E-04
4.78031000000000018E-04
4.20409000000000006E-04
7.42010999999999994E-04
4.38410000000000026E-04
3.95214000000000015E-04
6.82775000000000049E-04
5.22916000000000006E-04
3.76998999999999986E-04
3.81428000000000008E-04
4.03039000000000001E-04
5.95164000000000023E-04
4.42000000000000010E-04
4.14458999999999997E-04
3.80678999999999978E-04
4.74744999999999996E-04
3.69329000000000001E-04
3.93947999999999976E-04
3.94367999999999976E-04
3.74339000000000009E-04
3.78247999999999974E-04
3.74288999999999980E-04
3.84627999999999977E-04
4.09520000000000023E-04
3.87048000000000025E-04
3.75179000000000007E-04
3.73258000000000010E-04
3.70899000000000001E-04
3.73868000000000019E-04
4.22159000000000022E-04
4.29589999999999985E-04
3.78337999999999982E-04
3.88708999999999995E-04
3.97398999999999994E-04
3.79738999999999977E-04
3.95397999999999984E-04
3.82007999999999979E-04
3.82138999999999981E-04
3.97689000000000007E-04
3.80027999999999974E-04
3.78389000000000026E-04
3.87527999999999994E-04
3.86638999999999982E-04
3.90433999999999996E-04
3.09326999999999974E-04
3.92158999999999997E-04
3.91958999999999992E-04
3.92168999999999992E-04
4.22169000000000016E-04
3.90318999999999974E-04
3.73847999999999975E-04
4.43580000000000005E-04
4.20868999999999985E-04
3.91817999999999995E-04
5.17396999999999952E-04
3.91609000000000011E-04
3.86379000000000008E-04
4.08928999999999987E-04
4.16654000000000026E-04
3.76649000000000005E-04
3.64497999999999992E-04
4.19893999999999975E-04
3.88418999999999982E-04
3.83988999999999999E-04
3.77167999999999991E-04
3.95738999999999987E-04
3.84049000000000022E-04
3.84727999999999980E-04
3.78578999999999982E-04
4.14019000000000008E-04
4.19659999999999977E-04
4.30229000000000017E-04
3.77738999999999983E-04
3.73238000000000020E-04
3.77589000000000006E-04
3.53717999999999990E-04
3.45738000000000002E-04
3.41736999999999998E-04
3.44228000000000025E-04
3.28617000000000015E-04
2.84256999999999999E-04
2.96935999999999977E-04
3.30436999999999994E-04
2.97056999999999985E-04
3.26627000000000015E-04
2.85515999999999982E-04
3.12627000000000000E-04
2.91196999999999984E-04
2.94717000000000004E-04
3.44606999999999975E-04
3.70728999999999980E-04
4.00428999999999998E-04
3.72198000000000017E-04
3.86579000000000013E-04
4.32584000000000018E-04
4.15159999999999976E-04
4.49960000000000008E-04
1.61835600000000005E-03
3.72367999999999983E-04
3.71288000000000000E-04
3.84397999999999988E-04
4.68519999999999993E-04
4.66180000000000012E-04
4.27268999999999978E-04
4.31349999999999995E-04
4.49559999999999999E-04
4.43370000000000005E-04
3.83908999999999986E-04
3.89947999999999987E-04
3.78268000000000018E-04
3.55837999999999977E-04
3.54738000000000004E-04
3.52477999999999982E-04
3.87568999999999989E-04
3.90438000000000005E-04
4.67589999999999987E-04
3.93948999999999992E-04
3.94248999999999999E-04
3.93389000000000011E-04
4.00619000000000008E-04
4.19849000000000025E-04
4.11979999999999996E-04
3.33737000000000020E-04
3.22947000000000024E-04
3.78808000000000009E-04
3.43147999999999988E-04
3.94039000000000000E-04
3.72777999999999987E-04
3.74437999999999995E-04
3.76808999999999976E-04
3.62307999999999988E-04
3.40527999999999990E-04
3.12927000000000008E-04
3.41556999999999983E-04
3.27308000000000004E-04
5.05591000000000005E-04
3.90869000000000015E-04
3.84779000000000024E-04
3.99178999999999994E-04
7.14995999999999969E-04
4.02469000000000026E-04
5.67822000000000053E-04
4.28700000000000012E-04
5.52097999999999998E-04
3.81467999999999987E-04
3.96759000000000001E-04
3.84589000000000014E-04
4.43790000000000005E-04
3.75207999999999976E-04
3.76268000000000023E-04
3.83088999999999977E-04
4.24298999999999998E-04
4.35739999999999999E-04
3.98189000000000019E-04
4.00048999999999978E-04
3.87678999999999986E-04
3.88269000000000006E-04
4.44694999999999997E-04
3.39497000000000019E-04
3.98228999999999998E-04
4.39445000000000005E-04
3.92529000000000022E-04
4.10959000000000020E-04
3.79208999999999981E-04
4.67485000000000014E-04
4.08023999999999995E-04
3.99149000000000010E-04
3.83019000000000014E-04
3.86308999999999991E-04
4.37414000000000010E-04
4.81165999999999994E-04
3.19837000000000008E-04
1.07674500000000005E-03
4.00358999999999980E-04
4.21869000000000009E-04
3.97359000000000015E-04
3.95189000000000000E-04
3.82538999999999991E-04
3.68177999999999984E-04
3.93878999999999974E-04
3.75748000000000022E-04
4.90557999999999988E-04
4.84890999999999990E-04
4.25082999999999982E-04
4.00768999999999984E-04
3.94199000000000025E-04
4.08379000000000001E-04
4.02489000000000015E-04
4.58791000000000006E-04
4.43120000000000026E-04
3.92237999999999994E-04
4.22059000000000019E-04
3.94979000000000001E-04
4.15459000000000021E-04
4.10309999999999993E-04
4.31458999999999977E-04
3.82189000000000010E-04
3.90789000000000002E-04
3.78298000000000002E-04
3.81398999999999985E-04
5.19600999999999960E-04
7.28592000000000020E-04
4.78279999999999981E-04
5.70907999999999962E-04
4.29569999999999995E-04
3.92688999999999994E-04
4.44049999999999979E-04
3.88838999999999982E-04
4.64190000000000013E-04
1.09435499999999998E-03
1.05678299999999994E-03
1.16363600000000001E-03
4.54730999999999994E-04
1.11728499999999998E-03
1.35574500000000000E-03
5.41346999999999965E-04
4.00519000000000005E-04
4.08639999999999991E-04
4.06398999999999996E-04
4.15989000000000018E-04
4.01058999999999997E-04
4.53959999999999997E-04
4.22320000000000009E-04
4.27660000000000008E-04
4.11048999999999974E-04
4.24459000000000023E-04
4.12240000000000024E-04
3.96299000000000022E-04
4.29619000000000008E-04
4.12099999999999988E-04
4.10628999999999974E-04
3.68607999999999978E-04
3.75968999999999978E-04
4.59119999999999982E-04
4.59284999999999978E-04
5.87818000000000043E-04
3.90298999999999984E-04
4.57610000000000005E-04
6.10514000000000044E-04
5.11086000000000006E-04
4.58975999999999991E-04
8.78419999999999982E-04
9.99771999999999900E-04
5.57771999999999999E-04
1.11404600000000005E-03
4.89385999999999966E-04
6.70365000000000023E-04
7.41571000000000005E-04
4.54310999999999994E-04
4.34309000000000019E-04
7.55491999999999969E-04
5.31756999999999998E-04
7.76648000000000008E-04
5.08951000000000000E-04
3.80097999999999992E-04
3.79288999999999993E-04
3.98488000000000011E-04
3.82558000000000019E-04
3.97218999999999979E-04
3.77249000000000020E-04
3.72918000000000023E-04
3.83009000000000019E-04
3.80278000000000007E-04
4.46097000000000008E-04
5.59462999999999953E-04
4.71029999999999995E-04
4.98990999999999953E-04
3.95448999999999974E-04
3.77059000000000010E-04
4.04728999999999994E-04
3.77728000000000026E-04
4.43050000000000008E-04
4.13472999999999976E-04
4.09968999999999991E-04
4.01708999999999985E-04
3.96148999999999991E-04
4.11699000000000017E-04
4.30910000000000006E-04
5.01230999999999986E-04
3.80399000000000015E-04
4.37080000000000010E-04
3.87378999999999979E-04
3.96908000000000016E-04
3.88948000000000017E-04
3.80548999999999991E-04
4.23798999999999986E-04
4.39209999999999991E-04
6.17503999999999948E-04
4.83840999999999991E-04
3.80529000000000002E-04
4.60029999999999998E-04
3.36777999999999980E-04
3.54488000000000025E-04
3.61497999999999973E-04
3.12946999999999997E-04
3.69967999999999979E-04
3.68697999999999986E-04
3.74588999999999988E-04
4.23678999999999994E-04
3.65559000000000001E-04
3.79848000000000013E-04
6.62759999999999977E-04
3.88759000000000023E-04
4.22658999999999980E-04
3.90708999999999989E-04
3.92139000000000008E-04
3.81229000000000019E-04
4.19518999999999979E-04
4.20585000000000013E-04
3.92708000000000022E-04
3.93428999999999990E-04
4.20703999999999989E-04
3.42028000000000026E-04
3.49058000000000018E-04
3.77477999999999993E-04
3.71978000000000022E-04
3.97149000000000015E-04
5.10131000000000039E-04
3.74178999999999983E-04
4.40000000000000016E-04
3.72738000000000008E-04
3.74047999999999980E-04
3.98578999999999980E-04
3.76258999999999990E-04
3.88008000000000016E-04
4.24438999999999979E-04
3.79178999999999996E-04
3.61047999999999990E-04
3.79397999999999975E-04
3.75569000000000022E-04
3.60737999999999987E-04
3.85019000000000008E-04
3.81208000000000013E-04
4.07968999999999997E-04
4.02018999999999987E-04
6.95541000000000041E-04
3.88229000000000026E-04
4.04238999999999976E-04
3.90498999999999989E-04
6.20024000000000053E-04
3.79267999999999988E-04
4.11709000000000012E-04
3.80788000000000014E-04
4.26759999999999987E-04
3.80447999999999973E-04
3.78578999999999982E-04
3.95018999999999980E-04
3.91068000000000004E-04
3.77748999999999978E-04
3.91678999999999975E-04
3.90077999999999974E-04
4.02379000000000018E-04
4.09048999999999979E-04
3.78337999999999982E-04
3.78849000000000004E-04
3.89289000000000020E-04
3.96928000000000005E-04
3.54698000000000025E-04
3.72088000000000019E-04
3.90429000000000026E-04
3.75817999999999985E-04
3.82768999999999980E-04
4.59095000000000022E-04
4.28160000000000021E-04
4.18988999999999983E-04
4.16658999999999996E-04
4.68391000000000022E-04
4.37108999999999978E-04
5.73523000000000045E-04
4.78950000000000014E-04
4.31679999999999987E-04
4.09219000000000000E-04
3.10507000000000014E-04
3.52987999999999989E-04
3.65857999999999993E-04
5.11571000000000053E-04
5.14265999999999985E-04
4.28424000000000003E-04
4.88256000000000009E-04
3.77188999999999997E-04
4.01408999999999978E-04
3.74157999999999978E-04
3.97638999999999979E-04
3.89179000000000022E-04
5.67347999999999963E-04
4.79674999999999991E-04
4.20324000000000023E-04
4.54234999999999990E-04
3.77979000000000021E-04
3.93709000000000008E-04
4.00899000000000025E-04
3.93619000000000000E-04
3.99708999999999991E-04
3.95069000000000008E-04
3.83027999999999993E-04
3.79749000000000026E-04
4.05959000000000007E-04
4.09348999999999987E-04
3.77928999999999993E-04
3.78688000000000017E-04
3.77658000000000008E-04
3.91348000000000021E-04
3.95728999999999992E-04
3.62158000000000011E-04
4.13359000000000025E-04
4.43305000000000012E-04
4.07329000000000003E-04
3.75998000000000001E-04
3.84359000000000024E-04
4.05639000000000010E-04
4.13799000000000014E-04
4.05029000000000001E-04
3.98719000000000016E-04
4.72124999999999997E-04
4.49970000000000003E-04
4.07778999999999987E-04
4.11648999999999988E-04
4.33520000000000010E-04
4.53569999999999982E-04
4.26879999999999979E-04
4.37490000000000014E-04
4.14619000000000023E-04
7.90532000000000040E-04
4.33686000000000022E-04
7.33701000000000015E-04
4.12733999999999996E-04
5.45892999999999986E-04
4.78589999999999983E-04
3.62338999999999988E-04
3.50876999999999981E-04
3.44617000000000024E-04
3.82568999999999975E-04
3.83587999999999974E-04
3.55156999999999988E-04
3.65528000000000001E-04
3.68978000000000003E-04
3.85209000000000018E-04
4.10983999999999980E-04
3.86087999999999980E-04
3.77999000000000011E-04
3.90969000000000017E-04
4.06979000000000021E-04
4.26210000000000000E-04
3.85288000000000015E-04
3.99108999999999976E-04
4.23599999999999997E-04
4.25649000000000003E-04
4.06789000000000011E-04
4.49359999999999994E-04
6.65930000000000016E-04
3.63808000000000024E-04
3.61247999999999994E-04
3.92068999999999990E-04
3.60358000000000022E-04
3.23457999999999992E-04
3.37227000000000002E-04
3.52467999999999987E-04
3.43237999999999996E-04
4.40913999999999987E-04
3.97179000000000000E-04
3.98128999999999996E-04
4.06659000000000024E-04
3.82999000000000024E-04
4.23760000000000022E-04
3.99979000000000014E-04
3.98168999999999975E-04
3.92818000000000019E-04
4.34254999999999982E-04
3.72088999999999981E-04
3.70577999999999988E-04
3.70748000000000009E-04
4.45705000000000016E-04
4.05639000000000010E-04
4.37559000000000017E-04
4.41378999999999990E-04
4.70883000000000011E-04
4.05529000000000013E-04
3.56237999999999987E-04
3.82838999999999998E-04
3.80507999999999996E-04
4.51039999999999991E-04
3.78457999999999974E-04
4.00018999999999993E-04
3.80058999999999974E-04
5.09881000000000006E-04
3.94769000000000001E-04
3.86349000000000024E-04
3.77707999999999983E-04
8.62013000000000015E-04
3.74418000000000006E-04
3.82988999999999975E-04
3.91819000000000011E-04
4.04928999999999999E-04
3.94158999999999992E-04
3.87448999999999997E-04
3.80737999999999986E-04
3.87798999999999978E-04
4.05798999999999982E-04
3.91548999999999988E-04
4.66649999999999986E-04
3.74698999999999985E-04
3.68197999999999974E-04
4.02738999999999994E-04
3.86638999999999982E-04
3.91948999999999997E-04
3.75138000000000012E-04
3.68787999999999993E-04
4.17920000000000010E-04
3.95548999999999977E-04
3.93919000000000007E-04
3.94757999999999990E-04
4.11030000000000000E-04
4.18199000000000012E-04
3.98539000000000000E-04
3.95399000000000000E-04
3.95338999999999977E-04
4.12168999999999990E-04
4.12398999999999980E-04
4.09179999999999982E-04
3.95618999999999995E-04
3.93697999999999997E-04
4.06979000000000021E-04
4.23054000000000019E-04
3.75487999999999994E-04
3.95359000000000021E-04
6.77521000000000048E-04
3.95709000000000002E-04
4.24308999999999993E-04
3.97608999999999994E-04
4.24000000000000006E-04
3.54687999999999976E-04
3.61548000000000002E-04
3.45987000000000020E-04
3.61057999999999984E-04
5.42639000000000034E-04
3.92377999999999976E-04
3.87598000000000012E-04
4.33679999999999981E-04
4.57009999999999990E-04
4.52030000000000021E-04
8.17028000000000025E-04
5.08402000000000029E-04
6.42264000000000029E-04
5.26862000000000012E-04
4.04789000000000017E-04
4.55259999999999975E-04
4.35090000000000010E-04
4.09940000000000022E-04
4.66732999999999992E-04
3.85278999999999982E-04
3.93189000000000006E-04
3.89388000000000006E-04
3.89419000000000006E-04
4.02599000000000012E-04
4.07229000000000000E-04
4.09654000000000019E-04
3.92388999999999986E-04
3.77989000000000016E-04
3.86157999999999998E-04
4.07829000000000015E-04
9.33450999999999964E-04
4.89191000000000040E-04
5.93739000000000029E-04
5.15731999999999974E-04
3.64277999999999998E-04
3.97909000000000001E-04
3.69688000000000015E-04
3.77687999999999993E-04
4.41350000000000021E-04
3.58347999999999978E-04
3.98729000000000011E-04
3.66818999999999999E-04
3.97718999999999991E-04
3.76308000000000003E-04
3.85109000000000016E-04
3.81567999999999990E-04
3.94468999999999994E-04
4.12674999999999988E-04
3.80808000000000004E-04
3.92288999999999984E-04
4.22895000000000009E-04
3.87998999999999983E-04
3.81298000000000021E-04
4.04015999999999989E-04
4.11159000000000025E-04
4.63809999999999993E-04
4.26790000000000025E-04
5.20598999999999953E-04
4.16970000000000014E-04
4.06718999999999993E-04
4.02228999999999987E-04
3.97129000000000026E-04
3.92388000000000025E-04
3.78829000000000015E-04
3.96598999999999975E-04
3.95599000000000005E-04
5.96557999999999962E-04
5.71252999999999973E-04
5.07562000000000031E-04
5.10521000000000000E-04
7.57127000000000017E-04
4.78665999999999987E-04
4.28060000000000018E-04
4.84160000000000027E-04
3.95817999999999984E-04
3.77599000000000001E-04
4.14123999999999981E-04
3.93428999999999990E-04
3.88208999999999982E-04
3.84779000000000024E-04
4.05549000000000003E-04
3.80348000000000025E-04
3.86508999999999995E-04
4.39690000000000014E-04
3.85728000000000004E-04
4.06090000000000010E-04
3.94838000000000003E-04
3.86179000000000004E-04
3.98279000000000027E-04
3.82379000000000020E-04
4.08208999999999981E-04
3.83408000000000013E-04
4.21459000000000005E-04
4.06638999999999981E-04
3.88838999999999982E-04
4.11638999999999994E-04
3.84599000000000009E-04
3.90818999999999986E-04
3.92428000000000004E-04
3.90608999999999987E-04
4.16388999999999974E-04
4.24569000000000021E-04
5.58743000000000000E-04
3.96519000000000016E-04
4.53869999999999990E-04
4.43949999999999976E-04
3.71957999999999978E-04
3.17446999999999998E-04
3.27408000000000007E-04
2.84716000000000016E-04
3.00767000000000016E-04
3.33767000000000005E-04
2.84665999999999988E-04
2.83845999999999979E-04
2.99966999999999996E-04
2.85236000000000018E-04
3.02347000000000011E-04
2.87077000000000003E-04
2.88525999999999995E-04
2.96767000000000027E-04
3.91048999999999976E-04
3.82177999999999999E-04
4.09619000000000010E-04
2.91495999999999975E-04
2.84836000000000008E-04
2.92307000000000005E-04
3.57248000000000006E-04
2.97967000000000002E-04
3.83997999999999978E-04
3.69158999999999980E-04
3.68138000000000005E-04
3.68138000000000005E-04
3.92718999999999978E-04
3.84018999999999984E-04
3.25556999999999973E-04
3.09176999999999998E-04
3.19187000000000019E-04
3.68718999999999991E-04
3.95697999999999992E-04
3.78058000000000018E-04
3.75758000000000016E-04
3.75768000000000011E-04
3.97699000000000002E-04
4.21989000000000001E-04
3.72469000000000001E-04
3.79968000000000005E-04
6.48208999999999960E-04
5.46537999999999950E-04
3.18047000000000013E-04
3.16726999999999992E-04
4.31669999999999992E-04
3.96868999999999998E-04
3.87329000000000004E-04
3.88577999999999992E-04
4.09850000000000015E-04
3.52736999999999994E-04
3.45736999999999987E-04
3.07636999999999982E-04
3.26417999999999977E-04
3.67798000000000018E-04
4.00338999999999990E-04
4.27150000000000001E-04
4.74560000000000010E-04
4.02309000000000000E-04
3.95999000000000015E-04
4.21939999999999989E-04
3.95379000000000010E-04
3.98248999999999988E-04
3.98568999999999985E-04
3.98709000000000021E-04
4.26359000000000015E-04
4.13108999999999991E-04
3.98847999999999987E-04
4.04489000000000010E-04
3.75067999999999994E-04
3.87388999999999973E-04
3.87227999999999986E-04
3.88797999999999986E-04
3.87019000000000002E-04
3.94939000000000021E-04
4.02008999999999993E-04
3.84089000000000002E-04
3.95487999999999992E-04
4.19469000000000005E-04
3.97249000000000018E-04
7.49265999999999951E-04
1.21346699999999997E-03
4.21140000000000023E-04
4.04249000000000025E-04
3.91778999999999977E-04
3.98768999999999990E-04
4.19418999999999977E-04
3.98448999999999993E-04
4.01378999999999994E-04
4.12219000000000019E-04
4.39339999999999978E-04
4.35669999999999981E-04
3.92649000000000015E-04
3.96107999999999996E-04
3.93018000000000024E-04
3.97108999999999982E-04
4.18599999999999983E-04
3.97538999999999976E-04
4.03498999999999980E-04
4.11538999999999991E-04
4.68040999999999987E-04
4.00499000000000016E-04
4.03219000000000017E-04
2.99066999999999974E-04
3.52876999999999976E-04
3.24117000000000014E-04
2.83966000000000025E-04
2.83246999999999980E-04
2.83295999999999993E-04
3.06427000000000012E-04
2.84545999999999996E-04
3.01996999999999975E-04
2.84885999999999983E-04
2.85057000000000019E-04
2.86635999999999998E-04
2.89426999999999979E-04
2.88775999999999974E-04
2.86537000000000011E-04
3.01476000000000012E-04
2.84147000000000002E-04
3.71278000000000005E-04
4.24779999999999982E-04
3.89117999999999983E-04
4.47169999999999989E-04
3.75328999999999984E-04
3.81587999999999979E-04
3.89009000000000002E-04
3.49207999999999995E-04
3.45198000000000011E-04
3.46066999999999978E-04
3.47398000000000010E-04
3.81149000000000006E-04
3.83698999999999987E-04
3.89588000000000011E-04
3.83749000000000015E-04
3.82568999999999975E-04
3.91028000000000024E-04
3.77979000000000021E-04
3.86648999999999977E-04
3.75578000000000001E-04
3.76138999999999998E-04
4.15259000000000017E-04
3.68697999999999986E-04
2.97796999999999981E-04
3.28646999999999999E-04
3.88838000000000020E-04
4.11389000000000015E-04
4.07878999999999989E-04
3.96268999999999983E-04
4.01889000000000001E-04
4.47079999999999982E-04
3.81677999999999987E-04
3.89819000000000016E-04
3.85498999999999976E-04
3.93948999999999992E-04
4.09568999999999981E-04
3.92139000000000008E-04
3.95208999999999990E-04
3.19067000000000027E-04
3.13286999999999984E-04
3.14946999999999992E-04
3.40988000000000022E-04
4.33418999999999992E-04
4.01998999999999998E-04
5.01175999999999987E-04
3.94639000000000014E-04
4.35200000000000007E-04
4.22238999999999980E-04
3.83519000000000026E-04
4.16709000000000025E-04
4.23368999999999991E-04
3.97469000000000012E-04
4.30060000000000013E-04
3.66878000000000007E-04
3.91008999999999996E-04
4.10278999999999993E-04
3.99528999999999976E-04
3.94388999999999981E-04
4.32480000000000006E-04
3.56337999999999989E-04
4.64310000000000005E-04
4.42934999999999987E-04
4.23849000000000014E-04
4.41299999999999993E-04
3.75438000000000020E-04
3.80737999999999986E-04
3.82248999999999979E-04
4.08749000000000026E-04
4.00829000000000007E-04
3.90649000000000020E-04
3.75218000000000025E-04
3.81119000000000022E-04
3.82648000000000027E-04
3.67549000000000001E-04
3.85887999999999975E-04
3.82189000000000010E-04
4.01578999999999998E-04
3.96488999999999978E-04
3.16226999999999979E-04
3.62488000000000003E-04
4.76171000000000005E-04
4.63344999999999990E-04
4.00158999999999975E-04
3.89658999999999991E-04
3.86228999999999978E-04
4.02599000000000012E-04
3.93579000000000021E-04
3.84927999999999985E-04
3.85649000000000007E-04
3.70667999999999996E-04
4.13758999999999980E-04
4.17408999999999988E-04
4.15088999999999996E-04
3.94908999999999983E-04
3.99019000000000023E-04
4.45939999999999976E-04
4.27899999999999993E-04
4.23219000000000015E-04
4.29359999999999996E-04
4.22769999999999993E-04
4.02909000000000015E-04
4.20209000000000001E-04
4.15459000000000021E-04
4.47440000000000012E-04
4.29218999999999998E-04
4.12769000000000005E-04
4.03488999999999985E-04
4.03849000000000016E-04
4.16629000000000012E-04
4.19460000000000026E-04
4.21769000000000007E-04
4.20349999999999999E-04
4.30449000000000012E-04
4.03698999999999985E-04
4.53810000000000021E-04
4.30349000000000009E-04
4.01767999999999993E-04
7.14511000000000031E-04
4.85420999999999986E-04
4.29868999999999987E-04
3.84999000000000018E-04
4.27809999999999985E-04
3.95049000000000019E-04
3.98639000000000003E-04
3.82889000000000027E-04
4.59684000000000026E-04
4.21580000000000012E-04
4.29109000000000001E-04
4.21618999999999976E-04
4.29899999999999987E-04
3.89197999999999996E-04
4.34760000000000018E-04
4.26559999999999982E-04
4.00309000000000006E-04
4.36809999999999987E-04
3.98228999999999998E-04
3.97339000000000026E-04
4.23329000000000012E-04
4.66170999999999979E-04
4.20968999999999987E-04
3.97799000000000004E-04
3.98668999999999987E-04
4.27940000000000026E-04
4.20599000000000016E-04
4.18688999999999975E-04
4.17088999999999991E-04
4.26909000000000002E-04
4.18448999999999991E-04
4.23998999999999990E-04
4.57419999999999995E-04
4.21708999999999984E-04
4.22579999999999983E-04
6.41689999999999990E-04
4.31909000000000015E-04
4.70976000000000012E-04
4.74196000000000025E-04
3.88828999999999987E-04
4.08799000000000000E-04
3.88759000000000023E-04
4.18154000000000008E-04
3.45436999999999979E-04
3.12436999999999990E-04
3.68687999999999991E-04
4.26428999999999979E-04
4.22679999999999985E-04
4.16238999999999997E-04
3.90278999999999995E-04
3.85139000000000000E-04
4.21019000000000016E-04
4.22169999999999978E-04
4.17458000000000000E-04
4.42540000000000002E-04
4.38509999999999974E-04
3.76878999999999994E-04
3.83987999999999983E-04
4.06369999999999973E-04
3.85608000000000012E-04
3.85048999999999992E-04
3.87138999999999994E-04
4.00988999999999979E-04
4.06838999999999985E-04
3.88198999999999988E-04
4.20448999999999986E-04
3.88259000000000011E-04
4.07959000000000002E-04
4.05739000000000013E-04
3.75638999999999986E-04
3.79057999999999988E-04
3.75578000000000001E-04
3.77548000000000011E-04
4.08473999999999979E-04
4.33559999999999989E-04
4.40410000000000020E-04
3.78898999999999978E-04
3.78578000000000020E-04
3.90679000000000005E-04
3.88628999999999982E-04
3.89207999999999991E-04
3.89197999999999996E-04
4.10288999999999988E-04
4.01288999999999986E-04
3.95057999999999998E-04
3.85967999999999988E-04
3.82758999999999986E-04
4.23749000000000012E-04
3.86569000000000019E-04
3.88618999999999987E-04
3.67667999999999977E-04
3.77979000000000021E-04
4.27588999999999975E-04
3.42517999999999989E-04
3.65237999999999988E-04
3.19336999999999995E-04
2.85587000000000015E-04
2.85566000000000010E-04
3.15747000000000011E-04
3.14787000000000020E-04
3.04366999999999995E-04
2.90187000000000019E-04
2.86176000000000019E-04
2.86696999999999983E-04
3.32246999999999979E-04
3.19346999999999990E-04
2.87477000000000012E-04
3.08297000000000020E-04
3.07377000000000008E-04
3.71978000000000022E-04
3.93269000000000019E-04
4.13138999999999976E-04
3.91428999999999996E-04
3.77277999999999988E-04
4.33858999999999981E-04
3.89929000000000013E-04
4.17889000000000010E-04
3.97159000000000010E-04
3.86489000000000006E-04
3.90449000000000015E-04
3.93228999999999985E-04
4.11778999999999975E-04
3.76098000000000003E-04
3.88118000000000013E-04
4.22190000000000022E-04
3.90449000000000015E-04
4.89199999999999965E-04
3.36826999999999992E-04
2.84027000000000010E-04
2.85646000000000023E-04
2.85956000000000025E-04
2.85446999999999979E-04
3.06176999999999979E-04
2.88896000000000020E-04
3.28937999999999973E-04
2.98626000000000024E-04
2.85177000000000011E-04
2.85356000000000010E-04
2.84386000000000025E-04
3.00117000000000027E-04
2.84145999999999986E-04
2.95696000000000023E-04
2.84076999999999984E-04
2.83855999999999974E-04
2.83676000000000013E-04
2.84247000000000004E-04
3.01476000000000012E-04
3.06886999999999991E-04
2.85687000000000018E-04
2.86596000000000019E-04
3.78372999999999991E-04
3.43308000000000014E-04
3.79598999999999995E-04
3.50607000000000013E-04
3.61738000000000012E-04
3.51197999999999994E-04
4.05549000000000003E-04
4.00109000000000001E-04
4.35349999999999984E-04
3.89708000000000003E-04
3.95039000000000024E-04
6.70015000000000042E-04
4.86925999999999993E-04
3.11257000000000005E-04
4.61067000000000009E-04
3.18577000000000009E-04
3.73548999999999984E-04
4.49059999999999987E-04
2.92166000000000008E-04
3.42297999999999995E-04
4.27750000000000016E-04
3.38697000000000000E-04
3.23157999999999985E-04
3.89747999999999982E-04
7.91488000000000022E-04
5.00891000000000053E-04
3.78138999999999992E-04
3.88958999999999974E-04
4.02499000000000010E-04
3.88848000000000015E-04
3.93958000000000025E-04
3.90798999999999997E-04
4.35610000000000012E-04
5.26541999999999961E-04
4.43739999999999976E-04
3.91218999999999996E-04
4.06858999999999975E-04
4.21608999999999981E-04
4.16489999999999992E-04
4.02309000000000000E-04
3.77528000000000022E-04
3.74009000000000017E-04
3.99049000000000007E-04
4.40479999999999984E-04
4.30129000000000015E-04
3.80048999999999979E-04
3.74418000000000006E-04
5.97721999999999967E-04
3.25057000000000015E-04
3.36808000000000018E-04
4.03113999999999990E-04
3.78688000000000017E-04
4.31879999999999992E-04
3.80348999999999987E-04
3.93538000000000026E-04
3.79749000000000026E-04
3.88838999999999982E-04
3.91788000000000010E-04
3.76047999999999975E-04
3.81188999999999985E-04
3.81398000000000023E-04
4.11208999999999999E-04
3.92588999999999991E-04
3.65188000000000014E-04
3.70718999999999986E-04
3.76368000000000026E-04
3.73309000000000000E-04
3.91388000000000001E-04
3.99798999999999999E-04
3.84317999999999975E-04
3.90418999999999977E-04
3.95208999999999990E-04
3.74017999999999996E-04
4.13059000000000017E-04
3.93067999999999998E-04
3.97799000000000004E-04
4.14340000000000021E-04
4.04008999999999987E-04
4.02438999999999987E-04
3.82258000000000012E-04
4.20340000000000004E-04
3.80268000000000012E-04
3.72109000000000025E-04
3.92058999999999995E-04
3.75468000000000004E-04
3.78678999999999984E-04
8.18138000000000047E-04
4.74330999999999982E-04
3.67388000000000014E-04
3.87448999999999997E-04
3.69468000000000021E-04
3.79377999999999985E-04
3.76219000000000011E-04
3.78298000000000002E-04
3.95249000000000023E-04
3.69189000000000019E-04
3.70438000000000006E-04
3.71368000000000013E-04
3.78619000000000015E-04
4.05048999999999991E-04
3.82628999999999999E-04
3.74357999999999982E-04
3.72137999999999994E-04
3.86338000000000013E-04
5.43501999999999961E-04
4.06039000000000020E-04
3.92997999999999980E-04
3.87778000000000027E-04
3.90818999999999986E-04
3.83649000000000013E-04
3.68407999999999973E-04
3.78317999999999992E-04
3.74108000000000003E-04
3.93159000000000021E-04
3.94598999999999981E-04
3.72347999999999993E-04
3.90518999999999979E-04
4.01679000000000001E-04
3.83647999999999997E-04
3.95797999999999994E-04
4.19849999999999987E-04
3.94898999999999988E-04
3.93558999999999977E-04
3.91287999999999998E-04
3.43288000000000024E-04
8.64074999999999956E-04
3.82668000000000016E-04
5.03341000000000031E-04
4.05033000000000010E-04
2.84296000000000017E-04
2.83935999999999987E-04
2.83937000000000002E-04
2.85205999999999979E-04
2.86486000000000021E-04
3.13637000000000020E-04
3.16936999999999991E-04
2.90235999999999977E-04
2.89386999999999999E-04
3.06127000000000005E-04
3.54218000000000002E-04
4.19208999999999977E-04
3.74378000000000026E-04
3.72889000000000000E-04
3.71868000000000025E-04
4.11768999999999981E-04
3.78529000000000007E-04
3.68297999999999976E-04
3.77989000000000016E-04
3.73807999999999996E-04
3.79418999999999980E-04
3.97408999999999989E-04
3.78058000000000018E-04
3.77958999999999977E-04
3.96567999999999975E-04
4.01428000000000006E-04
4.06599000000000001E-04
3.74608000000000016E-04
3.70887999999999990E-04
3.69409000000000013E-04
3.72638000000000006E-04
3.93049000000000024E-04
3.71148000000000018E-04
3.62028000000000024E-04
3.67829000000000018E-04
3.79187999999999975E-04
4.35410000000000007E-04
5.48952000000000012E-04
5.62692999999999961E-04
3.36208000000000004E-04
3.19366999999999980E-04
3.88043000000000025E-04
3.80118999999999997E-04
3.70797999999999983E-04
3.74688999999999990E-04
4.52119999999999974E-04
3.65828000000000008E-04
3.06976999999999999E-04
3.12917000000000013E-04
2.86737000000000016E-04
2.82916000000000027E-04
2.85275999999999997E-04
2.99717000000000017E-04
2.96767000000000027E-04
3.46407999999999981E-04
3.00966000000000005E-04
3.50638000000000013E-04
2.92837000000000002E-04
3.25877000000000024E-04
2.89006999999999979E-04
3.37236999999999997E-04
3.31657999999999975E-04
3.24027000000000006E-04
3.07777000000000018E-04
3.27167000000000007E-04
3.13896999999999993E-04
3.68249000000000018E-04
4.00038999999999983E-04
2.99446999999999994E-04
3.14577000000000021E-04
2.89365999999999994E-04
2.84947000000000021E-04
3.02025999999999998E-04
2.85067000000000014E-04
2.87095999999999977E-04
2.88806999999999974E-04
2.88345999999999980E-04
2.86776999999999995E-04
3.13207000000000025E-04
2.86245999999999983E-04
2.93447000000000011E-04
2.83435999999999974E-04
2.83486000000000003E-04
2.83497000000000013E-04
3.28546999999999997E-04
3.57517999999999974E-04
2.83837000000000000E-04
2.92515999999999989E-04
3.08596999999999973E-04
3.50658000000000003E-04
3.20316999999999976E-04
3.53847999999999977E-04
3.50467999999999993E-04
3.68387999999999984E-04
3.97518999999999987E-04
4.06229999999999992E-04
4.19834000000000006E-04
3.79828999999999985E-04
3.72418000000000011E-04
3.77628999999999986E-04
3.90328000000000007E-04
4.14079999999999993E-04
3.90787999999999986E-04
3.81477999999999982E-04
3.85688999999999986E-04
3.80918000000000001E-04
3.97828999999999989E-04
3.97029000000000023E-04
2.88427000000000008E-04
3.19217000000000003E-04
2.89226000000000012E-04
3.70249000000000012E-04
3.35286999999999977E-04
3.67778999999999990E-04
3.63857999999999998E-04
3.54718000000000015E-04
3.71607999999999997E-04
3.82738999999999996E-04
3.69708000000000005E-04
3.63538000000000001E-04
3.70728999999999980E-04
3.71717999999999994E-04
3.63948000000000006E-04
3.89458999999999986E-04
3.74218000000000001E-04
3.83088000000000016E-04
3.59438000000000010E-04
3.27178000000000017E-04
4.49474000000000000E-04
4.97580999999999978E-04
3.71568000000000018E-04
3.86349000000000024E-04
3.66158000000000000E-04
3.53378000000000004E-04
3.49388000000000010E-04
3.55538000000000024E-04
3.50387999999999980E-04
3.73327999999999974E-04
3.55118000000000024E-04
3.55817999999999987E-04
3.63027999999999994E-04
3.57758000000000013E-04
3.99128000000000004E-04
3.93087999999999988E-04
3.67258999999999988E-04
3.49547000000000020E-04
3.33366999999999995E-04
3.53107999999999981E-04
3.63257999999999984E-04
4.06359000000000017E-04
3.83319000000000021E-04
3.77367999999999996E-04
3.70208000000000017E-04
4.04128999999999979E-04
4.00008999999999998E-04
3.88779000000000013E-04
4.05668999999999995E-04
3.98158999999999980E-04
4.08669000000000014E-04
3.97389000000000000E-04
4.01339000000000014E-04
3.90889000000000004E-04
4.20185000000000003E-04
3.72728000000000013E-04
3.73338000000000023E-04
3.95338999999999977E-04
3.73148999999999974E-04
4.09154000000000006E-04
3.69317999999999990E-04
4.18364000000000008E-04
3.89188000000000001E-04
4.17529999999999995E-04
3.97779000000000015E-04
5.18601000000000045E-04
4.45819999999999984E-04
4.07079000000000024E-04
4.26379000000000005E-04
4.84641000000000011E-04
4.06718999999999993E-04
4.19150000000000024E-04
3.83437999999999997E-04
3.98529000000000006E-04
4.40769999999999996E-04
3.89699000000000024E-04
4.14258999999999992E-04
4.19570000000000023E-04
4.36990000000000002E-04
4.17328999999999975E-04
3.92828999999999976E-04
3.91939000000000003E-04
5.16631000000000035E-04
3.87099000000000015E-04
3.71598000000000002E-04
3.62968999999999987E-04
3.68187999999999979E-04
3.53028000000000022E-04
3.87158999999999984E-04
3.96908999999999977E-04
3.67388000000000014E-04
3.91528999999999998E-04
3.86238000000000011E-04
3.93369000000000021E-04
4.11939000000000001E-04
3.95177999999999990E-04
3.93558999999999977E-04
4.06948999999999983E-04
3.79669000000000013E-04
7.34871000000000005E-04
4.03515000000000015E-04
4.06269000000000009E-04
3.79787999999999990E-04
4.62151000000000001E-04
3.85498000000000015E-04
3.92119000000000018E-04
3.88398999999999993E-04
3.83808999999999984E-04
4.17288999999999995E-04
3.75417999999999976E-04
3.73819000000000007E-04
3.81987999999999989E-04
4.07749000000000002E-04
3.77087999999999978E-04
3.81159000000000001E-04
4.15379000000000009E-04
3.90759000000000017E-04
4.02919000000000009E-04
3.89319000000000004E-04
3.83628000000000007E-04
3.90549000000000018E-04
3.87409000000000017E-04
4.11208999999999999E-04
3.76099000000000019E-04
3.80217999999999984E-04
3.73819000000000007E-04
3.26837000000000015E-04
3.98709000000000021E-04
4.06489000000000004E-04
4.01439000000000017E-04
3.98729000000000011E-04
3.95638999999999984E-04
4.03959000000000013E-04
4.29249999999999998E-04
4.08779000000000011E-04
3.79008000000000014E-04
3.81157999999999985E-04
4.05258999999999990E-04
7.40301999999999974E-04
5.20467000000000043E-04
5.78183000000000017E-04
5.41157000000000010E-04
4.30368999999999999E-04
2.95447000000000006E-04
2.83605999999999995E-04
3.14936999999999997E-04
2.84306000000000012E-04
2.91866000000000000E-04
3.28328000000000018E-04
2.92036000000000021E-04
2.84847000000000019E-04
3.02056999999999998E-04
3.44566999999999996E-04
2.86806999999999980E-04
2.88936000000000000E-04
2.89257000000000012E-04
2.86406000000000009E-04
2.86407000000000024E-04
3.01476000000000012E-04
3.03797000000000019E-04
2.92817000000000012E-04
2.83945999999999981E-04
2.83736999999999997E-04
2.84396000000000019E-04
2.84255999999999984E-04
3.09587000000000002E-04
2.84217000000000020E-04
2.91866000000000000E-04
3.00926999999999987E-04
2.85246000000000013E-04
2.99686999999999979E-04
3.05006999999999989E-04
2.89777000000000014E-04
2.86365999999999975E-04
2.86245999999999983E-04
2.84286999999999984E-04
2.83466000000000013E-04
2.91906999999999995E-04
2.98356000000000001E-04
2.83837000000000000E-04
2.83515999999999987E-04
2.83535999999999977E-04
2.83787000000000026E-04
3.02547000000000016E-04
2.99476000000000017E-04
3.02857000000000018E-04
3.08886999999999985E-04
3.83939000000000025E-04
4.13214000000000018E-04
3.44798000000000001E-04
3.35558000000000015E-04
3.14226999999999985E-04
2.86015999999999994E-04
2.84406000000000014E-04
2.83097000000000004E-04
2.83796000000000005E-04
3.02047000000000003E-04
2.83556000000000021E-04
2.83256999999999975E-04
2.83615999999999990E-04
2.84135999999999991E-04
3.38468000000000026E-04
3.02527000000000026E-04
3.01507000000000012E-04
2.87006000000000023E-04
3.09887000000000010E-04
3.90168999999999998E-04
3.97469000000000012E-04
3.95838999999999989E-04
3.97269000000000008E-04
3.71058000000000011E-04
3.58427999999999991E-04
3.67747999999999990E-04
3.91784000000000002E-04
3.77238000000000009E-04
3.76808999999999976E-04
3.98578999999999980E-04
2.85075999999999993E-04
2.85886000000000007E-04
3.09726000000000023E-04
2.86237000000000004E-04
2.87095999999999977E-04
2.89116999999999976E-04
3.28637000000000005E-04
3.01456999999999984E-04
3.02376999999999995E-04
3.22017000000000017E-04
2.98946999999999982E-04
2.95685999999999974E-04
3.00306999999999983E-04
2.83746999999999992E-04
3.11427000000000025E-04
3.08176000000000012E-04
2.87475999999999997E-04
2.83205999999999985E-04
3.07897000000000010E-04
4.54729999999999978E-04
3.95697999999999992E-04
3.97308999999999987E-04
4.00448999999999987E-04
4.08280000000000014E-04
3.83528000000000005E-04
4.08508999999999988E-04
4.05839000000000015E-04
4.31805000000000003E-04
3.79577999999999990E-04
3.94398999999999976E-04
3.77718999999999993E-04
4.08818999999999990E-04
3.88239000000000021E-04
3.99588999999999999E-04
3.82517999999999986E-04
3.87199000000000018E-04
4.34760000000000018E-04
3.88848000000000015E-04
3.80949000000000001E-04
3.85678999999999991E-04
4.12099000000000026E-04
3.92359000000000002E-04
3.76537999999999992E-04
3.77899000000000008E-04
3.94168000000000025E-04
4.10700000000000008E-04
4.27419000000000009E-04
3.93469000000000024E-04
3.90628999999999976E-04
3.99249000000000012E-04
4.20579000000000027E-04
4.00258999999999977E-04
3.77369000000000012E-04
3.88669000000000015E-04
3.95627999999999974E-04
4.17449000000000021E-04
3.84569000000000024E-04
3.76098000000000003E-04
4.09848999999999999E-04
3.75259000000000020E-04
3.91978999999999982E-04
4.02259000000000026E-04
3.72477999999999980E-04
3.51668000000000022E-04
3.28187000000000021E-04
3.11726999999999979E-04
3.16907000000000007E-04
3.09136000000000003E-04
3.17707999999999988E-04
3.85308000000000005E-04
3.92319000000000023E-04
3.91999000000000026E-04
4.08879000000000013E-04
3.92398999999999981E-04
4.09328999999999997E-04
4.09709000000000017E-04
3.93128999999999983E-04
4.06029000000000025E-04
3.86328999999999980E-04
3.93089000000000004E-04
3.90608999999999987E-04
3.77047999999999999E-04
4.01129000000000015E-04
3.82218999999999994E-04
3.94048999999999994E-04
3.82248000000000017E-04
3.92549000000000012E-04
4.02558999999999979E-04
3.86459000000000021E-04
3.87698999999999975E-04
3.91478000000000008E-04
3.94019000000000010E-04
4.10349000000000011E-04
4.01598999999999988E-04
3.90697999999999978E-04
3.86118999999999980E-04
3.93809000000000010E-04
4.07268999999999980E-04
3.89868999999999990E-04
7.03756000000000043E-04
4.12449000000000008E-04
3.81718000000000020E-04
3.95817999999999984E-04
3.84259000000000022E-04
4.06938999999999988E-04
4.08149000000000012E-04
3.78448999999999995E-04
3.88388999999999998E-04
3.82177999999999999E-04
4.04369000000000017E-04
3.87629000000000012E-04
4.10168999999999996E-04
3.83498999999999982E-04
3.80778999999999981E-04
4.01918999999999985E-04
3.85898000000000024E-04
3.82499000000000012E-04
3.74918000000000018E-04
3.76598999999999977E-04
4.02988999999999973E-04
3.96619000000000019E-04
3.77197999999999976E-04
3.84059000000000017E-04
3.90679000000000005E-04
4.32529000000000019E-04
3.91278000000000003E-04
3.86398999999999998E-04
3.82768999999999980E-04
3.74897999999999974E-04
4.04348999999999974E-04
4.10600000000000006E-04
3.86628000000000026E-04
3.85878999999999996E-04
3.83468999999999997E-04
3.93958000000000025E-04
3.59338000000000008E-04
3.62607999999999995E-04
3.87178000000000012E-04
8.55283999999999992E-04
3.77988000000000000E-04
3.66909000000000007E-04
3.86917999999999984E-04
4.12559000000000005E-04
3.59927999999999973E-04
3.59377999999999987E-04
3.58017999999999986E-04
3.95067999999999993E-04
4.00739000000000000E-04
4.04390000000000023E-04
4.01788999999999998E-04
4.15669000000000021E-04
4.23358999999999997E-04
3.95407999999999979E-04
3.98209000000000009E-04
3.87658999999999996E-04
4.05519000000000018E-04
4.07468999999999984E-04
4.05099999999999981E-04
3.98348999999999990E-04
3.95807999999999989E-04
3.91808000000000000E-04
4.24579999999999977E-04
3.95948999999999986E-04
3.91939000000000003E-04
3.98358999999999985E-04
4.31628999999999997E-04
4.33930000000000014E-04
3.92078999999999984E-04
3.96448999999999998E-04
3.99039000000000013E-04
4.17279000000000001E-04
3.84028999999999978E-04
4.07109000000000008E-04
3.91209000000000001E-04
3.93448999999999980E-04
4.36460000000000006E-04
8.10088000000000041E-04
4.31895000000000011E-04
4.05099000000000019E-04
5.41077000000000051E-04
4.08239000000000019E-04
5.14946999999999974E-04
4.09478999999999974E-04
6.36865000000000022E-04
3.75978000000000011E-04
3.79598999999999995E-04
1.29515500000000009E-03
5.07995000000000018E-04
4.04899000000000014E-04
3.94949000000000016E-04
4.03168999999999988E-04
3.62568000000000016E-04
3.77999000000000011E-04
3.57018000000000016E-04
4.01439000000000017E-04
3.80307999999999992E-04
3.70049000000000007E-04
3.78217999999999990E-04
3.75408999999999997E-04
3.86838000000000026E-04
4.00678999999999977E-04
3.88738999999999979E-04
3.82479000000000022E-04
4.15489000000000006E-04
3.83398999999999979E-04
4.08459000000000014E-04
3.89819000000000016E-04
4.09309000000000007E-04
3.92769000000000007E-04
3.92559000000000007E-04
8.50138999999999973E-04
3.95848999999999984E-04
5.58431999999999982E-04
4.09858999999999994E-04
3.76969000000000002E-04
3.91159000000000027E-04
3.38006999999999978E-04
3.27007999999999997E-04
2.84965999999999995E-04
3.39128000000000010E-04
3.80967999999999975E-04
3.80279000000000023E-04
3.82187999999999994E-04
3.91099000000000004E-04
3.43877999999999990E-04
3.21267000000000026E-04
2.89897000000000006E-04
2.89055999999999992E-04
2.87047000000000018E-04
2.86266000000000027E-04
2.98057000000000009E-04
2.99886000000000022E-04
2.83727000000000003E-04
2.83505999999999992E-04
3.38427999999999993E-04
2.84396000000000019E-04
2.83566000000000016E-04
3.26386999999999977E-04
4.66425000000000021E-04
4.23680000000000009E-04
4.30129000000000015E-04
4.23678999999999994E-04
4.16254999999999978E-04
3.92047999999999984E-04
3.82758999999999986E-04
3.84528999999999991E-04
4.24889000000000018E-04
3.90549000000000018E-04
3.86968999999999974E-04
3.90789000000000002E-04
3.87618000000000001E-04
4.31520000000000016E-04
3.98179000000000024E-04
3.87558999999999994E-04
3.84727999999999980E-04
3.85498000000000015E-04
4.56030000000000010E-04
4.19739999999999989E-04
3.84679000000000021E-04
3.38067000000000001E-04
3.68379000000000005E-04
3.34206999999999994E-04
3.94878999999999998E-04
3.82418999999999999E-04
3.80908000000000006E-04
4.12729999999999987E-04
3.88968000000000007E-04
3.77789000000000011E-04
3.92949000000000022E-04
3.96429000000000009E-04
4.07458999999999990E-04
3.87058999999999982E-04
3.82737999999999980E-04
3.82579000000000025E-04
3.82868000000000021E-04
4.24469999999999980E-04
3.80458000000000022E-04
3.80138000000000025E-04
3.79848999999999974E-04
3.88138000000000003E-04
3.81679000000000003E-04
4.00468999999999977E-04
3.74708000000000018E-04
3.87429000000000007E-04
3.79679000000000008E-04
3.66087999999999982E-04
4.04779000000000022E-04
3.54808000000000022E-04
3.88479000000000005E-04
4.10159000000000001E-04
3.80417999999999989E-04
5.38887000000000047E-04
4.05219000000000011E-04
3.98788999999999979E-04
3.98988999999999984E-04
4.07238999999999995E-04
4.05168999999999983E-04
4.01679000000000001E-04
3.85877999999999981E-04
3.94719000000000027E-04
4.04379000000000012E-04
4.04738999999999989E-04
3.90019000000000021E-04
3.86608999999999998E-04
4.06149000000000017E-04
4.04469000000000020E-04
3.60358000000000022E-04
3.87619000000000017E-04
3.56068000000000020E-04
3.74808000000000020E-04
3.99019000000000023E-04
3.99728999999999981E-04
4.54520999999999994E-04
3.98639000000000003E-04
4.14068999999999982E-04
3.93279000000000014E-04
3.97249000000000018E-04
3.86338000000000013E-04
3.70798999999999998E-04
3.90728999999999979E-04
4.03549000000000008E-04
4.44530000000000001E-04
3.78417999999999994E-04
4.15510000000000011E-04
4.11108999999999997E-04
4.09248999999999984E-04
3.86638999999999982E-04
4.11929000000000006E-04
4.22224999999999977E-04
3.89168000000000012E-04
9.08959999999999998E-04
3.88369000000000008E-04
4.08339000000000022E-04
3.84328999999999986E-04
4.22448999999999980E-04
3.85488999999999981E-04
3.83268999999999993E-04
3.44557000000000001E-04
3.98417999999999993E-04
4.16722999999999974E-04
3.92088000000000018E-04
3.88928999999999989E-04
3.94929000000000027E-04
4.11609000000000009E-04
3.89079000000000020E-04
3.93989000000000025E-04
3.99798999999999999E-04
4.20099000000000004E-04
4.01938999999999975E-04
3.74249000000000001E-04
3.68607999999999978E-04
3.81869000000000013E-04
3.83267999999999977E-04
3.75438999999999981E-04
3.97259000000000013E-04
3.78398000000000005E-04
3.80578999999999976E-04
4.45819999999999984E-04
3.81697999999999977E-04
4.06249000000000020E-04
3.84648000000000021E-04
3.89589000000000027E-04
3.87809000000000027E-04
3.83828000000000012E-04
4.45150000000000005E-04
3.80368999999999976E-04
4.17229000000000026E-04
3.98289000000000021E-04
5.90269000000000037E-04
3.94098000000000007E-04
7.24317000000000038E-04
4.59439999999999979E-04
3.16907000000000007E-04
3.29988000000000026E-04
3.63428000000000004E-04
3.13176999999999987E-04
3.66668000000000007E-04
3.82018999999999989E-04
4.16209000000000013E-04
3.81739000000000026E-04
3.88108000000000019E-04
3.83838000000000007E-04
3.85309000000000020E-04
4.04159000000000018E-04
3.90808999999999991E-04
3.81338000000000000E-04
3.83009000000000019E-04
3.80798000000000009E-04
3.99267999999999986E-04
3.95328000000000021E-04
3.78109000000000008E-04
3.81807999999999974E-04
3.84258000000000006E-04
3.90429000000000026E-04
4.06349000000000022E-04
3.85478999999999987E-04
3.85667999999999981E-04
3.86459000000000021E-04
3.81278999999999993E-04
4.01039000000000007E-04
4.03468999999999996E-04
4.05668999999999995E-04
3.90108999999999974E-04
3.80297999999999997E-04
3.96219000000000009E-04
3.81068999999999993E-04
3.83088000000000016E-04
5.02651000000000009E-04
3.66937999999999976E-04
3.67088000000000006E-04
3.67877999999999977E-04
4.00389000000000018E-04
4.33930000000000014E-04
3.72608999999999983E-04
3.73358000000000012E-04
3.73688000000000004E-04
4.01009000000000023E-04
3.79059000000000004E-04
3.78947999999999991E-04
3.76429000000000011E-04
3.80058000000000013E-04
4.42789999999999980E-04
3.93999000000000020E-04
3.94099000000000023E-04
3.94519000000000022E-04
3.93599000000000010E-04
4.21129000000000013E-04
3.97288999999999997E-04
3.90728999999999979E-04
3.87509000000000020E-04
4.24169000000000011E-04
4.02128999999999985E-04
2.87936999999999991E-04
2.85605999999999989E-04
2.85047000000000024E-04
2.84396000000000019E-04
2.84045999999999984E-04
2.84066999999999989E-04
2.99596000000000009E-04
2.83817000000000010E-04
2.83635999999999979E-04
3.00426999999999975E-04
2.84506000000000017E-04
3.16777000000000020E-04
2.86356999999999996E-04
3.02476999999999998E-04
2.98436000000000014E-04
2.88927000000000021E-04
2.89795999999999988E-04
2.86706999999999977E-04
2.86406000000000009E-04
3.48228000000000014E-04
3.59128000000000008E-04
3.56047999999999976E-04
4.09678999999999979E-04
3.35287999999999992E-04
3.09647000000000026E-04
2.83876000000000018E-04
2.84106000000000007E-04
2.84476999999999994E-04
2.85256000000000008E-04
2.85697000000000013E-04
2.84906000000000026E-04
3.02906999999999992E-04
2.89856000000000011E-04
2.88896999999999982E-04
2.86626000000000003E-04
3.05277000000000011E-04
2.90077000000000021E-04
2.84155999999999981E-04
2.99517000000000012E-04
3.09237000000000021E-04
2.97675999999999974E-04
2.82947000000000027E-04
2.83715999999999992E-04
2.83855999999999974E-04
2.99646999999999999E-04
2.85677000000000023E-04
2.85046000000000008E-04
2.96826999999999996E-04
2.86606000000000014E-04
2.88747000000000005E-04
2.89265999999999991E-04
3.20247000000000012E-04
2.86857000000000008E-04
2.84746000000000001E-04
2.84576999999999996E-04
2.84575999999999980E-04
2.84106000000000007E-04
3.00906999999999997E-04
2.83976999999999982E-04
3.11977000000000012E-04
3.15327000000000012E-04
2.83535999999999977E-04
2.84726000000000011E-04
2.85047000000000024E-04
3.17001999999999985E-04
2.88845999999999992E-04
2.89367000000000010E-04
2.89355999999999999E-04
2.87116999999999982E-04
2.86696000000000021E-04
3.02696999999999992E-04
3.65698000000000021E-04
4.13789999999999980E-04
3.99559000000000014E-04
3.90447999999999999E-04
4.03708999999999980E-04
3.89888999999999980E-04
3.84198999999999999E-04
4.06479000000000009E-04
3.82858999999999988E-04
4.60521999999999993E-04
4.22740000000000008E-04
3.95587999999999994E-04
3.93817999999999989E-04
4.70481000000000024E-04
3.83588999999999989E-04
3.91798000000000005E-04
3.93348999999999977E-04
3.93389000000000011E-04
4.11079000000000013E-04
4.25750000000000022E-04
3.94449000000000004E-04
4.40379999999999982E-04
3.94468999999999994E-04
4.23086999999999997E-04
3.98279000000000027E-04
4.10329000000000021E-04
3.85188999999999974E-04
4.02369000000000023E-04
4.44989999999999980E-04
3.86358000000000003E-04
4.19839999999999992E-04
3.95399000000000000E-04
4.06659000000000024E-04
4.06149000000000017E-04
4.05939000000000018E-04
4.06398999999999996E-04
3.82077999999999997E-04
4.58269999999999988E-04
4.78881000000000012E-04
4.06969000000000026E-04
3.84049000000000022E-04
3.85038999999999998E-04
3.69358000000000024E-04
4.32660000000000022E-04
3.46028000000000015E-04
2.92566000000000017E-04
2.89697000000000001E-04
3.22396999999999983E-04
2.89116999999999976E-04
3.08857000000000001E-04
3.00206000000000019E-04
2.84486999999999989E-04
2.83666000000000018E-04
2.83856999999999990E-04
2.83766000000000020E-04
2.83945999999999981E-04
3.54017999999999998E-04
2.84486999999999989E-04
2.83576000000000010E-04
3.15576999999999991E-04
2.84916000000000021E-04
2.98196999999999991E-04
3.04076999999999982E-04
2.89326999999999976E-04
2.89206000000000023E-04
2.97317000000000013E-04
2.99386000000000010E-04
2.85736999999999992E-04
2.87185999999999984E-04
3.00626999999999980E-04
2.83435999999999974E-04
3.11437000000000020E-04
2.83207000000000001E-04
2.83566000000000016E-04
2.99466999999999984E-04
2.83376000000000005E-04
2.99497000000000023E-04
2.84826000000000014E-04
2.97417000000000016E-04
2.86937000000000021E-04
2.88735999999999995E-04
2.88985999999999974E-04
2.86466999999999993E-04
3.01156999999999976E-04
3.12016999999999991E-04
2.84006000000000005E-04
2.83935999999999987E-04
2.83976999999999982E-04
3.43036999999999975E-04
3.85518000000000004E-04
2.84045999999999984E-04
2.84757000000000011E-04
2.84196000000000015E-04
2.85426999999999990E-04
3.11065999999999979E-04
3.16697000000000007E-04
3.28527000000000007E-04
2.96387000000000007E-04
2.91245999999999996E-04
2.87177000000000005E-04
2.86926000000000010E-04
2.85487000000000013E-04
3.19517000000000011E-04
2.84956000000000001E-04
3.19407000000000013E-04
3.91448999999999985E-04
3.73458999999999976E-04
3.35396999999999974E-04
3.75799000000000012E-04
3.25206999999999992E-04
3.28627000000000010E-04
3.35888000000000007E-04
2.84936000000000011E-04
2.87196999999999995E-04
4.10949000000000026E-04
4.03759000000000008E-04
3.98448999999999993E-04
4.12419000000000023E-04
4.05209000000000016E-04
4.31179000000000013E-04
3.16826999999999994E-04
3.84489000000000011E-04
2.93066999999999991E-04
2.83486000000000003E-04
4.10959000000000020E-04
4.00348999999999985E-04
4.22290000000000024E-04
4.02809000000000012E-04
4.14818999999999973E-04
4.14148999999999995E-04
4.16089999999999982E-04
3.95308999999999992E-04
6.31909000000000051E-04
3.90669000000000010E-04
3.96598999999999975E-04
4.26648999999999974E-04
4.11279000000000017E-04
3.88958000000000012E-04
4.04198999999999997E-04
4.07658999999999994E-04
4.04049000000000021E-04
3.87968999999999998E-04
3.82387999999999999E-04
3.84299000000000001E-04
4.11929000000000006E-04
4.21870000000000025E-04
3.95407999999999979E-04
4.11778999999999975E-04
3.96908999999999977E-04
4.35188999999999997E-04
3.90338000000000002E-04
4.05429000000000011E-04
3.91499000000000014E-04
3.91108999999999999E-04
4.18448999999999991E-04
4.15029999999999989E-04
3.86377999999999993E-04
3.83519000000000026E-04
4.01618999999999978E-04
4.10339000000000016E-04
4.03029000000000007E-04
4.00419000000000003E-04
3.88489000000000000E-04
4.22889999999999985E-04
4.21798999999999991E-04
3.89678999999999980E-04
3.84218999999999988E-04
3.80107999999999987E-04
4.05568999999999992E-04
4.13500000000000022E-04
4.71269999999999979E-04
4.67534999999999988E-04
4.08280000000000014E-04
3.78678000000000022E-04
3.76678999999999990E-04
4.18348999999999989E-04
3.78068000000000013E-04
3.77638999999999980E-04
4.04948999999999988E-04
3.93259000000000024E-04
4.06789000000000011E-04
3.81818999999999984E-04
3.91427999999999980E-04
4.33159999999999980E-04
3.95088999999999998E-04
3.95579000000000015E-04
3.94519000000000022E-04
3.78447999999999979E-04
4.06008999999999981E-04
3.92318000000000007E-04
3.93889000000000023E-04
4.03068999999999986E-04
3.91799000000000021E-04
4.24239999999999990E-04
3.77157999999999996E-04
4.21649999999999976E-04
4.07119000000000003E-04
3.79768000000000000E-04
3.96839000000000013E-04
3.96439000000000004E-04
