34.982906348231062
0.00029334100000000002
0.00017382500000000001
0.00019755
0.00019545900000000001
0.00020668300000000001
0.00019244700000000002
0.000184138
0.00021894700000000002
0.000185947
0.000191614
0.00031302599999999999
0.000198092
0.00024064600000000001
0.00024384200000000003
0.000274837
0.00024293200000000001
0.00023640000000000003
0.00024142600000000002
0.00023853400000000002
0.00020653100000000001
0.00022399500000000003
0.00022243500000000002
0.00020439700000000002
0.00018150600000000001
0.00019127800000000002
0.00017085600000000002
0.00018981500000000002
0.00017091100000000002
0.00021548000000000002
0.00021361600000000002
0.000230993
0.00023865300000000002
0.00023505600000000001
0.000253181
0.00023309600000000002
0.00021398400000000002
0.00022868600000000003
0.00021051800000000001
0.00022835000000000002
0.00022693100000000001
0.00025682100000000001
0.00019974900000000001
0.00020251200000000002
0.00018766
0.00020602200000000001
0.00022461800000000002
0.00024838099999999999
0.00022750500000000002
0.000231513
0.00023412500000000001
0.00023454700000000002
0.00022956400000000003
0.00023218500000000001
0.00026357000000000003
0.00017107300000000002
0.00017402000000000002
0.00019289200000000001
0.00020243600000000001
0.00017058600000000002
0.00016997900000000001
0.000170433
0.00017373800000000002
0.00017124600000000001
0.00017228600000000001
0.00017365200000000002
0.00019437600000000001
0.00020043200000000001
0.00017592700000000001
0.00017360800000000001
0.00017313100000000001
0.00017281700000000002
0.00017061800000000001
0.00017045500000000002
0.000170748
0.00017087800000000001
0.000170206
0.00017026000000000001
0.00017010900000000002
0.00020730100000000001
0.00017378200000000001
0.000174291
0.00017436700000000001
0.00018494
0.00021081000000000002
0.00020072500000000001
0.00019582800000000002
0.00019794000000000002
0.00017165800000000002
0.00031712
0.00022224000000000001
0.00022235900000000002
0.00022163300000000002
0.00022956300000000001
0.00022206700000000003
0.000224677
0.00022646500000000002
0.000256507
0.00023668100000000001
0.00024034300000000001
0.00024013700000000002
0.000240537
0.000248512
0.00025762300000000001
0.00023797000000000003
0.000295767
0.00023508900000000001
0.00023447100000000001
0.000232532
0.00022699600000000001
0.00023004000000000001
0.00023498
0.000233355
0.00023672500000000002
0.000238967
0.00024636600000000003
0.00023874000000000001
0.00024010500000000001
0.00026557499999999999
0.00024052700000000001
0.00026873700000000001
0.00024747100000000003
0.00023337700000000003
0.000253105
0.00023683200000000003
0.000232174
0.00022978000000000001
0.000230776
0.00023195800000000002
0.00024109000000000001
0.000232749
0.00023526200000000003
0.00026055800000000004
0.00023542400000000003
0.00023694100000000001
0.000238967
0.00024087300000000001
0.00025072100000000003
0.00024798000000000002
0.00023366900000000002
0.00023036500000000001
0.00025847800000000003
0.000237082
0.00023751500000000002
0.00024283400000000001
0.00023648600000000003
0.00023550000000000001
0.00024218500000000001
0.00023583600000000001
0.00023702800000000002
0.00026156600000000002
0.000235598
0.00023425400000000001
0.000254827
0.00024368000000000003
0.00023824100000000001
0.00024451400000000004
0.000236204
0.00023595500000000001
0.00025877100000000003
0.00023659400000000002
0.00023613900000000001
0.00023617200000000001
0.00024279100000000001
0.00023385300000000001
0.00058073300000000005
0.00067751000000000009
0.00033905800000000005
0.00024369100000000001
0.00025811000000000003
0.00024958400000000001
0.00024217300000000001
0.00024670200000000001
0.000259399
0.00024591100000000002
0.00023719000000000002
0.00023720100000000001
0.00024387400000000002
0.00024088500000000001
0.00024488200000000003
0.00024017000000000003
0.00026724300000000002
0.00026129500000000004
0.00025571600000000002
0.00023632400000000002
0.00024060300000000001
0.00024447
0.00024539100000000002
0.00024869600000000002
0.00025944200000000003
0.00026417700000000004
0.00024102600000000001
0.00024450300000000003
0.00023443900000000002
0.00024236900000000001
0.000234622
0.00024532600000000003
0.00023344200000000002
0.00024180600000000001
0.00027837900000000004
0.00023957400000000002
0.00024414500000000003
0.00024074400000000001
0.00024592200000000004
0.00024223800000000001
0.00024436200000000003
0.00023831700000000002
0.00024128500000000002
0.00025936700000000004
0.00025994000000000001
0.00023155700000000002
0.00023719100000000001
0.000241253
0.00023378800000000002
0.00024498
0.00023566300000000002
0.00025521800000000004
0.00025920400000000002
0.00024619300000000002
0.00023900000000000001
0.00024046200000000002
0.00024292200000000002
0.00024447
0.00024233600000000001
0.00023672400000000001
0.00024292100000000003
0.00025886800000000004
0.00024108000000000002
0.000231969
0.00023632300000000001
0.00040178400000000003
0.000284512
0.00023342000000000003
0.00023977900000000002
0.00024156700000000001
0.00026708
0.00023791700000000001
0.00024705899999999999
0.00024220600000000002
0.00024093900000000002
0.00024203300000000001
0.00024072200000000002
0.00024077600000000003
0.00025824000000000002
0.00023675600000000002
0.00024079800000000002
0.00024257500000000003
0.000280091
0.00023452600000000001
0.00026122999999999999
0.00025261700000000001
0.00023762400000000003
0.00026210700000000003
0.00024165400000000003
0.00024829499999999999
0.00024153500000000002
0.00024157700000000001
0.00023970300000000002
0.00023929200000000003
0.00023882600000000001
0.00023857700000000002
0.00026387300000000003
0.000242477
0.00027651600000000003
0.00024073200000000001
0.00024254200000000002
0.00024710300000000004
0.00025640900000000003
0.00024103600000000003
0.00023679000000000001
0.000263148
0.00024238000000000002
0.00024985400000000004
0.00024083000000000001
0.000230549
0.00021821000000000001
0.000218285
0.00023081000000000002
0.00023598800000000002
0.00025872800000000001
0.00025549900000000001
0.00024012600000000001
0.00023704900000000003
0.00023894600000000003
0.00026469699999999999
0.00023852200000000002
0.00024444899999999999
0.00026117600000000001
0.00023923800000000002
0.00024836000000000004
0.00023674600000000003
0.000238447
0.00024131800000000002
0.000236562
0.000237428
0.00023989900000000002
0.00040364800000000005
0.00022207800000000001
0.00023882600000000001
0.00023069
0.00021219700000000001
0.000228361
0.00024043000000000003
0.00021143900000000001
0.00023299800000000002
0.00023450400000000002
0.00023209800000000003
0.00026178300000000002
0.00023089600000000002
0.00023110200000000001
0.000227581
0.00025679899999999999
0.00024998500000000004
0.00022869700000000001
0.00022797100000000002
0.00022993200000000002
0.00025205400000000004
0.00022935700000000002
0.00023166500000000001
0.000230864
0.00023897800000000001
0.00023346300000000002
0.00023504500000000002
0.00025234700000000004
0.00023223900000000002
0.000262367
0.000228891
0.00022940100000000001
0.00022843600000000002
0.00024871700000000002
0.00022740800000000002
0.00022877300000000001
0.00022742900000000002
0.00023021300000000003
0.00022947700000000001
0.00025387400000000002
0.00022986700000000003
0.00023039800000000001
0.00024053800000000002
0.00023439500000000001
0.00023322500000000002
0.00023205500000000003
0.000232835
0.00023175100000000001
0.000272768
0.00022779700000000001
0.00023960600000000001
0.00023481700000000001
0.00022875100000000002
0.00022719100000000001
0.00022969300000000002
0.00023094000000000001
0.00023114500000000001
0.00025404700000000003
0.00023317100000000001
0.00023446
0.00023516500000000002
0.000243343
0.00023225000000000001
0.00023272700000000001
0.00023064600000000001
0.00023050600000000001
0.00025765500000000003
0.00024013700000000002
0.00022809100000000001
0.00023001800000000002
0.00025272599999999999
0.00022892400000000001
0.00027642900000000002
0.000218676
0.00022245700000000001
0.00025115500000000003
0.00024489200000000003
0.00023942200000000001
0.00023878200000000002
0.00023673500000000002
0.00024443700000000002
0.00023477400000000001
0.00023399500000000003
0.00025217300000000001
0.00027561700000000003
0.000232618
0.00023604200000000003
0.00023351800000000002
0.00023360400000000002
0.00024302900000000002
0.00023551100000000002
0.00023731000000000002
0.00023606300000000001
0.00026089400000000001
0.00027273
0.00027351600000000002
0.00024614900000000003
0.00022667000000000002
0.00022528400000000002
0.00022531700000000002
0.00025359200000000002
0.00022616200000000002
0.00022511100000000001
0.00027545
0.00024297600000000003
0.00024331100000000002
0.00024009400000000002
0.00025085100000000001
0.00024502200000000001
0.00024597600000000002
0.00027229100000000003
0.000246908
0.00024896600000000004
0.00024566200000000001
0.00024669200000000002
0.000257753
0.000274913
0.00022429800000000003
0.000205892
0.00024505499999999999
0.000233236
0.00022181700000000002
0.00022224000000000001
0.00022454800000000001
0.00022502400000000002
0.00022584700000000002
0.00022602100000000002
0.00022711500000000001
0.00025710300000000001
0.00022874000000000001
0.00022619400000000001
0.00022615100000000001
0.00022429800000000003
0.000245369
0.00022183900000000002
0.00022298700000000001
0.00022424400000000002
0.00022299800000000002
0.00025090600000000001
0.000223713
0.000241773
0.00022596700000000001
0.00022579300000000001
0.00022510000000000002
0.00023613900000000001
0.00022982400000000003
0.00022958500000000001
0.00025337500000000002
0.00022495900000000003
0.00022438500000000001
0.00026112100000000001
0.000222186
0.00022281400000000003
0.00022172000000000001
0.00024619300000000002
0.00022334500000000001
0.00024962700000000004
0.00022307400000000003
0.000223594
0.000224114
0.000225252
0.00022627000000000001
0.00022663900000000002
0.00022707200000000001
0.00025587800000000002
0.00022536000000000002
0.00024879300000000003
0.00026119700000000001
0.00022178500000000001
0.000221969
0.00022154600000000001
0.00022238100000000001
0.00022294400000000001
0.00022236900000000001
0.00022268400000000001
0.00025096
0.00022808000000000003
0.00022616100000000001
0.00022733200000000001
0.00022759200000000001
0.00022863200000000002
0.00022558800000000001
0.00022527300000000001
0.00022383200000000001
0.00028615800000000001
0.00022870800000000002
0.000223756
0.00024307200000000002
0.00022449400000000002
0.00022783000000000002
0.00022840500000000002
0.000229986
0.00023295400000000001
0.00022557600000000001
0.00025177200000000004
0.00022787300000000002
0.000226519
0.00022649700000000001
0.00022425500000000003
0.00022349700000000002
0.00022271700000000002
0.00022202300000000001
0.00026402500000000003
0.00025360300000000003
0.00022157900000000001
0.00022149200000000003
0.00022207800000000001
0.00022164400000000001
0.00022018100000000001
0.00022241400000000002
0.00022272800000000003
0.00024244500000000001
0.00024918299999999999
0.00022591200000000001
0.00022570700000000001
0.00036910000000000003
0.00025181500000000001
0.00022554400000000002
0.00025276900000000002
0.00019342300000000002
0.00017130000000000002
0.00017057500000000001
0.00020592400000000002
0.00017122400000000001
0.00019183000000000001
0.000171387
0.000172232
0.00017314200000000002
0.00017328300000000001
0.00017484300000000002
0.000175775
0.00017541800000000002
0.000173153
0.000172795
0.00017256800000000001
0.00022077700000000002
0.00024010400000000002
0.0001761
0.00017203699999990274
0.00017146300000000001
0.00020511200000000002
0.00017176600000000001
0.00017136500000000001
0.00017290400000000001
0.00017392200000000002
0.00017416100000000002
0.00017508200000000002
0.00017536300000000002
0.00019601200000000002
0.00017386800000000001
0.00017344600000000001
0.000171387
0.00017160300000000002
0.00017161500000000002
0.00017169
0.000171182
0.00017156100000000001
0.00017163600000000002
0.00017159300000000002
0.00017136500000000001
0.000191635
0.000174074
0.00020503600000000002
0.00017559100000000001
0.000203563
0.000176133
0.000173315
0.00017311
0.00017203700000000002
0.000171008
0.00019313000000000002
0.00017169100000000002
0.00020596200000000002
0.000170163
0.00017103000000000002
0.00017096400000000001
0.000176696
0.00017118100000000001
0.000172893
0.00017339200000000002
0.00017486500000000001
0.00017621800000000001
0.00017587200000000001
0.00019365000000000002
0.00019550200000000001
0.00018784300000000001
0.000171127
0.00017078000000000001
0.00017130000000000002
0.000170867
0.000170748
0.00017121400000000002
0.00017129000000000002
0.00017101800000000002
0.00017176600000000001
0.00019337900000000001
0.000174518
0.00017590500000000002
0.00017587200000000001
0.00017580700000000002
0.000174236
0.00017370600000000001
0.000172709
0.00018573
0.00017139800000000001
0.000170834
0.00021712600000000002
0.00065689900000000007
0.00022922700000000001
0.00022767800000000001
0.000282019
0.00028474899999999999
0.00022393000000000001
0.00027535800000000002
0.00023407000000000001
0.00023861000000000002
0.00029367600000000004
0.00022611800000000001
0.00025295300000000004
0.00021527400000000003
0.00019679200000000002
0.00030061000000000004
0.00023541400000000001
0.00029511300000000001
0.00023219600000000002
0.00026681000000000003
0.000273126
0.000225858
0.00025328900000000002
0.00025167400000000002
0.00029503400000000001
0.00023638900000000002
0.00023627000000000001
0.00023503400000000001
0.00025377700000000001
0.00023577100000000002
0.00021322600000000001
0.00023789400000000002
0.00022551200000000001
0.00022010600000000002
0.00022113500000000002
0.000221752
0.00021951000000000002
0.00021904500000000001
0.000220041
0.00022063600000000002
0.00022139500000000002
0.00025984800000000002
0.00021622700000000002
0.000216314
0.000195947
0.00017731300000000001
0.00017582900000000001
0.000229509
0.00022643300000000001
0.000273591
0.00023987700000000002
0.00022566400000000001
0.00022298800000000003
0.00023605300000000001
0.00023300800000000002
0.00023758000000000001
0.00024220600000000002
0.00023810000000000001
0.00023322600000000001
0.000264653
0.00023914000000000002
0.000242379
0.00027393300000000002
0.00024272600000000002
0.00023966100000000001
0.00020269600000000001
0.00025217300000000001
0.00017394400000000001
0.00017181000000000002
0.000182015
0.00057376699999999998
0.00026798499999999999
0.000223095
0.00019690000000000002
0.00022198000000000001
0.00025888500000000004
0.00022246700000000001
0.000223107
0.00022235900000000002
0.000219564
0.00021940200000000002
0.00021926000000000001
0.00023009400000000002
0.00021842600000000003
0.00017125700000000002
0.00017119200000000002
0.00017106200000000001
0.00017120300000000001
0.00017117100000000002
0.00017119200000000002
0.00017245900000000002
0.000174117
0.00017344600000000001
0.000174821
0.000175699
0.000196011
0.00020071300000000001
0.00017351000000000001
0.00017173400000000002
0.00017190700000000001
0.00019159100000000002
0.00017225400000000002
0.00017163600000000002
0.000171127
0.00018677100000000002
0.00017160400000000001
0.00017107300000000002
0.00017250300000000001
0.000192177
0.00017418200000000002
0.00017560200000000002
0.00017560200000000002
0.00017588300000000002
0.00017382500000000001
0.000173196
0.00017346700000000001
0.00017172300000000001
0.000171409
0.00017145300000000001
0.000171798
0.00020703500000000003
0.000171051
0.00017119200000000002
0.00017092100000000001
0.00017198300000000001
0.000198514
0.00023930300000000001
0.00024611700000000002
0.00022631300000000001
0.00020564300000000001
0.00024538000000000001
0.00023201200000000003
0.00017426900000000001
0.00017057400000000002
0.00017091100000000002
0.000183196
0.00022158
0.00022367
0.000172103
0.00017095400000000002
0.00017051000000000002
0.00019918600000000001
0.000172893
0.00017332600000000001
0.00017489800000000002
0.00017537400000000001
0.00017550400000000002
0.00020394200000000001
0.000172795
0.000172275
0.00017047700000000001
0.00017081300000000002
0.000170607
0.00019113700000000002
0.00017062900000000002
0.00017051000000000002
0.00017019600000000001
0.00078666400000000007
0.00036687900000000002
0.00022633500000000001
0.00022744
0.00022850100000000001
0.00022882700000000002
0.00024156700000000001
0.00023598800000000002
0.00022456900000000001
0.00022485000000000002
0.00022449400000000002
0.00024322400000000003
0.00022293400000000002
0.00028987400000000002
0.00022684400000000003
0.00028329200000000004
0.00025090600000000001
0.00027545
0.00025189900000000004
0.00024412300000000001
0.00033821400000000004
0.00030500900000000002
0.00035258200000000005
0.00023459000000000002
0.00023936700000000001
0.00023724400000000001
0.00023829500000000002
0.00024242300000000002
0.00023758000000000001
0.00027045500000000001
0.00022695200000000002
0.00024303000000000001
0.00021647600000000001
0.000233052
0.000247645
0.00022879400000000002
0.00024096600000000001
0.00023063600000000002
0.00024116600000000001
0.00023282400000000002
0.00023813300000000002
0.000240907
0.00026446900000000003
0.000238361
0.000243961
0.00023688700000000002
0.00023669200000000002
0.00023597700000000001
0.00023526200000000003
0.00023294300000000002
0.00022879400000000002
0.00027515699999999999
0.00019994400000000002
0.00024070000000000002
0.000244188
0.00025409
0.00024333300000000001
0.00024623700000000001
0.00024517500000000004
0.00024443800000000003
0.00024385200000000002
0.00027007100000000004
0.00025846800000000003
0.00024137200000000001
0.00024218400000000002
0.0015045830000000001
0.000289528
0.00026735100000000004
0.00026180400000000003
0.00025921000000000001
0.000174799
0.00022036600000000002
0.000234102
0.00022720200000000002
0.00024329000000000001
0.00022751600000000001
0.00022663900000000002
0.000267779
0.000238003
0.00023603100000000002
0.00023185000000000002
0.00023251000000000001
0.00024091700000000002
0.00023486100000000003
0.00022830700000000002
0.00029251400000000001
0.00025003900000000002
0.00025665900000000001
0.000338105
0.00028299400000000001
0.00028439200000000001
0.00029258300000000001
0.00025696099999999999
0.00025603000000000003
0.000253787
0.0002498
0.00024508800000000002
0.00038114700000000003
0.00025267200000000001
0.00027176000000000001
0.00027891
0.00025574800000000003
0.00024877100000000001
0.00024997400000000003
0.000274675
0.00029922400000000001
0.000251783
0.00032866900000000002
0.00030252700000000003
0.000251859
0.000252964
0.000265314
0.00028233400000000002
0.00025259600000000001
0.00025100300000000002
0.000271673
0.00027611500000000001
0.00025257400000000004
0.00027820600000000003
0.000275216
0.00030722900000000001
0.00028434900000000004
0.00025304
0.00030082700000000004
0.00075331600000000008
0.00024598700000000003
0.00023683200000000003
0.00023553300000000001
0.00023492600000000002
0.00023340900000000001
0.000228664
0.00025180500000000002
0.00023108000000000002
0.00023229400000000002
0.00024041900000000002
0.00023369100000000001
0.00023272700000000001
0.00023404800000000002
0.00023342000000000003
0.00023638900000000002
0.00025646300000000001
0.00023924900000000003
0.000248836
0.00023911800000000002
0.00023383100000000002
0.00023191500000000002
0.000231611
0.00023140500000000001
0.00023231500000000003
0.00025608400000000001
0.00022266200000000002
0.00023285600000000001
0.00024098200000000002
0.00023184900000000001
0.00023438500000000001
0.00023450300000000003
0.00023571600000000002
0.00025236799999999999
0.000259041
0.00023832800000000003
0.00023473100000000001
0.00024372300000000002
0.00023311700000000002
0.00023269400000000001
0.000235338
0.000235846
0.00023550000000000001
0.00025490300000000001
0.00022634600000000002
0.00023097100000000001
0.00023963900000000001
0.00023127500000000002
0.00023392900000000002
0.00023394000000000003
0.00024612800000000003
0.00023675700000000001
0.00025942100000000002
0.00023474200000000002
0.00024331100000000002
0.00024060300000000001
0.00023179500000000003
0.000231308
0.00023358200000000003
0.00025727600000000002
0.00023497000000000001
0.000255023
0.000234591
0.00023491500000000001
0.00024215200000000001
0.000240029
0.00023667000000000002
0.00024206500000000002
0.00053912100000000004
0.000282377
0.000421848
0.00026062399999999999
0.000238533
0.00026341800000000002
0.00022611900000000002
0.000227094
0.00022706100000000003
0.00022884900000000002
0.000227939
0.00022967200000000002
0.00022885900000000001
0.00029830300000000003
0.00022987700000000002
0.00023378800000000002
0.00023589000000000002
0.000234319
0.00023386400000000002
0.00023358300000000002
0.000233658
0.00023451500000000003
0.00026365600000000002
0.00023359300000000001
0.00025848900000000004
0.00023597700000000001
0.00024126400000000001
0.000241642
0.00023376700000000001
0.00028849800000000004
0.00023347400000000001
0.00023584700000000002
0.00023539200000000001
0.00023908600000000001
0.00023806800000000003
0.00023927
0.00024281300000000001
0.00023526200000000003
0.00025795800000000003
0.00023422100000000001
0.00023576100000000002
0.00023441600000000001
0.00023418900000000002
0.00024202200000000002
0.00023347500000000002
0.00024001800000000002
0.00024385300000000001
0.00027260500000000004
0.00023402700000000001
0.00023556500000000003
0.00023907600000000001
0.00023900000000000001
0.00023979000000000001
0.00023659500000000001
0.00024303000000000001
0.00023571600000000002
0.00027414300000000002
0.00023455800000000003
0.00023391800000000001
0.000232174
0.00023598800000000002
0.00023360400000000002
0.00024716800000000003
0.00024104700000000001
0.00023545700000000001
0.00026830400000000003
0.00024707100000000002
0.000240375
0.00023761300000000002
0.00023922700000000001
0.00029507400000000004
0.00024388500000000003
0.00023424400000000002
0.000255336
0.00023249900000000002
0.000233713
0.00023079800000000002
0.000235684
0.00023736400000000003
0.00025495699999999999
0.00024535900000000001
0.00023837100000000003
0.00026204200000000004
0.000240993
0.00024090600000000001
0.00024152400000000001
0.000242434
0.000235381
0.00023207700000000002
0.00023995300000000002
0.00023373500000000002
0.00025373300000000002
0.000234579
0.00025210800000000002
0.00023968200000000001
0.000248034
0.00023725500000000002
0.00023759100000000002
0.00024436200000000003
0.00022027900000000001
0.00024422100000000003
0.00022575000000000001
0.00023544600000000002
0.00022611800000000001
0.00022332300000000002
0.00022372400000000001
0.00022549000000000001
0.00022483
0.000235197
0.000253711
0.00023234800000000001
0.00022632400000000002
0.00023552200000000003
0.00022523000000000001
0.00022792800000000002
0.00023294400000000001
0.00025130600000000002
0.00024047300000000003
0.00023491600000000003
0.00025637700000000002
0.00023033300000000002
0.00022720100000000001
0.000228719
0.00023357200000000001
0.00025650600000000004
0.00024001800000000002
0.00023794800000000001
0.00022736500000000002
0.00025094900000000004
0.00024160000000000002
0.00024305100000000001
0.00019075800000000002
0.00017371700000000002
0.00017300200000000001
0.00017376000000000002
0.000176035
0.00017619700000000001
0.00017632700000000002
0.00017488600000000002
0.000193878
0.00017452900000000001
0.000258359
0.00027329900000000001
0.00022747200000000002
0.00019467900000000001
0.00020142900000000001
0.00018052000000000001
0.000175298
0.00017545000000000001
0.00025309400000000004
0.00023498
0.00023719000000000002
0.00023956300000000001
0.000239542
0.00026118700000000002
0.00023828400000000001
0.00024332200000000003
0.00024340800000000002
0.00025775200000000004
0.00023385400000000003
0.00023386400000000002
0.00023500100000000001
0.00023372300000000003
0.00023549000000000001
0.00026285499999999999
0.000254014
0.00024258500000000002
0.00026054800000000004
0.00023729800000000002
0.00023882600000000001
0.00023862000000000002
0.000241253
0.00023975800000000002
0.000236908
0.00023629100000000002
0.00024748200000000004
0.00025728600000000002
0.000232835
0.00023189300000000002
0.00023266200000000002
0.000234362
0.00023408100000000002
0.00024323500000000001
0.00023631300000000001
0.00024201200000000003
0.00025828299999999999
0.00025429700000000001
0.00024013700000000002
0.00023982300000000001
0.000236302
0.00023571700000000001
0.00023444900000000002
0.00030060000000000004
0.00028225800000000002
0.00023409200000000001
0.00023546700000000003
0.00023553300000000001
0.00023517500000000001
0.000266419
0.00023381000000000001
0.00023527300000000001
0.00024244500000000001
0.00026032000000000003
0.00023897800000000001
0.00023760200000000001
0.00023866300000000002
0.00023621500000000001
0.00023481800000000003
0.000235381
0.00025218400000000002
0.000683929
0.00021556600000000002
0.00019011900000000001
0.000258597
0.00023790500000000001
0.000238003
0.00022750500000000002
0.000278201
0.00024442700000000002
0.00023730900000000003
0.00024689699999999999
0.00023940000000000002
0.00024532600000000003
0.00023470900000000002
0.00026141400000000001
0.00023336600000000002
0.00024014700000000002
0.00023330100000000002
0.00022831700000000002
0.00027350400000000004
0.00022690900000000002
0.00025197800000000003
0.00023121
0.00025965900000000003
0.00023334400000000002
0.000244167
0.00023482900000000001
0.00023811100000000002
0.00024718900000000003
0.00024876
0.00024325700000000001
0.000237211
0.00026435
0.00023210900000000001
0.00023950900000000003
0.00024157800000000002
0.00024168700000000001
0.00023121
0.00023268400000000001
0.000238967
0.00024140400000000002
0.00026273600000000001
0.00026000600000000002
0.00023543500000000001
0.00023974700000000001
0.000246333
0.00023553300000000001
0.00023703800000000002
0.00025947500000000001
0.00023404800000000002
0.00026297400000000002
0.00023290000000000002
0.000248836
0.00023326900000000001
0.00023981200000000003
0.00023358300000000002
0.00023226100000000002
0.00024074300000000002
0.00023305100000000002
0.00026524900000000001
0.000244763
0.00024413400000000002
0.00023545700000000001
0.0002455
0.00025388500000000003
0.00024368000000000003
0.00023543600000000003
0.00023391800000000001
0.00026249699999999999
0.00023132900000000001
0.00048147600000000005
0.00026961500000000001
0.000225696
0.00022503400000000001
0.000226085
0.00022646500000000002
0.00022735300000000002
0.00020643300000000001
0.00017549300000000001
0.00017632800000000001
0.00019745300000000002
0.00017415
0.00017381300000000001
0.00017398700000000001
0.00017182000000000002
0.000172146
0.000232391
0.00017117100000000002
0.00018693300000000002
0.000171442
0.000171452
0.000171409
0.00019168900000000001
0.00017417100000000001
0.00017374900000000001
0.00017519000000000001
0.00020986800000000002
0.00017939300000000002
0.00017377000000000001
0.00017308800000000001
0.00017172300000000001
0.00017147400000000002
0.00017136500000000001
0.000171354
0.00017113800000000001
0.00019152700000000001
0.00017162500000000001
0.00017137600000000002
0.00021270600000000001
0.000217722
0.00017339100000000001
0.00017372700000000001
0.000175818
0.000175525
0.00017583900000000001
0.00017347800000000002
0.00019476600000000003
0.00017334800000000001
0.00017165800000000002
0.00017150600000000001
0.000171409
0.00017173400000000002
0.00017133300000000002
0.00017139800000000001
0.000171268
0.00018618600000000002
0.000172611
0.00019417000000000002
0.00017402000000000002
0.000193747
0.00022031200000000001
0.00021115700000000001
0.00017384600000000002
0.00017280600000000001
0.00017159300000000002
0.00017141900000000002
0.00017156000000000002
0.00019449500000000001
0.00019678100000000001
0.000171149
0.00019308700000000002
0.00017123500000000002
0.000171225
0.00017267700000000001
0.000173153
0.00017416100000000002
0.000175439
0.00017572
0.00017559100000000001
0.00017330500000000001
0.000172991
0.00017314200000000002
0.00022305300000000002
0.00017225400000000002
0.00017201600000000001
0.00017168000000000001
0.000171583
0.000171268
0.00017139800000000001
0.000171354
0.00021705000000000002
0.00027426300000000001
0.00022751600000000001
0.00017516800000000001
0.00017565500000000001
0.00017592600000000002
0.000173012
0.000172969
0.00017165800000000002
0.00019306600000000001
0.00017129000000000002
0.00017140800000000001
0.00017104000000000002
0.000171268
0.00022058300000000003
0.00017149600000000001
0.00017067300000000001
0.00017222200000000001
0.00018999900000000002
0.00019306500000000002
0.00017526500000000002
0.00019618500000000001
0.00017594800000000002
0.00017376000000000002
0.00017270800000000001
0.00017295800000000002
0.000171127
0.00017120300000000001
0.000171084
0.00017168000000000001
0.000171387
0.00017123600000000001
0.00017121400000000002
0.00017123600000000001
0.00019018300000000002
0.00017340200000000002
0.00020752800000000001
0.00017606800000000001
0.000190974
0.00017619700000000001
0.000173413
0.00017311
0.00017111600000000002
0.000171831
0.00017111600000000002
0.00017111700000000001
0.00019074700000000001
0.00017129000000000002
0.000171366
0.00017156100000000001
0.00017108300000000002
0.000172406
0.00017379200000000001
0.00017400900000000001
0.00017560200000000002
0.00017596900000000002
0.00017632700000000002
0.00017366200000000002
0.00019252400000000002
0.000186944
0.00019112500000000002
0.00017120300000000001
0.00017121400000000002
0.00017127900000000001
0.00017067200000000002
0.00017107300000000002
0.00017069400000000002
0.00017049800000000002
0.00017215600000000002
0.00017243800000000002
0.00017328300000000001
0.000194138
0.00017567700000000001
0.00017592600000000002
0.00017345700000000002
0.00017288200000000002
0.00018608800000000002
0.000171084
0.000170922
0.00017061800000000001
0.00017092100000000001
0.000194441
0.00017085700000000001
0.00018983700000000002
0.00017118100000000001
0.00017234100000000001
0.000173229
0.00017405200000000001
0.00017483200000000001
0.00017566600000000002
0.000176923
0.00017346700000000001
0.00017298000000000001
0.00017125800000000001
0.000301954
0.00023824100000000001
0.00024651700000000003
0.000207896
0.000194138
0.00017225400000000002
0.00017091
0.00017627300000000001
0.00032130800000000002
0.00023643200000000002
0.00023570600000000002
0.00024486000000000001
0.00024061400000000002
0.00023339900000000002
0.00024013700000000002
0.00023668200000000002
0.00038112500000000001
0.000232878
0.00023073400000000002
0.00023664900000000002
0.00023641000000000002
0.00023386400000000002
0.00023696300000000003
0.00022947700000000001
0.00031254000000000004
0.00025241200000000004
0.00025241100000000002
0.00025262800000000002
0.00028926700000000001
0.00027315800000000002
0.000260666
0.000274035
0.00025338600000000003
0.00027566
0.00029710000000000001
0.00019630400000000001
0.000283493
0.00022141700000000001
0.000242792
0.00026340700000000001
0.00020944500000000003
0.00017255700000000002
0.00017303400000000002
0.00017568800000000002
0.000176035
0.00017539500000000001
0.00017809300000000002
0.000178407
0.00017579600000000001
0.00017506000000000002
0.00017265500000000002
0.00019867700000000002
0.00023702800000000002
0.00017183200000000002
0.000187431
0.00018088800000000001
0.00017534200000000002
0.000174551
0.00017662
0.000177529
0.00017344500000000002
0.000202599
0.00017756200000000001
0.00019650000000000001
0.00018160300000000002
0.00017707500000000001
0.000176305
0.00017469100000000001
0.00017184200000000001
0.00018873200000000002
0.000176078
0.00017369500000000002
0.00017369500000000002
0.00017358600000000001
0.0001761
0.00019457100000000002
0.000293016
0.000225295
0.00022488300000000002
0.00021842600000000003
0.00024356100000000002
0.00024234700000000002
0.00020283700000000001
0.00023464500000000001
0.00019386700000000002
0.00017575300000000001
0.000238187
0.00025240100000000003
0.00025231400000000001
0.000248371
0.00021531800000000001
0.00021484100000000001
0.00023488300000000002
0.00020680300000000001
0.00025661500000000002
0.00021615100000000001
0.00021060500000000002
0.00021089700000000001
0.000190693
0.00022654100000000003
0.00024282400000000002
0.00021764600000000002
0.00020471100000000003
0.000206314
0.00029315600000000004
0.000248836
0.000249583
0.00020985700000000001
0.00020573000000000002
0.00038102000000000003
0.00023734100000000002
0.00023801300000000003
0.00023386400000000002
0.00023833900000000001
0.00024071100000000001
0.00025073200000000004
0.00029864900000000001
0.00017559100000000001
0.00017278400000000002
0.00017099700000000002
0.000170867
0.00017096400000000001
0.00017043400000000002
0.00017017400000000001
0.00017057400000000002
0.00018513500000000001
0.00017036900000000002
0.00017116000000000001
0.00020686200000000001
0.00017360800000000001
0.00017490800000000001
0.00017606700000000002
0.000175818
0.00017364
0.00017260100000000001
0.00017150600000000001
0.00017128900000000001
0.00021735400000000001
0.000175114
0.00020406200000000003
0.000172633
0.000170607
0.000170748
0.00017019500000000002
0.00017210200000000001
0.000172936
0.00017346700000000001
0.00017634900000000002
0.00022837200000000002
0.00022449300000000001
0.00023786200000000001
0.00021337800000000002
0.00022682300000000002
0.00022853400000000002
0.00024057000000000001
0.00023847900000000002
0.00028048100000000001
0.00043591700000000002
0.000230387
0.000228404
0.00023492600000000002
0.00022706100000000003
0.00024895599999999999
0.00026909000000000004
0.00025611700000000004
0.00025676700000000003
0.000256214
0.00025445900000000001
0.00027581200000000001
0.00023974700000000001
0.00025344100000000003
0.00025556400000000001
0.00024573800000000001
0.00024612800000000003
0.00024604100000000001
0.00026486000000000001
0.00023014900000000002
0.00024300800000000002
0.00024798100000000004
0.00023376700000000001
0.000236519
0.00023884800000000003
0.00023888100000000001
0.00024100400000000001
0.00024677800000000001
0.00023984500000000001
0.00023514200000000001
0.00025980000000000003
0.00024859799999999999
0.00023518600000000002
0.00025726500000000001
0.00022819800000000001
0.000241816
0.00024297500000000001
0.000234319
0.00023798100000000001
0.00025853300000000003
0.00023671300000000002
0.00023999700000000001
0.00024428700000000004
0.00023906400000000001
0.00023741700000000002
0.00023615000000000002
0.00023644300000000003
0.00026412300000000001
0.000235815
0.00023765600000000002
0.000239974
0.00023033300000000002
0.00023558700000000002
0.00023487200000000001
0.00023409100000000002
0.00025181600000000003
0.00025642000000000004
0.00023703800000000002
0.000239313
0.00024114400000000002
0.00024081900000000003
0.00022881500000000002
0.00023464400000000003
0.00024428600000000003
0.00023626900000000002
0.00091492800000000007
0.00047575600000000003
0.00017663100000000001
0.00026221600000000001
0.00023039700000000002
0.00021528500000000001
0.00023197900000000002
0.000245262
0.00023802500000000003
0.000234114
0.00025855400000000003
0.000247514
0.00025743800000000002
0.00025353800000000004
0.00025554200000000004
0.00025892300000000004
0.00025632300000000003
0.00023318200000000002
0.00023193600000000002
0.000234114
0.00023382100000000002
0.00026464300000000001
0.00023318200000000002
0.00025868400000000002
0.00024172900000000002
0.000259172
0.00023531600000000001
0.00027710100000000003
0.00023659400000000002
0.00029105500000000002
0.000235901
0.000253646
0.00024058200000000001
0.00023325800000000002
0.00026337499999999999
0.00023109100000000003
0.000234634
0.000234276
0.00026256200000000004
0.00023374500000000002
0.00026365600000000002
0.00024155700000000002
0.00023348600000000001
0.00026991900000000003
0.00031461800000000002
0.00023391900000000002
0.000230072
0.00022893500000000002
0.00023832800000000003
0.00022996400000000001
0.00022958500000000001
0.00026800700000000001
0.00023093900000000002
0.000199717
0.00022716900000000002
0.000229683
0.00022708200000000001
0.00022552300000000002
0.00022720100000000001
0.00022551200000000001
0.00030361100000000002
0.00024090600000000001
0.00023079900000000001
0.00023202300000000001
0.00022893500000000002
0.00062360200000000001
0.00027601200000000001
0.000262904
0.00024035400000000002
0.00025242200000000003
0.00023246700000000001
0.000233756
0.00023267300000000003
0.00024930200000000002
0.00023602000000000001
0.00027067700000000004
0.00023494800000000001
0.00023671400000000001
0.00023596600000000002
0.00023867400000000003
0.00023909700000000002
0.00023672500000000002
0.00025493500000000002
0.00022688700000000003
0.00023799200000000002
0.00020327100000000001
0.00019981400000000001
0.000201234
0.00017154900000000001
0.00020258800000000002
0.00018037900000000002
0.00017429000000000001
0.00017207
0.00020965100000000002
0.00020148200000000001
0.00022623700000000001
0.000203606
0.00021265200000000002
0.00018465900000000002
0.00019499400000000001
0.00020163400000000001
0.00019397500000000001
0.00019030300000000001
0.00017090000000000001
0.000171366
0.00017093200000000002
0.000190108
0.00017106200000000001
0.000171387
0.00018793000000000003
0.00022423300000000001
0.00017403000000000001
0.00017558000000000002
0.00017566700000000001
0.00022995400000000001
0.00017424700000000001
0.00017343400000000001
0.000172936
0.000191592
0.00017143
0.00018863400000000002
0.000174031
0.00018895900000000002
0.00019146200000000002
0.00017104000000000002
0.00017098700000000002
0.00017198300000000001
0.00017241700000000001
0.000173456
0.00017495100000000001
0.000195546
0.000175785
0.000173511
0.00018988000000000002
0.00017201600000000001
0.00017106200000000001
0.00021717000000000001
0.000171669
0.00017080200000000001
0.00017069400000000002
0.00017111600000000002
0.000170965
0.00019022600000000002
0.00017256800000000001
0.00017361900000000002
0.00017474500000000002
0.000174854
0.000175601
0.00022168800000000002
0.00022949800000000002
0.00025796900000000004
0.00022311800000000001
0.00022388600000000002
0.000386499
0.00022098400000000002
0.000263689
0.00022277100000000003
0.00022271700000000002
0.00022435300000000003
0.00023140500000000001
0.00022374600000000001
0.00026983700000000004
0.00023207600000000001
0.000230821
0.00023909700000000002
0.00021917400000000001
0.00023859800000000002
0.00023219600000000002
0.00023036500000000001
0.00026929500000000002
0.00022734200000000001
0.00022725600000000001
0.00025142600000000001
0.00022675800000000003
0.00022602100000000002
0.00022493800000000002
0.000224634
0.00024820800000000003
0.00023112400000000001
0.00025008300000000001
0.00022785200000000001
0.000228707
0.00023771000000000003
0.00022763500000000001
0.00022511100000000001
0.00023381000000000001
0.00022616200000000002
0.00027186800000000003
0.00022458000000000002
0.00023737400000000002
0.00022594500000000002
0.00023334400000000002
0.000245565
0.00023373500000000002
0.00022568500000000002
0.000226345
0.00031930500000000003
0.00026040600000000003
0.00026233500000000004
0.00026370000000000001
0.00025999500000000001
0.00026055800000000004
0.00026001600000000001
0.00028754700000000003
0.00024258600000000001
0.00027511800000000003
0.00024357100000000002
0.00024805700000000004
0.00026442600000000001
0.00023980200000000001
0.00027199800000000002
0.00024308400000000002
0.00024539100000000002
0.00024573800000000001
0.00025366800000000002
0.00024579199999999999
0.00024974700000000003
0.000271446
0.00026818499999999999
0.00031247300000000002
0.00025443699999999999
0.00022151400000000002
0.000222673
0.00025182600000000002
0.00023201200000000003
0.00023856600000000001
0.00022894600000000003
0.00025943200000000003
0.00022360500000000001
0.00022449300000000001
0.00025561799999999999
0.00023755900000000001
0.00024323600000000003
0.00023878300000000001
0.00023761200000000003
0.00022843600000000002
0.00026578000000000002
0.00026862899999999999
0.00025872800000000001
0.00022594500000000002
0.00023311700000000002
0.00022897800000000002
0.00023194700000000001
0.000261544
0.00022980200000000001
0.00025633399999999999
0.00022970400000000001
0.00025148
0.00023268300000000002
0.00024091700000000002
0.00023082000000000002
0.00022868600000000003
0.00023787300000000002
0.00024937800000000002
0.00027512900000000004
0.00022558800000000001
0.000233973
0.00022658400000000002
0.000235555
0.00023911800000000002
0.00023304100000000002
0.00023572800000000002
0.00022786200000000001
0.00026169600000000001
0.00023611700000000002
0.00024602000000000001
0.00023605200000000002
0.00023893500000000002
0.000231568
0.000234677
0.00024949800000000002
0.00023210900000000001
0.00026786000000000003
0.00028458699999999999
0.00023911900000000001
0.000240375
0.000233193
0.00023420000000000003
0.000250981
0.000234417
0.00023464500000000001
0.00026022300000000002
0.00023746100000000001
0.00024003900000000002
0.000246973
0.00023825200000000002
0.00024384200000000003
0.00023781900000000001
0.00025568300000000004
0.00029228400000000002
0.00034827700000000003
0.00024953000000000003
0.00023338800000000001
0.00029195400000000003
0.000273732
0.00027804400000000002
0.00025359200000000002
0.00025545600000000004
0.00025619200000000003
0.00025801200000000001
0.00027130500000000001
0.000262508
0.00028576799999999999
0.00029958600000000001
0.00022675800000000003
0.000225133
0.00022589100000000001
0.00022667000000000002
0.00025099200000000001
0.000223594
0.00024500200000000002
0.000254947
0.00023417800000000001
0.00022474300000000001
0.000226085
0.00022658400000000002
0.00022912
0.00023825200000000002
0.00022688700000000003
0.00022295500000000002
0.00022649700000000001
0.00024980100000000002
0.000232532
0.00022438500000000001
0.00022334400000000002
0.00022378900000000001
0.00022363700000000003
0.00022443900000000002
0.00022519800000000002
0.00024875
0.000248316
0.00023294400000000001
0.00022638900000000002
0.00022853400000000002
0.00024754700000000003
0.00022881600000000001
0.00031609200000000002
0.00024204400000000002
0.000189891
0.00021400700000000003
0.00025103500000000004
0.00023031100000000002
0.00023235900000000002
0.00023300800000000002
0.00023321400000000001
0.00022859900000000001
0.00022969300000000002
0.00023169800000000002
0.00023890200000000001
0.000255932
0.00025117600000000004
0.00024789400000000002
0.00023766700000000003
0.00024316000000000002
0.00023546800000000002
0.00023124300000000001
0.00038327500000000003
0.00023202200000000002
0.00028263700000000002
0.00036315800000000004
0.00023114500000000001
0.00045063300000000003
0.000229812
0.00029405500000000004
0.00023004000000000001
0.00023114500000000001
0.00023123200000000002
0.00023306200000000003
0.000233539
0.00025704800000000001
0.00025429599999999999
0.00024776400000000004
0.00023053900000000001
0.00022901100000000002
0.00022899000000000001
0.00022797100000000002
0.000228719
0.00028366700000000003
0.00022850100000000001
0.00022838200000000001
0.00022894600000000003
0.00023026700000000001
0.00023110200000000001
0.00023143800000000002
0.00023245600000000003
0.00023436300000000002
0.00023293300000000003
0.000252823
0.00023022400000000001
0.00043558600000000001
0.00038076800000000002
0.00022937900000000001
0.00022881600000000001
0.00023911800000000002
0.00025089400000000004
0.000228046
0.00023372300000000003
0.00022995300000000003
0.00019061700000000002
0.00022694200000000002
0.000223811
0.00023115600000000002
0.00023364800000000001
0.000231513
0.00026919300000000004
0.000227278
0.00024481700000000004
0.000225653
0.00024287800000000003
0.00022598800000000002
0.00023362600000000002
0.00022496000000000001
0.00026722700000000004
0.00026983200000000001
0.00031052299999999999
0.00027295200000000003
0.00030025800000000002
0.00024027800000000002
0.00043513000000000004
0.00028904000000000001
0.00024087300000000001
0.00036678200000000001
0.00040895600000000003
0.00024179400000000001
0.00035888400000000002
0.00036222000000000001
0.00034336500000000004
0.000231308
0.00023128600000000001
0.00028260000000000004
0.000249996
0.00022882700000000002
0.00022882700000000002
0.00023069
0.00022767900000000003
0.00023132900000000001
0.00027602799999999999
0.00022308500000000001
0.00025354899999999999
0.00022011700000000001
0.00021894700000000002
0.00021818800000000002
0.000204527
0.00021104900000000002
0.00025294299999999999
0.00022999700000000001
0.00023714700000000003
0.00023640000000000003
0.00020963000000000001
0.00022410300000000002
0.00020289200000000001
0.000229726
0.00023699500000000002
0.00026542300000000004
0.000213952
0.00023320300000000002
0.00028628799999999999
0.00023563000000000002
0.00023934600000000001
0.00024042900000000001
0.00023171900000000002
0.00023143800000000002
0.00026012400000000003
0.00023347400000000001
0.00024228200000000002
0.00025009300000000001
0.00023655100000000002
0.00023927
0.00024104700000000001
0.00024297500000000001
0.000240647
0.00026474000000000002
0.000251945
0.00027019000000000001
0.00025467600000000001
0.00024293200000000001
0.00023418900000000002
0.00024356000000000001
0.00022920600000000003
0.00020650900000000001
0.00023388600000000002
0.00024354900000000002
0.00022900000000000001
0.00019100700000000001
0.00021126600000000002
0.00048472700000000001
0.00025990900000000001
0.00025618200000000004
0.00031309000000000003
0.00022967200000000002
0.000229325
0.00024715700000000002
0.00022867500000000002
0.00022849100000000002
0.00022896800000000002
0.00022816600000000002
0.00025361400000000004
0.000251198
0.00022827500000000001
0.00022853500000000001
0.00023059300000000002
0.00023046300000000001
0.000231167
0.00023264000000000002
0.00026972300000000003
0.00025652800000000001
0.00023027900000000001
0.000249032
0.00025714500000000002
0.00026987500000000004
0.00024973600000000002
0.00022731000000000002
0.00022627000000000001
0.00022580400000000002
0.00028868200000000001
0.00024278
0.00024377700000000001
0.00024494700000000002
0.00024876100000000001
0.00018160300000000002
0.00017508200000000002
0.00020946700000000002
0.00019860100000000002
0.00017694500000000002
0.00023046200000000002
0.000212728
0.000171929
0.00017168000000000001
0.00020103900000000002
0.00025146900000000004
0.00021576100000000002
0.00023648600000000003
0.00017124600000000001
0.00019150500000000002
0.00017316400000000001
0.00017364100000000001
0.000174248
0.000176002
0.00017651200000000001
0.00017771400000000001
0.00019128800000000002
0.00020218700000000002
0.00017347800000000002
0.000181039
0.00028480900000000002
0.00022566300000000002
0.00023408100000000002
0.00025152300000000002
0.00022645400000000001
0.00022667100000000001
0.00022740800000000002
0.00026575900000000001
0.00022816600000000002
0.00025243300000000004
0.00023117700000000003
0.00023825200000000002
0.00025553199999999999
0.00022821000000000001
0.000374256
0.00024700600000000003
0.00027030899999999999
0.00027690700000000001
0.000232131
0.00026360200000000004
0.00025226000000000003
0.00022914100000000001
0.00024816399999999999
0.00022674600000000003
0.00027923500000000002
0.000229411
0.00024745000000000002
0.00023085300000000002
0.00025689700000000002
0.00022605300000000001
0.00026778400000000002
0.00026664700000000001
0.00026519500000000002
0.00027484699999999999
0.00026490300000000004
0.00028992800000000001
0.00036437700000000004
0.00029584300000000001
0.00024367900000000001
0.000226519
0.00028036200000000004
0.00030633
0.000292582
0.00043577500000000001
0.00029303700000000001
0.00027272400000000001
0.00024996300000000002
0.00025925900000000002
0.00026073200000000001
0.00029127200000000003
0.00023905400000000002
0.00024663800000000003
0.00024633400000000002
0.00026357000000000003
0.00031546800000000001
0.000326805
0.00054310900000000006
0.00027369900000000002
0.00021993200000000002
0.00022225000000000001
0.00022246800000000003
0.00022338800000000001
0.00024350600000000002
0.00027164300000000001
0.00032851500000000004
0.00022058200000000001
0.00034033100000000003
0.00033085699999999999
0.00033579200000000001
0.000226975
0.00022540300000000002
0.00026890000000000003
0.00082366600000000002
0.00034462300000000001
0.00024857600000000003
0.00024856500000000002
0.00026127300000000002
0.00024607399999999999
0.00025291000000000002
0.00025250899999999999
0.00051185400000000006
0.00025322400000000003
0.00025030899999999999
0.00024388600000000002
0.00031827900000000003
0.00024167500000000001
0.000248977
0.00028869300000000002
0.000363889
0.00031495399999999999
0.000248815
0.000242422
0.00024873899999999999
0.00025059100000000004
0.00026786000000000003
0.00027776600000000004
0.00023351800000000002
0.00023304100000000002
0.00025815300000000001
0.00026217200000000002
0.00024723300000000002
0.000228144
0.000275216
0.000220442
0.00024444899999999999
0.00024332200000000003
0.0002242
0.00022449300000000001
0.00022376700000000001
0.00022520800000000002
0.00024884700000000001
0.00022780900000000001
0.00024799199999999999
0.00022869700000000001
0.00022889200000000002
0.00024062500000000001
0.00024509800000000002
0.00022435200000000001
0.00022421100000000001
0.00025382000000000003
0.00024152400000000001
0.00022250000000000001
0.00022265200000000002
0.00022369200000000003
0.00022456900000000001
0.00022289
0.00022188200000000001
0.00022652000000000002
0.00029461900000000003
0.00024690700000000004
0.00024926900000000004
0.00025451299999999999
0.00031647500000000004
0.00023053900000000001
0.00022806800000000003
0.000248619
0.00023445000000000001
0.00022751600000000001
0.00022490500000000002
0.00025315900000000003
0.00026484300000000001
0.00042207600000000002
0.00024319200000000001
0.00025058000000000003
0.00024513099999999999
0.00028200800000000004
0.000247342
0.00031465000000000003
0.00023671400000000001
0.00023520800000000002
0.00024266100000000003
0.00024138300000000002
0.00023685400000000002
0.00023687600000000001
0.00023698400000000001
0.00023865300000000002
0.000253408
0.00024774200000000001
0.000249335
0.00023005100000000002
0.00023949800000000002
0.00023295400000000001
0.00025391700000000004
0.000244059
0.00028366300000000002
0.00024533700000000004
0.00024300800000000002
0.00024892300000000002
0.00026366700000000004
0.00039541400000000002
0.00028011300000000002
0.00024668100000000001
0.00025032100000000002
0.00023391800000000001
0.00023694100000000001
0.00031229900000000004
0.00023571700000000001
0.00035692300000000004
0.00038060600000000002
0.00025190200000000003
0.00023626900000000002
0.00025913900000000003
0.000240592
0.00025459899999999999
0.00024699500000000002
0.00028070800000000001
0.00023092900000000002
0.00017907900000000001
0.00025095900000000003
0.00024869600000000002
0.00024897800000000001
0.00024989800000000003
0.00027303900000000004
0.00025962700000000001
0.00027613700000000003
0.000334617
0.00025077500000000001
0.00052773900000000005
0.000232477
0.00023245600000000003
0.00022943300000000002
0.00022785200000000001
0.00047666700000000001
0.00023868500000000001
0.00022889200000000002
0.00022839400000000001
0.00022890200000000001
0.00023960600000000001
0.00022751600000000001
0.000286829
0.00022913000000000002
0.00024516400000000003
0.000174377
0.00019223100000000001
0.000176035
0.00017624100000000002
0.00017668500000000002
0.00017460400000000002
0.00018799500000000002
0.00017337
0.00017225400000000002
0.00021043100000000002
0.00022393000000000001
0.00027436000000000002
0.00023531600000000001
0.000236605
0.00026279
0.000254579
0.000287831
0.00021571800000000002
0.00017645700000000001
0.00017564500000000002
0.00017624000000000001
0.00017711800000000001
0.000175081
0.00017330500000000001
0.00017205900000000001
0.00017169
0.00023843100000000002
0.00023766700000000003
0.00026015800000000003
0.000235684
0.00024187000000000001
0.00023646500000000002
0.00026407900000000002
0.00023641000000000002
0.00027035200000000002
0.00023880400000000001
0.000265531
0.00024145900000000002
0.00023968200000000001
0.00026537899999999999
0.00023702800000000002
0.00024516400000000003
0.00023614000000000003
0.00026543300000000003
0.00023589000000000002
0.00023490500000000002
0.00023911900000000001
0.00024122000000000002
0.000237266
0.00025117600000000004
0.00023105800000000002
0.000272909
0.00023776400000000001
0.00025951800000000003
0.00024555400000000004
0.00023139400000000003
0.00023629100000000002
0.00022983400000000002
0.000229022
0.00022801400000000002
0.00025295300000000004
0.00023318200000000002
0.000248013
0.00045391600000000001
0.00029678100000000003
0.00021526300000000002
0.00021538300000000001
0.00021711500000000001
0.00021693100000000001
0.00021827500000000001
0.000219261
0.00024650700000000003
0.00024330100000000002
0.00021825300000000001
0.00021694200000000002
0.00021714800000000002
0.00021523100000000003
0.00021488400000000001
0.00022280300000000001
0.00021587000000000001
0.00021533900000000002
0.00022815500000000001
0.00031221900000000003
0.00023524
0.00025413399999999999
0.000239108
0.00023803500000000002
0.000241458
0.000248533
0.00024292100000000003
0.00026340800000000002
0.00023909700000000002
0.00023712600000000002
0.00023633500000000001
0.00023781800000000002
0.00023582500000000003
0.000244157
0.00024158900000000001
0.00029507400000000004
0.00025391700000000004
0.00023830600000000001
0.00023553300000000001
0.000252379
0.00024585700000000004
0.00024332200000000003
0.00024274800000000001
0.00025091600000000001
0.00026394900000000003
0.00024049400000000001
0.00024002800000000001
0.00023916200000000001
0.00023906400000000001
0.00023903200000000002
0.000232272
0.000247276
0.00024544500000000001
0.00026008200000000002
0.00025768700000000004
0.00025749200000000001
0.00024103600000000003
0.00024216300000000002
0.000242379
0.00024148100000000001
0.000242076
0.00024733099999999999
0.00026174999999999999
0.00023735300000000002
0.00023789400000000002
0.00023678900000000003
0.00023701600000000002
0.000271966
0.00023764500000000001
0.00028353600000000003
0.00025191300000000004
0.00022663900000000002
0.00025311600000000001
0.00057558800000000003
0.00038387100000000004
0.00027604499999999999
0.00022285800000000001
0.00022689800000000001
0.00023699500000000002
0.00024517500000000004
0.00028160300000000001
0.00032566800000000004
0.000254362
0.000234059
0.00025597500000000003
0.00037802200000000005
0.00023034300000000001
0.00023099400000000002
0.00025031000000000001
0.00025204300000000003
0.000300539
0.00027989200000000001
0.00026750200000000003
0.00023475300000000001
0.00024040800000000001
0.00023927
0.00027414300000000002
0.00023421100000000001
0.00023889100000000003
0.00027236700000000003
0.000179729
0.000253625
0.00024378800000000002
0.000262129
0.00024426500000000002
0.00024142600000000002
0.00024332200000000003
0.00024537000000000002
0.000308323
0.00025978900000000002
0.00024618300000000002
0.00024649600000000002
0.00027951700000000001
0.000243961
0.00024084100000000002
0.000288671
0.00025512000000000001
0.00023799200000000002
0.00023673500000000002
0.00023657300000000001
0.00024427600000000003
0.000256376
0.00024363600000000001
0.000261165
0.00024719999999999999
0.00024004000000000001
0.00026796900000000001
0.00024320300000000002
0.00025818600000000004
0.00024785000000000003
0.00024035300000000001
0.00030145500000000001
0.00023898900000000003
0.00029105500000000002
0.00028575700000000004
0.00024153500000000002
0.00021533900000000002
0.00022051800000000001
0.000221969
0.00022653000000000001
0.00024875
0.00022657300000000001
0.00022819800000000001
0.00024724400000000003
0.000275195
0.000232489
0.00022918400000000001
0.00022832800000000003
0.00022777600000000001
0.00026286500000000004
0.000225393
0.00022496000000000001
0.00024967100000000003
0.00022494800000000002
0.00022511000000000002
0.00022465500000000001
0.00024265000000000002
0.00022654100000000003
0.00022655200000000001
0.000248815
0.00022961700000000002
0.00026477200000000003
0.00023018100000000001
0.00024490300000000004
0.00022693100000000001
0.00022716900000000002
0.000349573
0.00022919600000000001
0.00018111600000000002
0.000171669
0.00023040900000000002
0.000241253
0.000261165
0.00024230400000000002
0.00026802299999999999
0.00026861300000000001
0.00026340800000000002
0.00026665700000000001
0.00023448200000000002
0.00023475200000000002
0.00023017000000000003
0.00022169900000000001
0.00022163300000000002
0.00027595800000000003
0.000279148
0.00026750200000000003
0.00026467500000000002
0.00026540100000000002
0.00026376500000000001
0.000264925
0.00033526600000000003
0.00029677500000000004
0.00031663300000000003
0.000229509
0.00026254100000000003
0.00024918299999999999
0.00024546799999999999
0.00026269200000000003
0.00024275800000000001
0.00028408799999999999
0.00023084100000000002
0.00017395500000000002
0.00021201300000000002
0.00033827800000000002
0.00024041800000000003
0.00035540600000000001
0.00038104300000000002
0.000283861
0.000244047
0.00026166300000000003
0.00023744
0.00025955100000000001
0.00023777500000000002
0.00023684300000000001
0.00025181500000000001
0.00023342000000000003
0.00023304100000000002
0.000231253
0.00023209800000000003
0.00025006000000000003
0.00025379800000000001
0.00023110200000000001
0.000231568
0.00025123100000000003
0.00025818600000000004
0.00024995200000000001
0.00025251900000000004
0.00022368000000000003
0.00023792700000000003
0.00024833800000000002
0.00021343200000000003
0.00022825200000000002
0.000212761
0.00018299000000000001
0.00022734300000000002
0.00022896800000000002
0.00025007100000000004
0.00024456800000000002
0.000283775
0.000238349
0.00023745000000000003
0.00022284600000000001
0.00022349700000000002
0.00024902100000000004
0.00024554300000000003
0.00024783900000000002
0.00024937800000000002
0.00027237700000000002
0.000245803
0.00024468800000000001
0.00025028800000000004
0.000244102
0.00024312700000000002
0.00024446
0.00025128500000000002
0.00032003000000000001
0.00025993500000000004
0.00026896
0.000243756
0.00028252800000000004
0.00023631300000000001
0.00027047700000000003
0.00023108000000000002
0.00023032200000000001
0.00023429800000000003
0.00023481800000000003
0.000229065
0.00022232600000000001
0.00022226200000000001
0.00026663000000000001
0.00053718899999999998
0.00034434500000000002
0.00022796000000000001
0.00022702800000000002
0.00022742900000000002
0.00022676800000000002
0.00022668200000000002
0.00022742900000000002
0.000205968
0.00019602200000000001
0.00017618600000000002
0.000176424
0.00017404100000000002
0.000211418
0.00022715800000000001
0.00023117700000000003
0.00027638000000000001
0.00027010200000000004
0.00028168400000000004
0.00024346300000000002
0.00024296500000000002
0.00024231500000000003
0.00024329000000000001
0.000244167
0.00025254200000000002
0.00029066399999999999
0.00022092900000000003
0.00027038499999999999
0.00024583600000000004
0.00022731000000000002
0.00025227100000000004
0.00024804500000000001
0.00023783000000000002
0.00024189200000000001
0.00028870400000000003
0.000255033
0.00025364700000000002
0.00024921500000000001
0.00024990900000000004
0.00027193400000000004
0.00028849800000000004
0.00025229199999999999
0.00024607300000000003
0.00025370000000000004
0.00025470800000000003
0.00025583499999999999
0.000234937
0.00018054100000000002
0.00020885000000000001
0.000248998
0.00027010200000000004
0.00023573800000000001
0.00024626900000000002
0.00025435099999999999
0.000246691
0.00022468800000000001
0.00023567400000000001
0.00031530000000000002
0.00024122100000000001
0.00026365600000000002
0.00024486000000000001
0.00026657100000000001
0.00024364700000000002
0.00027244300000000003
0.00024435100000000002
0.00027711200000000004
0.00024284600000000001
0.00024097100000000001
0.00043117200000000001
0.00023059300000000002
0.00025803400000000003
0.00023414600000000002
0.00023442800000000001
0.000258077
0.00023606400000000002
0.00024270500000000001
0.00023576000000000001
0.00024324600000000002
0.00023501200000000002
0.00023685500000000001
0.00023576000000000001
0.00024658300000000003
0.000256073
0.000232737
0.00025816400000000002
0.00025047200000000001
0.00023044100000000001
0.00022965000000000003
0.00023091800000000001
0.00023252100000000002
0.00023318200000000002
0.00025592200000000001
0.00022893500000000002
0.00024234700000000002
0.00023729900000000001
0.00023735300000000002
0.00023837100000000003
0.000240635
0.00023986600000000001
0.00022396300000000001
0.00025209700000000001
0.00022878300000000001
0.00025586700000000001
0.00023347400000000001
0.00025099300000000003
0.00023098200000000002
0.00023336600000000002
0.000234579
0.00023701700000000001
0.00025964800000000002
0.00023557600000000001
0.00024384200000000003
0.00023646500000000002
0.00023620500000000002
0.00024337600000000001
0.00023567400000000001
0.00023362600000000002
0.000241513
0.00025360300000000003
0.00027329900000000001
0.00023994200000000001
0.00023271600000000003
0.00023355100000000003
0.000249931
0.00022772200000000003
0.000225913
0.00023141600000000002
0.000256679
0.000234114
0.00024282400000000002
0.00023723400000000001
0.000248815
0.000236302
0.000235543
0.00023938900000000001
0.00024128500000000002
0.00025755800000000002
0.00025984400000000001
0.00023287900000000002
0.00026437200000000002
0.000231957
0.000229022
0.000248912
0.00023759100000000002
0.000266278
0.00026437200000000002
0.00024846800000000001
0.00026591000000000001
0.00025770900000000001
0.00023916200000000001
0.000234937
0.00023418900000000002
0.00023743900000000001
0.00023561900000000001
0.00027779500000000001
0.00024190300000000002
0.00023637800000000001
0.00022984500000000001
0.00025425300000000002
0.00023707200000000001
0.00023838200000000001
0.000258576
0.000278521
0.00026371000000000001
0.000265975
0.00025751400000000003
0.00023556500000000003
0.00033628500000000002
0.000244405
0.00025644200000000001
0.000232229
0.00023339900000000002
0.00024011500000000003
0.000249714
0.000258597
0.00022849100000000002
0.00023388600000000002
0.00025708000000000003
0.00023773200000000002
0.000273732
0.00023026700000000001
0.00025742700000000001
0.00024463300000000001
0.00024959400000000001
0.00022505700000000002
0.00024430799999999999
0.00024463300000000001
0.00024723300000000002
0.00022211000000000003
0.00022410300000000002
0.00023290000000000002
0.00024271500000000001
0.000246691
0.00023025700000000001
0.000236951
0.00024724400000000003
0.00025728600000000002
0.00023670200000000001
0.00023694200000000002
0.000245651
0.000236161
0.000269669
0.00023739600000000002
0.000234362
0.00023543600000000003
0.000245651
0.000256128
0.000247135
0.00022825300000000001
0.00022680100000000003
0.00025032
0.00023889100000000003
0.00022862100000000001
0.00024630100000000004
0.00023072200000000002
0.00023027800000000002
0.00022826400000000002
0.00022641100000000001
0.00022571700000000001
0.00026271500000000001
0.00022523000000000001
0.000224861
0.00022424400000000002
0.00022461200000000001
0.00024337600000000001
0.00022461200000000001
0.00025027700000000003
0.000225696
0.00034429600000000001
0.000272465
0.00023864200000000001
0.00027244200000000002
0.00023423300000000001
0.00026154500000000002
0.00025834800000000004
0.00023580400000000002
0.00022689900000000002
0.00023199000000000001
0.00026842400000000002
0.00024466599999999999
0.00025720000000000002
0.00025480500000000004
0.000236345
0.00023434100000000003
0.00028700300000000003
0.00025145800000000003
0.00023549000000000001
0.00026145700000000004
0.00025476200000000001
0.00023395100000000001
0.00023772100000000001
0.00030287400000000001
0.00023404900000000001
0.00025623600000000002
0.00024363600000000001
0.000272713
0.00023681100000000002
0.00025025600000000002
0.00027472299999999999
0.000234677
0.00027451200000000003
0.00022458000000000002
0.00019232800000000002
0.00017412800000000001
0.000175689
0.00017602400000000002
0.00017618600000000002
0.000194723
0.000187789
0.00017321800000000002
0.00017153800000000002
0.00018907900000000001
0.000171149
0.00017093200000000002
0.00017119200000000002
0.00017144100000000001
0.00017155000000000002
0.00017107300000000002
0.00017130000000000002
0.00019231800000000002
0.00034194
0.00024323600000000003
0.00022360500000000001
0.000294641
0.00022682300000000002
0.00022373500000000003
0.00022377800000000002
0.000271735
0.000247125
0.00024493700000000003
0.00026734000000000003
0.00025874900000000001
0.00026516199999999999
0.000245424
0.000289256
0.000335516
0.00026020000000000004
0.00026299600000000004
0.00022332300000000002
0.00024268300000000002
0.00034543900000000001
0.00033735000000000004
0.000239888
0.00025275800000000001
0.00024515300000000002
0.00027326600000000004
0.00023251000000000001
0.00024027800000000002
0.000234157
0.00022341
0.00022524000000000001
0.00029260400000000002
0.00022491600000000003
0.00022598900000000001
0.00022675700000000001
0.00025419900000000004
0.00028979200000000003
0.00025728700000000003
0.00030533400000000004
0.00027515100000000001
0.00026117000000000002
0.00026033100000000004
0.00023763400000000002
0.00022956400000000003
0.000237168
0.00024364700000000002
0.00024257500000000003
0.00028901900000000001
0.00023101500000000002
0.00023110200000000001
0.00022813400000000001
0.00023059300000000002
0.00023809000000000002
0.00024755799999999999
0.00025052700000000001
0.000217636
0.00026200700000000003
0.00022657300000000001
0.00022534900000000001
0.00022536000000000002
0.00025655300000000002
0.00022611800000000001
0.00022641100000000001
0.00023472
0.000233756
0.00022614000000000003
0.00035179800000000001
0.00043827300000000004
0.00035970700000000002
0.00034537500000000003
0.0012520410000000002
0.00039844800000000003
0.00027030400000000002
0.00042581300000000004
0.00023343100000000001
0.00024045100000000001
0.00022879400000000002
0.00023399500000000003
0.00022905400000000002
0.00023462300000000002
0.00025223800000000001
0.00025765400000000001
0.000237125
0.00024862000000000002
0.00026722099999999999
0.00023820900000000002
0.00024584600000000003
0.00023386400000000002
0.000252888
0.000228891
0.00022072300000000001
0.00022154700000000003
0.00022221900000000001
0.00026093700000000004
0.00023252100000000002
0.00023598800000000002
0.00023897800000000001
0.00023186000000000002
0.00023069
0.00026412199999999999
0.00025345100000000002
0.00022802500000000003
0.00021701900000000002
0.00018645700000000001
0.00023831700000000002
0.00027178200000000003
0.00023491500000000001
0.000252217
0.00027213900000000002
0.00023641100000000001
0.000240332
0.00024254200000000002
0.00023963900000000001
0.00024439500000000001
0.00017080200000000001
0.00017091100000000002
0.00019289200000000001
0.00017209200000000002
0.00017276300000000001
0.00017304400000000002
0.000174432
0.000175754
0.00019268600000000002
0.000173532
0.00023488300000000002
0.00022531700000000002
0.00023195800000000002
0.00022193700000000001
0.00022189300000000003
0.00023061400000000003
0.00025649100000000002
0.00042027700000000004
0.00031736400000000005
0.00023587900000000001
0.00023555400000000002
0.00023503400000000001
0.00023833900000000001
0.00027997699999999999
0.000238707
0.000243441
0.00030617300000000002
0.00023719100000000001
0.000231871
0.00019989000000000001
0.0002164
0.00019894800000000001
0.00022201300000000002
0.00021812400000000001
0.00023205500000000003
0.00020203500000000001
0.00023945500000000002
0.00023250000000000001
0.00023529400000000001
0.00024515300000000002
0.00024241200000000001
0.00024916100000000002
0.000242434
0.00028403500000000003
0.00024527199999999999
0.00024473000000000002
0.00023783000000000002
0.00023661600000000001
0.00023544600000000002
0.00023256400000000002
0.00023671300000000002
0.00023334400000000002
0.00026609499999999999
0.000254221
0.00023953100000000002
0.00023907600000000001
0.00024605200000000002
0.000240375
0.00024150200000000002
0.00028320100000000001
0.00023934600000000001
0.00026438300000000003
0.00023280300000000001
0.000237743
0.00024648600000000002
0.00023932400000000001
0.00022642200000000002
0.00023365900000000002
0.00023333300000000001
0.00023758000000000001
0.00026161899999999999
0.00023227100000000001
0.00024204400000000002
0.00023447100000000001
0.000238967
0.000278986
0.00046677000000000003
0.00025848900000000004
0.00029375200000000004
0.00022780800000000003
0.00023215300000000003
0.00022336600000000002
0.00022307400000000003
0.00022335600000000002
0.00050683300000000004
0.00025959400000000004
0.00024785000000000003
0.00023176200000000002
0.00034976100000000003
0.0013346580000000001
0.00028600899999999999
0.00024121
0.00023022500000000003
0.000253646
0.00022793800000000001
0.00024343100000000001
0.00022657300000000001
0.00022541500000000002
0.00022629100000000002
0.00022492600000000002
0.00022430900000000001
0.000288936
0.00022383300000000002
0.00022116800000000002
0.000253191
0.00022842500000000001
0.00022871800000000001
0.00023381000000000001
0.000241914
0.000251349
0.00027340099999999999
0.00023789400000000002
0.00029392600000000002
0.000236464
0.000235999
0.00023633400000000002
0.00023645300000000002
0.00024470900000000002
0.00020428900000000002
0.00018307700000000002
0.000201504
0.00023772100000000001
0.00017260000000000002
0.00017405300000000002
0.00017472400000000002
0.00017605600000000001
0.000191559
0.000176825
0.000174215
0.00020809100000000001
0.00017378200000000001
0.000191635
0.000195188
0.00017187500000000002
0.000186023
0.00023097200000000002
0.00024097200000000002
0.00019245900000000002
0.00022764600000000002
0.00021362800000000002
0.000188536
0.00020164500000000003
0.00020948900000000001
0.00020997600000000001
0.00024851100000000003
0.00023331200000000001
0.00018828800000000002
0.00020445200000000001
0.00020678000000000002
0.00019991200000000001
0.000175515
0.00020610800000000001
0.00022628100000000002
0.00022712600000000002
0.00024916100000000002
0.00018833100000000002
0.000255629
0.00025188100000000002
0.000265173
0.00026914899999999999
0.00025219500000000003
0.000247493
0.00025158800000000002
0.00026788199999999999
0.00024650700000000003
0.00024096000000000002
0.00024457900000000003
0.00031718300000000002
0.00026933100000000004
0.00026738900000000004
0.00021905500000000001
0.00024263400000000001
0.00036770200000000002
0.00022531600000000001
0.00023433000000000001
0.00022751600000000001
0.00024702700000000003
0.00026295800000000004
0.00024269300000000002
0.00025127299999999999
0.00022900000000000001
0.00023106900000000001
0.00023466600000000002
0.00026524900000000001
0.00022953100000000002
0.00022868600000000003
0.00022513200000000001
0.00023363700000000003
0.00027156500000000003
0.00023574900000000002
0.00023031100000000002
0.00023308400000000002
0.00025730800000000004
0.00023550000000000001
0.000233811
0.00023045200000000002
0.00023533700000000001
0.00022482900000000001
0.00048108100000000001
0.00023760200000000001
0.00023888000000000002
0.00023694100000000001
0.00023891200000000001
0.00027407900000000004
0.00050533499999999999
0.00025727600000000002
0.00026058
0.00025981100000000004
0.00025790399999999999
0.00025890100000000002
0.00027428400000000002
0.00026068800000000002
0.00025774100000000002
0.00044308200000000002
0.00026329900000000004
0.00025152300000000002
0.00024874900000000004
0.000330716
0.000189631
0.00024722200000000001
0.00022839400000000001
0.00027449100000000003
0.00026798800000000004
0.00021796100000000002
0.00024168600000000002
0.00022864300000000003
0.00029171600000000002
0.00023453600000000001
0.00023459000000000002
0.00021504600000000001
0.00025573700000000002
0.00025981600000000001
0.00022669300000000001
0.000249573
0.00021351900000000001
0.000189111
0.00021433100000000001
0.00022417900000000002
0.00022771100000000002
0.00025418800000000003
0.00023499100000000001
0.00021674800000000001
0.00018857000000000002
0.00027364500000000004
0.00024277000000000001
0.00024119900000000002
0.00024058100000000002
0.00026011400000000004
0.00021782000000000003
0.000189132
0.000221406
0.00024100300000000002
0.00020042100000000002
0.00022721300000000001
0.00020345500000000001
0.00018336900000000001
0.000216314
0.00025391700000000004
0.00023799200000000002
0.00022329000000000001
0.00022136200000000001
0.00022208800000000001
0.000222229
0.00022198000000000001
0.00025330000000000003
0.00023514300000000002
0.00023779700000000001
0.00024929100000000001
0.00023234700000000002
0.00021763500000000001
0.00021849200000000001
0.00021768900000000002
0.000217982
0.00021886
0.00021838300000000003
0.00026055800000000004
0.00022751600000000001
0.00022831700000000002
0.00026297400000000002
0.00023010500000000001
0.00023017000000000003
0.00022757000000000002
0.00025264900000000003
0.000248815
0.000241914
0.00023434100000000003
0.00022508900000000001
0.00022505700000000002
0.00022446100000000002
0.00023931400000000002
0.00022426600000000001
0.00022286900000000002
0.00025742800000000003
0.00024311600000000001
0.00023757000000000002
0.00022949900000000001
0.00022013800000000001
0.000224949
0.00024612800000000003
0.00023602000000000001
0.00024132900000000001
0.00026117499999999999
0.00029780400000000004
0.00021823200000000001
0.00021903300000000002
0.00021838300000000003
0.00021903300000000002
0.00021992200000000003
0.00021972700000000002
0.00022073400000000002
0.00024485000000000002
0.00022831700000000002
0.00022235900000000002
0.00022422200000000002
0.00022393000000000001
0.00022177400000000002
0.00022135200000000002
0.00022807900000000001
0.00024279100000000001
0.00025535800000000002
0.000247428
0.00021955300000000002
0.00023699600000000001
0.00021818800000000002
0.00024477400000000001
0.00027332600000000001
0.000226476
0.00029431100000000001
0.00022882700000000002
0.000231351
0.00023078700000000001
0.00024205400000000001
0.00023839300000000002
0.00023983300000000001
0.00021699600000000001
0.00025055900000000002
0.00025929000000000002
0.00022516500000000002
0.00022546800000000002
0.00022393000000000001
0.00024456800000000002
0.00022575000000000001
0.00020614100000000002
0.000172838
0.00017391100000000001
0.00019556800000000002
0.00017480000000000002
0.000176338
0.00017676000000000001
0.00017387900000000002
0.000173055
0.00017155000000000002
0.00017158200000000001
0.00017168000000000001
0.00017172300000000001
0.00017169
0.00023282400000000002
0.00029078900000000001
0.00022507900000000002
0.00022545800000000002
0.00022697400000000001
0.00022829500000000002
0.000229509
0.000237223
0.00023905400000000002
0.000266901
0.00017412800000000001
0.00022611900000000002
0.00022073400000000002
0.000218903
0.00021900100000000003
0.00024480699999999999
0.00031108600000000002
0.00029297300000000003
0.000244319
0.00022546900000000001
0.00024639900000000001
0.00022624800000000002
0.00022926000000000001
0.00022877200000000002
0.00023058200000000001
0.00025605100000000003
0.000175417
0.00017343500000000002
0.00017260000000000002
0.00017088800000000001
0.00017088900000000002
0.00017109500000000001
0.000171051
0.00022348600000000001
0.00023641000000000002
0.000321486
0.00022575000000000001
0.00022748400000000002
0.00022695300000000001
0.000234763
0.000210919
0.00023010500000000001
0.00020293500000000001
0.00022724500000000002
0.00021373500000000003
0.00023193600000000002
0.000218242
0.00023793700000000002
0.00025595899999999999
0.00021780900000000001
0.00022909800000000001
0.00023511100000000001
0.000292176
0.00024701700000000004
0.00023944300000000002
0.00025106800000000002
0.00024297500000000001
0.00024336500000000003
0.00023823000000000003
0.000246529
0.00024924800000000004
0.00026721000000000004
0.00024373400000000001
0.00024389700000000003
0.00024589000000000002
0.00027035900000000002
0.00029077300000000003
0.00032008900000000002
0.00031183300000000002
0.00026727500000000003
0.00026226999999999999
0.00030141200000000003
0.00031411900000000002
0.00028700300000000003
0.00026392800000000002
0.000271673
0.00029195400000000003
0.00026829400000000003
0.00026319100000000002
0.00028416500000000001
0.001283424
0.00027583000000000002
0.00029875800000000004
0.00022050600000000001
0.00021219700000000001
0.00021107100000000001
0.00020972700000000002
0.00021169900000000001
0.000374669
0.000281551
0.00026425200000000003
0.00028183500000000003
0.000264209
0.00025936600000000002
0.00024119900000000002
0.00027790300000000003
0.00023856600000000001
0.00021740800000000002
0.00024947599999999999
0.00023141600000000002
0.00023294300000000002
0.00026128400000000003
0.00022949900000000001
0.00021673600000000001
0.000275763
0.00022586900000000002
0.00022675700000000001
0.00022721200000000002
0.00022939000000000002
0.00026801700000000001
0.00024813200000000003
0.00022971500000000002
0.00025736200000000002
0.00022558800000000001
0.00024448100000000001
0.00022669200000000002
0.00022504600000000001
0.00024482799999999999
0.00025013600000000003
0.00026396000000000004
0.00023951900000000002
0.00024735300000000002
0.00018250200000000002
0.00021970500000000003
0.00024561900000000003
0.00023746100000000001
0.00022000800000000003
0.00024856500000000002
0.00024275900000000002
0.00020217600000000001
0.00021747300000000001
0.000210356
0.00017811400000000002
0.00022979100000000002
0.00021828600000000002
0.00021917400000000001
0.00024535900000000001
0.00022365900000000002
0.00024859799999999999
0.00022435300000000003
0.00022548000000000002
0.00022570600000000002
0.00022654100000000003
0.00026757899999999999
0.00025275800000000001
0.001849329
0.00033980500000000004
0.00022984500000000001
0.00022751600000000001
0.00022601000000000001
0.00022557700000000003
0.00022537100000000001
0.000225295
0.00022449400000000002
0.00025561799999999999
0.000240017
0.00017188500000000001
0.00017235200000000002
0.00017364100000000001
0.000174031
0.00017528700000000002
0.000176706
0.00017634900000000002
0.00017380300000000002
0.000172709
0.000171745
0.00017169
0.00019148400000000001
0.00017153900000000001
0.00017153900000000001
0.00018968500000000001
0.00017191800000000002
0.00017150600000000001
0.00017509200000000001
0.00017253600000000002
0.00017360800000000001
0.00019567600000000002
0.00017467000000000001
0.00020055100000000001
0.00019577400000000001
0.000174019
0.00017281800000000001
0.00018134300000000002
0.00027235600000000002
0.00023237000000000003
0.00023064600000000001
0.00023038600000000001
0.00023723300000000002
0.00023631200000000002
0.00022435200000000001
0.00022602100000000002
0.00025087300000000004
0.00022597800000000002
0.00023163300000000002
0.00025152300000000002
0.000230127
0.00023687600000000001
0.00022761300000000002
0.00022725600000000001
0.00022905400000000002
0.00025327800000000001
0.00022697400000000001
0.00022253300000000002
0.00022839300000000002
0.00022363700000000003
0.00026528100000000002
0.00022881600000000001
0.00022660600000000002
0.000225913
0.00025608400000000001
0.00023099400000000002
0.00024560800000000002
0.00022817600000000002
0.000229282
0.00023525100000000001
0.00022764600000000002
0.00045086000000000003
0.00022335600000000002
0.000223248
0.00022607500000000001
0.000242997
0.00022440700000000001
0.00022516500000000002
0.00027168900000000003
0.00018580700000000002
0.00020068100000000003
0.000214267
0.000251501
0.00023292200000000002
0.00021292300000000001
0.000181029
0.000233052
0.00023550000000000001
0.00022568500000000002
0.00024014700000000002
0.00025224900000000002
0.00021349700000000002
0.00021259800000000001
0.00021388700000000001
0.00018941500000000002
0.000199738
0.00023942200000000001
0.00021449400000000002
0.00020797200000000001
0.00018533000000000002
0.00021600000000000002
0.000288688
0.00023072300000000001
0.000228502
0.00022680000000000001
0.000226476
0.000186305
0.000171473
0.00017139800000000001
0.000171528
0.00020604300000000002
0.00017127900000000001
0.00017131200000000002
0.00017155000000000002
0.00017233
0.00017324000000000002
0.00019068200000000002
0.000205935
0.00017614300000000002
0.000175742
0.00017373800000000002
0.00022417900000000002
0.000192263
0.00017111700000000001
0.00017134300000000002
0.00017133300000000002
0.000171213
0.00017116000000000001
0.00017125700000000002
0.00017133300000000002
0.000171311
0.000171409
0.00017316400000000001
0.0001739
0.00019356400000000002
0.00017611000000000002
0.00017583900000000001
0.000173716
0.000173315
0.00017155000000000002
0.00017073700000000002
0.00017510300000000002
0.00022618300000000003
0.00026757800000000003
0.000196066
0.000223854
0.00017135500000000002
0.00017169100000000002
0.00017261200000000002
0.000173337
0.00017969600000000002
0.00022051800000000001
0.000192881
0.000175644
0.00058316600000000009
0.000274176
0.00019141900000000002
0.00019008600000000001
0.00021168800000000002
0.00022344200000000002
0.00019748500000000001
0.000265541
0.00018803800000000002
0.00018269800000000002
0.00021748400000000002
0.00019503700000000001
0.00017391100000000001
0.00017408400000000002
0.00017532000000000002
0.00017599100000000002
0.00017620800000000002
0.00017356400000000002
0.00017317500000000002
0.00017156000000000002
0.00017164800000000002
0.000171063
0.000194138
0.00017190700000000001
0.000268781
0.00022560900000000001
0.00022532800000000001
0.00026351600000000004
0.00021518700000000001
0.00019275100000000001
0.00017426900000000001
0.00018897
0.00021078900000000002
0.000198395
0.00018163600000000002
0.00019571900000000001
0.00021874100000000003
0.00021700800000000001
0.000201721
0.00020555600000000002
0.00019768000000000002
0.00019788600000000001
0.00019861100000000001
0.00022467800000000002
0.00020008600000000001
0.00019770200000000001
0.00018066100000000001
0.00023890200000000001
0.00017468
0.00017556900000000001
0.000175775
0.00017348900000000001
0.00017284900000000001
0.000186608
0.000171127
0.000177281
0.00017020700000000002
0.00017026000000000001
0.00017015200000000002
0.000170781
0.00017063900000000002
0.00017098600000000001
0.00023007300000000002
0.00022751600000000001
0.00018358600000000001
0.00017431200000000001
0.00019680300000000001
0.00017649000000000001
0.000173153
0.00020012800000000002
0.00017075900000000001
0.00017031500000000001
0.00017088900000000002
0.00017032500000000001
0.000170803
0.000170867
0.00017088800000000001
0.00017092100000000001
0.00017071600000000001
0.00019320600000000002
0.00017286100000000001
0.000173196
0.00017501600000000001
0.00017568800000000002
0.00017588300000000002
0.00048460700000000002
0.00021517700000000002
0.000172654
0.00017078000000000001
0.00023391900000000002
0.000171149
0.00017077000000000002
0.00017084600000000002
0.00017077000000000002
0.00022588000000000003
0.00025253
0.000230907
0.00022771100000000002
0.000244536
0.00025652800000000001
0.000183542
0.000186424
0.000172969
0.000181256
0.00022189300000000003
0.00023164400000000001
0.00023241300000000003
0.00024214100000000003
0.00027416500000000004
0.00025649599999999999
0.00023725500000000002
0.00023949800000000002
0.00024647500000000001
0.00022302000000000002
0.00023649700000000001
0.00023671400000000001
0.000230592
0.000234591
0.00027843300000000002
0.00024121
0.00026244300000000001
0.00023526200000000003
0.00025601900000000002
0.00023294400000000001
0.00027641900000000002
0.00023337700000000003
0.00023033300000000002
0.00025377700000000001
0.00023076600000000001
0.00026503200000000001
0.00023225100000000002
0.00023204400000000002
0.00023493600000000002
0.00027546500000000002
0.00023676800000000002
0.00025605100000000003
0.00023923800000000002
0.00023547900000000003
0.000267686
0.00024235700000000001
0.00027064400000000001
0.00023404900000000001
0.00026133900000000003
0.00023209900000000002
0.00025381900000000002
0.00023303000000000001
0.000255271
0.000232217
0.00023214200000000001
0.00025684200000000002
0.00023824100000000001
0.00026048200000000003
0.00023893400000000003
0.00026296400000000003
0.00026688500000000002
0.00024444800000000003
0.00024635500000000002
0.00059654500000000008
0.00025494600000000004
0.000351663
0.00046861600000000004
0.00025912800000000002
0.00022339900000000002
0.00023052800000000003
0.00022849100000000002
0.00025690700000000001
0.000253484
0.000217939
0.00026717800000000002
0.000216834
0.00026130599999999999
0.00021415800000000002
0.00020503700000000001
0.00020866600000000001
0.00021119000000000002
0.00023695200000000002
0.00021008500000000002
0.00022311700000000003
0.00024156700000000001
0.00024613900000000004
0.000268998
0.00021666100000000002
0.00023040900000000002
0.000214386
0.000215696
0.00022955300000000002
0.00022570600000000002
0.00025445900000000001
0.00021384400000000001
0.00025327800000000001
0.00030230600000000002
0.00022896800000000002
0.00022697400000000001
0.00022552200000000003
0.00024326800000000002
0.00022580400000000002
0.00022518700000000001
0.00031428700000000001
0.00026052600000000002
0.00027267000000000003
0.00022491600000000003
0.000237125
0.00023489300000000002
0.000270482
0.000255054
0.00021167700000000001
0.00020704100000000001
0.000205307
0.00021912
0.00025738400000000004
0.00024047300000000003
0.00020624900000000001
0.00020684500000000002
0.000218643
0.000257092
0.00021161200000000002
0.00021930400000000003
0.00023802500000000003
0.000223854
0.00022747200000000002
0.00023461200000000001
0.000249118
0.00025055900000000002
0.000271084
0.000303434
0.00027096200000000003
0.00024058100000000002
0.00025749200000000001
0.00022312900000000002
0.00022027900000000001
0.00021941200000000002
0.00021904400000000003
0.000227743
0.00024679900000000002
0.000221265
0.00023089600000000002
0.00022271600000000003
0.00023518600000000002
0.000220864
0.00022074400000000001
0.00021958600000000002
0.00022377800000000002
0.00025012500000000002
0.00022609600000000001
0.000235035
0.00022729900000000001
0.00025470800000000003
0.00022474300000000001
0.00022040900000000002
0.00023604100000000001
0.00022650800000000002
0.00025440500000000003
0.00023131900000000001
0.00023320400000000001
0.000282615
0.00023005100000000002
0.000241458
0.00022676900000000001
0.00023404800000000002
0.00024455700000000001
0.00023177400000000002
0.00022256500000000001
0.00023563100000000001
0.000216672
0.00022494800000000002
0.00024434000000000001
0.00021862100000000001
0.00023670300000000003
0.00023649700000000001
0.000234579
0.00023190300000000002
0.000222847
0.00020842700000000002
0.00017957800000000001
0.00021297700000000002
0.00021299900000000001
0.00019964100000000002
0.00022454800000000001
0.00021668200000000002
0.00023983400000000002
0.000249356
0.00075071200000000006
0.00023750500000000002
0.0020786530000000002
0.00073320600000000003
0.00034745400000000002
0.000248447
0.00027785900000000004
0.00028032900000000001
0.000274534
0.00027784800000000003
0.00026919300000000004
0.00028403500000000003
0.00027547600000000003
0.00022592300000000003
0.00023591200000000001
0.00021817700000000001
0.000216834
0.000216228
0.00022492700000000001
0.00022439600000000002
0.00024687500000000002
0.00024009400000000002
0.00022806800000000003
0.00022991000000000003
0.0044886420000000002
0.00022882600000000001
0.000288585
0.00027910599999999999
0.00022539200000000001
0.00025106800000000002
0.00022471000000000001
0.00022331200000000001
0.00022388700000000001
0.000226173
0.00026035300000000001
0.00022594500000000002
0.0012035990000000001
0.00026740500000000002
0.0007826170000000001
0.00022111300000000002
0.00022159000000000002
0.000269156
0.00016028400000000001
0.00018173400000000002
0.000179784
0.00018989400000000002
0.00017738400000000002
0.00016970400000000001
0.00020123500000000002
0.00017139400000000001
0.00017652300000000002
0.00021329400000000002
0.00018214400000000002
0.00022117500000000002
0.00022401500000000002
0.00025283599999999999
0.000222995
0.00021733500000000001
0.00022198500000000001
0.00021913500000000002
0.00019017400000000001
0.00020588500000000003
0.00020502500000000001
0.00018838400000000002
0.00016738400000000002
0.00017578400000000001
0.00015754300000000001
0.00017460400000000002
0.00015760400000000002
0.00019814400000000001
0.00019680500000000001
0.00021219400000000002
0.00021939500000000002
0.00021607500000000001
0.00023263500000000002
0.000214274
0.000197035
0.00021019500000000002
0.000193494
0.000209855
0.00020859400000000002
0.00023611500000000001
0.00018404400000000002
0.00018608400000000002
0.00017296400000000001
0.000189354
0.00020624900000000001
0.00022873500000000001
0.00020960500000000002
0.00021335500000000001
0.00021586400000000002
0.00021609500000000002
0.00021160500000000002
0.00021389500000000002
0.00024243500000000002
0.000157744
0.00016044400000000001
0.00017725400000000001
0.00018651400000000001
0.00015731300000000002
0.000156754
0.00015717300000000001
0.00016023400000000001
0.00015793400000000001
0.00015888300000000002
0.000160144
0.000178674
0.00018429400000000002
0.00016222400000000001
0.00016010300000000001
0.000159674
0.000159393
0.00015735400000000001
0.00015720300000000002
0.00015746400000000001
0.00015759300000000001
0.00015695300000000001
0.000157014
0.000156873
0.00019042500000000001
0.000160223
0.00016074400000000002
0.00016081400000000001
0.00017054300000000002
0.000194095
0.000184964
0.000180034
0.000182024
0.00015829400000000001
0.000291876
0.00020478500000000003
0.00020489400000000001
0.00020429500000000001
0.000211115
0.00020467400000000001
0.000207085
0.00020855500000000003
0.00023573500000000002
0.00021814500000000002
0.000221635
0.00022141500000000001
0.00022178500000000001
0.000228595
0.00023683500000000002
0.00021941400000000002
0.00027215700000000003
0.00021674400000000002
0.00021617500000000001
0.00021437500000000002
0.00020916500000000001
0.00021209500000000001
0.00021607500000000001
0.000215114
0.00021826500000000001
0.00022036500000000001
0.000226445
0.00022013500000000002
0.00022138500000000002
0.00024422500000000004
0.00022174500000000003
0.00024710600000000003
0.00022809500000000002
0.000215195
0.00023268500000000003
0.00021773500000000002
0.00021408500000000001
0.00021182400000000002
0.00021278400000000001
0.00021392500000000001
0.00022171500000000001
0.00021448500000000002
0.00021682500000000003
0.00023956500000000001
0.00021689500000000002
0.00021837500000000001
0.00022022500000000003
0.000221995
0.00023050500000000002
0.00022831500000000001
0.00021538500000000001
0.000212365
0.00023771500000000002
0.00021856500000000002
0.00021903500000000002
0.00022343500000000002
0.00021805500000000001
0.00021717500000000001
0.000222835
0.000217445
0.00021857500000000001
0.00024054500000000002
0.00021720500000000002
0.000215925
0.00023437500000000002
0.000224615
0.00021969400000000001
0.000225085
0.000217784
0.00021757500000000002
0.00023801600000000002
0.00021814500000000002
0.00021776500000000003
0.00021779400000000002
0.00022339500000000001
0.00021561400000000001
0.00053487200000000004
0.00062429400000000006
0.00030296700000000001
0.00022458600000000001
0.000237385
0.00022961500000000002
0.00022326500000000002
0.00022693500000000002
0.00023848600000000002
0.00022616500000000001
0.00021866500000000002
0.00021867500000000002
0.00022433500000000001
0.00022206500000000002
0.00022530500000000003
0.000221425
0.000245775
0.00024035600000000003
0.00023544500000000001
0.00021784500000000001
0.00022132500000000003
0.00022539500000000001
0.00022625500000000002
0.00022884500000000001
0.00023856600000000001
0.00024296500000000002
0.00022224500000000001
0.00022497500000000001
0.00021602500000000001
0.00022290500000000002
0.00021626500000000002
0.00022563500000000002
0.00021510500000000002
0.00022233500000000002
0.00025639599999999999
0.00022086500000000002
0.00022462500000000003
0.000221945
0.000226235
0.00022332500000000002
0.00022484500000000002
0.00021971500000000002
0.00022193500000000001
0.00023847600000000003
0.00023898500000000002
0.00021350500000000001
0.00021868500000000001
0.00022200500000000003
0.00021555500000000001
0.00022538500000000001
0.00021721500000000001
0.00023479500000000002
0.00023836500000000001
0.00022645500000000003
0.00022032400000000001
0.00022172400000000002
0.000224016
0.00022493500000000003
0.00022293500000000001
0.00021825500000000002
0.00022343500000000002
0.00023802500000000003
0.000221735
0.00021384500000000002
0.00021788500000000002
0.00036966800000000003
0.00026197600000000003
0.00021510500000000002
0.000221005
0.00022276500000000001
0.000245565
0.00021935500000000002
0.000227285
0.00022327500000000002
0.000222155
0.00022308500000000001
0.00022191500000000002
0.00022203500000000001
0.00023742500000000001
0.000218235
0.00022141500000000001
0.00022317500000000002
0.00025778600000000003
0.00021614500000000003
0.00024024500000000001
0.00023227500000000002
0.00021908500000000002
0.00024100600000000002
0.00022277500000000001
0.00022841500000000001
0.00022258500000000002
0.00022271500000000001
0.00022098500000000001
0.00022066500000000002
0.000220215
0.00021998500000000002
0.00024265500000000001
0.00022356500000000001
0.00025443600000000003
0.00022196500000000002
0.00022366500000000001
0.00022732500000000001
0.00023580600000000003
0.00022221500000000003
0.000218304
0.000242045
0.00022340500000000001
0.00022984500000000001
0.00022202500000000002
0.00021253500000000002
0.000201215
0.00020130400000000002
0.000212835
0.00021753500000000001
0.00023786500000000003
0.00023509500000000003
0.00022073500000000001
0.00021855500000000002
0.00022035500000000001
0.00024344600000000003
0.00021989500000000001
0.00022484500000000002
0.00024006500000000003
0.00022052500000000001
0.00022841500000000001
0.000218235
0.00021982500000000002
0.00022253500000000002
0.00021814500000000002
0.00021890500000000001
0.00022119500000000001
0.00037157800000000001
0.000204274
0.00021942500000000001
0.00021201500000000002
0.00019505400000000001
0.000209855
0.00022106500000000003
0.00019442500000000002
0.00021451400000000001
0.00021609500000000002
0.00021389500000000002
0.00024065600000000001
0.00021258400000000001
0.00021282500000000001
0.00020965500000000002
0.00023609500000000002
0.00023023500000000002
0.00021066500000000002
0.00021000500000000001
0.00021183500000000001
0.00023164500000000002
0.00021131500000000001
0.000213515
0.00021276400000000002
0.00021977500000000002
0.00021513500000000001
0.00021651500000000002
0.00023201500000000002
0.00021405500000000002
0.00024123600000000001
0.00021089400000000002
0.00021141500000000001
0.00021050500000000002
0.000229065
0.00020961500000000002
0.00021079400000000001
0.00020952400000000002
0.00021212500000000002
0.000211425
0.00023342500000000002
0.00021178500000000001
0.000212215
0.00022119500000000001
0.00021599400000000001
0.00021498400000000001
0.00021392500000000001
0.00021460500000000001
0.00021333500000000002
0.00025074500000000003
0.00020981400000000001
0.00022075500000000002
0.00021591500000000001
0.000210645
0.00020920500000000001
0.000211394
0.00021260500000000002
0.00021296500000000002
0.00023354500000000001
0.00021484500000000002
0.00021601500000000001
0.00021669500000000001
0.00022381500000000001
0.00021387500000000001
0.00021437500000000002
0.00021237400000000001
0.000212315
0.000236705
0.00022117500000000002
0.00020997500000000002
0.00021177500000000001
0.00023237500000000002
0.00021044500000000002
0.00025410600000000004
0.00020146400000000002
0.00020501500000000001
0.00023080500000000002
0.00022509500000000003
0.00022064500000000003
0.00022012500000000002
0.00021827500000000001
0.00022485500000000001
0.000216455
0.00021579500000000002
0.00023204500000000001
0.000253446
0.000214355
0.00021756500000000002
0.00021531400000000001
0.00021541500000000002
0.00022355500000000001
0.00021712500000000001
0.00021882500000000002
0.00021767500000000002
0.00023997500000000002
0.00025064999999999999
0.000251346
0.00022632500000000001
0.00020897500000000002
0.00020770400000000002
0.000207765
0.00023350500000000001
0.00020850500000000002
0.00020757500000000002
0.00025315
0.00022402500000000001
0.00022433500000000001
0.00022131400000000002
0.00023070500000000002
0.00022588500000000002
0.00022679500000000001
0.000250416
0.00022759500000000001
0.00022956500000000002
0.00022648500000000001
0.000227495
0.00023693500000000002
0.00025293599999999999
0.00020635500000000003
0.00018891400000000001
0.00022518500000000001
0.00021448500000000002
0.00020417500000000002
0.00020475400000000003
0.000206875
0.00020738500000000001
0.00020824400000000001
0.000208235
0.00020940500000000002
0.00023640500000000002
0.00021089500000000001
0.00020851500000000002
0.00020842400000000002
0.00020673500000000002
0.00022594500000000002
0.000204465
0.00020559400000000002
0.00020669500000000001
0.00020552400000000001
0.00023067500000000001
0.00020612400000000002
0.000222315
0.00020821500000000001
0.00020819500000000002
0.00020755400000000001
0.00021726500000000001
0.000211895
0.00021171500000000002
0.000232995
0.00020722500000000001
0.00020686400000000002
0.000240246
0.000204835
0.00020541400000000001
0.000204355
0.00022636500000000002
0.00020581400000000002
0.00022957500000000001
0.00020560400000000002
0.00020597500000000001
0.00020664500000000001
0.00020766400000000001
0.00020861500000000002
0.000208965
0.000209404
0.00023526600000000001
0.00020776400000000001
0.00022865600000000001
0.00024031500000000001
0.00020447500000000002
0.00020461400000000002
0.00020427500000000002
0.00020498400000000001
0.00020549500000000001
0.00020501500000000001
0.00020531400000000001
0.00023075500000000002
0.00021020400000000002
0.00020852500000000001
0.00020960500000000002
0.00020978400000000002
0.00021078500000000001
0.000207975
0.000207674
0.00020637500000000002
0.000263386
0.00021081500000000002
0.000206264
0.00022343500000000002
0.00020695400000000002
0.000210065
0.00021060500000000002
0.00021183400000000002
0.00021471500000000001
0.00020794500000000002
0.000231475
0.00021008500000000002
0.00020884500000000001
0.00020879400000000002
0.00020675500000000001
0.000205925
0.00020538400000000002
0.00020470500000000001
0.00024300500000000002
0.00023318600000000003
0.00020424400000000002
0.00020423500000000001
0.00020477400000000002
0.00020438500000000002
0.000202995
0.00020505400000000001
0.000205305
0.00022290500000000002
0.00022912500000000003
0.000208235
0.000207884
0.00033961800000000003
0.00023162500000000001
0.00020740400000000001
0.00023250500000000001
0.00017793400000000001
0.00015793300000000002
0.00015731400000000001
0.000189254
0.00015788300000000002
0.000176374
0.00015803400000000001
0.000158834
0.00015967300000000001
0.00015980400000000002
0.00016125300000000001
0.00016211400000000001
0.00016178400000000002
0.00015968300000000001
0.00015935400000000001
0.00015915300000000001
0.000203055
0.00022068500000000001
0.00016230400000000002
0.000158653
0.000158104
0.00018864400000000002
0.00015839400000000002
0.00015804300000000002
0.00015945400000000001
0.00016039300000000002
0.000160624
0.000161464
0.000161743
0.00018022400000000001
0.00016033400000000001
0.000159963
0.000158054
0.000158264
0.000158283
0.00015833400000000002
0.000157873
0.000158214
0.000158293
0.00015825400000000001
0.00015804300000000002
0.00017619400000000001
0.000160514
0.00018858400000000002
0.000161924
0.00018722400000000002
0.00016241400000000002
0.00015983300000000001
0.00015965400000000001
0.00015866400000000001
0.000157703
0.000177534
0.000158324
0.00018906900000000002
0.00015688300000000002
0.000157734
0.000157663
0.00016294400000000002
0.00015788300000000002
0.00015937400000000002
0.00015990400000000002
0.00016125300000000001
0.00016251400000000002
0.000162194
0.00017803400000000001
0.00017980400000000002
0.00017217400000000001
0.00015780400000000002
0.000157493
0.00015798400000000001
0.000157584
0.00015747300000000002
0.000157904
0.00015796300000000001
0.00015772400000000001
0.00015841300000000002
0.00017780400000000002
0.00016094400000000002
0.00016223400000000001
0.000162213
0.000162144
0.000160693
0.000160194
0.00015928400000000002
0.00017075300000000002
0.000158064
0.00015755400000000002
0.00019973400000000002
0.00060544900000000009
0.00021133400000000001
0.00020993500000000002
0.00025942599999999999
0.000261716
0.00020627500000000001
0.00025307600000000003
0.00021552500000000002
0.00021981400000000001
0.00027001600000000004
0.00020818400000000001
0.00023268600000000001
0.00019832400000000002
0.00018136400000000002
0.000276686
0.00021683500000000002
0.00027128300000000004
0.00021402500000000001
0.00024536600000000001
0.000251215
0.00020822500000000001
0.00023293500000000001
0.00023138600000000001
0.000271229
0.000217755
0.00021772500000000002
0.000216555
0.00023339500000000001
0.00021665500000000001
0.00019643400000000002
0.00021872500000000002
0.000207295
0.000202344
0.00020380500000000002
0.00020436500000000003
0.000202344
0.000201845
0.00020284400000000001
0.00020335500000000001
0.00020402400000000002
0.00023892000000000002
0.00019891400000000001
0.00019887500000000002
0.000180144
0.000163523
0.00016212400000000001
0.00021097500000000002
0.00020812400000000002
0.00025164499999999999
0.00022038500000000003
0.00020799500000000002
0.00020542500000000002
0.00021755400000000001
0.00021464500000000002
0.00021886500000000003
0.00022269500000000002
0.00021937500000000001
0.00021475500000000001
0.00024328600000000003
0.00022031500000000001
0.00022338500000000002
0.00025172000000000004
0.00022375500000000002
0.00022096500000000002
0.00018643500000000001
0.00023209500000000001
0.000160383
0.00015845400000000001
0.00016729400000000001
0.00052810200000000002
0.00024631100000000003
0.000205214
0.00018096400000000001
0.000204095
0.00023776000000000003
0.000204675
0.00020515500000000002
0.00020468400000000001
0.00020198500000000001
0.000201814
0.00020160500000000002
0.00021186500000000002
0.00020067400000000002
0.00015793400000000001
0.00015789300000000001
0.00015775400000000002
0.00015788300000000002
0.00015787400000000001
0.00015788400000000001
0.00015905300000000001
0.00016059400000000001
0.000159963
0.00016122400000000001
0.00016204400000000002
0.00018028400000000001
0.00018452400000000001
0.00015999300000000001
0.00015838400000000002
0.00015855400000000001
0.00017612400000000002
0.00015884300000000001
0.00015829400000000001
0.000157813
0.00017220400000000002
0.00015825400000000001
0.000157763
0.00015909400000000001
0.000176694
0.00016063300000000001
0.00016195400000000002
0.00016196400000000001
0.00016222300000000002
0.000160304
0.000159724
0.00015998300000000002
0.000158374
0.000158083
0.000158114
0.00015843300000000001
0.00019019000000000002
0.000157713
0.00015788400000000001
0.00015763300000000001
0.000158624
0.000182914
0.00022028500000000002
0.000226345
0.00020850500000000002
0.00018957400000000003
0.00022565500000000001
0.00021322500000000002
0.000160614
0.00015730300000000002
0.00015761400000000001
0.00016840300000000002
0.000203835
0.000205725
0.00015864300000000001
0.00015767400000000001
0.00015725300000000002
0.000183105
0.000159433
0.00015984400000000002
0.00016129300000000002
0.000161664
0.00016186400000000001
0.00018760400000000002
0.000159333
0.00015881400000000001
0.000157214
0.00015753300000000001
0.00015733400000000002
0.00017572400000000001
0.00015735300000000002
0.00015724400000000001
0.00015696300000000001
0.00072505200000000001
0.00033751700000000001
0.00020848500000000001
0.000209645
0.000210664
0.00021097500000000002
0.00022264500000000002
0.00021669400000000002
0.00020698500000000002
0.00020719500000000002
0.00020693400000000001
0.00022359500000000002
0.00020539500000000001
0.00026645600000000004
0.00020908500000000002
0.00026038100000000001
0.00023066500000000001
0.00025313100000000003
0.00023144200000000002
0.00022459500000000001
0.00031113700000000001
0.00028049600000000003
0.00032432100000000003
0.000216185
0.00022062500000000001
0.00021853400000000002
0.000219564
0.00022289500000000003
0.00021886400000000001
0.00024851100000000003
0.00020923500000000003
0.00022332500000000002
0.00019953400000000002
0.000214405
0.00022774500000000001
0.00021091500000000002
0.00022148
0.00021241500000000001
0.00022218500000000001
0.00021452500000000002
0.00021937500000000001
0.00022213500000000001
0.00024317500000000002
0.00021978500000000001
0.000224405
0.00021839500000000003
0.00021826500000000001
0.00021759500000000001
0.000216925
0.00021473500000000002
0.00021091500000000002
0.00025303000000000001
0.00018346400000000002
0.00022124500000000001
0.00022450500000000001
0.00023365600000000003
0.00022368500000000002
0.00022645500000000003
0.00022548500000000001
0.00022480500000000001
0.00022429500000000001
0.00024826600000000002
0.00023767500000000002
0.00022200500000000003
0.00022274500000000002
0.001387716
0.00026628600000000002
0.00024584600000000003
0.00022743500000000001
0.00023826000000000001
0.00016116400000000002
0.00020259400000000001
0.00021518500000000001
0.000208865
0.00022354500000000002
0.00020971500000000002
0.000208884
0.00024619100000000004
0.000219435
0.000217605
0.00021373500000000003
0.00021427500000000002
0.00022207500000000002
0.00021647500000000002
0.00021043400000000001
0.000268953
0.00022970500000000002
0.00023587600000000002
0.00031100700000000003
0.00026017600000000004
0.00026133600000000003
0.00026902600000000001
0.000236185
0.00023527500000000001
0.00023317600000000001
0.00022947500000000001
0.00022516500000000002
0.00035073800000000002
0.00023212500000000002
0.00024979599999999999
0.00025641600000000003
0.00023512500000000001
0.00022865500000000003
0.00022980500000000003
0.00025258600000000001
0.000275226
0.00023144500000000002
0.00030240600000000002
0.00027825700000000002
0.00023151500000000001
0.00023251500000000001
0.00024430600000000002
0.00025964500000000003
0.00023216500000000002
0.00023073500000000001
0.000249776
0.00025388500000000003
0.00023211600000000001
0.000255815
0.00025304599999999999
0.00028252700000000003
0.00026121500000000003
0.00023261500000000001
0.00027667600000000001
0.00069470900000000006
0.00022625500000000002
0.000218175
0.00021709400000000001
0.00021659400000000002
0.00021505500000000002
0.00021078500000000001
0.00023153500000000003
0.00021291500000000002
0.00021416500000000002
0.00022118500000000002
0.00021490500000000002
0.00021448500000000002
0.000215634
0.00021517500000000001
0.00021785500000000001
0.000235765
0.00022048400000000001
0.00022881500000000002
0.00021999500000000001
0.00021547500000000002
0.00021377400000000002
0.00021344500000000001
0.000213315
0.00021415500000000003
0.00023556500000000003
0.00020517500000000001
0.00021466500000000001
0.00022166500000000001
0.00021366400000000002
0.00021604500000000002
0.00021614500000000003
0.00021724500000000002
0.00023238500000000002
0.00023813600000000001
0.00021967500000000001
0.00021633500000000001
0.00022420500000000003
0.00021487400000000002
0.00021454500000000001
0.00021679500000000001
0.00021736500000000002
0.00021695500000000001
0.00023437500000000002
0.00020860500000000003
0.000212835
0.000220325
0.00021314500000000001
0.00021566400000000001
0.00021554500000000001
0.00022688500000000002
0.00021824500000000002
0.00023857600000000003
0.00021635500000000002
0.000223885
0.000221265
0.00021368400000000001
0.00021322500000000002
0.00021530500000000003
0.00023668500000000001
0.00021658500000000001
0.00023451600000000002
0.00021621500000000002
0.00021656400000000001
0.00022277500000000001
0.00022123500000000002
0.00021808500000000002
0.000223045
0.00049661099999999999
0.000259585
0.00038833900000000002
0.00023953600000000002
0.00021931500000000001
0.000242205
0.000208335
0.000209225
0.00020923400000000001
0.00021088500000000001
0.00021003500000000002
0.00021170500000000002
0.00021094400000000002
0.00027442699999999999
0.00021185400000000001
0.00021544500000000001
0.000217285
0.00021593500000000003
0.00021555500000000001
0.000215245
0.00021526500000000002
0.00021603400000000001
0.00024228500000000002
0.00021528500000000001
0.00023764500000000001
0.00021751500000000002
0.00022239500000000001
0.000222265
0.00021547500000000002
0.00026574600000000003
0.00021521500000000002
0.00021736500000000002
0.00021702400000000001
0.000220425
0.00021951500000000002
0.00022064500000000003
0.00022333500000000002
0.00021687500000000003
0.00023723600000000002
0.000215894
0.00021735500000000002
0.00021614500000000003
0.00021589500000000002
0.00022267500000000001
0.00021521500000000002
0.00022073500000000001
0.00022476500000000001
0.00025075600000000004
0.00021570500000000001
0.00021717400000000002
0.00022043500000000003
0.00022036500000000001
0.000221105
0.00021813500000000002
0.00022355500000000001
0.00021721500000000001
0.00025220599999999999
0.00021625500000000002
0.000215615
0.00021399400000000001
0.00021756500000000002
0.00021537500000000002
0.00022790500000000001
0.000221735
0.00021706500000000001
0.000246736
0.00022720500000000002
0.000221475
0.00021907500000000003
0.00022055500000000002
0.00027141600000000002
0.00022431500000000002
0.00021595500000000002
0.00023483500000000002
0.00021432500000000002
0.000215405
0.00021274500000000002
0.00021716500000000001
0.00021885400000000002
0.00023460500000000001
0.000225715
0.00021979500000000001
0.00024098500000000001
0.00022218500000000001
0.000222155
0.00022272500000000001
0.00022357500000000003
0.000217025
0.00021396500000000002
0.00022077500000000001
0.00021553500000000002
0.00023331500000000003
0.00021630500000000002
0.00023192500000000001
0.00022096500000000002
0.00022868500000000001
0.000218755
0.00021907500000000003
0.00022478500000000002
0.00020291500000000002
0.00022458500000000002
0.00020798500000000002
0.00021654500000000001
0.00020847400000000002
0.00020591500000000001
0.00020612500000000001
0.00020789400000000003
0.00020731500000000002
0.00021636500000000002
0.00023324500000000001
0.00021421500000000002
0.00020867500000000002
0.000217154
0.000207705
0.000210115
0.00021478500000000002
0.00023111500000000003
0.00022118500000000002
0.00021653500000000001
0.00023579500000000002
0.00021239500000000002
0.00020951500000000002
0.00021089400000000002
0.00021537500000000002
0.00023586600000000002
0.000220795
0.00021885400000000002
0.00020962400000000002
0.00023078500000000001
0.00022266400000000002
0.00022356500000000001
0.00017571400000000002
0.00016020300000000001
0.00015956400000000001
0.00016025300000000001
0.000162344
0.00016249400000000001
0.000162633
0.00016128400000000001
0.00017822400000000002
0.00016090400000000002
0.000237495
0.00025104599999999999
0.000209144
0.00017952400000000002
0.00018523500000000001
0.00016643300000000001
0.00016164400000000001
0.00016180400000000001
0.00023284500000000002
0.00021661500000000003
0.000218645
0.00022090500000000003
0.00022090500000000003
0.000240265
0.00021970500000000003
0.000223885
0.00022396500000000001
0.000237075
0.000215615
0.00021567500000000002
0.00021670500000000001
0.00021552500000000002
0.00021710500000000002
0.00024179500000000003
0.000233775
0.00022318500000000001
0.00023965500000000002
0.00021877500000000002
0.00022022500000000003
0.000220065
0.00022249500000000002
0.00022108500000000002
0.00021840500000000002
0.00021787500000000002
0.00022766500000000002
0.00023664500000000001
0.000214675
0.00021380500000000002
0.00021454500000000001
0.00021608400000000001
0.00021581500000000001
0.00022423500000000001
0.00021784500000000001
0.00022268500000000003
0.00023754600000000002
0.000233885
0.00022143500000000002
0.00022115500000000001
0.00021792500000000003
0.00021706500000000001
0.00021618400000000002
0.00027654600000000002
0.000259626
0.00021580400000000002
0.00021706500000000001
0.00021717500000000001
0.00021682500000000003
0.00024515600000000001
0.000215584
0.00021696400000000002
0.000223095
0.00023943600000000002
0.000220325
0.00021904500000000001
0.00022001500000000003
0.00021782500000000002
0.000216524
0.00021704500000000002
0.00023195600000000001
0.00063002900000000005
0.00019829400000000001
0.000175224
0.00023797500000000002
0.00021919500000000002
0.00021926500000000001
0.00020971500000000002
0.00025568100000000001
0.00022483500000000003
0.00021883500000000001
0.00022717500000000001
0.00022075500000000002
0.00022573500000000002
0.00021636500000000002
0.000240475
0.00021516500000000002
0.00022090500000000003
0.00021504500000000003
0.000210535
0.00025173600000000002
0.000209194
0.00023166500000000001
0.00021310400000000001
0.00023871600000000001
0.00021509500000000003
0.00022454500000000001
0.00021649500000000001
0.00021949400000000001
0.00022739500000000003
0.00022937500000000001
0.00022371500000000001
0.00021873500000000001
0.00024308500000000001
0.00021397500000000001
0.00022028500000000002
0.00022269500000000002
0.00022230500000000001
0.00021312500000000002
0.00021453500000000002
0.000219745
0.00022203500000000001
0.00024155500000000001
0.00023902600000000001
0.00021701500000000001
0.00022106500000000003
0.00022658500000000001
0.00021715500000000002
0.00021848400000000002
0.00023853500000000001
0.00021576500000000001
0.00024176500000000001
0.00021470500000000001
0.00022891500000000003
0.00021502500000000001
0.00022055500000000002
0.000215295
0.000214145
0.00022143500000000002
0.00021478500000000002
0.000243985
0.000225195
0.00022447500000000002
0.00021708500000000003
0.00022586500000000001
0.000233496
0.00022416500000000002
0.00021707400000000002
0.000215734
0.00024174600000000001
0.00021329500000000001
0.00044323000000000002
0.00024781500000000003
0.000208075
0.000207495
0.00020847400000000002
0.00020882500000000002
0.00020963500000000001
0.00019037400000000002
0.00016184400000000002
0.000162633
0.000181535
0.000160583
0.00016029400000000001
0.00016045300000000002
0.00015846400000000001
0.00015877300000000002
0.000213835
0.000157844
0.00017183400000000002
0.00015809300000000002
0.000158104
0.000158073
0.00017623400000000002
0.00016060400000000001
0.00016023400000000001
0.00016156300000000001
0.00019340500000000001
0.00016543300000000001
0.000160254
0.00015962300000000001
0.00015837300000000001
0.00015814400000000001
0.00015804300000000002
0.00015804400000000001
0.00015783300000000002
0.00017605400000000001
0.00015825400000000001
0.00015805300000000001
0.000195615
0.00020072400000000003
0.00015990400000000002
0.00016021300000000001
0.000162144
0.000161874
0.00016217300000000002
0.00015998400000000001
0.00017903400000000001
0.00015985400000000002
0.00015830300000000002
0.00015817400000000002
0.000158083
0.00015839400000000002
0.00015801300000000001
0.00015807400000000002
0.00015794300000000002
0.00017117300000000002
0.00015918400000000001
0.00017853400000000002
0.000160464
0.00017814400000000001
0.00020257400000000002
0.000194565
0.000160323
0.00015937400000000002
0.00015824300000000002
0.00015808400000000001
0.00015821300000000001
0.00017881400000000001
0.00018089400000000002
0.00015783300000000002
0.00017749400000000002
0.000157904
0.00015790300000000001
0.000159254
0.000159693
0.000160614
0.00016179400000000002
0.000162063
0.00016194400000000002
0.000159834
0.00015953300000000001
0.000159684
0.00020515400000000001
0.00015882400000000001
0.00015856300000000002
0.00015834400000000001
0.00015823400000000002
0.00015795300000000001
0.000158064
0.00015803300000000002
0.00019963500000000001
0.00025197500000000004
0.00020926500000000001
0.00016154300000000002
0.000161984
0.000162244
0.00015955300000000002
0.000159524
0.00015830300000000002
0.000177474
0.000157944
0.00015808400000000001
0.00015773300000000002
0.000157954
0.00020287400000000002
0.00015812400000000002
0.000157403
0.000158834
0.000174654
0.00017792400000000001
0.000161633
0.00018034500000000002
0.00016225300000000001
0.00016024400000000001
0.000159283
0.000159514
0.000157813
0.00015789300000000001
0.00015777400000000001
0.000158343
0.00015807400000000002
0.000157913
0.000157894
0.000157923
0.000174864
0.00015991400000000001
0.000190934
0.000162354
0.00017557400000000001
0.00016248300000000002
0.000159934
0.00015964400000000002
0.000157813
0.00015848400000000002
0.000157813
0.00015781400000000002
0.000175384
0.00015795300000000001
0.00015803400000000001
0.00015822300000000001
0.00015778400000000001
0.000159004
0.000160283
0.00016048400000000002
0.000161953
0.000162294
0.000162614
0.000160163
0.00017703400000000001
0.000172344
0.00017571400000000002
0.00015786400000000002
0.00015789300000000001
0.00015797400000000002
0.000157403
0.00015776400000000002
0.00015742300000000001
0.00015724400000000001
0.00015877400000000001
0.000159023
0.00015980400000000002
0.00017851400000000001
0.000162003
0.000162244
0.00015998400000000001
0.000159443
0.000171084
0.00015776400000000002
0.00015763300000000001
0.00015733400000000002
0.00015763300000000001
0.000178834
0.00015754400000000002
0.000174544
0.000157863
0.00015893400000000001
0.000159753
0.00016053400000000002
0.000161244
0.00016202300000000002
0.00016317400000000001
0.00015997400000000001
0.000159483
0.000157944
0.00027764599999999999
0.00021903500000000002
0.000226765
0.00019169400000000001
0.00017851400000000001
0.000158803
0.00015762400000000001
0.00016254400000000001
0.000295481
0.000217915
0.00021711500000000001
0.000225195
0.00022170500000000002
0.00021505500000000002
0.00022132500000000003
0.000218125
0.00035078800000000004
0.000214515
0.00021262400000000002
0.000218125
0.00021785500000000001
0.000215565
0.00021841500000000002
0.00021136500000000001
0.00028760800000000002
0.000232105
0.00023211500000000002
0.00023226500000000003
0.00026602599999999999
0.000251246
0.000239695
0.00025204600000000002
0.00023301500000000002
0.000253556
0.00027334599999999999
0.00018097400000000001
0.00026072600000000002
0.000203525
0.00022308500000000001
0.000242155
0.00019266400000000002
0.00015908300000000002
0.00015956400000000001
0.00016201300000000002
0.00016233400000000001
0.00016176400000000001
0.00016416300000000002
0.00016446400000000002
0.00016212400000000001
0.00016145300000000001
0.00015923400000000001
0.000182654
0.00021799500000000002
0.000158443
0.000172344
0.00016673400000000001
0.00016169400000000001
0.00016098300000000001
0.00016288400000000002
0.00016373400000000001
0.000159963
0.000186374
0.000163723
0.00018065400000000001
0.000167474
0.00016331400000000002
0.00016259300000000002
0.00016111400000000002
0.00015848400000000002
0.00017348300000000002
0.00016237400000000001
0.00016018400000000001
0.00016018300000000002
0.000160094
0.00016241400000000002
0.00017886400000000001
0.00026951600000000003
0.00020750400000000001
0.00020714500000000002
0.00020088500000000001
0.00022399500000000003
0.00022296500000000002
0.00018636400000000001
0.00021575500000000001
0.00017817400000000002
0.00016204400000000002
0.00021901400000000001
0.000232255
0.000232105
0.00022853500000000001
0.00019838500000000001
0.00019763400000000003
0.00021591500000000001
0.000190194
0.00023585600000000003
0.000198834
0.000193735
0.00019379400000000001
0.00017526400000000001
0.00020842500000000001
0.000223255
0.00020018400000000001
0.000188285
0.000189774
0.000269776
0.00022891500000000003
0.00022966500000000002
0.000193055
0.00018924400000000001
0.00035016100000000004
0.00021874500000000001
0.000219385
0.00021560500000000001
0.00021963500000000001
0.00022174500000000003
0.00023113500000000002
0.00027474600000000003
0.00016190400000000001
0.00015935300000000002
0.000157694
0.00015757300000000002
0.00015767400000000001
0.00015717300000000001
0.00015692400000000002
0.000157293
0.00017019300000000002
0.00015710400000000001
0.00015785300000000001
0.00019006000000000001
0.000160063
0.00016131400000000002
0.00016228400000000001
0.000162153
0.000160144
0.000159173
0.000158164
0.000157973
0.00019998500000000002
0.00016090400000000002
0.00018759400000000002
0.000159183
0.00015733400000000002
0.00015746300000000002
0.00015696300000000001
0.00015872400000000001
0.000159493
0.00015997400000000001
0.00016261300000000001
0.00021012500000000003
0.000206405
0.000218705
0.000196164
0.00020857500000000001
0.00021020500000000001
0.00022127500000000003
0.00021933500000000003
0.00025808600000000004
0.00040127400000000002
0.00021235500000000001
0.00021059400000000001
0.00021653500000000001
0.00020940500000000002
0.00022895500000000001
0.00024728
0.00023552500000000002
0.00023612500000000001
0.000235605
0.00023401500000000002
0.000253556
0.00022039500000000002
0.00023296500000000002
0.000235295
0.00022581500000000001
0.00022614500000000002
0.000226085
0.00024353500000000002
0.000211535
0.00022344500000000001
0.00022799500000000002
0.000214885
0.000217445
0.000219595
0.00021956500000000002
0.00022144500000000002
0.00022610500000000002
0.00022044500000000002
0.00021605500000000002
0.00023877600000000001
0.00022856500000000002
0.00021626500000000002
0.00023645500000000003
0.00021019500000000002
0.000222365
0.00022340500000000001
0.00021539500000000001
0.00021868500000000001
0.00023753500000000001
0.000217605
0.00022065500000000002
0.00022455500000000001
0.00021968500000000001
0.00021821500000000001
0.000217075
0.00021741500000000002
0.00024284500000000002
0.00021677400000000001
0.000218495
0.00022064500000000003
0.000211735
0.00021659500000000001
0.00021580500000000001
0.00021512500000000001
0.00023148500000000002
0.00023559500000000001
0.00021782500000000002
0.00022005500000000001
0.00022172500000000001
0.00022139500000000002
0.00021070500000000002
0.00021572500000000003
0.00022488500000000003
0.00021721500000000001
0.0008430890000000001
0.00043812000000000001
0.000162833
0.00024103600000000003
0.00021176500000000002
0.000198464
0.00021332500000000002
0.00022539500000000001
0.00021944500000000002
0.000215825
0.00023777500000000002
0.00022821500000000001
0.00023669600000000003
0.00023313500000000001
0.00023498500000000003
0.00023805600000000003
0.00023575500000000001
0.00021497500000000001
0.00021389500000000002
0.00021589500000000002
0.00021560400000000002
0.000243386
0.00021496500000000001
0.00023783500000000002
0.000222315
0.00023826500000000001
0.000216944
0.000255226
0.00021808500000000002
0.00026770600000000004
0.00021745500000000002
0.00023324500000000001
0.00022125500000000001
0.00021496500000000001
0.000242186
0.00021304400000000002
0.00021637500000000001
0.000216035
0.00024146600000000002
0.00021552400000000001
0.00024241600000000002
0.00022218500000000001
0.00021525500000000003
0.00024855500000000002
0.00028884700000000001
0.000215505
0.00021178500000000001
0.00021099500000000001
0.00021915500000000001
0.00021188400000000002
0.00021160500000000002
0.00024630100000000004
0.00021240500000000001
0.00018351400000000002
0.00020919500000000002
0.00021163400000000001
0.00020917400000000001
0.000207705
0.00020936500000000001
0.00020759400000000002
0.000279547
0.00022153500000000003
0.00021274400000000001
0.00021382500000000001
0.000210955
0.00057453300000000001
0.00025367
0.00024159100000000001
0.000221055
0.00023206500000000002
0.00021433500000000001
0.00021554500000000001
0.00021457500000000003
0.00022923500000000002
0.00021694500000000002
0.00024887500000000002
0.00021656500000000002
0.00021825500000000002
0.00021761500000000002
0.00022001500000000003
0.00022045500000000002
0.00021820500000000002
0.00023451500000000003
0.00020860500000000003
0.00021883500000000001
0.000186844
0.00018373400000000001
0.00018507500000000001
0.000158183
0.00018630400000000001
0.000166274
0.00016073400000000002
0.00015868300000000001
0.00019317500000000002
0.00018562400000000001
0.00020779400000000002
0.00018761400000000001
0.00019534400000000002
0.00017023400000000001
0.00017969400000000002
0.00018572400000000001
0.00017869400000000002
0.00017542400000000001
0.00015760400000000002
0.00015804300000000002
0.000157634
0.00017477400000000002
0.00015774300000000001
0.000158064
0.00017325400000000002
0.00020617500000000001
0.00016047300000000001
0.000161924
0.00016199400000000002
0.000211554
0.00016068400000000002
0.00015994300000000001
0.000159493
0.000176164
0.00015808400000000001
0.00017343400000000001
0.00016044300000000002
0.000173764
0.00017570400000000002
0.00015772400000000001
0.00015768300000000001
0.00015861400000000001
0.000159013
0.00015997400000000001
0.00016127400000000001
0.00017980400000000002
0.000162103
0.00016001400000000002
0.00017456400000000002
0.000158603
0.00015777400000000001
0.00019975400000000001
0.000158314
0.000157534
0.00015741300000000002
0.00015782400000000001
0.00015768300000000001
0.000174904
0.00015912400000000002
0.000160123
0.000161084
0.00016127400000000001
0.000161943
0.00020382500000000001
0.00021086500000000002
0.00023715500000000002
0.00020539500000000001
0.00020587400000000001
0.000355698
0.00020293500000000001
0.00024266500000000001
0.000205045
0.000205045
0.00020648400000000002
0.00021272500000000001
0.00020597500000000001
0.00024803
0.00021383400000000001
0.00021269500000000002
0.00021989500000000001
0.00020193500000000001
0.00021935500000000002
0.000213384
0.00021171500000000002
0.000247431
0.00020931500000000001
0.00020938400000000001
0.000231296
0.000208934
0.00020810500000000001
0.00020726500000000002
0.00020703400000000001
0.00022813600000000001
0.00021294400000000001
0.00022983600000000003
0.00020995400000000002
0.00021081500000000002
0.00021851500000000002
0.00020970500000000003
0.00020749400000000002
0.00021496500000000001
0.000208335
0.00024993600000000003
0.00020695400000000002
0.00021879500000000001
0.000208285
0.00021457500000000003
0.000225665
0.00021537500000000002
0.00020805400000000002
0.000208595
0.00029366400000000001
0.00023925500000000001
0.000241055
0.00024231500000000003
0.00023892500000000002
0.000239516
0.00023901500000000003
0.000264319
0.00022360500000000001
0.00025336600000000004
0.00022459500000000001
0.00022818500000000003
0.00024319600000000002
0.00022106500000000003
0.00025012500000000002
0.00022407500000000001
0.00022627500000000001
0.000226605
0.00023333500000000001
0.00022662500000000002
0.00022981500000000002
0.000249676
0.00024669500000000001
0.000287387
0.00023395500000000002
0.00020385500000000002
0.00020423400000000002
0.00023111500000000003
0.00021377500000000001
0.00021937400000000002
0.00021106400000000001
0.00023849600000000002
0.00020573400000000001
0.00020678500000000002
0.00023490500000000002
0.000218965
0.00022358500000000002
0.000220065
0.00021835500000000002
0.00021026500000000001
0.00024433500000000004
0.00024696500000000003
0.00023776500000000002
0.00020806400000000002
0.00021432500000000002
0.00021096500000000002
0.00021375500000000002
0.00024031500000000001
0.00021167500000000001
0.000235555
0.00021174500000000003
0.000231105
0.00021444500000000001
0.00022157500000000001
0.00021260500000000002
0.00021072500000000001
0.00021876500000000002
0.00022942500000000001
0.00025302500000000004
0.000207884
0.00021513500000000001
0.00020874500000000001
0.00021648500000000001
0.00021981500000000002
0.000214775
0.00021677400000000001
0.00020999500000000001
0.00024060600000000001
0.000217655
0.00022628500000000001
0.00021758500000000001
0.00021970500000000003
0.00021339400000000002
0.00021631500000000002
0.00022945500000000002
0.00021380500000000002
0.000246216
0.00026157600000000002
0.00021987500000000002
0.00022103500000000001
0.00021490500000000002
0.000215925
0.00023078500000000001
0.00021615500000000002
0.00021637500000000001
0.000239275
0.000218965
0.00022136500000000001
0.00022724500000000002
0.00021968500000000001
0.00022484500000000002
0.00021865500000000003
0.00023477500000000003
0.00026866100000000001
0.00032035700000000001
0.00022938600000000002
0.00021504400000000001
0.00026855600000000004
0.00025166500000000004
0.000255756
0.00023313500000000001
0.00023491600000000003
0.00023563500000000002
0.000237285
0.00024954600000000001
0.00024134500000000001
0.00026277599999999999
0.00027542199999999999
0.00020902400000000001
0.00020756500000000002
0.00020824500000000002
0.00020875400000000001
0.00023073600000000002
0.00020604400000000001
0.00022531500000000002
0.00023435600000000002
0.00021536500000000002
0.00020714400000000001
0.00020846500000000002
0.00020889500000000001
0.00021105400000000002
0.00021962500000000001
0.00020920500000000001
0.000205455
0.00020882400000000001
0.00022965600000000001
0.000213854
0.00020677500000000003
0.000205925
0.00020634400000000002
0.000206135
0.00020691500000000001
0.00020763400000000002
0.00022873600000000003
0.00022829500000000002
0.00021422500000000002
0.00020870400000000001
0.00021070500000000002
0.000227965
0.00021087500000000002
0.00029075600000000003
0.00022275500000000002
0.00017458300000000002
0.00019675400000000002
0.00023052500000000001
0.00021216500000000003
0.00021418500000000001
0.000214885
0.000215054
0.000210814
0.00021178500000000001
0.00021368500000000003
0.00021978500000000001
0.00023531500000000002
0.00023096500000000002
0.00022857500000000001
0.000219175
0.00022365500000000001
0.00021711500000000001
0.00021313500000000001
0.00035279300000000001
0.00021273400000000001
0.00025997600000000003
0.000334183
0.00021301500000000002
0.00041488900000000005
0.00021122500000000002
0.00027038600000000001
0.00021197500000000002
0.00021300500000000002
0.00021315400000000001
0.00021481500000000001
0.00021523500000000001
0.00023624500000000003
0.00023368500000000002
0.00022766500000000002
0.00021250500000000001
0.00021107400000000001
0.00021104400000000002
0.00021012500000000003
0.00021083500000000001
0.000260886
0.00021063400000000002
0.000210485
0.000211055
0.00021224500000000001
0.00021298400000000002
0.00021330400000000002
0.000214255
0.00021602500000000001
0.00021469500000000002
0.00023238500000000002
0.00021218500000000002
0.00040082900000000001
0.00035033800000000001
0.00021134500000000002
0.00021086400000000001
0.00022034500000000002
0.00023057600000000002
0.000210194
0.00021480500000000001
0.00021157500000000001
0.00017571400000000002
0.00020873500000000001
0.000206264
0.00021316500000000002
0.000214885
0.00021314500000000001
0.00024738500000000003
0.00020950400000000001
0.00022510500000000002
0.00020804500000000002
0.00022334500000000001
0.00020836500000000002
0.000215405
0.00020744400000000001
0.000245541
0.000247975
0.00028555700000000003
0.00025088500000000001
0.000276032
0.00022094500000000001
0.000400529
0.00026572600000000004
0.00022144500000000002
0.00033748700000000003
0.00037637800000000002
0.00022282500000000001
0.00033012700000000005
0.00033329800000000005
0.00031587200000000003
0.000212685
0.00021266500000000001
0.000259771
0.00022977500000000002
0.00021080500000000003
0.00021081500000000002
0.00021261400000000002
0.00020973500000000001
0.00021313500000000001
0.00025380500000000001
0.000205665
0.00023352500000000002
0.00020297500000000001
0.00020191400000000001
0.000201215
0.00018803400000000001
0.00019454500000000002
0.00023256500000000001
0.00021207500000000002
0.000218125
0.00021740400000000001
0.00019268400000000001
0.000205935
0.000186534
0.00021120500000000001
0.00021804500000000002
0.00024415500000000002
0.000196825
0.00021429400000000002
0.00026332600000000003
0.000217185
0.00022019500000000002
0.00022115500000000001
0.00021360500000000001
0.00021332500000000002
0.000239275
0.00021520500000000002
0.00022282500000000001
0.00022992500000000002
0.00021805500000000001
0.00022046500000000001
0.00022223500000000002
0.00022359500000000002
0.000221845
0.00024348600000000001
0.00023196500000000002
0.00024846600000000003
0.00023425500000000003
0.00022343500000000002
0.00021584500000000002
0.00022411500000000002
0.00021077500000000001
0.00018989400000000002
0.00021501500000000001
0.00022403500000000001
0.00021056500000000001
0.000175644
0.00019434400000000002
0.00044638000000000002
0.00023886600000000001
0.00023546500000000002
0.00028788700000000002
0.000211704
0.00021136500000000001
0.00022711500000000001
0.00021071500000000002
0.00021059500000000003
0.00021099500000000001
0.00021031400000000002
0.00023310600000000001
0.000230845
0.00021039500000000002
0.000210604
0.000212575
0.00021244500000000002
0.00021307500000000002
0.00021443500000000002
0.00024833500000000003
0.00023579500000000002
0.00021219400000000002
0.000228855
0.00023620500000000002
0.00024810500000000004
0.00022958500000000001
0.00020955500000000002
0.00020866500000000002
0.00020824500000000002
0.000265355
0.00022379500000000002
0.000224775
0.00022583500000000002
0.00022887500000000002
0.00016745400000000001
0.000161473
0.000192735
0.000182604
0.00016312400000000001
0.000211864
0.00019543500000000002
0.00015853300000000001
0.00015833400000000002
0.000184854
0.00023111500000000003
0.00019873500000000001
0.00021709500000000002
0.00015789300000000001
0.000176064
0.000159674
0.00016014300000000001
0.00016070300000000002
0.00016232400000000001
0.000162793
0.000163864
0.00017593400000000001
0.00018614400000000001
0.00015996400000000002
0.000166904
0.00026184
0.00020801500000000001
0.00021526500000000002
0.00023119500000000001
0.00020874500000000001
0.00020897500000000002
0.00020941400000000002
0.00024430600000000002
0.000210325
0.00023207500000000002
0.00021306500000000002
0.000219125
0.000234875
0.00021028500000000002
0.000344667
0.00022721500000000001
0.00024798600000000001
0.00025463500000000002
0.00021398400000000002
0.00024251600000000002
0.000231895
0.00021125500000000001
0.00022820500000000001
0.000209065
0.00025681500000000003
0.00021152400000000002
0.00022755500000000003
0.00021287500000000001
0.000236235
0.00020829400000000001
0.00024614600000000004
0.00024531500000000002
0.00024384600000000001
0.00025278600000000002
0.00024360500000000001
0.00026672600000000001
0.00033519800000000004
0.00027209599999999999
0.00022394500000000003
0.000208865
0.000257815
0.00028162600000000004
0.00026908600000000003
0.00040130400000000001
0.00026952600000000002
0.00025076600000000003
0.00022991500000000002
0.00023870600000000001
0.00023984500000000001
0.00026811599999999999
0.00021933500000000003
0.00022647500000000002
0.00022654500000000001
0.000242255
0.00029005200000000001
0.00030058600000000004
0.00050031200000000004
0.00025176500000000004
0.000202685
0.00020486500000000001
0.00020508400000000002
0.00020588500000000003
0.00022386500000000001
0.00024966700000000002
0.00030219400000000004
0.000203315
0.00031307200000000001
0.00030428700000000004
0.000308812
0.00020915500000000001
0.000207734
0.00024714600000000001
0.00075832700000000005
0.00031695400000000004
0.00022834500000000002
0.00022855500000000002
0.00024010500000000001
0.00022675500000000001
0.00023254500000000002
0.000232255
0.00047132000000000001
0.000232816
0.00023014500000000001
0.00022474500000000002
0.00029287700000000004
0.00022272500000000001
0.00022894500000000001
0.00026543600000000002
0.00033485700000000004
0.00028961700000000004
0.000228755
0.00022337500000000002
0.00022873500000000001
0.00023038500000000002
0.000246185
0.00025517900000000002
0.00021518500000000001
0.00021479500000000002
0.00023723500000000003
0.00024100500000000003
0.00022724500000000002
0.00021026400000000002
0.00025290600000000001
0.00020316500000000002
0.000224775
0.00022347500000000002
0.000206574
0.00020688500000000002
0.00020622500000000001
0.00020755400000000001
0.00022870600000000002
0.00020994400000000002
0.00022790500000000001
0.000210714
0.00021096500000000002
0.00022175500000000002
0.00022520500000000002
0.00020674500000000001
0.00020661400000000001
0.00023339600000000003
0.00022191500000000002
0.00020503400000000002
0.00020515500000000002
0.00020616500000000002
0.00020691400000000002
0.00020542500000000002
0.00020444500000000001
0.00020875400000000001
0.00027062599999999999
0.00022751600000000001
0.000229745
0.00023411500000000002
0.00029131100000000004
0.00021241400000000002
0.00021021500000000001
0.00022856500000000002
0.00021565500000000001
0.00020968500000000001
0.00020721400000000003
0.00023269500000000002
0.00024331000000000003
0.00038834900000000002
0.000224195
0.00023052500000000001
0.00022599600000000001
0.000259275
0.000227996
0.00028973600000000002
0.00021809500000000002
0.000216815
0.00022322500000000002
0.00022198500000000001
0.000218235
0.00021829500000000002
0.00021837500000000001
0.00021999500000000001
0.00023311500000000002
0.00022777500000000002
0.00022924500000000002
0.00021207500000000002
0.000220375
0.00021475500000000001
0.000233465
0.00022496500000000001
0.00026079299999999999
0.00022562500000000002
0.00022350500000000001
0.00022895600000000002
0.00024249500000000002
0.00036394800000000001
0.00025751600000000001
0.00022682500000000002
0.00022980500000000003
0.00021490500000000002
0.00021779500000000001
0.000286416
0.00021672500000000002
0.00032860800000000004
0.00035047800000000004
0.00023164500000000002
0.00021727500000000001
0.00023831500000000001
0.00022117500000000002
0.000233885
0.00022671500000000003
0.00025807500000000003
0.00021237400000000001
0.00016499400000000001
0.00023076500000000002
0.00022863500000000001
0.00022887600000000001
0.00022970500000000002
0.00025095500000000003
0.00023879500000000001
0.00025380600000000003
0.00030783700000000004
0.00023050500000000002
0.00048590400000000006
0.00021433500000000001
0.00021434400000000002
0.00021155500000000002
0.000210115
0.00043816000000000005
0.00021979500000000001
0.00021095400000000001
0.00021048400000000001
0.00021098500000000001
0.00022083500000000001
0.00020963500000000001
0.00026373600000000004
0.00021115400000000002
0.00022540600000000002
0.000160793
0.00017672400000000001
0.000162344
0.00016254300000000002
0.00016296300000000002
0.00016102400000000001
0.00017284400000000001
0.00015987300000000002
0.000158844
0.00019381400000000003
0.00020625500000000002
0.00025227600000000001
0.00021693500000000002
0.00021816500000000001
0.00024179500000000003
0.00023417500000000001
0.000264601
0.000198815
0.00016270300000000002
0.000161984
0.00016254400000000001
0.00016334300000000001
0.000161464
0.00015981300000000002
0.00015867400000000001
0.00015833400000000002
0.00021911000000000001
0.00021910500000000001
0.00023928500000000002
0.00021725500000000002
0.00022249500000000002
0.00021801500000000001
0.00024318500000000001
0.00021790500000000001
0.00024869600000000002
0.00022013500000000002
0.00024422500000000004
0.00022259500000000002
0.000221005
0.00024407600000000003
0.00021852500000000001
0.00022560500000000001
0.00021771500000000003
0.000244205
0.00021747500000000001
0.000216555
0.00022045500000000002
0.00022191500000000002
0.00021872500000000002
0.00023113500000000002
0.00021227500000000002
0.00025088600000000002
0.00021862500000000002
0.00023854500000000003
0.00022578500000000002
0.00021318500000000001
0.00021727500000000001
0.000211735
0.00021107400000000001
0.00021012500000000003
0.00023255500000000001
0.00021437500000000002
0.00022810500000000001
0.00041788000000000003
0.00027290100000000004
0.00019843400000000002
0.00019853500000000001
0.00020018400000000001
0.00020002500000000002
0.00020130400000000002
0.00020213500000000002
0.00022669500000000001
0.00022371500000000001
0.00020122500000000003
0.00020000400000000002
0.00020021500000000001
0.00019843400000000002
0.00019809500000000002
0.00020498400000000001
0.00019900500000000001
0.00019855400000000001
0.00020979500000000001
0.00028719200000000002
0.00021686400000000002
0.00023369600000000001
0.00022046500000000001
0.00021944500000000002
0.00022259500000000002
0.00022866500000000002
0.00022399500000000003
0.00024232500000000002
0.00022049500000000002
0.000218645
0.000217915
0.00021915500000000001
0.00021742500000000001
0.000224615
0.00022225500000000001
0.00027152600000000002
0.00023353500000000002
0.000219745
0.00021706500000000001
0.00023206500000000002
0.00022670500000000001
0.00022438500000000001
0.000223885
0.00023088500000000001
0.00024278500000000003
0.000221735
0.00022134500000000002
0.00022055500000000002
0.000220375
0.00022036500000000001
0.00021410500000000002
0.00022798500000000002
0.00022585500000000001
0.00023923600000000001
0.000237075
0.000236915
0.00022224500000000001
0.00022328500000000001
0.000223515
0.000222625
0.000223255
0.00022758500000000001
0.00024079500000000003
0.00021873500000000001
0.00021936500000000001
0.00021834500000000002
0.00021852500000000001
0.00025056500000000001
0.000219015
0.000260766
0.00023166500000000001
0.00020896400000000001
0.00023277500000000001
0.00053011200000000001
0.000353233
0.000253711
0.00020527500000000002
0.00020902400000000001
0.00021843500000000001
0.00022610500000000002
0.00025898100000000003
0.00029973700000000001
0.00023399500000000003
0.00021583500000000002
0.00023546500000000002
0.00034793400000000005
0.00021229400000000002
0.00021285500000000002
0.000230165
0.00023180500000000002
0.00027633000000000003
0.00025685200000000001
0.00024584500000000002
0.00021623500000000001
0.00022149500000000002
0.00022045500000000002
0.00025236600000000002
0.00021573500000000002
0.00022017500000000003
0.00025049499999999999
0.00016567400000000001
0.00023298500000000001
0.00022469500000000002
0.00024098600000000003
0.00022521500000000002
0.00022251500000000001
0.00022427500000000002
0.00022624500000000003
0.00028368600000000001
0.00023887600000000001
0.00022685500000000001
0.00022722500000000001
0.00025714600000000003
0.00022488500000000003
0.000221995
0.00026545600000000001
0.000234665
0.00021941500000000001
0.00021824500000000002
0.00021811500000000001
0.00022470500000000001
0.000235815
0.00022418500000000001
0.00024015500000000001
0.00022740500000000002
0.00022128500000000002
0.000246426
0.00022421500000000002
0.00023762500000000002
0.00022809500000000002
0.00022159500000000002
0.00027734600000000004
0.00022033400000000001
0.000267655
0.000262935
0.00022208400000000002
0.00019842400000000002
0.00020276500000000001
0.00020408400000000002
0.00020885500000000001
0.00022872500000000002
0.00020889500000000001
0.000210435
0.00022732500000000001
0.00025314500000000003
0.000214355
0.00021134500000000002
0.00021056500000000001
0.000210034
0.00024174600000000001
0.00020778500000000002
0.00020743400000000002
0.00022957500000000001
0.000207395
0.00020759500000000001
0.00020717400000000002
0.00022306500000000002
0.00020887400000000001
0.00020892500000000002
0.00022878500000000001
0.00021170500000000002
0.00024358500000000002
0.000212215
0.00022518500000000001
0.00020924500000000002
0.00020949500000000003
0.00032150200000000004
0.00021119500000000001
0.00016694400000000001
0.00015831300000000001
0.000211795
0.00022237500000000002
0.00024013500000000002
0.000223415
0.00024645600000000004
0.000246801
0.00024212500000000002
0.000245596
0.00021607500000000001
0.00021641400000000001
0.00021202500000000002
0.00020433500000000001
0.00020424400000000002
0.00025366100000000002
0.00025682600000000004
0.00024603500000000003
0.00024347600000000001
0.00024414500000000003
0.00024258600000000001
0.00024378500000000002
0.000308547
0.00027308600000000002
0.00029142700000000003
0.00021102500000000002
0.00024134500000000001
0.00022919600000000001
0.00022633500000000001
0.00024151500000000001
0.000223775
0.00026114600000000002
0.00021219500000000001
0.000160333
0.00019505500000000002
0.00031135700000000001
0.00022097500000000002
0.00030785700000000003
0.00035058300000000001
0.000261396
0.00022502500000000001
0.00024069600000000001
0.00021889500000000001
0.00023871500000000002
0.00021924500000000002
0.00021842500000000001
0.00023155500000000001
0.00021520500000000002
0.000214885
0.000213255
0.00021404400000000001
0.00022994600000000002
0.00023336500000000003
0.00021308500000000001
0.00021355400000000002
0.000231136
0.00023740500000000002
0.00022966500000000002
0.00023218500000000001
0.000206104
0.00021873500000000001
0.00022820500000000001
0.00019626500000000002
0.00020988500000000001
0.00019561400000000001
0.00016866400000000001
0.00020905500000000001
0.00021096400000000001
0.00022987500000000002
0.00022495500000000002
0.00026110500000000003
0.00021925400000000003
0.00021845400000000001
0.00020495500000000002
0.00020511500000000002
0.00022949500000000002
0.00022643500000000001
0.00022853500000000001
0.00022997500000000002
0.000250506
0.00022664500000000001
0.00022562500000000002
0.000230165
0.000225035
0.00022420500000000003
0.00022542500000000002
0.00023111500000000003
0.00029407100000000002
0.00023918100000000001
0.00024717100000000002
0.00022401500000000002
0.00025982500000000004
0.00021782500000000002
0.00024851100000000003
0.00021286500000000002
0.00021207500000000002
0.00021569400000000003
0.000216154
0.000210855
0.000204725
0.000204534
0.00024516100000000003
0.00049467599999999999
0.00031698700000000002
0.00021018500000000002
0.00020936500000000001
0.00020974400000000002
0.00020910500000000001
0.00020904500000000002
0.00020974400000000002
0.00018992400000000001
0.000180204
0.000162473
0.00016270300000000002
0.000160524
0.00019486400000000002
0.00020940500000000002
0.00021253500000000002
0.00025409
0.00024825600000000003
0.00025911599999999999
0.00022447500000000002
0.00022405500000000002
0.00022345500000000001
0.000224355
0.00022511500000000002
0.00023226500000000003
0.00026713600000000001
0.00020353500000000002
0.00024875600000000004
0.00022598500000000003
0.000209454
0.00023194600000000002
0.00022806500000000001
0.00021877500000000002
0.00022251500000000001
0.00026555600000000002
0.000234615
0.00023328500000000001
0.00022923500000000002
0.00022986500000000002
0.00025004500000000001
0.00026532500000000001
0.00023204500000000001
0.00022626500000000002
0.000233355
0.00023429500000000001
0.000235245
0.00021604500000000002
0.00016646300000000002
0.00019191400000000001
0.00022868500000000001
0.000248316
0.00021670500000000001
0.000226445
0.00023374500000000002
0.00022663500000000001
0.00020710500000000002
0.00021675500000000001
0.00028992600000000003
0.00022223500000000002
0.00024248600000000001
0.00022578500000000002
0.00024507500000000003
0.00022458500000000002
0.00025054600000000004
0.000225245
0.00025520600000000001
0.00022389500000000002
0.000222155
0.00039688400000000002
0.00021255500000000001
0.00023727500000000001
0.00021584500000000002
0.000216185
0.00023737500000000001
0.00021764500000000001
0.00022329500000000001
0.000217395
0.00022382500000000001
0.00021669500000000001
0.000218385
0.00021737500000000001
0.000227285
0.00023543500000000001
0.00021459500000000001
0.00023732600000000002
0.00023023500000000002
0.00021248500000000002
0.00021177400000000002
0.00021296500000000002
0.00021438500000000002
0.00021501500000000001
0.000235245
0.00021098500000000001
0.00022291500000000002
0.000218755
0.00021886500000000003
0.000219805
0.00022130500000000001
0.00022099500000000001
0.00020635400000000001
0.000231766
0.00021091400000000001
0.00023523600000000002
0.00021526500000000002
0.00023070500000000002
0.00021297500000000001
0.00021519400000000001
0.00021631500000000002
0.00021857500000000001
0.00023885600000000002
0.00021718400000000001
0.00022434500000000001
0.00021803400000000001
0.00021784500000000001
0.00022438500000000001
0.00021731500000000002
0.00021534500000000001
0.000222155
0.00023310500000000003
0.000250936
0.000220845
0.00021459500000000001
0.00021537500000000002
0.000229645
0.000209905
0.00020822400000000002
0.00021335500000000001
0.00023603500000000003
0.00021577400000000001
0.00022333500000000002
0.00021865500000000003
0.00022940600000000001
0.00021786400000000001
0.00021714500000000002
0.00022073500000000001
0.00022250500000000001
0.00023671600000000002
0.00023891500000000003
0.00021468500000000002
0.00024300500000000002
0.00021319500000000001
0.00021096500000000002
0.00022892500000000002
0.00021903500000000002
0.00024482600000000002
0.00024308500000000001
0.00022852500000000001
0.00024463600000000001
0.00023690500000000001
0.00022047500000000001
0.000216605
0.00021589500000000002
0.000218915
0.00021724500000000002
0.00025544599999999999
0.000222415
0.00021791400000000001
0.00021188400000000002
0.00023372600000000002
0.00021855400000000001
0.00021969400000000001
0.000237736
0.00025609600000000004
0.00024239500000000001
0.00024445599999999999
0.00023674500000000001
0.00021712500000000001
0.000308957
0.00022471500000000001
0.00023574500000000001
0.00021392500000000001
0.00021512500000000001
0.00022086500000000002
0.00022944500000000002
0.00023774600000000002
0.00021047400000000002
0.00021557500000000002
0.00023638600000000002
0.00021897500000000002
0.000251745
0.000212155
0.00023647500000000002
0.000224775
0.00022938500000000003
0.00020700400000000003
0.00022454500000000001
0.00022479500000000002
0.00022715500000000002
0.00020442400000000001
0.00020647500000000002
0.00021413500000000001
0.00022303500000000001
0.00022658500000000001
0.00021216500000000003
0.00021844500000000003
0.00022793500000000002
0.00023647500000000002
0.000218175
0.00021839500000000003
0.00022591500000000001
0.00021767500000000002
0.000247896
0.00021881500000000003
0.00021603400000000001
0.00021702400000000001
0.00022573500000000002
0.000235455
0.00022724500000000002
0.00021046500000000001
0.00020915400000000002
0.00023015600000000002
0.00022023500000000002
0.00021083400000000002
0.000226505
0.00021272400000000002
0.000212365
0.00021051500000000001
0.00020876400000000001
0.000208125
0.000241606
0.000207674
0.000207345
0.00020679500000000001
0.00020713400000000001
0.00022379500000000002
0.00020711500000000001
0.00023014500000000001
0.00020809500000000002
0.00031647200000000004
0.00025061500000000004
0.00022002500000000002
0.00025052599999999999
0.00021586500000000001
0.00024052500000000001
0.00023749600000000002
0.00021736500000000002
0.00020917400000000001
0.00021392500000000001
0.000246956
0.00022505500000000002
0.00023647500000000002
0.00023433500000000001
0.00021794500000000001
0.00021567500000000002
0.00026406600000000003
0.00023123500000000002
0.00021706500000000001
0.00024030600000000003
0.00023439500000000001
0.00021567500000000002
0.00021919500000000002
0.000278666
0.000215775
0.00023561500000000003
0.00022413500000000001
0.00025089600000000002
0.00021779500000000001
0.00023018500000000002
0.00025208100000000003
0.000216245
0.00025245600000000002
0.00020656400000000001
0.00017678400000000001
0.000160564
0.000162034
0.00016233300000000002
0.000162504
0.00017901400000000002
0.00017262400000000002
0.00015973300000000001
0.00015819400000000001
0.00017382400000000002
0.000157823
0.000157644
0.00015787400000000001
0.00015809300000000002
0.00015820400000000001
0.00015777300000000002
0.00015796400000000002
0.00017682400000000001
0.00031504699999999999
0.00022337500000000002
0.00020569500000000002
0.00027083599999999999
0.00020861500000000002
0.00020612400000000002
0.00020620500000000002
0.00024976300000000001
0.00022714500000000002
0.000225195
0.00024579500000000004
0.00023798600000000001
0.00024385500000000002
0.00022568500000000002
0.00026618600000000002
0.00030890700000000003
0.00023937600000000002
0.00024192500000000001
0.00020589500000000002
0.00022310500000000003
0.00031772700000000002
0.00031035000000000004
0.000220485
0.000232415
0.00022536500000000002
0.00025130600000000002
0.00021381500000000001
0.00022086500000000002
0.00021531500000000002
0.000205715
0.000207104
0.00026923600000000001
0.00020724500000000003
0.00020824500000000002
0.00020901400000000002
0.00023369600000000001
0.00026607099999999999
0.00023646500000000002
0.000280656
0.00025293599999999999
0.000239881
0.00023921500000000001
0.00021895500000000001
0.00021156500000000001
0.000218495
0.00022434500000000001
0.00022312500000000002
0.00026596600000000002
0.00021296500000000002
0.00021282400000000002
0.00021010500000000001
0.000212475
0.00021913500000000002
0.00022757500000000002
0.000230375
0.000200225
0.00024074200000000001
0.00020876500000000002
0.000207705
0.00020765400000000001
0.00023570900000000002
0.00020837400000000002
0.00020869500000000001
0.000215825
0.00021502500000000001
0.00020829500000000002
0.00032355700000000003
0.00040347900000000004
0.00033087700000000004
0.00031760800000000004
0.0011547300000000001
0.00036583900000000002
0.00024852100000000003
0.00039207800000000002
0.000214935
0.000221005
0.00021071500000000002
0.00021559500000000001
0.000211055
0.00021625500000000002
0.00023205500000000003
0.00023689500000000001
0.00021852500000000001
0.00022863500000000001
0.00024577600000000001
0.00021894500000000001
0.00022604500000000002
0.00021500500000000002
0.00023263500000000002
0.00021104500000000001
0.00020284400000000001
0.00020360500000000001
0.00020475500000000001
0.00023994500000000001
0.00021391500000000001
0.00021696500000000001
0.000219805
0.000213155
0.00021203400000000002
0.00024278500000000003
0.00023305500000000002
0.000210225
0.00020010500000000001
0.00017193300000000001
0.00021915500000000001
0.00024997600000000001
0.00021586500000000001
0.00023156500000000001
0.00025013600000000003
0.00021789500000000001
0.00022157500000000001
0.00022366500000000001
0.000220955
0.00022492500000000001
0.000157503
0.00015762400000000001
0.00017734400000000002
0.00015869300000000001
0.00015932400000000002
0.00015950300000000002
0.00016087400000000001
0.000162094
0.00017715400000000001
0.000160013
0.00021583500000000002
0.000207495
0.00021323500000000001
0.00020443500000000002
0.00020434400000000002
0.00021201500000000002
0.00023565000000000001
0.00038685900000000003
0.00029204099999999999
0.00021693500000000002
0.00021717500000000001
0.00021668500000000002
0.00021976500000000002
0.00025741100000000003
0.00022007500000000002
0.00022449500000000001
0.00028167099999999999
0.00021817400000000002
0.00021323400000000003
0.000184274
0.00019897500000000003
0.000183394
0.000204255
0.000200664
0.000213365
0.00018575400000000002
0.00021954500000000003
0.00021428500000000001
0.00021690500000000001
0.00022556500000000003
0.00022349500000000001
0.00022925500000000001
0.00022355500000000001
0.000261406
0.000225665
0.00022514500000000003
0.00021926400000000002
0.00021818500000000003
0.00021700500000000001
0.00021445500000000001
0.00021772500000000002
0.00021512500000000001
0.00024478500000000002
0.00023385600000000001
0.00022083500000000001
0.00022043500000000003
0.00022635500000000002
0.000221635
0.00022270500000000002
0.00026058600000000004
0.00022068500000000001
0.00024319500000000001
0.00021463500000000002
0.00021843500000000001
0.00022668500000000002
0.00022017500000000003
0.00020873500000000001
0.00021491400000000002
0.00021507400000000002
0.00021856500000000002
0.00024057600000000002
0.00021411500000000002
0.00022266500000000001
0.00021618400000000002
0.00021984400000000002
0.00025693600000000004
0.00042965500000000003
0.00023760500000000003
0.00027002600000000003
0.00020967500000000001
0.00021316500000000002
0.000205615
0.00020540400000000001
0.00020560500000000001
0.00046677600000000002
0.000238645
0.00022802500000000003
0.00021349500000000002
0.00032178700000000003
0.001230872
0.00026299800000000002
0.00022123500000000002
0.000212284
0.00023324600000000002
0.00021016400000000002
0.00022384500000000002
0.000208865
0.00020787500000000002
0.00020868500000000001
0.00020740400000000001
0.00020682500000000003
0.00026600000000000001
0.00020583400000000001
0.00020337500000000002
0.00023272500000000001
0.00021060500000000002
0.000210905
0.00021510400000000001
0.00022259500000000002
0.00023117600000000001
0.00025130000000000004
0.00021925500000000001
0.00027033600000000004
0.00021787500000000002
0.00021754500000000001
0.00021783500000000002
0.00021795500000000001
0.00022553500000000001
0.00018776400000000001
0.00016881400000000001
0.00018525400000000001
0.00021846500000000002
0.000159154
0.00016053400000000002
0.00016114300000000001
0.00016238400000000001
0.00017613400000000002
0.00016307300000000002
0.000160674
0.00019133400000000001
0.000160254
0.000176584
0.000179884
0.00015850400000000001
0.000171013
0.000212184
0.00022141500000000001
0.00017694400000000001
0.00020946400000000003
0.00019649500000000001
0.000173334
0.000185434
0.00019269400000000001
0.00019306500000000002
0.00022850500000000002
0.00021458500000000002
0.00017310400000000002
0.000188044
0.00019016400000000002
0.00018377400000000002
0.00016180400000000001
0.00018959400000000001
0.000208025
0.000209275
0.00021610500000000002
0.00017304400000000002
0.00023525500000000002
0.00023162500000000001
0.000243095
0.000247486
0.00023193500000000001
0.00022820500000000001
0.00023140500000000001
0.00024630600000000001
0.00022671500000000003
0.00022216500000000003
0.00022495500000000002
0.000291694
0.000247493
0.000245751
0.00020182500000000001
0.00022284900000000001
0.00033829800000000001
0.00020761500000000002
0.00021554500000000001
0.00020967400000000003
0.00022705500000000001
0.00024174000000000003
0.00022328500000000001
0.00023075500000000002
0.000211024
0.000212785
0.00021621500000000002
0.00024385500000000002
0.00021146400000000002
0.00021047500000000001
0.00020731500000000002
0.00021481500000000001
0.00024966499999999999
0.00021673500000000002
0.00021224500000000001
0.00021487500000000001
0.00023650500000000003
0.000217075
0.00021546500000000002
0.00021227500000000002
0.000216424
0.00020708400000000001
0.00044297500000000002
0.00021902500000000002
0.000220275
0.00021845500000000002
0.00022026500000000001
0.00025243500000000002
0.00046529200000000002
0.00023645500000000003
0.00023949500000000002
0.00023884500000000001
0.00023696600000000002
0.00023793500000000002
0.00025214600000000002
0.00023950500000000002
0.00023682600000000001
0.00040762900000000001
0.00024198500000000001
0.00023115500000000001
0.00022861500000000002
0.00030430700000000003
0.00017469300000000002
0.00022716500000000001
0.000209924
0.00025238600000000001
0.00024623400000000001
0.00020091400000000001
0.00022234500000000001
0.00021081500000000002
0.00025125599999999999
0.00021555500000000001
0.00021579500000000002
0.00019779400000000002
0.00023508600000000002
0.00023873000000000001
0.00020884500000000001
0.000229795
0.00019638500000000001
0.00017393400000000002
0.00019743400000000002
0.00020602500000000001
0.000209514
0.00023361600000000002
0.00021589500000000002
0.00019928400000000001
0.000173394
0.00025163600000000001
0.00022382500000000001
0.00022242500000000003
0.000221845
0.00023922500000000003
0.00020045500000000002
0.00017391300000000001
0.00020367400000000002
0.000221635
0.000184234
0.000209385
0.000187574
0.00016907400000000001
0.00019884500000000001
0.00023328500000000001
0.00021869500000000001
0.00020580500000000001
0.00020408400000000002
0.00020478500000000003
0.00020494400000000001
0.00020470500000000001
0.00023273500000000003
0.00021674500000000001
0.000219225
0.00022900500000000001
0.00021415500000000003
0.000200595
0.00020142400000000001
0.00020066500000000002
0.00020093400000000002
0.00020175500000000002
0.00020128400000000001
0.00023949600000000001
0.00020974400000000002
0.00021054500000000002
0.00024184600000000002
0.00021215400000000002
0.00021223500000000002
0.000209855
0.00023231500000000003
0.00022879500000000001
0.00022243500000000002
0.00021602500000000001
0.00020756500000000002
0.00020753500000000001
0.00020696400000000002
0.000220115
0.00020643500000000001
0.00020500500000000002
0.000236655
0.00022335500000000001
0.000218075
0.00021102500000000002
0.00020278400000000002
0.00020724500000000003
0.00022638500000000001
0.00021690500000000001
0.00022188500000000001
0.000240055
0.00027393600000000001
0.00020098400000000003
0.00020186500000000002
0.00020127400000000001
0.000201845
0.00020271400000000002
0.00020251500000000001
0.000203465
0.000210924
0.000209924
0.00020495500000000002
0.00020664500000000001
0.00020646400000000001
0.000204415
0.00020406500000000002
0.00020980400000000001
0.000223095
0.000235116
0.00022742500000000001
0.00020230400000000002
0.00021783500000000002
0.00020112500000000002
0.00022514500000000003
0.00025123100000000003
0.00020864400000000002
0.000270571
0.00021078400000000002
0.00021303500000000001
0.00021254500000000002
0.000222575
0.00021973500000000001
0.00022054500000000002
0.00019952400000000002
0.00023037600000000002
0.00023849500000000003
0.00020754500000000001
0.00020789400000000003
0.00020637500000000002
0.000224825
0.00020785500000000001
0.000189514
0.00015938400000000002
0.00016039300000000002
0.00017980400000000002
0.00016118400000000001
0.000162614
0.00016302300000000001
0.000160364
0.00015959400000000002
0.00015820300000000002
0.00015824400000000001
0.000158293
0.00015835400000000001
0.000158333
0.00021436500000000003
0.00026729100000000001
0.000207445
0.00020772400000000001
0.00020913400000000001
0.00021046500000000001
0.000211475
0.000218175
0.00021971500000000002
0.00024539000000000001
0.000160524
0.000207915
0.00020337400000000001
0.00020167500000000001
0.00020172400000000002
0.00022494500000000002
0.00028610700000000002
0.00026937599999999999
0.00022460500000000001
0.00020778500000000002
0.00022638500000000001
0.00020846500000000002
0.00021134500000000002
0.00021080400000000001
0.00021258500000000003
0.00023538500000000001
0.00016175400000000001
0.000159944
0.000159183
0.00015759400000000002
0.000157603
0.000157794
0.00015774300000000001
0.00020541500000000002
0.00021793500000000002
0.00029610700000000004
0.000207994
0.00020963500000000001
0.000209125
0.00021573500000000002
0.00019384400000000001
0.00021162500000000001
0.00018702400000000002
0.00020893500000000002
0.00019698400000000001
0.00021330500000000001
0.00020098500000000001
0.00021881500000000003
0.00023515000000000002
0.00020023400000000001
0.00021055500000000002
0.00021610500000000002
0.000268671
0.00022719500000000002
0.00022078500000000001
0.00023096600000000001
0.00022397500000000001
0.000224405
0.00021954500000000003
0.00022731500000000001
0.00022923500000000002
0.00024574500000000001
0.00022417500000000001
0.00022437500000000002
0.00022612500000000001
0.00024853200000000004
0.00026749600000000004
0.00029445700000000003
0.00028692700000000003
0.00024584500000000002
0.00024120600000000002
0.00026024500000000004
0.00028843600000000004
0.00026397600000000002
0.00024269600000000001
0.000249855
0.000268516
0.00024680500000000001
0.00024219600000000002
0.00026128600000000001
0.0011836190000000001
0.00025270300000000001
0.000274806
0.00020295500000000002
0.00019526400000000001
0.00019405500000000002
0.00019303400000000002
0.000194995
0.00034484700000000001
0.00025884399999999999
0.000243126
0.00025909500000000004
0.00024292500000000001
0.00023865500000000002
0.00022190500000000002
0.00025558600000000003
0.00021928500000000003
0.00020024500000000002
0.00022928500000000002
0.000212625
0.000214045
0.00024033500000000002
0.00021089500000000001
0.00019933400000000001
0.00025304100000000002
0.00020822500000000001
0.00020910500000000001
0.00020952400000000002
0.00021154400000000001
0.00024629000000000003
0.00022809500000000002
0.00021134500000000002
0.000236426
0.00020756400000000001
0.00022476500000000001
0.000208755
0.00020716500000000001
0.00022494500000000002
0.00023007500000000002
0.00024268600000000001
0.00022020500000000001
0.00022730500000000002
0.00016772300000000002
0.00020238400000000001
0.00022575500000000001
0.00021834500000000002
0.00020265500000000002
0.000228755
0.00022324500000000001
0.00018594400000000001
0.00020005500000000001
0.00019337400000000001
0.00016422400000000001
0.00021133500000000002
0.00020121400000000002
0.00020118500000000002
0.00022546500000000002
0.00020577400000000001
0.00022850600000000001
0.00020648400000000002
0.000207505
0.000207765
0.00020858400000000002
0.00024605600000000003
0.00023248500000000002
0.0017059640000000001
0.000312527
0.000211895
0.00020978500000000001
0.00020839400000000001
0.000208025
0.000207815
0.00020774400000000002
0.00020700500000000001
0.00023506500000000001
0.00022047500000000001
0.00015848400000000002
0.00015895300000000001
0.000160144
0.00016050300000000002
0.00016165400000000001
0.00016296400000000001
0.000162633
0.00016028400000000001
0.000159283
0.00015839400000000002
0.00015833400000000002
0.00017602400000000002
0.000158183
0.00015820400000000001
0.000174394
0.00015853300000000001
0.000158164
0.000161473
0.00015911400000000002
0.000160094
0.00017290400000000001
0.00016107300000000002
0.00018440400000000002
0.000179994
0.00016047400000000002
0.00015939400000000001
0.000167183
0.00024997600000000001
0.00021354500000000002
0.00021198500000000001
0.00021180400000000001
0.00021812400000000001
0.00021726400000000003
0.00020667500000000002
0.00020827500000000001
0.00023055500000000002
0.000208335
0.00021355400000000002
0.00023134500000000002
0.00021187500000000001
0.00021789400000000002
0.00020984500000000001
0.00020944500000000003
0.00021117500000000002
0.00023286500000000001
0.00020928500000000003
0.00020515400000000001
0.00021060500000000002
0.00020620500000000002
0.000243825
0.00021070500000000002
0.00020876500000000002
0.00020828400000000001
0.00023547600000000001
0.00021277400000000002
0.00022601600000000003
0.00021032400000000001
0.00021133500000000002
0.00021638500000000001
0.00020960500000000002
0.00041494900000000001
0.00020566400000000001
0.00020570400000000002
0.00020824500000000002
0.00022338500000000002
0.00020659500000000001
0.00020751400000000001
0.00024986100000000004
0.00017081400000000001
0.00018416400000000001
0.000197085
0.00023158500000000003
0.000214305
0.00019575400000000002
0.000166854
0.00021429500000000001
0.000216555
0.00020745400000000001
0.00022091500000000002
0.000232136
0.00019636400000000001
0.000195534
0.00019671400000000001
0.00017411400000000001
0.000183654
0.000220165
0.00019730400000000001
0.00019127400000000001
0.000170834
0.00019869400000000002
0.00026526100000000003
0.00021270500000000002
0.00021071500000000002
0.00020915500000000001
0.00020885400000000002
0.00017178400000000002
0.000158154
0.000158073
0.00015818400000000002
0.00018944400000000001
0.000157944
0.00015798300000000002
0.000158214
0.00015894300000000001
0.00015977400000000001
0.00017570400000000002
0.00018978400000000002
0.00016243400000000001
0.00016209300000000001
0.000160194
0.00020625500000000002
0.00017673400000000001
0.00015779300000000001
0.00015802400000000002
0.00015801300000000001
0.000157894
0.00015785300000000001
0.00015793400000000001
0.00015800300000000001
0.00015799300000000002
0.000158064
0.00015971300000000002
0.00016038400000000001
0.00017798400000000001
0.00016240300000000001
0.00016216400000000001
0.00016022400000000002
0.00015983300000000001
0.000158214
0.00015746300000000002
0.00016149400000000001
0.00020800500000000001
0.00024615500000000002
0.00018065400000000001
0.00020585500000000001
0.000158004
0.000158343
0.00015919400000000001
0.00015984300000000001
0.00016568400000000001
0.000203365
0.00017786400000000002
0.00016198300000000001
0.00053705700000000007
0.00025212600000000003
0.00017651400000000001
0.00017473400000000001
0.000195014
0.00020535400000000001
0.00018205400000000002
0.00024430600000000002
0.00017330400000000002
0.00016801300000000001
0.00019990400000000002
0.00017980400000000002
0.00016038400000000001
0.000160543
0.00016170400000000001
0.00016230400000000002
0.00016251300000000001
0.00016006400000000002
0.000159703
0.000158214
0.00015830400000000001
0.000157763
0.000178464
0.000158524
0.00024679500000000001
0.000207975
0.00020777400000000001
0.00024242600000000001
0.00019829400000000001
0.00017728400000000002
0.00016071400000000001
0.00017419400000000002
0.00019377400000000002
0.00018289400000000001
0.000167474
0.00017991400000000001
0.00020161500000000001
0.00019999400000000002
0.00018533500000000001
0.00018939400000000001
0.000182184
0.00018230400000000002
0.00018295400000000001
0.00020632500000000001
0.000184234
0.00018219400000000002
0.00016654400000000002
0.00021975500000000003
0.00016105400000000002
0.00016191300000000002
0.00016212400000000001
0.00015999300000000001
0.000159414
0.00017154400000000001
0.00015780300000000001
0.00016301300000000002
0.00015698400000000001
0.000157023
0.000156854
0.00015749400000000002
0.00015737300000000001
0.00015767400000000001
0.00021159400000000001
0.00020924500000000002
0.00016927400000000002
0.00016075400000000001
0.000180934
0.000162743
0.000159684
0.00018409400000000002
0.00015746400000000001
0.00015706300000000001
0.00015760400000000002
0.000157083
0.00015751400000000001
0.00015757300000000002
0.00015760400000000002
0.00015762300000000002
0.000157434
0.000177634
0.00015940400000000001
0.00015973300000000001
0.000161414
0.00016204300000000001
0.00016220400000000002
0.00044602000000000004
0.000197915
0.00015920300000000001
0.00015749400000000002
0.00021518400000000002
0.000157813
0.00015749400000000002
0.00015756300000000002
0.000157484
0.00020763400000000002
0.000231816
0.00021220400000000002
0.00020942400000000002
0.00022489500000000002
0.00023580600000000003
0.00016920300000000001
0.00017146300000000001
0.00015950400000000001
0.00016651400000000001
0.00020386400000000003
0.00021300500000000002
0.00021311500000000002
0.000222155
0.00025205600000000001
0.00023563500000000002
0.00021789500000000001
0.00021981500000000002
0.00022667500000000002
0.00020510500000000002
0.00021743500000000001
0.00021766500000000002
0.00021213500000000001
0.00021574400000000003
0.00025596500000000003
0.00022185500000000002
0.00024126600000000002
0.00021688400000000001
0.00023541500000000002
0.00021476500000000001
0.00025426499999999999
0.00021517500000000001
0.000212425
0.00023333500000000001
0.000212735
0.00024388600000000002
0.00021414400000000002
0.00021395500000000002
0.00021663500000000002
0.00025337600000000004
0.00021831500000000001
0.00023544500000000001
0.00022057500000000001
0.000217135
0.00024630499999999999
0.00022290400000000001
0.00024900500000000001
0.00021579500000000002
0.00024030500000000001
0.00021382500000000001
0.00023334500000000001
0.00021480400000000003
0.00023486600000000002
0.00021414400000000002
0.00021404400000000001
0.00023612600000000002
0.00021967500000000001
0.00023957500000000001
0.00022029500000000002
0.000241785
0.00024539599999999999
0.000224825
0.000227075
0.00054900800000000003
0.00023418500000000001
0.00032352200000000002
0.00043152000000000002
0.00023803500000000002
0.00020530400000000001
0.00021254500000000002
0.00021070500000000002
0.00023609500000000002
0.00023306500000000002
0.00020041500000000001
0.00024529500000000003
0.000199805
0.00024038500000000002
0.00019699500000000002
0.00018859400000000002
0.00019163400000000002
0.00019423500000000001
0.00021774500000000001
0.00019295400000000001
0.00020527500000000002
0.00022201500000000002
0.00022648500000000001
0.00024738500000000003
0.00019930500000000002
0.00021186500000000002
0.00019722400000000002
0.000198445
0.00021110400000000002
0.00020766400000000001
0.00023414600000000002
0.00019701400000000002
0.00023275500000000002
0.00027790200000000001
0.00021106500000000003
0.00020928500000000003
0.00020796400000000002
0.00022364500000000002
0.00020817500000000001
0.000207655
0.00028900099999999999
0.000239485
0.00025064600000000004
0.00020721500000000001
0.00021814500000000002
0.000216104
0.00024903499999999999
0.00023446500000000003
0.000194675
0.00019041400000000002
0.00018885400000000002
0.00020159500000000002
0.00023682500000000002
0.00022127500000000003
0.00018969500000000001
0.000190244
0.00020129500000000002
0.00023604500000000002
0.00019461400000000002
0.00020162500000000001
0.00021886500000000003
0.00020591500000000001
0.00020915400000000002
0.00021584500000000002
0.00022915500000000001
0.00023036600000000002
0.000249101
0.000278993
0.00024895800000000002
0.000221165
0.00023665600000000002
0.00020560400000000002
0.00020301500000000002
0.00020229400000000003
0.00020198500000000001
0.00020944500000000003
0.00022692500000000003
0.00020392400000000002
0.00021239500000000002
0.00020523500000000001
0.00021679500000000001
0.00020366400000000002
0.000203575
0.00020250400000000002
0.00020625500000000002
0.00022986500000000002
0.00020837500000000001
0.00021607500000000001
0.00020947500000000001
0.00023413500000000001
0.00020704500000000002
0.00020314400000000002
0.000217075
0.00020876500000000002
0.00023384500000000002
0.000213205
0.00021486500000000001
0.00025968600000000002
0.000211504
0.00022208500000000001
0.00020852400000000002
0.00021510500000000002
0.00022476500000000001
0.00021301500000000002
0.00020468500000000002
0.000216715
0.00019973400000000002
0.000206765
0.00022457500000000002
0.00020130400000000002
0.000217705
0.00021745500000000002
0.000215665
0.000213205
0.00020502500000000001
0.000191714
0.00016557400000000001
0.00019591400000000002
0.00019591500000000001
0.000183384
0.00020693400000000001
0.00019914500000000002
0.000220535
0.00022916500000000001
0.00069197600000000007
0.00021887500000000002
0.0019178870000000001
0.00067569600000000004
0.00031959700000000002
0.00022832500000000001
0.00025552600000000001
0.00025780600000000002
0.00025251500000000003
0.000255546
0.00024750600000000004
0.000261196
0.000253305
0.00020829500000000002
0.00021698500000000002
0.00020118500000000002
0.00019997400000000001
0.00019941500000000001
0.000206844
0.00020672500000000002
0.000226865
0.00022046500000000001
0.000210165
0.00021138500000000002
0.0041424119999999998
0.00021094500000000001
0.00026541600000000004
0.00025656600000000001
0.00020764400000000002
0.00023078600000000002
0.00020700400000000003
0.00020583500000000002
0.00020637500000000002
0.00020848400000000002
0.00023933600000000001
0.000208254
0.0011098950000000001
0.000245696
0.000721526
0.000203885
0.00020428400000000002
