34.982906348231062
0.00022276000000000002
0.00017343400000000001
0.000195632
0.00017115900000000002
0.00017096400000000001
0.00017124600000000001
0.00017109500000000001
0.000170824
0.000171452
0.00017109500000000001
0.00017110500000000001
0.00017093200000000002
0.00024464400000000002
0.00017502700000000002
0.00020427800000000001
0.00017601300000000001
0.00019924000000000002
0.000173716
0.00017242700000000001
0.000171571
0.000171149
0.00019140700000000002
0.00021607600000000002
0.00021870800000000002
0.00077683200000000009
0.00025863200000000001
0.00043301800000000002
0.00038715200000000004
0.00022452600000000001
0.00019951100000000001
0.000174215
0.000195188
0.00017662
0.00017608900000000001
0.00017413900000000002
0.00017340200000000002
0.00017310900000000001
0.00019097500000000002
0.000171387
0.000171084
0.00017089900000000002
0.00017105200000000002
0.00018867800000000001
0.00018547100000000001
0.000171008
0.000171745
0.00017265500000000002
0.00017361900000000002
0.00017452900000000001
0.000208731
0.000176338
0.00018198200000000002
0.00017269800000000002
0.000171485
0.00018863500000000001
0.00017131200000000002
0.00017625200000000001
0.000179242
0.00018917600000000002
0.000171344
0.000171084
0.000189891
0.000172373
0.00019084400000000002
0.00017418200000000002
0.00017530900000000001
0.00017566700000000001
0.00019354100000000001
0.000173575
0.000197085
0.000173294
0.000171149
0.00018810300000000001
0.00020576200000000001
0.00017117100000000002
0.00019170000000000002
0.00018890500000000001
0.00017139800000000001
0.000171387
0.000172091
0.00017273000000000001
0.00017378200000000001
0.00019165600000000001
0.000175439
0.000175818
0.00019179700000000001
0.000190053
0.00017143100000000002
0.000171268
0.00017118100000000001
0.00017106200000000001
0.00017122400000000001
0.000188049
0.000171366
0.00017150700000000002
0.00020226300000000003
0.00017420400000000001
0.000208471
0.00017404100000000002
0.00017478900000000001
0.000175558
0.00017676100000000002
0.00017397700000000002
0.00017262200000000002
0.00018831000000000002
0.00017173400000000002
0.00018585000000000002
0.00017156000000000002
0.000171452
0.00019002
0.00018865600000000002
0.00031215800000000004
0.00026661400000000003
0.00022403800000000003
0.00028029700000000004
0.00028163
0.00034087900000000004
0.000175439
0.00023931400000000002
0.00023276000000000001
0.00024081900000000003
0.00022754800000000002
0.00024472000000000003
0.00022870800000000002
0.00022658500000000001
0.00022649700000000001
0.00019149400000000001
0.00017158200000000001
0.00020844300000000002
0.00018945800000000001
0.00017265500000000002
0.00017304500000000001
0.00018787600000000002
0.00022345400000000002
0.00022973700000000001
0.00023206600000000001
0.00024750400000000001
0.00027286600000000003
0.00023259600000000001
0.00023284500000000002
0.00023425500000000003
0.00025507600000000002
0.00023272700000000001
0.00023338800000000001
0.00023721200000000002
0.00025547699999999999
0.000257309
0.00025622500000000001
0.00023901
0.00023827300000000003
0.00031371900000000001
0.000240635
0.00025883600000000003
0.00026512000000000004
0.000238924
0.00024271500000000001
0.000238046
0.00022800300000000001
0.00025412399999999999
0.00023343100000000001
0.00023226100000000002
0.00023275900000000003
0.00028434900000000004
0.00026861300000000001
0.00026374800000000001
0.00025608400000000001
0.00023141600000000002
0.00023612900000000002
0.00023805700000000001
0.00024176200000000002
0.00024632300000000001
0.00028103399999999999
0.00023764500000000001
0.00023646500000000002
0.00023609600000000001
0.00023548900000000002
0.000237137
0.00022974700000000001
0.00024086300000000001
0.000233756
0.000244849
0.00063748500000000003
0.00037757100000000005
0.00022272700000000001
0.00028507500000000003
0.000178884
0.00023215200000000001
0.00021251100000000003
0.00017365200000000002
0.00017283900000000002
0.00017107300000000002
0.000171106
0.00019001000000000001
0.000172991
0.00033196300000000001
0.000231351
0.00023792700000000003
0.00023350700000000001
0.00028431600000000001
0.00027466400000000004
0.00023316000000000002
0.00023516500000000002
0.00023212000000000002
0.00022977000000000002
0.00022606400000000002
0.000249032
0.00023361500000000001
0.00022916200000000001
0.00022801400000000002
0.00022602100000000002
0.00024590000000000001
0.00022562000000000003
0.00022659500000000001
0.00023058100000000002
0.00027302700000000001
0.00023724400000000001
0.00022893500000000002
0.000229466
0.00023890200000000001
0.00025217400000000003
0.00023569500000000001
0.00025180500000000002
0.000232272
0.00025009300000000001
0.00023295400000000001
0.00022882700000000002
0.00022707200000000001
0.00022676800000000002
0.00024467600000000004
0.00022361600000000002
0.00022577100000000002
0.00024677800000000001
0.00025366800000000002
0.00022736400000000003
0.00023543500000000001
0.00022998500000000001
0.00023019100000000001
0.00023003000000000002
0.00023623700000000001
0.00024606300000000003
0.00022983400000000002
0.000249876
0.00025278000000000003
0.00023297600000000003
0.00022454800000000001
0.00022446100000000002
0.00022475300000000001
0.00022966100000000001
0.00024797000000000003
0.00022865400000000001
0.00026708
0.00058120700000000003
0.00018160300000000002
0.00024168400000000001
0.00026261700000000004
0.00030225600000000004
0.00028137000000000003
0.00021025800000000001
0.00017107300000000002
0.00017085600000000002
0.00017095400000000002
0.00017118100000000001
0.00017123600000000001
0.00017123600000000001
0.00017885200000000001
0.00022235900000000002
0.00019368300000000002
0.00017318600000000001
0.00017404100000000002
0.00017560200000000002
0.000176338
0.00017623000000000001
0.000174432
0.00017331600000000002
0.00017219900000000002
0.00017089900000000002
0.00017135500000000002
0.00017167900000000002
0.00019004300000000001
0.00017101900000000001
0.00017145300000000001
0.000170781
0.00017084500000000001
0.000190194
0.000173413
0.000174215
0.000196565
0.00022183900000000002
0.00017671700000000001
0.00017356500000000001
0.00019214500000000001
0.00017162500000000001
0.000171084
0.00017144100000000001
0.00017164700000000001
0.00017221100000000002
0.00024357100000000002
0.00017157200000000002
0.00017116000000000001
0.00017118100000000001
0.000172936
0.000172633
0.00017370500000000002
0.00019464700000000002
0.00017580700000000002
0.00017582900000000001
0.00019417000000000002
0.000177324
0.00017233
0.00023067900000000002
0.00017164800000000002
0.00017123500000000002
0.00017109500000000001
0.00017102900000000001
0.000171149
0.00017106200000000001
0.00017104000000000002
0.00017173400000000002
0.00019367100000000002
0.00017409500000000001
0.00017510300000000002
0.00017594800000000002
0.000175439
0.00017405200000000001
0.00019041000000000002
0.00017104000000000002
0.00017084500000000001
0.00017130000000000002
0.00018572
0.00017140800000000001
0.00019025900000000002
0.00020493900000000001
0.00017168000000000001
0.00019437600000000001
0.00017291500000000002
0.00017274100000000002
0.000173413
0.00018759400000000002
0.000175873
0.00017542800000000002
0.00023311700000000002
0.00023200100000000002
0.00063523700000000008
0.00021863300000000001
0.00022605300000000001
0.00025913900000000003
0.000281196
0.00023723400000000001
0.00025762199999999999
0.00018904600000000001
0.00020195900000000001
0.000187183
0.00020935800000000001
0.00017985900000000001
0.00020047600000000002
0.00025158800000000002
0.00026813600000000004
0.00023298700000000001
0.00022978000000000001
0.00022637800000000001
0.00023357200000000001
0.000246767
0.00022693000000000002
0.00023412400000000002
0.00024670200000000001
0.000189111
0.00022848000000000001
0.000171008
0.00017276300000000001
0.00020594600000000001
0.00024788300000000001
0.00024929100000000001
0.00023148100000000002
0.00023241200000000001
0.000276641
0.00020029100000000001
0.00018810300000000001
0.00017701000000000001
0.00017156000000000002
0.00017328300000000001
0.00023096100000000001
0.00017558000000000002
0.00019332500000000002
0.00019374800000000002
0.00017197300000000002
0.00024352800000000002
0.00019151500000000001
0.00017380300000000002
0.000189371
0.00017593700000000001
0.000175992
0.00019192800000000001
0.000172795
0.00017147400000000002
0.00017146300000000001
0.00019051900000000002
0.000171387
0.00017153900000000001
0.00018828800000000002
0.00018826500000000001
0.00017135500000000002
0.000171182
0.00017276300000000001
0.00019024800000000001
0.00017448500000000002
0.00017507000000000002
0.000175515
0.00022541400000000001
0.00020050800000000001
0.00019629400000000001
0.00017273000000000001
0.000170965
0.000171213
0.00017173400000000002
0.000171528
0.00017098600000000001
0.000171008
0.00018799500000000002
0.00017186400000000001
0.000204744
0.00017324000000000002
0.00023264000000000002
0.00021995400000000002
0.00022122100000000002
0.00024235800000000003
0.00022057100000000003
0.00021934700000000003
0.00023209900000000002
0.00023779700000000001
0.00025825000000000002
0.00018881800000000002
0.00017139800000000001
0.00017103000000000002
0.00018710700000000002
0.000185384
0.00017136500000000001
0.000172373
0.000172666
0.00019174400000000001
0.00022999700000000001
0.00017585100000000001
0.00017632700000000002
0.000173847
0.00017347800000000002
0.00017964200000000001
0.00018160300000000002
0.000192339
0.00019324900000000002
0.00022853500000000001
0.00017011900000000002
0.00017402000000000002
0.00021049600000000001
0.00017135500000000002
0.00019008600000000001
0.00018969600000000002
0.00017372700000000001
0.00022671400000000001
0.00024101500000000002
0.00026547700000000002
0.00024274800000000001
0.00026325600000000002
0.00025157800000000002
0.00023473100000000001
0.00025161000000000004
0.00024526100000000004
0.000250895
0.00025057000000000004
0.000275443
0.00023543600000000003
0.00023546800000000002
0.00025390600000000003
0.00027341700000000003
0.00024556400000000004
0.00026438300000000003
0.00024308400000000002
0.00028076300000000001
0.00023696300000000003
0.00022854600000000002
0.00025327900000000003
0.00023266200000000002
0.00025307300000000003
0.000241773
0.00026389499999999999
0.00021988900000000002
0.00024423199999999999
0.00022211000000000003
0.00021805800000000001
0.00025451299999999999
0.00022094000000000001
0.00024230400000000002
0.00024116600000000001
0.00025343000000000002
0.00022400600000000001
0.00022134100000000001
0.00024024500000000001
0.00021969400000000001
0.00036156000000000003
0.00023004000000000001
0.000279571
0.00023271600000000003
0.00026120800000000002
0.00024172900000000002
0.00026453400000000003
0.00024985400000000004
0.00022234800000000001
0.00023567400000000001
0.00025776299999999999
0.000229368
0.00022943300000000002
0.00024678900000000003
0.00024301900000000003
0.00024693000000000002
0.00023398300000000003
0.00027120700000000003
0.00023971500000000002
0.00027800000000000004
0.00022692
0.00024548800000000003
0.00022533900000000002
0.00022585900000000002
0.00024584600000000003
0.00022643300000000001
0.00025020200000000004
0.00022821000000000001
0.00024697200000000003
0.00022979000000000001
0.00022891300000000002
0.00025671200000000003
0.00022679000000000002
0.00024872800000000004
0.000225782
0.00023957400000000002
0.00024862000000000002
0.00025817500000000003
0.00022644300000000003
0.00024249800000000001
0.00024975700000000003
0.00022548000000000002
0.00025022299999999999
0.00022761300000000002
0.00026775700000000003
0.00023189200000000001
0.00023823000000000003
0.00024004000000000001
0.00023853400000000002
0.00023599800000000001
0.00023525100000000001
0.00024142600000000002
0.000208199
0.00017017400000000001
0.000170261
0.00017065100000000002
0.000171127
0.000171072
0.00017065100000000002
0.00018637000000000002
0.00017303400000000002
0.00017365100000000001
0.000175558
0.00017578600000000001
0.000194711
0.00017346700000000001
0.00017294700000000001
0.000172957
0.00018839600000000002
0.00017132200000000001
0.00017129000000000002
0.00017137600000000002
0.000170791
0.000171127
0.00018000000000000001
0.000292696
0.00025499000000000002
0.00017357600000000002
0.000177746
0.000175081
0.00019786400000000002
0.00020553500000000002
0.00019848200000000001
0.00025420999999999999
0.00021356200000000001
0.00017151700000000002
0.00017110500000000001
0.000171268
0.00018262200000000001
0.00017256800000000001
0.000171712
0.00017167900000000002
0.00017117
0.00017265500000000002
0.000172893
0.00024508700000000001
0.00022191500000000002
0.00026169600000000001
0.00023518600000000002
0.00025393900000000001
0.00023357200000000001
0.00023565200000000001
0.00023240100000000003
0.00022527300000000001
0.00023176300000000001
0.00017113800000000001
0.000170769
0.000170693
0.00017067300000000001
0.00017091100000000002
0.00017153900000000001
0.00017267700000000001
0.00017326100000000002
0.000174258
0.00023659500000000001
0.00024341900000000001
0.00017691200000000002
0.00017222100000000002
0.00017093200000000002
0.00017097500000000002
0.00018563300000000002
0.00024357100000000002
0.00019530700000000001
0.00017109500000000001
0.00017107300000000002
0.00017081300000000002
0.00017096400000000001
0.00019303200000000002
0.00017304500000000001
0.00017414900000000002
0.000188147
0.00017514600000000002
0.00017727000000000002
0.00018299000000000001
0.00019706200000000002
0.00024073300000000003
0.00017741000000000002
0.000170693
0.00017099700000000002
0.00019213300000000001
0.000171051
0.000171051
0.00017062800000000001
0.00017111700000000001
0.00017206900000000001
0.00017354300000000002
0.00017352100000000002
0.00017470200000000002
0.00017560200000000002
0.00017563400000000001
0.000188309
0.00019098500000000002
0.00017130100000000001
0.000189111
0.00017065100000000002
0.00017063900000000002
0.00017055300000000002
0.00020505800000000001
0.000171008
0.00017070400000000001
0.000170521
0.000172287
0.00019762600000000001
0.00070210699999999999
0.00026810899999999999
0.00023448100000000001
0.00023384300000000002
0.00023021400000000002
0.00022773200000000002
0.00027180900000000003
0.00025143700000000003
0.00024498
0.00023170900000000003
0.00029402300000000003
0.00024948599999999999
0.00023203400000000002
0.00027038400000000003
0.00023413500000000001
0.00029939700000000002
0.00023531600000000001
0.00025947500000000001
0.00023956300000000001
0.000238046
0.00025998500000000001
0.00023189300000000002
0.00025867400000000002
0.00025533700000000001
0.00025207500000000004
0.00023206600000000001
0.00029259300000000001
0.00023183800000000003
0.00024538100000000003
0.00022308500000000001
0.00018813600000000002
0.00021883800000000001
0.00020041000000000001
0.00022017100000000002
0.000210788
0.00023373500000000002
0.00026882400000000003
0.00023725500000000002
0.00025513000000000001
0.00023124200000000002
0.000257481
0.000250981
0.00027345000000000001
0.00023214200000000001
0.00029015600000000002
0.00023261900000000002
0.00025692900000000003
0.00023222800000000001
0.00023254300000000001
0.00023442800000000001
0.00024267200000000001
0.00027094700000000001
0.00023540300000000002
0.00024348500000000002
0.00023635600000000001
0.000269876
0.00023449300000000001
0.000233193
0.00025373400000000003
0.000266171
0.00025247600000000001
0.00023189300000000002
0.000260222
0.00023164400000000001
0.00025704900000000003
0.00023285700000000002
0.00023407000000000001
0.000234319
0.00024010500000000001
0.00072972800000000002
0.00023286800000000001
0.00023125400000000002
0.000272589
0.00025327800000000001
0.00023911800000000002
0.00024561900000000003
0.00023833800000000002
0.00025793700000000002
0.00025438300000000001
0.00022728800000000002
0.00025572700000000003
0.00024651800000000004
0.00023470900000000002
0.000236302
0.000244405
0.00023689800000000001
0.00023779700000000001
0.00023766700000000003
0.00023727700000000001
0.00028043800000000004
0.00024015800000000003
0.00023972500000000001
0.00023588000000000003
0.00023310600000000001
0.00022931400000000002
0.00023206600000000001
0.00021815500000000001
0.00022343200000000003
0.00025700400000000002
0.00024259600000000001
0.00024741699999999999
0.00023228300000000001
0.00024276900000000002
0.00023251000000000001
0.00023640000000000003
0.00023847900000000002
0.00025475200000000002
0.00025869500000000003
0.00023361500000000001
0.00023266100000000003
0.00023287900000000002
0.00024560800000000002
0.00023859900000000001
0.00023737400000000002
0.00023612800000000003
0.00022710500000000002
0.00025404700000000003
0.00023878300000000001
0.00023459000000000002
0.000237082
0.00025883600000000003
0.000243138
0.00025530400000000003
0.00023618300000000003
0.000235326
0.00025900900000000004
0.00024081900000000003
0.00023957400000000002
0.00023907500000000002
0.00023893500000000002
0.00022822000000000001
0.00023205500000000003
0.00023158900000000001
0.00023443800000000001
0.00026037400000000001
0.00023693100000000001
0.00024423199999999999
0.00026480600000000003
0.00053133300000000004
0.00028681900000000001
0.00023373400000000001
0.00023333300000000001
0.00029186800000000003
0.00023701700000000001
0.000235023
0.00019434300000000001
0.00017143
0.00019278400000000002
0.00018916500000000001
0.00017186400000000001
0.00017066100000000001
0.000172578
0.00017309900000000002
0.000174279
0.00017549300000000001
0.000175114
0.00017651100000000002
0.00021221900000000001
0.000172969
0.00019203500000000001
0.00017127900000000001
0.000171311
0.00017116000000000001
0.00018593600000000002
0.00017135500000000002
0.00017131200000000002
0.000171409
0.00017110500000000001
0.00017202600000000001
0.000172948
0.00017368400000000001
0.00019402900000000002
0.00017611100000000001
0.00017585000000000002
0.00017354300000000002
0.00017273100000000002
0.00017162500000000001
0.00017162500000000001
0.00017125700000000002
0.000180736
0.00017158200000000001
0.00017159300000000002
0.000171767
0.00018967500000000002
0.00017160300000000002
0.000172492
0.00017379300000000002
0.00017432300000000002
0.00017488700000000001
0.00017549300000000001
0.00020129900000000003
0.000219022
0.00021961800000000001
0.00021814500000000002
0.00021628200000000001
0.00019336800000000002
0.00017168000000000001
0.000171614
0.000171409
0.000170965
0.00017120300000000001
0.00018137600000000002
0.00017251400000000002
0.000173012
0.00017360800000000001
0.000174821
0.00017567700000000001
0.00019457100000000002
0.000188168
0.00017262200000000002
0.00020418500000000001
0.000171485
0.000187648
0.00017137600000000002
0.00017124600000000001
0.00018811400000000002
0.00017159300000000002
0.000171008
0.00018841800000000001
0.00017213500000000002
0.000173554
0.000193184
0.00017490800000000001
0.00018578500000000002
0.00020397500000000001
0.00019941400000000003
0.00017264400000000001
0.00030426100000000001
0.00022750500000000002
0.000285335
0.00022978000000000001
0.00026141400000000001
0.00023001800000000002
0.00022277100000000003
0.00021990000000000001
0.000231697
0.000259454
0.00022961800000000001
0.00024562999999999999
0.000232489
0.000264718
0.00023224000000000001
0.00025948600000000002
0.00023657200000000002
0.00023554400000000002
0.00025065600000000003
0.000255109
0.00024917200000000003
0.00022841500000000001
0.000254069
0.00022759100000000002
0.00022777600000000001
0.00023570600000000002
0.000228545
0.00026178300000000002
0.00023007300000000002
0.00026828300000000002
0.000231568
0.00025818600000000004
0.00023032200000000001
0.00026464199999999999
0.000235252
0.00022799300000000001
0.00023112300000000002
0.00022919500000000002
0.00027585500000000003
0.00022985600000000002
0.00024293200000000001
0.00022589100000000001
0.000249411
0.00023635600000000001
0.00023073400000000002
0.00025886800000000004
0.00024593299999999999
0.000250981
0.00023050600000000001
0.00025666900000000001
0.00023023500000000002
0.00025352799999999999
0.00023643200000000002
0.00022717000000000001
0.00023490400000000003
0.000226822
0.00025675600000000002
0.00022581500000000001
0.00024827300000000003
0.00022749400000000001
0.00026084000000000003
0.000236779
0.00026051500000000001
0.00022699600000000001
0.00023254300000000001
0.00025515200000000003
0.00023158900000000001
0.00025183700000000004
0.00022870800000000002
0.00040430900000000005
0.00024178300000000003
0.00023967200000000002
0.00022891300000000002
0.00026010400000000004
0.00024005000000000001
0.00026290900000000003
0.00024202200000000002
0.00027214000000000003
0.00025906300000000002
0.00026947400000000002
0.00024519599999999999
0.000244167
0.00024658300000000003
0.00024319200000000001
0.00028159700000000002
0.00024097100000000001
0.00026138100000000004
0.00024223900000000002
0.000258077
0.00023797000000000003
0.00026898699999999999
0.00024000700000000001
0.00026845600000000003
0.00028356300000000002
0.00017931800000000001
0.00018852500000000002
0.00020339000000000002
0.00022298800000000003
0.00021128700000000003
0.00017522200000000002
0.000173153
0.00017192800000000001
0.00017095400000000002
0.00019343300000000002
0.00017113800000000001
0.00017109500000000001
0.00017090000000000001
0.00017085600000000002
0.00017544900000000002
0.000172611
0.00017077000000000002
0.00017234000000000002
0.00017277400000000002
0.000173587
0.000174995
0.00020432100000000001
0.000176035
0.00017348900000000001
0.00017281800000000001
0.000172351
0.00017101900000000001
0.000170564
0.00017087800000000001
0.00017062900000000002
0.00017121400000000002
0.000170693
0.000170867
0.00017094300000000001
0.00019061700000000002
0.000173022
0.00017347800000000002
0.00017424700000000001
0.00017485300000000001
0.00017510300000000002
0.00017276300000000001
0.00019139600000000001
0.00019407200000000002
0.00017084500000000001
0.00018093100000000001
0.00017065
0.00021195900000000001
0.00017190700000000001
0.00017188500000000001
0.00017142000000000001
0.00017130100000000001
0.000172416
0.000173456
0.00017409600000000002
0.000175124
0.00022374600000000001
0.00021396800000000001
0.000173912
0.00020226300000000003
0.00021042000000000001
0.00017273100000000002
0.000171311
0.00017201600000000001
0.00017157200000000002
0.00017124600000000001
0.00017150600000000001
0.000181029
0.00019301100000000001
0.000172709
0.00017339100000000001
0.000173511
0.0001752
0.00017552600000000001
0.00017619700000000001
0.00019147200000000001
0.00017265500000000002
0.00017238400000000001
0.00017139800000000001
0.00017117100000000002
0.00019016200000000001
0.000171485
0.000171051
0.000171387
0.00020710500000000002
0.00020283700000000001
0.00019476600000000003
0.00017358600000000001
0.00017376000000000002
0.00018302200000000002
0.00017580700000000002
0.00017604600000000001
0.000192556
0.00017354300000000002
0.00017153900000000001
0.00019461500000000001
0.00017679300000000001
0.000172232
0.00017340300000000001
0.00018211300000000002
0.000180108
0.000171268
0.00017156100000000001
0.00017228600000000001
0.00019487400000000002
0.000173912
0.00017533100000000001
0.000175959
0.00017612200000000002
0.00017379200000000001
0.00017338000000000002
0.000183217
0.00017093200000000002
0.000171213
0.00017095400000000002
0.00017118100000000001
0.00018930600000000001
0.000171442
0.00017137700000000001
0.00017173400000000002
0.00017248100000000002
0.00017364100000000001
0.00017360800000000001
0.000175179
0.00017593700000000001
0.00017583900000000001
0.00021002000000000003
0.00018746400000000001
0.000191418
0.00017146300000000001
0.00017125700000000002
0.00017102900000000001
0.00017110500000000001
0.000171409
0.000180714
0.00017130100000000001
0.00017116000000000001
0.000172611
0.00017257900000000002
0.00017351000000000001
0.00017500600000000001
0.00019430000000000001
0.00017593700000000001
0.000172795
0.000173294
0.00017270800000000001
0.00017142000000000001
0.00017134300000000002
0.000192079
0.00017155000000000002
0.00017121400000000002
0.00024559700000000001
0.00026280100000000001
0.00022881600000000001
0.00022277100000000003
0.00023981200000000003
0.00022172000000000001
0.00022912
0.00023113400000000003
0.000193878
0.000173771
0.00017250300000000001
0.00019310800000000002
0.000171366
0.00018574100000000001
0.00018890500000000001
0.00018416
0.00017189700000000001
0.000171084
0.00017117100000000002
0.000171127
0.000172535
0.00017318600000000001
0.000174215
0.00017554700000000002
0.000196023
0.00020985700000000001
0.00022180700000000003
0.00021735400000000001
0.00021778700000000002
0.00018776800000000002
0.000171528
0.000171473
0.00017123600000000001
0.000171344
0.00017077000000000002
0.00019319500000000001
0.00017153900000000001
0.00017248100000000002
0.00017344600000000001
0.000173456
0.000175179
0.000176035
0.00017601300000000001
0.000173499
0.000172807
0.000171798
0.00017150600000000001
0.00020445100000000003
0.00017135500000000002
0.00019263100000000002
0.000171127
0.000170748
0.00017137600000000002
0.00017084500000000001
0.000172146
0.000172893
0.00022362600000000002
0.00022789500000000001
0.00021244700000000002
0.00020900200000000002
0.00017384600000000002
0.000172893
0.00017277400000000002
0.00017535200000000001
0.00017080200000000001
0.00020894700000000002
0.00020007500000000002
0.00017130000000000002
0.00018088800000000001
0.000171311
0.00017124600000000001
0.00019216600000000002
0.00017282800000000001
0.000173532
0.00017524400000000002
0.00017589400000000001
0.00017546
0.000173554
0.00020830800000000001
0.00017183200000000002
0.00017110500000000001
0.00017097500000000002
0.000171387
0.00019165700000000003
0.00019189500000000001
0.00018542800000000001
0.000171051
0.00017062800000000001
0.00017217800000000002
0.00017242700000000001
0.0015020260000000001
0.00024585700000000004
0.000256073
0.000232131
0.000257915
0.00022911900000000001
0.00022484000000000002
0.00022472100000000002
0.00021329200000000002
0.000240234
0.00022128600000000001
0.000305469
0.00022839300000000002
0.00022806800000000003
0.00022898900000000003
0.00023015900000000002
0.00022989900000000002
0.00025130600000000002
0.00022987800000000001
0.00023398400000000001
0.00023291100000000001
0.00022065800000000001
0.00022921700000000001
0.00023225000000000001
0.00025012600000000004
0.00022865400000000001
0.00026537100000000003
0.00022397300000000001
0.000267318
0.000224818
0.000224634
0.00035928500000000004
0.00022644300000000003
0.00026967700000000001
0.00023983300000000001
0.00026695000000000001
0.00024351700000000001
0.00026451300000000002
0.00024958400000000001
0.000270699
0.00023704900000000003
0.00026271399999999999
0.00023839300000000002
0.00026218300000000003
0.00028156500000000001
0.00025990799999999999
0.00023869600000000002
0.000293687
0.00023968200000000001
0.00023658400000000002
0.00023846900000000002
0.000275195
0.00025220599999999999
0.00032370700000000001
0.00027236700000000003
0.00026959400000000001
0.00024110100000000002
0.00026856500000000001
0.00024018100000000001
0.00029971100000000003
0.00023999600000000002
0.00024066800000000001
0.00057115700000000009
0.00022245600000000003
0.00022016000000000001
0.00024626900000000002
0.00028311300000000004
0.00025242200000000003
0.00018841700000000002
0.00024092800000000001
0.00024846800000000001
0.00024285600000000001
0.00023516400000000003
0.00022619400000000001
0.00027256200000000001
0.00023120000000000001
0.00027859600000000004
0.000234016
0.00023598800000000002
0.00023443800000000001
0.00023525100000000001
0.00023386400000000002
0.00023448100000000001
0.00023377800000000002
0.00023765600000000002
0.000271143
0.00023789400000000002
0.00025641900000000003
0.00023216400000000001
0.00026859099999999999
0.00028483600000000001
0.000237385
0.00023783000000000002
0.00024006100000000002
0.00024297500000000001
0.00023635600000000001
0.00024008200000000002
0.00021131400000000002
0.00017756200000000001
0.00017121400000000002
0.00018282700000000002
0.00021203400000000002
0.000173716
0.00017527600000000001
0.00019319500000000001
0.00017580700000000002
0.000173716
0.00018938100000000002
0.00017125700000000002
0.00017113800000000001
0.000223551
0.00017144100000000001
0.00017125700000000002
0.000185243
0.00017124700000000002
0.00017085600000000002
0.00019519900000000001
0.000171788
0.00017312000000000002
0.00019028100000000002
0.00017570900000000002
0.00017549300000000001
0.00019256700000000001
0.00017390100000000001
0.00017248100000000002
0.00021568500000000002
0.00017078000000000001
0.00019123400000000001
0.00023768900000000002
0.00022445000000000001
0.00028574600000000003
0.00022408100000000003
0.00025319200000000001
0.00022351800000000002
0.000222229
0.000253711
0.000227939
0.00025532500000000004
0.000232272
0.00057374100000000001
0.00022190400000000001
0.00021993200000000002
0.00021961800000000001
0.00022424400000000002
0.000216443
0.00022724500000000002
0.00029534500000000003
0.00022864300000000003
0.000234276
0.000215567
0.00022304100000000002
0.00021870800000000002
0.00022862100000000001
0.00023064600000000001
0.00023230500000000001
0.000258955
0.00023087500000000001
0.00021810200000000002
0.000322298
0.00023614000000000003
0.00023385400000000003
0.00023360500000000001
0.00023396200000000002
0.000246312
0.00023147
0.00021719100000000001
0.00017117
0.000170791
0.000172232
0.00017264400000000001
0.00017364
0.000174876
0.000193661
0.00019146200000000002
0.000202468
0.000171669
0.000171063
0.00019158100000000002
0.00017061800000000001
0.00017106200000000001
0.000170607
0.00017088800000000001
0.000170726
0.00017054200000000001
0.000183976
0.00017225400000000002
0.00017277400000000002
0.000173988
0.00017442100000000002
0.00017521100000000001
0.000193878
0.00018803800000000002
0.000172449
0.00017103000000000002
0.000170953
0.00017077000000000002
0.00017036900000000002
0.00019021600000000002
0.00019587100000000002
0.00017064000000000001
0.000170607
0.00017036800000000001
0.00021190500000000003
0.000172676
0.00017307800000000001
0.00017418300000000001
0.000185699
0.000174637
0.00017313100000000001
0.00017224300000000001
0.00017225400000000002
0.00017073700000000002
0.00017088900000000002
0.000170466
0.00018881800000000002
0.000171387
0.000171182
0.00017102900000000001
0.00017118100000000001
0.00017213500000000002
0.000173456
0.00017332600000000001
0.000174995
0.00017560200000000002
0.00021169900000000001
0.00024482700000000003
0.000258132
0.00023526200000000003
0.000252021
0.00023300800000000002
0.00023522900000000002
0.00023600900000000002
0.00019138600000000001
0.00018787600000000002
0.00017088900000000002
0.00017086800000000002
0.00020672600000000001
0.00023419000000000001
0.00023067900000000002
0.00023521800000000001
0.00023607400000000002
0.00024141500000000001
0.00023947600000000002
0.00023838100000000002
0.00023398400000000001
0.00020052900000000002
0.000202122
0.000171149
0.00020824300000000002
0.00017181000000000002
0.00017173400000000002
0.00017150600000000001
0.000175601
0.00017269800000000002
0.00017316300000000002
0.00017441000000000001
0.00019890400000000002
0.00019541600000000001
0.00018982600000000001
0.00017379300000000002
0.00017276300000000001
0.000171712
0.000171268
0.00017162500000000001
0.00017436600000000002
0.00017165800000000002
0.00017149500000000002
0.000171387
0.00017993500000000002
0.000190335
0.00017283900000000002
0.00017335900000000002
0.00017373800000000002
0.00017528700000000002
0.000175472
0.00017650100000000002
0.000198211
0.00017302300000000001
0.000172752
0.00017095400000000002
0.000171094
0.00019167900000000002
0.00017117100000000002
0.00017084600000000002
0.00017118100000000001
0.00017132200000000001
0.00017151700000000002
0.00017144100000000001
0.00019355200000000002
0.000188612
0.00017524400000000002
0.000185417
0.00017634900000000002
0.00017379300000000002
0.00019116900000000001
0.00017187500000000002
0.00017073700000000002
0.00017150600000000001
0.00017123500000000002
0.00017158200000000001
0.000171452
0.00017120300000000001
0.00017147400000000002
0.00017150600000000001
0.00017231900000000001
0.000173055
0.00019289200000000001
0.00017553600000000001
0.00017574300000000001
0.000176078
0.00017387900000000002
0.00017993500000000002
0.00017340200000000002
0.00017899200000000002
0.00017144100000000001
0.000171767
0.00027421900000000003
0.000275357
0.00049672700000000008
0.00031669800000000002
0.00032540800000000001
0.00029231
0.00019915400000000002
0.00024821100000000003
0.00031960100000000003
0.00026448000000000004
0.00028071900000000002
0.00022922700000000001
0.00023953000000000001
0.00027106500000000002
0.00023446
0.00045550000000000001
0.00022697400000000001
0.00022612900000000002
0.00022633500000000001
0.00022655200000000001
0.00025048300000000002
0.000226703
0.00022697400000000001
0.00022828500000000003
0.00017999900000000002
0.00017602400000000002
0.00019771300000000002
0.00017670700000000001
0.000186424
0.00021672500000000002
0.00033091500000000004
0.00023276000000000001
0.000232174
0.000225739
0.00022433000000000002
0.000226173
0.000225653
0.00023558700000000002
0.00017174400000000001
0.00019523200000000002
0.00017364
0.00018031400000000002
0.000177963
0.00018788600000000001
0.00017619700000000001
0.00017364
0.00017294700000000001
0.00019358500000000002
0.00020557800000000002
0.00018727000000000001
0.00017125700000000002
0.00017870000000000001
0.00017107300000000002
0.00017153800000000002
0.00018599100000000002
0.000171788
0.000172666
0.000174811
0.00018192800000000001
0.000175482
0.00017571000000000001
0.00017672800000000002
0.000173575
0.00019250100000000001
0.000171669
0.00017158200000000001
0.00017153900000000001
0.00017187500000000002
0.000172048
0.00018002100000000002
0.00026907400000000001
0.000234806
0.000232229
0.00023491500000000001
0.00023725500000000002
0.000237223
0.00043372800000000003
0.00023038600000000001
0.00023233700000000002
0.00022949900000000001
0.00023015900000000002
0.00022904400000000002
0.00022885900000000001
0.00027536300000000004
0.00023623700000000001
0.00023404900000000001
0.00027200900000000003
0.00023413600000000002
0.00023456900000000001
0.00022544600000000002
0.00022539200000000001
0.00026864500000000003
0.000230549
0.00023388600000000002
0.00023464400000000003
0.00023190300000000002
0.00023039700000000002
0.00022798200000000003
0.00026730200000000002
0.00022798100000000001
0.00022623800000000003
0.000228101
0.00022722400000000002
0.00024073200000000001
0.00023000700000000001
0.000264236
0.00026788800000000003
0.00022994200000000002
0.00022986700000000003
0.000227483
0.000227006
0.00022719100000000001
0.00022733200000000001
0.000267965
0.0002377
0.00025801200000000001
0.00022613000000000001
0.00022984500000000001
0.00023290000000000002
0.00024200100000000002
0.00023201200000000003
0.00019356400000000002
0.00017127800000000002
0.00021571800000000002
0.00017245900000000002
0.00017277400000000002
0.00017325000000000001
0.00017476700000000002
0.000175656
0.00017585000000000002
0.00017320700000000001
0.00017277400000000002
0.00021260900000000002
0.00022168700000000001
0.00028445800000000002
0.00021913000000000002
0.00018336900000000001
0.00019140700000000002
0.00017153900000000001
0.00018785400000000002
0.00022377800000000002
0.00018723600000000002
0.00021166700000000002
0.00026440400000000004
0.00036838500000000004
0.00023043
0.00022116700000000001
0.00022026800000000003
0.00021879500000000001
0.00066778400000000004
0.00025916099999999999
0.00023010500000000001
0.00023113400000000003
0.00023163200000000001
0.00023178400000000002
0.00025733500000000003
0.00017149500000000002
0.00017145300000000001
0.00017168000000000001
0.000173012
0.000174019
0.000174518
0.000175515
0.000176035
0.000173976
0.000172893
0.00019123400000000001
0.000185742
0.00018894900000000002
0.00018251400000000002
0.00017131200000000002
0.00017113800000000001
0.00017098600000000001
0.00017086800000000002
0.00017078000000000001
0.00017202600000000001
0.00017324000000000002
0.00020558800000000001
0.00019592500000000001
0.00017598000000000001
0.00017608900000000001
0.00018023800000000002
0.000173814
0.00017262200000000002
0.00018208000000000002
0.00017069400000000002
0.00017095400000000002
0.00017059600000000002
0.00017095400000000002
0.000170791
0.00019066000000000002
0.00017111600000000002
0.00017210200000000001
0.00017365100000000001
0.000173294
0.00017484300000000002
0.000175656
0.00017584000000000002
0.000173933
0.00020259800000000001
0.00017120300000000001
0.00017095400000000002
0.00019619600000000002
0.000171452
0.00017087800000000001
0.00017087800000000001
0.00017075800000000002
0.000171149
0.00017080200000000001
0.000172275
0.00017526600000000001
0.00022751600000000001
0.00017929600000000001
0.000175439
0.00019776700000000001
0.00017372700000000001
0.000172914
0.000172535
0.00017099700000000002
0.00017098600000000001
0.00017106200000000001
0.00017116000000000001
0.00017990200000000001
0.000170965
0.000170824
0.00017071500000000002
0.00017165800000000002
0.00019175500000000002
0.00017357600000000002
0.00017474600000000001
0.00019040000000000002
0.00017585000000000002
0.00017310900000000001
0.000172709
0.000171063
0.00017069400000000002
0.000170705
0.00017081300000000002
0.00017070400000000001
0.00053865599999999999
0.00026580400000000002
0.00024887900000000003
0.00029463000000000004
0.00023842500000000001
0.00023833900000000001
0.00023955200000000003
0.00026459900000000002
0.00037496400000000004
0.000190595
0.00017342400000000001
0.00017224300000000001
0.00017107300000000002
0.000170488
0.00017091100000000002
0.00017098600000000001
0.00017061800000000001
0.000170824
0.00019307600000000001
0.00018905700000000002
0.000171008
0.00017189700000000001
0.000194062
0.000173294
0.00017420400000000001
0.00017486500000000001
0.00017488600000000002
0.000172807
0.000172091
0.00017170100000000002
0.00018997800000000002
0.00017107300000000002
0.00017081300000000002
0.00017045500000000002
0.000171149
0.00017080200000000001
0.00017118100000000001
0.00017085600000000002
0.000171669
0.00017290400000000001
0.00017320700000000001
0.00017452900000000001
0.00017536300000000002
0.00019415900000000001
0.000207777
0.000172492
0.00019165600000000001
0.00017159300000000002
0.000171571
0.00018832000000000001
0.00022005200000000001
0.00020002
0.00017317500000000002
0.00019389900000000001
0.00019101800000000002
0.00017312000000000002
0.00017346700000000001
0.00017452900000000001
0.00017514700000000001
0.00018867700000000002
0.000175742
0.00017303400000000002
0.000172926
0.00017293700000000001
0.000171051
0.00017136500000000001
0.000210757
0.00017860200000000001
0.00017125700000000002
0.00017123600000000001
0.000171041
0.00017118100000000001
0.00017238400000000001
0.00017327300000000002
0.00017372700000000001
0.000174334
0.000175353
0.00017598100000000002
0.00017340200000000002
0.00019226400000000001
0.000171929
0.00017133300000000002
0.00017159200000000001
0.00017186400000000001
0.00017162500000000001
0.00018592600000000002
0.00017155000000000002
0.000171626
0.00017151700000000002
0.00038392600000000004
0.00034696100000000001
0.00028781999999999999
0.00028359000000000001
0.000270864
0.00029571400000000004
0.000229325
0.000227786
0.00022787300000000002
0.00029284200000000003
0.00037296700000000004
0.00022662800000000001
0.00022594500000000002
0.00022582600000000002
0.00026602900000000004
0.00022594500000000002
0.00071646800000000005
0.00022705000000000002
0.00022672600000000001
0.00026875900000000003
0.00027577900000000003
0.00021090800000000002
0.00017616500000000002
0.000173933
0.00017255700000000002
0.00017149600000000001
0.00018891600000000002
0.00017258900000000001
0.00017107300000000002
0.00017125700000000002
0.000171149
0.000347931
0.00023548900000000002
0.000229151
0.00025506600000000003
0.00023453600000000001
0.00026174999999999999
0.00023775400000000001
0.00023999600000000002
0.00024481700000000004
0.00031081500000000004
0.00032903700000000001
0.00023774200000000002
0.00031465099999999999
0.00026494600000000001
0.00023570600000000002
0.000270699
0.00024046200000000002
0.00023473100000000001
0.00023515300000000002
0.00023572800000000002
0.00023734200000000001
0.00023556600000000001
0.00026219399999999999
0.00023700600000000003
0.00024356100000000002
0.00024554300000000003
0.00024381000000000001
0.00023727700000000001
0.00024076500000000002
0.00036008600000000002
0.00026188000000000003
0.000248099
0.00023545600000000002
0.00027463100000000001
0.00028272400000000004
0.00025396000000000001
0.00036224500000000003
0.00020990000000000001
0.000173857
0.00017431200000000001
0.00017559100000000001
0.00017575300000000001
0.000176424
0.00017362900000000001
0.00017364
0.00017250300000000001
0.00020875800000000002
0.00017069400000000002
0.00017098600000000001
0.00017073700000000002
0.00018355300000000001
0.00017084500000000001
0.00017087800000000001
0.00017165800000000002
0.00017232900000000001
0.00017307700000000002
0.00017343500000000002
0.00019617400000000002
0.00017570900000000002
0.00017567700000000001
0.00017308800000000001
0.000172709
0.00017099700000000002
0.00017091
0.00017111600000000002
0.00018547000000000003
0.000170781
0.000171127
0.00019177500000000001
0.00019249100000000001
0.00017130000000000002
0.00017265500000000002
0.00020449400000000002
0.00017493000000000001
0.00017520100000000002
0.000176078
0.00017702000000000001
0.00017396500000000002
0.00019429000000000001
0.00017150700000000002
0.00017119200000000002
0.00018996700000000001
0.000171008
0.00017159300000000002
0.00017101900000000001
0.00017094300000000001
0.000171041
0.00017117
0.000172676
0.00017343500000000002
0.00017410700000000001
0.00017502700000000002
0.00017566700000000001
0.00017630600000000002
0.00019297800000000001
0.000181647
0.00017250300000000001
0.00017133200000000001
0.00018591500000000001
0.000171409
0.000171323
0.00017107300000000002
0.00017121400000000002
0.00017140800000000001
0.00017173400000000002
0.00017210200000000001
0.00019248
0.000174518
0.00017461600000000002
0.000175482
0.00018551400000000001
0.00017845100000000002
0.00017296800000000001
0.00017142000000000001
0.000171571
0.000171409
0.000171387
0.00018048700000000001
0.00019002100000000002
0.00017705300000000001
0.00017116000000000001
0.00017117
0.000172275
0.00017278500000000001
0.00017418200000000002
0.000175114
0.00017559100000000001
0.00017597000000000001
0.00017352100000000002
0.000172979
0.00019148300000000002
0.00047949600000000005
0.000326729
0.00033797500000000002
0.00023543500000000001
0.000309742
0.00021780900000000001
0.00026205400000000001
0.00023415600000000001
0.00024235800000000003
0.00024216300000000002
0.00024338700000000002
0.00024694000000000002
0.00024560800000000002
0.00038497900000000003
0.000243083
0.00024325700000000001
0.00024162100000000002
0.00023615000000000002
0.00026143100000000001
0.00017198300000000001
0.00017172300000000001
0.00018671600000000002
0.00017156100000000001
0.00020860100000000002
0.00017184200000000001
0.00017281800000000001
0.00018063900000000002
0.00017434400000000002
0.000195665
0.00019631500000000002
0.00017605600000000001
0.000173229
0.00017308800000000001
0.00017273000000000001
0.00017113800000000001
0.000171702
0.00017120300000000001
0.00017130000000000002
0.000171311
0.000171344
0.00017132200000000001
0.00019051900000000002
0.00017179900000000001
0.00020509
0.00017412800000000001
0.00017460500000000001
0.000175179
0.00017598100000000002
0.00017348900000000001
0.00017287200000000002
0.000171745
0.00017165800000000002
0.00017182000000000002
0.00020285800000000002
0.00017233
0.00017164800000000002
0.00017113800000000001
0.00017137600000000002
0.00017098600000000001
0.00017290400000000001
0.00017383600000000002
0.00017450700000000001
0.00017556900000000001
0.000175785
0.00017554800000000001
0.00021024800000000001
0.00019860100000000002
0.00017302300000000001
0.00017113800000000001
0.00017091100000000002
0.00017080200000000001
0.00017073700000000002
0.000170867
0.00017142000000000001
0.000171084
0.00017119200000000002
0.00019212300000000002
0.00017358600000000001
0.000173673
0.00017443100000000001
0.000176035
0.00017601300000000001
0.000173327
0.00017277300000000001
0.00019924000000000002
0.00024073200000000001
0.00023232600000000001
0.00024598300000000002
0.00017145300000000001
0.00017068300000000001
0.000170726
0.00017123600000000001
0.00017119200000000002
0.00017225400000000002
0.00032277500000000003
0.000174377
0.00017501600000000001
0.000197073
0.00017651100000000002
0.00019446200000000001
0.00019924000000000002
0.000213995
0.000171409
0.00017147400000000002
0.000171669
0.00028664599999999999
0.00032425900000000003
0.00026743700000000003
0.00022858900000000002
0.00022462300000000002
0.00022632500000000001
0.00022767800000000001
0.00025886800000000004
0.000228891
0.00023083100000000003
0.00023183900000000001
0.00025325599999999999
0.00022776500000000003
0.00022768900000000002
0.00022669300000000001
0.00022556600000000002
0.000233799
0.00022636700000000002
0.00022590200000000002
0.00031389200000000002
0.00024993000000000004
0.00036199300000000002
0.00023272600000000002
0.00022868600000000003
0.00022890300000000003
0.00023773200000000002
0.00023096100000000001
0.00023142700000000001
0.00022706100000000003
0.00025377599999999999
0.00022689900000000002
0.00022843600000000002
0.00022804700000000002
0.00022217500000000002
0.00023344200000000002
0.00023696300000000003
0.00022604300000000002
0.000226476
0.00025048300000000002
0.00022692
0.00022970500000000002
0.00030526899999999999
0.00022938
0.00023475300000000001
0.000236259
0.00022908700000000002
0.00023046200000000002
0.000267166
0.000227667
0.00022502400000000002
0.00022520800000000002
0.00022685500000000001
0.00035424700000000003
0.000362474
0.00025252
0.00022511100000000001
0.00019505800000000002
0.00017387900000000002
0.00017815800000000001
0.00017475600000000001
0.00019737700000000002
0.00017580700000000002
0.00017361900000000002
0.000172535
0.00017158200000000001
0.00017186400000000001
0.00017147400000000002
0.000171311
0.000171712
0.00017097500000000002
0.00017133300000000002
0.00017161500000000002
0.00020041000000000001
0.00017927400000000002
0.000173337
0.00017434400000000002
0.00017528700000000002
0.000176035
0.00017618600000000002
0.00017373800000000002
0.000199392
0.00017250300000000001
0.00017106200000000001
0.00017160300000000002
0.000171409
0.00019060600000000001
0.00017147400000000002
0.00017119200000000002
0.00017130000000000002
0.00017113800000000001
0.000172394
0.00017313100000000001
0.00017455000000000001
0.000254448
0.00026437200000000002
0.00023923800000000002
0.00023995300000000002
0.00026246500000000003
0.00023741800000000001
0.00023783000000000002
0.00023737400000000002
0.00023592300000000002
0.00023861000000000002
0.00024393900000000001
0.00023761300000000002
0.00023754700000000001
0.00026127300000000002
0.00024514200000000001
0.00024101500000000002
0.00024117800000000001
0.000275281
0.00024350700000000001
0.00024776400000000004
0.00025581300000000003
0.00026151100000000002
0.00024097100000000001
0.00023934600000000001
0.00023885800000000002
0.00023976900000000003
0.00023911900000000001
0.00024407000000000001
0.00023781800000000002
0.00023875
0.00026296300000000001
0.00023997500000000002
0.00024154500000000002
0.00028025400000000002
0.000246106
0.00023983300000000001
0.00024706000000000001
0.00024166500000000001
0.00023922700000000001
0.000273601
0.00025351600000000002
0.00021791700000000001
0.00022240200000000002
0.00023840300000000001
0.00028257200000000003
0.00022212100000000001
0.00017121400000000002
0.000171745
0.00017256800000000001
0.000216834
0.00028204100000000002
0.00023141600000000002
0.00023120000000000001
0.00023149200000000003
0.00022875100000000002
0.00022783000000000002
0.00022671400000000001
0.00024606200000000002
0.00024838099999999999
0.00022535900000000001
0.00022473100000000001
0.00022416800000000001
0.00022546900000000001
0.00022470000000000001
0.00022420100000000002
0.000225479
0.00022587
0.00028359000000000001
0.00022878300000000001
0.000252823
0.00022997500000000002
0.00022802500000000003
0.00022633500000000001
0.00022589000000000002
0.00022453600000000001
0.000225436
0.00022571700000000001
0.00024641000000000002
0.00022480700000000002
0.00022489400000000001
0.00022546800000000002
0.00022638900000000002
0.00022620500000000002
0.00022705000000000002
0.00026547700000000002
0.00022917300000000002
0.00024932300000000003
0.000181473
0.00017748700000000002
0.000173272
0.000172936
0.00017103000000000002
0.00017151700000000002
0.00017160400000000001
0.00018646800000000002
0.000171452
0.00017098600000000001
0.00022398400000000002
0.00017897
0.000171962
0.00017377000000000001
0.00017348800000000002
0.00017532000000000002
0.000175482
0.000175959
0.000173597
0.00020797200000000001
0.000171528
0.00017387900000000002
0.00017144100000000001
0.00019056300000000001
0.00017111600000000002
0.00017141900000000002
0.00017173400000000002
0.000170953
0.00017155000000000002
0.000172308
0.00017351000000000001
0.00031452600000000003
0.00030426000000000004
0.000225956
0.00021925000000000002
0.00020490600000000001
0.00017771400000000001
0.00017143
0.00018959800000000002
0.00018290300000000002
0.00019262100000000002
0.00017102900000000001
0.00017095400000000002
0.000171127
0.00017125700000000002
0.00017113800000000001
0.00017239500000000002
0.00017288200000000002
0.00017386800000000001
0.000174995
0.00023082000000000002
0.000179848
0.000192566
0.000172633
0.00017253600000000002
0.00017081300000000002
0.00017088900000000002
0.00017091100000000002
0.00017090000000000001
0.000170791
0.00017066100000000001
0.00020141700000000001
0.00018652100000000001
0.00021881600000000001
0.00024407000000000001
0.000183196
0.00017487500000000001
0.00017582900000000001
0.00017590500000000002
0.00017352100000000002
0.000191017
0.000171149
0.000171127
0.000170781
0.000170726
0.00017115900000000002
0.00019047600000000002
0.00017116000000000001
0.00017099700000000002
0.00017077000000000002
0.00017203700000000002
0.00017287100000000001
0.00017365100000000001
0.000201559
0.000175797
0.00017620800000000002
0.00017378100000000002
0.00017343400000000001
0.00019202600000000001
0.00017161500000000002
0.00017138800000000002
0.00018743200000000002
0.00017135500000000002
0.00017141900000000002
0.00020263200000000001
0.00021922900000000001
0.00021799300000000001
0.000221525
0.00020249100000000001
0.00019534000000000001
0.00017504900000000001
0.00017568800000000002
0.000176219
0.00017472400000000002
0.00017314300000000001
0.00017806000000000001
0.00017118100000000001
0.000171149
0.000170877
0.00017107300000000002
0.000171084
0.000189175
0.000171225
0.000171094
0.00017250300000000001
0.000173857
0.00017448500000000002
0.00017570900000000002
0.00017601300000000001
0.000176164
0.00017399800000000002
0.00017303400000000002
0.000172578
0.000171008
0.00018942500000000001
0.00034006600000000003
0.00025076500000000002
0.00021868700000000002
0.00023060300000000001
0.00023578200000000003
0.00023563000000000002
0.00023416800000000001
0.00028777800000000004
0.00023252100000000002
0.00024832800000000003
0.00022785100000000002
0.000252303
0.00021900100000000003
0.00023102600000000001
0.00022502400000000002
0.000246691
0.00022295500000000002
0.000223756
0.00023387500000000001
0.00022560900000000001
0.00023168700000000001
0.00022331200000000001
0.00023820800000000001
0.00022867500000000002
0.00022796000000000001
0.00024620400000000003
0.00022280300000000001
0.00022200200000000001
0.00024109000000000001
0.00022673600000000001
0.00022344200000000002
0.00022435300000000003
0.000224677
0.00022410300000000002
0.000257753
0.00024218500000000001
0.000221666
0.00023163300000000002
0.00022241400000000002
0.00023036500000000001
0.00022301000000000002
0.00021739700000000001
0.00021820000000000002
0.00021946700000000002
0.00025154400000000003
0.000228664
0.00021935800000000001
0.00021786300000000002
0.00023560800000000003
0.00022267400000000002
0.00021427800000000001
0.00022250000000000001
0.00021286900000000002
0.00024677800000000001
0.00021584800000000001
0.00021541500000000002
0.000224775
0.00021647600000000001
0.00022703900000000001
0.000220561
0.00022091800000000001
0.00023048400000000001
0.00022247800000000002
0.00025243300000000004
0.00022020300000000001
0.00022664900000000002
0.00021771200000000001
0.000217073
0.00025201100000000001
0.00023022500000000003
0.00045587700000000004
0.0008004930000000001
0.00022748400000000002
0.00028183500000000003
0.00023100400000000001
0.00025560700000000003
0.00023387500000000001
0.000238187
0.00025936700000000004
0.00024222800000000001
0.00024077600000000003
0.00023151400000000002
0.00023683300000000001
0.00027308200000000001
0.00025439400000000002
0.00022927000000000001
0.00023184900000000001
0.00024877200000000002
0.00023806700000000001
0.00023126400000000001
0.00023166500000000001
0.00023386400000000002
0.00023164300000000002
0.000258142
0.00023308500000000001
0.00023607400000000002
0.000237266
0.00024090600000000001
0.00023423300000000001
0.00023157900000000001
0.00024350600000000002
0.00023108000000000002
0.00025704800000000001
0.00023865300000000002
0.00023137300000000002
0.00023183800000000003
0.00023777500000000002
0.00023046200000000002
0.00023271600000000003
0.00023464400000000003
0.00023499100000000001
0.00027670800000000002
0.000175992
0.00017582900000000001
0.00017319700000000002
0.00018789700000000002
0.00017304500000000001
0.00017097500000000002
0.00017953400000000002
0.00017125700000000002
0.00017092100000000001
0.00019035700000000002
0.000171387
0.00017090000000000001
0.00017125700000000002
0.00017199400000000002
0.00017344600000000001
0.00017340200000000002
0.00017465900000000002
0.000175417
0.000176014
0.000173857
0.000172807
0.00017146300000000001
0.00018874300000000001
0.00030005800000000002
0.00017115900000000002
0.00017118100000000001
0.00017096400000000001
0.00017077000000000002
0.00018013
0.00021520900000000001
0.00054259900000000005
0.00034443500000000003
0.00024283400000000001
0.000225913
0.00023119900000000002
0.00023576000000000001
0.00019494
0.00017335900000000002
0.00017260000000000002
0.00019270700000000002
0.00017125700000000002
0.000190769
0.00017159300000000002
0.00017064000000000001
0.000170748
0.00017101900000000001
0.00018252400000000002
0.00017203800000000001
0.00017285
0.000173239
0.00017502700000000002
0.00017568800000000002
0.00019535100000000002
0.00017360800000000001
0.00017239500000000002
0.000171225
0.000170824
0.00017143100000000002
0.00017099700000000002
0.000170953
0.00017120300000000001
0.00019323900000000002
0.00018333600000000001
0.00017109500000000001
0.00019271900000000002
0.00017396500000000002
0.00017409600000000002
0.00019571900000000001
0.00018516800000000001
0.00017577400000000001
0.00017312000000000002
0.00017246000000000001
0.000172308
0.00017107300000000002
0.00017118100000000001
0.000171344
0.00018942500000000001
0.000171149
0.00017062900000000002
0.00017098600000000001
0.00017085600000000002
0.00017116000000000001
0.000172492
0.00017340300000000001
0.00017498400000000002
0.00017554700000000002
0.00017562300000000002
0.00017322800000000002
0.00017248100000000002
0.00018984700000000001
0.000171051
0.00017903500000000002
0.00017097600000000001
0.00017116000000000001
0.00017103000000000002
0.00017081300000000002
0.00017072700000000002
0.00017111600000000002
0.00017199400000000002
0.000172926
0.000173912
0.00019303300000000001
0.000175656
0.00017589400000000001
0.00017343500000000002
0.00017285
0.00018728000000000001
0.00017143
0.000171008
0.00017124600000000001
0.000170867
0.00017063900000000002
0.00017094300000000001
0.00018964200000000001
0.00017867800000000001
0.000171798
0.000172807
0.00017335900000000002
0.000174518
0.00017573100000000002
0.000175699
0.000172893
0.000172287
0.000171452
0.00017101900000000001
0.00058711500000000003
0.00021616200000000002
0.00021702900000000001
0.00024062500000000001
0.00021780900000000001
0.000217278
0.000212761
0.00017623000000000001
0.00020021500000000001
0.00021839400000000001
0.000230072
0.00023051700000000002
0.00023237000000000003
0.00024968100000000002
0.00022453700000000002
0.00023139500000000002
0.00022383300000000002
0.000224949
0.00022384400000000001
0.00022656300000000002
0.00022454700000000002
0.00022637900000000002
0.00024925899999999999
0.00022581500000000001
0.00022203500000000001
0.000231611
0.00022675700000000001
0.00023075500000000002
0.00023093900000000002
0.00023343100000000001
0.00022885900000000001
0.000248316
0.00022904400000000002
0.00022507900000000002
0.00022816600000000002
0.00022667100000000001
0.00022582600000000002
0.00022620500000000002
0.00022506700000000002
0.00022370200000000002
0.00025016900000000001
0.00024802400000000001
0.00023750400000000001
0.00022901100000000002
0.00022881500000000002
0.00022974800000000002
0.00023023600000000001
0.00022378900000000001
0.00017986900000000001
0.00017187500000000002
0.00017606700000000002
0.000201461
0.00017156000000000002
0.000171149
0.00018306500000000002
0.00021558800000000001
0.000174594
0.00018067100000000001
0.000204625
0.000219206
0.00021928200000000001
0.000221709
0.00025704800000000001
0.000180476
0.00017308800000000001
0.00017188500000000001
0.000172265
0.000170922
0.00017080200000000001
0.00017081300000000002
0.00018606700000000002
0.00017068300000000001
0.00017058500000000001
0.00017059600000000002
0.00019004300000000001
0.000171712
0.00017291500000000002
0.00031562500000000004
0.00047367600000000002
0.00035209100000000001
0.000313209
0.00017370500000000002
0.00017317400000000001
0.00019123400000000001
0.00017860300000000002
0.00017134300000000002
0.00017109500000000001
0.00017136500000000001
0.00017144100000000001
0.000171311
0.00017150600000000001
0.00017153900000000001
0.00017260100000000001
0.00017288200000000002
0.000174561
0.00017554800000000001
0.00019548100000000001
0.00017650100000000002
0.000173597
0.00018756100000000002
0.00017295800000000002
0.00017118100000000001
0.00017149500000000002
0.000205849
0.00017133300000000002
0.00017120300000000001
0.000171149
0.000170867
0.00019027000000000001
0.00017254600000000001
0.00017402000000000002
0.000174031
0.00017519000000000001
0.00017604600000000001
0.000176219
0.00017343500000000002
0.000172807
0.00017154900000000001
0.00017149600000000001
0.00017164800000000002
0.000190053
0.00017189600000000002
0.000171485
0.00017133300000000002
0.00017146300000000001
0.00020184000000000001
0.00017287100000000001
0.00017361900000000002
0.00017366200000000002
0.00017514700000000001
0.000175644
0.000175797
0.00019202500000000002
0.00017303400000000002
0.00019336900000000001
0.00017113800000000001
0.00017118100000000001
0.00017116000000000001
0.00017124600000000001
0.00017087800000000001
0.000170748
0.00017090000000000001
0.00017054300000000002
0.00017117
0.00017274100000000002
0.00021037200000000001
0.00017510300000000002
0.00017549300000000001
0.00021184
0.00017354300000000002
0.00017274100000000002
0.000171409
0.00017092100000000001
0.00017109500000000001
0.00017112800000000002
0.00019145100000000001
0.000171008
0.00017123500000000002
0.00017065100000000002
0.000170922
0.00017246000000000001
0.00017251300000000001
0.00017360800000000001
0.00017487500000000001
0.00017563300000000002
0.00017535200000000001
0.00018106100000000002
0.00017137600000000002
0.00045910500000000002
0.00030183400000000001
0.00069770300000000004
0.00024226000000000003
0.00023373500000000002
0.00023372300000000003
0.00026741500000000001
0.00022907600000000001
0.00023131800000000002
0.00023137200000000001
0.000265975
0.00023646500000000002
0.000266798
0.00023672500000000002
0.00023954100000000002
0.00027411100000000001
0.00023266200000000002
0.00026419900000000001
0.00023304100000000002
0.00026155500000000001
0.00023733100000000002
0.00026112100000000001
0.00023606400000000002
0.00025626800000000003
0.00025261700000000001
0.000255987
0.00023649700000000001
0.00023647500000000002
0.00025536900000000003
0.000235338
0.00026424200000000004
0.00024838099999999999
0.000290079
0.00023456800000000002
0.00025471900000000004
0.00023359400000000003
0.00025947500000000001
0.00023123100000000001
0.00024786099999999999
0.00023387500000000001
0.00023482900000000001
0.000274534
0.00023637800000000001
0.00023687600000000001
0.000238349
0.00027333100000000003
0.00024057000000000001
0.00027618
0.00023931400000000002
0.00027626700000000002
0.00023036500000000001
0.00025313700000000001
0.00023242300000000002
0.00023249900000000002
0.00025635499999999999
0.00023382100000000002
0.00025928000000000002
0.00023509900000000001
0.000253625
0.00023874000000000001
0.00025542400000000003
0.00023785100000000002
0.00029422900000000002
0.00025063500000000003
0.00043987100000000004
0.00031375100000000003
0.00022652000000000002
0.00022700700000000002
0.00022585900000000002
0.00022423300000000001
0.000261988
0.00022430900000000001
0.00022497000000000001
0.00022348600000000001
0.000223594
0.000223713
0.00022506700000000002
0.00022534900000000001
0.00022560900000000001
0.00025924699999999999
0.00022833900000000001
0.00022996400000000001
0.00022868500000000001
0.00022583700000000003
0.00022579400000000003
0.00022536000000000002
0.00022563000000000002
0.00022449300000000001
0.00022380000000000002
0.00026144699999999999
0.00025537900000000002
0.00018897
0.000171323
0.00019749600000000002
0.00023426500000000002
0.00023576000000000001
0.00027909400000000002
0.00023701700000000001
0.00023867500000000001
0.000260645
0.00023696300000000003
0.00024324600000000002
0.00023541300000000002
0.00023529400000000001
0.00023389700000000003
0.000232131
0.00023118800000000001
0.00023785100000000002
0.00025312700000000002
0.00023382000000000001
0.00023983400000000002
0.00025258499999999999
0.00024063600000000002
0.00024612800000000003
0.00023759100000000002
0.000237786
0.00023721200000000002
0.00025592099999999999
0.00023263000000000003
0.00024215200000000001
0.00023363700000000003
0.00023143800000000002
0.00023080900000000001
0.00022941200000000002
0.00023047400000000002
0.00023308400000000002
0.00025570500000000001
0.00024131800000000002
0.00024131800000000002
0.00024494700000000002
0.00025898800000000004
0.00026350500000000003
0.00023755800000000002
0.00023645300000000002
0.00032073900000000001
0.00031138900000000002
0.000241773
0.00023273800000000002
0.00023000700000000001
0.00022969400000000001
0.00023025700000000001
0.00023162200000000001
0.00023331200000000001
0.00025581300000000003
0.00023271600000000003
0.00025464300000000004
0.000235598
0.00024279100000000001
0.00023799200000000002
0.00023694200000000002
0.00023548900000000002
0.00025177200000000004
0.00025765500000000003
0.00023579200000000002
0.00023935700000000002
0.00023053900000000001
0.00022955300000000002
0.00023081000000000002
0.00023251100000000002
0.00023400500000000002
0.00023278100000000002
0.00025560700000000003
0.00024279100000000001
0.00024291000000000002
0.00023641000000000002
0.000238132
0.00023847900000000002
0.00023576000000000001
0.00023203400000000002
0.00024296400000000003
0.00025788200000000002
0.00023049500000000002
0.000239065
0.00023027800000000002
0.00023098200000000002
0.00023302000000000002
0.00023238000000000002
0.00023376700000000001
0.00023169800000000002
0.000267373
0.000234634
0.00023651800000000001
0.00024253200000000003
0.00023338800000000001
0.00023792700000000003
0.00023386400000000002
0.00023446
0.00023527300000000001
0.00026010300000000003
0.00025032100000000002
0.000245706
0.00023219600000000002
0.00023274800000000002
0.00023093900000000002
0.00023402700000000001
0.00023882600000000001
0.00023136100000000002
0.00025700500000000004
0.00023281400000000002
0.00023610700000000002
0.00024475199999999999
0.00023740700000000003
0.00023403800000000002
0.00023267300000000003
0.00024841400000000002
0.00022935800000000001
0.00025233600000000003
0.00028342800000000001
0.00025158800000000002
0.00022707100000000002
0.00022690900000000002
0.00022568500000000002
0.00026629000000000003
0.000226617
0.000242217
0.00025629
0.000230647
0.00022956300000000001
0.00021623800000000003
0.000211222
0.000190292
0.000172492
0.00017104000000000002
0.000176706
0.000217376
0.00022563100000000001
0.000249063
0.000225338
0.00024240200000000001
0.00022541400000000001
0.000268402
0.00022684400000000003
0.00022803600000000001
0.00022973600000000002
0.00022999700000000001
0.00025100300000000002
0.000226822
0.00022653000000000001
0.00022590200000000002
0.00022505600000000001
0.00022537100000000001
0.000208459
0.00017097500000000002
0.00017093300000000001
0.00017103000000000002
0.000203747
0.00018422500000000002
0.00018068200000000002
0.000284663
0.00023013800000000001
0.00023515300000000002
0.00023139400000000003
0.00025047300000000003
0.00019625
0.00017221100000000002
0.00017165800000000002
0.00017081300000000002
0.00017086800000000002
0.00017109500000000001
0.000170748
0.000170965
0.00017106200000000001
0.000171452
0.000191115
0.00017269800000000002
0.00017308800000000001
0.00017392200000000002
0.00017494
0.00017545000000000001
0.000186262
0.00017360800000000001
0.00017267700000000001
0.00017291500000000002
0.00018599
0.00019022700000000001
0.00018986900000000001
0.000170824
0.00017073700000000002
0.000171051
0.00017058600000000002
0.00017107300000000002
0.00017154900000000001
0.00017295800000000002
0.00017311
0.00017463800000000002
0.00017572100000000002
0.00021705000000000002
0.00028646100000000001
0.00022061500000000001
0.00025140399999999999
0.000259378
0.000182036
0.00022719100000000001
0.00022199100000000002
0.00022515400000000001
0.000225252
0.00028980500000000002
0.00020503600000000002
0.000183575
0.00017360800000000001
0.00019282700000000002
0.000202501
0.00020302100000000001
0.00018154900000000001
0.000173272
0.000189631
0.00019489600000000001
0.00017150700000000002
0.00017159300000000002
0.00017125800000000001
0.00019497200000000002
0.00017143100000000002
0.00017510300000000002
0.00019911000000000001
0.00021108100000000001
0.00017252500000000001
0.00017312000000000002
0.00017443100000000001
0.000194527
0.00017575300000000001
0.00017623000000000001
0.000173673
0.00017286000000000002
0.00017121400000000002
0.00018248100000000002
0.000313608
0.00021556600000000002
0.00021827400000000002
0.00022127600000000001
0.00022007300000000002
0.00029276700000000004
0.00021995400000000002
0.00020447300000000002
0.00017318500000000002
0.000195491
0.000176338
0.00022141700000000001
0.00019055100000000001
0.00017373800000000002
0.00017284900000000001
0.00017304500000000001
0.00017116000000000001
0.00017113800000000001
0.00017132200000000001
0.000171084
0.00017063900000000002
0.00019469100000000001
0.00017133300000000002
0.00017097600000000001
0.00017110500000000001
0.00017316400000000001
0.00020963000000000001
0.00017483200000000001
0.00017558000000000002
0.00017573100000000002
0.00017396500000000002
0.000172709
0.000171712
0.00020849200000000001
0.000171528
0.00017129000000000002
0.00017106200000000001
0.000171669
0.000171225
0.00017143100000000002
0.00019342200000000001
0.000177801
0.00018869900000000002
0.00017450700000000001
0.00017593800000000002
0.00019487400000000002
0.00017614300000000002
0.00017409500000000001
0.00023070100000000001
0.00023386400000000002
0.00019204600000000002
0.00017824400000000001
0.00021377900000000001
0.00017507000000000002
0.000178364
0.00019258800000000002
0.000208037
0.00018036800000000001
0.00019438700000000002
0.00017627300000000001
0.00019739800000000002
0.00018128900000000001
0.00017649000000000001
0.00019060600000000001
0.000228361
0.00023882600000000001
0.00024123100000000001
0.00024670200000000001
0.00020296700000000002
0.00019677
0.00019511300000000001
0.000172015
0.00021330200000000001
0.00022036600000000002
0.00021708400000000001
0.00027088300000000003
0.00022521900000000003
0.00021674800000000001
0.00023414600000000002
0.00023681100000000002
0.00024509900000000003
0.00023085300000000002
0.00023111300000000002
0.00023498
0.00027500400000000003
0.00022464500000000002
0.00027495600000000003
0.00022396300000000001
0.00022386500000000001
0.00022404900000000001
0.00022495900000000003
0.00022445000000000001
0.00024663700000000002
0.00022588000000000003
0.00022764500000000001
0.00022892400000000001
0.00022867500000000002
0.00022875
0.00022622600000000003
0.00022672500000000002
0.000225436
0.00022531700000000002
0.00024530500000000002
0.00026221600000000001
0.00024120900000000001
0.00022408200000000001
0.00022434200000000001
0.00022495900000000003
0.00022412400000000002
0.00024710300000000004
0.00022587900000000001
0.000249335
0.00022828500000000003
0.000229368
0.000230084
0.000226877
0.00022637800000000001
0.00022552200000000003
0.00022448300000000001
0.00022416800000000001
0.00028067599999999999
0.00022416800000000001
0.00022403900000000001
0.00024491399999999999
0.00025933400000000001
0.000264956
0.000235078
0.00023711400000000002
0.00025363600000000001
0.00026910600000000002
0.00023960600000000001
0.000239108
0.00024369100000000001
0.00023852200000000002
0.00023846800000000001
0.00023791600000000002
0.00026118700000000002
0.00023340900000000001
0.00026519500000000002
0.00023555400000000002
0.000236259
0.00023524
0.00023668100000000001
0.00024395100000000001
0.00023831700000000002
0.00024451300000000002
0.00023865300000000002
0.000271208
0.00024066800000000001
0.00024434000000000001
0.00023765600000000002
0.00023667000000000002
0.000296428
0.00023595500000000001
0.00024138300000000002
0.00023646500000000002
0.00026475100000000003
0.00023571700000000001
0.00024114400000000002
0.00023395100000000001
0.00024390700000000002
0.00024500200000000002
0.00023923800000000002
0.00024559700000000001
0.00026241099999999999
0.00024794800000000001
0.000237483
0.00024539200000000004
0.00025597500000000003
0.00024170800000000001
0.00023524100000000002
0.00024263900000000001
0.00023685400000000002
0.00026683100000000003
0.00024176200000000002
0.00022607500000000001
0.00022619400000000001
0.000245727
0.00023583600000000001
0.00022871800000000001
0.00023777500000000002
0.000231351
0.00025480500000000004
0.00023659400000000002
0.00023576100000000002
0.00027280000000000002
0.00022695300000000001
0.00023537000000000002
0.00022716900000000002
0.00023414600000000002
0.000228848
0.00026002800000000004
0.00023577100000000002
0.00023672400000000001
0.00037907800000000003
0.00021826400000000002
0.00022869700000000001
0.00023071200000000002
0.00023079800000000002
0.00023065800000000001
0.000250072
0.00026483800000000004
0.00024345200000000001
0.00022458000000000002
0.00022419000000000001
0.000224071
0.000224515
0.00022373500000000003
0.00022374600000000001
0.00024512000000000004
0.00022514400000000001
0.000225338
0.00022543500000000001
0.00022682300000000002
0.00022896700000000001
0.00022901100000000002
0.00022831700000000002
0.00022588000000000003
0.000275075
0.00022598800000000002
0.00022423400000000002
0.00022413500000000001
0.00022351800000000002
0.00022526300000000001
0.00022369100000000001
0.00022362700000000001
0.000248099
0.00022473100000000001
0.00024811000000000001
0.00022616200000000002
0.00022816600000000002
0.00022869700000000001
0.00023031000000000001
0.00022929300000000002
0.00026311499999998045
0.000277946
0.00023398300000000003
0.00023275900000000003
0.00023304100000000002
0.00021024700000000002
0.00017159300000000002
0.00017118100000000001
0.00019387700000000001
0.00019193900000000002
0.00017133300000000002
0.000171745
0.00017346700000000001
0.00017360800000000001
0.00017514700000000001
0.00017663100000000001
0.00017602400000000002
0.00017373800000000002
0.00017255700000000002
0.00017136500000000001
0.00020361700000000001
0.00017151700000000002
0.000207073
0.00017143100000000002
0.00017098700000000002
0.00017160300000000002
0.00017159300000000002
0.00017136500000000001
0.00017229700000000002
0.00017319700000000002
0.00017460400000000002
0.00017524400000000002
0.00017565500000000001
0.00024118800000000001
0.00017561200000000001
0.00017370600000000001
0.00017238300000000002
0.00017135500000000002
0.00017144100000000001
0.00017179900000000001
0.00053289800000000007
0.00030562000000000005
0.00024335400000000001
0.00023206600000000001
0.00023010500000000001
0.00023460100000000003
0.00023558700000000002
0.00023587900000000001
0.00023785100000000002
0.00025220599999999999
0.00025595400000000002
0.00023521800000000001
0.00023498
0.00023378900000000001
0.00023158900000000001
0.00022697400000000001
0.00022750600000000001
0.00023181700000000002
0.00025557500000000002
0.00026559500000000003
0.00022887000000000002
0.00022781900000000001
0.00022841500000000001
0.000229769
0.00023062500000000001
0.00023061400000000003
0.00023284600000000001
0.00026323399999999999
0.00023626900000000002
0.00022961700000000002
0.00023198000000000001
0.00023181700000000002
0.00023034300000000001
0.00025731899999999999
0.00022998500000000001
0.000269907
0.00025892300000000004
0.00023001900000000001
0.00023288900000000001
0.00023961700000000002
0.00023423300000000001
0.00023580300000000001
0.00023761300000000002
0.00026346099999999999
0.00022331200000000001
0.00025271500000000004
0.00022250000000000001
0.00022095100000000002
0.00021842600000000003
0.00021912
0.000218719
0.00021835100000000001
0.00025656100000000004
0.00021863200000000002
0.00025036399999999999
0.00022485100000000001
0.00024962700000000004
0.00023282500000000001
0.00023542400000000003
0.00023555400000000002
0.00023885800000000002
0.00024402600000000002
0.00023449300000000001
0.00026394999999999999
0.00023356000000000001
0.00023332300000000002
0.00023214200000000001
0.00023295400000000001
0.00023418900000000002
0.00041610700000000003
0.00017193900000000002
0.000311336
0.00022674600000000003
0.00023644300000000003
0.00024980100000000002
0.00023053900000000001
0.000237743
0.00023615100000000001
0.00024216300000000002
0.00017458300000000002
0.00019415900000000001
0.000173196
0.000171409
0.000171268
0.00017160400000000001
0.00017182100000000001
0.00017160400000000001
0.00020607700000000001
0.000171452
0.00017110500000000001
0.00017250300000000001
0.00017363
0.00019293500000000001
0.00017507000000000002
0.00017578600000000001
0.00017633900000000002
0.00018517800000000001
0.000206412
0.00017190700000000001
0.00020783100000000001
0.00021851300000000001
0.00019802700000000001
0.000171387
0.000175818
0.00019237200000000001
0.00017172300000000001
0.00018607700000000001
0.000176338
0.000173532
0.00024135000000000001
0.00017844000000000001
0.00017629500000000001
0.00017650000000000001
0.00017395500000000002
0.00017281800000000001
0.00017238400000000001
0.000192339
0.00017184200000000001
0.00017184200000000001
0.00017185300000000002
0.000171106
0.000191721
0.000171323
0.00017149500000000002
0.00017144100000000001
0.000173413
0.00017422600000000001
0.00017469100000000001
0.00021053900000000001
0.00017611000000000002
0.00017360800000000001
0.00019846000000000002
0.000171344
0.000170834
0.000170748
0.00017109500000000001
0.00017107300000000002
0.000175732
0.00020096300000000002
0.00019718200000000001
0.000171149
0.00018466900000000002
0.00017277400000000002
0.00017346700000000001
0.000175417
0.000177443
0.00017795200000000002
0.000178591
0.00017376000000000002
0.00017252500000000001
0.00017096400000000001
0.00018995600000000002
0.00017163600000000002
0.000202902
0.00017107300000000002
0.000170922
0.000170781
0.00017105200000000002
0.00048368600000000004
0.00028665600000000004
0.00029667700000000002
0.00023503400000000001
0.00024117700000000003
0.00024101400000000001
0.00026229700000000004
0.00021928200000000001
0.00017179900000000001
0.000187648
0.000171452
0.00017104000000000002
0.000171354
0.00022628100000000002
0.00024204400000000002
0.00026909600000000003
0.000203205
0.000175417
0.00017365200000000002
0.000174334
0.00017580800000000001
0.00017513500000000001
0.00017608900000000001
0.00017370600000000001
0.00017310900000000001
0.00017250300000000001
0.000171528
0.00019424600000000002
0.00018419200000000001
0.000171387
0.00020467800000000002
0.00017582900000000001
0.00017824400000000001
0.00017119200000000002
0.00018654400000000002
0.000172807
0.00017396500000000002
0.00017524400000000002
0.000175558
0.00019517800000000001
0.00017348900000000001
0.000172936
0.000171712
0.00017147400000000002
0.000186045
0.00017168000000000001
0.00017127800000000002
0.00017103000000000002
0.00017101900000000001
0.00019182000000000002
0.00017123600000000001
0.00019126700000000001
0.000173251
0.00017388900000000002
0.00017521100000000001
0.00017520100000000002
0.000184735
0.00018674900000000002
0.00020401800000000001
0.000171626
0.00017127800000000002
0.00017426900000000001
0.00018005400000000002
0.00019557800000000002
0.000171149
0.00017127800000000002
0.000171225
0.00017157200000000002
0.00017317400000000001
0.000173554
0.00017392200000000002
0.00017504900000000001
0.000175699
0.00017578600000000001
0.000173597
0.00017280600000000001
0.00020853500000000001
0.00020358400000000001
0.00018329300000000001
0.00019414800000000003
0.00019401800000000001
0.00017130000000000002
0.00017140800000000001
0.000171268
0.00017176600000000001
0.000172752
0.00017390100000000001
0.000193217
0.00017487500000000001
0.000176262
0.00017559000000000002
0.00033845700000000002
0.00023264000000000002
0.00023488300000000002
0.00023307300000000001
0.00023337600000000001
0.00023212000000000002
0.00029536699999999999
0.00027185700000000002
0.00017234000000000002
0.000172048
0.000171712
0.00017250300000000001
0.000173771
0.00017386800000000001
0.00017573100000000002
0.00019796200000000001
0.0001761
0.00017335900000000002
0.000172752
0.00017268700000000001
0.000171366
0.00017158200000000001
0.000172048
0.00018645600000000002
0.000171323
0.00017120300000000001
0.00017137600000000002
0.00017139800000000001
0.00019135300000000001
0.000214515
0.000173673
0.00017454000000000002
0.000175472
0.00017659800000000001
0.000173055
0.000172991
0.00017103000000000002
0.00017094300000000001
0.00017153800000000002
0.00017127900000000001
0.00019051900000000002
0.00017106200000000001
0.00017137600000000002
0.000171225
0.00017080200000000001
0.00017239500000000002
0.00019268600000000002
0.000188786
0.000229151
0.00022765700000000001
0.000175775
0.00022733100000000002
0.000173251
0.000172232
0.00017083500000000001
0.00017139800000000001
0.00018628400000000002
0.000171268
0.00017077000000000002
0.00017143100000000002
0.00017116000000000001
0.00017110500000000001
0.00017127800000000002
0.00017318600000000001
0.00021205100000000002
0.00017504900000000001
0.000175212
0.00017566700000000001
0.00017252500000000001
0.00017246000000000001
0.00017123600000000001
0.00017084500000000001
0.00017109500000000001
0.00020852500000000001
0.00019149400000000001
0.000171268
0.00017129000000000002
0.000171366
0.00017093200000000002
0.000172752
0.00017334800000000001
0.00017398700000000001
0.000175482
0.00017596900000000002
0.000175797
0.000174475
0.00019275100000000001
0.000172654
0.00019596900000000002
0.000501535
0.00024343100000000001
0.00095603000000000007
0.000265021
0.00023626900000000002
0.00023681100000000002
0.00023626900000000002
0.00023728800000000002
0.00023622600000000002
0.00023407000000000001
0.00023691900000000001
0.00023766700000000003
0.00027254800000000001
0.00023021400000000002
0.00022734300000000002
0.000226703
0.00022613000000000001
0.00026481600000000002
0.00027586700000000001
0.00024722200000000001
0.00022519700000000001
0.000225252
0.00022551200000000001
0.00022489400000000001
0.00022668100000000001
0.00024389700000000003
0.00036445600000000004
0.00024653899999999999
0.00026445800000000002
0.00024689800000000001
0.000242997
0.00025130700000000004
0.00024505499999999999
0.00025149100000000001
0.00026163100000000002
0.00023247800000000002
0.00023228200000000002
0.00023175200000000003
0.00023131800000000002
0.00022197000000000002
0.00023867400000000003
0.00023226100000000002
0.00023006200000000001
0.00025708100000000004
0.00023572800000000002
0.00023694100000000001
0.00023605300000000001
0.000232272
0.00023583600000000001
0.00025789300000000003
0.00023137200000000001
0.00023026700000000001
0.00026169499999999999
0.00023285700000000002
0.00023053800000000002
0.00022830700000000002
0.00023348500000000002
0.00022984500000000001
0.00024044000000000002
0.00023673500000000002
0.00023893400000000003
0.00026039600000000003
0.00023807800000000002
0.00024137200000000001
0.00023512100000000003
0.000269604
0.00024675700000000001
0.00019476600000000003
0.00024348500000000002
0.00018703
0.00023831700000000002
0.00020948900000000001
0.00018789800000000001
0.00020769000000000001
0.00020445100000000003
0.000192697
0.00020380100000000001
0.00020724600000000001
0.00019226400000000001
0.00018863400000000002
0.00021103800000000001
0.00019914200000000003
0.00022014900000000002
0.000172893
0.00017090000000000001
0.00017116000000000001
0.00017964200000000001
0.00017083500000000001
0.000170748
0.00017087800000000001
0.00017070400000000001
0.00017047700000000001
0.000171485
0.00019479800000000001
0.000228664
0.00017468
0.000174876
0.00017538500000000002
0.000173055
0.00017189600000000002
0.000171041
0.00017072700000000002
0.00017108300000000002
0.000170521
0.00017085600000000002
0.00022174100000000002
0.00021719100000000001
0.00024161100000000003
0.00017364
0.00017228600000000001
0.00017258900000000001
0.00017340200000000002
0.00017449700000000002
0.00017496300000000001
0.000175114
0.000172373
0.000172232
0.00019179700000000001
0.00017054200000000001
0.00017083500000000001
0.00018587200000000001
0.00017127800000000002
0.00017083500000000001
0.00017101800000000002
0.000171041
0.000171452
0.00017247100000000002
0.00017348900000000001
0.000173976
0.00019329300000000001
0.00018403000000000001
0.00017566600000000002
0.000173055
0.00017253600000000002
0.00017130000000000002
0.000194539
0.00017130000000000002
0.00017091
0.00019830800000000001
0.00021938
0.00019561100000000002
0.000191592
0.00018087700000000002
0.00017303400000000002
0.00017313100000000001
0.000174594
0.00017569800000000001
0.00019084400000000002
0.00017594800000000002
0.000173251
0.000172547
0.00017282800000000001
0.00018303300000000001
0.00018946900000000003
0.00017616500000000002
0.00022868600000000003
0.00022641100000000001
0.000210843
0.00021164500000000002
0.00021178600000000002
0.00021068000000000001
0.00021433100000000001
0.00021393100000000002
0.00024806700000000004
0.00023693000000000002
0.00023658300000000001
0.00022829600000000001
0.00022834000000000003
0.00022895700000000001
0.00022831800000000001
0.00026451300000000002
0.00022550100000000002
0.00024747199999999999
0.00022711500000000001
0.00022570600000000002
0.00022593500000000002
0.00022598900000000001
0.00022698500000000002
0.00022759200000000001
0.00022859900000000001
0.00023033300000000002
0.00023108000000000002
0.00025426400000000003
0.00022844800000000002
0.000228058
0.00022830700000000002
0.00024703799999999999
0.00023895600000000002
0.00022552300000000002
0.00022506800000000001
0.000225901
0.00026592100000000002
0.00022603100000000002
0.00022580400000000002
0.00022648700000000002
0.00022783000000000002
0.000228502
0.00022928100000000002
0.00023034300000000001
0.00023032100000000002
0.00025261700000000001
0.00022804700000000002
0.00022659500000000001
0.000226042
0.00023681100000000002
0.00022539200000000001
0.00022520800000000002
0.00022523000000000001
0.00022541400000000001
0.000225295
0.00024870600000000001
0.00022770000000000001
0.00022806900000000001
0.00024877200000000002
0.00023104700000000001
0.00023057100000000003
0.000231654
0.00022888100000000001
0.00022774400000000002
0.000249996
0.00022641000000000002
0.00023724400000000001
0.00022563000000000002
0.00022626900000000003
0.00022623700000000001
0.00022623700000000001
0.00022583600000000001
0.00022673500000000002
0.00024979000000000001
0.00022761300000000002
0.00022857800000000001
0.00022961800000000001
0.000230549
0.00023089600000000002
0.00024499
0.00022803600000000001
0.00022641100000000001
0.00024074300000000002
0.00020362800000000002
0.00024922700000000003
0.00023891300000000002
0.00023622600000000002
0.00023891300000000002
0.00023504500000000002
0.00023842500000000001
0.00023683300000000001
0.00023216300000000002
0.00020396300000000001
0.00023556500000000003
0.00023963800000000003
0.000238101
0.00023446
0.00023474200000000002
0.00023242400000000001
0.00023119900000000002
0.00025013699999999999
0.00025347299999999999
0.00022147100000000002
0.00022137300000000002
0.00022361600000000002
0.00022374500000000002
0.00022285700000000002
0.00022376700000000001
0.000224114
0.00023364800000000001
0.00025683200000000002
0.00022654100000000003
0.00022616200000000002
0.00022308400000000002
0.00022417900000000002
0.00022252200000000001
0.00022197900000000002
0.00022514300000000002
0.00023946500000000001
0.00023881500000000002
0.000257254
0.00023295500000000002
0.00024827300000000003
0.00023151400000000002
0.00023334400000000002
0.00023337700000000003
0.00023502400000000002
0.00023911800000000002
0.000246832
0.00025965999999999999
0.00023421100000000001
0.000233496
0.000233756
0.00023249900000000002
0.000236605
0.00025287700000000004
0.00023199000000000001
0.00023701700000000001
0.00025366800000000002
0.00023286800000000001
0.00023130700000000001
0.00023634600000000002
0.00025526100000000001
0.00023689800000000001
0.00023539200000000001
0.00023683300000000001
0.00043795800000000001
0.0010874040000000001
0.00024371200000000001
0.00023599800000000001
0.00022986700000000003
0.00024912900000000001
0.00023202200000000002
0.00023446
0.00024590100000000003
0.00017561200000000001
0.000179209
0.00038693400000000002
0.00017269800000000002
0.00017343500000000002
0.00017400800000000002
0.00017532000000000002
0.00017627300000000001
0.00020455400000000002
0.000159944
0.000179884
0.00015784300000000001
0.000157684
0.00015793300000000002
0.000157794
0.00015754300000000001
0.00015812400000000002
0.00015778400000000001
0.000157813
0.000157634
0.000159393
0.00016131300000000001
0.000187875
0.000162313
0.00018322400000000001
0.000160194
0.00015902400000000001
0.000158233
0.00015783400000000001
0.00017599400000000001
0.00019912400000000001
0.00020149500000000002
0.00071581600000000009
0.00023763700000000002
0.00039869900000000003
0.00035633100000000004
0.00020642500000000002
0.00018352400000000001
0.00016064400000000002
0.00017944400000000001
0.00016287300000000001
0.00016239300000000002
0.00016060400000000001
0.00015992300000000002
0.00015965400000000001
0.00017557400000000001
0.00015804300000000002
0.00015777400000000001
0.00015761400000000001
0.00015774300000000001
0.00017340400000000002
0.00017049400000000001
0.00015768300000000001
0.00015839400000000002
0.00015923400000000001
0.000160123
0.00016096400000000001
0.00019195400000000001
0.000162614
0.00016777300000000002
0.000159283
0.00015814400000000001
0.00017341400000000002
0.000157973
0.00016251400000000002
0.000165293
0.00017387400000000002
0.00015799400000000001
0.00015777300000000002
0.00017458300000000002
0.000158944
0.00017541400000000001
0.000160624
0.000161683
0.00016200400000000002
0.00017792400000000001
0.000160063
0.00018119500000000002
0.000159803
0.000157844
0.000172914
0.000189464
0.00015783300000000002
0.00017625400000000001
0.00017364400000000001
0.000158054
0.00015806300000000001
0.00015871400000000001
0.000159304
0.00016025300000000001
0.00017620400000000001
0.000161774
0.000162153
0.00017635400000000001
0.000174704
0.00015808400000000001
0.00015795300000000001
0.00015787400000000001
0.00015777400000000001
0.00015790300000000001
0.000172864
0.00015802400000000002
0.00015816300000000001
0.00018604400000000001
0.000160624
0.00019173400000000002
0.00016048400000000002
0.00016118400000000001
0.000161903
0.00016300400000000001
0.00016045300000000002
0.000159214
0.00017309400000000002
0.00015836300000000002
0.00017085400000000001
0.00015820400000000001
0.00015811300000000001
0.00017471400000000002
0.00017341400000000002
0.00028722700000000003
0.00024509500000000002
0.00020632500000000001
0.00025755600000000004
0.00025913600000000003
0.00031364700000000001
0.000161774
0.00022007500000000002
0.00021460400000000002
0.000221425
0.00020924500000000002
0.00022488500000000003
0.00021076500000000002
0.00020883500000000002
0.00020874400000000002
0.000176064
0.000158214
0.000191449
0.000174124
0.000159214
0.00015958300000000001
0.00017274400000000001
0.00020573500000000002
0.00021182400000000002
0.00021392500000000001
0.00022759500000000001
0.00025085600000000004
0.00021439500000000001
0.00021465500000000001
0.00021584500000000002
0.00023444500000000001
0.00021386500000000001
0.000214515
0.00021822500000000001
0.000234925
0.000236605
0.00023568600000000001
0.00022036500000000001
0.00021972500000000001
0.00027098600000000002
0.00022191500000000002
0.00023803500000000002
0.00024377600000000002
0.000220325
0.00022316500000000002
0.000218855
0.00021012500000000003
0.00023370500000000001
0.00021505500000000002
0.00021411500000000002
0.00021459400000000003
0.000261506
0.000246801
0.00024242000000000003
0.00023581600000000002
0.00021328500000000002
0.00021769400000000002
0.00021949500000000003
0.00022290500000000002
0.00022662500000000002
0.00025848500000000003
0.00021907500000000003
0.00021805500000000001
0.00021771500000000003
0.00021715500000000002
0.00021808500000000002
0.00021108500000000002
0.00022138500000000002
0.00021500500000000002
0.00022474500000000002
0.00058780799999999999
0.00034736800000000003
0.00020522400000000003
0.00026216600000000004
0.00016493400000000002
0.000213155
0.00019530400000000001
0.00016011400000000002
0.00015941300000000001
0.00015776400000000002
0.00015779300000000001
0.00017459300000000001
0.00015945400000000001
0.000305407
0.00021317500000000002
0.00021883500000000001
0.00021516500000000002
0.00026152599999999999
0.00025243500000000002
0.00021478500000000002
0.00021677500000000002
0.000213885
0.00021166500000000001
0.00020829400000000001
0.00022891600000000002
0.00021476400000000002
0.00021112500000000002
0.00021012500000000003
0.00020826500000000001
0.00022595500000000001
0.00020785400000000002
0.00020874500000000001
0.00021251500000000001
0.00025149600000000003
0.00021816500000000001
0.00021100400000000001
0.00021146500000000001
0.00021961500000000002
0.000231785
0.000217135
0.00023140500000000001
0.00021389400000000001
0.00022991500000000002
0.000214164
0.00021086500000000002
0.00020920500000000001
0.000208915
0.00022490500000000002
0.00020594400000000001
0.00020798500000000002
0.00022698500000000002
0.00023313500000000001
0.00020958500000000001
0.00021643500000000001
0.000211895
0.000212055
0.00021187400000000002
0.00021724500000000002
0.00022614500000000002
0.00021172500000000001
0.000229645
0.000232346
0.00021420400000000001
0.000206684
0.00020686500000000001
0.000207135
0.00021158400000000001
0.000227965
0.00021062500000000001
0.00024547600000000001
0.00053511900000000002
0.00016740400000000001
0.00022214200000000002
0.00024147600000000002
0.00027802600000000001
0.00025863600000000002
0.00019379500000000002
0.000157763
0.00015757400000000001
0.000157653
0.00015786400000000002
0.000157913
0.00015791400000000002
0.000164933
0.00020450400000000002
0.00017806400000000002
0.00015970400000000001
0.00016050300000000002
0.00016195400000000002
0.00016262400000000002
0.000162523
0.00016085400000000002
0.00015984300000000001
0.00015881400000000001
0.00015760400000000002
0.000158023
0.00015833400000000002
0.00017471400000000002
0.000157713
0.00015812400000000002
0.000157503
0.00015756400000000001
0.000174864
0.000159913
0.00016066400000000001
0.00018073400000000002
0.00020401500000000002
0.00016296300000000002
0.00016005400000000002
0.00017666400000000001
0.00015826300000000001
0.00015778400000000001
0.000158114
0.000158293
0.00015880400000000002
0.00022374500000000002
0.00015819400000000001
0.00015784300000000001
0.00015786400000000002
0.000159493
0.000159204
0.00016021300000000001
0.000178944
0.00016212400000000001
0.00016216400000000001
0.00017853400000000002
0.000163513
0.00015891400000000002
0.000212215
0.000158283
0.00015793400000000001
0.00015778300000000002
0.000157734
0.00015783400000000001
0.000157763
0.00015772400000000001
0.000158393
0.00017808400000000001
0.00016053400000000002
0.00016150300000000002
0.00016226400000000002
0.00016180400000000001
0.00016051300000000001
0.000175064
0.000157734
0.00015756300000000002
0.00015797400000000002
0.000170724
0.000158073
0.00017493400000000002
0.000188495
0.000158293
0.00017870400000000002
0.00015945400000000001
0.00015930300000000002
0.00015992400000000001
0.000172504
0.000162163
0.00016179400000000002
0.00021436500000000003
0.00021330500000000001
0.00058503299999999999
0.00020132400000000001
0.000208285
0.00023819500000000002
0.00025864600000000002
0.00021737500000000001
0.00023700500000000001
0.000173764
0.00018607400000000002
0.00017251400000000002
0.00019299400000000002
0.00016584400000000001
0.00018476400000000002
0.00023139500000000002
0.00024644000000000001
0.00021410500000000002
0.00021118500000000002
0.000208564
0.00021522500000000001
0.000226765
0.00020915500000000001
0.00021575500000000001
0.00022666500000000003
0.000173754
0.00021017500000000003
0.00015769300000000001
0.00015932400000000002
0.000189404
0.00022799500000000002
0.00022928500000000002
0.00021339400000000002
0.00021426500000000002
0.00025432100000000001
0.00018458400000000001
0.00017345400000000002
0.00016325400000000002
0.00015823400000000002
0.00015977300000000002
0.00021233500000000002
0.000161884
0.00017777400000000001
0.00017807400000000002
0.00015857300000000001
0.00022407500000000001
0.00017605400000000001
0.00016026400000000002
0.000173964
0.00016223300000000002
0.000162294
0.00017646400000000001
0.00015935400000000001
0.00015815300000000002
0.00015814400000000001
0.00017515400000000001
0.00015803300000000002
0.00015819400000000001
0.00017310400000000002
0.00017306400000000001
0.00015801300000000001
0.00015788400000000001
0.00015932300000000001
0.000174904
0.00016090400000000002
0.000161473
0.00016186300000000002
0.00020741500000000002
0.00018434400000000002
0.00018039400000000001
0.00015928400000000002
0.00015767300000000002
0.000157894
0.00015837300000000001
0.00015818400000000002
0.00015769300000000001
0.00015771400000000001
0.000172814
0.00015848300000000001
0.000188285
0.000159753
0.00021398500000000001
0.00020282500000000001
0.00020398400000000002
0.00022284500000000003
0.00020314500000000001
0.000202284
0.00021405500000000002
0.000218645
0.00023734500000000003
0.00017357400000000002
0.000158064
0.00015772300000000002
0.00017249400000000001
0.00017095400000000002
0.00015804400000000001
0.000158963
0.00015924400000000001
0.00017625400000000001
0.00021152500000000001
0.000162163
0.000162614
0.00016031300000000001
0.00015998400000000001
0.000165644
0.00016702400000000002
0.000176684
0.000177684
0.00021026400000000002
0.00015686400000000002
0.000160483
0.00019332500000000002
0.00015800300000000001
0.00017476400000000002
0.000174384
0.000160204
0.000208464
0.00022216500000000003
0.00024418600000000002
0.000223775
0.00024217500000000002
0.00023139600000000001
0.00021638500000000001
0.00023145500000000001
0.00022559500000000001
0.00023073500000000001
0.000231005
0.00025346600000000004
0.00021706500000000001
0.000217135
0.00023352500000000002
0.00025151600000000002
0.00022588500000000002
0.00024320500000000003
0.00022413500000000001
0.00025829600000000004
0.00021843500000000001
0.000210695
0.00023302500000000001
0.00021452500000000002
0.00023274500000000002
0.00022247500000000003
0.000242706
0.00020272400000000002
0.00022453500000000002
0.00020476400000000002
0.00020109500000000001
0.00023405500000000002
0.00020372400000000002
0.00022284500000000003
0.00022175500000000002
0.00023302500000000001
0.00020651400000000001
0.000204124
0.00022090500000000003
0.000202585
0.00033276700000000003
0.00021208500000000001
0.00025729600000000001
0.00021408500000000001
0.00024023500000000002
0.00022243500000000002
0.00024319600000000002
0.00022967500000000001
0.000204854
0.00021669500000000001
0.00023695600000000003
0.00021146400000000002
0.00021156500000000001
0.00022685500000000001
0.00022314500000000001
0.00022705500000000001
0.00021515400000000001
0.00024943600000000002
0.00022098500000000001
0.00025571600000000002
0.00020921500000000001
0.00022572500000000003
0.000207784
0.00020827500000000001
0.00022606500000000001
0.00020878500000000001
0.00023007500000000002
0.00021041500000000001
0.000227075
0.000211895
0.00021111400000000001
0.00023610600000000001
0.000209094
0.00022870600000000002
0.00020816400000000002
0.00022088500000000001
0.00022862500000000001
0.00023738600000000002
0.00020875400000000001
0.000222945
0.000229645
0.00020789400000000003
0.00023010600000000002
0.00020984400000000002
0.00024576099999999999
0.000213725
0.00021961500000000002
0.00022124500000000001
0.000219805
0.000217605
0.000216925
0.00022216500000000003
0.00019143400000000001
0.00015692400000000002
0.000157023
0.000157374
0.00015783300000000002
0.00015776400000000002
0.00015738400000000002
0.00017134300000000002
0.00015956400000000001
0.000160144
0.00016191300000000002
0.00016212400000000001
0.00017903400000000001
0.00015996400000000002
0.000159483
0.00015950400000000001
0.00017320400000000002
0.00015798300000000002
0.00015798400000000001
0.00015805300000000001
0.00015751400000000001
0.000157823
0.000165964
0.00026917100000000002
0.000234386
0.00016004300000000001
0.000163924
0.00016146300000000001
0.000182444
0.00018950400000000001
0.00018298400000000002
0.00023368500000000002
0.00019675500000000001
0.00015817300000000001
0.000157794
0.00015794300000000002
0.00016788400000000001
0.00015911400000000002
0.00015835300000000002
0.00015834400000000001
0.000157863
0.00015922400000000002
0.00015943400000000002
0.00022549500000000001
0.00020408400000000002
0.00024052600000000002
0.00021649500000000001
0.00023339500000000001
0.00021520500000000002
0.00021717500000000001
0.000214224
0.000207524
0.00021311500000000002
0.000157794
0.000157503
0.000157424
0.000157403
0.00015761400000000001
0.00015820300000000002
0.00015924400000000001
0.00015979300000000001
0.00016071400000000001
0.00021766500000000002
0.00022381500000000001
0.00016311400000000001
0.00015882300000000002
0.000157644
0.00015768300000000001
0.00017116400000000002
0.000223835
0.00018005400000000002
0.00015778400000000001
0.000157763
0.000157524
0.00015767400000000001
0.00017743400000000002
0.00015956300000000002
0.000160614
0.00017303400000000002
0.00016150300000000002
0.00016346400000000002
0.00016875400000000002
0.00018115400000000002
0.00022132500000000003
0.00016356400000000002
0.00015741300000000002
0.000157694
0.00017661400000000001
0.00015773300000000002
0.000157744
0.00015736300000000002
0.00015781400000000002
0.00015868300000000001
0.000160044
0.00016003400000000001
0.00016112300000000002
0.000161934
0.00016197300000000002
0.000173124
0.00017557400000000001
0.00015796400000000002
0.00017384400000000001
0.00015736300000000002
0.000157374
0.00015730300000000002
0.000188605
0.000157663
0.000157424
0.00015725300000000002
0.00015888400000000001
0.00018173400000000002
0.00064625900000000005
0.000246426
0.00021553500000000002
0.00021528500000000001
0.00021216500000000003
0.000209724
0.000249631
0.000231055
0.00022531500000000002
0.000213415
0.00027058600000000001
0.000229225
0.00021365500000000001
0.00024847600000000002
0.00021575400000000002
0.000275347
0.00021687500000000003
0.00023850500000000002
0.00022070500000000002
0.00021925500000000001
0.00023902500000000002
0.00021359500000000002
0.00023785500000000001
0.00023468500000000002
0.00023163500000000003
0.00021380500000000002
0.00026919600000000003
0.00021308500000000001
0.00022559500000000001
0.000205515
0.00017345300000000001
0.00020123500000000002
0.000184274
0.00020235500000000001
0.000193804
0.00021512500000000001
0.000247266
0.00021858500000000001
0.000234405
0.00021298500000000001
0.000236655
0.00023069500000000003
0.00025181600000000003
0.00021384500000000002
0.00026686600000000004
0.00021428500000000001
0.00023614500000000002
0.00021391500000000001
0.00021413500000000001
0.00021590500000000001
0.00022317500000000002
0.00024919500000000002
0.00021698500000000002
0.000224305
0.000217815
0.00024818600000000001
0.00021598500000000003
0.000214854
0.00023332600000000001
0.000244725
0.00023205500000000003
0.000213544
0.00023934600000000001
0.00021343500000000002
0.00023633500000000001
0.00021438500000000002
0.00021565500000000001
0.00021592400000000002
0.00022087400000000003
0.00067234500000000008
0.00021468500000000002
0.00021325400000000002
0.00025063100000000002
0.00023298500000000001
0.000220394
0.00022590500000000001
0.00021973500000000001
0.00023719500000000002
0.00023389500000000002
0.000209485
0.00023523500000000001
0.00022670500000000001
0.00021627500000000001
0.00021789500000000001
0.00022490500000000002
0.00021843500000000001
0.00021929500000000002
0.00021916500000000001
0.00021878500000000001
0.00025810600000000003
0.00022143500000000002
0.00022106500000000003
0.00021748500000000001
0.000214484
0.00021145500000000001
0.00021390500000000002
0.000201065
0.00020586400000000002
0.00023628600000000002
0.000223045
0.00022746500000000002
0.00021415500000000003
0.00022328500000000001
0.00021434400000000002
0.00021801500000000001
0.00021986500000000002
0.00023441600000000001
0.00023790500000000001
0.00021538500000000001
0.000214565
0.00021475400000000002
0.00022596600000000002
0.00021998500000000002
0.000218884
0.000217705
0.00020930500000000002
0.000233675
0.00021973500000000001
0.00021594500000000002
0.00021862500000000002
0.00023802500000000003
0.00022416500000000002
0.00023494500000000002
0.000217755
0.00021699500000000002
0.00023828500000000003
0.000222055
0.00022092500000000002
0.00022045500000000002
0.00021970500000000003
0.00021036500000000001
0.00021399400000000001
0.00021349500000000002
0.00021619500000000003
0.00023942600000000002
0.00021843400000000002
0.00022472600000000002
0.00024357500000000003
0.00048975100000000008
0.000263606
0.00021552500000000002
0.00021512500000000001
0.00026856600000000003
0.00021850500000000002
0.00021673500000000002
0.00017871400000000001
0.000158083
0.00017723400000000002
0.00017388400000000002
0.00015848400000000002
0.000157393
0.00015916400000000002
0.00015963300000000001
0.00016073400000000002
0.00016184400000000002
0.000161483
0.00016278400000000002
0.00019520400000000001
0.00015949400000000001
0.00017656400000000001
0.000157954
0.00015799300000000002
0.000157854
0.00017093300000000001
0.00015800300000000001
0.000158004
0.000158083
0.00015780400000000002
0.000158653
0.00015949400000000001
0.000160173
0.00017840400000000001
0.000162404
0.00016217400000000001
0.00016005300000000001
0.00015929400000000001
0.00015827300000000001
0.00015827300000000001
0.000157944
0.00016664300000000001
0.00015822400000000002
0.000158233
0.00015839400000000002
0.000174384
0.00015824300000000002
0.00015908300000000002
0.00016028400000000001
0.00016077300000000001
0.000161304
0.00016184400000000002
0.00018508400000000002
0.00020182400000000002
0.00020239500000000002
0.00020089400000000002
0.00019929500000000002
0.00017770400000000002
0.00015832300000000001
0.00015825300000000002
0.00015808400000000001
0.000157663
0.00015788400000000001
0.000167233
0.00015909400000000001
0.00015955400000000001
0.000160113
0.00016122400000000001
0.00016202300000000002
0.000178894
0.00017298300000000001
0.00015918400000000001
0.00018744900000000001
0.00015809400000000001
0.000172523
0.00015802400000000002
0.00015792400000000001
0.00017295300000000002
0.00015823400000000002
0.00015772400000000001
0.00017324300000000001
0.000158734
0.00016005400000000002
0.00017762400000000001
0.000161213
0.00017126400000000002
0.00018811400000000002
0.00018345400000000002
0.000159214
0.00027985600000000004
0.000209595
0.00026240600000000002
0.00021166500000000001
0.00024030500000000001
0.00021170500000000002
0.00020536500000000002
0.000202754
0.00021306500000000002
0.00023851500000000002
0.00021157500000000001
0.00022578500000000002
0.000214095
0.00024335600000000002
0.00021388400000000001
0.00023856500000000002
0.00021750500000000003
0.00021705500000000001
0.000230375
0.00023446500000000003
0.00022899500000000001
0.00021047500000000001
0.000233565
0.00020973500000000001
0.00020991500000000003
0.00021672500000000002
0.00021057500000000001
0.00024066500000000001
0.00021199500000000001
0.000247035
0.00021334500000000001
0.00023733600000000002
0.00021224400000000002
0.00024328600000000003
0.00021620500000000002
0.00021008500000000002
0.00021289400000000001
0.000211265
0.00025363600000000001
0.00021185500000000002
0.00022332500000000002
0.00020819400000000001
0.00022927600000000002
0.00021735400000000001
0.00021260500000000002
0.00023793600000000001
0.00022657500000000002
0.00023069500000000003
0.00021243500000000002
0.00023593500000000002
0.00021213500000000001
0.00023303500000000001
0.00021736500000000002
0.00020932500000000001
0.00021595500000000002
0.00020900400000000002
0.00023603600000000001
0.000208094
0.00022817600000000002
0.00020944400000000001
0.00023968600000000002
0.00021767500000000002
0.00023961500000000002
0.00020918500000000002
0.000214355
0.00023453500000000002
0.00021344500000000001
0.00023144500000000002
0.00021075500000000002
0.00037225800000000004
0.00022228500000000002
0.00022022500000000003
0.00021078500000000001
0.00023908500000000002
0.00022106500000000003
0.00024169600000000001
0.00022298500000000001
0.00025023600000000003
0.000238435
0.00024770599999999999
0.00022591500000000001
0.00022494500000000002
0.00022729500000000003
0.00022395500000000002
0.00025904600000000003
0.00022197500000000002
0.00024040500000000001
0.00022290500000000002
0.00023734600000000001
0.000219175
0.00024739500000000003
0.00022107500000000002
0.00024687600000000004
0.00026048100000000002
0.000165284
0.00017327400000000001
0.00018701400000000002
0.000205355
0.000194744
0.00016159400000000001
0.00015968300000000001
0.00015855400000000001
0.000157653
0.00017781400000000002
0.00015781400000000002
0.00015779300000000001
0.00015760400000000002
0.00015756300000000002
0.00016178300000000001
0.00015917400000000002
0.000157493
0.00015893400000000001
0.000159333
0.000160094
0.00016139400000000001
0.000187894
0.00016233400000000001
0.00016000300000000001
0.00015938400000000002
0.000158963
0.000157734
0.000157293
0.00015759400000000002
0.00015736300000000002
0.000157904
0.00015742300000000001
0.00015757300000000002
0.00015765400000000002
0.00017526400000000001
0.00015956300000000002
0.000159994
0.00016071300000000002
0.00016126400000000002
0.000161504
0.00015934300000000002
0.00017592400000000002
0.00017877400000000001
0.00015756400000000001
0.000166813
0.00015736300000000002
0.00019462400000000001
0.00015851400000000001
0.000158503
0.00015808400000000001
0.00015798300000000002
0.00015901400000000002
0.00015996400000000002
0.00016056300000000001
0.000161514
0.00020581400000000002
0.00019645900000000001
0.000160364
0.00018598400000000001
0.00019347400000000001
0.00015922400000000002
0.00015799300000000002
0.000158634
0.00015824400000000001
0.00015793300000000002
0.00015817400000000002
0.00016689300000000002
0.00017745400000000001
0.000159254
0.00015991400000000001
0.000160013
0.00016157400000000002
0.00016188300000000001
0.00016249400000000001
0.00017602400000000002
0.000159214
0.000158973
0.00015808400000000001
0.00015784300000000001
0.00017484400000000001
0.00015813400000000001
0.00015774300000000001
0.000158064
0.000190874
0.00018698400000000001
0.00017903400000000001
0.00016006400000000002
0.000160254
0.00016876300000000002
0.000162144
0.000162354
0.000177054
0.00016003300000000002
0.00015820400000000001
0.00017896400000000002
0.00016299400000000002
0.000158813
0.00015990400000000002
0.00016744400000000002
0.00016604300000000002
0.000157944
0.00015821300000000001
0.00015888400000000001
0.000179144
0.00016037400000000002
0.000161693
0.00016227400000000001
0.00016243400000000001
0.000160283
0.00015991400000000001
0.00016892400000000001
0.00015763300000000001
0.000157904
0.000157653
0.00015786400000000002
0.00017405400000000001
0.00015809300000000002
0.000158054
0.000158383
0.00015907400000000002
0.00016015300000000001
0.000160104
0.00016155400000000001
0.000162263
0.00016217400000000001
0.00019304400000000002
0.00017235400000000002
0.000175954
0.00015812400000000002
0.00015793300000000002
0.000157734
0.00015780300000000001
0.00015808400000000001
0.00016662400000000001
0.00015795300000000001
0.00015783400000000001
0.00015916300000000001
0.000159154
0.00016003400000000001
0.00016141300000000001
0.000178674
0.000162244
0.00015935300000000002
0.00015981400000000001
0.00015927400000000002
0.000158083
0.00015801400000000002
0.000176584
0.000158183
0.000157894
0.00022586500000000001
0.00024128500000000002
0.00021083500000000001
0.00020437500000000002
0.00022062500000000001
0.00020441400000000001
0.00021113500000000002
0.00021303500000000001
0.000178264
0.00016024400000000001
0.00015909300000000002
0.00017751400000000001
0.00015803400000000001
0.00017076400000000001
0.000174124
0.000169333
0.00015850400000000001
0.00015777300000000002
0.000157863
0.00015781400000000002
0.000159123
0.00015970400000000001
0.00016067300000000001
0.00016191400000000001
0.00018022400000000001
0.00019305400000000001
0.00020389500000000003
0.00020033500000000003
0.00020068400000000002
0.00017263400000000001
0.00015817400000000002
0.00015815300000000002
0.00015791400000000002
0.00015801300000000001
0.00015749400000000002
0.000177634
0.00015817300000000001
0.00015907400000000002
0.00015996400000000002
0.00015998300000000002
0.000161564
0.00016235300000000001
0.00016233400000000001
0.00016001400000000002
0.00015936300000000001
0.00015844400000000002
0.00015816300000000001
0.000187975
0.000158023
0.000177104
0.000157794
0.00015746300000000002
0.000158054
0.00015756300000000002
0.00015875400000000002
0.00015945300000000002
0.000205615
0.000209965
0.00019577400000000001
0.00019209500000000001
0.00016030300000000001
0.00015945400000000001
0.00015934300000000002
0.00016170400000000001
0.00015751400000000001
0.00019264400000000001
0.000184434
0.00015797400000000002
0.000166763
0.00015797400000000002
0.000157923
0.000176684
0.00015938400000000002
0.000160044
0.00016160300000000002
0.00016221400000000002
0.00016181400000000001
0.000160063
0.00019148400000000001
0.000158424
0.00015780400000000002
0.00015767300000000002
0.000158054
0.00017619400000000001
0.000176424
0.00017046300000000001
0.000157734
0.00015736400000000001
0.000158803
0.00015902400000000001
0.0013853960000000001
0.000225765
0.00023536500000000002
0.00021384500000000002
0.00023704500000000002
0.00021115400000000002
0.00020707500000000001
0.00020663500000000002
0.00019655400000000002
0.00022077500000000001
0.000203935
0.00028089100000000002
0.000210535
0.00021030400000000002
0.00021115500000000001
0.00021222500000000002
0.00021197500000000002
0.00023096500000000002
0.00021187500000000001
0.00021565400000000002
0.00021459400000000003
0.00020333500000000002
0.00021127500000000003
0.00021406500000000002
0.00022988500000000001
0.00021077400000000003
0.000243887
0.00020644500000000001
0.00024596500000000001
0.00020728500000000001
0.000207135
0.000330627
0.00020878500000000001
0.00024789300000000001
0.000220845
0.00024552600000000003
0.000224305
0.00024325500000000003
0.00022963500000000001
0.00024888600000000003
0.000218385
0.00024161500000000001
0.00021951500000000002
0.00024104600000000002
0.00025901600000000004
0.00023894500000000001
0.00021992500000000002
0.00027021600000000004
0.000220955
0.00021801500000000001
0.000219695
0.000253026
0.00023198500000000001
0.00029782700000000002
0.00025049499999999999
0.00024791599999999999
0.00022214500000000001
0.00024701600000000002
0.00022125500000000001
0.00027570600000000002
0.00022122500000000002
0.00022178500000000001
0.00052608199999999998
0.00020487500000000001
0.00020283400000000002
0.00022689500000000002
0.00026032600000000001
0.00023207500000000002
0.00017321400000000001
0.00022212500000000002
0.00022868500000000001
0.00022382500000000001
0.00021676400000000001
0.00020846500000000002
0.00025073599999999999
0.00021309500000000001
0.00025625499999999999
0.00021575500000000001
0.000217495
0.00021616500000000001
0.00021694500000000002
0.00021558500000000002
0.00021614500000000003
0.00021555400000000002
0.00021915500000000001
0.00024941600000000003
0.00021931500000000001
0.00023583500000000002
0.00021382500000000001
0.00024684100000000003
0.000261916
0.00021862500000000002
0.00021919500000000002
0.00022128500000000002
0.00022344500000000001
0.000217655
0.00022134500000000002
0.00019408900000000002
0.000163683
0.000157894
0.000168104
0.00019492400000000002
0.000160194
0.000161643
0.00017762400000000001
0.00016212400000000001
0.00016021400000000002
0.00017411300000000002
0.000157923
0.00015782400000000001
0.00020565400000000002
0.00015809400000000001
0.00015793300000000002
0.00017029400000000001
0.00015791400000000002
0.000157553
0.00017948400000000002
0.000158414
0.000159653
0.00017495400000000001
0.000162034
0.00016185400000000001
0.00017707400000000002
0.00016036300000000001
0.00015907400000000002
0.00019837400000000002
0.00015749400000000002
0.00017582400000000002
0.00021848500000000001
0.000206894
0.000262935
0.00020632500000000001
0.00023265500000000001
0.00020595500000000002
0.00020485500000000002
0.00023324500000000001
0.00021012500000000003
0.00023477500000000003
0.000214145
0.00052852699999999999
0.00020445500000000001
0.00020271400000000002
0.00020229500000000001
0.000206264
0.00019956500000000002
0.00020939500000000002
0.00027181600000000003
0.00021073400000000002
0.000215474
0.00019867500000000002
0.00020557400000000001
0.00020167400000000002
0.00021020500000000001
0.00021249500000000002
0.00021412400000000003
0.00023792600000000001
0.00021272500000000001
0.00020098400000000003
0.000296497
0.00021769500000000001
0.00021559500000000001
0.00021536400000000001
0.00021523500000000001
0.00022658500000000001
0.00021342500000000002
0.000199645
0.00015784300000000001
0.00015750400000000002
0.00015884300000000001
0.00015922400000000002
0.00016013400000000001
0.000161273
0.00017854400000000002
0.00017649400000000002
0.00018672400000000001
0.00015833400000000002
0.00015776400000000002
0.00017612300000000001
0.00015733300000000001
0.00015776400000000002
0.00015733300000000001
0.00015761400000000001
0.000157453
0.00015728400000000002
0.00016960400000000001
0.00015884300000000001
0.00015932400000000002
0.00016044300000000002
0.00016086400000000001
0.00016157400000000002
0.00017824400000000001
0.00017286300000000002
0.00015892400000000001
0.00015772400000000001
0.000157663
0.000157484
0.00015712300000000001
0.000174864
0.00018052400000000002
0.00015736400000000001
0.000157343
0.00015712400000000002
0.00019487400000000002
0.00015924400000000001
0.00015962300000000001
0.00016064400000000002
0.00017123400000000001
0.000161053
0.00015965400000000001
0.000158844
0.00015885300000000001
0.00015745400000000001
0.000157603
0.00015720400000000001
0.000173604
0.00015804300000000002
0.00015786400000000002
0.00015772300000000002
0.00015787400000000001
0.00015874300000000001
0.000159963
0.00015984400000000002
0.00016138300000000002
0.00016195400000000002
0.00019472400000000001
0.00022516500000000002
0.00023737600000000003
0.000216665
0.000231735
0.00021473500000000002
0.00021677500000000002
0.00021748500000000001
0.00017599400000000001
0.000172783
0.00015758300000000001
0.000157584
0.000189934
0.000215455
0.00021253500000000002
0.000216894
0.00021766500000000002
0.00022254500000000002
0.00022081500000000002
0.00021983500000000001
0.00021532500000000002
0.000184274
0.00018592400000000002
0.000157823
0.000191404
0.00015840400000000001
0.000158374
0.00015817300000000001
0.00016194400000000002
0.00015926300000000001
0.00015969400000000002
0.00016084400000000002
0.00018289400000000001
0.000179674
0.000174914
0.00016026300000000001
0.00015933400000000002
0.00015835300000000002
0.000157944
0.00015828400000000002
0.00016081300000000002
0.000158314
0.00015816300000000001
0.00015807400000000002
0.000165904
0.000174983
0.00015938400000000002
0.00015987400000000001
0.000160223
0.00016165400000000001
0.00016182300000000001
0.00016275300000000002
0.00018228400000000001
0.00015954400000000002
0.00015932300000000001
0.00015766400000000001
0.000157794
0.00017620300000000002
0.00015785300000000001
0.00015757400000000001
0.000157863
0.00015799400000000001
0.00015819300000000002
0.000158104
0.00017796400000000002
0.000173394
0.00016161300000000001
0.000170884
0.00016262400000000002
0.00016026300000000001
0.000175754
0.00015849400000000002
0.00015745400000000001
0.00015817300000000001
0.00015792400000000001
0.000158233
0.00015812400000000002
0.00015789300000000001
0.00015813400000000001
0.00015816300000000001
0.00015892400000000001
0.00015958400000000002
0.00017735400000000001
0.00016187300000000001
0.00016207400000000001
0.00016239300000000002
0.00016035300000000001
0.00016594400000000001
0.00015993300000000002
0.00016503400000000002
0.00015809400000000001
0.000158393
0.00025180600000000004
0.000253016
0.00045742700000000005
0.00029128699999999999
0.00029935600000000003
0.00024131600000000002
0.00018274400000000001
0.00022809700000000002
0.000293966
0.00024311600000000001
0.00025808600000000004
0.00021125500000000001
0.00022080500000000002
0.000249163
0.000216035
0.00041935100000000004
0.00020918400000000001
0.000208495
0.000208705
0.00020887400000000001
0.00023024500000000002
0.00020896400000000001
0.00020930500000000002
0.00021047500000000001
0.00016596300000000001
0.000162344
0.00018178400000000002
0.00016294400000000002
0.00017186400000000001
0.00019929400000000001
0.00030456
0.00021455500000000001
0.00021400500000000002
0.00020803500000000002
0.00020676400000000001
0.00020842500000000001
0.00020801500000000001
0.000216684
0.000158343
0.00017948400000000002
0.00016012400000000001
0.00016627300000000001
0.00016412300000000001
0.00017325400000000002
0.00016251400000000002
0.00016014300000000001
0.00015949400000000001
0.00017792400000000001
0.00018908400000000001
0.00017216400000000001
0.00015791400000000002
0.00016424400000000002
0.000157763
0.00015820400000000001
0.00017097400000000001
0.00015841300000000002
0.00015922400000000002
0.000161163
0.00016765400000000002
0.00016184400000000002
0.00016204300000000001
0.00016299400000000002
0.00016008400000000001
0.00017696400000000002
0.00015830300000000002
0.00015823400000000002
0.00015819300000000002
0.00015850400000000001
0.00015867300000000002
0.000165983
0.00024725600000000001
0.00021635400000000001
0.000213964
0.000216505
0.00021871500000000002
0.00021858500000000001
0.00039918400000000002
0.000212365
0.00021410500000000002
0.00021156500000000001
0.00021216400000000001
0.00021119500000000001
0.00021094500000000001
0.00025306100000000001
0.00021774500000000001
0.00021583400000000001
0.000250206
0.00021586500000000001
0.000215665
0.00020786400000000001
0.00020776400000000001
0.00024691000000000003
0.00021253500000000002
0.00021563500000000002
0.00021626500000000002
0.00021377500000000001
0.00021237500000000003
0.00021016400000000002
0.00024563100000000001
0.00021012500000000003
0.000208595
0.00021020400000000002
0.00020949500000000003
0.000221945
0.000212005
0.00024286000000000002
0.000246171
0.00021197500000000002
0.000211864
0.00020976400000000001
0.00020935500000000002
0.00020950500000000002
0.00020965400000000001
0.00024626300000000004
0.000218915
0.00023719500000000002
0.000208285
0.00021169400000000001
0.00021456400000000001
0.00022311500000000002
0.00021340500000000001
0.00017790400000000002
0.000157944
0.00019833400000000002
0.00015902400000000001
0.000159333
0.00015977400000000001
0.00016118400000000001
0.000162003
0.00016217400000000001
0.000159734
0.000159333
0.00019549400000000002
0.00020384400000000001
0.000261616
0.00020193500000000001
0.00016904300000000001
0.000176004
0.00015818400000000002
0.000172764
0.00020590400000000003
0.00017207300000000002
0.00019455500000000001
0.00024308500000000001
0.00033905800000000005
0.00021235500000000001
0.00020387400000000002
0.00020286500000000002
0.00020149400000000001
0.00061521600000000003
0.00023821500000000001
0.00021198400000000002
0.00021300500000000002
0.00021340500000000001
0.00021352500000000003
0.00023655
0.00015814400000000001
0.00015811300000000001
0.00015833400000000002
0.00015955300000000002
0.00016048400000000002
0.00016095400000000002
0.00016186300000000002
0.000162354
0.000160464
0.00015945300000000002
0.00017583400000000001
0.00017074400000000002
0.00017420400000000001
0.00016783400000000001
0.000157973
0.00015782400000000001
0.00015768300000000001
0.00015757400000000001
0.000157493
0.00015864400000000002
0.00015977400000000001
0.000189144
0.00018013400000000001
0.00016228400000000001
0.00016240300000000001
0.00016620400000000001
0.00016029400000000001
0.00015920300000000001
0.000167474
0.000157393
0.00015765400000000002
0.00015733400000000002
0.000157663
0.00015751400000000001
0.000175274
0.00015779300000000001
0.00015871400000000001
0.00016015300000000001
0.00015981400000000001
0.00016124300000000001
0.000162003
0.00016215400000000002
0.00016040300000000002
0.00018653500000000002
0.000157873
0.00015766400000000001
0.00018039400000000001
0.00015810300000000001
0.000157584
0.00015758300000000001
0.000157484
0.00015784300000000001
0.00015751400000000001
0.00015887400000000001
0.00016159300000000002
0.00020913500000000002
0.00016530400000000002
0.00016180300000000002
0.00018180400000000001
0.000160204
0.000159474
0.00015911300000000001
0.000157694
0.00015769300000000001
0.00015776400000000002
0.000157863
0.00016586400000000002
0.00015766400000000001
0.00015751300000000002
0.00015744400000000002
0.00015830300000000002
0.00017631400000000001
0.00016006400000000002
0.000161163
0.000175064
0.00016216400000000001
0.00015965400000000001
0.000159273
0.00015775400000000002
0.00015742300000000001
0.000157424
0.00015752300000000002
0.000157424
0.00049593100000000002
0.00024435800000000002
0.00022938500000000003
0.00027101600000000001
0.00021981500000000002
0.00021977500000000002
0.00022087500000000002
0.00024333500000000001
0.00034498100000000001
0.00017568400000000001
0.000159934
0.00015884300000000001
0.00015765400000000002
0.00015723400000000002
0.00015762300000000002
0.000157694
0.00015736300000000002
0.000157534
0.00017748400000000002
0.000173764
0.00015768300000000001
0.000158534
0.000178884
0.00015979300000000001
0.00016066400000000001
0.00016126400000000002
0.00016129300000000002
0.00015935400000000001
0.000158713
0.00015835400000000001
0.000174654
0.00015775300000000001
0.000157534
0.00015720300000000002
0.00015783400000000001
0.00015750400000000002
0.00015788300000000002
0.00015756400000000001
0.00015832300000000001
0.00015945400000000001
0.000159753
0.00016095400000000002
0.000161714
0.00017851400000000001
0.00019109400000000002
0.000159054
0.00017620300000000002
0.00015822300000000001
0.000158214
0.000173234
0.00020277400000000002
0.00018382400000000002
0.00015965400000000001
0.00017822400000000002
0.000175594
0.000159643
0.000159963
0.00016095400000000002
0.00016152300000000001
0.00017351400000000002
0.00016206400000000001
0.00015957300000000001
0.000159483
0.000159414
0.00015773300000000002
0.00015803400000000001
0.00019362400000000002
0.00016446400000000002
0.00015794300000000002
0.00015792400000000001
0.00015773300000000002
0.00015786400000000002
0.00015898400000000001
0.00015979300000000001
0.00016021400000000002
0.00016077300000000001
0.000161724
0.000162294
0.000159913
0.00017676400000000002
0.00015855400000000001
0.00015801300000000001
0.000158264
0.000158493
0.00015827400000000002
0.00017092400000000001
0.00015819300000000002
0.00015827400000000002
0.00015818400000000002
0.00035308200000000001
0.00031914200000000002
0.00026464000000000001
0.00026063600000000002
0.00024886800000000002
0.00027194600000000001
0.000211425
0.00021002500000000002
0.00021010400000000002
0.00026931600000000002
0.00034325700000000002
0.00020892500000000002
0.00020835500000000002
0.00020823400000000001
0.00024469600000000003
0.00020831500000000001
0.00066035400000000004
0.00020930500000000002
0.00020905500000000001
0.00024715500000000004
0.00025362600000000001
0.00019443500000000002
0.000162473
0.000160414
0.00015914300000000002
0.000158154
0.00017367400000000002
0.00015914300000000002
0.00015776400000000002
0.00015793400000000001
0.00015784300000000001
0.000320267
0.00021706500000000001
0.00021114500000000001
0.00023458500000000002
0.00021616500000000001
0.00024073600000000002
0.00021918400000000001
0.00022124400000000003
0.00022526500000000002
0.000286006
0.000302787
0.00021913500000000002
0.00028951600000000002
0.00024362600000000002
0.00021722500000000001
0.00024914500000000004
0.00022113500000000002
0.00021636500000000002
0.000216715
0.00021733500000000001
0.00021884500000000001
0.000217185
0.00024119500000000001
0.00021842500000000001
0.00022459500000000001
0.000225875
0.00022432500000000002
0.00021871400000000001
0.00022201500000000002
0.00033133800000000003
0.00024069500000000003
0.000228626
0.000217044
0.00025253600000000004
0.00026002600000000001
0.00023345500000000001
0.00033326100000000001
0.00019285400000000001
0.00016032400000000002
0.00016076300000000002
0.000161934
0.000162094
0.00016271300000000001
0.00016013400000000001
0.000160144
0.00015908300000000002
0.00019174900000000001
0.00015739400000000002
0.00015768300000000001
0.00015739400000000002
0.00016923400000000001
0.000157553
0.00015759400000000002
0.00015830300000000002
0.00015893400000000001
0.00015961400000000001
0.00015994300000000001
0.000180354
0.000162034
0.00016202400000000001
0.000159643
0.00015928400000000002
0.000157703
0.00015762400000000001
0.000157813
0.000170514
0.000157484
0.000157813
0.00017630400000000001
0.00017691400000000002
0.000157954
0.000159233
0.00018805500000000001
0.00016128300000000002
0.00016158400000000002
0.00016238400000000001
0.000163253
0.00016043400000000002
0.000178624
0.00015814300000000002
0.00015788400000000001
0.000174654
0.00015768300000000001
0.00015825400000000001
0.00015771400000000001
0.00015764300000000001
0.000157744
0.000157863
0.000159254
0.00015994300000000001
0.000160574
0.00016142400000000002
0.00016202300000000002
0.000162604
0.00017744400000000002
0.000167474
0.000159073
0.00015799400000000001
0.00017091400000000001
0.00015806300000000001
0.00015799400000000001
0.00015777300000000002
0.000157894
0.000158083
0.000158374
0.00015873300000000001
0.00017698400000000001
0.000160934
0.00016105400000000002
0.00016183300000000001
0.00017102400000000001
0.000164554
0.00015951300000000002
0.00015808400000000001
0.00015822400000000002
0.000158083
0.000158054
0.00016642300000000002
0.00017471400000000002
0.00016327400000000001
0.00015783400000000001
0.00015785300000000001
0.00015888400000000001
0.00015934300000000002
0.00016063400000000002
0.00016150300000000002
0.000161934
0.00016228400000000001
0.00016003300000000002
0.00015953400000000002
0.00017602400000000002
0.00044146200000000005
0.00030074700000000003
0.00031102700000000002
0.000216865
0.00028509600000000004
0.00020033500000000003
0.00024102500000000002
0.00021584500000000002
0.00022348500000000002
0.00022321500000000002
0.00022439500000000001
0.00022773500000000001
0.00022643500000000001
0.00035432600000000002
0.00022410500000000002
0.00022432500000000002
0.00022280500000000002
0.00021767500000000002
0.000240301
0.00015857300000000001
0.000158364
0.000172134
0.00015821300000000001
0.00019182500000000001
0.00015846300000000002
0.00015937400000000002
0.00016656400000000001
0.000160793
0.00017987400000000001
0.00018047400000000002
0.000162354
0.00015976400000000001
0.00015963300000000001
0.00015929400000000001
0.000157823
0.00015834400000000001
0.000157873
0.00015797400000000002
0.00015798300000000002
0.00015802400000000002
0.000158004
0.000175143
0.00015841300000000002
0.00018868400000000003
0.000160574
0.000161034
0.00016155300000000002
0.00016230400000000002
0.00016000300000000001
0.000159424
0.00015839400000000002
0.00015830300000000002
0.00015846400000000001
0.00018640400000000001
0.00015890300000000001
0.00015829400000000001
0.00015782400000000001
0.00015804300000000002
0.000157694
0.00015945300000000002
0.000160314
0.00016093300000000001
0.00016191400000000001
0.00016211400000000001
0.000161893
0.00019316500000000003
0.00018259400000000001
0.00015955300000000002
0.00015782400000000001
0.00015762400000000001
0.00015753300000000001
0.00015745400000000001
0.00015758300000000001
0.00015808400000000001
0.00015777300000000002
0.00015788400000000001
0.00017665400000000002
0.000160073
0.00016016400000000002
0.00016087400000000001
0.00016235300000000001
0.00016233400000000001
0.000159853
0.00015935300000000002
0.00018320400000000002
0.000221315
0.00021355500000000001
0.00022634200000000001
0.000158064
0.00015741300000000002
0.00015745400000000001
0.000157913
0.00015787400000000001
0.00015886400000000002
0.00029707600000000001
0.000160774
0.00016140300000000001
0.000181225
0.00016277300000000001
0.00017882400000000001
0.00018319400000000002
0.00019678500000000002
0.00015806300000000001
0.00015813400000000001
0.000158314
0.00026360500000000004
0.000298177
0.00024589600000000001
0.00021049500000000002
0.00020696400000000002
0.00020852500000000001
0.00020982500000000002
0.00023792500000000002
0.000210855
0.00021271500000000001
0.00021355400000000002
0.00023267600000000002
0.000209874
0.000209855
0.00020867500000000002
0.00020774400000000002
0.00021492400000000002
0.00020856500000000002
0.000208185
0.00028870600000000001
0.00022972500000000001
0.00033307700000000004
0.00021386500000000001
0.00021070500000000002
0.000210924
0.00021857500000000001
0.00021276500000000001
0.00021318500000000001
0.00020915500000000001
0.00023329500000000001
0.00020898500000000002
0.00021053400000000001
0.00021015500000000001
0.00020448500000000002
0.000214615
0.00021843500000000001
0.00020832400000000002
0.00020861500000000002
0.00023018500000000002
0.00020905500000000001
0.00021164500000000002
0.000280776
0.00021129500000000002
0.00021586500000000001
0.00021720500000000002
0.00021111400000000001
0.00021232500000000002
0.00024565600000000002
0.00020980400000000001
0.00020730500000000002
0.00020743500000000001
0.00020895400000000002
0.00032598700000000002
0.00033342100000000003
0.00023223500000000002
0.00020697400000000001
0.000179824
0.00016035300000000001
0.00016431400000000001
0.000161173
0.00018144400000000001
0.00016212300000000002
0.00016012400000000001
0.00015911300000000001
0.00015824400000000001
0.00015849400000000002
0.000158133
0.00015799400000000001
0.00015835300000000002
0.000157684
0.00015800300000000001
0.00015827400000000002
0.00018429400000000002
0.00016530400000000002
0.000159863
0.00016079400000000002
0.000161664
0.00016234300000000001
0.00016248400000000001
0.00016024300000000002
0.000183315
0.00015908300000000002
0.00015776400000000002
0.00015825300000000002
0.00015807400000000002
0.000175224
0.000158123
0.00015788400000000001
0.00015799300000000002
0.00015783400000000001
0.000159004
0.00015967300000000001
0.00016097400000000001
0.00023387500000000001
0.00024318500000000001
0.00022019500000000002
0.00022088500000000001
0.00024132600000000001
0.00021863500000000001
0.00021897500000000002
0.000218645
0.00021730400000000001
0.00021973400000000002
0.00022427500000000002
0.000218884
0.00021875400000000001
0.00024023600000000001
0.00022538500000000001
0.00022190500000000002
0.00022211500000000002
0.00024467600000000004
0.000224195
0.00022781500000000003
0.000235085
0.00024046600000000002
0.00022181500000000002
0.000220375
0.00022005500000000001
0.00022076500000000002
0.00022017500000000003
0.000224405
0.00021894500000000001
0.00021991500000000002
0.00024175500000000002
0.00022090500000000003
0.00022246500000000001
0.00025770600000000002
0.00022625500000000002
0.00022085500000000003
0.00022717500000000001
0.000222365
0.00022023500000000002
0.00025163600000000001
0.000233095
0.00020067500000000001
0.000204954
0.00021955500000000002
0.00025991600000000001
0.00020476500000000001
0.00015789300000000001
0.00015838400000000002
0.000159154
0.00019929400000000001
0.00025950600000000001
0.00021337500000000002
0.000213205
0.00021349400000000003
0.00021093500000000001
0.00021009500000000001
0.00020905500000000001
0.000226235
0.00022840500000000002
0.00020779400000000002
0.00020724400000000001
0.000206715
0.00020791400000000002
0.00020720500000000002
0.00020675500000000001
0.00020792400000000001
0.000208285
0.000260886
0.000210955
0.00023252500000000003
0.00021204500000000001
0.00021026500000000001
0.00020871400000000001
0.00020831500000000001
0.00020706500000000001
0.000207884
0.00020813500000000003
0.00021517500000000001
0.00020727500000000001
0.00020737400000000002
0.000207915
0.000208755
0.00020860400000000001
0.00020937500000000001
0.00024427600000000003
0.00021128400000000001
0.00022928600000000001
0.00016733300000000001
0.00016367400000000002
0.00015980400000000002
0.000159483
0.000157734
0.000158183
0.00015825400000000001
0.00017139400000000001
0.00015809300000000002
0.000157694
0.00020590400000000003
0.00016421400000000001
0.00015858300000000001
0.00016026400000000002
0.000160013
0.00016169400000000001
0.00016183400000000002
0.00016228300000000002
0.000160094
0.00019133400000000001
0.000158164
0.00016036300000000001
0.000158114
0.00017519400000000002
0.00015778300000000002
0.00015808400000000001
0.00015837300000000001
0.000157663
0.000158214
0.000158913
0.00016001400000000002
0.00028861100000000003
0.000279726
0.000207784
0.00020192500000000002
0.00018834400000000001
0.00016384400000000001
0.00015811300000000001
0.00017437400000000001
0.000168624
0.000177114
0.00015771400000000001
0.00015767300000000002
0.00015782400000000001
0.00015794300000000002
0.00015782400000000001
0.000158973
0.00015943400000000002
0.00016034400000000001
0.00016139300000000002
0.00021217500000000002
0.00016582400000000002
0.00017706400000000002
0.00015920300000000001
0.00015912400000000002
0.00015754300000000001
0.00015759400000000002
0.000157613
0.00015761400000000001
0.00015751400000000001
0.000157393
0.00018533400000000002
0.00017141400000000002
0.00020164500000000003
0.00022434500000000001
0.00016890400000000002
0.000161263
0.00016215400000000002
0.00016222300000000002
0.00016001400000000002
0.00017560400000000002
0.00015782400000000001
0.00015783300000000002
0.00015750400000000002
0.000157453
0.000157844
0.000175114
0.00015783300000000002
0.000157694
0.00015748300000000001
0.00015866400000000001
0.00015942300000000001
0.000160144
0.00018541400000000001
0.00016211400000000001
0.000162504
0.000160273
0.000159944
0.00017655400000000002
0.00015825300000000002
0.000158064
0.00017235400000000002
0.00015801300000000001
0.00015809400000000001
0.00018678400000000001
0.00020199500000000001
0.00020081400000000001
0.00020411500000000002
0.00018662400000000001
0.000179574
0.00016142400000000002
0.00016202300000000002
0.00016252400000000002
0.00016112400000000001
0.00015967300000000001
0.00016371300000000001
0.000157844
0.000157844
0.00015758300000000001
0.00015776400000000002
0.00015778300000000002
0.00017392400000000002
0.000157894
0.00015778300000000002
0.00015908400000000001
0.000160333
0.00016092400000000001
0.00016204400000000002
0.000162323
0.00016246400000000002
0.000160464
0.00015957300000000001
0.00015916400000000002
0.000157713
0.00017415400000000001
0.00031290700000000002
0.00023069500000000003
0.00020161500000000001
0.00021258500000000003
0.00021731500000000002
0.00021720500000000002
0.00021588400000000001
0.000264491
0.00021378400000000001
0.000228225
0.00020978400000000002
0.00023179500000000003
0.00020153400000000001
0.00021229500000000001
0.00020736500000000002
0.00022674500000000001
0.00020554400000000002
0.000206245
0.00021563500000000002
0.00020786400000000001
0.00021292400000000002
0.000205825
0.00021908500000000002
0.00021038500000000003
0.000209774
0.00022615500000000002
0.00020497400000000002
0.00020436500000000003
0.00022154500000000002
0.00020829400000000001
0.00020555400000000002
0.00020673500000000002
0.00020709400000000001
0.000206424
0.00023695500000000001
0.000223155
0.00020420400000000001
0.00021293500000000001
0.00020500500000000002
0.000211864
0.00020554500000000001
0.00020020500000000001
0.00020104400000000002
0.000202055
0.000231105
0.00021007500000000002
0.00020190400000000001
0.00020049500000000002
0.00021635500000000002
0.000204594
0.00019717500000000001
0.00020445400000000002
0.000195985
0.00022680500000000001
0.00019861400000000001
0.00019821500000000001
0.000206555
0.000199254
0.00020873500000000001
0.00020308400000000002
0.00020329500000000001
0.00021183500000000001
0.00020471400000000002
0.00023191600000000001
0.00020253400000000001
0.00020826500000000001
0.00020019500000000002
0.000199674
0.00023156500000000001
0.00021166500000000001
0.00041969000000000002
0.00073783600000000007
0.00020971500000000002
0.00025924600000000003
0.00021297500000000001
0.00023500500000000002
0.00021552500000000002
0.00021960500000000002
0.00023856500000000002
0.00022286500000000002
0.000221525
0.00021344500000000001
0.00021837500000000001
0.00025127500000000002
0.000233966
0.00021134500000000002
0.000213694
0.00022873500000000001
0.00021900400000000002
0.00021314500000000001
0.00021358500000000002
0.000215565
0.00021355500000000001
0.00023742500000000001
0.00021481500000000001
0.00021759500000000001
0.00021867500000000002
0.00022157500000000001
0.00021596500000000001
0.00021340400000000002
0.00022449500000000001
0.000212964
0.00023632600000000003
0.00021955500000000002
0.000213274
0.00021375500000000002
0.00021863500000000001
0.000212475
0.000214465
0.00021619500000000003
0.00021662500000000002
0.00025444200000000001
0.00016225400000000002
0.00016215400000000002
0.00015971300000000002
0.00017274400000000001
0.000159574
0.00015768300000000001
0.00016550400000000002
0.00015793300000000002
0.00015756300000000002
0.000175014
0.00015804400000000001
0.000157613
0.00015793400000000001
0.00015862300000000002
0.00015995400000000002
0.000159913
0.00016107400000000001
0.00016179400000000002
0.00016233300000000002
0.00016033400000000001
0.00015937300000000001
0.00015812400000000002
0.00017352400000000001
0.00027603600000000001
0.00015782400000000001
0.000157873
0.000157684
0.00015748300000000001
0.00016608400000000002
0.00019793500000000002
0.00049996100000000005
0.00031686000000000003
0.00022321500000000002
0.00020798500000000002
0.00021287400000000002
0.00021711500000000001
0.000179304
0.00015986400000000001
0.00015917400000000002
0.000177164
0.000157923
0.00017539400000000002
0.00015823400000000002
0.00015737300000000001
0.000157474
0.00015772300000000002
0.00016828400000000002
0.00015866400000000001
0.00015941300000000001
0.00015977400000000001
0.00016141300000000001
0.000162034
0.000179624
0.00016007400000000001
0.00015898300000000002
0.00015791400000000002
0.00015754300000000001
0.00015807400000000002
0.000157694
0.000157663
0.000157894
0.000177684
0.000168593
0.00015777400000000001
0.00017715400000000001
0.00016042400000000002
0.00016057300000000001
0.000179984
0.00017071400000000001
0.00016195400000000002
0.00015962300000000001
0.00015903400000000001
0.000158913
0.00015777300000000002
0.00015786400000000002
0.000158023
0.00017415400000000001
0.00015782400000000001
0.00015737300000000001
0.00015770400000000002
0.00015757300000000002
0.000157844
0.000159073
0.00015992400000000001
0.00016138400000000001
0.000161893
0.000161984
0.00015976300000000002
0.00015906400000000002
0.000174544
0.00015773300000000002
0.00016507300000000001
0.00015767400000000001
0.000157863
0.000157734
0.00015752300000000002
0.00015744400000000002
0.000157823
0.00015861400000000001
0.000159474
0.00016039300000000002
0.00017749400000000002
0.000161984
0.000162213
0.00015995400000000002
0.000159414
0.000172194
0.000158083
0.00015772400000000001
0.000157923
0.000157584
0.00015737300000000001
0.000157634
0.00017435400000000002
0.00016473300000000002
0.00015844400000000002
0.000159364
0.00015988300000000001
0.00016094400000000002
0.00016207300000000002
0.000162034
0.00015945400000000001
0.00015889300000000001
0.000158114
0.000157713
0.00054046200000000002
0.00019903400000000001
0.00019991400000000001
0.00022120400000000002
0.00020052400000000002
0.00019967500000000002
0.00019555400000000002
0.00016248400000000001
0.00018419400000000002
0.00020135400000000002
0.00021206500000000002
0.00021256500000000001
0.00021418500000000001
0.00022957500000000001
0.00020701500000000001
0.00021267400000000002
0.00020626500000000002
0.00020741500000000002
0.00020638400000000002
0.000208755
0.00020698500000000002
0.00020869400000000002
0.00022909500000000001
0.00020805400000000002
0.00020471500000000001
0.000213515
0.00020907400000000001
0.00021264400000000001
0.00021292500000000001
0.00021515500000000002
0.00021101500000000003
0.000228225
0.00021110500000000001
0.00020745400000000001
0.000210375
0.000209015
0.00020824400000000001
0.00020860500000000003
0.000207555
0.00020629400000000001
0.000230036
0.00022802500000000003
0.00021893500000000002
0.000211184
0.000211005
0.00021186500000000002
0.000212315
0.000206264
0.00016584400000000001
0.00015850400000000001
0.000162373
0.00018518400000000002
0.00015820300000000002
0.000157844
0.00016835300000000002
0.00019816500000000001
0.000160934
0.000166603
0.00018809400000000001
0.00020190400000000001
0.00020211500000000003
0.000204224
0.00023662600000000001
0.000166343
0.000159634
0.000158524
0.00015888300000000002
0.00015762400000000001
0.00015751300000000002
0.000157524
0.000171044
0.000157393
0.000157324
0.00015732300000000001
0.00017471400000000002
0.00015833400000000002
0.00015947300000000001
0.00028976700000000002
0.00043571900000000005
0.000324667
0.00028886600000000004
0.000160204
0.00015971300000000002
0.00017582400000000002
0.00016466400000000002
0.00015802400000000002
0.00015779300000000001
0.00015803400000000001
0.000158123
0.00015799400000000001
0.00015817300000000001
0.00015820400000000001
0.00015917400000000002
0.000159443
0.000160984
0.000161893
0.000179724
0.000162764
0.000160104
0.000172454
0.000159493
0.00015787400000000001
0.00015816300000000001
0.00018934500000000002
0.00015799300000000002
0.000157904
0.00015783300000000002
0.000157584
0.00017493400000000002
0.00015911300000000001
0.00016048400000000002
0.00016050300000000002
0.00016157300000000001
0.00016236400000000002
0.00016251300000000001
0.00015995400000000002
0.000159364
0.00015820300000000002
0.000158164
0.00015830300000000002
0.000174754
0.00015850400000000001
0.00015815300000000002
0.00015801400000000002
0.000158123
0.00018564500000000002
0.00015941300000000001
0.00016012400000000001
0.000160173
0.00016153400000000002
0.00016199400000000002
0.00016212300000000002
0.00017655400000000002
0.00015955400000000001
0.00017780400000000002
0.000157823
0.00015787400000000001
0.000157854
0.000157923
0.00015759400000000002
0.00015748300000000001
0.00015760400000000002
0.00015727300000000001
0.00015787400000000001
0.00015931300000000001
0.00019278000000000001
0.00016144300000000002
0.000161853
0.00019495500000000002
0.00016003300000000002
0.000159304
0.000158083
0.00015762400000000001
0.00015778300000000002
0.00015782400000000001
0.00017602400000000002
0.00015769300000000001
0.00015792400000000001
0.00015737300000000001
0.00015762300000000002
0.000159044
0.00015909300000000002
0.000160104
0.00016128300000000002
0.000161984
0.000161724
0.000166973
0.000158064
0.00042274000000000001
0.000277946
0.00064292400000000001
0.00022284500000000003
0.00021548500000000001
0.00021544500000000001
0.00024585500000000001
0.00021108500000000002
0.000212945
0.00021326500000000003
0.000244615
0.00021799500000000002
0.00024526600000000001
0.00021814500000000002
0.00022072500000000001
0.00025241500000000003
0.00021437500000000002
0.00024302600000000003
0.00021487400000000002
0.00024054600000000001
0.00021882500000000002
0.00024015500000000001
0.000217655
0.00023568500000000002
0.00023232500000000002
0.00023551500000000002
0.00021804500000000002
0.00021801500000000001
0.00023477500000000003
0.00021689500000000002
0.00024305600000000001
0.000229015
0.000266746
0.000216135
0.00023407500000000001
0.00021523500000000001
0.00023861500000000002
0.00021308500000000001
0.00022804500000000002
0.00021551500000000003
0.000216395
0.00025253600000000004
0.000217965
0.00021843400000000002
0.00021979500000000001
0.00025143600000000001
0.00022180500000000002
0.00025403600000000002
0.00022065500000000002
0.000254045
0.00021234400000000003
0.00023277600000000002
0.000214274
0.00021429500000000001
0.00023570600000000002
0.00021549400000000002
0.00023840600000000001
0.00021668500000000002
0.00023300500000000002
0.00022001500000000003
0.000234925
0.00021925500000000001
0.00027066600000000003
0.00023100600000000002
0.00040482400000000003
0.00028845600000000003
0.00020882400000000001
0.000209335
0.00020827500000000001
0.00020676400000000001
0.000240926
0.00020682400000000001
0.00020745500000000003
0.00020607500000000001
0.00020617400000000002
0.00020627500000000001
0.000207555
0.00020779400000000002
0.00020805500000000001
0.00023841500000000001
0.00021050500000000002
0.000212055
0.00021087500000000002
0.00020824400000000001
0.00020820500000000002
0.000207815
0.00020807400000000001
0.00020701500000000001
0.00020637500000000002
0.00024025500000000001
0.00023475500000000001
0.00017368400000000001
0.00015798400000000001
0.00018157400000000002
0.000215875
0.00021738500000000001
0.000256755
0.00021844500000000003
0.00022008500000000002
0.00023966600000000001
0.00021844500000000003
0.00022375500000000002
0.00021708500000000003
0.00021698400000000001
0.00021569500000000001
0.00021405500000000002
0.00021317500000000002
0.00021881500000000003
0.00023265500000000001
0.00021558500000000002
0.000220535
0.00023218500000000001
0.00022187500000000001
0.00022687500000000003
0.00021905500000000001
0.00021926500000000001
0.000218755
0.00023526500000000002
0.00021445500000000001
0.00022268500000000003
0.00021543500000000001
0.000213365
0.000212835
0.00021152400000000002
0.00021253400000000001
0.000214935
0.00023504500000000002
0.00022193500000000001
0.00022190500000000002
0.00022583600000000001
0.00023809500000000002
0.00024223500000000001
0.00021900500000000001
0.000217965
0.00029490700000000001
0.00028633600000000004
0.00022234500000000001
0.000214515
0.00021206500000000002
0.000211795
0.00021233500000000002
0.00021355400000000002
0.00021513500000000001
0.00023516500000000002
0.00021445400000000002
0.000234486
0.00021720500000000002
0.000223255
0.000219385
0.00021845400000000001
0.00021703500000000003
0.00023147600000000002
0.000236865
0.000217345
0.00022014500000000001
0.00021251500000000001
0.00021162400000000002
0.00021281500000000001
0.00021436500000000003
0.00021576500000000001
0.00021454500000000001
0.00023497500000000001
0.00022385500000000002
0.00022342500000000002
0.00021779500000000001
0.00021955500000000002
0.00021984500000000001
0.00021737500000000001
0.000213935
0.00022348500000000002
0.000237075
0.00021248500000000002
0.00021983500000000001
0.00021224400000000002
0.00021297500000000001
0.00021484500000000002
0.00021421500000000002
0.00021551500000000003
0.00021354500000000002
0.00024592500000000003
0.00021632500000000001
0.00021754500000000001
0.000223515
0.00021511500000000002
0.00021940500000000002
0.000215565
0.00021622400000000002
0.000216925
0.00023913600000000001
0.00023017500000000002
0.000225975
0.000214045
0.00021447500000000002
0.00021293400000000002
0.00021581400000000002
0.000220215
0.00021328500000000002
0.00023626500000000002
0.00021457500000000003
0.00021773500000000002
0.00022514500000000003
0.00021887500000000002
0.00021580500000000001
0.00021457500000000003
0.00022842500000000001
0.000211475
0.00023202500000000002
0.000246646
0.00023076500000000002
0.00020936500000000001
0.00020925500000000001
0.00020810400000000003
0.00024493600000000001
0.00020894400000000002
0.00022334500000000001
0.00023133500000000002
0.00021266500000000001
0.00021167500000000001
0.00019939400000000001
0.00019377400000000002
0.00017540400000000002
0.00015908400000000001
0.00015773300000000002
0.00016296400000000001
0.000199915
0.00020802400000000001
0.00022897500000000002
0.00020776400000000001
0.00022290500000000002
0.00020785500000000001
0.000247025
0.00020916400000000002
0.000210275
0.00021186500000000002
0.00021210400000000001
0.00023080600000000001
0.000209144
0.00020889500000000001
0.00020831500000000001
0.00020754400000000002
0.00020784500000000001
0.000192234
0.000157684
0.00015763300000000001
0.000157734
0.00018730400000000001
0.000169884
0.000166634
0.00026153600000000004
0.00021208500000000001
0.00021665400000000002
0.00021314500000000001
0.00023020500000000001
0.00018044400000000001
0.000158803
0.000158314
0.00015753300000000001
0.000157584
0.00015778300000000002
0.000157474
0.000157663
0.00015775400000000002
0.000158133
0.00017570400000000002
0.000159254
0.000159634
0.00016039300000000002
0.00016134400000000001
0.00016180300000000002
0.00017174400000000001
0.000160104
0.00015925300000000001
0.000159474
0.000170984
0.00017488400000000001
0.000174544
0.00015753300000000001
0.00015746400000000001
0.00015774300000000001
0.00015731400000000001
0.000157763
0.00015821300000000001
0.000159514
0.000159643
0.00016105400000000002
0.000162053
0.00019955500000000002
0.00026344600000000003
0.00020318500000000001
0.00023113500000000002
0.00023865500000000002
0.00016767400000000001
0.00020937500000000001
0.000204584
0.000207395
0.000207555
0.00026642300000000001
0.00018892400000000001
0.00016928400000000001
0.00016010300000000001
0.00017777400000000001
0.00018613500000000001
0.00018709400000000001
0.00016740400000000001
0.000159803
0.00017425400000000002
0.00017911400000000002
0.000158154
0.00015826300000000001
0.00015793400000000001
0.00017934400000000001
0.000158083
0.00016149400000000001
0.00018306400000000001
0.000194105
0.000159073
0.00015966400000000001
0.00016086300000000002
0.00017886400000000001
0.00016206400000000001
0.00016252400000000002
0.000160163
0.00015943400000000002
0.00015790300000000001
0.00016781400000000002
0.00028850500000000004
0.00019860400000000001
0.00020103500000000002
0.00020383400000000001
0.00020270500000000002
0.00026937599999999999
0.00020269400000000001
0.00018798500000000002
0.00015971300000000002
0.00017973400000000002
0.00016259400000000001
0.00020413500000000001
0.00017570400000000002
0.000160223
0.000159414
0.000159603
0.000157854
0.000157823
0.00015799400000000001
0.00015778400000000001
0.00015736300000000002
0.00017897400000000001
0.00015798400000000001
0.00015769300000000001
0.00015781400000000002
0.000159703
0.00019281500000000002
0.00016120300000000001
0.000161934
0.00016207400000000001
0.000160433
0.00015928400000000002
0.00015835300000000002
0.00019176500000000002
0.00015816300000000001
0.00015796400000000002
0.000157763
0.000158314
0.00015790300000000001
0.000158104
0.000177894
0.00016393400000000002
0.00017346400000000002
0.00016091300000000002
0.00016225400000000002
0.00017919400000000001
0.00016243400000000001
0.00016055300000000002
0.00021243500000000002
0.00021512500000000001
0.000176584
0.000164363
0.00019660400000000002
0.00016143400000000001
0.00016450300000000001
0.000177584
0.00019120500000000001
0.00016632300000000001
0.00017924400000000001
0.000162554
0.00018201400000000001
0.000167164
0.000162764
0.00017575300000000001
0.000210504
0.000220115
0.00022224500000000001
0.00022678500000000002
0.00018667500000000002
0.000181354
0.000179884
0.00015862300000000002
0.00019664500000000001
0.00020308400000000002
0.000200125
0.00024903499999999999
0.00020758500000000001
0.00019972500000000002
0.00021561400000000001
0.00021812400000000001
0.000225345
0.00021267400000000002
0.000212895
0.00021656500000000002
0.00025273100000000002
0.000207135
0.00025297500000000001
0.000206505
0.00020643500000000001
0.00020659400000000002
0.00020746500000000002
0.00020698400000000001
0.00022677600000000001
0.000208254
0.00020992500000000002
0.00021110500000000001
0.000210874
0.00021095400000000001
0.00020862500000000002
0.000209075
0.000207884
0.000207765
0.00022544500000000001
0.00024119500000000001
0.00022177400000000002
0.00020661400000000001
0.000206875
0.000207414
0.00020665400000000002
0.00022719500000000002
0.00020824500000000002
0.00022925500000000001
0.000210485
0.00021151500000000001
0.00021216400000000001
0.00020921500000000001
0.00020872500000000002
0.00020796400000000002
0.00020700500000000001
0.000206715
0.000258146
0.00020669400000000002
0.00020659500000000001
0.00022528500000000001
0.000238485
0.00024371600000000002
0.00021638500000000001
0.00021837500000000001
0.000233255
0.00024750600000000004
0.00022061500000000001
0.000220165
0.00022410500000000002
0.00021960500000000002
0.00021956500000000002
0.00021906400000000002
0.00024032500000000003
0.00021487500000000001
0.00024387500000000001
0.000216865
0.000217655
0.00021659500000000001
0.000217965
0.00022436500000000002
0.00021940500000000002
0.00022489500000000002
0.00021976500000000002
0.00024934600000000001
0.00022159500000000002
0.00022473500000000002
0.000218855
0.00021795500000000001
0.00027264600000000003
0.00021720500000000002
0.000222105
0.00021768500000000001
0.00024345500000000001
0.00021701500000000001
0.00022169500000000002
0.00021537500000000002
0.00022431500000000002
0.00022511500000000002
0.00022020500000000001
0.00022582500000000003
0.00024099600000000002
0.00022788500000000002
0.00021857500000000001
0.00022560500000000001
0.00023539500000000001
0.000222205
0.00021663500000000002
0.00022308500000000001
0.000218075
0.000245286
0.00022187500000000001
0.000208285
0.00020855400000000001
0.00022599500000000002
0.00021693400000000001
0.00021087500000000002
0.00021862500000000002
0.00021334500000000001
0.00023427500000000002
0.000217605
0.00021691500000000001
0.00025101600000000001
0.00020920400000000003
0.00021654500000000001
0.00020939500000000002
0.00021542500000000002
0.00021081500000000002
0.00023898500000000002
0.00021705500000000001
0.00021787500000000002
0.00034886800000000001
0.00020064400000000001
0.000210845
0.00021276500000000001
0.00021280500000000002
0.000212704
0.00022993500000000001
0.00024358500000000002
0.000223835
0.00020706500000000001
0.00020672500000000002
0.00020662400000000001
0.00020704500000000002
0.00020631500000000002
0.00020632400000000003
0.00022536500000000002
0.000207605
0.00020779500000000001
0.000207884
0.00020916500000000001
0.00021114500000000001
0.000211184
0.00021056500000000001
0.00020831500000000001
0.00025308600000000002
0.00020834400000000001
0.00020678500000000002
0.00020668500000000002
0.00020607400000000002
0.00020771500000000003
0.00020627500000000001
0.000206214
0.00022808500000000002
0.00020720500000000002
0.00022814500000000002
0.00020850500000000002
0.00021039500000000002
0.00021086400000000001
0.00021238500000000002
0.00021144500000000002
0.00024176500000000001
0.00025569600000000003
0.00021568500000000002
0.00021458500000000002
0.00021481500000000001
0.000193394
0.00015822400000000002
0.00015788300000000002
0.00017822400000000002
0.00017646400000000001
0.00015799400000000001
0.000158383
0.00015997400000000001
0.000160113
0.00016153400000000002
0.00016289400000000002
0.00016233300000000002
0.00016021400000000002
0.00015913400000000001
0.00015803300000000002
0.00018725400000000001
0.000158154
0.000190454
0.00015808400000000001
0.00015768300000000001
0.00015827400000000002
0.00015824300000000002
0.00015803400000000001
0.00015889300000000001
0.000159734
0.000161034
0.00016162300000000001
0.00016200400000000002
0.00022175500000000002
0.00016191300000000002
0.00016018400000000001
0.00015898400000000001
0.00015803300000000002
0.000158104
0.000158443
0.00049094600000000003
0.000280962
0.00022424500000000001
0.000213885
0.00021201400000000001
0.000216314
0.00021719500000000002
0.00021750500000000003
0.00021923500000000002
0.00023119600000000003
0.00023546500000000002
0.00021684500000000002
0.00021667500000000002
0.00021547500000000002
0.00021342400000000001
0.00020930500000000002
0.00020976500000000002
0.000213255
0.00023496500000000001
0.00024436500000000002
0.00021096400000000001
0.00020999500000000001
0.00021057500000000001
0.00021180400000000001
0.00021258400000000001
0.00021267500000000001
0.00021470500000000001
0.00024207500000000002
0.00021779500000000001
0.00021172500000000001
0.00021389500000000002
0.00021376500000000001
0.00021235400000000002
0.00023658600000000003
0.00021199500000000001
0.00024832500000000003
0.00023803600000000001
0.00021201400000000001
0.00021471500000000001
0.00022036500000000001
0.00021591500000000001
0.00021742500000000001
0.00021911500000000001
0.00024227500000000002
0.000205875
0.00023240500000000001
0.00020511500000000002
0.00020369400000000001
0.00020136500000000001
0.00020203400000000002
0.00020167400000000002
0.00020133500000000002
0.00023610500000000002
0.00020156400000000002
0.00023023600000000001
0.000207264
0.00022956500000000002
0.00021466400000000002
0.00021705500000000001
0.000217185
0.00022013500000000002
0.000224515
0.00021622500000000001
0.000242675
0.00021525500000000003
0.00021511500000000002
0.00021405500000000002
0.00021479500000000002
0.00021594500000000002
0.00038308800000000002
0.000158503
0.00028640700000000002
0.00020902400000000001
0.000217495
0.000229645
0.000212525
0.00021910500000000001
0.00021778500000000002
0.00022261500000000001
0.00016097400000000001
0.000178464
0.00015971300000000002
0.00015808400000000001
0.00015794300000000002
0.00015825400000000001
0.00015846300000000002
0.00015825300000000002
0.00018954400000000001
0.00015809400000000001
0.00015780300000000001
0.00015908400000000001
0.00016012400000000001
0.00017738400000000002
0.00016144300000000002
0.00016212400000000001
0.00016262400000000002
0.00017068300000000001
0.00019023500000000002
0.00015851300000000002
0.000191115
0.00020133400000000001
0.00018252400000000002
0.00015807400000000002
0.000162153
0.000176844
0.00015834400000000001
0.00017105400000000002
0.00016259400000000001
0.00016005300000000001
0.00022196500000000002
0.00016452400000000001
0.00016259300000000002
0.00016278400000000002
0.00016042400000000002
0.000159383
0.00015897400000000001
0.00017682400000000001
0.00015846300000000002
0.00015848400000000002
0.00015849400000000002
0.00015779300000000001
0.000176274
0.00015799400000000001
0.00015816300000000001
0.000158104
0.000159913
0.00016068400000000002
0.00016112400000000001
0.000193384
0.00016238300000000002
0.000160104
0.00018252400000000002
0.000158004
0.00015754300000000001
0.000157474
0.00015779300000000001
0.00015776400000000002
0.00016202300000000002
0.00018466400000000002
0.000181244
0.000157813
0.00017029400000000001
0.00015934400000000001
0.00015997300000000002
0.00016178400000000002
0.00016363400000000001
0.00016412300000000001
0.000164704
0.00016024400000000001
0.00015910300000000001
0.00015767400000000001
0.00017462400000000001
0.00015827300000000001
0.00018667400000000001
0.000157744
0.000157634
0.000157503
0.00015775400000000002
0.00044539000000000004
0.00026357600000000001
0.00027274600000000003
0.00021664500000000001
0.00022180500000000002
0.00022164500000000002
0.00024096000000000002
0.000201585
0.000158393
0.000172504
0.00015809400000000001
0.00015773300000000002
0.00015803400000000001
0.00020807400000000001
0.00022299400000000001
0.00024738500000000003
0.00018676400000000002
0.00016170400000000001
0.000160144
0.00016077300000000001
0.000162134
0.00016151300000000001
0.000162394
0.000160194
0.00015966300000000002
0.000159104
0.00015819300000000002
0.000178574
0.000169734
0.00015803400000000001
0.000188264
0.00016210400000000002
0.00016439300000000001
0.00015786400000000002
0.00017191400000000001
0.00015936300000000001
0.00016043400000000002
0.000161614
0.00016191300000000002
0.000179414
0.00015997400000000001
0.00015948400000000002
0.00015836300000000002
0.00015814400000000001
0.000171034
0.00015831300000000001
0.000157944
0.000157713
0.00015770400000000002
0.000176374
0.00015788300000000002
0.000175854
0.00015976400000000001
0.00016036300000000001
0.00016159400000000001
0.00016158400000000002
0.00017033400000000001
0.00017214300000000001
0.00018763500000000002
0.00015826300000000001
0.00015796400000000002
0.00016068300000000001
0.00016603400000000002
0.000179774
0.00015780400000000002
0.00015796300000000001
0.000157894
0.00015821300000000001
0.00015969400000000002
0.00016005400000000002
0.00016039300000000002
0.00016144400000000001
0.000162053
0.00016211400000000001
0.000160094
0.00015936300000000001
0.00019161500000000001
0.00018760400000000002
0.000168994
0.00017858400000000002
0.000178364
0.00015796300000000001
0.000158064
0.00015795300000000001
0.000158414
0.00015931300000000001
0.00016038400000000001
0.00017766400000000001
0.00016126400000000002
0.00016255300000000001
0.000161924
0.000311212
0.00021434500000000001
0.00021657500000000002
0.00021475500000000001
0.00021512500000000001
0.00021386400000000002
0.00027146599999999999
0.00025012500000000002
0.00015891400000000002
0.00015867300000000002
0.000158364
0.00015908300000000002
0.00016027400000000002
0.000160354
0.00016207300000000002
0.00018199400000000002
0.000162394
0.000159884
0.00015931300000000001
0.000159264
0.00015803300000000002
0.00015823400000000002
0.00015867300000000002
0.00017142400000000002
0.00015798400000000001
0.000157873
0.000158054
0.00015807400000000002
0.000175933
0.000197314
0.000160154
0.00016097300000000002
0.00016183400000000002
0.00016288300000000001
0.00015959400000000002
0.00015953400000000002
0.00015774300000000001
0.00015765400000000002
0.00015820300000000002
0.000157954
0.00017516400000000001
0.00015773300000000002
0.000158064
0.00015790300000000001
0.000157524
0.00015898400000000001
0.00017715400000000001
0.000173943
0.000211055
0.00020979500000000001
0.00016211400000000001
0.000209094
0.00015977400000000001
0.00015884300000000001
0.000157553
0.00015808400000000001
0.000171263
0.00015793400000000001
0.000157484
0.00015809300000000002
0.000157844
0.00015779300000000001
0.000157954
0.00015972300000000002
0.00019459000000000002
0.00016139300000000002
0.00016158400000000002
0.00016200400000000002
0.00015911300000000001
0.000159044
0.000157923
0.00015756400000000001
0.00015778300000000002
0.000191795
0.00017604400000000001
0.00015793300000000002
0.00015797400000000002
0.00015804300000000002
0.000157644
0.00015932300000000001
0.00015987400000000001
0.00016045400000000001
0.00016183300000000001
0.000162294
0.000162134
0.00016091300000000002
0.00017723400000000002
0.000159214
0.000180144
0.00046147500000000004
0.00022429500000000001
0.00088146900000000007
0.00024372600000000002
0.00021784500000000001
0.000218385
0.00021787500000000002
0.00021879400000000002
0.00021770400000000001
0.00021573500000000002
0.00021842500000000001
0.00021907500000000003
0.00025043299999999999
0.00021225400000000002
0.00020965500000000002
0.000209065
0.00020852400000000002
0.00024363600000000001
0.000253656
0.00022730500000000002
0.00020762500000000002
0.00020771400000000001
0.00020796500000000001
0.00020738500000000001
0.00020905400000000002
0.00022425500000000003
0.00033531100000000003
0.00022674500000000001
0.00024315500000000003
0.00022758500000000001
0.00022405500000000002
0.00023115500000000001
0.00022595500000000001
0.00023185500000000002
0.00024047600000000002
0.00021430400000000001
0.00021412500000000001
0.00021368500000000003
0.000213205
0.00020454400000000003
0.000219535
0.00021397500000000001
0.00021208500000000001
0.00023629500000000003
0.00021720500000000002
0.00021837500000000001
0.00021758500000000001
0.00021411500000000002
0.00021740500000000002
0.00023705500000000001
0.00021318500000000001
0.00021216500000000003
0.00024053500000000003
0.00021452400000000001
0.00021255500000000001
0.000210435
0.00021522500000000001
0.00021184400000000001
0.00022118500000000002
0.00021819400000000001
0.00022029500000000002
0.00023946600000000003
0.000219485
0.00022250500000000001
0.00021648500000000001
0.00024799500000000004
0.000227125
0.00017896400000000002
0.00022379500000000002
0.000172373
0.00021899500000000001
0.00019290500000000002
0.00017314400000000002
0.00019130400000000002
0.00018829400000000001
0.00017750400000000001
0.00018767400000000001
0.00019083400000000002
0.000177164
0.00017382400000000002
0.00019451400000000002
0.00018288400000000002
0.00020295500000000002
0.000159443
0.00015760400000000002
0.000157844
0.00016562300000000002
0.000157534
0.000157453
0.000157584
0.00015743300000000001
0.000157224
0.000158133
0.000178994
0.00021012400000000001
0.00016107400000000001
0.00016128400000000001
0.000161743
0.00015960400000000001
0.00015853300000000001
0.000157734
0.000157453
0.00015777400000000001
0.00015725300000000002
0.00015756300000000002
0.00020370500000000002
0.00020017400000000001
0.00022244500000000002
0.00016006400000000002
0.00015888300000000002
0.000159154
0.00015990400000000002
0.00016092300000000002
0.00016137400000000002
0.00016149300000000002
0.00015897400000000001
0.000158844
0.00017631400000000001
0.00015726300000000002
0.00015754400000000002
0.00017087300000000002
0.00015793400000000001
0.00015755400000000002
0.000157713
0.000157744
0.000158123
0.000159054
0.00015999300000000001
0.00016045400000000001
0.00017771400000000001
0.000169674
0.000162003
0.00015960400000000001
0.00015912400000000002
0.00015798300000000002
0.00017886400000000001
0.000157954
0.000157613
0.00018279400000000001
0.00020218500000000002
0.00018033400000000001
0.00017610400000000001
0.00016677400000000001
0.00015957300000000001
0.000159674
0.00016101400000000001
0.00016204300000000001
0.00017542400000000001
0.00016225400000000002
0.00015978300000000001
0.00015912400000000002
0.00015939400000000001
0.00016872300000000002
0.000174184
0.000162454
0.000210165
0.00020810400000000003
0.00019433500000000002
0.00019507400000000002
0.00019521500000000002
0.00019425400000000001
0.00019758400000000002
0.00019719500000000003
0.00022802500000000003
0.00021832500000000001
0.00021774500000000001
0.000210535
0.00021044400000000001
0.00021103500000000001
0.000210435
0.000243565
0.00020785500000000001
0.00022745500000000002
0.00020931500000000001
0.00020804500000000002
0.00020824400000000001
0.00020829500000000002
0.00020924500000000002
0.00020978400000000002
0.00021071500000000002
0.00021228500000000002
0.000212995
0.00023370500000000001
0.00021050500000000002
0.00021019500000000002
0.00021043400000000001
0.00022704500000000002
0.000220165
0.00020787500000000002
0.00020741500000000002
0.00020821400000000002
0.00024446600000000004
0.00020831500000000001
0.00020812400000000002
0.000208755
0.00020999500000000001
0.00021059500000000003
0.00021136400000000002
0.00021234500000000001
0.00021229500000000001
0.00023218500000000001
0.00021014500000000001
0.00020883500000000002
0.00020836400000000003
0.00021829500000000002
0.00020774500000000001
0.000207574
0.00020759400000000002
0.000207765
0.00020767500000000002
0.00022858500000000001
0.000209874
0.00021021500000000001
0.000228645
0.000212895
0.000212525
0.00021353500000000002
0.000210955
0.00020989400000000002
0.00022975500000000003
0.000208655
0.00021871500000000002
0.00020787500000000002
0.00020853400000000002
0.00020852500000000001
0.00020855500000000003
0.00020815500000000002
0.000208984
0.00022957500000000001
0.00020977500000000002
0.00021067500000000001
0.00021165500000000002
0.000212494
0.000212804
0.00022515500000000002
0.000210165
0.00020866500000000002
0.000221315
0.000186684
0.000229535
0.00022008500000000002
0.00021762500000000002
0.00021983500000000001
0.00021652500000000002
0.00021966500000000002
0.00021818500000000003
0.000213725
0.00018735400000000001
0.00021712500000000001
0.00022094500000000001
0.00021942500000000001
0.00021620500000000002
0.000216474
0.00021427500000000002
0.00021318500000000001
0.00022981500000000002
0.00023303500000000001
0.00020400400000000001
0.00020408500000000001
0.00020603400000000001
0.00020599500000000002
0.00020541500000000002
0.00020622400000000002
0.000206505
0.00021486500000000001
0.00023610500000000002
0.00020879500000000001
0.00020852500000000001
0.00020555400000000002
0.00020668500000000002
0.00020510400000000001
0.000204415
0.00020735500000000002
0.00022068500000000001
0.00021968500000000001
0.00023648500000000001
0.00021478500000000002
0.00022823500000000003
0.00021343500000000002
0.00021516500000000002
0.00021517500000000001
0.00021669400000000002
0.00022043500000000003
0.00022705500000000001
0.00023872500000000002
0.00021583500000000002
0.00021528500000000001
0.000215534
0.00021438500000000002
0.00021818500000000003
0.00023266500000000001
0.00021380500000000002
0.00021805500000000001
0.00023331500000000003
0.00021468500000000002
0.00021321500000000002
0.00021792500000000003
0.00023475500000000001
0.00021844500000000003
0.00021704500000000002
0.00021837500000000001
0.00040325900000000005
0.0010028670000000002
0.00022392500000000001
0.00021701400000000002
0.00021140400000000002
0.00022908500000000002
0.000213754
0.000215615
0.00022617500000000001
0.000161874
0.000165224
0.00035620000000000004
0.00015924300000000002
0.00015996400000000002
0.00016049400000000001
0.00016167300000000001
0.000162564
