3.49829063482310616E+01
5.62766000000000026E-04
4.39367000000000024E-04
4.41360000000000016E-04
4.39408999999999980E-04
5.22958000000000017E-04
4.29593999999999994E-04
4.44793999999999984E-04
4.23907000000000006E-04
4.24556999999999994E-04
5.01172000000000032E-04
4.40297999999999991E-04
5.14401999999999958E-04
4.10277999999999977E-04
4.33407999999999981E-04
4.13169999999999976E-04
5.22298000000000033E-04
6.23992999999999987E-04
4.21512999999999988E-04
3.09200999999999996E-04
3.07143000000000010E-04
3.24324999999999982E-04
3.06524999999999983E-04
3.06579000000000020E-04
3.06535999999999994E-04
3.06242999999999988E-04
3.31702000000000017E-04
3.06688000000000002E-04
3.23848000000000007E-04
3.08248000000000007E-04
3.22472000000000026E-04
3.55981000000000006E-04
4.46658000000000005E-04
3.14260000000000017E-04
3.90753999999999993E-04
3.25126000000000017E-04
5.82309000000000038E-04
3.90507000000000007E-04
3.87766000000000000E-04
4.31668999999999976E-04
4.17352999999999973E-04
4.41998999999999994E-04
3.13968000000000027E-04
3.07608999999999975E-04
3.47637999999999994E-04
3.06850000000000005E-04
3.07435000000000000E-04
3.09006000000000016E-04
3.24692999999999976E-04
3.39665000000000008E-04
3.20977000000000014E-04
3.41539000000000024E-04
3.56705999999999983E-04
4.47870000000000006E-04
4.26105999999999989E-04
4.17201000000000019E-04
4.38987000000000004E-04
4.18500999999999997E-04
4.34144000000000023E-04
4.25216999999999978E-04
3.89748999999999998E-04
3.26080000000000022E-04
3.62870000000000000E-04
3.20055999999999986E-04
3.08475000000000004E-04
3.09406999999999987E-04
3.10555000000000011E-04
3.12504999999999977E-04
3.31670000000000001E-04
3.10511999999999984E-04
3.09450000000000014E-04
3.08539999999999997E-04
3.06394999999999996E-04
3.39556999999999988E-04
3.18160000000000003E-04
3.89933000000000022E-04
3.07305000000000013E-04
3.06547000000000004E-04
3.06730999999999974E-04
3.06503999999999978E-04
3.20185999999999973E-04
3.08452999999999982E-04
3.27909999999999996E-04
3.64386999999999979E-04
4.04537000000000006E-04
4.05099999999999981E-04
5.50118000000000048E-04
3.71623999999999978E-04
3.97949999999999996E-04
3.99271999999999995E-04
4.12509999999999993E-04
3.92717000000000001E-04
4.07276999999999997E-04
3.84602000000000002E-04
3.87603999999999998E-04
3.87105000000000001E-04
4.26257999999999997E-04
3.90722999999999993E-04
4.47999999999999993E-04
4.50710000000000000E-04
4.40048000000000012E-04
4.65540000000000018E-04
4.07840000000000025E-04
4.05316999999999982E-04
4.33538000000000022E-04
4.26572000000000008E-04
4.16584000000000008E-04
4.04817999999999986E-04
4.24015000000000026E-04
4.08425999999999982E-04
4.33321999999999982E-04
4.37404999999999977E-04
4.00571000000000011E-04
4.11740999999999973E-04
4.67933999999999982E-04
4.52605000000000021E-04
4.26105999999999989E-04
4.27362999999999994E-04
4.59593000000000002E-04
4.51110000000000009E-04
4.49386999999999985E-04
4.13907999999999995E-04
4.18034999999999978E-04
5.65209000000000002E-04
4.60589000000000018E-04
4.29692000000000019E-04
4.35748000000000016E-04
4.10928000000000020E-04
4.08945999999999984E-04
4.44155000000000006E-04
4.32908999999999985E-04
4.28391999999999987E-04
4.04547000000000001E-04
4.48790999999999979E-04
4.46159000000000009E-04
4.39073000000000002E-04
4.42345999999999983E-04
4.57274000000000027E-04
4.04851000000000017E-04
4.32411000000000004E-04
4.25543000000000015E-04
4.27643999999999973E-04
4.30288000000000025E-04
4.17005000000000023E-04
4.55951999999999974E-04
5.27643999999999965E-04
4.15186000000000006E-04
4.20722000000000001E-04
4.46169000000000004E-04
4.21067999999999974E-04
3.55623000000000007E-04
3.67127999999999986E-04
3.15485000000000006E-04
3.14866999999999979E-04
3.12277999999999981E-04
3.29460000000000007E-04
3.09254999999999979E-04
3.06926000000000009E-04
3.06265000000000009E-04
3.06255000000000015E-04
3.06579999999999982E-04
3.06244000000000004E-04
3.23543999999999991E-04
3.06730999999999974E-04
3.15658000000000019E-04
3.08117000000000005E-04
3.09082000000000020E-04
4.42025999999999986E-04
4.01177999999999973E-04
4.72375999999999992E-04
4.53723000000000006E-04
3.11216000000000010E-04
3.22937999999999990E-04
3.32893999999999974E-04
4.61976000000000010E-04
4.99005999999999972E-04
4.20082000000000007E-04
4.12205999999999977E-04
4.16723999999999990E-04
4.12747999999999999E-04
4.37309999999999999E-04
3.07911999999999975E-04
3.09385000000000020E-04
3.09265999999999990E-04
3.10229999999999989E-04
3.21453999999999989E-04
3.32081999999999983E-04
3.48211999999999979E-04
3.10848000000000016E-04
3.09819000000000023E-04
3.08941000000000022E-04
3.07250999999999976E-04
3.06307999999999982E-04
3.24975000000000025E-04
3.07164000000000016E-04
3.06785000000000011E-04
3.06926000000000009E-04
3.06406000000000007E-04
3.38299999999999983E-04
3.07230000000000025E-04
3.26566999999999992E-04
3.08875999999999975E-04
3.10435999999999980E-04
3.12309999999999996E-04
3.12852000000000019E-04
3.10273999999999977E-04
3.08833000000000002E-04
3.25278000000000025E-04
3.07760000000000021E-04
3.06720000000000018E-04
3.36859000000000008E-04
3.25008000000000003E-04
3.21291999999999986E-04
3.06493000000000021E-04
3.24497999999999996E-04
3.07175999999999988E-04
5.81248000000000029E-04
5.68833000000000034E-04
5.01030999999999981E-04
5.01118000000000050E-04
4.24642999999999993E-04
3.12462000000000004E-04
3.10663999999999992E-04
3.14098000000000014E-04
4.15749999999999995E-04
4.67562999999999996E-04
3.08431999999999977E-04
3.06535999999999994E-04
3.24672000000000025E-04
3.07261000000000025E-04
4.69895999999999975E-04
4.38719000000000012E-04
3.07294000000000002E-04
3.21398999999999990E-04
3.09277000000000000E-04
3.08930000000000012E-04
3.10142999999999975E-04
3.34584000000000021E-04
3.13014999999999984E-04
3.10587000000000027E-04
3.08692000000000005E-04
3.07598000000000019E-04
3.06861000000000015E-04
3.31605000000000007E-04
3.39476000000000014E-04
3.08389000000000005E-04
3.07435000000000000E-04
3.07932999999999981E-04
3.07945000000000007E-04
3.07728000000000005E-04
3.26848999999999987E-04
3.30500000000000010E-04
3.23945999999999978E-04
3.32178999999999992E-04
3.26286000000000013E-04
3.12570999999999986E-04
3.39794999999999995E-04
3.36175999999999988E-04
3.09048999999999988E-04
3.06937000000000019E-04
3.07349000000000001E-04
3.07109999999999978E-04
3.06926000000000009E-04
3.06482000000000011E-04
3.24052999999999982E-04
6.20119000000000030E-04
4.24090999999999975E-04
4.38878999999999984E-04
4.25315000000000003E-04
4.40082000000000006E-04
4.04341000000000010E-04
4.04720999999999976E-04
4.05196999999999990E-04
4.25401000000000002E-04
4.21979000000000006E-04
4.00819999999999974E-04
4.14925999999999978E-04
3.99662000000000010E-04
4.18609000000000017E-04
3.99813000000000002E-04
3.99228000000000007E-04
4.05533000000000022E-04
3.99380000000000015E-04
3.98837999999999992E-04
4.20678000000000013E-04
4.01719999999999996E-04
4.12346999999999974E-04
4.02272000000000014E-04
4.03322999999999974E-04
4.35163000000000021E-04
4.03322999999999974E-04
4.02000999999999975E-04
3.99997999999999988E-04
3.98967999999999979E-04
4.18457000000000009E-04
3.99521000000000012E-04
4.09281000000000000E-04
3.99216999999999996E-04
3.98870000000000008E-04
3.98674999999999973E-04
4.17775000000000004E-04
4.22975000000000022E-04
4.01514000000000005E-04
4.00397999999999997E-04
4.03139000000000004E-04
8.46389000000000017E-04
4.44084999999999988E-04
4.36592999999999985E-04
4.67424999999999991E-04
3.70085999999999994E-04
3.31929999999999975E-04
3.23956000000000027E-04
3.06947000000000014E-04
3.25484000000000016E-04
4.76351999999999982E-04
4.57913000000000005E-04
4.58655999999999994E-04
4.11416000000000006E-04
4.03657999999999990E-04
4.18588000000000011E-04
4.47534999999999990E-04
4.26008000000000018E-04
4.19975000000000003E-04
4.09248999999999984E-04
4.31500999999999987E-04
4.45478999999999981E-04
4.35759000000000027E-04
5.18710000000000026E-04
4.16930999999999996E-04
4.48677999999999989E-04
4.09195000000000001E-04
4.46862999999999980E-04
4.09389999999999982E-04
4.19139999999999975E-04
4.28467999999999991E-04
4.10873999999999983E-04
4.11709000000000012E-04
4.11502000000000005E-04
4.13907999999999995E-04
4.32628000000000006E-04
4.14730999999999997E-04
4.12715000000000022E-04
4.10797999999999979E-04
4.48769999999999974E-04
4.29128999999999990E-04
7.00715999999999991E-04
4.21205999999999978E-04
4.25574999999999977E-04
4.43626999999999986E-04
3.16437999999999995E-04
3.62479999999999985E-04
3.07738000000000000E-04
3.42254000000000007E-04
3.19969999999999988E-04
3.28494999999999991E-04
3.11281000000000003E-04
3.12536999999999993E-04
3.12894999999999992E-04
3.10088999999999992E-04
3.09136000000000003E-04
3.55190000000000020E-04
3.66803999999999980E-04
3.08128000000000015E-04
3.08703000000000016E-04
3.08290999999999980E-04
3.70118000000000009E-04
4.52230999999999987E-04
4.14351999999999993E-04
4.22758999999999982E-04
4.24362000000000014E-04
4.39560999999999988E-04
4.22661000000000011E-04
4.24221000000000016E-04
4.30786000000000005E-04
4.67013000000000009E-04
4.47328999999999999E-04
4.27362999999999994E-04
4.25737999999999995E-04
4.39356000000000013E-04
4.22975000000000022E-04
4.57486000000000004E-04
3.99184999999999980E-04
3.99563999999999985E-04
4.46624999999999973E-04
3.97083000000000006E-04
3.70442999999999977E-04
3.92934000000000002E-04
4.10896000000000004E-04
4.69310999999999979E-04
4.15294000000000026E-04
5.21730999999999996E-04
4.59896000000000003E-04
4.46015999999999980E-04
4.81281000000000016E-04
4.23962000000000004E-04
4.26918999999999996E-04
4.45271000000000013E-04
4.21253000000000014E-04
4.22183999999999982E-04
4.24265000000000005E-04
4.37704000000000023E-04
4.26679999999999974E-04
4.15923000000000009E-04
3.09071000000000009E-04
3.09612999999999978E-04
3.30803000000000011E-04
3.11650000000000013E-04
3.12873999999999986E-04
3.26459000000000027E-04
3.11378000000000013E-04
3.10067000000000025E-04
3.10046000000000019E-04
3.25408000000000012E-04
3.08214999999999976E-04
3.18571999999999985E-04
4.01199999999999994E-04
4.25477000000000006E-04
4.26181999999999993E-04
4.56899999999999993E-04
4.09802000000000018E-04
4.11621999999999997E-04
4.42225999999999991E-04
4.22476000000000026E-04
4.28738999999999976E-04
4.82786999999999984E-04
4.53548000000000015E-04
4.33386999999999976E-04
4.21903000000000002E-04
4.23396999999999999E-04
4.10061999999999992E-04
4.32161999999999987E-04
4.10376000000000002E-04
4.37036999999999983E-04
4.29410000000000024E-04
4.12087000000000000E-04
4.05326999999999977E-04
3.07836000000000025E-04
3.08008999999999985E-04
3.28679000000000015E-04
3.21508000000000026E-04
4.39387999999999975E-04
4.20190999999999989E-04
4.23288999999999979E-04
4.24427000000000007E-04
4.58737000000000023E-04
4.23029000000000005E-04
4.59244999999999998E-04
4.20038999999999981E-04
4.54425000000000000E-04
4.17980999999999995E-04
4.49127000000000011E-04
4.28608999999999989E-04
4.56353000000000000E-04
4.34416000000000023E-04
4.25000999999999992E-04
4.47534999999999990E-04
4.26690999999999984E-04
4.56017000000000022E-04
4.43515999999999973E-04
4.17156999999999977E-04
4.43688999999999987E-04
4.77294999999999976E-04
4.27926999999999984E-04
4.51121000000000020E-04
4.43785999999999996E-04
4.13180999999999987E-04
4.51175000000000003E-04
4.44576999999999982E-04
4.15738000000000023E-04
5.38687999999999949E-04
5.39436000000000017E-04
4.00148999999999980E-04
4.23257000000000017E-04
4.44924000000000025E-04
4.14513999999999996E-04
4.49289999999999976E-04
4.13517000000000019E-04
4.26442000000000021E-04
4.28976999999999982E-04
4.63254999999999982E-04
4.31165000000000010E-04
4.14285999999999984E-04
4.26810999999999976E-04
4.21729999999999989E-04
4.38402000000000008E-04
4.37958000000000010E-04
4.06962999999999986E-04
4.24665000000000014E-04
4.61130999999999987E-04
4.32325000000000005E-04
4.70702999999999996E-04
4.10018000000000004E-04
3.98361000000000017E-04
3.97462000000000011E-04
3.95793000000000024E-04
4.19670999999999987E-04
4.17342000000000017E-04
3.98708000000000005E-04
4.41564999999999991E-04
3.88415999999999989E-04
4.17396000000000000E-04
3.93572999999999981E-04
3.99801999999999992E-04
3.88046999999999980E-04
3.88209999999999998E-04
3.89543000000000007E-04
4.21491000000000021E-04
4.18458000000000024E-04
4.15260999999999994E-04
7.65830000000000005E-04
3.34638000000000004E-04
4.27557999999999975E-04
4.47957999999999983E-04
4.27168000000000014E-04
4.26376999999999973E-04
4.23994000000000020E-04
4.13961999999999978E-04
4.75810000000000013E-04
4.39583000000000009E-04
4.15933000000000004E-04
4.11578000000000009E-04
4.07353000000000001E-04
4.43764999999999991E-04
4.24827999999999979E-04
4.52626000000000027E-04
4.32856000000000018E-04
4.42399000000000004E-04
4.58975999999999991E-04
3.99411999999999977E-04
4.12023000000000022E-04
4.10223999999999994E-04
4.12064999999999979E-04
4.50102000000000022E-04
4.60101999999999994E-04
4.33992999999999976E-04
4.49691000000000001E-04
4.33647000000000004E-04
4.54946000000000018E-04
4.34295999999999977E-04
4.38630000000000020E-04
4.39192999999999994E-04
4.35889000000000014E-04
4.59149000000000005E-04
4.30774999999999995E-04
4.49062000000000018E-04
4.44014000000000008E-04
4.77435000000000012E-04
1.90663800000000000E-03
4.43981999999999992E-04
3.76890000000000005E-04
4.54598000000000014E-04
4.16064000000000006E-04
4.34340000000000019E-04
4.11263999999999998E-04
4.10299999999999998E-04
4.10614000000000009E-04
4.11610999999999986E-04
4.11610999999999986E-04
4.54836999999999982E-04
4.26356000000000022E-04
4.15283000000000015E-04
4.15349000000000024E-04
4.50600000000000002E-04
4.27515000000000002E-04
4.09747000000000019E-04
4.09954000000000026E-04
4.08166000000000008E-04
4.29572000000000027E-04
4.08305999999999990E-04
4.19714000000000014E-04
4.08360999999999989E-04
4.09465999999999986E-04
4.27513999999999986E-04
4.31132999999999994E-04
4.10938999999999977E-04
4.10753999999999991E-04
4.12921999999999974E-04
4.32085999999999983E-04
4.22726000000000005E-04
4.11524999999999988E-04
4.09693999999999998E-04
4.09638999999999999E-04
4.40276000000000025E-04
7.51730999999999949E-04
7.31535999999999970E-04
4.80400999999999983E-04
4.58702000000000014E-04
3.07846999999999982E-04
3.12094000000000011E-04
3.14205999999999980E-04
3.09883000000000001E-04
3.29189000000000022E-04
3.67952000000000003E-04
4.19356999999999976E-04
4.37253999999999985E-04
4.15011999999999976E-04
4.11774000000000005E-04
4.05110999999999991E-04
3.43326999999999988E-04
3.06710000000000023E-04
3.06850000000000005E-04
3.06503000000000016E-04
3.07002000000000013E-04
3.37150999999999998E-04
3.07002000000000013E-04
3.06796000000000022E-04
3.06623000000000008E-04
3.07705999999999984E-04
3.08486000000000014E-04
3.17466999999999988E-04
3.27932000000000017E-04
3.25192000000000027E-04
3.12515999999999987E-04
3.09688999999999982E-04
3.22310000000000023E-04
3.17076999999999973E-04
3.07240000000000020E-04
3.25939000000000025E-04
3.06774000000000001E-04
3.06265000000000009E-04
3.06362999999999980E-04
3.06372999999999975E-04
3.17998000000000000E-04
3.06699000000000012E-04
3.24606000000000016E-04
3.08572999999999974E-04
3.28669000000000021E-04
3.11313000000000019E-04
3.31030000000000007E-04
3.12721999999999978E-04
3.09871999999999990E-04
3.27054000000000017E-04
7.06338000000000040E-04
4.27135999999999998E-04
4.19074999999999981E-04
4.54316000000000019E-04
3.23078999999999988E-04
3.06589999999999977E-04
3.06448999999999979E-04
3.06774000000000001E-04
3.06600999999999987E-04
3.28203000000000002E-04
3.08821999999999992E-04
3.90897000000000022E-04
3.82003000000000008E-04
3.13110999999999977E-04
3.12938999999999980E-04
3.10381999999999997E-04
3.39762999999999979E-04
3.07857999999999992E-04
3.06762999999999990E-04
3.05939999999999988E-04
3.06448999999999979E-04
3.05983999999999976E-04
3.06482000000000011E-04
3.25332000000000008E-04
3.06861000000000015E-04
3.39297000000000014E-04
3.08290999999999980E-04
3.42579999999999990E-04
3.10751000000000007E-04
3.49089999999999980E-04
3.12591999999999991E-04
3.32797000000000019E-04
3.57539999999999995E-04
3.36415000000000010E-04
3.07856999999999977E-04
3.23101000000000009E-04
3.25061000000000024E-04
3.69382000000000022E-04
3.62090999999999986E-04
3.09006000000000016E-04
3.07250999999999976E-04
3.26555999999999982E-04
3.25656999999999976E-04
3.08248000000000007E-04
3.08572999999999974E-04
3.08442999999999988E-04
3.10435999999999980E-04
3.12603000000000002E-04
3.12690000000000017E-04
3.63780000000000017E-04
4.60675999999999978E-04
4.17548000000000008E-04
4.59680000000000017E-04
4.26408999999999989E-04
4.26886000000000019E-04
4.52040999999999977E-04
4.57263000000000016E-04
4.34447999999999985E-04
4.71270999999999995E-04
4.56147000000000009E-04
4.52323999999999988E-04
4.34923999999999999E-04
4.36203000000000025E-04
4.60936000000000006E-04
4.56558999999999990E-04
4.38857999999999978E-04
4.41360000000000016E-04
4.78940999999999980E-04
4.59938999999999975E-04
4.51316000000000000E-04
4.34480000000000001E-04
4.34058000000000024E-04
4.55031000000000001E-04
4.54716999999999990E-04
4.50611999999999974E-04
4.34901999999999977E-04
4.62473999999999991E-04
4.39463999999999979E-04
4.87716000000000018E-04
4.41284000000000012E-04
4.59701000000000022E-04
4.56905999999999979E-04
4.42356999999999993E-04
4.58303000000000020E-04
4.54154000000000016E-04
4.71184999999999996E-04
4.51836000000000002E-04
5.04161999999999948E-04
4.33251000000000003E-04
4.74419000000000013E-04
3.74526999999999987E-04
3.75665000000000016E-04
3.76250000000000011E-04
3.73659999999999997E-04
3.62404999999999997E-04
3.09223000000000017E-04
3.24356999999999998E-04
3.11162000000000027E-04
3.12961000000000001E-04
3.13340000000000005E-04
3.26730000000000011E-04
3.26534000000000015E-04
3.07815000000000020E-04
4.00685000000000017E-04
4.20558999999999983E-04
4.00483999999999996E-04
4.43602000000000026E-04
4.47609999999999978E-04
4.13755999999999987E-04
3.49523999999999983E-04
3.36133000000000016E-04
3.08627000000000012E-04
3.08606000000000006E-04
3.25473000000000006E-04
3.26621999999999991E-04
3.13588000000000007E-04
3.12526999999999998E-04
3.44442999999999995E-04
3.09764000000000025E-04
3.25244999999999994E-04
3.24421999999999992E-04
3.07598000000000019E-04
3.06785000000000011E-04
3.65178000000000020E-04
3.17174999999999998E-04
3.06091999999999996E-04
3.73802000000000010E-04
3.78774000000000016E-04
3.12711000000000022E-04
3.54354999999999991E-04
3.08680999999999994E-04
3.10479000000000007E-04
3.28235999999999979E-04
3.30153000000000022E-04
3.10825999999999995E-04
3.94494000000000008E-04
3.95858999999999979E-04
4.08576999999999974E-04
3.95338999999999977E-04
4.13652999999999992E-04
4.12780999999999977E-04
4.04341000000000010E-04
4.36723999999999988E-04
4.00950000000000015E-04
4.06162000000000005E-04
4.30515999999999982E-04
4.34003000000000025E-04
4.17232999999999981E-04
3.61829999999999997E-04
3.87842000000000004E-04
4.01340999999999992E-04
4.01708000000000024E-04
3.79284000000000023E-04
4.04091999999999993E-04
3.75090999999999977E-04
3.75275000000000001E-04
3.93031000000000012E-04
3.74873999999999975E-04
4.35683000000000023E-04
4.11221000000000026E-04
4.48879000000000010E-04
4.36701000000000005E-04
4.09271000000000005E-04
4.56558999999999990E-04
4.06442999999999984E-04
4.08587999999999985E-04
4.47774000000000013E-04
4.18424999999999993E-04
3.77420000000000002E-04
3.09720999999999998E-04
3.53813999999999984E-04
3.07250000000000014E-04
3.36404000000000000E-04
3.97050999999999990E-04
3.92067000000000012E-04
4.16898000000000019E-04
3.91015999999999998E-04
6.00267000000000031E-04
4.63818000000000010E-04
4.20083000000000023E-04
4.08370999999999984E-04
4.55032000000000017E-04
4.61715999999999982E-04
4.52887000000000016E-04
4.32140000000000020E-04
4.74478000000000020E-04
4.19628000000000015E-04
4.20158999999999973E-04
4.32119000000000014E-04
4.45953000000000018E-04
4.25715999999999974E-04
4.25532000000000004E-04
4.40612000000000002E-04
4.39918999999999987E-04
4.43482999999999996E-04
4.04893999999999990E-04
4.18457000000000009E-04
4.30202000000000026E-04
4.32281999999999979E-04
4.47306999999999978E-04
4.46212999999999992E-04
4.30016999999999986E-04
4.23949999999999978E-04
4.17373999999999979E-04
4.59494999999999977E-04
4.08966999999999989E-04
4.19236999999999984E-04
4.63829000000000021E-04
4.26214000000000009E-04
4.46982000000000011E-04
4.27730999999999988E-04
4.20505000000000000E-04
4.19984999999999998E-04
4.41652000000000006E-04
4.34674999999999981E-04
8.12794000000000038E-04
4.20223000000000005E-04
4.18131999999999987E-04
4.20223000000000005E-04
4.58788000000000013E-04
5.45664999999999974E-04
4.85018999999999999E-04
4.02695000000000006E-04
9.37863000000000043E-04
4.27839000000000008E-04
4.25271999999999976E-04
4.45465999999999993E-04
4.41122000000000009E-04
4.13983999999999999E-04
4.20299000000000009E-04
4.15456999999999990E-04
5.89292000000000049E-04
5.20249999999999988E-04
4.43839999999999979E-04
4.53796000000000017E-04
5.06317000000000052E-04
4.44393000000000012E-04
3.09092999999999976E-04
3.09299000000000021E-04
3.26134000000000005E-04
3.07013000000000023E-04
3.06969999999999997E-04
3.66554000000000001E-04
3.27151999999999988E-04
3.07164000000000016E-04
3.06547000000000004E-04
3.56261999999999985E-04
3.08778000000000004E-04
3.08724999999999983E-04
3.07815000000000020E-04
3.27618000000000006E-04
4.32616999999999995E-04
3.27444999999999993E-04
3.22330999999999974E-04
3.54019000000000013E-04
7.11126999999999983E-04
4.55673999999999988E-04
4.14168000000000023E-04
4.52129000000000007E-04
4.09985999999999988E-04
4.42545999999999988E-04
6.43638999999999995E-04
4.11513000000000015E-04
4.05575999999999994E-04
4.00550000000000005E-04
4.75366999999999977E-04
4.54002000000000008E-04
4.38792000000000023E-04
4.44879999999999982E-04
4.63058999999999986E-04
4.38847000000000022E-04
4.94087000000000042E-04
4.35563999999999992E-04
4.37817000000000013E-04
4.40320000000000013E-04
4.34653000000000014E-04
4.34296999999999993E-04
4.79688999999999994E-04
4.55074999999999989E-04
4.36127000000000021E-04
4.50047999999999985E-04
4.37600999999999973E-04
4.41783000000000009E-04
4.58541999999999988E-04
4.41499999999999998E-04
4.39215000000000016E-04
4.38596999999999989E-04
4.42269999999999979E-04
4.71369000000000020E-04
4.70718000000000015E-04
4.34739999999999975E-04
4.34977999999999981E-04
8.10275999999999965E-04
5.74977999999999969E-04
5.53776999999999980E-04
3.92143000000000016E-04
4.09303000000000021E-04
4.33028999999999977E-04
4.41343000000000020E-04
4.26202999999999999E-04
4.66342000000000015E-04
4.12824000000000003E-04
4.33700999999999987E-04
4.14243000000000011E-04
4.11892000000000020E-04
4.11296000000000014E-04
4.47891999999999973E-04
4.27330000000000017E-04
4.10884999999999994E-04
4.09954000000000026E-04
4.22844999999999981E-04
4.08371999999999999E-04
4.10126000000000024E-04
4.44446999999999995E-04
4.09909999999999984E-04
4.09096999999999976E-04
4.20407999999999990E-04
4.11524000000000026E-04
4.31252000000000024E-04
4.14081000000000009E-04
4.13896000000000023E-04
4.12185000000000025E-04
4.11079999999999974E-04
4.47980000000000004E-04
4.09412000000000003E-04
4.20104999999999990E-04
4.08804999999999987E-04
4.09345999999999994E-04
4.27677000000000005E-04
4.08934999999999973E-04
8.70390999999999982E-04
3.92456999999999973E-04
5.02320000000000002E-04
4.32020999999999989E-04
4.29746000000000002E-04
4.50308000000000013E-04
4.33039000000000026E-04
4.32399999999999994E-04
4.53872999999999983E-04
3.09774999999999981E-04
3.11865999999999999E-04
3.07347999999999985E-04
3.07499999999999993E-04
3.06471000000000000E-04
3.22613000000000023E-04
3.23229999999999980E-04
3.06968999999999981E-04
3.06697999999999997E-04
3.07067000000000006E-04
3.39025000000000014E-04
4.01253999999999977E-04
3.96856000000000010E-04
4.47264000000000006E-04
4.47340000000000010E-04
4.16268999999999981E-04
4.28501000000000023E-04
4.41046000000000005E-04
4.21653000000000023E-04
4.18002000000000000E-04
4.13995000000000010E-04
4.17331000000000006E-04
4.18761000000000025E-04
4.12001000000000001E-04
4.28121000000000003E-04
4.19931000000000015E-04
3.97971000000000002E-04
4.15553999999999999E-04
3.94926999999999995E-04
4.23343999999999977E-04
4.16475000000000027E-04
4.27774999999999976E-04
6.48834000000000043E-04
5.07281999999999959E-04
4.08023999999999995E-04
3.82782999999999984E-04
3.27313999999999990E-04
4.22324999999999979E-04
4.52009000000000015E-04
4.09292000000000011E-04
4.38489000000000023E-04
4.26204000000000014E-04
4.41934000000000001E-04
4.47822000000000010E-04
4.21632000000000018E-04
4.22531000000000024E-04
4.37577999999999990E-04
4.38152999999999991E-04
4.05869000000000000E-04
4.25899999999999998E-04
4.08675000000000000E-04
4.10440999999999996E-04
4.73318999999999986E-04
4.23646999999999978E-04
4.31533000000000003E-04
4.06583999999999982E-04
4.13105999999999998E-04
4.32010999999999994E-04
4.26679999999999974E-04
4.10353999999999981E-04
4.35704999999999990E-04
4.16735000000000000E-04
4.67902000000000021E-04
3.29079999999999987E-04
3.11000000000000024E-04
3.28214000000000012E-04
3.14650999999999993E-04
3.10393000000000008E-04
3.25873999999999977E-04
3.26156000000000026E-04
3.29881999999999983E-04
3.72415000000000018E-04
3.07282999999999992E-04
3.32569000000000007E-04
1.45855700000000008E-03
4.57945999999999982E-04
4.59332000000000013E-04
4.27536000000000008E-04
4.59332999999999974E-04
4.14980000000000015E-04
3.10023999999999998E-04
3.79370000000000022E-04
3.44073999999999986E-04
4.11751999999999984E-04
3.37152000000000014E-04
4.06149999999999979E-04
3.08920000000000017E-04
3.51939000000000006E-04
4.32736000000000026E-04
4.19725000000000024E-04
4.11968000000000024E-04
4.13376999999999983E-04
4.91616999999999965E-04
4.10418999999999975E-04
4.05143000000000007E-04
4.24252999999999978E-04
4.06128000000000012E-04
4.10494000000000017E-04
4.54099999999999979E-04
4.21598999999999986E-04
4.19920000000000005E-04
4.38878999999999984E-04
4.13843000000000002E-04
4.32757999999999993E-04
4.27168000000000014E-04
4.33689999999999976E-04
4.05055999999999992E-04
3.63715999999999985E-04
3.25103999999999996E-04
3.23122999999999976E-04
3.06958000000000025E-04
3.06600999999999987E-04
3.21128000000000006E-04
3.08886000000000024E-04
4.56678000000000021E-04
3.17098999999999994E-04
3.13003999999999973E-04
3.12549000000000019E-04
3.10469000000000012E-04
3.10111000000000013E-04
3.62275000000000010E-04
3.24714999999999997E-04
3.07164000000000016E-04
3.26080000000000022E-04
3.52253000000000017E-04
3.06385000000000002E-04
3.07033999999999974E-04
3.55211999999999987E-04
4.04156999999999986E-04
3.20478000000000017E-04
3.08517999999999976E-04
3.08095999999999999E-04
3.28787999999999997E-04
3.28018999999999978E-04
3.15820000000000022E-04
3.14281999999999984E-04
3.52956999999999989E-04
3.07705999999999984E-04
3.23836999999999996E-04
3.25701000000000018E-04
3.24877000000000000E-04
3.20836000000000016E-04
3.07023999999999980E-04
3.06155999999999974E-04
3.22646000000000001E-04
3.07435000000000000E-04
3.07943999999999991E-04
3.26252999999999981E-04
3.52904000000000021E-04
3.09644999999999994E-04
3.49350000000000008E-04
3.37920999999999979E-04
3.10556000000000026E-04
3.10001999999999977E-04
3.27986000000000000E-04
3.19070999999999981E-04
3.07878999999999998E-04
3.06850000000000005E-04
3.23154999999999992E-04
3.07217999999999998E-04
3.06720999999999979E-04
3.56425000000000004E-04
3.07402999999999984E-04
3.07890000000000008E-04
3.47919999999999989E-04
3.99075999999999999E-04
3.72695999999999997E-04
4.18413999999999982E-04
4.00062000000000020E-04
4.11199000000000005E-04
3.95631000000000021E-04
3.52350999999999988E-04
4.08247999999999998E-04
3.91633000000000009E-04
3.93886999999999991E-04
4.02706000000000017E-04
4.30407000000000001E-04
4.39192999999999994E-04
4.18663000000000000E-04
4.41273000000000002E-04
4.42486000000000019E-04
4.91670999999999948E-04
4.39897000000000020E-04
4.05208000000000000E-04
4.20440000000000006E-04
4.44318000000000024E-04
4.17363999999999984E-04
4.43526999999999984E-04
4.15272000000000004E-04
4.22303000000000012E-04
4.33700000000000025E-04
4.31403000000000016E-04
4.36234999999999986E-04
4.22790999999999998E-04
4.19238000000000000E-04
4.16757000000000022E-04
4.35217000000000004E-04
4.54057000000000007E-04
4.20224000000000021E-04
4.36581999999999975E-04
4.27785000000000025E-04
4.21154999999999989E-04
4.44002999999999997E-04
4.23223999999999985E-04
7.24429999999999974E-04
4.10126000000000024E-04
4.08859000000000024E-04
4.09379000000000025E-04
4.22368000000000006E-04
4.25010999999999987E-04
4.28804000000000023E-04
4.25791999999999978E-04
4.24253999999999994E-04
4.25271999999999976E-04
4.10635999999999976E-04
4.42768000000000014E-04
4.11524000000000026E-04
4.43591000000000016E-04
4.14069999999999998E-04
4.34643000000000019E-04
4.46159000000000009E-04
4.10960999999999998E-04
4.26518000000000025E-04
4.32096999999999993E-04
4.08966999999999989E-04
4.42724999999999987E-04
4.09086000000000020E-04
4.79250000000000021E-04
4.24253999999999994E-04
4.18100000000000025E-04
4.35390999999999979E-04
4.46126999999999993E-04
4.24090999999999975E-04
4.34901999999999977E-04
4.14904000000000011E-04
4.25305000000000008E-04
4.55824999999999980E-04
3.37379000000000010E-04
3.50369000000000006E-04
3.08322999999999996E-04
3.23543999999999991E-04
3.07141999999999994E-04
4.73773999999999994E-04
3.44246999999999999E-04
3.24379000000000019E-04
3.07294000000000002E-04
7.74663999999999995E-04
4.38207999999999989E-04
4.18533000000000013E-04
3.69733000000000019E-04
3.11151000000000017E-04
3.11324999999999991E-04
3.55731999999999988E-04
4.23495000000000024E-04
3.88456000000000023E-04
3.10370999999999987E-04
3.08886999999999985E-04
3.64593000000000024E-04
3.78286999999999992E-04
4.42225999999999991E-04
4.14026000000000010E-04
4.70436999999999982E-04
4.26842999999999992E-04
4.33159000000000018E-04
4.36375999999999984E-04
5.18245999999999984E-04
5.16825999999999961E-04
4.24025999999999982E-04
4.58951999999999993E-04
4.32529999999999980E-04
4.17580999999999985E-04
4.30839999999999988E-04
3.34931000000000009E-04
3.55373999999999989E-04
3.96172999999999990E-04
3.13707999999999999E-04
3.47184000000000002E-04
3.07987999999999979E-04
3.23836999999999996E-04
3.31213999999999977E-04
3.28441000000000009E-04
4.01849999999999983E-04
4.26896999999999975E-04
4.27741999999999999E-04
4.30688999999999996E-04
4.18413999999999982E-04
3.64820000000000021E-04
8.95627999999999984E-04
4.17211000000000014E-04
3.38603999999999999E-04
3.10642000000000025E-04
4.00658000000000025E-04
4.16811000000000004E-04
4.40688000000000006E-04
4.45768999999999994E-04
4.99481999999999986E-04
4.18382000000000020E-04
4.51098999999999999E-04
4.48791999999999995E-04
4.24654000000000004E-04
3.38007999999999993E-04
3.09071000000000009E-04
3.44128999999999984E-04
3.45482999999999999E-04
4.08404000000000015E-04
3.68611999999999987E-04
3.18127999999999987E-04
3.09678000000000026E-04
3.26058000000000001E-04
3.20988000000000024E-04
3.08235999999999981E-04
3.23545000000000007E-04
3.07000999999999997E-04
3.06524999999999983E-04
3.06720000000000018E-04
3.24280999999999994E-04
3.08399000000000000E-04
3.08962999999999989E-04
3.35548999999999982E-04
3.31302000000000007E-04
3.21400000000000006E-04
3.16904000000000014E-04
3.29578999999999983E-04
3.53977000000000003E-04
3.26404999999999989E-04
3.66325999999999989E-04
3.07684000000000017E-04
3.30022999999999981E-04
3.32049000000000005E-04
3.28191999999999991E-04
3.39947000000000003E-04
3.19026999999999993E-04
3.23533999999999996E-04
3.09255999999999995E-04
8.55537999999999980E-04
4.12660999999999985E-04
4.49527999999999983E-04
4.14081000000000009E-04
4.49310999999999981E-04
7.14830999999999973E-04
4.23170000000000002E-04
4.01297000000000004E-04
3.95641999999999977E-04
4.41435000000000004E-04
4.20169000000000022E-04
3.96102000000000010E-04
3.77582000000000004E-04
4.07743000000000016E-04
3.76564000000000022E-04
3.89402000000000010E-04
3.88806000000000004E-04
3.47736000000000019E-04
4.06693000000000018E-04
4.71562999999999984E-04
4.41760999999999987E-04
4.39766999999999979E-04
4.28641000000000005E-04
4.15359000000000019E-04
4.89851000000000023E-04
4.27709000000000021E-04
4.35434000000000006E-04
4.30612999999999992E-04
4.01666000000000013E-04
4.30212000000000021E-04
4.45660999999999974E-04
4.27774000000000014E-04
4.29724999999999996E-04
4.27557999999999975E-04
4.37015000000000016E-04
4.41770999999999982E-04
4.14709999999999992E-04
7.55002999999999968E-04
4.42800999999999991E-04
6.73876000000000011E-04
4.36257000000000008E-04
4.26669999999999979E-04
4.11513000000000015E-04
4.10105000000000018E-04
4.25164000000000011E-04
4.30570000000000020E-04
4.28002000000000027E-04
4.10137999999999996E-04
4.09258999999999979E-04
4.08696000000000005E-04
4.35477999999999994E-04
4.30050000000000018E-04
4.27134999999999982E-04
4.14168000000000023E-04
4.13485000000000003E-04
4.14481000000000018E-04
4.30938000000000013E-04
4.11111999999999990E-04
4.10504999999999974E-04
4.24221000000000016E-04
4.19529999999999990E-04
4.28945000000000021E-04
4.23971999999999999E-04
4.09509000000000012E-04
4.07787000000000004E-04
4.08252000000000007E-04
4.28425000000000019E-04
4.26593999999999975E-04
4.12346999999999974E-04
4.21436999999999983E-04
4.13462999999999982E-04
4.32843999999999991E-04
4.13517000000000019E-04
4.12304000000000002E-04
4.38910999999999999E-04
4.10625000000000020E-04
4.10136999999999980E-04
4.15304999999999982E-04
4.10484000000000022E-04
4.47047000000000004E-04
4.09130000000000008E-04
4.09562999999999995E-04
4.27406000000000021E-04
4.09812999999999974E-04
4.30157999999999984E-04
4.10722999999999991E-04
4.11751000000000022E-04
4.31186999999999977E-04
4.70945999999999973E-04
4.13593000000000023E-04
4.11947000000000018E-04
4.12088000000000016E-04
4.28555000000000006E-04
4.09498000000000002E-04
4.10008000000000009E-04
4.08773000000000025E-04
4.09227999999999979E-04
4.27568999999999985E-04
4.45399999999999984E-04
4.10440999999999996E-04
4.08804000000000025E-04
4.26094999999999979E-04
4.30037999999999991E-04
4.11860000000000004E-04
4.13843000000000002E-04
4.13224999999999975E-04
4.15218000000000022E-04
4.66309999999999999E-04
4.11502000000000005E-04
4.10776999999999974E-04
4.08978000000000000E-04
4.10580999999999978E-04
4.09065000000000015E-04
4.27145999999999993E-04
4.09162000000000024E-04
5.01806000000000040E-04
4.11134000000000011E-04
4.25054999999999975E-04
5.03057000000000005E-04
3.48332000000000025E-04
4.25315000000000003E-04
4.50958000000000001E-04
4.34155999999999995E-04
4.14742000000000008E-04
3.53977000000000003E-04
3.28972999999999982E-04
3.26166000000000021E-04
3.57615999999999999E-04
4.45346000000000001E-04
3.07955000000000002E-04
3.07261999999999987E-04
3.27444999999999993E-04
3.07598000000000019E-04
3.06892999999999977E-04
3.11498000000000005E-04
3.24011000000000026E-04
3.28279000000000006E-04
3.12006999999999996E-04
4.45584000000000008E-04
4.20375000000000013E-04
4.15197000000000016E-04
4.12163000000000004E-04
4.10073000000000002E-04
4.66763999999999992E-04
4.10191000000000017E-04
4.42020000000000000E-04
4.09617999999999994E-04
4.35542999999999987E-04
4.18359999999999999E-04
4.09530999999999979E-04
4.36007999999999990E-04
4.25629999999999975E-04
4.29692000000000019E-04
4.10743999999999996E-04
4.45031999999999991E-04
4.14113999999999986E-04
4.39810000000000006E-04
7.08964999999999986E-04
4.41911999999999980E-04
4.46755000000000015E-04
4.07179999999999988E-04
4.35466000000000021E-04
4.03106999999999988E-04
4.24166000000000018E-04
4.16475000000000027E-04
4.01167999999999978E-04
3.17628999999999991E-04
3.27477000000000009E-04
3.06916000000000014E-04
3.09113999999999982E-04
3.08810999999999981E-04
3.48266999999999978E-04
3.97744000000000006E-04
4.14749000000000010E-04
3.29372999999999992E-04
3.09873000000000006E-04
3.39295999999999999E-04
3.21811000000000026E-04
3.77560999999999999E-04
3.30456000000000022E-04
3.46662999999999984E-04
4.05836999999999984E-04
3.70432000000000020E-04
3.19081999999999992E-04
3.59923000000000003E-04
3.63487999999999973E-04
4.21188000000000020E-04
3.27726999999999988E-04
3.09200999999999996E-04
3.26046999999999990E-04
3.17184999999999993E-04
3.30348000000000002E-04
3.10370999999999987E-04
3.10122000000000024E-04
3.09709999999999987E-04
3.08117000000000005E-04
3.07814000000000004E-04
3.07650999999999986E-04
3.24953000000000004E-04
3.06785000000000011E-04
3.17586000000000018E-04
3.88200000000000003E-04
3.08259000000000018E-04
3.07511000000000004E-04
3.08961999999999974E-04
7.09141999999999954E-04
3.57735999999999991E-04
3.13296000000000017E-04
3.13024999999999979E-04
3.42915000000000006E-04
3.30067000000000023E-04
3.27022000000000001E-04
3.42124000000000020E-04
3.15971999999999976E-04
3.24356999999999998E-04
3.57897999999999994E-04
4.09974999999999977E-04
4.31024000000000012E-04
4.16670000000000007E-04
4.24404999999999986E-04
4.18371000000000010E-04
3.16415999999999974E-04
3.09591000000000011E-04
3.55038000000000012E-04
3.13372000000000021E-04
3.12580999999999981E-04
3.10305999999999993E-04
3.09622999999999973E-04
3.09667000000000015E-04
3.26035999999999980E-04
3.19242999999999979E-04
3.17803000000000020E-04
3.07640999999999991E-04
3.07143000000000010E-04
3.07564999999999987E-04
3.07608000000000013E-04
3.67052999999999997E-04
3.07663000000000012E-04
3.09103999999999987E-04
3.08204000000000019E-04
3.10359999999999976E-04
3.12525999999999982E-04
3.11780000000000000E-04
3.27671999999999989E-04
3.09406999999999987E-04
3.07673000000000007E-04
3.06937000000000019E-04
3.07033999999999974E-04
3.16557000000000025E-04
3.25863000000000021E-04
3.25385999999999991E-04
3.07154000000000021E-04
3.07002000000000013E-04
3.21183000000000005E-04
3.58059999999999997E-04
3.87061999999999975E-04
3.77896999999999977E-04
4.89096999999999969E-04
4.36093999999999989E-04
4.58791000000000006E-04
3.87300999999999997E-04
4.28625000000000024E-04
4.13452999999999987E-04
4.11936000000000008E-04
4.10972000000000008E-04
4.10149000000000006E-04
4.51272000000000012E-04
3.51017999999999979E-04
3.07046000000000001E-04
3.21084999999999979E-04
3.19796000000000013E-04
3.08377999999999994E-04
3.27281999999999974E-04
3.50601999999999988E-04
4.15239999999999988E-04
4.15456999999999990E-04
3.96909999999999993E-04
3.10176000000000006E-04
3.30944000000000008E-04
3.07987000000000018E-04
3.46283999999999980E-04
3.51918000000000001E-04
3.07240000000000020E-04
3.06362000000000019E-04
3.06276000000000020E-04
3.24238000000000022E-04
3.06339999999999998E-04
3.06297000000000025E-04
3.08095999999999999E-04
3.08236999999999997E-04
3.09591000000000011E-04
3.10544000000000000E-04
3.29471000000000017E-04
3.13220000000000013E-04
3.20739000000000007E-04
3.09364000000000015E-04
3.28483999999999981E-04
3.18257999999999974E-04
3.07240000000000020E-04
3.26881000000000003E-04
3.07208000000000004E-04
3.06926000000000009E-04
3.06611999999999998E-04
3.06600999999999987E-04
3.19980999999999998E-04
3.09178999999999975E-04
3.69533000000000014E-04
3.99714999999999977E-04
4.18241000000000023E-04
4.10201999999999973E-04
4.20017000000000014E-04
4.09412000000000003E-04
3.10673999999999987E-04
3.10598999999999999E-04
3.31702000000000017E-04
3.16718999999999974E-04
3.26795000000000004E-04
4.40482999999999977E-04
4.11730000000000017E-04
4.03723999999999999E-04
4.70533999999999991E-04
3.70790000000000019E-04
3.42475999999999978E-04
3.63866999999999977E-04
3.63260000000000015E-04
3.11627999999999992E-04
3.13014999999999984E-04
3.32535999999999975E-04
3.49881000000000020E-04
3.09136000000000003E-04
3.07804000000000009E-04
3.07261999999999987E-04
3.06558000000000015E-04
3.07002000000000013E-04
3.24964000000000015E-04
3.07543999999999981E-04
3.33272999999999979E-04
3.18441999999999998E-04
3.07250999999999976E-04
3.08345000000000017E-04
3.70920000000000006E-04
3.40964999999999986E-04
3.10825999999999995E-04
3.12332000000000018E-04
3.12689000000000001E-04
3.10273000000000016E-04
3.09720999999999998E-04
3.09568999999999990E-04
3.24713999999999981E-04
3.07380000000000001E-04
3.26100999999999973E-04
3.29805999999999979E-04
3.07802999999999994E-04
3.50531000000000009E-04
3.53846000000000000E-04
3.29946999999999977E-04
4.34773000000000006E-04
4.74640999999999984E-04
4.29086000000000018E-04
4.16885999999999993E-04
4.20678999999999975E-04
4.42734999999999982E-04
4.55703000000000011E-04
4.08880999999999991E-04
4.07417999999999995E-04
4.10170000000000012E-04
4.29713999999999986E-04
4.15314999999999977E-04
3.40650000000000013E-04
3.06937000000000019E-04
3.07564999999999987E-04
3.06968999999999981E-04
3.26633000000000001E-04
3.52838999999999974E-04
3.08421000000000021E-04
3.08875999999999975E-04
3.11237000000000015E-04
3.13035999999999989E-04
3.12732999999999989E-04
3.27412999999999977E-04
3.09698999999999977E-04
3.08756999999999998E-04
3.27692999999999995E-04
3.18474999999999976E-04
3.07391999999999973E-04
3.06534999999999978E-04
3.43423999999999997E-04
3.07501000000000009E-04
3.06480999999999995E-04
3.07132000000000000E-04
3.07684000000000017E-04
3.08974000000000000E-04
3.22808000000000003E-04
3.28279000000000006E-04
3.12614000000000013E-04
3.11703999999999996E-04
3.09526000000000018E-04
3.08745999999999988E-04
3.07932999999999981E-04
3.50249000000000014E-04
3.24758000000000024E-04
3.06850000000000005E-04
3.06341000000000013E-04
3.06471000000000000E-04
4.71261000000000000E-04
5.91112999999999990E-04
5.62127000000000048E-04
4.40741999999999989E-04
4.86377999999999984E-04
4.16735000000000000E-04
4.22909999999999974E-04
4.19758000000000002E-04
4.47946000000000010E-04
4.16636999999999975E-04
4.24339999999999993E-04
4.16313000000000024E-04
4.16540000000000020E-04
4.47361999999999977E-04
4.21718999999999978E-04
4.20731999999999996E-04
4.13885999999999974E-04
4.15944000000000014E-04
4.74331999999999998E-04
4.28033999999999988E-04
4.30483000000000005E-04
4.31881000000000008E-04
4.71786000000000026E-04
4.14178999999999979E-04
3.90648000000000004E-04
3.38322000000000004E-04
3.19948000000000021E-04
3.09254999999999979E-04
3.28637000000000005E-04
3.07143000000000010E-04
3.07099000000000022E-04
3.07154000000000021E-04
3.07023999999999980E-04
3.06589999999999977E-04
3.36967999999999990E-04
3.56185999999999981E-04
3.07661999999999996E-04
3.08897999999999996E-04
3.09082000000000020E-04
3.47713999999999998E-04
3.43955000000000009E-04
3.31300999999999991E-04
5.64749000000000024E-04
4.45671000000000023E-04
4.17742999999999988E-04
4.67003000000000014E-04
4.10938999999999977E-04
4.21057000000000018E-04
4.42454000000000003E-04
4.43526999999999984E-04
4.16454000000000021E-04
4.15196000000000000E-04
4.15152999999999974E-04
4.38998000000000014E-04
4.09141000000000019E-04
4.22162999999999976E-04
4.11090999999999985E-04
4.11534999999999982E-04
4.39105999999999980E-04
4.44177000000000027E-04
4.15782000000000011E-04
4.16820999999999999E-04
4.07720999999999995E-04
4.35141000000000000E-04
4.25619000000000019E-04
4.13799000000000014E-04
4.12932000000000023E-04
4.14146000000000002E-04
4.16506999999999988E-04
4.44772999999999978E-04
4.07202000000000009E-04
4.10972000000000008E-04
4.14687000000000009E-04
4.22790999999999998E-04
4.45043000000000001E-04
4.17765000000000009E-04
4.36809999999999987E-04
4.08859000000000024E-04
4.38217999999999984E-04
4.51337000000000006E-04
4.20603000000000025E-04
6.83545000000000029E-04
4.51097999999999983E-04
5.27573000000000039E-04
4.56114999999999993E-04
4.12119999999999978E-04
4.24642999999999993E-04
3.85642000000000005E-04
3.42242999999999996E-04
3.08930000000000012E-04
3.08583000000000024E-04
3.10890999999999989E-04
3.13090000000000026E-04
3.99087000000000009E-04
3.10673999999999987E-04
3.30846999999999999E-04
3.09440000000000019E-04
3.06979999999999992E-04
3.06926000000000009E-04
3.06926000000000009E-04
3.18518000000000002E-04
3.09147000000000013E-04
3.23608999999999984E-04
3.07478000000000026E-04
3.07564999999999987E-04
3.21583999999999976E-04
3.08431999999999977E-04
3.08107000000000010E-04
3.16188999999999977E-04
3.29774000000000018E-04
3.12982000000000006E-04
3.10143999999999990E-04
3.09233000000000012E-04
3.21745999999999979E-04
3.07349000000000001E-04
3.06686999999999986E-04
3.44789999999999984E-04
3.25439999999999974E-04
3.18398000000000010E-04
3.06221999999999983E-04
3.06947999999999976E-04
3.07067000000000006E-04
3.71375000000000015E-04
3.08907999999999991E-04
3.08118000000000020E-04
3.10219999999999994E-04
3.12222999999999982E-04
3.12180000000000010E-04
3.10273999999999977E-04
3.26869999999999993E-04
3.17641000000000017E-04
3.07088000000000012E-04
3.64149000000000026E-04
3.65026000000000011E-04
4.19767999999999997E-04
4.47629000000000006E-04
3.13264000000000001E-04
3.39524000000000011E-04
4.95525000000000024E-04
4.37707999999999977E-04
4.44902000000000004E-04
4.27340999999999973E-04
4.41425000000000010E-04
4.21481000000000026E-04
4.38836000000000011E-04
4.33689999999999976E-04
4.44837000000000010E-04
4.14286999999999999E-04
4.14991000000000025E-04
4.64056000000000017E-04
4.42876999999999995E-04
4.42280999999999989E-04
4.18068000000000009E-04
4.16378000000000017E-04
4.49159999999999989E-04
4.62945999999999996E-04
4.05446000000000007E-04
3.09157000000000008E-04
3.09656000000000005E-04
3.11357000000000007E-04
3.36609999999999991E-04
3.49816000000000027E-04
3.26654000000000007E-04
3.09936999999999984E-04
3.09503999999999997E-04
3.07077000000000001E-04
3.06341000000000013E-04
3.07002000000000013E-04
3.24293000000000020E-04
3.07295000000000018E-04
3.06730999999999974E-04
3.06991000000000002E-04
3.45016999999999980E-04
3.07349000000000001E-04
3.08713000000000010E-04
3.25495000000000027E-04
3.11248999999999987E-04
3.76423000000000025E-04
4.42572999999999979E-04
4.20623999999999976E-04
4.15197000000000016E-04
4.48672000000000003E-04
4.53676999999999987E-04
4.41099999999999988E-04
4.28890000000000022E-04
4.28846999999999996E-04
4.28044999999999999E-04
4.56656000000000000E-04
4.26538999999999976E-04
4.30633999999999997E-04
4.27362999999999994E-04
3.95641999999999977E-04
4.33093000000000009E-04
4.19790000000000018E-04
4.06897999999999993E-04
4.00809999999999979E-04
3.98437999999999982E-04
4.05131999999999996E-04
4.19281000000000027E-04
4.07829999999999976E-04
4.31153999999999999E-04
4.24166999999999979E-04
4.30611999999999976E-04
4.71564000000000000E-04
4.43353000000000009E-04
4.28738000000000014E-04
4.30050000000000018E-04
4.28673999999999982E-04
4.54165000000000027E-04
4.30102999999999985E-04
4.31079000000000011E-04
4.46353999999999989E-04
4.58172999999999979E-04
4.35108000000000023E-04
4.49430999999999973E-04
4.29702000000000014E-04
4.22909999999999974E-04
4.57901999999999994E-04
4.37026000000000027E-04
4.34392999999999986E-04
4.43980999999999976E-04
4.35032999999999980E-04
4.55518999999999987E-04
4.38011999999999993E-04
4.64923000000000007E-04
4.40242999999999993E-04
4.38910999999999999E-04
4.61964999999999999E-04
4.55129000000000026E-04
4.43873000000000011E-04
4.14243000000000011E-04
3.10707000000000019E-04
3.10208000000000022E-04
3.08150999999999998E-04
3.07955000000000002E-04
3.07381000000000017E-04
3.38061999999999976E-04
3.13665000000000027E-04
3.22386000000000027E-04
3.06449999999999995E-04
3.34563000000000015E-04
3.08810999999999981E-04
3.08399000000000000E-04
3.26610999999999980E-04
3.30153000000000022E-04
3.13468999999999976E-04
3.12656999999999985E-04
3.09536999999999974E-04
3.09320000000000027E-04
3.07587000000000008E-04
3.25223999999999988E-04
3.07316000000000024E-04
3.06752999999999995E-04
3.16188999999999977E-04
3.98546000000000002E-04
3.80127999999999976E-04
4.47930999999999991E-04
4.26669000000000017E-04
4.27871999999999985E-04
4.26040999999999996E-04
4.51759999999999998E-04
4.83100999999999995E-04
4.47895000000000021E-04
4.73566999999999988E-04
3.78805999999999978E-04
4.05208000000000000E-04
4.56905999999999979E-04
4.32399999999999994E-04
4.34502000000000022E-04
4.56419000000000009E-04
4.32769000000000003E-04
5.74046999999999947E-04
4.17536999999999997E-04
4.31782999999999982E-04
4.26204000000000014E-04
4.57534000000000001E-04
4.38327000000000020E-04
4.04850000000000002E-04
4.29747000000000017E-04
4.30201000000000010E-04
4.76113999999999975E-04
4.51022999999999995E-04
4.05609000000000026E-04
4.26876000000000024E-04
4.51098999999999999E-04
4.03723999999999999E-04
4.40613000000000018E-04
4.01146000000000011E-04
4.06476000000000016E-04
4.35954000000000007E-04
4.51868000000000018E-04
4.38813999999999990E-04
4.38099000000000008E-04
4.52918999999999978E-04
4.44155000000000006E-04
4.27591000000000006E-04
4.69234999999999975E-04
4.29334000000000020E-04
4.22261000000000001E-04
7.65911999999999995E-04
4.33211999999999985E-04
4.43115000000000002E-04
4.43147000000000018E-04
4.34306999999999987E-04
6.08559999999999960E-04
4.58465999999999984E-04
4.31988000000000012E-04
4.39680000000000019E-04
4.34598999999999977E-04
4.37373000000000015E-04
4.62204000000000022E-04
4.36602999999999980E-04
4.36028999999999996E-04
4.46084000000000020E-04
4.40114000000000022E-04
4.62018999999999982E-04
4.71638999999999988E-04
4.38596999999999989E-04
4.32574000000000023E-04
4.59191999999999977E-04
4.35432999999999990E-04
4.55270000000000024E-04
4.37222000000000023E-04
4.37903999999999973E-04
4.61543000000000023E-04
4.38055000000000020E-04
4.85529000000000006E-04
4.59808999999999988E-04
4.37133999999999993E-04
4.66037999999999999E-04
4.36950999999999984E-04
4.49506000000000016E-04
4.41760999999999987E-04
4.45909999999999991E-04
4.48639999999999987E-04
4.33917000000000027E-04
1.02357699999999991E-03
4.09433000000000008E-04
4.27602000000000017E-04
3.23328000000000005E-04
3.14997000000000020E-04
3.08019999999999995E-04
3.30824999999999978E-04
3.13761999999999982E-04
3.44280999999999992E-04
3.19600999999999978E-04
3.21074000000000023E-04
3.27822999999999982E-04
3.27726999999999988E-04
3.16902999999999998E-04
3.38268000000000021E-04
3.28917999999999984E-04
3.41473999999999977E-04
3.20510999999999995E-04
3.23533999999999996E-04
3.16384000000000012E-04
3.14216999999999990E-04
3.30380000000000018E-04
3.60898000000000013E-04
4.79315000000000014E-04
4.10560000000000026E-04
4.09943000000000015E-04
4.11221000000000026E-04
4.01612999999999992E-04
3.95761000000000008E-04
5.23954999999999994E-04
4.42063999999999988E-04
3.60833999999999981E-04
3.26772999999999983E-04
3.23219000000000024E-04
3.20813999999999995E-04
3.24823000000000017E-04
3.18312000000000011E-04
3.22406999999999978E-04
3.41181999999999987E-04
3.27465999999999998E-04
3.70356000000000016E-04
3.22633999999999974E-04
4.48877999999999994E-04
3.41962000000000017E-04
3.65123999999999982E-04
6.78032999999999978E-04
4.27785999999999987E-04
3.47573000000000001E-04
3.34054000000000024E-04
3.20099000000000013E-04
3.63532000000000015E-04
3.94168000000000025E-04
3.81828999999999979E-04
4.19800999999999974E-04
4.19986000000000014E-04
4.45660000000000012E-04
4.30591000000000025E-04
4.48380000000000013E-04
4.31967000000000006E-04
4.47534999999999990E-04
4.29951999999999993E-04
3.44376999999999986E-04
3.71699999999999982E-04
4.17005999999999985E-04
4.49767000000000005E-04
4.15565000000000010E-04
4.15706000000000007E-04
4.34036000000000003E-04
3.30109999999999995E-04
3.29871000000000027E-04
3.74116000000000021E-04
4.04634000000000016E-04
4.04135000000000019E-04
4.34133999999999974E-04
3.96681999999999981E-04
4.05522999999999973E-04
4.05695000000000025E-04
4.00180999999999996E-04
4.28717000000000009E-04
4.18209000000000007E-04
4.10170000000000012E-04
4.01016000000000024E-04
4.06073999999999975E-04
4.31252000000000024E-04
4.16929999999999981E-04
4.07136000000000000E-04
3.99704999999999982E-04
4.03539999999999975E-04
4.26582000000000003E-04
4.15706000000000007E-04
3.96585000000000026E-04
4.03063000000000000E-04
4.10732999999999986E-04
4.32357000000000021E-04
4.71486999999999980E-04
4.23061000000000021E-04
4.12001000000000001E-04
4.33906999999999978E-04
3.12645999999999974E-04
3.22472000000000026E-04
3.08627000000000012E-04
3.08702000000000000E-04
3.07705999999999984E-04
3.27833999999999992E-04
3.08172000000000003E-04
3.07846999999999982E-04
3.26469999999999983E-04
3.20998999999999981E-04
3.07088000000000012E-04
3.08604999999999990E-04
3.27498999999999976E-04
3.18659000000000000E-04
3.10555000000000011E-04
3.11767999999999974E-04
3.13740000000000015E-04
3.10001999999999977E-04
3.09840999999999990E-04
3.25408000000000012E-04
3.07120999999999989E-04
3.07230000000000025E-04
3.07457000000000021E-04
3.10349000000000020E-04
3.06882000000000021E-04
3.07078000000000017E-04
3.32535999999999975E-04
3.07564999999999987E-04
3.22135999999999994E-04
3.09330999999999983E-04
3.09785999999999991E-04
3.11302000000000009E-04
3.12765000000000005E-04
3.31020000000000012E-04
3.10046000000000019E-04
3.09048999999999988E-04
3.09158000000000024E-04
3.30748999999999974E-04
4.47654000000000021E-04
4.41196999999999998E-04
4.30016999999999986E-04
3.78081000000000001E-04
3.12580999999999981E-04
3.09244000000000023E-04
3.07358999999999996E-04
3.87754999999999990E-04
4.12574999999999986E-04
4.14460000000000013E-04
4.18100000000000025E-04
4.20028000000000025E-04
4.57156000000000012E-04
4.21015000000000007E-04
4.15889999999999977E-04
4.09617999999999994E-04
4.54327999999999991E-04
4.50925999999999985E-04
4.23602999999999990E-04
4.16313000000000024E-04
4.60383000000000027E-04
4.33614000000000026E-04
4.42215999999999996E-04
4.09259999999999995E-04
4.20548999999999988E-04
4.33982000000000020E-04
4.48163000000000012E-04
4.35087000000000017E-04
4.36116000000000010E-04
4.38087999999999997E-04
4.17828999999999987E-04
4.36626000000000017E-04
4.43852000000000005E-04
4.30687999999999980E-04
4.29324000000000025E-04
4.31500999999999987E-04
4.45942000000000007E-04
4.21838000000000009E-04
4.22813000000000019E-04
4.20451000000000017E-04
4.24480999999999990E-04
1.14268700000000009E-03
4.83723999999999992E-04
4.08187999999999975E-04
3.86823000000000006E-04
3.44139999999999995E-04
3.76694000000000009E-04
4.07395999999999973E-04
3.51041000000000016E-04
3.49978999999999991E-04
3.58850999999999983E-04
3.33510999999999985E-04
3.74419000000000021E-04
3.30445000000000012E-04
3.19373999999999982E-04
3.86184999999999990E-04
3.08118000000000020E-04
3.07055999999999996E-04
3.41052000000000000E-04
3.27694000000000010E-04
3.23219999999999985E-04
3.44572000000000021E-04
3.13187999999999997E-04
3.13047000000000000E-04
3.10761000000000002E-04
3.10067000000000025E-04
3.51565000000000026E-04
3.18712999999999982E-04
3.20131999999999990E-04
3.11747000000000022E-04
3.52773000000000019E-04
3.06785000000000011E-04
3.26448000000000016E-04
3.07347999999999985E-04
3.06676999999999991E-04
3.07446000000000011E-04
3.08821999999999992E-04
3.08669999999999984E-04
3.10218999999999979E-04
3.30456000000000022E-04
3.19438000000000014E-04
3.10793000000000018E-04
3.09873000000000006E-04
3.47812000000000023E-04
3.20066999999999997E-04
3.32590999999999974E-04
3.07728000000000005E-04
3.06113000000000001E-04
3.88232000000000019E-04
4.20428999999999996E-04
4.27850000000000018E-04
3.85296999999999994E-04
3.31582999999999986E-04
3.41831000000000014E-04
3.66098999999999993E-04
3.21129000000000022E-04
3.22124999999999983E-04
3.41951000000000006E-04
3.17110000000000005E-04
3.36013999999999985E-04
3.20219000000000005E-04
3.17704999999999995E-04
3.17032999999999985E-04
3.16708999999999979E-04
3.39469999999999974E-04
3.82988999999999975E-04
4.72425000000000004E-04
4.20775999999999984E-04
4.33352999999999983E-04
4.21642999999999974E-04
4.52474999999999980E-04
3.77311999999999982E-04
3.10976999999999987E-04
3.13037000000000005E-04
3.12818999999999988E-04
3.10284000000000026E-04
3.38472999999999997E-04
3.27120000000000026E-04
3.07391999999999973E-04
3.07435000000000000E-04
3.06621999999999993E-04
3.06710000000000023E-04
3.06914999999999998E-04
3.06080999999999985E-04
3.24920000000000027E-04
3.07488999999999983E-04
3.07932999999999981E-04
3.08311999999999985E-04
3.94818000000000014E-04
3.62155000000000018E-04
3.30315000000000025E-04
3.17662000000000022E-04
3.11833999999999983E-04
3.11075000000000013E-04
3.28561000000000001E-04
3.07587000000000008E-04
3.07230000000000025E-04
6.47772000000000018E-04
4.77869999999999977E-04
4.21459000000000005E-04
4.45389999999999989E-04
4.21318000000000007E-04
3.41322999999999984E-04
3.46176000000000014E-04
3.17596999999999975E-04
3.23101000000000009E-04
3.15754999999999974E-04
3.18289999999999990E-04
3.31279999999999986E-04
3.10879999999999978E-04
3.45026999999999975E-04
3.19070999999999981E-04
3.06850000000000005E-04
3.06168000000000000E-04
3.07132000000000000E-04
3.20044999999999976E-04
3.39259000000000012E-04
3.09622999999999973E-04
3.08583999999999985E-04
3.07587000000000008E-04
3.09861999999999996E-04
3.09547999999999985E-04
3.26339999999999996E-04
3.38375999999999987E-04
3.17510999999999976E-04
3.13826000000000014E-04
3.10555000000000011E-04
3.10263000000000021E-04
3.07890000000000008E-04
3.24606999999999977E-04
3.06688000000000002E-04
3.06558000000000015E-04
3.49923999999999992E-04
3.06634000000000019E-04
3.06699000000000012E-04
3.06968999999999981E-04
3.46837000000000013E-04
3.08961999999999974E-04
3.09027000000000021E-04
3.09580000000000001E-04
3.10804999999999990E-04
3.51474000000000003E-04
3.18994999999999977E-04
3.28507000000000018E-04
3.09191000000000001E-04
3.08638000000000022E-04
3.07185999999999983E-04
3.06709000000000007E-04
3.06806000000000017E-04
3.80193000000000024E-04
4.97220000000000040E-04
4.88648999999999963E-04
4.20960000000000008E-04
5.69274999999999946E-04
4.27438999999999998E-04
4.32921000000000011E-04
4.34816999999999994E-04
4.82906999999999976E-04
4.32540999999999991E-04
4.38812999999999974E-04
4.35367999999999996E-04
4.52344999999999993E-04
4.52594000000000011E-04
4.31826000000000009E-04
4.32769000000000003E-04
4.31414999999999989E-04
4.74055999999999989E-04
4.53687999999999997E-04
4.32704000000000010E-04
4.32855000000000002E-04
4.34123000000000018E-04
4.38455999999999991E-04
4.54089000000000023E-04
4.33700000000000025E-04
4.36159999999999998E-04
4.66157999999999991E-04
4.35931999999999986E-04
4.57122999999999980E-04
4.33861999999999974E-04
4.32150999999999976E-04
4.36939999999999974E-04
4.27730999999999988E-04
4.53438999999999980E-04
4.30071000000000023E-04
4.39539999999999983E-04
4.38965999999999998E-04
4.31197999999999987E-04
4.39215000000000016E-04
4.09726000000000014E-04
4.30298999999999981E-04
3.87592999999999987E-04
3.78730999999999990E-04
3.34074999999999975E-04
3.12808999999999993E-04
3.09482999999999991E-04
3.40553000000000004E-04
3.08497000000000025E-04
3.07597000000000003E-04
3.38440999999999981E-04
3.07705999999999984E-04
3.07044999999999985E-04
3.06427000000000012E-04
3.06850000000000005E-04
3.06958000000000025E-04
3.25549000000000010E-04
3.08387999999999989E-04
3.08669999999999984E-04
3.18506999999999992E-04
3.11334999999999986E-04
3.13155000000000020E-04
3.18615000000000011E-04
3.28376999999999977E-04
3.10100000000000002E-04
3.08865000000000018E-04
3.06741999999999985E-04
3.07130999999999984E-04
3.06675999999999976E-04
3.07023000000000018E-04
3.54636999999999986E-04
3.08517999999999976E-04
3.20099000000000013E-04
3.07370000000000006E-04
3.08311999999999985E-04
3.09743000000000019E-04
3.27650999999999984E-04
3.10294999999999983E-04
3.12105000000000021E-04
3.12494999999999982E-04
3.09720999999999998E-04
3.08800999999999987E-04
3.07760000000000021E-04
3.25170000000000005E-04
3.06558000000000015E-04
3.14801999999999985E-04
3.12549000000000019E-04
3.06697999999999997E-04
3.06827999999999984E-04
3.06244000000000004E-04
3.23436999999999987E-04
3.98990000000000000E-04
3.20066999999999997E-04
3.09743000000000019E-04
3.10923000000000004E-04
3.12721999999999978E-04
3.30782000000000005E-04
3.42915000000000006E-04
3.10793000000000018E-04
3.27553000000000013E-04
3.07705999999999984E-04
3.06903999999999988E-04
3.06525999999999999E-04
3.23945000000000016E-04
3.06569000000000026E-04
3.06547000000000004E-04
3.06893999999999993E-04
3.06872000000000026E-04
3.08053000000000027E-04
3.16816999999999999E-04
3.88752000000000021E-04
3.13350000000000000E-04
3.12201999999999976E-04
3.12126000000000027E-04
3.10837000000000006E-04
3.14552000000000007E-04
3.12309999999999996E-04
3.24530999999999973E-04
3.06882000000000021E-04
3.06448999999999979E-04
3.06253999999999999E-04
3.06320000000000008E-04
3.37032999999999983E-04
3.07457000000000021E-04
3.24141000000000012E-04
3.08572000000000013E-04
3.08594999999999996E-04
3.09644999999999994E-04
3.11052999999999991E-04
3.11702999999999980E-04
3.37811999999999997E-04
3.15506000000000011E-04
3.11540999999999977E-04
3.54646999999999981E-04
3.07370000000000006E-04
3.75838999999999991E-04
3.59814999999999983E-04
3.43467999999999985E-04
3.06914999999999998E-04
3.06558000000000015E-04
3.07336999999999975E-04
3.07023000000000018E-04
3.08149999999999982E-04
3.09037999999999978E-04
3.25829999999999989E-04
4.35965000000000018E-04
5.39913000000000047E-04
4.18478999999999976E-04
4.13127000000000004E-04
3.53228999999999989E-04
3.32515000000000024E-04
3.11703999999999996E-04
3.10803999999999974E-04
3.20175999999999978E-04
3.24648999999999988E-04
3.25364000000000024E-04
4.25954999999999997E-04
4.28966000000000026E-04
4.03215000000000008E-04
4.07863000000000008E-04
4.26366000000000017E-04
4.97331000000000053E-04
4.35542000000000025E-04
4.64294000000000024E-04
4.34491000000000011E-04
4.64976999999999990E-04
4.46679000000000011E-04
4.58693999999999996E-04
4.36236000000000002E-04
4.53872999999999983E-04
4.54642000000000002E-04
4.50893000000000008E-04
4.52778999999999996E-04
4.33786999999999986E-04
3.28343999999999999E-04
3.76759000000000002E-04
3.59804999999999988E-04
3.49567000000000009E-04
3.31226000000000003E-04
3.27433999999999982E-04
3.30315999999999986E-04
3.36577000000000013E-04
3.25722999999999985E-04
3.45471999999999988E-04
3.25852000000000010E-04
3.27478000000000025E-04
3.23533999999999996E-04
3.48288999999999999E-04
6.97439000000000002E-04
3.96605999999999977E-04
4.94238000000000034E-04
4.59170000000000010E-04
4.40080999999999990E-04
4.16258999999999987E-04
4.13635999999999995E-04
4.12206999999999992E-04
4.28185999999999996E-04
4.14708999999999976E-04
4.22162999999999976E-04
4.12498999999999982E-04
4.11578000000000009E-04
4.10635999999999976E-04
4.09096999999999976E-04
4.28793000000000013E-04
4.31816000000000014E-04
4.48563999999999983E-04
4.09844999999999990E-04
4.09715000000000003E-04
4.29909000000000020E-04
4.09823000000000023E-04
4.09942000000000000E-04
4.11621999999999997E-04
4.10765000000000002E-04
4.31609000000000007E-04
4.14871999999999995E-04
4.50774999999999993E-04
4.12119999999999978E-04
4.26366000000000017E-04
4.29248000000000021E-04
4.09888000000000017E-04
4.09206000000000012E-04
4.08914000000000022E-04
4.09498000000000002E-04
4.27351999999999984E-04
4.47567000000000006E-04
4.09183999999999991E-04
8.91452000000000043E-04
4.27286999999999990E-04
4.01285999999999993E-04
4.01253999999999977E-04
4.20299000000000009E-04
4.07699999999999989E-04
4.04861000000000012E-04
4.36832000000000008E-04
4.02087999999999990E-04
4.02564000000000003E-04
4.06985000000000007E-04
3.97310000000000003E-04
4.24286000000000010E-04
4.04916000000000011E-04
4.07526999999999976E-04
4.06680999999999991E-04
4.07657000000000017E-04
4.48942999999999987E-04
3.99174000000000024E-04
4.07082000000000017E-04
4.01480999999999973E-04
4.08598999999999996E-04
4.26387000000000023E-04
4.05651999999999998E-04
4.03453000000000015E-04
4.05619999999999982E-04
4.11816000000000016E-04
4.06670999999999996E-04
4.15782000000000011E-04
4.04244000000000001E-04
4.25629999999999975E-04
4.02803000000000026E-04
3.99163000000000013E-04
4.20158999999999973E-04
4.03301000000000007E-04
4.01881999999999999E-04
4.14860999999999984E-04
4.01807000000000011E-04
4.25520999999999994E-04
4.06756999999999995E-04
6.82660999999999988E-04
4.37394999999999982E-04
4.58974999999999975E-04
4.29431999999999991E-04
4.42593999999999984E-04
4.61673000000000010E-04
4.44749999999999996E-04
4.11589000000000020E-04
4.35455000000000011E-04
4.45109000000000010E-04
4.48532000000000021E-04
4.35813000000000010E-04
4.15835999999999994E-04
4.43017999999999993E-04
4.69462000000000026E-04
4.12932000000000023E-04
4.59842000000000020E-04
4.27656000000000000E-04
4.39680999999999980E-04
4.48694000000000024E-04
4.40558000000000019E-04
4.41457000000000026E-04
4.20861999999999983E-04
4.72842000000000011E-04
4.50188999999999982E-04
4.35834000000000015E-04
4.41922999999999990E-04
4.41879000000000002E-04
4.21015000000000007E-04
4.40882999999999987E-04
4.45715000000000011E-04
4.42486000000000019E-04
4.58389999999999980E-04
4.27221999999999997E-04
4.20581000000000004E-04
4.70242000000000002E-04
4.99298000000000016E-04
4.79223999999999991E-04
4.68508000000000021E-04
3.25180000000000000E-04
3.07284000000000008E-04
3.95014000000000010E-04
3.44789999999999984E-04
3.15224999999999978E-04
3.27076999999999999E-04
3.25115000000000007E-04
3.17499000000000004E-04
3.22135999999999994E-04
3.19396000000000003E-04
3.66596999999999973E-04
3.21356000000000018E-04
3.24433000000000002E-04
3.18226000000000012E-04
3.69154000000000010E-04
3.25105000000000012E-04
4.03398999999999978E-04
3.66912000000000000E-04
3.39448000000000007E-04
3.25928000000000014E-04
3.27216999999999981E-04
3.34994999999999987E-04
3.30879000000000015E-04
3.44300999999999982E-04
3.23695999999999999E-04
3.31085000000000006E-04
4.27720999999999993E-04
3.10783000000000023E-04
3.12873999999999986E-04
3.15407999999999986E-04
3.10620000000000004E-04
3.08974000000000000E-04
3.40000000000000024E-04
3.29729999999999975E-04
4.02034000000000007E-04
3.07522000000000015E-04
3.17466999999999988E-04
3.17921999999999996E-04
4.61980999999999980E-04
3.78805999999999978E-04
3.45785999999999999E-04
3.18268999999999985E-04
3.44452999999999990E-04
3.47020999999999983E-04
3.18083999999999999E-04
3.18301000000000001E-04
4.41208000000000008E-04
4.01567999999999988E-04
4.41880000000000018E-04
4.21381999999999985E-04
4.00159999999999991E-04
4.01697999999999975E-04
4.49744999999999984E-04
3.99043999999999983E-04
4.49896999999999992E-04
4.34902999999999993E-04
4.38781999999999974E-04
4.34113000000000023E-04
5.04150999999999992E-04
4.35281999999999997E-04
4.36539000000000003E-04
4.37707999999999977E-04
4.44338999999999975E-04
4.60860000000000002E-04
4.36323000000000017E-04
4.52550999999999984E-04
4.67805000000000011E-04
4.47210000000000023E-04
4.54457999999999978E-04
4.34978999999999997E-04
4.33277999999999994E-04
4.34014999999999998E-04
4.38227999999999979E-04
4.56733000000000020E-04
4.34405000000000012E-04
4.75290999999999973E-04
4.52485999999999991E-04
4.39853999999999994E-04
4.62193000000000011E-04
4.38164000000000001E-04
4.60231999999999981E-04
4.36105000000000000E-04
4.97467000000000026E-04
4.43353000000000009E-04
4.54316000000000019E-04
4.24232000000000027E-04
4.17407000000000010E-04
4.21013999999999991E-04
4.53320000000000003E-04
4.18750000000000014E-04
4.15445999999999979E-04
4.14807000000000001E-04
4.38889999999999994E-04
4.26322999999999991E-04
4.20461000000000012E-04
4.16994999999999974E-04
4.25044000000000019E-04
4.42377999999999999E-04
4.19443999999999991E-04
4.25802999999999989E-04
4.32650000000000027E-04
4.17569000000000013E-04
4.20710999999999991E-04
4.44673999999999992E-04
4.20689000000000024E-04
4.22747000000000010E-04
4.21718999999999978E-04
4.20169000000000022E-04
4.36192000000000014E-04
4.19508999999999984E-04
4.22779999999999987E-04
4.43082000000000024E-04
4.31738999999999994E-04
4.42204000000000024E-04
4.28239999999999979E-04
4.27179000000000024E-04
4.26376999999999973E-04
4.25282999999999987E-04
4.57511999999999979E-04
4.24947000000000009E-04
4.23408000000000009E-04
4.36474000000000009E-04
4.16799999999999994E-04
4.49495000000000005E-04
4.16030999999999975E-04
4.12942999999999980E-04
4.19119000000000024E-04
4.23592999999999995E-04
4.39983999999999981E-04
4.22716000000000010E-04
4.22173000000000025E-04
4.39745999999999974E-04
4.28338000000000004E-04
4.45269999999999997E-04
4.25695000000000023E-04
4.46700000000000016E-04
4.20927999999999992E-04
4.26701999999999995E-04
4.81953999999999987E-04
3.39644000000000003E-04
4.36516999999999981E-04
4.24415999999999997E-04
4.27623000000000022E-04
4.48195999999999989E-04
4.20278000000000004E-04
4.21588999999999992E-04
4.03745000000000004E-04
4.29616000000000015E-04
4.44046999999999986E-04
4.27395000000000010E-04
4.21036000000000012E-04
4.15921999999999993E-04
4.20884000000000004E-04
4.48130999999999996E-04
4.31544999999999975E-04
4.31447000000000005E-04
4.43471999999999985E-04
4.22964000000000011E-04
4.30949000000000024E-04
4.35390999999999979E-04
4.28239999999999979E-04
4.24578000000000000E-04
4.26431000000000011E-04
5.49204999999999984E-04
4.59481999999999989E-04
3.94591000000000017E-04
3.51527000000000024E-04
3.32504000000000014E-04
4.41793000000000003E-04
4.06529999999999999E-04
4.18468000000000019E-04
4.06952999999999991E-04
4.02022999999999996E-04
6.26799999999999948E-04
4.10463000000000017E-04
4.08772000000000009E-04
4.08707000000000016E-04
4.52497000000000001E-04
4.80588000000000000E-04
4.95690000000000019E-04
4.13896000000000023E-04
4.12607000000000002E-04
4.34013999999999982E-04
4.11513000000000015E-04
4.31533000000000003E-04
4.14081000000000009E-04
4.60145000000000020E-04
4.27785000000000025E-04
3.38970999999999977E-04
3.21550999999999998E-04
3.25387000000000007E-04
4.67912999999999977E-04
4.17104000000000010E-04
3.62210000000000017E-04
4.12891999999999990E-04
4.70501999999999975E-04
4.23409000000000025E-04
4.10884999999999994E-04
4.28218999999999974E-04
4.56558999999999990E-04
4.19173000000000007E-04
4.17689000000000005E-04
4.21383000000000001E-04
5.75610000000000054E-04
3.98068000000000011E-04
4.02369999999999985E-04
4.66704000000000023E-04
4.13408999999999999E-04
4.09423000000000013E-04
4.09498000000000002E-04
4.29724999999999996E-04
4.13203000000000008E-04
4.12130999999999988E-04
4.10408999999999980E-04
4.13300999999999979E-04
4.27926000000000023E-04
4.56049999999999999E-04
4.23072999999999993E-04
4.09400999999999992E-04
3.33218999999999996E-04
3.34129000000000012E-04
3.18723999999999993E-04
3.20554999999999983E-04
3.13578000000000012E-04
3.13166999999999992E-04
3.22472000000000026E-04
3.40846000000000009E-04
3.29871000000000027E-04
3.33218999999999996E-04
3.45395999999999984E-04
4.16994999999999974E-04
4.18988000000000021E-04
4.20289000000000014E-04
4.62886000000000027E-04
4.27850000000000018E-04
4.25023000000000013E-04
4.36657999999999979E-04
4.21156000000000004E-04
4.44025000000000019E-04
4.08448000000000003E-04
4.04807999999999991E-04
4.07688999999999979E-04
4.10960999999999998E-04
4.31814999999999998E-04
4.21143999999999978E-04
8.96645999999999966E-04
4.74175000000000020E-04
4.18327999999999983E-04
4.90858999999999957E-04
3.23869999999999974E-04
3.13448000000000025E-04
3.10002999999999993E-04
3.09709999999999987E-04
3.09244999999999984E-04
3.41658000000000001E-04
3.56175000000000025E-04
3.06926000000000009E-04
3.06979999999999992E-04
3.06438999999999984E-04
3.06850000000000005E-04
3.25256000000000004E-04
3.07175000000000026E-04
3.08431999999999977E-04
3.08497000000000025E-04
3.08019999999999995E-04
3.10673999999999987E-04
3.12808999999999993E-04
3.43099999999999991E-04
3.44658999999999981E-04
3.09938000000000000E-04
3.08604999999999990E-04
3.07294000000000002E-04
3.05994999999999987E-04
3.05798999999999991E-04
3.24162000000000018E-04
3.06914999999999998E-04
3.06492000000000006E-04
3.06113000000000001E-04
3.06492000000000006E-04
3.40998000000000017E-04
3.54571999999999993E-04
3.09136000000000003E-04
3.10642000000000025E-04
3.12645999999999974E-04
3.12483000000000010E-04
3.09505000000000012E-04
3.09103999999999987E-04
3.26610999999999980E-04
3.07619000000000024E-04
3.06741000000000023E-04
3.07164000000000016E-04
3.12494999999999982E-04
3.07164999999999977E-04
3.37238000000000013E-04
3.37823000000000008E-04
3.98923999999999991E-04
3.60715000000000005E-04
3.83735999999999973E-04
4.21316999999999991E-04
4.25391000000000007E-04
4.61298999999999976E-04
4.46732999999999993E-04
4.22931999999999995E-04
3.81611999999999978E-04
3.41052000000000000E-04
3.21074999999999985E-04
3.25537999999999999E-04
3.20392000000000018E-04
3.20316000000000014E-04
3.25267000000000015E-04
3.19990999999999993E-04
3.40044999999999974E-04
3.37335999999999984E-04
3.09330999999999983E-04
3.14326000000000026E-04
3.50672000000000006E-04
3.17996999999999985E-04
3.30403000000000001E-04
3.13123000000000004E-04
3.57768000000000007E-04
3.23663999999999983E-04
3.09743000000000019E-04
3.21410000000000001E-04
3.07217999999999998E-04
3.24758000000000024E-04
3.25311000000000003E-04
3.07044999999999985E-04
3.37607000000000022E-04
3.06861000000000015E-04
3.07326999999999980E-04
3.06892999999999977E-04
3.26014999999999975E-04
3.08779000000000020E-04
3.09591000000000011E-04
3.12212999999999987E-04
3.16373000000000001E-04
3.10078999999999997E-04
3.08692000000000005E-04
3.24572999999999984E-04
3.06655000000000024E-04
3.39036999999999986E-04
3.07619000000000024E-04
3.07326999999999980E-04
3.07564999999999987E-04
3.41528999999999975E-04
4.12824000000000003E-04
3.63877999999999988E-04
4.10667999999999992E-04
4.23333000000000021E-04
4.27438999999999998E-04
4.61412999999999982E-04
4.56743000000000014E-04
4.17645000000000017E-04
4.45791000000000015E-04
4.38716999999999981E-04
4.13972000000000027E-04
4.36874999999999980E-04
4.30721999999999973E-04
4.31307000000000023E-04
4.40351999999999974E-04
4.83599999999999991E-04
4.17038000000000001E-04
4.31696000000000022E-04
4.10494999999999979E-04
4.44111000000000017E-04
4.12109000000000021E-04
4.39842999999999983E-04
4.08989000000000011E-04
4.81033000000000014E-04
4.37545999999999974E-04
4.09919999999999978E-04
4.45020999999999980E-04
4.27265000000000023E-04
4.29431999999999991E-04
4.32877000000000023E-04
4.11155999999999978E-04
4.33558999999999973E-04
4.41859000000000013E-04
4.41966999999999978E-04
4.28684999999999993E-04
4.08652999999999979E-04
4.38272000000000021E-04
4.08978000000000000E-04
5.31923000000000010E-04
4.30157999999999984E-04
4.76947999999999988E-04
4.26160000000000026E-04
4.41608999999999979E-04
4.22768999999999977E-04
4.38672999999999993E-04
4.22455000000000020E-04
4.41120999999999994E-04
4.26343999999999996E-04
4.29799999999999985E-04
4.28890000000000022E-04
4.17472000000000004E-04
4.77467999999999990E-04
4.19325000000000015E-04
4.23939999999999983E-04
4.44090000000000012E-04
4.22541999999999981E-04
4.48229000000000021E-04
4.20493999999999989E-04
4.25976000000000002E-04
4.42335000000000026E-04
4.53796999999999979E-04
4.25282000000000025E-04
4.19042000000000004E-04
4.52150000000000013E-04
4.48174000000000022E-04
4.42442999999999992E-04
4.18739000000000004E-04
4.22714999999999994E-04
4.32638000000000000E-04
4.53634000000000014E-04
4.26355000000000007E-04
4.30980999999999986E-04
4.30005999999999975E-04
4.38760000000000007E-04
4.48369000000000003E-04
4.52474000000000019E-04
4.32650000000000027E-04
6.69211999999999975E-04
4.17319999999999996E-04
4.15955000000000025E-04
4.17211999999999976E-04
4.10170000000000012E-04
4.54657999999999983E-04
4.15868000000000010E-04
4.33548999999999979E-04
4.19693000000000008E-04
4.47144999999999975E-04
4.59105000000000017E-04
4.13344000000000005E-04
4.17828999999999987E-04
4.27145999999999993E-04
4.47155999999999986E-04
4.19811999999999985E-04
4.19215999999999979E-04
4.18826000000000018E-04
4.19628000000000015E-04
4.43840999999999995E-04
4.22032999999999989E-04
4.39549999999999978E-04
4.36602999999999980E-04
4.24751999999999975E-04
4.33180999999999985E-04
4.10181000000000022E-04
4.16940999999999991E-04
4.13690999999999994E-04
4.23636000000000021E-04
4.62875000000000016E-04
4.18717999999999998E-04
4.35813000000000010E-04
4.43688999999999987E-04
4.17277000000000023E-04
4.56733000000000020E-04
4.27643999999999973E-04
4.32130000000000025E-04
4.23884999999999984E-04
7.65089000000000047E-04
4.39354999999999997E-04
4.41781999999999993E-04
4.40438999999999989E-04
4.43743999999999985E-04
4.10201999999999973E-04
4.25326000000000014E-04
4.17060000000000022E-04
4.39354999999999997E-04
4.38651999999999987E-04
4.20927999999999992E-04
4.34925000000000014E-04
4.49117000000000017E-04
4.36007999999999990E-04
4.36474000000000009E-04
4.14319000000000015E-04
4.30374000000000023E-04
4.32778999999999998E-04
4.31490999999999993E-04
4.62886999999999988E-04
4.07960000000000017E-04
4.05987999999999976E-04
4.43341999999999998E-04
4.32757999999999993E-04
4.39170999999999973E-04
4.30601999999999981E-04
4.37697999999999982E-04
4.55508999999999992E-04
4.38240000000000005E-04
4.29767000000000007E-04
4.08078999999999994E-04
4.22996999999999989E-04
4.28143000000000024E-04
4.28425000000000019E-04
4.30288000000000025E-04
4.09789999999999992E-04
4.33862999999999990E-04
4.33007000000000010E-04
7.71052999999999951E-04
4.47541999999999992E-04
5.08582000000000044E-04
4.78052999999999985E-04
4.17287000000000018E-04
4.43147000000000018E-04
4.67371000000000008E-04
4.15055000000000003E-04
4.19790000000000018E-04
4.15771000000000001E-04
6.21727999999999994E-04
4.08501999999999986E-04
4.04665999999999978E-04
4.04286999999999973E-04
3.87365999999999991E-04
4.95526999999999947E-04
4.67089000000000013E-04
3.88101999999999978E-04
4.06962999999999986E-04
3.88350999999999996E-04
4.06042000000000013E-04
3.88828000000000025E-04
3.90604999999999978E-04
4.56461999999999981E-04
3.92002000000000019E-04
4.09499000000000017E-04
3.09612999999999978E-04
3.21205000000000026E-04
4.34599999999999993E-04
3.16632999999999975E-04
3.05939999999999988E-04
3.06025999999999987E-04
3.24726000000000008E-04
3.07413999999999995E-04
3.06503999999999978E-04
3.06947999999999976E-04
3.08248000000000007E-04
3.55634000000000017E-04
3.10122000000000024E-04
3.85609999999999989E-04
3.13534000000000024E-04
3.12711000000000022E-04
3.10879999999999978E-04
4.46979999999999979E-04
4.11837999999999983E-04
4.34609999999999988E-04
4.09389999999999982E-04
4.51213000000000005E-04
4.20202000000000000E-04
4.08469000000000009E-04
4.10159000000000001E-04
3.65784999999999982E-04
3.26393999999999979E-04
3.77831000000000022E-04
4.03354999999999990E-04
4.08153999999999982E-04
3.81611999999999978E-04
3.16491999999999978E-04
4.45206000000000020E-04
4.10604000000000015E-04
4.44663999999999997E-04
4.04948000000000027E-04
4.08295999999999995E-04
4.26321999999999975E-04
4.08328000000000011E-04
4.10646999999999987E-04
4.12802999999999998E-04
4.12164000000000020E-04
4.53969999999999992E-04
3.48277000000000027E-04
3.08486000000000014E-04
3.11172999999999983E-04
3.09157000000000008E-04
3.10545000000000016E-04
3.32569000000000007E-04
3.12418999999999978E-04
3.09949000000000010E-04
3.09136000000000003E-04
3.08692000000000005E-04
3.06471000000000000E-04
3.14986000000000009E-04
3.22709999999999978E-04
3.06547000000000004E-04
3.05950999999999999E-04
3.06611999999999998E-04
3.06665999999999981E-04
3.06589999999999977E-04
3.06762999999999990E-04
3.33868999999999984E-04
4.11210000000000015E-04
4.16226000000000009E-04
4.52788999999999991E-04
4.11934999999999992E-04
4.56733000000000020E-04
4.22011000000000022E-04
4.15652000000000024E-04
4.16464000000000016E-04
4.16582999999999992E-04
4.38099000000000008E-04
4.13138000000000014E-04
4.11665000000000024E-04
4.26463999999999988E-04
4.15359000000000019E-04
4.39625999999999982E-04
4.53104000000000018E-04
4.18912999999999979E-04
4.19659999999999977E-04
4.19442999999999975E-04
4.22356999999999995E-04
4.33689000000000015E-04
4.18870000000000006E-04
3.90312000000000027E-04
3.88057999999999990E-04
3.87257000000000009E-04
4.06463999999999990E-04
3.99769999999999976E-04
3.89630000000000022E-04
3.87171000000000010E-04
3.87116000000000012E-04
3.87485000000000021E-04
4.14069999999999998E-04
3.88773999999999988E-04
3.88556999999999987E-04
3.88362000000000006E-04
3.61701000000000026E-04
3.28267999999999995E-04
3.12614000000000013E-04
3.09753999999999976E-04
3.21280999999999975E-04
3.59869999999999982E-04
3.71299000000000011E-04
4.52344999999999993E-04
4.00062000000000020E-04
3.91903999999999994E-04
3.92423999999999995E-04
3.99790999999999981E-04
4.04167999999999997E-04
4.28641000000000005E-04
4.03594000000000012E-04
4.10970999999999993E-04
4.21350000000000023E-04
4.21318000000000007E-04
4.39257999999999988E-04
4.08543999999999997E-04
4.01622000000000025E-04
4.37903999999999973E-04
4.04817999999999986E-04
4.38087999999999997E-04
4.03560999999999981E-04
4.03874999999999991E-04
3.99487999999999981E-04
4.20169000000000022E-04
4.24654000000000004E-04
4.15197000000000016E-04
4.01611000000000014E-04
4.21457999999999989E-04
4.09281000000000000E-04
4.07657000000000017E-04
4.35737000000000006E-04
4.15489000000000006E-04
4.64793000000000020E-04
4.09736000000000009E-04
4.05901000000000016E-04
4.25629999999999975E-04
4.09964000000000021E-04
4.04470999999999997E-04
4.06552000000000020E-04
4.01805999999999995E-04
4.22206000000000003E-04
4.07895000000000024E-04
4.08838000000000018E-04
4.92883999999999965E-04
4.56385000000000015E-04
3.80810999999999997E-04
3.08865000000000018E-04
3.77593000000000015E-04
3.12961000000000001E-04
3.12873000000000025E-04
3.09850999999999985E-04
3.09580000000000001E-04
3.07781999999999988E-04
3.28289000000000001E-04
3.25158999999999995E-04
3.20695000000000019E-04
3.06655999999999986E-04
3.35428999999999990E-04
3.27520999999999997E-04
3.27900000000000001E-04
3.06806000000000017E-04
3.26231999999999976E-04
3.08551000000000008E-04
3.09406999999999987E-04
3.30109999999999995E-04
3.49891999999999976E-04
3.13047000000000000E-04
3.27423999999999988E-04
3.11585000000000020E-04
3.28982999999999977E-04
3.07033999999999974E-04
3.06968999999999981E-04
3.06427000000000012E-04
3.05962000000000009E-04
3.23901999999999990E-04
3.07055999999999996E-04
3.06320000000000008E-04
3.06545999999999989E-04
3.39655000000000013E-04
3.08627000000000012E-04
3.08907999999999991E-04
3.77311999999999982E-04
3.13123000000000004E-04
3.26817000000000025E-04
3.10317000000000004E-04
3.09709999999999987E-04
3.08594999999999996E-04
3.07326999999999980E-04
3.24583999999999994E-04
3.07511000000000004E-04
3.38701000000000009E-04
3.07316000000000024E-04
3.06762999999999990E-04
3.07067000000000006E-04
3.07284000000000008E-04
1.38161600000000001E-03
4.68281000000000025E-04
3.70962999999999979E-04
3.86779999999999980E-04
3.88784999999999999E-04
3.86900000000000026E-04
4.11675999999999980E-04
4.15022999999999987E-04
3.97559999999999982E-04
4.50005000000000012E-04
4.18577000000000001E-04
4.07905999999999980E-04
4.16138999999999995E-04
4.28923000000000000E-04
4.50439000000000015E-04
4.09562999999999995E-04
4.09682999999999987E-04
4.10732999999999986E-04
4.45995999999999990E-04
4.11241999999999977E-04
4.12662000000000001E-04
4.14157000000000013E-04
4.14330000000000026E-04
4.41002000000000017E-04
4.01622000000000025E-04
3.67192999999999979E-04
3.84483000000000025E-04
3.76846000000000017E-04
3.59229999999999988E-04
4.03280000000000001E-04
3.84548000000000019E-04
3.51169999999999987E-04
3.10435999999999980E-04
3.69272999999999986E-04
3.33457000000000003E-04
3.35342999999999991E-04
3.10284000000000026E-04
3.11031999999999986E-04
3.14986000000000009E-04
3.12732999999999989E-04
3.10945999999999987E-04
3.12298999999999986E-04
1.52080700000000010E-03
4.92904999999999971E-04
3.85089999999999987E-04
3.08431999999999977E-04
3.06827999999999984E-04
3.06427999999999974E-04
3.27585999999999990E-04
3.07467999999999977E-04
3.07088000000000012E-04
3.26403999999999974E-04
3.08355999999999973E-04
3.12949999999999990E-04
3.47368000000000026E-04
3.13675000000000022E-04
3.68016999999999997E-04
3.10707000000000019E-04
3.27098000000000005E-04
3.07911999999999975E-04
3.06850000000000005E-04
3.06568000000000010E-04
3.05711999999999976E-04
3.09385999999999982E-04
3.19112999999999992E-04
3.24097999999999986E-04
3.06838999999999994E-04
3.15744000000000018E-04
3.21800000000000016E-04
3.08690999999999989E-04
3.09753000000000014E-04
3.14898999999999995E-04
3.29980000000000009E-04
3.13534999999999986E-04
3.09808000000000013E-04
3.08734999999999977E-04
3.07141999999999994E-04
3.06850000000000005E-04
3.06189000000000005E-04
3.48439999999999991E-04
3.41907999999999980E-04
3.06448999999999979E-04
3.28170000000000024E-04
3.07229000000000009E-04
3.06633000000000003E-04
3.26393999999999979E-04
3.08996000000000021E-04
3.32037999999999995E-04
3.23175999999999997E-04
3.12765000000000005E-04
3.12484000000000026E-04
6.09280000000000021E-04
3.10684999999999998E-04
3.10511999999999984E-04
3.08225999999999986E-04
3.08042000000000016E-04
3.21691999999999996E-04
3.26166999999999983E-04
3.53868000000000021E-04
3.06492000000000006E-04
3.06459999999999990E-04
3.07381000000000017E-04
3.08160999999999993E-04
3.53651000000000020E-04
3.09050000000000004E-04
3.10566000000000021E-04
3.12549000000000019E-04
3.13100999999999983E-04
3.10111000000000013E-04
3.09623999999999989E-04
3.26004000000000018E-04
3.07533000000000025E-04
3.07023000000000018E-04
3.06838999999999994E-04
3.07012000000000008E-04
3.06579000000000020E-04
3.38484000000000007E-04
3.38830999999999995E-04
3.08139000000000026E-04
3.08713000000000010E-04
3.09145999999999998E-04
3.09947999999999994E-04
3.24227000000000011E-04
3.30944000000000008E-04
3.12742999999999984E-04
3.08995000000000005E-04
3.08724000000000021E-04
3.08246999999999991E-04
3.06352000000000024E-04
3.16306999999999992E-04
3.23707000000000009E-04
3.06286999999999976E-04
3.06710000000000023E-04
3.05886000000000005E-04
3.06004999999999981E-04
3.06600999999999987E-04
3.07326999999999980E-04
3.26220000000000004E-04
3.08648999999999978E-04
3.09558999999999995E-04
3.11888000000000020E-04
3.12277999999999981E-04
3.16881999999999993E-04
3.08669999999999984E-04
3.24248000000000017E-04
5.51786999999999981E-04
5.85527999999999982E-04
4.26614999999999980E-04
4.57610000000000005E-04
4.15575000000000005E-04
4.08924000000000017E-04
4.51998000000000005E-04
4.32357000000000021E-04
4.32313999999999995E-04
4.40796000000000026E-04
4.10625000000000020E-04
4.12997000000000017E-04
4.14155999999999997E-04
4.65636999999999974E-04
4.37806000000000002E-04
4.24383000000000019E-04
4.32422000000000015E-04
4.23743999999999987E-04
4.42421999999999987E-04
4.19388999999999992E-04
4.12043999999999974E-04
4.35487999999999988E-04
4.32887999999999979E-04
4.36884999999999975E-04
4.61001000000000000E-04
4.09553000000000000E-04
4.41781999999999993E-04
4.34209999999999978E-04
4.45995999999999990E-04
4.40135000000000027E-04
4.11177999999999999E-04
4.16344999999999985E-04
4.45302999999999975E-04
4.38131999999999985E-04
4.79027999999999995E-04
4.09596000000000027E-04
4.32172999999999997E-04
4.28057000000000025E-04
5.41895000000000029E-04
4.39821000000000016E-04
3.57227000000000000E-04
3.28279000000000006E-04
3.08875999999999975E-04
3.38472999999999997E-04
4.07185000000000012E-04
3.19849999999999995E-04
3.22581000000000007E-04
3.42492000000000013E-04
3.23013999999999994E-04
3.34918999999999983E-04
3.67929000000000021E-04
3.65719999999999988E-04
3.08107000000000010E-04
3.40162999999999989E-04
3.41063000000000011E-04
3.65047999999999978E-04
3.26069000000000012E-04
3.06816999999999973E-04
3.06840000000000010E-04
3.08008999999999985E-04
3.29189000000000022E-04
3.08810999999999981E-04
3.10393000000000008E-04
3.32752999999999977E-04
3.12732999999999989E-04
3.10046000000000019E-04
3.13999999999999989E-04
3.81504000000000012E-04
3.07141999999999994E-04
3.25343000000000019E-04
3.07067000000000006E-04
3.07271999999999981E-04
3.07347999999999985E-04
3.06882999999999982E-04
3.06991000000000002E-04
3.06905000000000003E-04
3.37779999999999981E-04
3.09103000000000025E-04
3.22320000000000018E-04
3.10924000000000020E-04
3.40770000000000005E-04
3.13784000000000003E-04
3.10403000000000003E-04
3.38268000000000021E-04
3.10014000000000004E-04
3.06861000000000015E-04
3.07488999999999983E-04
3.06720000000000018E-04
3.06720000000000018E-04
3.25623999999999998E-04
4.76502999999999974E-04
6.46977999999999985E-04
3.75968999999999978E-04
4.66284999999999985E-04
4.08890999999999985E-04
4.17287000000000018E-04
4.12336000000000018E-04
3.85870000000000017E-04
3.17434000000000010E-04
3.18453000000000009E-04
3.32081000000000021E-04
3.07825000000000015E-04
3.70421000000000010E-04
3.06579000000000020E-04
3.07261000000000025E-04
3.06135000000000023E-04
3.06372999999999975E-04
3.05852999999999973E-04
3.06244000000000004E-04
3.24227000000000011E-04
3.26936000000000002E-04
3.16578999999999992E-04
3.10164999999999996E-04
3.10046000000000019E-04
3.37541999999999974E-04
3.14467000000000023E-04
3.29448999999999996E-04
3.15148999999999974E-04
3.56067000000000005E-04
3.07425000000000005E-04
3.06968999999999981E-04
3.06503000000000016E-04
3.26568000000000008E-04
3.06589999999999977E-04
3.06676999999999991E-04
3.20813999999999995E-04
3.07488999999999983E-04
3.17759999999999993E-04
3.08160999999999993E-04
3.46359999999999984E-04
4.21642999999999974E-04
4.36885999999999991E-04
4.22834999999999986E-04
4.16485999999999983E-04
3.49165999999999984E-04
3.56447000000000025E-04
3.07240000000000020E-04
3.54745000000000006E-04
4.88542000000000013E-04
4.32987999999999982E-04
4.21545000000000003E-04
4.35552999999999982E-04
3.72446999999999980E-04
3.32893999999999974E-04
3.29773000000000002E-04
3.09570000000000006E-04
3.22082000000000011E-04
3.11065000000000018E-04
3.29090999999999997E-04
3.12852000000000019E-04
3.10176000000000006E-04
3.26058000000000001E-04
3.07815000000000020E-04
3.07099000000000022E-04
3.50672000000000006E-04
4.08263000000000018E-04
4.01784999999999989E-04
4.48791999999999995E-04
4.20451000000000017E-04
4.25802999999999989E-04
4.11317999999999981E-04
4.11761999999999979E-04
4.37211000000000012E-04
4.17363000000000022E-04
4.20103999999999974E-04
4.47740999999999981E-04
4.18045999999999988E-04
4.32194000000000003E-04
4.17916000000000001E-04
4.29702000000000014E-04
4.10332999999999976E-04
4.08966999999999989E-04
4.37373000000000015E-04
4.18447000000000014E-04
4.14405999999999976E-04
4.14666000000000004E-04
4.28717000000000009E-04
4.61326000000000021E-04
4.31750000000000005E-04
4.12054999999999984E-04
5.15591000000000031E-04
4.49755999999999995E-04
4.27492999999999981E-04
4.25240000000000015E-04
4.50373000000000006E-04
4.13744999999999977E-04
4.15218000000000022E-04
4.35889000000000014E-04
4.19931000000000015E-04
4.38651000000000026E-04
4.18717999999999998E-04
4.14870999999999979E-04
4.21653999999999985E-04
4.14047999999999977E-04
4.27915000000000012E-04
4.35596000000000008E-04
4.22627999999999979E-04
4.32032000000000000E-04
4.18858999999999996E-04
4.47784000000000008E-04
4.37653999999999994E-04
4.24644000000000009E-04
4.18674000000000010E-04
4.19563000000000021E-04
4.28412999999999993E-04
4.32812999999999991E-04
4.29162000000000022E-04
4.20840000000000016E-04
4.14471000000000023E-04
4.28197000000000007E-04
4.43764999999999991E-04
4.20505000000000000E-04
4.46049999999999973E-04
4.13420000000000009E-04
4.22141000000000009E-04
4.65009000000000006E-04
4.21609999999999997E-04
4.23301000000000005E-04
4.22423000000000004E-04
7.44445000000000046E-04
4.22672000000000022E-04
3.99848000000000011E-04
4.16192999999999977E-04
5.62306000000000047E-04
4.19746999999999991E-04
4.61467000000000019E-04
4.21295999999999986E-04
4.22055000000000010E-04
8.25788999999999950E-04
4.50243999999999981E-04
4.26301000000000024E-04
4.58627999999999987E-04
4.84422999999999993E-04
4.34925000000000014E-04
4.57621000000000015E-04
4.30710000000000001E-04
4.31869999999999997E-04
4.30308999999999976E-04
4.25684000000000012E-04
5.61168000000000018E-04
4.51230000000000001E-04
4.25835000000000005E-04
4.26821000000000025E-04
4.60806000000000019E-04
4.81323999999999988E-04
3.77484999999999995E-04
3.84158000000000004E-04
3.79304999999999974E-04
3.79738000000000016E-04
4.08825999999999992E-04
3.91537000000000016E-04
3.80627000000000027E-04
4.28077999999999976E-04
4.06312999999999998E-04
4.21859000000000014E-04
4.43905999999999988E-04
7.12997999999999952E-04
5.71379000000000006E-04
4.95896000000000010E-04
4.70404000000000004E-04
4.09183999999999991E-04
4.09412000000000003E-04
4.31372000000000016E-04
4.10050999999999981E-04
4.10938999999999977E-04
4.10982000000000003E-04
4.13410000000000014E-04
4.30873000000000020E-04
4.23636000000000021E-04
4.28229000000000023E-04
4.26018999999999975E-04
4.11947000000000018E-04
4.29140000000000001E-04
4.24848999999999984E-04
4.60402000000000001E-04
4.47061000000000008E-04
4.10277999999999977E-04
4.22562999999999986E-04
4.24848999999999984E-04
4.09747000000000019E-04
4.42812000000000002E-04
4.11621999999999997E-04
4.40341999999999980E-04
4.13029999999999994E-04
4.14730999999999997E-04
4.38444999999999981E-04
4.27058999999999978E-04
4.27818000000000003E-04
4.30915999999999992E-04
4.25867999999999982E-04
4.28046000000000015E-04
4.11069000000000018E-04
4.24492000000000001E-04
4.31641999999999985E-04
7.35095999999999970E-04
4.34822000000000019E-04
3.72945999999999976E-04
3.93215999999999997E-04
3.84397000000000026E-04
3.78081000000000001E-04
4.22758000000000020E-04
3.85415000000000009E-04
3.77863999999999999E-04
4.01123999999999990E-04
3.78915999999999975E-04
3.89932000000000006E-04
4.17807999999999981E-04
4.03518000000000008E-04
4.14047999999999977E-04
4.27351999999999984E-04
4.10408999999999980E-04
4.34708000000000013E-04
4.48618000000000020E-04
4.25499000000000027E-04
4.29302000000000004E-04
4.56103999999999982E-04
4.55487000000000025E-04
4.38164000000000001E-04
4.65984999999999978E-04
4.31371000000000001E-04
4.28824999999999974E-04
4.74303999999999991E-04
4.36006999999999974E-04
4.35737000000000006E-04
4.57577999999999989E-04
4.70967999999999994E-04
4.29454000000000012E-04
4.46959999999999990E-04
4.32129000000000009E-04
4.26528000000000020E-04
4.53558000000000010E-04
4.53255000000000010E-04
4.43644999999999999E-04
4.25964999999999992E-04
4.35737000000000006E-04
4.72084000000000002E-04
4.37177999999999981E-04
4.35270999999999987E-04
4.34556000000000005E-04
4.33927999999999983E-04
4.70935000000000017E-04
4.41804000000000014E-04
4.34231999999999999E-04
4.59918000000000024E-04
4.07364000000000012E-04
4.12467000000000020E-04
4.22638999999999990E-04
3.92370999999999974E-04
3.96974999999999986E-04
3.99910000000000012E-04
4.20624999999999992E-04
4.02716999999999973E-04
3.91027000000000009E-04
4.45129000000000000E-04
4.13538999999999986E-04
4.36560000000000008E-04
4.39745999999999974E-04
4.19735999999999981E-04
3.98329000000000001E-04
4.34664000000000025E-04
4.23712000000000025E-04
4.36040000000000006E-04
4.42669999999999988E-04
4.18371000000000010E-04
4.20971000000000019E-04
4.33180000000000023E-04
4.45389999999999989E-04
4.21804999999999977E-04
4.18424999999999993E-04
4.20116000000000001E-04
4.30126000000000022E-04
4.56688999999999977E-04
4.27957999999999984E-04
4.65247999999999975E-04
4.16822000000000015E-04
4.25379999999999996E-04
4.38337000000000015E-04
4.37470999999999986E-04
4.10006999999999993E-04
3.41408999999999983E-04
3.09547999999999985E-04
3.37779999999999981E-04
3.08734999999999977E-04
3.62037000000000003E-04
4.38099000000000008E-04
4.34264000000000015E-04
4.23247000000000022E-04
4.44587999999999993E-04
4.18468000000000019E-04
4.89145999999999982E-04
4.46559999999999980E-04
4.25141999999999990E-04
4.38923000000000026E-04
4.29561999999999978E-04
4.42735999999999998E-04
4.08566999999999980E-04
4.40785999999999977E-04
4.38943999999999977E-04
4.64976999999999990E-04
4.21459000000000005E-04
4.24751000000000013E-04
4.67241000000000021E-04
4.44349000000000024E-04
4.09217000000000023E-04
4.23743999999999987E-04
4.29593999999999994E-04
4.50546999999999981E-04
4.74217999999999992E-04
4.20874000000000009E-04
4.41219000000000019E-04
4.26040999999999996E-04
4.31913000000000023E-04
6.01317999999999991E-04
5.41547999999999986E-04
4.07970999999999974E-04
4.24469999999999980E-04
4.86773999999999985E-04
4.26496000000000004E-04
4.29517999999999990E-04
4.48119999999999985E-04
4.30298999999999981E-04
4.42789999999999980E-04
4.18100000000000025E-04
4.25823999999999994E-04
4.37470000000000025E-04
4.16020000000000018E-04
4.28717000000000009E-04
4.03160000000000009E-04
4.06552000000000020E-04
4.14708999999999976E-04
4.24796000000000017E-04
4.38228999999999995E-04
4.21415000000000017E-04
4.33721999999999992E-04
4.33895000000000006E-04
4.18034999999999978E-04
4.41175999999999992E-04
4.24393999999999976E-04
4.48043999999999981E-04
4.26052000000000006E-04
4.19270000000000016E-04
4.52344999999999993E-04
4.16420999999999990E-04
4.62008999999999987E-04
4.33516000000000001E-04
4.20093000000000018E-04
4.28652000000000015E-04
4.09974999999999977E-04
4.22076000000000016E-04
4.28305999999999988E-04
4.28435000000000014E-04
6.48281000000000009E-04
4.47622000000000005E-04
4.17146999999999982E-04
4.30559000000000009E-04
4.15748999999999980E-04
4.11654999999999974E-04
4.29974000000000014E-04
4.13170999999999992E-04
4.09974999999999977E-04
4.10635999999999976E-04
4.09421999999999998E-04
4.36539000000000003E-04
4.10549000000000016E-04
4.09410999999999987E-04
4.40530999999999974E-04
4.12477999999999977E-04
4.29138999999999985E-04
4.24817000000000022E-04
3.85773000000000008E-04
3.36480000000000004E-04
3.12927000000000008E-04
3.52729999999999992E-04
3.09884000000000017E-04
3.08280000000000023E-04
3.07284000000000008E-04
3.06709000000000007E-04
3.25116000000000023E-04
3.26793999999999989E-04
3.06968999999999981E-04
3.06688000000000002E-04
3.06699000000000012E-04
3.15224000000000016E-04
3.06785000000000011E-04
3.25711000000000013E-04
3.35514999999999989E-04
3.09330999999999983E-04
3.60616999999999980E-04
3.28225000000000023E-04
3.13209000000000003E-04
3.27010999999999990E-04
3.10892000000000004E-04
3.08053000000000027E-04
3.06471000000000000E-04
3.06730999999999974E-04
3.06752999999999995E-04
3.06741999999999985E-04
4.57307000000000004E-04
4.30071999999999985E-04
3.62264000000000000E-04
3.15256999999999994E-04
3.53455999999999985E-04
3.44258000000000010E-04
3.11106999999999974E-04
3.11823000000000026E-04
3.13069000000000021E-04
3.13793999999999998E-04
3.11399999999999980E-04
3.27801999999999976E-04
3.83195000000000020E-04
3.20718000000000001E-04
3.07750000000000027E-04
3.10728999999999986E-04
3.07099000000000022E-04
3.25623999999999998E-04
3.06492000000000006E-04
3.29460000000000007E-04
3.12408000000000022E-04
3.27109000000000015E-04
3.08779000000000020E-04
3.08551000000000008E-04
3.69468000000000021E-04
3.12538000000000009E-04
3.12711000000000022E-04
3.10772000000000012E-04
3.08961999999999974E-04
3.08246999999999991E-04
3.21789000000000005E-04
3.41962000000000017E-04
3.06991000000000002E-04
3.06892999999999977E-04
3.06655000000000024E-04
3.06524999999999983E-04
3.25907000000000009E-04
3.68015999999999981E-04
3.19687999999999993E-04
3.74387000000000005E-04
3.54127999999999995E-04
3.40888999999999982E-04
3.94115000000000004E-04
4.08945999999999984E-04
3.51538999999999996E-04
3.14336000000000021E-04
3.27835000000000008E-04
3.15321999999999987E-04
3.42319000000000000E-04
4.02868000000000019E-04
4.50893000000000008E-04
4.08349999999999978E-04
4.09065000000000015E-04
4.06518999999999988E-04
4.13951000000000022E-04
4.57872000000000010E-04
5.75772000000000003E-04
4.58076000000000024E-04
4.64514999999999980E-04
4.26538999999999976E-04
5.15965999999999972E-04
4.04169000000000013E-04
4.05859000000000005E-04
4.04008999999999987E-04
3.95318999999999987E-04
3.95269000000000013E-04
4.09538999999999997E-04
3.90959000000000022E-04
3.91638999999999995E-04
4.61619999999999988E-04
4.05409000000000021E-04
4.73401999999999992E-04
3.78347999999999976E-04
3.99088999999999987E-04
3.81058999999999998E-04
4.80969999999999998E-04
5.74772999999999994E-04
3.88098999999999985E-04
2.85185999999999990E-04
2.83346999999999983E-04
2.98615999999999975E-04
2.82705999999999973E-04
2.82846000000000009E-04
2.82796999999999996E-04
2.82526000000000012E-04
3.05406999999999998E-04
2.82885999999999988E-04
2.98186999999999996E-04
2.84306000000000012E-04
2.96907000000000009E-04
3.27816999999999996E-04
4.11138999999999981E-04
2.89785999999999993E-04
3.59545999999999976E-04
2.99297000000000018E-04
5.36156999999999996E-04
3.59997999999999991E-04
3.57517999999999974E-04
3.97084000000000022E-04
3.83967999999999994E-04
4.06848999999999980E-04
2.89595999999999983E-04
2.83766999999999982E-04
3.20117000000000025E-04
2.83026000000000024E-04
2.83625999999999984E-04
2.85077000000000008E-04
2.99017000000000000E-04
3.13247000000000005E-04
2.96105999999999973E-04
3.14446999999999980E-04
3.28277999999999990E-04
4.12419000000000023E-04
3.92268999999999994E-04
3.84607999999999988E-04
4.04128999999999979E-04
3.85867999999999986E-04
3.99628999999999978E-04
3.91258999999999975E-04
3.59467999999999995E-04
3.00206999999999980E-04
3.34106999999999991E-04
2.95206000000000006E-04
2.84575999999999980E-04
2.85456999999999974E-04
2.86506000000000011E-04
2.88307000000000016E-04
3.05397000000000004E-04
2.86406000000000009E-04
2.85485999999999997E-04
2.84647000000000014E-04
2.82675999999999988E-04
3.13196999999999976E-04
2.92966999999999989E-04
3.59098000000000024E-04
2.83435999999999974E-04
2.82806999999999991E-04
2.82975999999999996E-04
2.82765999999999996E-04
2.95386999999999982E-04
2.84575999999999980E-04
3.01907000000000022E-04
3.35228000000000023E-04
3.72337999999999998E-04
3.73327999999999974E-04
5.06742000000000021E-04
3.41886999999999974E-04
3.66968000000000014E-04
3.68238000000000007E-04
3.79649000000000024E-04
3.62038000000000019E-04
3.74857999999999995E-04
3.54577999999999979E-04
3.57397999999999982E-04
3.56947999999999998E-04
3.92468999999999999E-04
3.60248000000000024E-04
4.12078999999999983E-04
4.14768999999999999E-04
4.04989000000000022E-04
4.28459000000000012E-04
3.75948999999999988E-04
3.73688000000000004E-04
3.99129000000000020E-04
3.92989000000000001E-04
3.83429000000000018E-04
3.72628000000000011E-04
3.90178999999999992E-04
3.76017999999999990E-04
3.98829000000000013E-04
4.02479000000000020E-04
3.69289000000000021E-04
3.79597999999999980E-04
4.30810000000000004E-04
4.16619000000000017E-04
3.92979000000000006E-04
3.94219000000000015E-04
4.23178999999999981E-04
4.15269000000000011E-04
4.13689000000000016E-04
3.81559000000000011E-04
3.85488000000000020E-04
5.20571999999999962E-04
4.23949999999999978E-04
3.95508999999999997E-04
4.01109000000000025E-04
3.78957999999999986E-04
3.77179000000000002E-04
4.08859000000000024E-04
3.98468999999999982E-04
3.94298999999999973E-04
3.73048000000000010E-04
4.13238999999999978E-04
4.10670000000000024E-04
4.04128999999999979E-04
4.06308999999999989E-04
4.20930000000000024E-04
3.73268000000000005E-04
3.98038999999999988E-04
3.91648999999999990E-04
3.93479000000000018E-04
3.96189000000000025E-04
3.84297999999999986E-04
4.19729999999999995E-04
4.85285999999999975E-04
3.82798000000000003E-04
3.87978999999999993E-04
4.10728999999999977E-04
3.88169000000000003E-04
3.27167000000000007E-04
3.38227000000000026E-04
2.91006999999999974E-04
2.90486000000000010E-04
2.88097000000000017E-04
3.03356000000000014E-04
2.85246999999999975E-04
2.83166000000000006E-04
2.82557000000000012E-04
2.82536000000000007E-04
2.82846000000000009E-04
2.82526999999999973E-04
2.97906000000000017E-04
2.82916999999999988E-04
2.91175999999999978E-04
2.84235999999999994E-04
2.85146000000000011E-04
4.06673999999999989E-04
3.69647999999999982E-04
4.35489000000000004E-04
4.17662000000000014E-04
2.87055999999999997E-04
2.97337000000000003E-04
3.06466999999999992E-04
4.25248999999999994E-04
4.59431000000000000E-04
3.87088000000000005E-04
3.79969000000000021E-04
3.83678999999999997E-04
3.80388000000000004E-04
4.02492000000000008E-04
2.83986000000000015E-04
2.85426999999999990E-04
2.85305999999999982E-04
2.86217000000000014E-04
2.96505999999999983E-04
3.05777000000000024E-04
3.20526999999999976E-04
2.86706999999999977E-04
2.85825999999999984E-04
2.85016999999999985E-04
2.83456000000000018E-04
2.82595999999999976E-04
2.99207000000000010E-04
2.83295999999999993E-04
2.83016999999999991E-04
2.83156000000000011E-04
2.82675999999999988E-04
3.11547000000000017E-04
2.83377000000000021E-04
3.00695999999999982E-04
2.84875999999999988E-04
2.86416000000000003E-04
2.88127000000000001E-04
2.88516000000000000E-04
2.86246999999999999E-04
2.84926000000000016E-04
2.99517000000000012E-04
2.83855999999999974E-04
2.82977000000000012E-04
3.10225999999999981E-04
2.99245999999999974E-04
2.95737000000000018E-04
2.82695999999999978E-04
2.98777000000000016E-04
2.83305999999999988E-04
5.35107999999999960E-04
5.23626000000000018E-04
4.61281000000000017E-04
4.61309999999999986E-04
3.91028999999999986E-04
2.88215999999999993E-04
2.86606999999999975E-04
2.89785999999999993E-04
3.82799000000000019E-04
4.30387000000000011E-04
2.84465999999999983E-04
2.82805999999999975E-04
2.98946999999999982E-04
2.83377000000000021E-04
4.32678999999999995E-04
4.03891999999999988E-04
2.83405999999999990E-04
2.95895999999999974E-04
2.85267000000000018E-04
2.84995999999999980E-04
2.86125999999999991E-04
3.08087000000000020E-04
2.88727000000000016E-04
2.86545999999999990E-04
2.84796999999999991E-04
2.83776000000000015E-04
2.83075999999999998E-04
2.97516000000000002E-04
3.12232000000000015E-04
2.84406999999999976E-04
2.83615999999999990E-04
2.84096000000000012E-04
2.84096999999999974E-04
2.83915999999999997E-04
3.00946999999999977E-04
3.04857000000000012E-04
2.98836000000000023E-04
3.05866999999999977E-04
3.00426999999999975E-04
2.88317000000000011E-04
3.12937000000000002E-04
3.09496999999999995E-04
2.85065999999999998E-04
2.83166000000000006E-04
2.83556999999999982E-04
2.83336000000000026E-04
2.83166000000000006E-04
2.82747000000000022E-04
2.98375999999999991E-04
5.71157999999999996E-04
3.90989000000000007E-04
4.04638999999999986E-04
3.91568999999999977E-04
4.04848999999999986E-04
3.72908999999999990E-04
3.73368000000000007E-04
3.73798000000000001E-04
3.91758999999999987E-04
3.88549000000000023E-04
3.69708000000000005E-04
3.82128999999999986E-04
3.68577999999999994E-04
3.85519000000000020E-04
3.68758000000000009E-04
3.68297999999999976E-04
3.68118000000000015E-04
3.68418000000000022E-04
3.67947999999999995E-04
3.87409000000000017E-04
3.70518000000000019E-04
3.80368999999999976E-04
3.71097999999999990E-04
3.72078999999999986E-04
4.00829000000000007E-04
3.71978000000000022E-04
3.70818000000000027E-04
3.68999000000000009E-04
3.68057999999999992E-04
3.85367999999999974E-04
3.68507999999999976E-04
3.77528000000000022E-04
3.68279000000000002E-04
3.67957999999999990E-04
3.67788000000000023E-04
3.84748999999999985E-04
3.89488000000000009E-04
3.70349000000000015E-04
3.69368000000000018E-04
3.71898000000000009E-04
7.79972999999999994E-04
4.08514000000000013E-04
4.01938999999999975E-04
4.30480000000000012E-04
3.41197000000000006E-04
3.05487000000000011E-04
2.98277000000000004E-04
2.83126000000000027E-04
2.99656999999999994E-04
4.38599999999999982E-04
4.21749000000000017E-04
4.22124999999999974E-04
3.78639000000000005E-04
3.72078000000000025E-04
3.85248999999999997E-04
4.11919000000000011E-04
3.92639000000000020E-04
3.87217999999999991E-04
3.77318999999999983E-04
3.97618999999999989E-04
4.09691000000000005E-04
4.01088999999999981E-04
4.77359000000000008E-04
3.84548999999999980E-04
4.12804000000000014E-04
3.77397999999999980E-04
4.11459999999999994E-04
3.77568000000000001E-04
3.86589000000000008E-04
3.94559000000000001E-04
3.78957999999999986E-04
3.79779000000000011E-04
3.79577999999999990E-04
3.81808999999999990E-04
3.98399000000000019E-04
3.82507999999999991E-04
3.80719000000000012E-04
3.78947999999999991E-04
4.13290000000000022E-04
3.95088999999999998E-04
6.45373999999999991E-04
3.87285999999999978E-04
3.91758999999999987E-04
4.08071999999999992E-04
2.91856000000000006E-04
3.33717999999999992E-04
2.83835999999999984E-04
3.15146999999999997E-04
2.94467000000000025E-04
3.02396999999999985E-04
2.87095999999999977E-04
2.88346999999999996E-04
2.88676000000000026E-04
2.86086999999999973E-04
2.85195999999999985E-04
3.26517000000000018E-04
3.37507999999999981E-04
2.84206000000000009E-04
2.84796999999999991E-04
2.84406000000000014E-04
3.40798000000000012E-04
4.16064000000000006E-04
3.81949000000000025E-04
3.89378000000000011E-04
3.91248000000000019E-04
4.04589000000000012E-04
3.89739000000000003E-04
3.91138999999999983E-04
3.96749000000000006E-04
4.30050000000000018E-04
4.11848999999999993E-04
3.94058999999999989E-04
3.92608999999999981E-04
4.04538999999999984E-04
3.90028000000000000E-04
4.20924999999999999E-04
3.68077999999999982E-04
3.68367999999999994E-04
4.11358999999999976E-04
3.66148000000000005E-04
3.41067999999999981E-04
3.62238000000000024E-04
3.78939000000000012E-04
4.31868999999999981E-04
3.82258999999999973E-04
4.80197000000000024E-04
4.23478999999999989E-04
4.10326999999999990E-04
4.43009999999999975E-04
3.90908999999999994E-04
3.93049000000000024E-04
4.09648999999999994E-04
3.88349000000000018E-04
3.89278000000000009E-04
3.91197999999999991E-04
4.02644000000000016E-04
3.93438000000000023E-04
3.83068999999999988E-04
2.85075999999999993E-04
2.85636999999999989E-04
3.04557000000000005E-04
2.87436000000000017E-04
2.88656999999999998E-04
3.00575999999999990E-04
2.87196999999999995E-04
2.86066000000000022E-04
2.86027000000000004E-04
2.99586000000000015E-04
2.84276999999999989E-04
2.93846000000000005E-04
3.69478999999999977E-04
3.92388000000000025E-04
3.93128999999999983E-04
4.20314999999999990E-04
3.77917999999999982E-04
3.79698999999999998E-04
4.06818999999999996E-04
3.89448999999999991E-04
3.95428999999999984E-04
4.44620000000000009E-04
4.17388999999999998E-04
3.99689000000000001E-04
3.89099000000000010E-04
3.89818000000000000E-04
3.78148000000000026E-04
3.97808999999999999E-04
3.78358000000000025E-04
4.02309000000000000E-04
3.95507999999999982E-04
3.80089000000000013E-04
3.73168000000000002E-04
2.83946999999999997E-04
2.84165999999999976E-04
3.02616999999999979E-04
2.96477000000000014E-04
4.04738999999999989E-04
3.87288000000000009E-04
3.89248000000000025E-04
3.91388000000000001E-04
4.22469999999999985E-04
3.90019000000000021E-04
4.22418999999999995E-04
3.87227999999999986E-04
4.18440000000000012E-04
3.85357999999999979E-04
4.13579999999999981E-04
3.94608999999999975E-04
4.20358999999999978E-04
3.99948999999999975E-04
3.91839000000000000E-04
4.12129000000000011E-04
3.92869000000000009E-04
4.19920000000000005E-04
4.08208999999999981E-04
3.84587999999999998E-04
4.08559999999999978E-04
4.39559000000000011E-04
3.93958000000000025E-04
4.15369999999999975E-04
4.08539000000000027E-04
3.80939000000000006E-04
4.15479000000000011E-04
4.09279000000000023E-04
3.83249000000000003E-04
4.96160999999999954E-04
4.96791000000000008E-04
3.69038000000000027E-04
3.89778999999999983E-04
4.09538999999999997E-04
3.82089000000000007E-04
4.13658999999999978E-04
3.81139000000000011E-04
3.92529000000000022E-04
3.94808999999999980E-04
4.26549000000000025E-04
3.96829000000000019E-04
3.81319000000000026E-04
3.92828999999999976E-04
3.88138000000000003E-04
4.03568999999999998E-04
4.03078999999999981E-04
3.75018000000000020E-04
3.90889000000000004E-04
4.24638999999999984E-04
3.97918999999999996E-04
4.32935000000000015E-04
3.77428999999999981E-04
3.67207999999999998E-04
3.66468000000000002E-04
3.64948999999999992E-04
3.86297999999999980E-04
3.84069000000000012E-04
3.67518000000000000E-04
4.06548999999999973E-04
3.58048000000000025E-04
3.84189000000000004E-04
3.62808000000000000E-04
3.67928000000000005E-04
3.57766999999999992E-04
3.57968000000000012E-04
3.59218000000000016E-04
3.87988000000000026E-04
3.85099000000000021E-04
3.82348999999999981E-04
7.05600000000000021E-04
3.08556999999999994E-04
3.93809000000000010E-04
4.12468999999999998E-04
3.93937999999999981E-04
3.93279000000000014E-04
3.90488999999999995E-04
3.81449000000000013E-04
4.38099000000000008E-04
4.04548999999999978E-04
3.83477999999999976E-04
3.78829000000000015E-04
3.75548000000000017E-04
4.08638999999999975E-04
3.91799000000000021E-04
4.16819000000000022E-04
3.98627999999999992E-04
4.07369999999999998E-04
4.22138999999999978E-04
3.68177999999999984E-04
3.79979000000000016E-04
3.78368000000000020E-04
3.79899000000000003E-04
4.14309000000000021E-04
4.23460000000000015E-04
4.00148999999999980E-04
4.14048999999999993E-04
3.99798999999999999E-04
4.18840000000000022E-04
4.00428999999999998E-04
4.03808999999999982E-04
4.04259000000000020E-04
4.01859000000000016E-04
4.22689000000000018E-04
3.96519000000000016E-04
4.13979999999999990E-04
4.08848999999999975E-04
4.39470000000000019E-04
1.75850399999999993E-03
4.08410000000000001E-04
3.47167000000000005E-04
4.18028999999999992E-04
3.83739000000000020E-04
3.99987999999999993E-04
3.79287999999999978E-04
3.78458999999999989E-04
3.78778000000000025E-04
3.79689000000000003E-04
3.79677999999999992E-04
4.18758999999999993E-04
3.93179000000000011E-04
3.83068999999999988E-04
3.83147999999999985E-04
4.14550000000000020E-04
3.93597999999999995E-04
3.77878000000000003E-04
3.78168000000000015E-04
3.76509000000000023E-04
3.95528999999999987E-04
3.76588000000000020E-04
3.87079000000000025E-04
3.76667999999999979E-04
3.77718999999999993E-04
3.93619000000000000E-04
3.96919000000000026E-04
3.78998000000000019E-04
3.78898999999999978E-04
3.80908000000000006E-04
3.97869000000000022E-04
3.89878999999999985E-04
3.79607999999999975E-04
3.77909000000000003E-04
3.77868000000000008E-04
4.05358999999999993E-04
6.92505000000000052E-04
6.73905000000000034E-04
4.42076999999999976E-04
4.22238000000000019E-04
2.83925999999999992E-04
2.87925999999999981E-04
2.89877000000000017E-04
2.85886000000000007E-04
3.03077000000000012E-04
3.38657999999999982E-04
3.86768000000000008E-04
4.02699000000000015E-04
3.82758000000000024E-04
3.79838999999999980E-04
3.73068000000000000E-04
3.16656999999999974E-04
2.82966000000000001E-04
2.83097000000000004E-04
2.82775999999999991E-04
2.83215999999999980E-04
3.10366999999999978E-04
2.83157000000000027E-04
2.83056000000000009E-04
2.82877000000000009E-04
2.83876000000000018E-04
2.84596000000000024E-04
2.92827000000000007E-04
3.01947000000000001E-04
2.99356000000000025E-04
2.88246999999999993E-04
2.85695999999999997E-04
2.97207000000000016E-04
2.92005999999999982E-04
2.83387000000000016E-04
3.00066999999999999E-04
2.82926000000000022E-04
2.82526000000000012E-04
2.82637000000000025E-04
2.82636000000000009E-04
2.93327000000000019E-04
2.82956000000000006E-04
2.98877000000000019E-04
2.84606000000000019E-04
3.02626999999999974E-04
2.87126000000000015E-04
3.04806999999999984E-04
2.88417000000000014E-04
2.85856000000000022E-04
3.01146999999999982E-04
6.50615000000000004E-04
3.93907999999999997E-04
3.86559000000000024E-04
4.18018999999999997E-04
2.97876999999999994E-04
2.82836000000000014E-04
2.82716999999999984E-04
2.83026000000000024E-04
2.82856000000000004E-04
3.02147000000000006E-04
2.84847000000000019E-04
3.59858000000000009E-04
3.51868000000000027E-04
2.88816000000000008E-04
2.88717000000000021E-04
2.86325999999999996E-04
3.12827000000000005E-04
2.83966000000000025E-04
2.83016999999999991E-04
2.82245999999999994E-04
2.82726000000000017E-04
2.82286999999999989E-04
2.82756000000000001E-04
2.99537000000000002E-04
2.83036000000000019E-04
3.12466999999999975E-04
2.84357000000000002E-04
3.15366999999999991E-04
2.86635999999999998E-04
3.21417000000000003E-04
2.88327000000000006E-04
3.06496999999999976E-04
3.29706999999999993E-04
3.10317000000000004E-04
2.84006000000000005E-04
2.97447000000000000E-04
2.99217000000000005E-04
3.39976999999999988E-04
3.33837000000000023E-04
2.85005999999999975E-04
2.83466999999999975E-04
3.00626999999999980E-04
2.99765999999999976E-04
2.84306999999999973E-04
2.84685999999999978E-04
2.84555999999999991E-04
2.86396999999999975E-04
2.88396000000000008E-04
2.88466999999999988E-04
3.34987000000000023E-04
4.23860000000000025E-04
3.84189000000000004E-04
4.23708999999999978E-04
3.93279000000000014E-04
3.92898999999999993E-04
4.15979000000000023E-04
4.20799999999999983E-04
4.00489000000000021E-04
4.33979000000000027E-04
4.19790000000000018E-04
4.16278999999999976E-04
4.00948999999999999E-04
4.02208999999999998E-04
4.24269999999999975E-04
4.20179000000000017E-04
4.04628999999999991E-04
4.06319999999999999E-04
4.40978999999999980E-04
4.23309000000000022E-04
4.15359000000000019E-04
4.00538999999999995E-04
4.00228999999999993E-04
4.18840000000000022E-04
4.18438999999999996E-04
4.14729999999999981E-04
4.00919000000000015E-04
4.25859000000000003E-04
4.04508999999999999E-04
4.48910000000000010E-04
4.06200000000000007E-04
4.23099000000000023E-04
4.20489999999999981E-04
4.07229000000000000E-04
4.21798999999999991E-04
4.17949999999999995E-04
4.33728999999999994E-04
4.15848999999999982E-04
4.63260000000000006E-04
3.97893999999999982E-04
4.36515000000000004E-04
3.45108000000000003E-04
3.46328000000000022E-04
3.46778000000000006E-04
3.43907000000000013E-04
3.33727999999999987E-04
2.85185999999999990E-04
2.98667000000000019E-04
2.87016000000000018E-04
2.88737000000000011E-04
2.89065999999999987E-04
3.00836999999999979E-04
3.00587000000000000E-04
2.83896000000000007E-04
3.68583999999999980E-04
3.87058000000000020E-04
3.69079000000000022E-04
4.08398999999999991E-04
4.11919000000000011E-04
3.81319000000000026E-04
3.21776999999999979E-04
3.09447000000000021E-04
2.84655999999999993E-04
2.84706999999999983E-04
2.99676000000000022E-04
3.00685999999999987E-04
2.89226999999999974E-04
2.88325999999999990E-04
3.17327000000000006E-04
2.85717000000000002E-04
2.99455999999999974E-04
2.98636000000000019E-04
2.83727000000000003E-04
2.83036000000000019E-04
3.36296999999999996E-04
2.92015999999999977E-04
2.82326000000000007E-04
3.44548000000000022E-04
3.48638000000000019E-04
2.88427000000000008E-04
3.26356999999999993E-04
2.84706000000000022E-04
2.86437000000000009E-04
3.02226000000000003E-04
3.03937000000000001E-04
2.86696999999999983E-04
3.63337999999999996E-04
3.65088000000000012E-04
3.76288999999999975E-04
3.64637999999999974E-04
3.80333000000000006E-04
3.80489000000000023E-04
3.72237999999999996E-04
4.01898999999999995E-04
3.69529000000000005E-04
3.73878000000000014E-04
3.96219000000000009E-04
3.99498999999999991E-04
3.84079000000000007E-04
3.33476999999999992E-04
3.56957999999999993E-04
3.69617999999999997E-04
3.69668999999999987E-04
3.49578000000000020E-04
3.71878000000000020E-04
3.45718000000000013E-04
3.45867999999999989E-04
3.61718000000000022E-04
3.45406999999999995E-04
4.01078000000000025E-04
3.79157999999999991E-04
4.13438999999999983E-04
3.96299000000000022E-04
3.77389000000000001E-04
4.20409000000000006E-04
3.74749000000000013E-04
3.76757999999999987E-04
4.12129000000000011E-04
3.85557999999999984E-04
3.47337999999999987E-04
2.85656000000000018E-04
3.25808000000000022E-04
2.83395999999999995E-04
3.09687000000000005E-04
3.65498000000000016E-04
3.61567999999999991E-04
3.83828999999999974E-04
3.60578000000000016E-04
5.26591999999999989E-04
4.25668999999999993E-04
3.86858999999999977E-04
3.76519000000000018E-04
4.18639000000000001E-04
4.25619000000000019E-04
4.17529999999999995E-04
3.98409000000000014E-04
4.36760000000000013E-04
3.85867999999999986E-04
3.86818999999999997E-04
3.98539000000000000E-04
4.10639000000000024E-04
3.92639000000000020E-04
3.92549000000000012E-04
4.05629000000000016E-04
4.04968999999999978E-04
4.08369000000000006E-04
3.73208999999999997E-04
3.85298000000000010E-04
3.96178999999999976E-04
3.98028999999999993E-04
4.11819000000000009E-04
4.10859000000000018E-04
3.96629000000000014E-04
3.90418000000000015E-04
3.84827999999999982E-04
4.23060000000000005E-04
3.77087999999999978E-04
3.86709000000000000E-04
4.27228999999999999E-04
3.93098999999999998E-04
4.11538999999999991E-04
3.94467999999999978E-04
3.87798999999999978E-04
3.86779000000000018E-04
4.06638999999999981E-04
4.00189000000000013E-04
7.49281999999999986E-04
3.86948000000000023E-04
3.85568999999999994E-04
3.87468999999999986E-04
4.21805999999999993E-04
5.02380999999999986E-04
4.46610000000000008E-04
3.71117999999999980E-04
8.64689999999999990E-04
3.94598000000000019E-04
3.92308000000000012E-04
4.10178999999999991E-04
4.06208999999999986E-04
3.81618000000000018E-04
3.87709000000000025E-04
3.82799000000000019E-04
5.42942000000000034E-04
4.78970000000000003E-04
4.08659000000000019E-04
4.17869000000000020E-04
4.66211000000000013E-04
4.09148999999999982E-04
2.85105999999999977E-04
2.85346999999999977E-04
3.00296000000000026E-04
2.83177000000000016E-04
2.83205999999999985E-04
3.37607999999999984E-04
3.01166000000000010E-04
2.83305999999999988E-04
2.82795999999999981E-04
3.28067999999999990E-04
2.84795999999999975E-04
2.84816000000000019E-04
2.83986999999999976E-04
3.01666999999999983E-04
3.98317999999999990E-04
3.01435999999999978E-04
2.96797000000000011E-04
3.25966999999999978E-04
6.54685000000000011E-04
4.19432000000000019E-04
3.81349000000000011E-04
4.15969999999999990E-04
3.77377999999999991E-04
4.07073999999999999E-04
5.92687999999999961E-04
3.79408999999999985E-04
3.73268000000000005E-04
3.69137999999999975E-04
4.37470000000000025E-04
4.17808999999999997E-04
4.04548999999999978E-04
4.09568999999999981E-04
4.26259999999999974E-04
4.04609000000000002E-04
4.54990000000000006E-04
4.01578999999999998E-04
4.03068999999999986E-04
4.04889000000000019E-04
4.00788999999999974E-04
4.00458999999999982E-04
4.41580000000000011E-04
4.18888999999999980E-04
4.02069000000000016E-04
4.14380000000000000E-04
4.03449000000000006E-04
4.06718999999999993E-04
4.21979000000000006E-04
4.06418999999999986E-04
4.04968999999999978E-04
4.04459000000000025E-04
4.07179000000000026E-04
4.33820000000000017E-04
4.33269000000000015E-04
4.00829000000000007E-04
4.01109000000000025E-04
7.46517000000000036E-04
5.29378999999999961E-04
5.09799000000000016E-04
3.60788999999999977E-04
3.76688000000000023E-04
3.98668999999999987E-04
4.05963999999999978E-04
3.92378999999999992E-04
4.29320000000000016E-04
3.80757999999999975E-04
3.99349000000000015E-04
3.82048999999999974E-04
3.79948000000000015E-04
3.79387999999999980E-04
4.12488999999999987E-04
3.93458999999999975E-04
3.78939000000000012E-04
3.78168000000000015E-04
3.89368999999999978E-04
3.76647999999999989E-04
3.78299000000000018E-04
4.09228999999999995E-04
3.78079000000000024E-04
3.77377999999999991E-04
3.87739000000000009E-04
3.79607999999999975E-04
3.97108999999999982E-04
3.81918999999999987E-04
3.81797999999999979E-04
3.80219000000000000E-04
3.79198000000000024E-04
4.12519999999999987E-04
3.77607999999999980E-04
3.87468999999999986E-04
3.77097999999999973E-04
3.77599000000000001E-04
3.93798000000000000E-04
3.77157999999999996E-04
8.01988000000000006E-04
3.61208000000000015E-04
4.62500999999999982E-04
3.97677999999999996E-04
3.95958000000000020E-04
4.14480000000000003E-04
3.98888999999999982E-04
3.98468999999999982E-04
4.17738999999999979E-04
2.85735999999999976E-04
2.87726999999999991E-04
2.83556000000000021E-04
2.83686000000000008E-04
2.82747000000000022E-04
2.97586000000000020E-04
2.97627000000000015E-04
2.83136999999999983E-04
2.82956000000000006E-04
2.83285999999999998E-04
3.12727000000000003E-04
3.69599000000000023E-04
3.66028000000000013E-04
4.11538999999999991E-04
4.11208999999999999E-04
3.83547999999999994E-04
3.95028999999999975E-04
4.05908999999999979E-04
3.88559000000000018E-04
3.84779000000000024E-04
3.81047999999999988E-04
3.84669000000000027E-04
3.85418000000000002E-04
3.79828000000000023E-04
3.94158999999999992E-04
3.87209000000000012E-04
3.66717999999999981E-04
3.82517999999999986E-04
3.64028000000000019E-04
3.89627999999999990E-04
3.83959000000000015E-04
3.94309000000000022E-04
5.97482999999999998E-04
4.66370999999999984E-04
3.76117999999999993E-04
3.52377999999999979E-04
3.01246999999999984E-04
3.88608999999999992E-04
4.15828999999999992E-04
3.77359000000000017E-04
4.03718999999999975E-04
3.93108999999999993E-04
4.06969000000000026E-04
4.12074000000000012E-04
3.88738999999999979E-04
3.89207999999999991E-04
4.02899000000000020E-04
4.03388999999999983E-04
3.74198000000000011E-04
3.92119000000000018E-04
3.76268000000000023E-04
3.78478999999999979E-04
4.35900000000000024E-04
3.90707999999999973E-04
3.97389000000000000E-04
3.74388999999999983E-04
3.80307999999999992E-04
3.97738999999999981E-04
3.92718999999999978E-04
3.78309000000000013E-04
4.01198999999999978E-04
3.84307999999999980E-04
4.30990000000000019E-04
3.02916999999999987E-04
2.86836000000000003E-04
3.02176999999999990E-04
2.90246999999999988E-04
2.86376000000000024E-04
3.00037000000000014E-04
3.00227000000000024E-04
3.04135999999999990E-04
3.42717999999999994E-04
2.83417000000000001E-04
3.06196000000000007E-04
1.34531999999999989E-03
4.21659000000000009E-04
4.22909999999999974E-04
3.94318000000000001E-04
4.23660000000000020E-04
3.82138000000000020E-04
2.85945999999999976E-04
3.49368000000000020E-04
3.16756999999999976E-04
3.79257999999999993E-04
3.10366999999999978E-04
3.73889000000000025E-04
2.84926000000000016E-04
3.23948000000000009E-04
3.98368999999999980E-04
3.86418000000000026E-04
3.79779000000000011E-04
3.81338000000000000E-04
4.52809999999999996E-04
3.78457999999999974E-04
3.73117999999999974E-04
3.90569000000000007E-04
3.74488999999999985E-04
3.78037999999999974E-04
4.18100000000000025E-04
3.88697999999999984E-04
3.87319000000000010E-04
4.04198999999999997E-04
3.81088999999999983E-04
3.98378999999999975E-04
3.93268000000000003E-04
3.99277999999999981E-04
3.73448000000000020E-04
3.34907000000000011E-04
2.99266999999999979E-04
2.97447000000000000E-04
2.83126000000000027E-04
2.82857000000000019E-04
2.96205999999999976E-04
2.84957000000000016E-04
4.20279000000000019E-04
2.92487000000000020E-04
2.88765999999999979E-04
2.88346999999999996E-04
2.86435999999999993E-04
2.86106000000000001E-04
3.33637999999999979E-04
2.98907000000000003E-04
2.83285999999999998E-04
3.00247000000000014E-04
3.24307000000000024E-04
2.82616000000000020E-04
2.83267000000000024E-04
3.26957000000000007E-04
3.72608999999999983E-04
2.95575999999999977E-04
2.84627000000000025E-04
2.84245999999999989E-04
3.02686999999999997E-04
3.01976000000000024E-04
2.91275999999999981E-04
2.89936999999999986E-04
3.25037000000000026E-04
2.83825999999999989E-04
2.98167000000000007E-04
2.99817000000000020E-04
2.99066000000000013E-04
2.95337000000000008E-04
2.83066000000000003E-04
2.82457000000000010E-04
2.97076000000000013E-04
2.83556000000000021E-04
2.84096000000000012E-04
3.00396999999999990E-04
3.24896999999999990E-04
2.85617000000000000E-04
3.21317000000000000E-04
3.11017000000000021E-04
2.86496000000000016E-04
2.85936999999999997E-04
3.01986999999999980E-04
2.93716000000000018E-04
2.83976999999999982E-04
2.83095999999999988E-04
2.97547000000000002E-04
2.83376000000000005E-04
2.82975999999999996E-04
3.27516999999999988E-04
2.83556000000000021E-04
2.84047000000000000E-04
3.20267000000000002E-04
3.67288000000000011E-04
3.43767999999999992E-04
3.85358999999999995E-04
3.69007999999999988E-04
3.78698000000000012E-04
3.64929000000000002E-04
3.24447000000000006E-04
3.75122999999999993E-04
3.61068999999999995E-04
3.63298000000000017E-04
3.70838000000000016E-04
3.96129000000000002E-04
4.04179000000000007E-04
3.85429000000000012E-04
4.06139000000000023E-04
4.07299000000000018E-04
4.52690000000000004E-04
4.04879000000000024E-04
3.73358999999999974E-04
3.87068999999999976E-04
4.08789000000000006E-04
3.84118000000000025E-04
4.08209999999999996E-04
3.82837999999999983E-04
3.88198999999999988E-04
3.99518999999999981E-04
3.97029000000000023E-04
4.01508999999999980E-04
3.89168999999999973E-04
3.85867999999999986E-04
3.83567999999999984E-04
4.00558999999999985E-04
4.17930000000000005E-04
3.86888000000000000E-04
4.02199000000000003E-04
3.93799000000000015E-04
3.87668999999999991E-04
4.08649000000000024E-04
3.89619000000000011E-04
6.67104999999999977E-04
3.78219000000000005E-04
3.77148000000000001E-04
3.77638000000000019E-04
3.89548999999999993E-04
3.91348999999999983E-04
3.94818999999999975E-04
3.92039000000000005E-04
3.90618000000000020E-04
3.91537999999999977E-04
3.78688999999999979E-04
4.07729000000000012E-04
3.79559000000000016E-04
4.08769000000000016E-04
3.81887999999999987E-04
4.00209000000000003E-04
4.10800000000000011E-04
3.79028000000000004E-04
3.92769000000000007E-04
3.97799000000000004E-04
3.77208000000000025E-04
4.07678999999999984E-04
3.77267999999999994E-04
4.40975000000000026E-04
3.90518999999999979E-04
3.85378000000000023E-04
4.00829000000000007E-04
4.10680000000000019E-04
3.90928000000000022E-04
4.00228999999999993E-04
3.82509000000000007E-04
3.92298999999999979E-04
4.19670999999999987E-04
3.10597000000000022E-04
3.22588000000000009E-04
2.84386000000000025E-04
2.97896999999999984E-04
2.83305999999999988E-04
4.36240000000000011E-04
3.17356999999999991E-04
2.98636999999999980E-04
2.83435999999999974E-04
7.14044000000000050E-04
4.03249000000000001E-04
3.85268999999999987E-04
3.40033000000000002E-04
2.86975999999999985E-04
2.87216999999999984E-04
3.27086999999999994E-04
3.90359000000000008E-04
3.57435000000000023E-04
2.86255999999999978E-04
2.84957000000000016E-04
3.35766999999999999E-04
3.48028000000000009E-04
4.06918999999999998E-04
3.81579000000000000E-04
4.33018999999999982E-04
3.92939000000000027E-04
3.98658999999999993E-04
4.01618999999999978E-04
4.77160999999999981E-04
4.75810999999999975E-04
3.90288999999999990E-04
4.22237000000000003E-04
3.98238999999999993E-04
3.85019000000000008E-04
3.96749000000000006E-04
3.07946000000000023E-04
3.26976999999999997E-04
3.65208000000000004E-04
2.89357000000000015E-04
3.19747000000000000E-04
2.84086000000000017E-04
2.98157000000000012E-04
3.04906999999999986E-04
3.02337000000000016E-04
3.69927999999999999E-04
3.93509000000000003E-04
3.93638999999999990E-04
3.96319000000000012E-04
3.85108000000000000E-04
3.36078000000000017E-04
8.25333000000000034E-04
3.83939000000000025E-04
3.11747000000000022E-04
2.86476999999999988E-04
3.68577999999999994E-04
3.84189000000000004E-04
4.05708999999999974E-04
4.10329000000000021E-04
4.59969999999999975E-04
3.85647999999999991E-04
4.15118999999999981E-04
4.13100000000000012E-04
3.91388000000000001E-04
3.11166999999999997E-04
2.85087000000000003E-04
3.16677000000000018E-04
3.18416999999999984E-04
3.75899000000000014E-04
3.39326999999999999E-04
2.92756999999999989E-04
2.85695999999999997E-04
3.00216999999999975E-04
2.95476999999999990E-04
2.84296000000000017E-04
2.97906999999999979E-04
2.83176000000000001E-04
2.82775999999999991E-04
2.82977000000000012E-04
2.98567000000000016E-04
2.84445999999999994E-04
2.85046000000000008E-04
3.09196999999999987E-04
3.04826999999999973E-04
2.96377000000000012E-04
2.92366000000000013E-04
3.03416999999999999E-04
3.25826999999999996E-04
3.00995999999999989E-04
3.37177999999999989E-04
2.83776000000000015E-04
3.04327000000000015E-04
3.05687000000000016E-04
3.02107000000000027E-04
3.13027000000000010E-04
2.94215999999999976E-04
2.97876999999999994E-04
2.85257000000000024E-04
7.77827000000000032E-04
3.79718999999999988E-04
4.13518999999999996E-04
3.81849000000000023E-04
4.13348999999999976E-04
6.58344999999999959E-04
3.90238000000000000E-04
3.69548999999999995E-04
3.63848000000000003E-04
4.06198999999999991E-04
3.86769000000000023E-04
3.63973000000000020E-04
3.47327999999999992E-04
3.75177999999999992E-04
3.46578000000000001E-04
3.58417999999999996E-04
3.57768000000000007E-04
3.20426999999999973E-04
3.74898999999999990E-04
4.34160000000000004E-04
4.06669000000000019E-04
4.04628999999999991E-04
3.94419000000000020E-04
3.81908999999999992E-04
4.51010000000000007E-04
3.93518999999999998E-04
4.00748999999999995E-04
3.96278999999999978E-04
3.70277999999999981E-04
3.95999000000000015E-04
4.10188999999999985E-04
3.93709000000000008E-04
3.95469000000000018E-04
3.93668999999999974E-04
4.02189000000000008E-04
4.06528999999999983E-04
3.82269000000000022E-04
6.95824999999999959E-04
4.07578999999999982E-04
6.20559000000000019E-04
4.01618999999999978E-04
3.93499000000000008E-04
3.79607999999999975E-04
3.78289000000000023E-04
3.91478000000000008E-04
3.96388000000000014E-04
3.94068999999999984E-04
3.78238999999999995E-04
3.77497999999999983E-04
3.76998999999999986E-04
4.01259000000000002E-04
3.95909000000000007E-04
3.93238000000000019E-04
3.81987999999999989E-04
3.81418999999999975E-04
3.82338000000000025E-04
3.96839000000000013E-04
3.79169000000000001E-04
3.78678000000000022E-04
3.90608999999999987E-04
3.86858999999999977E-04
3.94967999999999990E-04
3.90318000000000013E-04
3.77699000000000003E-04
3.76147999999999977E-04
3.76588999999999982E-04
3.94498999999999978E-04
3.92757999999999996E-04
3.80289000000000018E-04
3.88738999999999979E-04
3.81418000000000013E-04
3.98578999999999980E-04
3.81378999999999995E-04
3.80317999999999986E-04
4.04169000000000013E-04
3.78709000000000023E-04
3.78337999999999982E-04
3.82087999999999991E-04
3.78639000000000005E-04
4.11709000000000012E-04
3.77308000000000027E-04
3.77799000000000006E-04
3.93569000000000026E-04
3.77958000000000016E-04
3.96078999999999973E-04
3.78778999999999986E-04
3.79817999999999974E-04
3.97059000000000008E-04
4.33730000000000010E-04
3.81457999999999992E-04
3.79997999999999989E-04
3.80148999999999982E-04
3.94628000000000004E-04
3.77669000000000019E-04
3.78198000000000000E-04
3.77088999999999994E-04
3.77487999999999988E-04
3.93719000000000003E-04
4.10159000000000001E-04
3.78529000000000007E-04
3.77097999999999973E-04
3.92349000000000007E-04
3.95938999999999991E-04
3.79859000000000023E-04
3.81748000000000005E-04
3.81168999999999996E-04
3.83017999999999998E-04
4.29430000000000014E-04
3.79528000000000016E-04
3.78918000000000007E-04
3.77267999999999994E-04
3.78749000000000002E-04
3.77338000000000012E-04
3.93308999999999998E-04
3.77369000000000012E-04
4.61374999999999980E-04
3.78439000000000000E-04
3.91678000000000013E-04
4.63980999999999975E-04
3.20477000000000001E-04
3.92068999999999990E-04
4.15079000000000001E-04
4.00238999999999988E-04
3.82238999999999984E-04
3.25797000000000012E-04
3.02847000000000023E-04
3.00797000000000000E-04
3.29176999999999996E-04
4.09978999999999986E-04
2.84037000000000005E-04
2.83466000000000013E-04
3.01497000000000017E-04
2.83705999999999997E-04
2.83116999999999993E-04
2.87346000000000010E-04
2.98357000000000017E-04
3.02767000000000010E-04
2.87846000000000022E-04
4.10608999999999985E-04
3.87709000000000025E-04
3.82998000000000008E-04
3.80207999999999989E-04
3.78268000000000018E-04
4.29338999999999990E-04
3.78298000000000002E-04
4.06999000000000011E-04
3.77787999999999995E-04
4.01049000000000002E-04
3.85818999999999973E-04
3.77778000000000001E-04
4.01469000000000001E-04
3.91888999999999974E-04
3.95618999999999995E-04
3.78819000000000020E-04
4.09829000000000009E-04
3.81907999999999976E-04
4.04979000000000027E-04
6.52898999999999971E-04
4.06748999999999978E-04
4.10969000000000015E-04
3.75228000000000020E-04
4.00839000000000002E-04
3.71648999999999992E-04
3.90428000000000010E-04
3.83237999999999992E-04
3.69317999999999990E-04
2.92915999999999999E-04
3.01497000000000017E-04
2.83075999999999998E-04
2.85177000000000011E-04
2.84895999999999977E-04
3.20657000000000017E-04
3.66108000000000026E-04
3.81635999999999976E-04
3.03267000000000022E-04
2.85805999999999994E-04
3.12937000000000002E-04
2.96866999999999975E-04
3.47718000000000007E-04
3.04156999999999995E-04
3.19637000000000003E-04
3.74208000000000006E-04
3.41567999999999993E-04
2.94307000000000000E-04
3.31416999999999975E-04
3.34677999999999983E-04
3.87737999999999993E-04
3.01676999999999978E-04
2.85195999999999985E-04
3.00736000000000015E-04
2.92617000000000007E-04
3.04176999999999985E-04
2.86255999999999978E-04
2.86096000000000007E-04
2.85717000000000002E-04
2.84265999999999978E-04
2.83986999999999976E-04
2.83825999999999989E-04
2.99197000000000015E-04
2.82946000000000011E-04
2.92466999999999977E-04
3.57548000000000013E-04
2.84316000000000007E-04
2.83686000000000008E-04
2.85057000000000019E-04
6.53612000000000030E-04
3.29298000000000004E-04
2.88965999999999984E-04
2.88776999999999990E-04
3.15776999999999996E-04
3.03827000000000003E-04
3.01046000000000018E-04
3.14997000000000020E-04
2.90855999999999981E-04
2.99107000000000008E-04
3.29367000000000006E-04
3.77979000000000021E-04
3.96829000000000019E-04
3.84268000000000001E-04
3.91499000000000014E-04
3.85058999999999987E-04
2.91785999999999988E-04
2.85607000000000005E-04
3.27006999999999981E-04
2.89037000000000018E-04
2.88376000000000019E-04
2.86276000000000022E-04
2.85646000000000023E-04
2.85686000000000002E-04
3.00196999999999986E-04
2.94416999999999997E-04
2.92676000000000015E-04
2.83746999999999992E-04
2.83366000000000011E-04
2.83745999999999977E-04
2.83797000000000021E-04
3.38017000000000027E-04
2.83766999999999982E-04
2.85166000000000000E-04
2.84345999999999991E-04
2.86327000000000012E-04
2.88325999999999990E-04
2.87636999999999984E-04
3.01707000000000017E-04
2.85385999999999995E-04
2.83866000000000023E-04
2.83177000000000016E-04
2.83256000000000013E-04
2.91957000000000024E-04
3.00055999999999988E-04
2.99527000000000007E-04
2.83295999999999993E-04
2.83236999999999985E-04
2.95726000000000008E-04
3.30087999999999974E-04
3.56908000000000019E-04
3.47828000000000004E-04
4.49854999999999981E-04
4.01139000000000009E-04
4.21979000000000006E-04
3.56987999999999978E-04
3.94284000000000008E-04
3.81298999999999983E-04
3.79978000000000000E-04
3.79108999999999978E-04
3.78358000000000025E-04
4.15500000000000016E-04
3.23756999999999984E-04
2.83276000000000003E-04
2.96126999999999979E-04
2.94477000000000020E-04
2.84435999999999999E-04
3.01346999999999986E-04
3.22221999999999992E-04
3.82719000000000006E-04
3.82957999999999975E-04
3.65478000000000027E-04
2.86107000000000017E-04
3.04716999999999976E-04
2.84065999999999973E-04
3.19446999999999993E-04
3.24028000000000022E-04
2.83395999999999995E-04
2.82636000000000009E-04
2.82567000000000007E-04
2.98526000000000021E-04
2.82567000000000007E-04
2.82585999999999981E-04
2.84225999999999999E-04
2.84366999999999997E-04
2.85615999999999984E-04
2.86496999999999978E-04
3.03366000000000009E-04
2.88906999999999977E-04
2.95855999999999994E-04
2.85416999999999995E-04
3.02486999999999992E-04
2.93035999999999991E-04
2.83367000000000026E-04
3.00915999999999976E-04
2.83356999999999977E-04
2.83156000000000011E-04
2.82856000000000004E-04
2.82847000000000025E-04
2.94605999999999991E-04
2.85167000000000016E-04
3.40276999999999995E-04
3.67918000000000010E-04
3.85608000000000012E-04
3.77948999999999982E-04
3.86769000000000023E-04
3.76488999999999979E-04
2.86555999999999985E-04
2.86545999999999990E-04
3.05997000000000018E-04
2.92187000000000013E-04
3.00846999999999974E-04
4.05708999999999974E-04
3.79397999999999975E-04
3.72229000000000017E-04
4.33758999999999978E-04
3.41367999999999988E-04
3.15142000000000026E-04
3.35476999999999987E-04
3.34288000000000022E-04
2.87415999999999974E-04
2.88796999999999980E-04
3.06197000000000023E-04
3.22186999999999983E-04
2.85146000000000011E-04
2.83956999999999992E-04
2.83456000000000018E-04
2.82826000000000019E-04
2.83225999999999975E-04
2.99197000000000015E-04
2.83645999999999974E-04
3.06916999999999975E-04
2.93206000000000011E-04
2.83397000000000011E-04
2.84475999999999978E-04
3.41618000000000021E-04
3.13906999999999988E-04
2.86696000000000021E-04
2.88136999999999996E-04
2.88476000000000021E-04
2.86246999999999999E-04
2.85746000000000025E-04
2.85597000000000010E-04
2.98976000000000005E-04
2.83507000000000008E-04
3.00265999999999988E-04
3.03697000000000016E-04
2.83886999999999974E-04
3.22816999999999982E-04
3.25746999999999983E-04
3.03736999999999996E-04
3.99908999999999996E-04
4.36689999999999995E-04
3.94708999999999978E-04
3.84258000000000006E-04
3.87888000000000024E-04
4.07439000000000000E-04
4.19570000000000023E-04
3.76898000000000022E-04
3.75589000000000012E-04
3.78148000000000026E-04
3.95508999999999997E-04
3.82328999999999991E-04
3.13576999999999996E-04
2.83105999999999983E-04
2.83746999999999992E-04
2.83205999999999985E-04
3.00726999999999982E-04
3.24747000000000013E-04
2.84475999999999978E-04
2.84957000000000016E-04
2.87126000000000015E-04
2.88806999999999974E-04
2.88506000000000006E-04
3.01476999999999973E-04
2.85646000000000023E-04
2.84857000000000014E-04
3.01735999999999986E-04
2.93235999999999996E-04
2.83515999999999987E-04
2.82806999999999991E-04
3.16226999999999979E-04
2.83625999999999984E-04
2.82747000000000022E-04
2.83346000000000021E-04
2.83866000000000023E-04
2.85047000000000024E-04
2.97206000000000000E-04
3.02206999999999975E-04
2.88337000000000001E-04
2.87556000000000010E-04
2.85567000000000026E-04
2.84836000000000008E-04
2.84096000000000012E-04
3.22537999999999981E-04
2.98956000000000016E-04
2.83036999999999980E-04
2.82616000000000020E-04
2.82736000000000012E-04
4.33320000000000005E-04
5.43991999999999978E-04
5.16765999999999992E-04
4.05729000000000018E-04
4.47794000000000002E-04
3.84308999999999996E-04
3.90078999999999990E-04
3.87168000000000017E-04
4.12409999999999990E-04
3.84238000000000017E-04
3.91369000000000027E-04
3.84008999999999989E-04
3.84187999999999988E-04
4.11858999999999988E-04
3.88917999999999979E-04
3.88049000000000011E-04
3.81708000000000026E-04
3.83638000000000002E-04
4.36564999999999978E-04
3.94368999999999991E-04
3.96719000000000021E-04
3.98028999999999993E-04
4.34044000000000021E-04
3.81759000000000015E-04
3.60127999999999978E-04
3.12016999999999991E-04
2.95137000000000004E-04
2.85295999999999987E-04
3.02537000000000021E-04
2.83285999999999998E-04
2.83326999999999993E-04
2.83376000000000005E-04
2.83246000000000019E-04
2.82836999999999976E-04
3.10266999999999976E-04
3.27867000000000024E-04
2.83786000000000010E-04
2.84987000000000001E-04
2.85156000000000005E-04
3.20037000000000012E-04
3.17138000000000012E-04
3.04975999999999988E-04
5.19957000000000036E-04
4.10109000000000027E-04
3.84907999999999995E-04
4.29999999999999989E-04
3.78568000000000025E-04
3.88078999999999996E-04
4.07268999999999980E-04
4.08339000000000022E-04
3.83488999999999987E-04
3.82699000000000017E-04
3.82778000000000014E-04
4.04108999999999989E-04
3.77008999999999981E-04
3.89118999999999999E-04
3.78908000000000012E-04
3.79329000000000027E-04
4.04259000000000020E-04
4.08869000000000018E-04
3.83178999999999985E-04
3.83797999999999973E-04
3.75728999999999994E-04
4.00609000000000013E-04
3.92318000000000007E-04
3.81459000000000008E-04
3.80589000000000025E-04
3.81618000000000018E-04
3.83508999999999977E-04
4.09429000000000000E-04
3.75238000000000015E-04
3.78749000000000002E-04
3.81767999999999995E-04
3.89217999999999986E-04
4.09699999999999984E-04
3.85027999999999987E-04
4.02059000000000021E-04
3.76778999999999992E-04
4.03449000000000006E-04
4.15318999999999985E-04
3.87488999999999976E-04
6.29453999999999994E-04
4.15569000000000019E-04
4.85661000000000025E-04
4.19600000000000008E-04
3.80058000000000013E-04
3.91689000000000024E-04
3.55238000000000016E-04
3.15076999999999979E-04
2.84936000000000011E-04
2.84686999999999993E-04
2.86816000000000013E-04
2.88847000000000008E-04
3.67437999999999988E-04
2.86535999999999996E-04
3.04627000000000023E-04
2.85416999999999995E-04
2.83215999999999980E-04
2.83166000000000006E-04
2.83167000000000022E-04
2.93856000000000000E-04
2.85216999999999990E-04
2.97955999999999991E-04
2.83597000000000016E-04
2.83756000000000026E-04
2.96626999999999991E-04
2.84545999999999996E-04
2.84247000000000004E-04
2.86416000000000003E-04
3.03607000000000009E-04
2.88686000000000021E-04
2.86137000000000002E-04
2.85285999999999992E-04
2.96236999999999976E-04
2.83486000000000003E-04
2.82936999999999978E-04
3.17297000000000022E-04
3.00065999999999983E-04
2.93696999999999990E-04
2.82506000000000022E-04
2.83187000000000011E-04
2.83295999999999993E-04
3.41997999999999987E-04
2.84895999999999977E-04
2.84247000000000004E-04
2.86186000000000014E-04
2.88056000000000022E-04
2.88026999999999999E-04
2.86255999999999978E-04
3.00977000000000015E-04
2.92946999999999999E-04
2.83285999999999998E-04
3.35197000000000023E-04
3.35876999999999996E-04
3.86418999999999988E-04
4.11785999999999977E-04
2.88917000000000026E-04
3.12646999999999990E-04
4.56078000000000006E-04
4.02889000000000025E-04
4.09919000000000017E-04
3.93289000000000008E-04
4.06428999999999981E-04
3.88598999999999997E-04
4.03979000000000003E-04
3.99329000000000025E-04
4.09568999999999981E-04
3.81959000000000020E-04
3.82698000000000001E-04
4.27389999999999986E-04
4.07739000000000007E-04
4.07168999999999977E-04
3.85429000000000012E-04
3.83949000000000020E-04
4.13628999999999993E-04
4.25874999999999984E-04
3.73197999999999987E-04
2.85136999999999977E-04
2.85676000000000007E-04
2.87146000000000005E-04
3.10016999999999997E-04
3.22097999999999992E-04
3.00695999999999982E-04
2.85866999999999979E-04
2.85536000000000025E-04
2.83297000000000008E-04
2.82636000000000009E-04
2.83236000000000024E-04
2.98587000000000006E-04
2.83446000000000023E-04
2.82987000000000006E-04
2.83225999999999975E-04
3.17727000000000016E-04
2.83495999999999998E-04
2.84816000000000019E-04
2.99696999999999973E-04
2.87085999999999982E-04
3.46528000000000027E-04
4.07119000000000003E-04
3.87148999999999989E-04
3.82138999999999981E-04
4.12959000000000015E-04
4.17559000000000018E-04
4.06029000000000025E-04
3.94798000000000024E-04
3.94729000000000022E-04
3.94439000000000009E-04
4.20389999999999978E-04
3.93107999999999977E-04
3.96439000000000004E-04
3.93389000000000011E-04
3.64807999999999994E-04
3.98778999999999985E-04
3.86389000000000003E-04
3.74688999999999990E-04
3.69468000000000021E-04
3.67488000000000016E-04
3.72977999999999992E-04
3.85918000000000014E-04
3.75758999999999978E-04
3.96949000000000011E-04
3.90467999999999989E-04
3.96388999999999975E-04
4.33989000000000022E-04
4.08099999999999999E-04
3.95048000000000003E-04
3.95928999999999997E-04
3.94529000000000017E-04
4.17989999999999974E-04
3.96319000000000012E-04
3.97208000000000023E-04
4.11018999999999989E-04
4.21728999999999973E-04
4.00568999999999979E-04
4.13659999999999993E-04
3.96058000000000022E-04
3.89317999999999988E-04
4.21390000000000002E-04
4.02299000000000005E-04
3.99879000000000011E-04
4.08799000000000000E-04
4.00519000000000005E-04
4.19329999999999985E-04
4.03209000000000022E-04
4.28039000000000013E-04
4.05319000000000013E-04
4.04730000000000009E-04
4.25358999999999991E-04
4.19170000000000014E-04
4.08679000000000008E-04
3.81027999999999998E-04
2.86566999999999996E-04
2.86186000000000014E-04
2.84296000000000017E-04
2.84117000000000018E-04
2.83556000000000021E-04
3.11306999999999979E-04
2.89296999999999992E-04
2.97435999999999989E-04
2.82726999999999978E-04
3.08087000000000020E-04
2.84755999999999996E-04
2.84526000000000006E-04
3.00716999999999987E-04
3.03927000000000006E-04
2.89106000000000020E-04
2.88437000000000003E-04
2.85566000000000010E-04
2.85346999999999977E-04
2.83766000000000020E-04
2.99456999999999989E-04
2.83456000000000018E-04
2.83005999999999980E-04
2.91665999999999996E-04
3.66827999999999978E-04
3.50367999999999990E-04
4.12115000000000007E-04
3.93358000000000011E-04
3.94568999999999996E-04
3.92869000000000009E-04
4.15869000000000026E-04
4.44539999999999996E-04
4.12521000000000003E-04
4.36000000000000027E-04
3.48697999999999988E-04
3.72838000000000011E-04
4.20519000000000003E-04
3.98648999999999998E-04
4.00568999999999979E-04
4.20110000000000015E-04
3.98978999999999989E-04
5.28979999999999967E-04
3.84858000000000021E-04
3.97508999999999992E-04
3.93069000000000014E-04
4.20978999999999982E-04
4.03409000000000027E-04
3.72969000000000013E-04
3.95489000000000008E-04
3.95928999999999997E-04
4.38368999999999977E-04
4.15118999999999981E-04
3.73768000000000017E-04
3.92928999999999978E-04
4.15149000000000019E-04
3.72018000000000001E-04
4.05619000000000021E-04
3.69818000000000002E-04
3.74829000000000026E-04
4.01249000000000007E-04
4.15899000000000010E-04
4.03708999999999980E-04
4.03068999999999986E-04
4.16860000000000017E-04
4.08759000000000021E-04
3.94178999999999981E-04
4.31999000000000022E-04
3.95768000000000010E-04
3.89319000000000004E-04
7.05575999999999968E-04
3.98788999999999979E-04
4.07788999999999981E-04
4.07819000000000020E-04
3.99649000000000022E-04
5.60427999999999968E-04
4.22000000000000012E-04
3.98138999999999991E-04
4.05439000000000006E-04
4.00309000000000006E-04
4.02758999999999984E-04
4.25550000000000017E-04
4.02008999999999993E-04
4.01739000000000024E-04
4.10808999999999990E-04
4.05299000000000024E-04
4.25360000000000007E-04
4.34219000000000011E-04
4.03869000000000005E-04
3.98788000000000018E-04
4.22169000000000016E-04
4.01488999999999991E-04
4.19149000000000008E-04
4.02599000000000012E-04
4.03219000000000017E-04
4.25219000000000009E-04
4.03358999999999998E-04
4.47030000000000008E-04
4.23260000000000010E-04
4.02978999999999978E-04
4.29120000000000011E-04
4.02848999999999991E-04
4.13999000000000018E-04
4.06848999999999980E-04
4.10808999999999990E-04
4.13049999999999984E-04
3.99459000000000012E-04
9.42681000000000009E-04
3.76068000000000019E-04
3.93208999999999996E-04
2.98155999999999996E-04
2.90576999999999979E-04
2.84116000000000002E-04
3.05157000000000019E-04
2.89465999999999996E-04
3.16987999999999981E-04
2.94796000000000001E-04
2.96226999999999981E-04
3.02457000000000008E-04
3.02355999999999990E-04
2.92377000000000023E-04
3.11457000000000010E-04
3.03377000000000019E-04
3.14426999999999990E-04
2.95636000000000000E-04
2.98436999999999975E-04
2.91887000000000006E-04
2.89895999999999990E-04
3.04086999999999977E-04
3.31796999999999995E-04
4.40975000000000026E-04
3.78619000000000015E-04
3.78127999999999982E-04
3.79298999999999988E-04
3.69499999999999983E-04
3.64087999999999988E-04
4.82421000000000022E-04
4.06969000000000026E-04
3.32198000000000020E-04
3.01407000000000010E-04
2.98185999999999981E-04
2.95977000000000002E-04
2.99676999999999984E-04
2.93665999999999990E-04
2.97456999999999995E-04
3.14167000000000016E-04
3.02037000000000009E-04
3.41036999999999981E-04
2.97566999999999992E-04
4.13238999999999978E-04
3.15307000000000022E-04
3.36196999999999993E-04
6.24466999999999969E-04
3.94519000000000022E-04
3.20577000000000004E-04
3.08146999999999989E-04
2.95237000000000006E-04
3.34887000000000021E-04
3.62857999999999974E-04
3.52018000000000003E-04
3.86528999999999985E-04
3.86689000000000011E-04
4.10319000000000027E-04
3.97129000000000026E-04
4.12908999999999987E-04
3.97799000000000004E-04
4.12288999999999982E-04
3.95738999999999987E-04
3.16936999999999991E-04
3.42017000000000015E-04
3.84489000000000011E-04
4.14089000000000026E-04
3.83158999999999995E-04
3.83308000000000010E-04
3.99528999999999976E-04
3.04406999999999974E-04
3.04266999999999992E-04
3.44458000000000015E-04
3.72618000000000016E-04
3.72088999999999981E-04
3.99579000000000004E-04
3.65688000000000026E-04
3.73287999999999994E-04
3.73509000000000005E-04
3.68968000000000009E-04
3.94688999999999988E-04
3.85367999999999974E-04
3.77677999999999998E-04
3.69878000000000025E-04
3.73909000000000014E-04
3.96998999999999985E-04
3.83728000000000010E-04
3.74849000000000016E-04
3.68487999999999986E-04
3.71627999999999987E-04
3.92639000000000020E-04
3.82838999999999998E-04
3.65767999999999985E-04
3.71217999999999982E-04
3.78258999999999985E-04
3.98179000000000024E-04
4.34089999999999986E-04
3.90137999999999997E-04
3.79999000000000005E-04
3.99229000000000023E-04
2.88325999999999990E-04
2.97466999999999990E-04
2.84727000000000027E-04
2.84806000000000024E-04
2.83866000000000023E-04
3.01846999999999999E-04
2.84255999999999984E-04
2.83997000000000025E-04
3.00587000000000000E-04
2.95465999999999980E-04
2.83236999999999985E-04
2.84706000000000022E-04
3.01527000000000002E-04
2.93875999999999990E-04
2.86517000000000022E-04
2.87615999999999978E-04
2.89426999999999979E-04
2.86015999999999994E-04
2.85866999999999979E-04
2.99596000000000009E-04
2.83287000000000014E-04
2.83435999999999974E-04
2.83645999999999974E-04
2.86317000000000017E-04
2.83126000000000027E-04
2.83305999999999988E-04
3.06417000000000017E-04
2.83687000000000023E-04
2.96585999999999996E-04
2.85316999999999992E-04
2.85795999999999999E-04
2.87206999999999990E-04
2.88535999999999990E-04
3.04786999999999994E-04
2.85966000000000020E-04
2.85126999999999982E-04
2.85205999999999979E-04
3.04427000000000018E-04
4.12288999999999982E-04
4.05978999999999997E-04
3.95838999999999989E-04
3.48577999999999995E-04
2.88386999999999975E-04
2.85305999999999982E-04
2.83556000000000021E-04
3.56887999999999975E-04
3.80138000000000025E-04
3.82099000000000002E-04
3.85327999999999994E-04
3.87199000000000018E-04
4.20640000000000011E-04
3.87667999999999975E-04
3.83388999999999985E-04
3.77677999999999998E-04
4.18069000000000025E-04
4.15098999999999991E-04
3.89998999999999977E-04
3.83657999999999992E-04
4.24039000000000024E-04
3.99178999999999994E-04
4.07099000000000013E-04
3.76859000000000005E-04
3.87168000000000017E-04
3.99679000000000006E-04
4.12619999999999990E-04
4.00719000000000010E-04
4.01618999999999978E-04
4.03998999999999992E-04
3.84768999999999975E-04
4.01949000000000024E-04
4.08638999999999975E-04
3.96678999999999988E-04
3.95958999999999981E-04
3.97379000000000005E-04
4.10549000000000016E-04
3.88318999999999980E-04
3.89537999999999983E-04
3.87678999999999986E-04
3.90959000000000022E-04
1.05349799999999993E-03
4.44955000000000025E-04
3.75778000000000006E-04
3.56168000000000023E-04
3.17356999999999991E-04
3.46768000000000011E-04
3.75008000000000025E-04
3.23067999999999977E-04
3.22127000000000014E-04
3.30326999999999997E-04
3.06996999999999988E-04
3.44668000000000014E-04
3.04147000000000000E-04
2.94047000000000026E-04
3.55517999999999980E-04
2.84186000000000020E-04
2.83285999999999998E-04
3.14067000000000014E-04
3.01656999999999989E-04
2.97496999999999974E-04
3.17757000000000000E-04
2.88937000000000015E-04
2.88806000000000013E-04
2.86706000000000016E-04
2.86046999999999994E-04
3.23391999999999983E-04
2.93987000000000003E-04
2.95345999999999987E-04
2.87606999999999999E-04
3.24926999999999974E-04
2.82975999999999996E-04
3.00567000000000011E-04
2.83487000000000018E-04
2.82926000000000022E-04
2.83645999999999974E-04
2.84916999999999983E-04
2.84755999999999996E-04
2.86206000000000004E-04
3.04276999999999987E-04
2.93856000000000000E-04
2.86727000000000021E-04
2.85876000000000012E-04
3.20276999999999997E-04
2.95156999999999993E-04
3.06197000000000023E-04
2.83845999999999979E-04
2.82396000000000025E-04
3.57198999999999993E-04
3.86418999999999988E-04
3.93909000000000013E-04
3.54808000000000022E-04
3.05315999999999975E-04
3.14677000000000023E-04
3.37056999999999982E-04
2.96206999999999992E-04
2.97197000000000021E-04
3.14787000000000020E-04
2.92466000000000015E-04
3.09386999999999998E-04
2.95347000000000003E-04
2.93116000000000004E-04
2.92497000000000015E-04
2.92195999999999992E-04
3.12556999999999982E-04
3.52517000000000000E-04
4.34754999999999994E-04
3.87919000000000024E-04
3.99008999999999974E-04
3.88659000000000021E-04
4.16588999999999978E-04
3.46948000000000026E-04
2.86816000000000013E-04
2.88786999999999985E-04
2.88596000000000013E-04
2.86256999999999994E-04
3.11747000000000022E-04
3.01136000000000025E-04
2.83517000000000003E-04
2.83635999999999979E-04
2.82875999999999993E-04
2.82967000000000017E-04
2.83156000000000011E-04
2.82385999999999976E-04
2.99166999999999977E-04
2.83617000000000005E-04
2.84096000000000012E-04
2.84426000000000004E-04
3.63508000000000017E-04
3.33857000000000012E-04
3.04117000000000016E-04
2.92955999999999978E-04
2.87667000000000023E-04
2.86985999999999979E-04
3.02516999999999977E-04
2.83705999999999997E-04
2.83436999999999990E-04
5.96632999999999951E-04
4.39800000000000011E-04
3.88518999999999985E-04
4.10029000000000014E-04
3.88498999999999995E-04
3.14287000000000008E-04
3.18646999999999973E-04
2.92946999999999999E-04
2.98096999999999989E-04
2.91296000000000025E-04
2.93637000000000021E-04
3.00495999999999977E-04
2.86785999999999975E-04
3.17696999999999977E-04
2.94226999999999987E-04
2.83085999999999993E-04
2.82455999999999994E-04
2.83356999999999977E-04
2.94646000000000025E-04
3.12002000000000026E-04
2.85556999999999977E-04
2.84675999999999983E-04
2.83756000000000026E-04
2.85856999999999984E-04
2.85566000000000010E-04
3.00477000000000003E-04
3.11516999999999979E-04
2.92845999999999981E-04
2.89536999999999976E-04
2.86506000000000011E-04
2.86237000000000004E-04
2.84035999999999989E-04
2.98887000000000013E-04
2.82875999999999993E-04
2.82816999999999986E-04
3.22096999999999976E-04
2.82836000000000014E-04
2.82947000000000027E-04
2.83205999999999985E-04
3.19376999999999975E-04
2.84975999999999990E-04
2.85106999999999993E-04
2.85605999999999989E-04
2.86737000000000016E-04
3.23656999999999981E-04
2.94246999999999976E-04
3.02445999999999997E-04
2.85167000000000016E-04
2.84736000000000006E-04
2.83405999999999990E-04
2.82956000000000006E-04
2.83056000000000009E-04
3.49988000000000024E-04
4.57632000000000026E-04
4.49970000000000003E-04
3.88228000000000011E-04
5.24194999999999978E-04
3.93968999999999982E-04
3.98709000000000021E-04
4.00428999999999998E-04
4.44710000000000016E-04
3.98819000000000018E-04
4.04609000000000002E-04
4.01308999999999976E-04
4.16509000000000020E-04
4.16609999999999984E-04
3.98158999999999980E-04
3.99067999999999981E-04
3.97728000000000025E-04
4.36609999999999982E-04
4.17720000000000005E-04
3.98929000000000015E-04
3.99149000000000010E-04
3.99818999999999988E-04
4.03788999999999993E-04
4.18079000000000020E-04
3.99718999999999986E-04
4.02218999999999992E-04
4.29289999999999978E-04
4.01928999999999980E-04
4.20919000000000013E-04
4.00008999999999998E-04
3.98519000000000011E-04
4.02358999999999974E-04
3.94429000000000014E-04
4.17539999999999990E-04
3.96488000000000016E-04
4.05399000000000026E-04
4.04279000000000010E-04
3.97608999999999994E-04
4.03908999999999985E-04
3.76887999999999973E-04
3.96148999999999991E-04
3.57138000000000008E-04
3.48538000000000016E-04
3.07557000000000024E-04
2.88535999999999990E-04
2.85507000000000003E-04
3.13586999999999991E-04
2.84565999999999986E-04
2.83776999999999977E-04
3.11286999999999989E-04
2.83806000000000000E-04
2.83276000000000003E-04
2.82706999999999989E-04
2.83085999999999993E-04
2.83195999999999990E-04
2.99756999999999997E-04
2.84447000000000009E-04
2.84775999999999985E-04
2.93796999999999993E-04
2.87226000000000018E-04
2.88906000000000015E-04
2.93926999999999980E-04
3.02347000000000011E-04
2.86015999999999994E-04
2.84947000000000021E-04
2.82985999999999991E-04
2.83356000000000016E-04
2.82936999999999978E-04
2.83246000000000019E-04
3.26238000000000016E-04
2.84575999999999980E-04
2.95266999999999990E-04
2.83546000000000026E-04
2.84445999999999994E-04
2.85736999999999992E-04
3.01697000000000022E-04
2.86186000000000014E-04
2.87935999999999975E-04
2.88297000000000022E-04
2.85725999999999981E-04
2.84896999999999993E-04
2.83925999999999992E-04
2.99407000000000015E-04
2.82746000000000006E-04
2.90387000000000024E-04
2.88335999999999985E-04
2.82946000000000011E-04
2.83087000000000009E-04
2.82536000000000007E-04
2.97806999999999976E-04
3.67278000000000016E-04
2.95227000000000011E-04
2.85746000000000025E-04
2.86857000000000008E-04
2.88506000000000006E-04
3.04567000000000000E-04
3.15747000000000011E-04
2.86686000000000026E-04
3.01587000000000025E-04
2.83827000000000005E-04
2.83126000000000027E-04
2.82795999999999981E-04
2.98277000000000004E-04
2.82765999999999996E-04
2.82816999999999986E-04
2.83115999999999977E-04
2.83095999999999988E-04
2.84186999999999981E-04
2.92266000000000010E-04
3.58037999999999976E-04
2.89047000000000013E-04
2.88035999999999978E-04
2.87966999999999976E-04
2.86775999999999980E-04
2.89596999999999999E-04
2.88035999999999978E-04
2.98816999999999995E-04
2.83066000000000003E-04
2.82706999999999989E-04
2.82536000000000007E-04
2.82595999999999976E-04
3.10377000000000027E-04
2.83597000000000016E-04
2.98456000000000003E-04
2.84616999999999975E-04
2.84696000000000027E-04
2.85666000000000012E-04
2.86967000000000005E-04
2.87566000000000004E-04
3.10956999999999998E-04
2.90546999999999995E-04
2.87415999999999974E-04
3.26617999999999982E-04
2.83515999999999987E-04
3.46008000000000025E-04
3.31096999999999978E-04
3.16047000000000018E-04
2.83087000000000009E-04
2.82826000000000019E-04
2.83546000000000026E-04
2.83246999999999980E-04
2.84296000000000017E-04
2.85116999999999988E-04
3.00006000000000014E-04
4.00469999999999993E-04
4.97510999999999960E-04
3.85157999999999974E-04
3.80209000000000005E-04
3.24986999999999997E-04
3.06686999999999986E-04
2.87566000000000004E-04
2.86745999999999995E-04
2.95376999999999988E-04
2.99405999999999999E-04
3.00127000000000022E-04
3.92229000000000015E-04
3.95559000000000026E-04
3.71747999999999979E-04
3.76147999999999977E-04
3.92687999999999978E-04
4.57645000000000014E-04
4.01669000000000006E-04
4.27570000000000001E-04
4.00619000000000008E-04
4.28190000000000005E-04
4.11369000000000025E-04
4.22348999999999977E-04
4.01688999999999996E-04
4.17930000000000005E-04
4.18629000000000006E-04
4.15190000000000014E-04
4.16729000000000014E-04
3.99298999999999986E-04
3.02296999999999982E-04
3.47408000000000005E-04
3.31896999999999997E-04
3.21868000000000002E-04
3.05525999999999975E-04
3.02076999999999988E-04
3.04706999999999981E-04
3.10427000000000001E-04
3.00477000000000003E-04
3.18047000000000013E-04
3.00567000000000011E-04
3.02116000000000006E-04
2.98496999999999998E-04
3.20777000000000009E-04
6.42389999999999953E-04
3.65408000000000009E-04
4.55090000000000008E-04
4.22650000000000001E-04
4.05048999999999991E-04
3.83898999999999992E-04
3.81557999999999995E-04
3.80258999999999979E-04
3.94929000000000027E-04
3.82558000000000019E-04
3.88398999999999993E-04
3.80509000000000012E-04
3.79667999999999998E-04
3.78778999999999986E-04
3.77367999999999996E-04
3.94859000000000009E-04
3.97579000000000010E-04
4.13049000000000022E-04
3.77979000000000021E-04
3.77927999999999977E-04
3.95889000000000017E-04
3.77969000000000026E-04
3.78148000000000026E-04
3.79698999999999998E-04
3.78918000000000007E-04
3.97459000000000018E-04
3.82628999999999999E-04
4.15179000000000004E-04
3.80099000000000008E-04
3.92628000000000009E-04
3.95218999999999985E-04
3.78038999999999990E-04
3.77467999999999998E-04
3.77198999999999991E-04
3.77748000000000016E-04
3.93528999999999993E-04
4.12249000000000003E-04
3.77389000000000001E-04
8.21727999999999977E-04
3.93218999999999990E-04
3.69358000000000024E-04
3.69619000000000013E-04
3.86817999999999982E-04
3.75527999999999973E-04
3.72687999999999980E-04
4.02279000000000015E-04
3.70068999999999997E-04
3.70997999999999988E-04
3.74647999999999995E-04
3.65898000000000026E-04
3.90469000000000005E-04
3.73177999999999997E-04
3.75758000000000016E-04
3.74998999999999992E-04
3.75868000000000014E-04
4.13249999999999989E-04
3.67608000000000008E-04
3.74708000000000018E-04
3.69668999999999987E-04
3.76127999999999988E-04
3.92349000000000007E-04
3.73348000000000018E-04
3.71529000000000000E-04
3.73358000000000012E-04
3.79398999999999991E-04
3.74367999999999977E-04
3.82589000000000019E-04
3.72587999999999977E-04
3.91738999999999998E-04
3.71178000000000003E-04
3.67478999999999983E-04
3.86607999999999982E-04
3.71199000000000008E-04
3.70257999999999991E-04
3.82018999999999989E-04
3.70177999999999978E-04
3.91638999999999995E-04
3.74767999999999987E-04
6.28569000000000046E-04
4.02658999999999981E-04
4.22530000000000008E-04
3.95399000000000000E-04
4.07458999999999990E-04
4.25138999999999997E-04
4.09450000000000005E-04
3.79328000000000011E-04
4.00998999999999974E-04
4.09799000000000025E-04
4.12949999999999982E-04
4.01139000000000009E-04
3.83447999999999992E-04
4.07998999999999981E-04
4.32268999999999991E-04
3.80778999999999981E-04
4.23429000000000015E-04
3.94378999999999986E-04
4.04889000000000019E-04
4.13159999999999981E-04
4.05678999999999990E-04
4.06408999999999991E-04
3.87998999999999983E-04
4.35518999999999989E-04
4.14539000000000010E-04
4.01219000000000022E-04
4.06828999999999991E-04
4.06779000000000016E-04
3.88259000000000011E-04
4.05969000000000002E-04
4.10398999999999985E-04
4.07368999999999982E-04
4.22079000000000009E-04
3.93948999999999992E-04
3.87378999999999979E-04
4.33049000000000021E-04
4.59701000000000022E-04
4.40750000000000007E-04
4.31230000000000003E-04
2.99855999999999983E-04
2.83497000000000013E-04
3.63777999999999985E-04
3.17427000000000009E-04
2.90717000000000015E-04
3.01715999999999996E-04
2.99957000000000001E-04
2.92876999999999981E-04
2.97145999999999977E-04
2.94666999999999976E-04
3.37417000000000012E-04
2.96397000000000002E-04
2.99317000000000008E-04
2.93585999999999977E-04
3.39927999999999975E-04
2.99856999999999999E-04
3.71327999999999979E-04
3.38278000000000016E-04
3.13137000000000007E-04
3.00695999999999982E-04
3.01335999999999976E-04
3.09006999999999977E-04
3.05257000000000022E-04
3.16846999999999984E-04
2.98516999999999988E-04
3.05446999999999978E-04
3.93799000000000015E-04
2.86655999999999988E-04
2.88647000000000003E-04
2.90986000000000022E-04
2.86575999999999975E-04
2.85057000000000019E-04
3.12937000000000002E-04
3.04046999999999998E-04
3.70098000000000020E-04
2.83635999999999979E-04
2.92866999999999986E-04
2.93296999999999980E-04
4.25134000000000026E-04
3.49006999999999974E-04
3.18806999999999999E-04
2.93585999999999977E-04
3.17066999999999978E-04
3.19487000000000026E-04
2.93396999999999983E-04
2.93637000000000021E-04
4.06088999999999994E-04
3.69547999999999979E-04
4.06779000000000016E-04
3.87739000000000009E-04
3.68458000000000002E-04
3.69719000000000016E-04
4.13909000000000011E-04
3.67258000000000027E-04
4.13809000000000008E-04
4.00888999999999976E-04
4.03949000000000018E-04
4.00168000000000008E-04
4.64190999999999974E-04
4.01288999999999986E-04
4.02509000000000005E-04
4.03578999999999993E-04
4.09128999999999992E-04
4.24129999999999993E-04
4.02279000000000015E-04
4.16539000000000004E-04
4.30800000000000009E-04
4.11648999999999988E-04
4.18250000000000002E-04
4.01009000000000023E-04
3.99488999999999996E-04
4.00179000000000019E-04
4.03429000000000016E-04
4.20358999999999978E-04
4.00529000000000000E-04
4.37790000000000022E-04
4.16419000000000012E-04
4.04930000000000014E-04
4.25388999999999975E-04
4.03959000000000013E-04
4.23690000000000004E-04
4.02069000000000016E-04
4.58049999999999994E-04
4.08198999999999986E-04
4.18199999999999974E-04
3.90587999999999981E-04
3.84158000000000004E-04
3.87409000000000017E-04
4.17379000000000003E-04
3.85988999999999994E-04
3.83058999999999993E-04
3.81938000000000015E-04
4.03969000000000008E-04
3.93098999999999998E-04
3.87719000000000019E-04
3.84358000000000009E-04
3.91868000000000023E-04
4.07268999999999980E-04
3.86587999999999992E-04
3.92649000000000015E-04
3.98329000000000001E-04
3.84748999999999985E-04
3.87357999999999973E-04
4.09550000000000007E-04
3.87847999999999991E-04
3.89799000000000027E-04
3.88879000000000015E-04
3.87017999999999987E-04
4.01528000000000009E-04
3.86577999999999998E-04
3.89819000000000016E-04
4.07898999999999979E-04
3.97769000000000020E-04
4.07128999999999998E-04
3.94788999999999991E-04
3.93919000000000007E-04
3.93208999999999996E-04
3.91668999999999980E-04
4.21219000000000020E-04
3.91709000000000013E-04
3.90439000000000020E-04
4.02528999999999994E-04
3.83818000000000017E-04
4.13889999999999983E-04
3.83047999999999982E-04
3.80748999999999996E-04
3.86469000000000016E-04
3.90037999999999995E-04
4.05009000000000011E-04
3.89727999999999993E-04
3.89338999999999994E-04
4.05498999999999974E-04
3.94419000000000020E-04
4.09919000000000017E-04
3.92478999999999994E-04
4.11179000000000015E-04
3.88078999999999996E-04
3.92928999999999978E-04
4.42830000000000014E-04
3.12636999999999995E-04
4.02018999999999987E-04
3.91419000000000001E-04
3.93868999999999979E-04
4.12608999999999979E-04
3.86958999999999979E-04
3.88567999999999997E-04
3.72239000000000012E-04
3.95548999999999977E-04
4.08638999999999975E-04
3.93789000000000021E-04
3.87568000000000027E-04
3.83467999999999982E-04
3.87519000000000014E-04
4.12549000000000010E-04
3.97328999999999976E-04
3.97149000000000015E-04
4.08229000000000025E-04
3.89219000000000002E-04
3.96598999999999975E-04
4.00878999999999981E-04
3.94339000000000007E-04
3.91609000000000011E-04
3.93317999999999977E-04
5.05468000000000020E-04
4.22617000000000023E-04
3.63198000000000015E-04
3.24176999999999983E-04
3.01016999999999995E-04
4.06638999999999981E-04
3.74628000000000005E-04
3.85798999999999984E-04
3.75187999999999986E-04
3.70488999999999996E-04
5.77185000000000024E-04
3.78547999999999981E-04
3.77069000000000004E-04
3.77008000000000020E-04
4.10610000000000001E-04
4.42438999999999983E-04
4.56409999999999975E-04
3.81738000000000010E-04
3.80589000000000025E-04
3.99628999999999978E-04
3.79548000000000006E-04
3.97379000000000005E-04
3.81918999999999987E-04
4.23979000000000001E-04
3.93728999999999997E-04
3.12566999999999977E-04
2.96646999999999981E-04
3.00196999999999986E-04
4.30828999999999978E-04
3.83849000000000017E-04
3.33417999999999985E-04
3.79821000000000021E-04
4.32900000000000006E-04
3.90308000000000018E-04
3.78727999999999997E-04
3.94239000000000004E-04
4.20148999999999978E-04
3.86259000000000016E-04
3.84569000000000024E-04
3.87678000000000024E-04
5.29873000000000041E-04
3.67007999999999994E-04
3.71028000000000026E-04
4.29444999999999979E-04
3.81267999999999982E-04
3.77679000000000014E-04
3.77738000000000021E-04
3.95709000000000002E-04
3.81098999999999978E-04
3.80168000000000010E-04
3.78578999999999982E-04
3.81257999999999988E-04
3.94698999999999983E-04
4.19700000000000010E-04
3.89998000000000016E-04
3.76998999999999986E-04
3.06676999999999991E-04
3.07467000000000016E-04
2.93176999999999988E-04
2.95726000000000008E-04
2.89296999999999992E-04
2.88906000000000015E-04
2.97496999999999974E-04
3.13916999999999983E-04
3.03666999999999978E-04
3.07257000000000016E-04
3.17896999999999982E-04
3.84307999999999980E-04
3.86369000000000014E-04
3.87478999999999981E-04
4.26039000000000018E-04
3.93799000000000015E-04
3.91848999999999995E-04
4.02599000000000012E-04
3.88298999999999990E-04
4.08698999999999998E-04
3.76098000000000003E-04
3.73168000000000002E-04
3.75868000000000014E-04
3.78348999999999992E-04
3.97559000000000020E-04
3.87829000000000017E-04
8.26283000000000030E-04
4.36499999999999985E-04
3.85598000000000017E-04
4.51750000000000003E-04
2.98667000000000019E-04
2.89165999999999989E-04
2.86005999999999999E-04
2.85725999999999981E-04
2.85285999999999992E-04
3.14206999999999995E-04
3.27967999999999988E-04
2.83105999999999983E-04
2.83185999999999995E-04
2.82716999999999984E-04
2.83085999999999993E-04
2.99476999999999979E-04
2.83336000000000026E-04
2.84545999999999996E-04
2.84616999999999975E-04
2.84176000000000025E-04
2.86617000000000024E-04
2.88586000000000018E-04
3.15867000000000003E-04
3.17366999999999985E-04
2.85887000000000023E-04
2.84706000000000022E-04
2.83495999999999998E-04
2.82306999999999979E-04
2.82126000000000002E-04
2.98467000000000014E-04
2.83085999999999993E-04
2.82747000000000022E-04
2.82416000000000015E-04
2.82756000000000001E-04
3.14006999999999991E-04
3.26468000000000006E-04
2.85136000000000016E-04
2.86596000000000019E-04
2.88446999999999998E-04
2.88286000000000011E-04
2.85536999999999987E-04
2.85175999999999995E-04
3.00716999999999987E-04
2.83725999999999987E-04
2.82987000000000006E-04
2.83376000000000005E-04
2.88296000000000006E-04
2.83377000000000021E-04
3.10566999999999983E-04
3.10917000000000018E-04
3.67068000000000017E-04
3.32487999999999978E-04
3.53256999999999996E-04
3.88418000000000021E-04
3.92198999999999976E-04
4.24274999999999999E-04
4.11128999999999987E-04
3.89988999999999982E-04
3.51498000000000001E-04
3.13996999999999996E-04
2.96165999999999997E-04
3.00337000000000021E-04
2.95596999999999982E-04
2.95496000000000018E-04
3.00076999999999993E-04
2.95217000000000016E-04
3.13127000000000013E-04
3.10556999999999988E-04
2.85315999999999977E-04
2.89987000000000014E-04
3.22926999999999980E-04
2.93317000000000024E-04
3.04225999999999997E-04
2.88806999999999974E-04
3.29367000000000006E-04
2.98086999999999994E-04
2.85766000000000015E-04
2.95896999999999989E-04
2.83366000000000011E-04
2.99007000000000005E-04
2.99466999999999984E-04
2.83205999999999985E-04
3.10797000000000026E-04
2.83046999999999975E-04
2.83515999999999987E-04
2.83136000000000021E-04
3.00176999999999996E-04
2.84826000000000014E-04
2.85626999999999995E-04
2.88035999999999978E-04
2.91877000000000011E-04
2.86066000000000022E-04
2.84786999999999996E-04
2.98846000000000018E-04
2.82836999999999976E-04
3.12236999999999985E-04
2.83735999999999982E-04
2.83535999999999977E-04
2.83746999999999992E-04
3.14377000000000016E-04
3.79848000000000013E-04
3.34967999999999995E-04
3.77997999999999995E-04
3.90137999999999997E-04
3.94119000000000012E-04
4.24428999999999985E-04
4.19729999999999995E-04
3.84998000000000003E-04
4.10419999999999991E-04
4.03818999999999977E-04
3.81538000000000005E-04
4.02208999999999998E-04
3.96478999999999983E-04
3.96978999999999995E-04
4.05309000000000019E-04
4.45279999999999992E-04
3.83939000000000025E-04
3.97369000000000010E-04
3.78389000000000026E-04
4.08899000000000003E-04
3.79978000000000000E-04
4.04948999999999988E-04
3.76959000000000007E-04
4.42850000000000004E-04
4.02909000000000015E-04
3.77927999999999977E-04
4.09699999999999984E-04
3.93238000000000019E-04
3.95277999999999992E-04
3.98419000000000008E-04
3.79078999999999994E-04
3.99129000000000020E-04
4.06708999999999998E-04
4.06838999999999985E-04
3.94559000000000001E-04
3.76708999999999974E-04
4.03498999999999980E-04
3.77077999999999984E-04
4.89756000000000045E-04
3.96017999999999989E-04
4.39119999999999983E-04
3.92949000000000022E-04
4.06779000000000016E-04
3.89299000000000014E-04
4.03849000000000016E-04
3.89548999999999993E-04
4.06208999999999986E-04
3.93159000000000021E-04
3.95928999999999997E-04
3.94818999999999975E-04
3.84917999999999990E-04
4.39759999999999977E-04
3.86489000000000006E-04
3.90479000000000000E-04
4.08859000000000024E-04
3.89719000000000014E-04
4.12788999999999994E-04
3.87709000000000025E-04
3.92259000000000000E-04
4.07248999999999990E-04
4.17748999999999974E-04
3.92198999999999976E-04
3.86489000000000006E-04
4.16299000000000020E-04
4.12598999999999984E-04
4.07319000000000008E-04
3.86067999999999991E-04
3.89909000000000024E-04
3.98429000000000003E-04
4.17958999999999974E-04
3.93098999999999998E-04
3.97479000000000007E-04
3.96578999999999985E-04
4.04018999999999982E-04
4.12739000000000020E-04
4.16489999999999992E-04
3.98309000000000011E-04
6.15954000000000046E-04
3.84118000000000025E-04
3.82957999999999975E-04
3.84149000000000025E-04
3.78148000000000026E-04
4.18293999999999990E-04
3.83388999999999985E-04
3.99039000000000013E-04
3.86338999999999975E-04
4.11358999999999976E-04
4.22768999999999977E-04
3.80908000000000006E-04
3.85319000000000015E-04
3.93259000000000024E-04
4.11548999999999986E-04
3.87068999999999976E-04
3.86548000000000013E-04
3.86298999999999996E-04
3.86338999999999975E-04
4.08498999999999993E-04
3.89079000000000020E-04
4.04609000000000002E-04
4.01879000000000006E-04
3.91028000000000024E-04
3.98678000000000021E-04
3.77558000000000006E-04
3.83788999999999994E-04
3.81377999999999980E-04
3.90088999999999985E-04
4.25778999999999990E-04
3.85829000000000022E-04
4.01058999999999997E-04
4.08318999999999978E-04
3.84198999999999999E-04
4.20369000000000027E-04
3.94098000000000007E-04
3.97869000000000022E-04
3.90139000000000013E-04
7.05076000000000010E-04
4.04369000000000017E-04
4.06628999999999986E-04
4.05358999999999993E-04
4.08390000000000012E-04
3.78078000000000008E-04
3.91428999999999996E-04
3.83869000000000007E-04
4.04318999999999989E-04
4.03739000000000018E-04
3.88067999999999985E-04
4.00327999999999979E-04
4.13418999999999994E-04
4.01278999999999991E-04
4.01698999999999991E-04
3.81907999999999976E-04
3.96127999999999986E-04
3.98319000000000006E-04
3.97149000000000015E-04
4.26119999999999993E-04
3.76088000000000008E-04
3.74319000000000019E-04
4.08068999999999999E-04
3.98228999999999998E-04
4.04259000000000020E-04
3.96299000000000022E-04
4.02809000000000012E-04
4.19409999999999998E-04
4.03329000000000014E-04
3.95528999999999987E-04
3.76147999999999977E-04
3.89348999999999988E-04
3.94029000000000005E-04
3.94319000000000017E-04
3.95978000000000009E-04
3.77208000000000025E-04
3.99659000000000017E-04
3.98519000000000011E-04
7.10061000000000004E-04
4.11627000000000022E-04
4.68109999999999989E-04
4.39980000000000026E-04
3.84648999999999983E-04
4.07919000000000022E-04
4.30270000000000012E-04
3.82517999999999986E-04
3.87058999999999982E-04
3.83408000000000013E-04
5.72772000000000038E-04
3.76378999999999982E-04
3.72577999999999983E-04
3.72239000000000012E-04
3.57287999999999985E-04
4.56630000000000024E-04
4.30229999999999979E-04
3.57968000000000012E-04
3.74798000000000026E-04
3.58217999999999991E-04
3.73947999999999978E-04
3.58657999999999980E-04
3.60358000000000022E-04
4.20499000000000014E-04
3.61567999999999991E-04
3.77159000000000012E-04
2.85576000000000005E-04
2.95737000000000018E-04
4.00138999999999985E-04
2.91516000000000019E-04
2.82186999999999987E-04
2.82316000000000012E-04
2.98987000000000016E-04
2.83525999999999982E-04
2.82765999999999996E-04
2.83177000000000016E-04
2.84386000000000025E-04
3.27467000000000014E-04
2.86055999999999973E-04
3.55128000000000019E-04
2.89185999999999979E-04
2.88507000000000021E-04
2.86806000000000018E-04
4.11347000000000004E-04
3.79608999999999990E-04
4.00089000000000011E-04
3.77287999999999983E-04
4.15134000000000000E-04
3.87488999999999976E-04
3.76798000000000020E-04
3.78348999999999992E-04
3.37376999999999979E-04
3.00486999999999998E-04
3.47747999999999992E-04
3.71857999999999976E-04
3.76358999999999993E-04
3.51906999999999990E-04
2.91987000000000008E-04
4.10198999999999980E-04
3.78588999999999976E-04
4.09368999999999976E-04
3.73348000000000018E-04
3.76449000000000000E-04
3.92478999999999994E-04
3.76457999999999979E-04
3.78668999999999989E-04
3.80747999999999981E-04
3.80138999999999987E-04
4.08628999999999980E-04
3.21177000000000018E-04
2.84596999999999986E-04
2.87075999999999987E-04
2.85205999999999979E-04
2.86496999999999978E-04
3.06197000000000023E-04
2.88166000000000019E-04
2.85956999999999986E-04
2.85205999999999979E-04
2.84795999999999975E-04
2.82747000000000022E-04
2.90555999999999974E-04
2.97117000000000008E-04
2.82736000000000012E-04
2.82257000000000005E-04
2.82865999999999999E-04
2.82905999999999978E-04
2.82857000000000019E-04
2.83015999999999975E-04
3.07367000000000013E-04
3.79067999999999983E-04
3.83708999999999982E-04
4.16998999999999983E-04
3.79618999999999985E-04
4.20428999999999996E-04
3.88948999999999979E-04
3.83168999999999990E-04
3.83867999999999991E-04
3.83988999999999999E-04
4.03229000000000011E-04
3.80799000000000025E-04
3.79508000000000026E-04
3.92749000000000017E-04
3.82999000000000024E-04
4.04718999999999999E-04
4.17108999999999980E-04
3.86259000000000016E-04
3.87028999999999997E-04
3.86848000000000020E-04
3.88899000000000005E-04
3.99159000000000005E-04
3.85729000000000020E-04
3.60017999999999981E-04
3.57997999999999997E-04
3.57258000000000000E-04
3.74337999999999993E-04
3.68108000000000020E-04
3.59367999999999992E-04
3.57167999999999993E-04
3.57118000000000019E-04
3.57468000000000000E-04
3.81577999999999984E-04
3.58568000000000027E-04
3.58468000000000024E-04
3.58278000000000014E-04
3.33698000000000002E-04
3.02257000000000003E-04
2.88325999999999990E-04
2.85756000000000020E-04
2.96336999999999978E-04
3.31227000000000019E-04
3.41407000000000006E-04
4.16020000000000018E-04
3.68677999999999996E-04
3.61347999999999997E-04
3.61858000000000004E-04
3.68018000000000013E-04
3.71998999999999973E-04
3.94458999999999999E-04
3.71957999999999978E-04
3.78878999999999989E-04
3.87898000000000019E-04
3.88498999999999995E-04
4.04359000000000023E-04
3.76478999999999985E-04
3.70157999999999989E-04
4.03099000000000025E-04
3.73168000000000002E-04
4.03249000000000001E-04
3.71978000000000022E-04
3.72347999999999993E-04
3.68197999999999974E-04
3.86858999999999977E-04
3.90769000000000012E-04
3.82748999999999991E-04
3.70247999999999996E-04
3.87939000000000014E-04
3.76688000000000023E-04
3.75848999999999986E-04
4.01068999999999991E-04
3.83017999999999998E-04
4.27970000000000011E-04
3.77138000000000007E-04
3.74119000000000014E-04
3.91758999999999987E-04
3.77948000000000021E-04
3.72867999999999995E-04
3.74249000000000001E-04
3.70377999999999983E-04
3.88618999999999987E-04
3.75438000000000020E-04
3.76918999999999974E-04
4.53339999999999993E-04
4.20020000000000007E-04
3.51068000000000007E-04
2.84956000000000001E-04
3.47547999999999987E-04
2.88645999999999987E-04
2.88656999999999998E-04
2.85825999999999984E-04
2.85607000000000005E-04
2.83945999999999981E-04
2.98086999999999994E-04
2.99336999999999997E-04
2.95196000000000011E-04
2.82847000000000025E-04
3.08655999999999980E-04
3.01986000000000019E-04
3.01866999999999988E-04
2.82975999999999996E-04
3.00367000000000006E-04
2.84606999999999981E-04
2.85446000000000018E-04
3.04496999999999982E-04
3.22737000000000024E-04
2.88817000000000023E-04
3.01456000000000022E-04
2.87387000000000005E-04
3.02916999999999987E-04
2.83176000000000001E-04
2.83185999999999995E-04
2.82696999999999994E-04
2.82265999999999984E-04
2.98196999999999991E-04
2.83205999999999985E-04
2.82606000000000025E-04
2.82816999999999986E-04
3.12807000000000016E-04
2.84665999999999988E-04
2.84977000000000006E-04
3.47286999999999997E-04
2.88827000000000018E-04
3.00906999999999997E-04
2.86196000000000009E-04
2.85735999999999976E-04
2.84696999999999988E-04
2.83525999999999982E-04
2.98846999999999980E-04
2.83625999999999984E-04
3.11936999999999978E-04
2.83456999999999980E-04
2.83015999999999975E-04
2.83285999999999998E-04
2.83497000000000013E-04
1.27368800000000003E-03
4.30959999999999980E-04
3.41336999999999988E-04
3.55827999999999982E-04
3.58268000000000020E-04
3.56378000000000022E-04
3.79457999999999998E-04
3.82589000000000019E-04
3.66487999999999992E-04
4.14268999999999987E-04
3.85278999999999982E-04
3.75968000000000016E-04
3.83099000000000026E-04
3.94998999999999990E-04
4.14339000000000005E-04
3.77738999999999983E-04
3.77907999999999987E-04
3.78868999999999994E-04
4.10669000000000008E-04
3.79269000000000004E-04
3.80637999999999983E-04
3.82038999999999979E-04
3.82197999999999989E-04
4.06098999999999989E-04
3.70338000000000004E-04
3.37876999999999991E-04
3.54237999999999992E-04
3.46878000000000008E-04
3.30958000000000012E-04
3.71028000000000026E-04
3.54237999999999992E-04
3.23626999999999997E-04
2.86386999999999981E-04
3.40516999999999979E-04
3.06976999999999999E-04
3.08656999999999996E-04
2.86197000000000025E-04
2.86965999999999990E-04
2.90586999999999974E-04
2.88506000000000006E-04
2.86855999999999992E-04
2.88117000000000006E-04
1.40297100000000004E-03
4.54410999999999997E-04
3.54446999999999976E-04
2.84475999999999978E-04
2.83066000000000003E-04
2.82696999999999994E-04
3.01576000000000014E-04
2.83577000000000026E-04
2.83305999999999988E-04
3.00516999999999982E-04
2.84416000000000009E-04
2.88707000000000026E-04
3.19856999999999997E-04
2.89316000000000020E-04
3.39538000000000014E-04
2.86645999999999993E-04
3.01167000000000025E-04
2.83997000000000025E-04
2.83085999999999993E-04
2.82826000000000019E-04
2.82047000000000005E-04
2.85395999999999990E-04
2.94356999999999974E-04
2.98375999999999991E-04
2.83016999999999991E-04
2.91196000000000022E-04
2.96277000000000010E-04
2.84706000000000022E-04
2.85746999999999987E-04
2.90515999999999995E-04
3.03817000000000008E-04
2.89196999999999989E-04
2.85815999999999989E-04
2.84826000000000014E-04
2.83367000000000026E-04
2.83075999999999998E-04
2.82475999999999984E-04
3.20798000000000014E-04
3.15197000000000025E-04
2.82716000000000022E-04
3.02096999999999978E-04
2.83366000000000011E-04
2.82885999999999988E-04
3.00516000000000021E-04
2.85006999999999990E-04
3.05746000000000023E-04
2.97555999999999982E-04
2.88486999999999977E-04
2.88276000000000016E-04
5.61722999999999975E-04
2.86565999999999980E-04
2.86465999999999978E-04
2.84366999999999997E-04
2.84186000000000020E-04
2.96167000000000012E-04
3.00237000000000019E-04
3.25817000000000001E-04
2.82675999999999988E-04
2.82726999999999978E-04
2.83566000000000016E-04
2.84296000000000017E-04
3.25718000000000014E-04
2.85056000000000003E-04
2.86527000000000016E-04
2.88355999999999975E-04
2.88855999999999987E-04
2.86086999999999973E-04
2.85646000000000023E-04
3.00167000000000001E-04
2.83656000000000023E-04
2.83246999999999980E-04
2.83085999999999993E-04
2.83236000000000024E-04
2.82847000000000025E-04
3.11787000000000002E-04
3.11427000000000025E-04
2.84196000000000015E-04
2.84795999999999975E-04
2.85187000000000006E-04
2.85945999999999976E-04
2.98536999999999978E-04
3.04667000000000002E-04
2.88476000000000021E-04
2.85067000000000014E-04
2.84826000000000014E-04
2.84375999999999976E-04
2.82637000000000025E-04
2.91765999999999998E-04
2.98037000000000020E-04
2.82485999999999978E-04
2.82947000000000027E-04
2.82186000000000025E-04
2.82316000000000012E-04
2.82857000000000019E-04
2.83535999999999977E-04
3.00367000000000006E-04
2.84675999999999983E-04
2.85577000000000020E-04
2.87736000000000025E-04
2.88105999999999996E-04
2.92307000000000005E-04
2.84746000000000001E-04
2.98547000000000027E-04
5.07912000000000012E-04
5.39096999999999992E-04
3.92547999999999996E-04
4.21229999999999977E-04
3.82497999999999996E-04
3.76938000000000002E-04
4.16238999999999997E-04
3.97899000000000007E-04
3.97789000000000009E-04
4.05399999999999988E-04
3.78688000000000017E-04
3.80968999999999991E-04
3.82028000000000023E-04
4.28439999999999984E-04
4.02889000000000025E-04
3.91228999999999991E-04
3.97918999999999996E-04
3.89988000000000021E-04
4.07250000000000006E-04
3.85998000000000027E-04
3.79869000000000018E-04
4.00858999999999992E-04
3.98399000000000019E-04
4.02089000000000005E-04
4.24508999999999997E-04
3.77498999999999999E-04
4.06599000000000001E-04
3.99618999999999983E-04
4.10469000000000003E-04
4.05099000000000019E-04
3.79047999999999993E-04
3.83359000000000000E-04
4.09858999999999994E-04
4.03249000000000001E-04
4.40979999999999996E-04
3.77638000000000019E-04
3.97818999999999994E-04
3.93929000000000002E-04
4.99001000000000002E-04
4.04730000000000009E-04
3.28586999999999976E-04
3.02186999999999985E-04
2.84896999999999993E-04
3.11506999999999984E-04
3.74632999999999976E-04
2.94807000000000012E-04
2.97416000000000000E-04
3.15207000000000020E-04
2.97456999999999995E-04
3.08217000000000007E-04
3.39218000000000017E-04
3.37276999999999976E-04
2.84247000000000004E-04
3.13066999999999989E-04
3.14487000000000013E-04
3.36147000000000019E-04
3.00147000000000011E-04
2.82995999999999985E-04
2.83077000000000014E-04
2.84155999999999981E-04
3.03116999999999991E-04
2.84855999999999998E-04
2.86347000000000001E-04
3.06337000000000005E-04
2.88455999999999977E-04
2.86027000000000004E-04
2.89656000000000006E-04
3.51307999999999991E-04
2.83295999999999993E-04
2.99546999999999997E-04
2.83215999999999980E-04
2.83466999999999975E-04
2.83525999999999982E-04
2.83105999999999983E-04
2.83216999999999996E-04
2.83136000000000021E-04
3.11007000000000026E-04
2.85116999999999988E-04
2.96766000000000011E-04
2.86806999999999980E-04
3.13816999999999981E-04
2.89416000000000022E-04
2.86376999999999986E-04
3.11467000000000005E-04
2.85945999999999976E-04
2.83105999999999983E-04
2.83676999999999974E-04
2.82975999999999996E-04
2.82966000000000001E-04
2.99827000000000015E-04
4.38110000000000019E-04
5.95999999999999959E-04
3.46466999999999988E-04
4.28987999999999993E-04
3.76257999999999974E-04
3.84138999999999976E-04
3.80079000000000018E-04
3.55028000000000017E-04
2.92776000000000017E-04
2.93757000000000013E-04
3.05736999999999990E-04
2.83935999999999987E-04
3.41128000000000004E-04
2.82785999999999986E-04
2.83476000000000008E-04
2.82437000000000020E-04
2.82665999999999994E-04
2.82175999999999976E-04
2.82516999999999979E-04
2.98526000000000021E-04
3.00877000000000013E-04
2.91977000000000013E-04
2.86155999999999975E-04
2.86046999999999994E-04
3.10886999999999980E-04
2.90066000000000011E-04
3.03346999999999981E-04
2.90645999999999982E-04
3.27867999999999985E-04
2.83556000000000021E-04
2.83207000000000001E-04
2.82775999999999991E-04
3.00657000000000018E-04
2.82775999999999991E-04
2.82926000000000022E-04
2.95366999999999993E-04
2.83625999999999984E-04
2.93066999999999991E-04
2.84286000000000022E-04
3.19236999999999993E-04
3.88328999999999975E-04
4.02778999999999973E-04
3.89929000000000013E-04
3.84018999999999984E-04
3.21497000000000015E-04
3.28097000000000013E-04
2.83387000000000016E-04
3.26627000000000015E-04
4.49521999999999997E-04
3.98202000000000007E-04
3.88439000000000026E-04
4.00939000000000005E-04
3.42568000000000017E-04
3.06896999999999986E-04
3.03586000000000003E-04
2.85505999999999987E-04
2.96536999999999983E-04
2.86896000000000026E-04
3.03556999999999980E-04
2.88635999999999992E-04
2.86166999999999986E-04
3.00206000000000019E-04
2.83907000000000018E-04
2.83315999999999982E-04
3.22686999999999996E-04
3.76248999999999995E-04
3.70287999999999976E-04
4.12918999999999981E-04
3.86997999999999997E-04
3.92278999999999989E-04
3.79178999999999996E-04
3.79518000000000021E-04
4.02379000000000018E-04
3.84159000000000020E-04
3.86599000000000003E-04
4.12068999999999988E-04
3.85439000000000007E-04
3.97748000000000014E-04
3.84688000000000000E-04
3.95589000000000010E-04
3.78158999999999982E-04
3.76368000000000026E-04
4.02469000000000026E-04
3.85199000000000023E-04
3.81347999999999995E-04
3.81638000000000008E-04
3.94549000000000006E-04
4.24589000000000010E-04
3.97467999999999997E-04
3.79797999999999985E-04
4.74391000000000005E-04
4.14129000000000005E-04
3.94178999999999981E-04
3.92239000000000010E-04
4.14678999999999992E-04
3.81579000000000000E-04
3.82947999999999980E-04
4.01578999999999998E-04
3.87258999999999986E-04
4.03769000000000003E-04
3.86139000000000024E-04
3.82698000000000001E-04
3.88938999999999984E-04
3.81928999999999982E-04
3.94088000000000012E-04
4.01078000000000025E-04
3.89698000000000008E-04
3.97858999999999973E-04
3.86289000000000001E-04
4.12278999999999987E-04
4.02978999999999978E-04
3.91579000000000026E-04
3.86159000000000014E-04
3.86997999999999997E-04
3.94519000000000022E-04
3.98499000000000021E-04
3.95748999999999981E-04
3.88208999999999982E-04
3.82338000000000025E-04
3.94358999999999996E-04
4.08498999999999993E-04
3.87788000000000022E-04
4.10688999999999998E-04
3.81308999999999977E-04
3.88759000000000023E-04
4.28418999999999979E-04
3.88818999999999992E-04
3.90418999999999977E-04
3.89639000000000001E-04
6.85920000000000019E-04
3.89189000000000017E-04
3.67719999999999983E-04
3.83788999999999994E-04
5.18311000000000032E-04
3.86958999999999979E-04
4.24969999999999992E-04
3.88367999999999992E-04
3.89248999999999986E-04
7.61217000000000013E-04
4.14450000000000018E-04
3.93038000000000014E-04
4.22269999999999980E-04
4.46219999999999993E-04
4.00489000000000021E-04
4.21339000000000013E-04
3.97118999999999977E-04
3.98168999999999975E-04
3.96759000000000001E-04
3.92459000000000004E-04
5.16921999999999954E-04
4.15758999999999975E-04
3.92608999999999981E-04
3.93528999999999993E-04
4.24308999999999993E-04
4.43230000000000024E-04
3.47938000000000002E-04
3.53637999999999978E-04
3.49637999999999989E-04
3.50108000000000016E-04
3.76227999999999990E-04
3.60967999999999977E-04
3.50938000000000020E-04
3.94099000000000023E-04
3.74667999999999985E-04
3.88469000000000010E-04
4.08459000000000014E-04
6.56723000000000007E-04
5.25947000000000025E-04
4.56609999999999980E-04
4.33100000000000011E-04
3.77379000000000007E-04
3.77658000000000008E-04
3.97188999999999995E-04
3.78188000000000005E-04
3.79078999999999994E-04
3.79098000000000022E-04
3.81349000000000011E-04
3.96759000000000001E-04
3.90679000000000005E-04
3.94319000000000017E-04
3.92237999999999994E-04
3.79938999999999982E-04
3.95159000000000016E-04
3.91169000000000022E-04
4.23695999999999990E-04
4.11211999999999992E-04
3.78389000000000026E-04
3.89758999999999993E-04
3.91187999999999996E-04
3.77878000000000003E-04
4.07758999999999997E-04
3.79628999999999980E-04
4.05498999999999974E-04
3.80927999999999996E-04
3.82558999999999981E-04
4.03759000000000008E-04
3.93838999999999995E-04
3.93948999999999992E-04
3.96739000000000011E-04
3.92067999999999974E-04
3.94088000000000012E-04
3.79108999999999978E-04
3.90898999999999999E-04
3.97438999999999974E-04
6.77140000000000012E-04
4.00014000000000023E-04
3.43718000000000018E-04
3.61797999999999981E-04
3.53747999999999975E-04
3.48518000000000027E-04
3.89168000000000012E-04
3.54708000000000020E-04
3.48297999999999978E-04
3.69197999999999998E-04
3.49237000000000017E-04
3.59248000000000000E-04
3.84509000000000001E-04
3.71498000000000000E-04
3.81828000000000018E-04
3.93489000000000013E-04
3.78027999999999979E-04
4.00209000000000003E-04
4.12890000000000013E-04
3.92278999999999989E-04
3.95438000000000018E-04
4.19889000000000004E-04
4.19318999999999974E-04
4.03449000000000006E-04
4.28999000000000004E-04
3.97659000000000022E-04
3.95479000000000013E-04
4.36740000000000023E-04
4.01469000000000001E-04
4.01168999999999994E-04
4.21219000000000020E-04
4.33630000000000007E-04
3.95948999999999986E-04
4.11548999999999986E-04
3.97958999999999976E-04
3.93238999999999980E-04
4.17598999999999998E-04
4.17298999999999990E-04
4.09069000000000023E-04
3.92268999999999994E-04
4.01188999999999984E-04
4.34640000000000026E-04
4.02548999999999984E-04
4.00809000000000018E-04
4.00059000000000027E-04
3.99428999999999973E-04
4.33449999999999992E-04
4.06979000000000021E-04
3.99808999999999993E-04
4.23429000000000015E-04
3.74969000000000008E-04
3.79518000000000021E-04
3.88989000000000012E-04
3.61728000000000017E-04
3.66049000000000018E-04
3.68797999999999988E-04
3.87178999999999974E-04
3.71358000000000018E-04
3.60068000000000009E-04
4.09778999999999981E-04
3.81329000000000021E-04
4.01979000000000008E-04
4.04928999999999999E-04
3.86528999999999985E-04
3.67278000000000016E-04
4.00248999999999982E-04
3.90418999999999977E-04
4.01469000000000001E-04
4.07548999999999997E-04
3.85829000000000022E-04
3.87767999999999978E-04
3.98888999999999982E-04
4.10060000000000014E-04
3.88377999999999987E-04
3.85219000000000013E-04
3.87478999999999981E-04
3.96168999999999981E-04
4.20558999999999983E-04
3.93929000000000002E-04
4.28410000000000000E-04
3.83848000000000002E-04
3.91789000000000026E-04
4.03598999999999983E-04
4.02719000000000004E-04
3.77438999999999975E-04
3.14326999999999987E-04
2.85515999999999982E-04
3.11027000000000016E-04
2.84757000000000011E-04
3.33417000000000023E-04
4.03339000000000009E-04
3.99928999999999985E-04
3.89729000000000009E-04
4.09279000000000023E-04
3.85869000000000001E-04
4.50529999999999984E-04
4.11148999999999976E-04
3.91519000000000003E-04
4.04098999999999995E-04
3.95538999999999982E-04
4.07619000000000015E-04
3.76168999999999983E-04
4.05759000000000002E-04
4.04179000000000007E-04
4.28160000000000021E-04
3.88699000000000000E-04
3.91168000000000006E-04
4.30199999999999994E-04
4.09148999999999982E-04
3.77288999999999999E-04
3.90818999999999986E-04
3.95687999999999997E-04
4.14790000000000005E-04
4.36729999999999974E-04
3.87288000000000009E-04
4.06269000000000009E-04
3.92377999999999976E-04
3.97569000000000015E-04
5.53212999999999990E-04
4.98501000000000044E-04
3.75548000000000017E-04
3.90687999999999984E-04
4.48229999999999983E-04
3.93369000000000021E-04
3.96229000000000004E-04
4.12618999999999974E-04
3.96209000000000014E-04
4.07568999999999987E-04
3.85537999999999994E-04
3.92129000000000013E-04
4.02758999999999984E-04
3.82999000000000024E-04
3.94568999999999996E-04
3.71668000000000020E-04
3.74327999999999998E-04
3.81798999999999995E-04
3.91148999999999978E-04
4.03398999999999978E-04
3.88008999999999978E-04
3.99369000000000004E-04
3.99789000000000004E-04
3.85577999999999973E-04
4.06249000000000020E-04
3.90767999999999996E-04
4.12450000000000024E-04
3.92347999999999991E-04
3.86139000000000024E-04
4.16419000000000012E-04
3.83477999999999976E-04
4.25340000000000017E-04
3.99188999999999989E-04
3.86807999999999987E-04
3.94508999999999973E-04
3.77418999999999986E-04
3.88628999999999982E-04
3.94418000000000004E-04
3.94877999999999982E-04
5.96033999999999952E-04
4.12419000000000023E-04
3.84699000000000011E-04
3.96499000000000027E-04
3.83447999999999992E-04
3.79749000000000026E-04
3.95928999999999997E-04
3.81067999999999977E-04
3.78168999999999977E-04
3.78798000000000014E-04
3.77669000000000019E-04
4.01979000000000008E-04
3.78637999999999989E-04
3.77659000000000024E-04
4.05274000000000010E-04
3.80388000000000004E-04
3.95008999999999985E-04
3.91108999999999999E-04
3.55158000000000004E-04
3.09736999999999979E-04
2.88645999999999987E-04
3.24886999999999995E-04
2.85835999999999979E-04
2.84406999999999976E-04
2.83495999999999998E-04
2.82966000000000001E-04
2.99346999999999992E-04
3.00836999999999979E-04
2.83115999999999977E-04
2.82936999999999978E-04
2.82936000000000016E-04
2.90796000000000012E-04
2.83026999999999986E-04
2.99886000000000022E-04
3.08957000000000003E-04
2.85326999999999987E-04
3.31877000000000007E-04
3.02047000000000003E-04
2.88896999999999982E-04
3.01085999999999997E-04
2.86737000000000016E-04
2.84206000000000009E-04
2.82736999999999973E-04
2.82975999999999996E-04
2.82995999999999985E-04
2.82997000000000001E-04
4.20819000000000011E-04
3.95809000000000005E-04
3.33417999999999985E-04
2.90745999999999984E-04
3.25997999999999978E-04
3.16656000000000012E-04
2.86916999999999977E-04
2.87666000000000007E-04
2.88837000000000013E-04
2.89516000000000025E-04
2.87287000000000002E-04
3.01827000000000009E-04
3.52717000000000004E-04
2.95276000000000024E-04
2.83856999999999990E-04
2.86665999999999982E-04
2.83315999999999982E-04
2.99786999999999981E-04
2.82636000000000009E-04
3.03436999999999988E-04
2.88156999999999986E-04
3.01796000000000009E-04
2.84867000000000009E-04
2.84665999999999988E-04
3.40248000000000026E-04
2.88256000000000027E-04
2.88497000000000026E-04
2.86726000000000006E-04
2.85047000000000024E-04
2.84375999999999976E-04
2.96277000000000010E-04
3.14836999999999994E-04
2.83156000000000011E-04
2.83105999999999983E-04
2.82906999999999994E-04
2.82805999999999975E-04
3.00086999999999988E-04
3.38777000000000013E-04
2.94336000000000023E-04
3.45137999999999988E-04
3.26566999999999992E-04
3.13826999999999975E-04
3.63237999999999994E-04
3.76337999999999987E-04
3.23407000000000002E-04
2.89907000000000001E-04
3.02457000000000008E-04
2.90916000000000004E-04
3.15246999999999999E-04
3.70828000000000021E-04
4.15008999999999983E-04
3.76478000000000023E-04
3.77228999999999976E-04
3.74557999999999987E-04
3.81149000000000006E-04
4.20930999999999985E-04
5.30222000000000007E-04
4.21680000000000015E-04
4.27461999999999981E-04
3.92557999999999991E-04
