34.982906348231062
0.00033437500000000004
0.00023497000000000001
0.00023044100000000001
0.00023297600000000003
0.00026527100000000003
0.0016112910000000002
0.00024308400000000002
0.00023755800000000002
0.00023281300000000001
0.00022927100000000002
0.00023013700000000002
0.00023893500000000002
0.00022095100000000002
0.00017564500000000002
0.00019784300000000001
0.00022209900000000002
0.00022091800000000001
0.00026284400000000003
0.00022910900000000002
0.000172633
0.00017164700000000001
0.000172232
0.000172449
0.00023200100000000002
0.000174258
0.000172232
0.00017216700000000001
0.000172005
0.00017365100000000001
0.00017439900000000002
0.00017483200000000001
0.00017604600000000001
0.00017677200000000001
0.000176479
0.00017415
0.00026484800000000004
0.000251718
0.00023204400000000002
0.00032186600000000002
0.00023278100000000002
0.00023293200000000001
0.00022907500000000003
0.00024632300000000001
0.00022245600000000003
0.00022290100000000001
0.00022388700000000001
0.00022421100000000001
0.00022551200000000001
0.00022781900000000001
0.00022740700000000003
0.00022745100000000001
0.00019523200000000002
0.000194842
0.00017260100000000001
0.00018047700000000001
0.000202642
0.00022106900000000001
0.000232575
0.00023468700000000002
0.00017177700000000002
0.00017135500000000002
0.00020896900000000001
0.00024442700000000002
0.000220788
0.00022581500000000001
0.00027695000000000004
0.000245706
0.00024577000000000003
0.00024376600000000002
0.00024316000000000002
0.00024352800000000002
0.00028148800000000004
0.00023642100000000001
0.00028236600000000004
0.00023606300000000001
0.00041612800000000004
0.000365996
0.00022085300000000002
0.00021940200000000002
0.000172752
0.00017354300000000002
0.00017358600000000001
0.00017519000000000001
0.00017560200000000002
0.00017602400000000002
0.00017395400000000001
0.00019384500000000003
0.000171528
0.00017113800000000001
0.000171041
0.00017136500000000001
0.00017117
0.00025740499999999999
0.00021333500000000002
0.00017160400000000001
0.00017110500000000001
0.00020602200000000001
0.00018030300000000001
0.00019490700000000002
0.00017522200000000002
0.000175384
0.00017682600000000002
0.000173673
0.00017250300000000001
0.00017420400000000001
0.00021746200000000003
0.00019276200000000002
0.00017073700000000002
0.00017127900000000001
0.00017123500000000002
0.000191158
0.00017120300000000001
0.00017102900000000001
0.00020541600000000001
0.000173229
0.00019028
0.00017535200000000001
0.00017541800000000002
0.000176002
0.00017350000000000002
0.00017298000000000001
0.00018802700000000001
0.00019174400000000001
0.000171583
0.00017151700000000002
0.00017150700000000002
0.00017118100000000001
0.00017164700000000001
0.00017160400000000001
0.00017127900000000001
0.00017276300000000001
0.00017424700000000001
0.000173847
0.00018693400000000001
0.000275381
0.00024271600000000003
0.00025954
0.000273808
0.00022816600000000002
0.00023525100000000001
0.00023649600000000002
0.00025948600000000002
0.00023338800000000001
0.00023858800000000003
0.00023383100000000002
0.00023491500000000001
0.00026063400000000004
0.00023812100000000002
0.00023466600000000002
0.00024001800000000002
0.00026615900000000002
0.00026173900000000004
0.00024083100000000003
0.00024024500000000001
0.00024007200000000003
0.00023905400000000002
0.00023833800000000002
0.00037287000000000003
0.00024169700000000003
0.00021522000000000002
0.00019385600000000001
0.00018946800000000001
0.00018408400000000002
0.00017195100000000002
0.00030247300000000004
0.000220084
0.00022081000000000002
0.00022124300000000001
0.00021255500000000001
0.00021093000000000002
0.00022476400000000002
0.00024194600000000002
0.00021830800000000001
0.00021750500000000003
0.000178591
0.00017168000000000001
0.000186684
0.00017180900000000001
0.00017199400000000002
0.00017186300000000002
0.00019101800000000002
0.00017412800000000001
0.000174074
0.00017417100000000001
0.00020409400000000001
0.00021835000000000002
0.00017750800000000002
0.00018489600000000001
0.00024285600000000001
0.00023514200000000001
0.00028022499999999999
0.00023258600000000001
0.00023130700000000001
0.00022907600000000001
0.00023909700000000002
0.00023948700000000001
0.00023667000000000002
0.00023697400000000001
0.00026143600000000004
0.00023828400000000001
0.00024347400000000001
0.00024034200000000002
0.00024014800000000001
0.00024025600000000003
0.000244102
0.00027043800000000002
0.00023928100000000002
0.00025611700000000004
0.00023925900000000002
0.000229726
0.00023346400000000001
0.00023437300000000001
0.00023836000000000002
0.00024314900000000001
0.00024401500000000001
0.000244329
0.00026068800000000002
0.00024628000000000003
0.00023933500000000003
0.00024041800000000003
0.00024660400000000004
0.00024274700000000003
0.00023209800000000003
0.00023326900000000001
0.00023953100000000002
0.000251621
0.00023845800000000001
0.00023146000000000001
0.00023662700000000002
0.00026584500000000001
0.00023586900000000001
0.00091457000000000007
0.00039904300000000002
0.00064273500000000007
0.00034657600000000002
0.00027757200000000002
0.00024428600000000003
0.00026568199999999999
0.00023367
0.00025881400000000001
0.00023410300000000002
0.00022516500000000002
0.000244264
0.00027498300000000002
0.00022384300000000002
0.00023180600000000001
0.00022453700000000002
0.00023428700000000002
0.00026651700000000002
0.00022594500000000002
0.00023445000000000001
0.00026787100000000004
0.000236247
0.000247352
0.00023598800000000002
0.00030581500000000003
0.00025644099999999999
0.00023821900000000002
0.00023673500000000002
0.00024329000000000001
0.000253257
0.00022700700000000002
0.00017217800000000002
0.00017198300000000001
0.00019358500000000002
0.00022765700000000001
0.00023451400000000001
0.000231611
0.00022771100000000002
0.00023123200000000002
0.00025410100000000001
0.00023746100000000001
0.00023439500000000001
0.000269945
0.00024656200000000003
0.00024317100000000001
0.00022510000000000002
0.00022563100000000001
0.00024737400000000002
0.00022472100000000002
0.00022526200000000003
0.00024777499999999999
0.00025603000000000003
0.00022685500000000001
0.00022729900000000001
0.00022802500000000003
0.00024820800000000003
0.00023092800000000001
0.00022992100000000001
0.00022667000000000002
0.00026424200000000004
0.000226877
0.00022521900000000003
0.000225338
0.00022567500000000002
0.00024461200000000001
0.00055525300000000002
0.00025033200000000003
0.00024139400000000003
0.00020159100000000002
0.00017379200000000001
0.00017368400000000001
0.00019333600000000001
0.00017554700000000002
0.000176381
0.000212988
0.00017435600000000002
0.00017291500000000002
0.000173196
0.00017149600000000001
0.00017135500000000002
0.00018996700000000001
0.00017177700000000002
0.000171409
0.00017213500000000002
0.00017187500000000002
0.000171788
0.000173153
0.00020922800000000002
0.00018525400000000001
0.00017476700000000002
0.00019061600000000001
0.00017651100000000002
0.00017921900000000002
0.00017282800000000001
0.00018867700000000002
0.00017191800000000002
0.00017171300000000001
0.00017170100000000002
0.000171745
0.00019058400000000002
0.00017190800000000002
0.00018942500000000001
0.000172015
0.00017361900000000002
0.00017363
0.00017395500000000002
0.000175472
0.00017624000000000001
0.00019473300000000002
0.00017338000000000002
0.00018237200000000001
0.000191733
0.00017196100000000002
0.00017168000000000001
0.000171831
0.00017195000000000001
0.00018987000000000002
0.000172275
0.000171354
0.000172287
0.00017260100000000001
0.00017387900000000002
0.000173597
0.00021052900000000002
0.000175775
0.00019154900000000001
0.000173532
0.00017318600000000001
0.00017185300000000002
0.00017161500000000002
0.00017198200000000002
0.00018960900000000001
0.00018054200000000001
0.000171702
0.00018769200000000002
0.00021984600000000002
0.00017132200000000001
0.000172492
0.000173294
0.000173847
0.00019375800000000001
0.00017606700000000002
0.000175656
0.00017354300000000002
0.00017290400000000001
0.00017291500000000002
0.00017145300000000001
0.00019036700000000002
0.00018895900000000002
0.00017169
0.000171409
0.00017170100000000002
0.00017153900000000001
0.00017142000000000001
0.000171788
0.00020698600000000001
0.00023316000000000002
0.00025744900000000004
0.00037993300000000005
0.00024737400000000002
0.00024422100000000003
0.00026363999999999999
0.000227223
0.000261403
0.00025595400000000002
0.00017855900000000001
0.00017246000000000001
0.00022649800000000003
0.00022929300000000002
0.00025054800000000001
0.00022326900000000001
0.000240852
0.000228361
0.00022986600000000001
0.00023162200000000001
0.00022467800000000002
0.00024409200000000001
0.00020918600000000001
0.00026313600000000002
0.00017358600000000001
0.00018020500000000001
0.000224775
0.00021712600000000002
0.00021773300000000001
0.000202544
0.00018728000000000001
0.000172189
0.000171972
0.00017320700000000001
0.00019257700000000001
0.00022495900000000003
0.00017531900000000001
0.00020086500000000002
0.000176522
0.00017484300000000002
0.000173272
0.000171874
0.00017216700000000001
0.00018491900000000002
0.00017348900000000001
0.00017248200000000001
0.00019508100000000003
0.00017282800000000001
0.00017216700000000001
0.000189025
0.000173857
0.00018899200000000002
0.00017501700000000002
0.00018613100000000002
0.00023292200000000002
0.00019442
0.000174551
0.000209998
0.00023021300000000003
0.000227006
0.00022466700000000001
0.000232835
0.00025035300000000003
0.00022762500000000002
0.00022272700000000001
0.00022445000000000001
0.00023131900000000001
0.00024904199999999999
0.000233496
0.00024149100000000001
0.00023238000000000002
0.00023480700000000002
0.00024854400000000001
0.00024452499999999999
0.00025099300000000003
0.00023338800000000001
0.00024890099999999999
0.00022586900000000002
0.00076566800000000006
0.00023745000000000003
0.00023965000000000002
0.000262876
0.00023718
0.00025758900000000002
0.00023307400000000003
0.00022959500000000003
0.00023311700000000002
0.00023616200000000002
0.00025285600000000003
0.00023321400000000001
0.00023131800000000002
0.000231253
0.00022302000000000002
0.00020003100000000001
0.00017246000000000001
0.000193477
0.00019515600000000001
0.00017165800000000002
0.00017221000000000001
0.00019124500000000002
0.00017194000000000001
0.00017381300000000001
0.000174475
0.00017467000000000001
0.00017611100000000001
0.00019555700000000001
0.00017680400000000002
0.00017415
0.00017366300000000001
0.00018570900000000002
0.000171311
0.00017168000000000001
0.00017170100000000002
0.00017203700000000002
0.000171452
0.00017185300000000002
0.00017203800000000001
0.000190237
0.00017305600000000002
0.000173673
0.000192036
0.000175396
0.000176393
0.00017653300000000001
0.00017434400000000002
0.00017279600000000002
0.00017146300000000001
0.00017166800000000001
0.00017119200000000002
0.00019343400000000001
0.00019032400000000002
0.00018151700000000002
0.00017190700000000001
0.00017203700000000002
0.00017188500000000001
0.00017328300000000001
0.000173933
0.00017392200000000002
0.00017565500000000001
0.00017601300000000001
0.00017685800000000001
0.00019167900000000002
0.00019213300000000001
0.000173251
0.00017191800000000002
0.00017167900000000002
0.00017151700000000002
0.00017123600000000001
0.00017169100000000002
0.00017187500000000002
0.00017151800000000001
0.000171755
0.00017305600000000002
0.00017386800000000001
0.00020315100000000002
0.000175341
0.0001761
0.00017671700000000001
0.00017428000000000002
0.000173196
0.00018976100000000001
0.00017165800000000002
0.00029409400000000001
0.00030386000000000004
0.00026865100000000001
0.000172091
0.00017201600000000001
0.000172189
0.00017182100000000001
0.00017326100000000002
0.00017381300000000001
0.000197247
0.00017593700000000001
0.00017723700000000001
0.00018867800000000001
0.00017431200000000001
0.000172752
0.000189707
0.00017181000000000002
0.000172189
0.000171831
0.00017167900000000002
0.00017162500000000001
0.00019082300000000001
0.00017196100000000002
0.000172308
0.00017260000000000002
0.00017378100000000002
0.00017436600000000002
0.00017524400000000002
0.00017606800000000001
0.000176338
0.00017444200000000002
0.00018824400000000001
0.00017185200000000001
0.00017160400000000001
0.00020731100000000001
0.00020448300000000001
0.000172015
0.00017194000000000001
0.000172146
0.000171886
0.000171831
0.00017314200000000002
0.00017364
0.00017439900000000002
0.000232489
0.00025361400000000004
0.00020932600000000002
0.00017450700000000001
0.00017359800000000001
0.00017274100000000002
0.000171712
0.00019008500000000002
0.00017163600000000002
0.000171712
0.00017195000000000001
0.00019551300000000002
0.00020341100000000002
0.00021277200000000002
0.000173012
0.00017344500000000002
0.000173976
0.000174864
0.000175785
0.00017611000000000002
0.000173759
0.00019463600000000001
0.00017185300000000002
0.00017196100000000002
0.00017184200000000001
0.00019115900000000002
0.000189273
0.00017222100000000002
0.00017225400000000002
0.00017172300000000001
0.00017168000000000001
0.000173456
0.00017372700000000001
0.00017481000000000002
0.00017527600000000001
0.00021055100000000001
0.00017667400000000001
0.00019337900000000001
0.00017379200000000001
0.00017321800000000002
0.00021441800000000002
0.00019854700000000001
0.00017238400000000001
0.00017184200000000001
0.00017205900000000001
0.000171614
0.000171745
0.000171485
0.00037767400000000004
0.000214212
0.000216412
0.00022337800000000002
0.00019539500000000001
0.00019726900000000003
0.00017527700000000002
0.00019986800000000002
0.00017415
0.000179242
0.00017231900000000001
0.00020971100000000001
0.000172709
0.00017252400000000002
0.000172752
0.00017281700000000002
0.00017278500000000001
0.00017448500000000002
0.00017513500000000001
0.00017586200000000002
0.00017655500000000001
0.00017714
0.00019709600000000001
0.000174518
0.000173814
0.000172015
0.00017186400000000001
0.00017190700000000001
0.00017177700000000002
0.00019801600000000002
0.00017186400000000001
0.00017545000000000001
0.000206455
0.00022900000000000001
0.00017292500000000002
0.000172979
0.00017326100000000002
0.00017530900000000001
0.00017588300000000002
0.00017614300000000002
0.00018876400000000001
0.00017308800000000001
0.000172688
0.00017127900000000001
0.00017743200000000002
0.00017121400000000002
0.00019552500000000002
0.00019138600000000001
0.00017203800000000001
0.00017170100000000002
0.00017211300000000002
0.00020450500000000001
0.00017404200000000001
0.00017436600000000002
0.00017531900000000001
0.00017698800000000002
0.00017639200000000001
0.00017439900000000002
0.00019389900000000001
0.00017196100000000002
0.00017208000000000002
0.00017232900000000001
0.00017180900000000001
0.000172146
0.000172005
0.000172091
0.00017172300000000001
0.000172091
0.00017372700000000001
0.00017399800000000002
0.00019321600000000001
0.00019716000000000002
0.00017655400000000002
0.00019139700000000002
0.00024070100000000001
0.00024077600000000003
0.00023609600000000001
0.00023307400000000003
0.000230647
0.00023216400000000001
0.000275216
0.00021644400000000002
0.00024491500000000001
0.00021497000000000001
0.000216228
0.00027087200000000002
0.00021834000000000003
0.00043334900000000003
0.00024434100000000002
0.00026461000000000003
0.00024641000000000002
0.00024620300000000001
0.00026792500000000002
0.000243756
0.00026233500000000004
0.00024279100000000001
0.00025522800000000003
0.00024226000000000003
0.00024288900000000001
0.000242379
0.00024267200000000001
0.00026579100000000003
0.00024617200000000001
0.00026616399999999999
0.00018658700000000002
0.00017584000000000002
0.00018631600000000001
0.000176479
0.00017372700000000001
0.00017305600000000002
0.00017282800000000001
0.00017155000000000002
0.00019126700000000001
0.000173012
0.00017248100000000002
0.00017900300000000001
0.00017209200000000002
0.00019192800000000001
0.000184236
0.00019647700000000002
0.00020871900000000001
0.00017487500000000001
0.00017545000000000001
0.00017653300000000001
0.00019603300000000003
0.00017521100000000001
0.00017392300000000001
0.00017217800000000002
0.000182318
0.000172189
0.00017222100000000002
0.00017233
0.00017231900000000001
0.000172547
0.00017225400000000002
0.00017242700000000001
0.00017398700000000001
0.00020801500000000001
0.00017500500000000002
0.000176403
0.000176565
0.00017656600000000002
0.00017462700000000001
0.00017408500000000001
0.00017347800000000002
0.000191938
0.00017206900000000001
0.00019934900000000001
0.00022259800000000001
0.00023056000000000002
0.00019930500000000002
0.000171831
0.00021130900000000002
0.00018005400000000002
0.00018790900000000002
0.00019976100000000001
0.00017681500000000001
0.00017614300000000002
0.00020109300000000001
0.00017434500000000001
0.00017372700000000001
0.00019211200000000001
0.00017227600000000002
0.00019357400000000001
0.000171712
0.00017208000000000002
0.000172091
0.00017212400000000001
0.000171929
0.00017153900000000001
0.00019763700000000002
0.00018343400000000001
0.000240635
0.00023114500000000001
0.00023127500000000002
0.000233095
0.00023123200000000002
0.000230203
0.00022969400000000001
0.00023637700000000002
0.00027360200000000001
0.00024383200000000001
0.000241902
0.00017807200000000001
0.000172189
0.00017250300000000001
0.00017202600000000001
0.000173196
0.00017420400000000001
0.000195503
0.000188927
0.00017651100000000002
0.00018080100000000002
0.00017962000000000002
0.00019534000000000001
0.00022658400000000002
0.00021809100000000001
0.00019245800000000001
0.00017160400000000001
0.000175656
0.00017153800000000002
0.00019222100000000002
0.00017207
0.000171745
0.00018692200000000001
0.00017408500000000001
0.00017428000000000002
0.00017533000000000002
0.00017546100000000002
0.00017675000000000001
0.00020761400000000001
0.00022613900000000001
0.00022342100000000001
0.00020613100000000002
0.000195243
0.00022219700000000001
0.00021518700000000001
0.00021518700000000001
0.00021479700000000002
0.00021510000000000002
0.00021542500000000002
0.00022469900000000003
0.00024096000000000002
0.00022672500000000002
0.00021933600000000002
0.000220561
0.000219824
0.000217939
0.000216672
0.00023566300000000002
0.000226173
0.00021462400000000001
0.00023895600000000002
0.00022332300000000002
0.00021489500000000002
0.000215534
0.00023554400000000002
0.00021676900000000001
0.00021736500000000002
0.00021797100000000002
0.00021830700000000002
0.00024246700000000001
0.00021955300000000002
0.00022834000000000003
0.00024196700000000002
0.00021726800000000001
0.00022482900000000001
0.00022671400000000001
0.00021518700000000001
0.00021626000000000002
0.000215133
0.000239454
0.00034406900000000002
0.00022624900000000001
0.00024656100000000001
0.00022734300000000002
0.00022738600000000002
0.00022834000000000003
0.00023074500000000003
0.00022986700000000003
0.00023053800000000002
0.00024481700000000004
0.00022725600000000001
0.00024759000000000001
0.00020030200000000002
0.00017190700000000001
0.00017204700000000001
0.000171831
0.00018529700000000001
0.00023363700000000003
0.00023513200000000001
0.00023296500000000002
0.00023420000000000003
0.00023591100000000003
0.000260883
0.00023624800000000002
0.00024502200000000001
0.00023485000000000002
0.00023433000000000001
0.00023821900000000002
0.00023565200000000001
0.000234114
0.000263245
0.00023265100000000001
0.00025841300000000003
0.00023911900000000001
0.00023836000000000002
0.00024562999999999999
0.00023459000000000002
0.00023703900000000001
0.00023597600000000002
0.00026132800000000002
0.00023816600000000002
0.00023947700000000001
0.00025079700000000003
0.00024412300000000001
0.00023654000000000001
0.00023235800000000003
0.00025167500000000003
0.00023408100000000002
0.00025729700000000003
0.00023264000000000002
0.00023127500000000002
0.00025499000000000002
0.00023437300000000001
0.00023553300000000001
0.00023286700000000002
0.00023391800000000001
0.00023311700000000002
0.00026380800000000003
0.00024045100000000001
0.00026150000000000001
0.00024298600000000002
0.00023578200000000003
0.00025323400000000002
0.00023222800000000001
0.00023466700000000001
0.00023976900000000003
0.00026180400000000003
0.00023517500000000001
0.00023436300000000002
0.00025671200000000003
0.00054078000000000004
0.00023347500000000002
0.00030233300000000001
0.00022168700000000001
0.00022250000000000001
0.00023255400000000002
0.00025820800000000001
0.00018424600000000002
0.000190812
0.00017316400000000001
0.00017185300000000002
0.000171614
0.000172048
0.00017208100000000001
0.00017150600000000001
0.00017199400000000002
0.000171788
0.00017176600000000001
0.00017310900000000001
0.00019363900000000001
0.00017469100000000001
0.00017550400000000002
0.00019112600000000001
0.00017648900000000002
0.00017429000000000001
0.00019002100000000002
0.00017174400000000001
0.00017176600000000001
0.00017169
0.00017167900000000002
0.00018093100000000001
0.00023290000000000002
0.00018486500000000001
0.00017182000000000002
0.00017142000000000001
0.000173272
0.000192566
0.00017494100000000002
0.00017592600000000002
0.00017619800000000002
0.00017701000000000001
0.00019457100000000002
0.00017405200000000001
0.00017337
0.00018936000000000002
0.000171755
0.000171874
0.00017184200000000001
0.00017144100000000001
0.00017186400000000001
0.00017158200000000001
0.000171669
0.000198958
0.000192177
0.00017384600000000002
0.000175558
0.000176078
0.00017677100000000002
0.00017420400000000001
0.00017319700000000002
0.000209619
0.00017163600000000002
0.00017158200000000001
0.000171528
0.00017165800000000002
0.000190509
0.00017232900000000001
0.00017220000000000001
0.00018944600000000002
0.00017309900000000002
0.000173814
0.00019388900000000001
0.00017533000000000002
0.00021419000000000001
0.00018793000000000003
0.00019246900000000002
0.00017891600000000002
0.00019088800000000001
0.000172091
0.00017179900000000001
0.00017240500000000001
0.00017236200000000001
0.00017201600000000001
0.00018999900000000002
0.00017235200000000002
0.00017183200000000002
0.00017373800000000002
0.00017443100000000001
0.00017436700000000001
0.00019497200000000002
0.00019431100000000002
0.00019101800000000002
0.000334731
0.00022578300000000002
0.00033870000000000005
0.00024292200000000002
0.00031738000000000003
0.00024265000000000002
0.00027284400000000001
0.00024259600000000001
0.000273136
0.00042629000000000001
0.00024388500000000003
0.00026956100000000003
0.000343727
0.00055367700000000003
0.00024989800000000003
0.00027605000000000001
0.00024027800000000002
0.00023981200000000003
0.00027218199999999999
0.000238003
0.00026130599999999999
0.00024414500000000003
0.00023734200000000001
0.00023805700000000001
0.00025459899999999999
0.00024314900000000001
0.00023589000000000002
0.000235641
0.00023755900000000001
0.000284154
0.00027567100000000001
0.00025661500000000002
0.00023972500000000001
0.00024901000000000003
0.00023995200000000001
0.00023943200000000001
0.00025595400000000002
0.00024119900000000002
0.00026394900000000003
0.00026676299999999999
0.00022872900000000003
0.00022278100000000002
0.00035864600000000001
0.00021728900000000001
0.00021734400000000001
0.00022934600000000001
0.00027945200000000002
0.00026113200000000002
0.00023550100000000002
0.00030110800000000002
0.00039069200000000005
0.000251208
0.00023101500000000002
0.00023114500000000001
0.00024460000000000004
0.000526999
0.00023030000000000001
0.00022862000000000002
0.00023557600000000001
0.000228447
0.00022947600000000002
0.00026092600000000003
0.0014960660000000001
0.000223725
0.00022189400000000001
0.00023130700000000001
0.00025385199999999999
0.0002186
0.00017413900000000002
0.00017343500000000002
0.00017348900000000001
0.00017207
0.000172449
0.00017276300000000001
0.00017221100000000002
0.000204267
0.00022280300000000001
0.00018500400000000001
0.00024012600000000001
0.00022127600000000001
0.00018802700000000001
0.00017464800000000001
0.00017544900000000002
0.00017590500000000002
0.00017672800000000002
0.00017444300000000001
0.00017257900000000002
0.00017190700000000001
0.000192339
0.00017255700000000002
0.00018946800000000001
0.00017265500000000002
0.00017215600000000002
0.00017217800000000002
0.00017220000000000001
0.00017189600000000002
0.00020091900000000001
0.00017659800000000001
0.00017491900000000002
0.000175742
0.00019678100000000001
0.00017728000000000001
0.000191375
0.00017380300000000002
0.00019648900000000002
0.00018872100000000001
0.00020339000000000002
0.00020534000000000001
0.00017199400000000002
0.00017233
0.000198309
0.00021076700000000002
0.00017228600000000001
0.000173413
0.000191602
0.000174236
0.000175417
0.00017629400000000002
0.00022852300000000001
0.000178722
0.00017328300000000001
0.00017197300000000002
0.00017211300000000002
0.00020641700000000003
0.00018921900000000002
0.00017232900000000001
0.00017209200000000002
0.00017239500000000002
0.000172688
0.000171962
0.000174117
0.000198254
0.00017690100000000001
0.00024367100000000002
0.000176338
0.00019538300000000001
0.00017470200000000002
0.000173759
0.000173597
0.00019459300000000001
0.00018083400000000002
0.00017164700000000001
0.00019326
0.00019090900000000001
0.00017203700000000002
0.00046067900000000003
0.00022788500000000002
0.000176794
0.000173814
0.00017428000000000002
0.00017565500000000001
0.00017624100000000002
0.00017655400000000002
0.00017442
0.000194885
0.000171614
0.00017153900000000001
0.000171344
0.000171452
0.000189533
0.000186023
0.00017207
0.00017242700000000001
0.00017208000000000002
0.00017366200000000002
0.000174193
0.00019324900000000002
0.00017523300000000001
0.00017617500000000001
0.00017759500000000001
0.000174594
0.00017320700000000001
0.000171788
0.00017181000000000002
0.00017185300000000002
0.00017191800000000002
0.00018938200000000001
0.00017166800000000001
0.000190378
0.00017211200000000001
0.000172005
0.00017343500000000002
0.00022052900000000002
0.00023123200000000002
0.00025065600000000003
0.000236822
0.00022602100000000002
0.00018799500000000002
0.00017364
0.00017348800000000002
0.00017165800000000002
0.000209922
0.00017160300000000002
0.00017199400000000002
0.00017201600000000001
0.00017187500000000002
0.00017170100000000002
0.000172535
0.00017276300000000001
0.00017432300000000002
0.00017435600000000002
0.00017566600000000002
0.00017612200000000002
0.00026063400000000004
0.00017413900000000002
0.000173673
0.000172015
0.00018929500000000002
0.00017231900000000001
0.000171831
0.00017222100000000002
0.000172373
0.00017222200000000001
0.00017190800000000002
0.000172027
0.00017342400000000001
0.00021000900000000001
0.00017420400000000001
0.00017589300000000002
0.000176176
0.00017658800000000001
0.000173912
0.00017344600000000001
0.000173012
0.000188851
0.000202241
0.00017185300000000002
0.00019493900000000001
0.00022989900000000002
0.00022456900000000001
0.00020526400000000001
0.000171874
0.000173153
0.00017382400000000002
0.000173857
0.00018802700000000001
0.00017627300000000001
0.00019011900000000001
0.00020240400000000002
0.00030265700000000001
0.00023181700000000002
0.00023193600000000002
0.00022431000000000003
0.00022738600000000002
0.00022681200000000001
0.00024272700000000001
0.000264226
0.00022245700000000001
0.00022169800000000002
0.00022278100000000002
0.000221828
0.00022677900000000001
0.00022718
0.00022881600000000001
0.00026911099999999999
0.00023280300000000001
0.00023316000000000002
0.00024876100000000001
0.00023369100000000001
0.00023266200000000002
0.00023267200000000001
0.00031717400000000004
0.00019823300000000002
0.000171929
0.000171745
0.000171702
0.00020266400000000002
0.00023234800000000001
0.00017454000000000002
0.00017593700000000001
0.000176338
0.00019775600000000002
0.00018273000000000001
0.000212945
0.000172287
0.00018732400000000002
0.00017203700000000002
0.000172005
0.000172048
0.00017164700000000001
0.00017205900000000001
0.000172406
0.000171798
0.00023935700000000002
0.00019359600000000001
0.00017465900000000002
0.00017583900000000001
0.00017658800000000001
0.00017642500000000002
0.00017484300000000002
0.000174236
0.00017340200000000002
0.00017182000000000002
0.00017173400000000002
0.00017171300000000001
0.000205546
0.00017150700000000002
0.00017180900000000001
0.00017251400000000002
0.00017194000000000001
0.000172893
0.000173988
0.00022365900000000002
0.00017628400000000002
0.00018848200000000002
0.000195861
0.00017422600000000001
0.00021259800000000001
0.00017220000000000001
0.00017203700000000002
0.000171712
0.000171831
0.00017234100000000001
0.00017244800000000001
0.00017234100000000001
0.00017220000000000001
0.00017193900000000002
0.00017318600000000001
0.00017446400000000002
0.00032746100000000003
0.00038629200000000005
0.00038761400000000005
0.00018092100000000001
0.000174453
0.00023462300000000002
0.00017478800000000002
0.000196207
0.000171767
0.00017213500000000002
0.00017229800000000001
0.00017168000000000001
0.00017215600000000002
0.00017199400000000002
0.00017215600000000002
0.00017313100000000001
0.00018082300000000001
0.00018860200000000001
0.00019761500000000002
0.00019564300000000001
0.00017728000000000001
0.00019570900000000002
0.00018615300000000002
0.000172103
0.00017179900000000001
0.00017195000000000001
0.00023255400000000002
0.00022078900000000002
0.00021669400000000002
0.00021688800000000001
0.00019420300000000002
0.00017205900000000001
0.00017398700000000001
0.000174203
0.000174995
0.000175775
0.00017594800000000002
0.00018270800000000001
0.00017468100000000002
0.000173771
0.000172027
0.00017159300000000002
0.00018881800000000002
0.00017378200000000001
0.00017233
0.000171972
0.000171755
0.00017210200000000001
0.00020523200000000002
0.00019112500000000002
0.00017398700000000001
0.00019411600000000001
0.000176446
0.00017668500000000002
0.00019599
0.000174193
0.00017379200000000001
0.00017321800000000002
0.00017207
0.000172134
0.000172189
0.00017234000000000002
0.000192079
0.00018429000000000001
0.00017245900000000002
0.00017190700000000001
0.00017344500000000002
0.00019427800000000001
0.00017458300000000002
0.00017527600000000001
0.00020899000000000002
0.00017883000000000002
0.00017481000000000002
0.00017382400000000002
0.00017246000000000001
0.000171583
0.00017187500000000002
0.00017256800000000001
0.00017229700000000002
0.00019167900000000002
0.00017216700000000001
0.00017206900000000001
0.00017215600000000002
0.00017346700000000001
0.00017436600000000002
0.00017428000000000002
0.00017614300000000002
0.00017689000000000002
0.00017711800000000001
0.000174258
0.00017379200000000001
0.00019268600000000002
0.00017234000000000002
0.00022888100000000001
0.00021566400000000001
0.000320425
0.00023040800000000001
0.00022934700000000003
0.00022881600000000001
0.00022937900000000001
0.000231914
0.000249118
0.00017532000000000002
0.00018832000000000001
0.000187648
0.00019920700000000002
0.00022356200000000001
0.00020359500000000002
0.000190411
0.00017191800000000002
0.00018021600000000002
0.00022105900000000001
0.000172103
0.00019628200000000002
0.00019148300000000002
0.00017188500000000001
0.000171702
0.00017659800000000001
0.00017709600000000001
0.00017420400000000001
0.00017549300000000001
0.00017608900000000001
0.00017671700000000001
0.000174236
0.000173532
0.000212902
0.000171886
0.000172373
0.00017198300000000001
0.000171745
0.000172275
0.00017221000000000001
0.00017181000000000002
0.00022027900000000001
0.00017228600000000001
0.00017446400000000002
0.00017412800000000001
0.000196023
0.000176479
0.000176782
0.00017422600000000001
0.00019302100000000001
0.00025140300000000003
0.00017151700000000002
0.00017124600000000001
0.00017125800000000001
0.000171442
0.00017130100000000001
0.000171528
0.00019201500000000002
0.00017141900000000002
0.00017282700000000002
0.00017312000000000002
0.00017409500000000001
0.00019828700000000001
0.00024283400000000001
0.000176956
0.00019240400000000002
0.00017328300000000001
0.000173337
0.00019062800000000001
0.00017164700000000001
0.00017170100000000002
0.000171614
0.00017177700000000002
0.00017195100000000002
0.000172015
0.00017196100000000002
0.00017278500000000001
0.00017454000000000002
0.00017413900000000002
0.00017496300000000001
0.000176348
0.000195644
0.00017430200000000001
0.000173337
0.000171485
0.00021649800000000003
0.00017216700000000001
0.00017214500000000001
0.00017219900000000002
0.00017242700000000001
0.00017216700000000001
0.00030759800000000002
0.000253625
0.00027271400000000002
0.000236464
0.00023634600000000002
0.00025735100000000001
0.00023914100000000001
0.000244708
0.00023545700000000001
0.00023628000000000001
0.00028314799999999999
0.00026021099999999999
0.00024515300000000002
0.00023990900000000001
0.00023907500000000002
0.00023997500000000002
0.00027159500000000002
0.00024848900000000001
0.000225999
0.00022747300000000001
0.00022798200000000003
0.00022863200000000002
0.00023084200000000001
0.000230604
0.00023049500000000002
0.00022797100000000002
0.00024921500000000001
0.00022806900000000001
0.00023764600000000002
0.00025061300000000001
0.000226173
0.000225555
0.00022563100000000001
0.00024658300000000003
0.00022603200000000001
0.00022619500000000003
0.00027494500000000002
0.00023741800000000001
0.00023766700000000003
0.00024297500000000001
0.00024024500000000001
0.00024661600000000001
0.00022898900000000003
0.00017383600000000002
0.00020467800000000002
0.00022996500000000003
0.00019746300000000002
0.00022609700000000003
0.00022624800000000002
0.00022644300000000003
0.00022658400000000002
0.00022510000000000002
0.00022553300000000001
0.00025321300000000002
0.00023530500000000002
0.00022669300000000001
0.00022902100000000002
0.00023121
0.00024979000000000001
0.00022892400000000001
0.00022752700000000002
0.00023556500000000003
0.000269301
0.000231654
0.000223236
0.00022488300000000002
0.00022412500000000001
0.000231914
0.00023136200000000001
0.00022544700000000001
0.00022201300000000002
0.00058951400000000008
0.00023848000000000001
0.00023827400000000002
0.00023848000000000001
0.00023824100000000001
0.00023695200000000002
0.00023492600000000002
0.00018300100000000002
0.00019240400000000002
0.00017120300000000001
0.00017123500000000002
0.00017088900000000002
0.00018589300000000002
0.00017150700000000002
0.000171354
0.00017116000000000001
0.00017249300000000002
0.00017324000000000002
0.000173468
0.000174952
0.000176121
0.00019547000000000002
0.000173413
0.00017346700000000001
0.00017312000000000002
0.00017159300000000002
0.000171767
0.00018671700000000001
0.000177367
0.000171669
0.00018946800000000001
0.00017150700000000002
0.000171571
0.00019282700000000002
0.00017365100000000001
0.00017389
0.00017471300000000001
0.000175732
0.00017626300000000002
0.00022045200000000002
0.00017317400000000001
0.00017200400000000002
0.00017149600000000001
0.00017179900000000001
0.00017169
0.000190292
0.00017158200000000001
0.00017137700000000001
0.00017150600000000001
0.000171626
0.00017277300000000001
0.00019399700000000001
0.000182914
0.00017512500000000001
0.00017566600000000002
0.00017602400000000002
0.00017332600000000001
0.000191332
0.00017301300000000002
0.00017103000000000002
0.00017158200000000001
0.00017165800000000002
0.000171094
0.000171712
0.00017163600000000002
0.000171712
0.00017133300000000002
0.00017174400000000001
0.00017361900000000002
0.00017360800000000001
0.00021011800000000002
0.00017733500000000001
0.00017646800000000002
0.000174074
0.00020801600000000002
0.00017189600000000002
0.00017169
0.00017177700000000002
0.000171127
0.000171571
0.00017159300000000002
0.000171831
0.00021098300000000001
0.00017187500000000002
0.00017306600000000001
0.00017403000000000001
0.00017458300000000002
0.00017576400000000002
0.000176663
0.00019088700000000002
0.00035741100000000002
0.00046668800000000004
0.00040953100000000003
0.00026816400000000004
0.00021910900000000002
0.00022033300000000002
0.00025508700000000003
0.00022069100000000002
0.00022121100000000002
0.00022057100000000003
0.00022254300000000001
0.000221666
0.00022286800000000001
0.00022422200000000002
0.00022601000000000001
0.00025473
0.00023107000000000002
0.00023435200000000001
0.00022607500000000001
0.00022609600000000001
0.00023521900000000003
0.000221709
0.00022390800000000001
0.00022306300000000002
0.000223367
0.00025279000000000002
0.00022228300000000001
0.000221048
0.00029019900000000005
0.00022581500000000001
0.00022661600000000001
0.00022662800000000001
0.00022685500000000001
0.000228242
0.00025522899999999999
0.00022223000000000002
0.000223248
0.00023367
0.00022266300000000001
0.000221969
0.00022097200000000002
0.00022216400000000001
0.000220962
0.00022177400000000002
0.00026518400000000001
0.00022331200000000001
0.00022334500000000001
0.00022414600000000002
0.000226259
0.00022649700000000001
0.00022697400000000001
0.00023089600000000002
0.00024730900000000003
0.00022297700000000002
0.00028263700000000002
0.00022215300000000003
0.000220442
0.000221926
0.00022063600000000002
0.00022151400000000002
0.000221308
0.00024732000000000004
0.00022546800000000002
0.00022357300000000002
0.00022461200000000001
0.00022708200000000001
0.00022838200000000001
0.00022790600000000002
0.00022506800000000001
0.00022256500000000001
0.00022098300000000001
0.00024543500000000001
0.00026244300000000001
0.00042234100000000001
0.000284178
0.00033235300000000002
0.00019193900000000002
0.000339795
0.00023314900000000001
0.00022281500000000001
0.00019237100000000002
0.00018613200000000001
0.00018344500000000002
0.00020747300000000001
0.000247266
0.00025376500000000003
0.00029495500000000001
0.00021155800000000001
0.000171929
0.00017537400000000001
0.000191289
0.00017153900000000001
0.000191819
0.00023408100000000002
0.00055905600000000005
0.00019135300000000001
0.00017292500000000002
0.00017398700000000001
0.00017395500000000002
0.00017532000000000002
0.00017592600000000002
0.00019592600000000002
0.00019108200000000002
0.000173251
0.00017200400000000002
0.00017164700000000001
0.00017191800000000002
0.00018083400000000002
0.00017164700000000001
0.00021335600000000002
0.00020866600000000001
0.00017191800000000002
0.00017191800000000002
0.00030050200000000002
0.00017727000000000002
0.000191375
0.000175775
0.00017676000000000001
0.00017661900000000001
0.00017356400000000002
0.00017344600000000001
0.00017337
0.00017158200000000001
0.00018859100000000002
0.00017179900000000001
0.00025082899999999999
0.00025658199999999999
0.000194983
0.00018854800000000003
0.00017172300000000001
0.00017248100000000002
0.00017389
0.00017399800000000002
0.00019220900000000002
0.000176317
0.00017702000000000001
0.000193043
0.00017380300000000002
0.00024729800000000002
0.000171886
0.00017173400000000002
0.00017144100000000001
0.000171733
0.00018860200000000001
0.00017177700000000002
0.000171745
0.00017176600000000001
0.000173196
0.000207636
0.000206498
0.000176078
0.000176338
0.00018134300000000002
0.00038169700000000002
0.00026091100000000001
0.00023494800000000001
0.00023276000000000001
0.00023026700000000001
0.00023263000000000003
0.00028210700000000003
0.00022508900000000001
0.00022545800000000002
0.00022556600000000002
0.00024993000000000004
0.00024301900000000003
0.00022672500000000002
0.00024014800000000001
0.00025016900000000001
0.00022870800000000002
0.00024655100000000002
0.00022806800000000003
0.00022632400000000002
0.00022592300000000003
0.00022550100000000002
0.00024360400000000002
0.00024621400000000002
0.00024592200000000004
0.00022516500000000002
0.00022504600000000001
0.00024375500000000001
0.00022433000000000002
0.00022616200000000002
0.00022725500000000002
0.000238707
0.00024707
0.00025020100000000003
0.00022992100000000001
0.00022720200000000002
0.00022770000000000001
0.000258717
0.00022576100000000002
0.00022531600000000001
0.00022614000000000003
0.00022507900000000002
0.00026077500000000004
0.00022476400000000002
0.00022510000000000002
0.00022485100000000001
0.00022526300000000001
0.00022653000000000001
0.00025726500000000001
0.00022953000000000001
0.00022923900000000001
0.00024915100000000003
0.00022855600000000001
0.00022619400000000001
0.00024359300000000001
0.00022548000000000002
0.00022438500000000001
0.00022576000000000001
0.000224515
0.00022476400000000002
0.00024222800000000001
0.00024625800000000001
0.000241642
0.00022584700000000002
0.000226963
0.00023792700000000003
0.00022864200000000001
0.00024729800000000002
0.00023025600000000003
0.00022802500000000003
0.00024829400000000003
0.00022662700000000002
0.00025948600000000002
0.00025923600000000004
0.000276094
0.00023014900000000002
0.00024360400000000002
0.00023183800000000003
0.00023805700000000001
0.00020790700000000001
0.00022416800000000001
0.00023109100000000003
0.00025742700000000001
0.00024013700000000002
0.00023802400000000001
0.00024618200000000001
0.00026444700000000001
0.00024489300000000004
0.00025815300000000001
0.00024076600000000001
0.000232835
0.00025223800000000001
0.00023373400000000001
0.00023409100000000002
0.00026082900000000002
0.00023479600000000001
0.00024097100000000001
0.00026052600000000002
0.00025570500000000001
0.00023954100000000002
0.00026609400000000003
0.000239943
0.00024000700000000001
0.00024515300000000002
0.00023675700000000001
0.000263885
0.00023400500000000002
0.00023420000000000003
0.00023477400000000001
0.000272854
0.00024065700000000002
0.00023948700000000001
0.00023814300000000001
0.00023595500000000001
0.00027511899999999999
0.00023713600000000001
0.00024403700000000001
0.00023744
0.000237569
0.00025661500000000002
0.00024322500000000002
0.00023718
0.00023370200000000002
0.00026296300000000001
0.000233453
0.00024205500000000003
0.00023524
0.00025870600000000004
0.00023675700000000001
0.00024295400000000001
0.00024390700000000002
0.00024149200000000002
0.00026080800000000001
0.00023634600000000002
0.000250461
0.00023943200000000001
0.00026482700000000003
0.000236865
0.00024454700000000002
0.00023452500000000002
0.00023882600000000001
0.00025416600000000001
0.00024096100000000001
0.00023329000000000001
0.000233973
0.00024209800000000003
0.00024284600000000001
0.00025847800000000003
0.00023596600000000002
0.00027614800000000004
0.00023698400000000001
0.00024587900000000001
0.00025778500000000001
0.00024658300000000003
0.00026089400000000001
0.00025633300000000003
0.00023981200000000003
0.0002765
0.00027302700000000001
0.00025002800000000001
0.00020539400000000002
0.00017173400000000002
0.00017216700000000001
0.00023889100000000003
0.000172275
0.00017339200000000002
0.00019846100000000001
0.00024057100000000002
0.00023433000000000001
0.00023185000000000002
0.00024925899999999999
0.00022934600000000001
0.00023542400000000003
0.00022641100000000001
0.000225913
0.00024714700000000002
0.00024368000000000003
0.00024189200000000001
0.00022468800000000001
0.00022502400000000002
0.00025435099999999999
0.00024263900000000001
0.00022641100000000001
0.00022734200000000001
0.00024932400000000004
0.00024699500000000002
0.00022974700000000001
0.00022991000000000003
0.00022698500000000002
0.00022832900000000002
0.00024473000000000002
0.00022571700000000001
0.00025603000000000003
0.000247266
0.00024162100000000002
0.00024197900000000002
0.00022521900000000003
0.00023636700000000002
0.00022534900000000001
0.00022571800000000002
0.00024473000000000002
0.00022818800000000002
0.00025135000000000001
0.00022923800000000002
0.00022992000000000002
0.00024472000000000003
0.000227667
0.00022646500000000002
0.00024248800000000001
0.00022567400000000001
0.00022567400000000001
0.000243095
0.00037183000000000002
0.00028268
0.00027649900000000004
0.000223811
0.00022295500000000002
0.00022804700000000002
0.00022628000000000001
0.000306915
0.00026188000000000003
0.000207896
0.00020275000000000002
0.00017415
0.00017338000000000002
0.000191115
0.00017254600000000001
0.00020751700000000003
0.00024897800000000001
0.00025540200000000001
0.00022770000000000001
0.00023850100000000001
0.00024450300000000003
0.00022716900000000002
0.00022866500000000002
0.00023781800000000002
0.00023303000000000001
0.00025331100000000004
0.00025561799999999999
0.00023014800000000001
0.00025544500000000003
0.00022955300000000002
0.00026060100000000001
0.00022594500000000002
0.000235901
0.00022767900000000003
0.00022835000000000002
0.00027922400000000001
0.00022667100000000001
0.00022833900000000001
0.00022978000000000001
0.000229943
0.00024439399999999999
0.00025913900000000003
0.00023439500000000001
0.00023531700000000002
0.00029020400000000002
0.00024759000000000001
0.00022714800000000001
0.000255911
0.00023371200000000001
0.00025536900000000003
0.00022546800000000002
0.00026127400000000003
0.00024956199999999999
0.000231914
0.00019136400000000002
0.000173337
0.000191332
0.00019225200000000002
0.000176057
0.000176338
0.00017693400000000001
0.00019412700000000002
0.00017334800000000001
0.00017203700000000002
0.000172103
0.00017203700000000002
0.000172492
0.00018991200000000001
0.00017261200000000002
0.00017217800000000002
0.00017243800000000002
0.00017199400000000002
0.00017354300000000002
0.00022544700000000001
0.00017538500000000002
0.00022779700000000001
0.00022360500000000001
0.00022952000000000001
0.00023819800000000001
0.00022803500000000002
0.000220344
0.000233398
0.00027706300000000003
0.00022744
0.00024707
0.00022881500000000002
0.000252086
0.00023509900000000001
0.00025304
0.00017458300000000002
0.00017406300000000002
0.00030342600000000003
0.00023354000000000002
0.00023447100000000001
0.00023418900000000002
0.000232391
0.000231654
0.00025177200000000004
0.00023103700000000002
0.000257471
0.00023355000000000001
0.00022913000000000002
0.00022803600000000001
0.00022712600000000002
0.00022636700000000002
0.00022682300000000002
0.00024761200000000003
0.000277123
0.00027350400000000004
0.000230289
0.00023383200000000001
0.00023075500000000002
0.00025200999999999999
0.00022401700000000002
0.00022305200000000001
0.00022204500000000001
0.00022234800000000001
0.00025166400000000002
0.00023966100000000001
0.00021301000000000002
0.00017156000000000002
0.000171387
0.000170965
0.00017291500000000002
0.000173315
0.00017344500000000002
0.00020786400000000001
0.00018416
0.000193217
0.000194408
0.00018981500000000002
0.00019327100000000001
0.00023753700000000001
0.00018903500000000002
0.000201678
0.00017131200000000002
0.00017133300000000002
0.00018435500000000001
0.000214028
0.00022576100000000002
0.00025320200000000001
0.00022791700000000001
0.00025699400000000003
0.00024925899999999999
0.000230549
0.00024166400000000002
0.00022831700000000002
0.00022781900000000001
0.00022672500000000002
0.0013211050000000002
0.00031131400000000004
0.00021900100000000003
0.00037901300000000004
0.00025276900000000002
0.00022694100000000001
0.00022684400000000003
0.000242391
0.00023151400000000002
0.00022572800000000002
0.00023849
0.000198958
0.00021722400000000002
0.00022360500000000001
0.000221969
0.00022075600000000001
0.00023889100000000003
0.00021978000000000001
0.00021973700000000001
0.00021929300000000002
0.00023661100000000002
0.00022281400000000003
0.00019615300000000002
0.00024209800000000003
0.00023422200000000002
0.00025220500000000003
0.00023720100000000001
0.00023805700000000001
0.00024069000000000003
0.00024074400000000001
0.00035863100000000004
0.00034030400000000004
0.00025142600000000001
0.000227235
0.00022597700000000001
0.00022530600000000001
0.00026032799999999999
0.00022673600000000001
0.00022488300000000002
0.00022741800000000001
0.00023433000000000001
0.000241296
0.00022655200000000001
0.000226877
0.00026650799999999999
0.000179328
0.000197789
0.00017717200000000002
0.00019140800000000001
0.00023873900000000002
0.00023740700000000003
0.000236865
0.00038524500000000004
0.000236562
0.00022960600000000001
0.00022068000000000001
0.00017251400000000002
0.00017198300000000001
0.00020486300000000001
0.00017681400000000002
0.00019306500000000002
0.00023955200000000003
0.00017571000000000001
0.00017953400000000002
0.00017685800000000001
0.000174453
0.00017933900000000001
0.00018811400000000002
0.00017216700000000001
0.00029064300000000004
0.00025942100000000002
0.000207896
0.00017167900000000002
0.00017167900000000002
0.00020795000000000001
0.000230387
0.00023346300000000002
0.00022633500000000001
0.00027760000000000003
0.00025203300000000003
0.00024717900000000004
0.00022967200000000002
0.00021244700000000002
0.00017512500000000001
0.00019166700000000002
0.000176338
0.00020526400000000001
0.00025879200000000004
0.00022181800000000001
0.00022614000000000003
0.00022891400000000001
0.00022545700000000001
0.00022173000000000001
0.00020858900000000002
0.000173532
0.00017379200000000001
0.000207419
0.000175515
0.00023492600000000002
0.00022829600000000001
0.00022695200000000002
0.00022715900000000003
0.00024702700000000003
0.000224634
0.00024145900000000002
0.00017205900000000001
0.00017185300000000002
0.00017225400000000002
0.00020797200000000001
0.00022624800000000002
0.00022831700000000002
0.00023710400000000003
0.00023082000000000002
0.00023039800000000001
0.00024670300000000003
0.00023102600000000001
0.000231048
0.00019543800000000001
0.00017180900000000001
0.000176305
0.00019070400000000001
0.000172719
0.00017588300000000002
0.00022374600000000001
0.00024425400000000001
0.00018044400000000001
0.000174074
0.00017336900000000001
0.00017380300000000002
0.00019433300000000001
0.000175797
0.00017597000000000001
0.00017598100000000002
0.00017366200000000002
0.000172991
0.00021869700000000001
0.00017318500000000002
0.000171831
0.00017505900000000001
0.000195102
0.000175482
0.000195763
0.00017364
0.000175179
0.00017545000000000001
0.00017627300000000001
0.000176522
0.000177009
0.00019457100000000002
0.00046673200000000003
0.000300735
0.00029707800000000004
0.00028290300000000004
0.00027838500000000003
0.000442509
0.00018411600000000001
0.00017236200000000001
0.00028558400000000002
0.00026510800000000001
0.00023057100000000003
0.00028399700000000003
0.00023258600000000001
0.00023761300000000002
0.00024338700000000002
0.00023618300000000003
0.00024098200000000002
0.00024193500000000001
0.00062318000000000009
0.00047928500000000003
0.00022799300000000001
0.00033028100000000003
0.00022801400000000002
0.000227223
0.00022690900000000002
0.00023329000000000001
0.00026530400000000001
0.000227278
0.00023450300000000003
0.00022771100000000002
0.00025853200000000001
0.00022803600000000001
0.00023141600000000002
0.00025189100000000002
0.00025146900000000004
0.000248392
0.00023446
0.00024472000000000003
0.00023643200000000002
0.00025620300000000004
0.000227321
0.00022703900000000001
0.00024708200000000003
0.00022714700000000003
0.00026169600000000001
0.00022698500000000002
0.00024689699999999999
0.00022796000000000001
0.00025169600000000004
0.00023041900000000002
0.000241773
0.00023033300000000002
0.00022868600000000003
0.000257481
0.000227321
0.00024579199999999999
0.00022655200000000001
0.00024574900000000002
0.000225696
0.00022578300000000002
0.000246746
0.00022558800000000001
0.00024547800000000004
0.00022680100000000003
0.00030897300000000004
0.00025451400000000001
0.00026229200000000002
0.00023747200000000002
0.00027969100000000004
0.0002242
0.00028972399999999999
0.00018966400000000001
0.00021199100000000002
0.00022751600000000001
0.00022935700000000002
0.00032998000000000001
0.00040900000000000002
0.00031354500000000003
0.000227094
0.00023332300000000002
0.00022943400000000001
0.00022896800000000002
0.00057537100000000009
0.00023377800000000002
0.00023327900000000003
0.00023290000000000002
0.00024226000000000003
0.00022895600000000002
0.00023037600000000002
0.00023015900000000002
0.00025450200000000004
0.00022865300000000002
0.00023132900000000001
0.00023193600000000002
0.00022969300000000002
0.00024670200000000001
0.00039536000000000004
0.00030719699999999999
0.00029799900000000002
0.00022796000000000001
0.000231969
0.000234622
0.00023642100000000001
0.00024014700000000002
0.00030568000000000001
0.000321238
0.00022750500000000002
0.000252217
0.000227624
0.000228447
0.00022772200000000003
0.00022676800000000002
0.000234677
0.00027025399999999999
0.00022901100000000002
0.00022922800000000002
0.00027286300000000003
0.00022409300000000002
0.00022370200000000002
0.00022449400000000002
0.00022167700000000001
0.00026370199999999999
0.00022751600000000001
0.00022603200000000001
0.000227667
0.00022523000000000001
0.00034796300000000002
0.00019740900000000001
0.00023595500000000001
0.000305662
0.00027767600000000003
0.000227939
0.00022870800000000002
0.00022839300000000002
0.00022872900000000003
0.00023074400000000001
0.00023472
0.00019500400000000001
0.00025752500000000004
0.00023319200000000001
0.00023369100000000001
0.00023278100000000002
0.00023453600000000001
0.00023418900000000002
0.00023465500000000001
0.00026087199999999999
0.000240375
0.00023460100000000003
0.00023516400000000003
0.00021691000000000001
0.00021947700000000001
0.00022468800000000001
0.00022659500000000001
0.00022421100000000001
0.00025370000000000004
0.00022265100000000001
0.00023001800000000002
0.00022149200000000003
0.000231351
0.00025098200000000002
0.00024039700000000002
0.000270699
0.00024304100000000002
0.00027939700000000002
0.00025010400000000002
0.00024341900000000001
0.00024531600000000003
0.00024569400000000002
0.00024908600000000003
0.000246973
0.000246312
0.000244059
0.00027462
0.00024395000000000002
0.00023446
0.00021269600000000001
0.00021218700000000002
0.00021304200000000001
0.000232477
0.000234374
0.00021436400000000001
0.000246247
0.00021594500000000002
0.00021686600000000002
0.00021773400000000003
0.00021851300000000001
0.00021913100000000001
0.00022883800000000001
0.00021740800000000002
0.00021611900000000002
0.000215653
0.00024500100000000001
0.000214515
0.00021476500000000001
0.00021489500000000002
0.000214916
0.00021465600000000003
0.00025486000000000004
0.00021297700000000002
0.00021441800000000002
0.000290881
0.000229781
0.00027171700000000004
0.000246464
0.00024202200000000002
0.00023801400000000002
0.00023214200000000001
0.00022001900000000001
0.00023407000000000001
0.000266409
0.00023683300000000001
0.000234894
0.00023657300000000001
0.00027205300000000002
0.00023036500000000001
0.00023643200000000002
0.00023312800000000001
0.000237428
0.00026866200000000002
0.00026603999999999999
0.000238707
0.00038690700000000003
0.00023494800000000001
0.00023762400000000003
0.00022728800000000002
0.00023438400000000002
0.00023650800000000002
0.00023711400000000002
0.00026795000000000003
0.000271284
0.00023929200000000003
0.00023083100000000003
0.00023297600000000003
0.00023450300000000003
0.000239888
0.00023437300000000001
0.00026087300000000001
0.000243138
0.00023589000000000002
0.00026014700000000001
0.00023477400000000001
0.00023950800000000001
0.00023199000000000001
0.00023254200000000002
0.00023230400000000002
0.00029570300000000002
0.00023168700000000001
0.000231556
0.00024060300000000001
0.00022983400000000002
0.00023904300000000001
0.00023485000000000002
0.00024325700000000001
0.00023505600000000001
0.00025796900000000004
0.000244904
0.00023456900000000001
0.000242434
0.00023047400000000002
0.000245066
0.000250375
0.00023963900000000001
0.00025780600000000002
0.000260418
0.00023008300000000001
0.00023137300000000002
0.000257839
0.000227624
0.00022377800000000002
0.00022401700000000002
0.00030221400000000003
0.00024144800000000001
0.00023287900000000002
0.00023206600000000001
0.00023537000000000002
0.000278755
0.00031168200000000003
0.00026618099999999999
0.000252076
0.00023692
0.00025289900000000001
0.00031878900000000004
0.000171669
0.00019258900000000001
0.00017291500000000002
0.000174334
0.00017391100000000001
0.000175742
0.00017655500000000001
0.00017728000000000001
0.00017456200000000001
0.00031493200000000003
0.00023154600000000001
0.00025844600000000001
0.00023270500000000002
0.000233193
0.00025633300000000003
0.00023354000000000002
0.00023955200000000003
0.00026357000000000003
0.000282377
0.000232575
0.00029210299999999999
0.00023802500000000003
0.00026181500000000004
0.00024714600000000001
0.00027856300000000001
0.00023964900000000001
0.00026232400000000003
0.000237082
0.00023103700000000002
0.00026703700000000003
0.00023580300000000001
0.00025360300000000003
0.00023461200000000001
0.00026078599999999999
0.000234157
0.000262942
0.00023374500000000002
0.00023635600000000001
0.00023661600000000001
0.00023629100000000002
0.00027612600000000002
0.00024147
0.00023748200000000001
0.00024362500000000003
0.00026494600000000001
0.00023389700000000003
0.000278466
0.00024168600000000002
0.00025873900000000002
0.00023244500000000001
0.00023591200000000001
0.00023764600000000002
0.00024233600000000001
0.00029454400000000004
0.00023632400000000002
0.00024117700000000003
0.00024324600000000002
0.00058705500000000006
0.00031550600000000001
0.00041199000000000004
0.00024112300000000002
0.00023389700000000003
0.00024018000000000002
0.00023661600000000001
0.000263992
0.00023126400000000001
0.00023299700000000001
0.00025807800000000002
0.000232792
0.00023264000000000002
0.00023455800000000003
0.00023546800000000002
0.00019490700000000002
0.00020333500000000002
0.000189013
0.000203747
0.00017465900000000002
0.00022314000000000001
0.00017369500000000002
0.00017265500000000002
0.00017256800000000001
0.00017213500000000002
0.000172611
0.000172048
0.00017232900000000001
0.00019808100000000002
0.00017247100000000002
0.00017348900000000001
0.00017549300000000001
0.000175081
0.00017525400000000001
0.00017623000000000001
0.00017749700000000001
0.00017494
0.00017797400000000001
0.00017225400000000002
0.000192838
0.000204613
0.00019486400000000002
0.00020710600000000001
0.00017215700000000001
0.000172363
0.00017217800000000002
0.00017220000000000001
0.00017404100000000002
0.00017450700000000001
0.00017476700000000002
0.000175775
0.00017676000000000001
0.00023389700000000003
0.00017421400000000001
0.000173456
0.00017318500000000002
0.00017196100000000002
0.00017195100000000002
0.00017227600000000002
0.00017215600000000002
0.00017214500000000001
0.000172633
0.00017260000000000002
0.00017199400000000002
0.00022472100000000002
0.00017467000000000001
0.00017444300000000001
0.00017535200000000001
0.00017615400000000001
0.00017695500000000002
0.00017413900000000002
0.00017292500000000002
0.000172351
0.00019202500000000002
0.000172449
0.00018707400000000002
0.00019164600000000001
0.00017259
0.000172437
0.000172287
0.00017469100000000001
0.00018821200000000002
0.00017839600000000002
0.00017513500000000001
0.000175644
0.00030406500000000001
0.000249876
0.00022997500000000002
0.000230733
0.00022849100000000002
0.00022774400000000002
0.000228502
0.00022886
0.00026355900000000002
0.00022893500000000002
0.00022974800000000002
0.00022982300000000001
0.00023175100000000001
0.00023615100000000001
0.00023676800000000002
0.00023724500000000002
0.00024005000000000001
0.00025494600000000004
0.00019197100000000001
0.000174539
0.00017398700000000001
0.000171626
0.000171614
0.00017176600000000001
0.00017163600000000002
0.000171669
0.00017158200000000001
0.00017167900000000002
0.000192556
0.00017170100000000002
0.00017316400000000001
0.000173933
0.00017486500000000001
0.00017609900000000001
0.00017634900000000002
0.00017691200000000002
0.00017416100000000002
0.00017408400000000002
0.00017368400000000001
0.00017190700000000001
0.00019854700000000001
0.000172048
0.00017195100000000002
0.00017182000000000002
0.000172146
0.000171614
0.00017233
0.00017303400000000002
0.00017374900000000001
0.00017422500000000002
0.00017522200000000002
0.000176002
0.000215393
0.00017460400000000002
0.000173229
0.00017167900000000002
0.00017220000000000001
0.000171831
0.00017212400000000001
0.00017228600000000001
0.00017195100000000002
0.00017250300000000001
0.00017195000000000001
0.00018040100000000001
0.00017312100000000001
0.00019194900000000002
0.000174551
0.00017571000000000001
0.000176078
0.00017662
0.000173673
0.000173294
0.00017334700000000002
0.000171788
0.00019801700000000001
0.00017169100000000002
0.000171702
0.00019110500000000001
0.00017179900000000001
0.00017211300000000002
0.00017170100000000002
0.00017335900000000002
0.000173554
0.0001739
0.00017576400000000002
0.00019838400000000002
0.00017693400000000001
0.00017471300000000001
0.00017329300000000001
0.000433912
0.00025494600000000004
0.00024421000000000002
0.00024510900000000003
0.000250158
0.00024250900000000002
0.00024238000000000002
0.00027214000000000003
0.00024246600000000002
0.00024395000000000002
0.00024478500000000002
0.00024636699999999999
0.00025588900000000003
0.00024752600000000003
0.00024873899999999999
0.00027468500000000004
0.00024450300000000003
0.00024393900000000001
0.00024445900000000004
0.00024332200000000003
0.00024377700000000001
0.00026069900000000003
0.00024361400000000002
0.000243083
0.00027636500000000004
0.00024240100000000003
0.00024360400000000002
0.000245348
0.00025538000000000004
0.000246443
0.00024788300000000001
0.00024827300000000003
0.00025234600000000003
0.00026809800000000003
0.00024491500000000001
0.00024443800000000003
0.00024316000000000002
0.00024422199999999999
0.00024404800000000002
0.000244004
0.00024397200000000001
0.00026938800000000002
0.00024300800000000002
0.00024347400000000001
0.00030436900000000003
0.00024449200000000002
0.00024728700000000001
0.00024626900000000002
0.00024858700000000004
0.000245889
0.00027066600000000003
0.00024426500000000002
0.00024287800000000003
0.00026782800000000001
0.000242823
0.00024308400000000002
0.00024281300000000001
0.00024300800000000002
0.00026349400000000002
0.000250158
0.000266495
0.000244763
0.00024574900000000002
0.00024767700000000002
0.00024846800000000001
0.00025387400000000002
0.00043019000000000005
0.00024599800000000004
0.000227841
0.00022733200000000001
0.000227624
0.000225858
0.00022490500000000002
0.00022435300000000003
0.00022539200000000001
0.00022482900000000001
0.00027791400000000004
0.000227624
0.00022802500000000003
0.000228404
0.00022981300000000002
0.00022943300000000002
0.00022962900000000002
0.00022820900000000002
0.00022672500000000002
0.00024621400000000002
0.00022538200000000002
0.000225393
0.00022570600000000002
0.000224417
0.00022426500000000002
0.00022454700000000002
0.00022485100000000001
0.00028506400000000002
0.00024666900000000003
0.00022731000000000002
0.00022826400000000002
0.00023001900000000001
0.00023030000000000001
0.00022995400000000001
0.00022735300000000002
0.00022778700000000002
0.000228101
0.000225436
0.000246312
0.00022570700000000001
0.00022514300000000002
0.00022562000000000003
0.00022538200000000002
0.00022504600000000001
0.00026578000000000002
0.00022609600000000001
0.00022720200000000002
0.000248099
0.00022920500000000001
0.00022940100000000001
0.00023048400000000001
0.00025102499999999999
0.00022693100000000001
0.000247211
0.000225956
0.00022492600000000002
0.00024522900000000002
0.00022530600000000001
0.000224818
0.00022551200000000001
0.000224818
0.00026557400000000003
0.00022662700000000002
0.00022692
0.00022895600000000002
0.00024912900000000001
0.00023011600000000002
0.00022923900000000001
0.00022828500000000003
0.00022692
0.00022683300000000002
0.00022536000000000002
0.000225641
0.00022629200000000001
0.00059160500000000004
0.00040330700000000005
0.00042031500000000004
0.00023179500000000003
0.00023371200000000001
0.00022336600000000002
0.00017465900000000002
0.000174518
0.00019157000000000001
0.000177021
0.00017659900000000002
0.00019748500000000001
0.000173511
0.00017197300000000002
0.000171788
0.00017175600000000001
0.000171972
0.000172232
0.00017173400000000002
0.00017222100000000002
0.00017189700000000001
0.00017149500000000002
0.00023632400000000002
0.00019414900000000001
0.00017558000000000002
0.00019079000000000001
0.00017719400000000001
0.00018724800000000002
0.00019215500000000001
0.00018162500000000001
0.00019322700000000003
0.00017482200000000001
0.00017189700000000001
0.00018316300000000002
0.000171452
0.00019244800000000001
0.00017216700000000001
0.00017231900000000001
0.00018320700000000001
0.00022680100000000003
0.00021985600000000002
0.000183921
0.000209077
0.00021145000000000002
0.00017706300000000001
0.00017383500000000001
0.000192783
0.00017202600000000001
0.00017189600000000002
0.000171993
0.00017189700000000001
0.00017217800000000002
0.00017669500000000002
0.00017520100000000002
0.00018890500000000001
0.00017748700000000002
0.00017338100000000001
0.00019417000000000002
0.00021048600000000002
0.00018733400000000002
0.00017651200000000001
0.00018385600000000001
0.000174453
0.000173499
0.00017231900000000001
0.00020915300000000001
0.00017201600000000001
0.00017191800000000002
0.00017196100000000002
0.00017212400000000001
0.00019073600000000003
0.00017256800000000001
0.000172189
0.00017369500000000002
0.000173912
0.00017452900000000001
0.00017601300000000001
0.00017645700000000001
0.00017695500000000002
0.000174508
0.00018803800000000002
0.000173933
0.00019169
0.00017195100000000002
0.00041299800000000003
0.00021925000000000002
0.00024047300000000003
0.00017190700000000001
0.00017522200000000002
0.000185699
0.00019956600000000001
0.00017663100000000001
0.00017368400000000001
0.00017554700000000002
0.00019725800000000001
0.000177281
0.000174518
0.00017343500000000002
0.00017210200000000001
0.00017173400000000002
0.00017211300000000002
0.00017213500000000002
0.00017203700000000002
0.000172308
0.00017209200000000002
0.000172394
0.00017211300000000002
0.00019239300000000001
0.00021050700000000002
0.00017450700000000001
0.00017645700000000001
0.00019096400000000001
0.00017719400000000001
0.000173933
0.000174074
0.00017369400000000001
0.00017202600000000001
0.00017189700000000001
0.00017187500000000002
0.000190454
0.00021571800000000002
0.00022701700000000001
0.00020086500000000002
0.00018561200000000001
0.000194105
0.00020185100000000002
0.000209218
0.00017535200000000001
0.00017628400000000002
0.00023023600000000001
0.00017497300000000001
0.00019354200000000002
0.00019993300000000001
0.00017176600000000001
0.000191213
0.00017155000000000002
0.00017120300000000001
0.00018719400000000001
0.00017124600000000001
0.00017137700000000001
0.000171225
0.00019148300000000002
0.000173272
0.000173857
0.00017556900000000001
0.000176133
0.00017651200000000001
0.00017330400000000002
0.00019294600000000002
0.00017342400000000001
0.00017156000000000002
0.000203119
0.00017176600000000001
0.00019020500000000001
0.000171127
0.000170824
0.00017113800000000001
0.00017135500000000002
0.000171626
0.000173208
0.00018564500000000002
0.00019087600000000001
0.00017601300000000001
0.00017659800000000001
0.00019004200000000002
0.00019179800000000002
0.00017190700000000001
0.000171755
0.000171712
0.00017144100000000001
0.00017127800000000002
0.00017133300000000002
0.00017166800000000001
0.000171571
0.00021621700000000002
0.00024802400000000001
0.00021062600000000003
0.000194062
0.00017619700000000001
0.00017651200000000001
0.00019370500000000002
0.00017426900000000001
0.00017247100000000002
0.000172979
0.000171452
0.00017164700000000001
0.00017169100000000002
0.00017129000000000002
0.00017153900000000001
0.000190552
0.00017196100000000002
0.00019236000000000001
0.00017292500000000002
0.000173597
0.00017475700000000002
0.000206574
0.00017643500000000001
0.00017644700000000001
0.000173771
0.00019232800000000002
0.00017224300000000001
0.00019046500000000001
0.00023370200000000002
0.00017231900000000001
0.00017215600000000002
0.00017256800000000001
0.00017203700000000002
0.00017208100000000001
0.00017238300000000002
0.00017357600000000002
0.00017450700000000001
0.00017560200000000002
0.000176035
0.00019760400000000001
0.00019903500000000002
0.00021379000000000002
0.00017362900000000001
0.00022307400000000003
0.000171798
0.00017203700000000002
0.00017188500000000001
0.00017195100000000002
0.000171929
0.00017216700000000001
0.00017214500000000001
0.00019103900000000003
0.00017336900000000001
0.00017404100000000002
0.00017414900000000002
0.00017568800000000002
0.00017620800000000002
0.00017698800000000002
0.00017447400000000001
0.00017326100000000002
0.00017160400000000001
0.000191072
0.00017184200000000001
0.000190671
0.00017248100000000002
0.00022502400000000002
0.00017264400000000001
0.00017205900000000001
0.00017222100000000002
0.00022499100000000001
0.00022749400000000001
0.00020563200000000003
0.00018855800000000002
0.00017680400000000002
0.000198006
0.000184138
0.00017378100000000002
0.000175959
0.00017179900000000001
0.00017191800000000002
0.00017234000000000002
0.00017216700000000001
0.00019034600000000001
0.000172394
0.00017226400000000002
0.00017243800000000002
0.00023358200000000003
0.00018633700000000002
0.000174193
0.00017559100000000001
0.000176577
0.00017666400000000001
0.00017444200000000002
0.00024870600000000001
0.00023780800000000002
0.00039517900000000001
0.00030922300000000002
0.000215534
0.00027080600000000001
0.000289246
0.00017189600000000002
0.00017210200000000001
0.00019184100000000002
0.00017340200000000002
0.000174799
0.000347628
0.00023809000000000002
0.00024039700000000002
0.00024040800000000001
0.00023709200000000003
0.00023553300000000001
0.00023524100000000002
0.00026060200000000002
0.00024442700000000002
0.00031096699999999999
0.00028802100000000001
0.00037006400000000003
0.00024423199999999999
0.00023688700000000002
0.00027858500000000003
0.00034274100000000003
0.00028653700000000001
0.00023596600000000002
0.00029676400000000003
0.00024189200000000001
0.00026946100000000003
0.00022739600000000002
0.00022708300000000002
0.00022714700000000003
0.00022638900000000002
0.00022548000000000002
0.000248977
0.00022554400000000002
0.00027177599999999999
0.00031231100000000001
0.00025306100000000001
0.00024322400000000003
0.00024494700000000002
0.000245066
0.00024470900000000002
0.00024755799999999999
0.00029755500000000002
0.000177541
0.00017461600000000002
0.000173673
0.00017234000000000002
0.00017217800000000002
0.00017176600000000001
0.00017241700000000001
0.00017195100000000002
0.00017215600000000002
0.00017256800000000001
0.00019167900000000002
0.00017222100000000002
0.00018434500000000001
0.00017405200000000001
0.00017526500000000002
0.00017584000000000002
0.00017658700000000002
0.00017714
0.00017462700000000001
0.00017352100000000002
0.00017366200000000002
0.000171712
0.00019035600000000001
0.000172373
0.00017198300000000001
0.00017212400000000001
0.000171669
0.00027540800000000004
0.000283854
0.00026556300000000002
0.000224374
0.00023249900000000002
0.00029523700000000001
0.00026419900000000001
0.00021262000000000001
0.00017432300000000002
0.00017274100000000002
0.00017212400000000001
0.00017201600000000001
0.000172005
0.000171745
0.00017203700000000002
0.00017215700000000001
0.000172048
0.000172275
0.00017217800000000002
0.00017342400000000001
0.00019337900000000001
0.00017528700000000002
0.00017615400000000001
0.00017675000000000001
0.00017664200000000002
0.00017473400000000001
0.00017416100000000002
0.00020490600000000001
0.00017195000000000001
0.00019726900000000003
0.00017203700000000002
0.00017186400000000001
0.00019112600000000001
0.00017256800000000001
0.00017209200000000002
0.00017227600000000002
0.00017317400000000001
0.00017454000000000002
0.00017473400000000001
0.00017549300000000001
0.00017629500000000001
0.00017703100000000002
0.00017441000000000001
0.00021774400000000002
0.00019119000000000002
0.000224515
0.00017205900000000001
0.00017501600000000001
0.00017224300000000001
0.00020122200000000001
0.00021038800000000002
0.00018619700000000001
0.00019066000000000002
0.000172991
0.00017435600000000002
0.00024397200000000001
0.00019437600000000001
0.000176436
0.00017741100000000001
0.00017528700000000002
0.000174561
0.000173532
0.000171528
0.00017215600000000002
0.00017202600000000001
0.00017191800000000002
0.00017220000000000001
0.00019194900000000002
0.000172318
0.00017234000000000002
0.00017357600000000002
0.00018312000000000002
0.00017455000000000001
0.000175785
0.00017650100000000002
0.000177085
0.000174453
0.00017352100000000002
0.00017228600000000001
0.00019056300000000001
0.00017208000000000002
0.00017182000000000002
0.00017212400000000001
0.00017215600000000002
0.00039898900000000004
0.000351343
0.00034341300000000004
0.00081416500000000005
0.00022785200000000001
0.00022883800000000001
0.00033575400000000001
0.00018477700000000001
0.00019414800000000003
0.00017431200000000001
0.000173337
0.00017164700000000001
0.000171041
0.00017190700000000001
0.00017163600000000002
0.00017149500000000002
0.00017159300000000002
0.000193444
0.00017146300000000001
0.00018859100000000002
0.00017278400000000002
0.000173327
0.00017395400000000001
0.000174864
0.00021137400000000001
0.00017623000000000001
0.00017366300000000001
0.00017259
0.00018990100000000002
0.00019074700000000001
0.00017144100000000001
0.00017144100000000001
0.00017172300000000001
0.00017130100000000001
0.00019786400000000002
0.00022449300000000001
0.00023685400000000002
0.00017405200000000001
0.00017366200000000002
0.000173716
0.00019423500000000001
0.00017516800000000001
0.00017585100000000001
0.00019415900000000001
0.000172623
0.000204386
0.00020668300000000001
0.00019589300000000002
0.00017108300000000002
0.000180769
0.00017117100000000002
0.000171626
0.00019152700000000001
0.00017177800000000001
0.00017273100000000002
0.000173673
0.00017397700000000002
0.00017501600000000001
0.000175818
0.00017627300000000001
0.00017374900000000001
0.00017277300000000001
0.00017280600000000001
0.00017121400000000002
0.00019073600000000003
0.00017202600000000001
0.00017134300000000002
0.00020507900000000002
0.00017217800000000002
0.00017180900000000001
0.000171755
0.00019367100000000002
0.00017394400000000001
0.000174334
0.000174876
0.000222272
0.00024696200000000004
0.00022138400000000001
0.00021550200000000001
0.00017243800000000002
0.00017163600000000002
0.000172015
0.00017172300000000001
0.00017193900000000002
0.00017199400000000002
0.00017217800000000002
0.00017222100000000002
0.00017184200000000001
0.00022753700000000001
0.00017483200000000001
0.00017450700000000001
0.00047139000000000003
0.00018582800000000002
0.000182535
0.000174475
0.00017399800000000002
0.00017370500000000002
0.00017202600000000001
0.00020215400000000002
0.00019189500000000001
0.00017247100000000002
0.000171972
0.000172146
0.000172666
0.00017224300000000001
0.000172308
0.00017454000000000002
0.000174236
0.00017536400000000001
0.00019097500000000002
0.000194582
0.000193098
0.00017403000000000001
0.000172146
0.00020427800000000001
0.00023160000000000002
0.00023240200000000002
0.00023303000000000001
0.000231914
0.00023144900000000003
0.00022901100000000002
0.00027623200000000001
0.00023365900000000002
0.000314152
0.00033050000000000001
0.00023502400000000002
0.00027293
0.00023856600000000001
0.00026315799999999999
0.00023348500000000002
0.00023352800000000002
0.000233355
0.00023044100000000001
0.00025205400000000004
0.00023264000000000002
0.00023751500000000002
0.00026825000000000004
0.00030704500000000004
0.00023923800000000002
0.00023683300000000001
0.00023843600000000002
0.00023873900000000002
0.00024907400000000001
0.00023953000000000001
0.00035992400000000002
0.000260645
0.00018007600000000002
0.00018652100000000001
0.00019515600000000001
0.00022031200000000001
0.000208958
0.000283493
0.00018217800000000002
0.00036236100000000001
0.00021979100000000002
0.00026350500000000003
0.000218144
0.00017421400000000001
0.000174723
0.00026606200000000002
0.00017705300000000001
0.00058201200000000002
0.00026056899999999999
0.00068502100000000007
0.000312548
0.00039231600000000003
0.00028105000000000003
0.00025776299999999999
0.00026126200000000001
0.00023944400000000001
0.000194224
0.00017119200000000002
0.00025429700000000001
0.00017757300000000002
0.00019256700000000001
0.00017710800000000001
0.00017518900000000002
0.00017573100000000002
0.00020043200000000001
0.00018870000000000001
0.00017309900000000002
0.00017193900000000002
0.00017195000000000001
0.00017149600000000001
0.000171755
0.00017829900000000001
0.00018172200000000002
0.00021031200000000002
0.000193358
0.000171972
0.00019301100000000001
0.00017467000000000001
0.000174778
0.00020540400000000001
0.00017608900000000001
0.00022125400000000002
0.00017525400000000001
0.00017398700000000001
0.00017198300000000001
0.00017242700000000001
0.00017259
0.00017217800000000002
0.00019237200000000001
0.00019009700000000002
0.00017185300000000002
0.00017147400000000002
0.00017189600000000002
0.00017311
0.00019211200000000001
0.000174258
0.00017576400000000002
0.00017649000000000001
0.000181657
0.00022663800000000001
0.00019451700000000001
0.00020654200000000002
0.00017191800000000002
0.00018942500000000001
0.00018635900000000001
0.00017189700000000001
0.000172005
0.00017184200000000001
0.00017172300000000001
0.00017172300000000001
0.000172676
0.00017384600000000002
0.00019281600000000001
0.00017588300000000002
0.00017637100000000001
0.00017661900000000001
0.00017410600000000002
0.000173511
0.00017185300000000002
0.000171831
0.00017219900000000002
0.00017208000000000002
0.000172287
0.00018336900000000001
0.000190714
0.00017259
0.000171929
0.00017338000000000002
0.00017386800000000001
0.00017434400000000002
0.00017553700000000002
0.00017608900000000001
0.00017667400000000001
0.00017352100000000002
0.00017317500000000002
0.00017326100000000002
0.00028112100000000001
0.00018465900000000002
0.00017202600000000001
0.00021057200000000002
0.00021893500000000002
0.000176608
0.00017221100000000002
0.00019500500000000002
0.00017290400000000001
0.00018516800000000001
0.000173597
0.00017533100000000001
0.00017615400000000001
0.00017653300000000001
0.00017410700000000001
0.00019231800000000002
0.00017251300000000001
0.00017214500000000001
0.00017203700000000002
0.000171571
0.00017185300000000002
0.00017206900000000001
0.000172308
0.00017208000000000002
0.00017163600000000002
0.00017320700000000001
0.00017384600000000002
0.00019345500000000001
0.00017589400000000001
0.00017637100000000001
0.00019495000000000002
0.00020726800000000001
0.00017348900000000001
0.000173337
0.00017158200000000001
0.00019105000000000001
0.00018969600000000002
0.000171993
0.00017184200000000001
0.00019066000000000002
0.000171972
0.000186045
0.00017225400000000002
0.00017392200000000002
0.000173933
0.00018528700000000002
0.000235815
0.00023061400000000003
0.00019008600000000001
0.000173358
0.00019362800000000002
0.00017227600000000002
0.00017190700000000001
0.000209533
0.000171929
0.000171755
0.000171702
0.00018368300000000002
0.000218156
0.00021795000000000001
0.00020710600000000001
0.00017465900000000002
0.00019670600000000002
0.00017691300000000001
0.00017705300000000001
0.00017446400000000002
0.000173554
0.00017328300000000001
0.00017121400000000002
0.00017210200000000001
0.00017190700000000001
0.000172416
0.00017224300000000001
0.000186522
0.00021827500000000001
0.00017654400000000002
0.00017306600000000001
0.00017414900000000002
0.00017434500000000001
0.00017530900000000001
0.00017658800000000001
0.00017672800000000002
0.00017439900000000002
0.00017347800000000002
0.00017184200000000001
0.00017149500000000002
0.00021629200000000001
0.00021884900000000002
0.00021777600000000001
0.00021843700000000001
0.00021386500000000001
0.00023668100000000001
0.00031822000000000003
0.00025110099999999999
0.000375578
0.00022094000000000001
0.00022293400000000002
0.00023952000000000001
0.00020746300000000002
0.00023217500000000002
0.00022939000000000002
0.000226963
0.00017198300000000001
0.00017201600000000001
0.00020668200000000002
0.000189707
0.00017202600000000001
0.00017169100000000002
0.000192339
0.00017222100000000002
0.00017288200000000002
0.00018463600000000001
0.00017438800000000001
0.000185546
0.00017628400000000002
0.00017649000000000001
0.00019420300000000002
0.00017345700000000002
0.00017189600000000002
0.00017148400000000001
0.00019068200000000002
0.00017222100000000002
0.00019445200000000001
0.00022892400000000001
0.00022826300000000001
0.00022809000000000002
0.00022903200000000003
0.00022781900000000001
0.00020710600000000001
0.00017468
0.00017538500000000002
0.00019738700000000001
0.00017710700000000002
0.00017468
0.00021177400000000002
0.00017194000000000001
0.00017160400000000001
0.000171712
0.00017214500000000001
0.00019601200000000002
0.000217073
0.000172633
0.000189891
0.00024461099999999999
0.00022878300000000001
0.00022869700000000001
0.00022966000000000002
0.00023303000000000001
0.000192339
0.000177097
0.00017460400000000002
0.00017371700000000002
0.0001739
0.00020972700000000002
0.00018297900000000002
0.000172048
0.000172265
0.000171886
0.00017253600000000002
0.000172535
0.000172308
0.00022163300000000002
0.00022338800000000001
0.00026718299999999999
0.00022424400000000002
0.00022478600000000001
0.00025061300000000001
0.00022414600000000002
0.000222229
0.00022138400000000001
0.00022097300000000001
0.00024681000000000003
0.00022162200000000001
0.00026179300000000002
0.000259681
0.00024626900000000002
0.00022745100000000001
0.00022965000000000003
0.00024643100000000003
0.00022873000000000001
0.00024918900000000003
0.00017846100000000001
0.00017662
0.00017697700000000001
0.00017450700000000001
0.00017384600000000002
0.000190335
0.00017242700000000001
0.00017222100000000002
0.000178288
0.000195904
0.00017243800000000002
0.00018421400000000001
0.00017860200000000001
0.00017304500000000001
0.00017352200000000001
0.00019024800000000001
0.00022848000000000001
0.000175959
0.000177226
0.00017766
0.00021048600000000002
0.00017374900000000001
0.00017210200000000001
0.00017215600000000002
0.00017270800000000001
0.00017235200000000002
0.000206228
0.000189793
0.000216715
0.00024322400000000003
0.00019527500000000002
0.000173153
0.000206011
0.00020568600000000001
0.00017911200000000002
0.00017576400000000002
0.00018345500000000001
0.000173413
0.000172633
0.00017887300000000002
0.000172666
0.000178667
0.00017153900000000001
0.000171528
0.00017850400000000001
0.000171886
0.00017176600000000001
0.00020935900000000003
0.00017290300000000002
0.00017335900000000002
0.000173857
0.00017501600000000001
0.00017544900000000002
0.00017615399999992842
0.00017409600000000002
0.00024400500000000002
0.00021549000000000001
0.000171626
0.00017124600000000001
0.000171387
0.00017172300000000001
0.00018706400000000002
0.000171712
0.00017153800000000002
0.00017093200000000002
0.000190292
0.00017346700000000001
0.00019431
0.00017576400000000002
0.00018676000000000001
0.00020291300000000001
0.00019116900000000001
0.000173456
0.00018062800000000001
0.00017160400000000001
0.00017182000000000002
0.000195644
0.00018978300000000001
0.00017164800000000002
0.00019194900000000002
0.00061334200000000001
0.000291174
0.00022069100000000002
0.00026122999999999999
0.00024334400000000002
0.00026347800000000004
0.00023524
0.00027693900000000003
0.00025926900000000001
0.000230549
0.00025481599999999999
0.00025610600000000003
0.00022480800000000001
0.00022536000000000002
0.00023071100000000001
0.00022205600000000002
0.00028756100000000003
0.00022576100000000002
0.00022563100000000001
0.00022764600000000002
0.000226519
0.00022860000000000003
0.00023063600000000002
0.00022940000000000002
0.00026507200000000004
0.00018040000000000002
0.00023514200000000001
0.00027132700000000003
0.00029757600000000003
0.00024053800000000002
0.00023178400000000002
0.00025280100000000003
0.00025003900000000002
0.00023291100000000001
0.00022298700000000001
0.00022055000000000002
0.00022071200000000002
0.000221969
0.000222143
0.000224169
0.00022481900000000002
0.000460354
0.00024703799999999999
0.00024388500000000003
0.00024619300000000002
0.000235381
0.00030284700000000002
0.00026297400000000002
0.00024142600000000002
0.00027042800000000002
0.00024286700000000002
0.00027615800000000003
0.000242997
0.00024458900000000003
0.00026246500000000003
0.00027628900000000004
0.000247266
0.00027769700000000003
0.00024897800000000001
0.00027738300000000002
0.00024507700000000001
0.000263603
0.00024302900000000002
0.00026853200000000004
0.00026202100000000003
0.00077868000000000002
0.000215567
0.00021704000000000002
0.000222575
0.00021877300000000001
0.00023565200000000001
0.00024604200000000003
0.00022298800000000003
0.00022461300000000003
0.00025422000000000004
0.00022546900000000001
0.00023084100000000002
0.00024048300000000002
0.00022247800000000002
0.00022282500000000001
0.000245706
0.00026575500000000001
0.00022602000000000001
0.00022532700000000002
0.00022541400000000001
0.00022590200000000002
0.00022686600000000002
0.00026901700000000003
0.00023160000000000002
0.00022497000000000001
0.00022960700000000003
0.00025552100000000004
0.00023042000000000001
0.00022712600000000002
0.000265114
0.00022084200000000001
0.000219867
0.00021995400000000002
0.000220561
0.00021991100000000002
0.00022000800000000003
0.00022011700000000001
0.00022057200000000002
0.00024346300000000002
0.00022219700000000001
0.00022598800000000002
0.00024791500000000003
0.00023143800000000002
0.000260277
0.00023074400000000001
0.00022797100000000002
0.00022773200000000002
0.00024541299999999999
0.00022689800000000001
0.00022670400000000002
0.00022666
0.00022655200000000001
0.00022583700000000003
0.00022684400000000003
0.000227018
0.00022686600000000002
0.00024943200000000001
0.00022869700000000001
0.00022894600000000003
0.00022986700000000003
0.00024174000000000003
0.000306784
0.00021659500000000001
0.00021249500000000002
0.00021478500000000002
0.00024388500000000003
0.0013928850000000002
0.00022353500000000002
0.000218495
0.00021466500000000001
0.00021116400000000001
0.00021210400000000001
0.00021978500000000001
0.00020312500000000002
0.00016193300000000001
0.00018186400000000001
0.000204794
0.00020369500000000002
0.00024186500000000002
0.00021070500000000002
0.00015918400000000001
0.00015830300000000002
0.00015885400000000002
0.00015905300000000001
0.00021316500000000002
0.000160624
0.00015885300000000001
0.00015877400000000001
0.00015862300000000002
0.00016014300000000001
0.000160834
0.00016124300000000001
0.000162344
0.00016304400000000002
0.00016275300000000002
0.00016059400000000001
0.00024349500000000001
0.00023143600000000001
0.00021393400000000002
0.00029631700000000004
0.00021457500000000003
0.00021468500000000002
0.00021063500000000001
0.00022638500000000001
0.000204954
0.00020539500000000001
0.000206295
0.00020666400000000001
0.00020782500000000002
0.000210015
0.00020964400000000001
0.000209645
0.000179574
0.00017911400000000002
0.00015916400000000002
0.00016639400000000002
0.00018628400000000002
0.00020331400000000001
0.00021381500000000001
0.00021575500000000001
0.00015838400000000002
0.00015803300000000002
0.00019209500000000001
0.00022464500000000002
0.00020339400000000002
0.00020772500000000002
0.00025471599999999999
0.00022637500000000001
0.00022647500000000002
0.00022467500000000003
0.000224145
0.000224405
0.00025884600000000002
0.00021799500000000002
0.00025977600000000003
0.00021767500000000002
0.00038303800000000004
0.00033675300000000002
0.00020345400000000002
0.00020215500000000001
0.000159314
0.00016005300000000001
0.00016008400000000001
0.00016157300000000001
0.00016195400000000002
0.00016233400000000001
0.000160433
0.00017822400000000002
0.00015817400000000002
0.00015784300000000001
0.000157744
0.00015803300000000002
0.00015786400000000002
0.00022681400000000001
0.00019612500000000001
0.000158233
0.000157794
0.00018932400000000002
0.000166164
0.00017919400000000001
0.00016157400000000002
0.00016175300000000002
0.000163084
0.00016017400000000002
0.00015909300000000002
0.000160624
0.00020044400000000001
0.00017764400000000002
0.00015744400000000002
0.00015795300000000001
0.00015793400000000001
0.00017572400000000001
0.00015788300000000002
0.00015772400000000001
0.00018895400000000002
0.00015974400000000002
0.00017498400000000002
0.000161683
0.00016178400000000002
0.00016233400000000001
0.000160013
0.000159524
0.00017283400000000002
0.000176274
0.000158233
0.00015818400000000002
0.00015817300000000001
0.00015786400000000002
0.00015829400000000001
0.00015826300000000001
0.00015796400000000002
0.00015934300000000002
0.00016069400000000002
0.000160323
0.000171824
0.00025310799999999999
0.00022344500000000001
0.00023853600000000002
0.000251835
0.00021029500000000002
0.00021685500000000001
0.00021800500000000001
0.00023852500000000001
0.00021507500000000001
0.00021944500000000002
0.00021541500000000002
0.00021648500000000001
0.000239745
0.00021937500000000001
0.000216185
0.00022109500000000001
0.00024473600000000001
0.000240735
0.00022186500000000002
0.00022141500000000001
0.00022125500000000001
0.00022033500000000002
0.00021967500000000001
0.00034318800000000002
0.000222205
0.00019779400000000002
0.00017864400000000002
0.00017462400000000001
0.00016968400000000002
0.000158574
0.00027829600000000003
0.00020290400000000001
0.00020363400000000001
0.00020402500000000001
0.00019596400000000002
0.000193864
0.00020670500000000001
0.00022244500000000002
0.00020131500000000001
0.00020059400000000001
0.00016468400000000001
0.000158333
0.000171614
0.000158424
0.000158603
0.000158474
0.00017563400000000001
0.000160574
0.000160533
0.00016063400000000002
0.00018770400000000002
0.000200795
0.000163683
0.00017048400000000002
0.000223885
0.00021670500000000001
0.000257629
0.00021439500000000001
0.00021317500000000002
0.00021104400000000002
0.00022005500000000001
0.00022024500000000002
0.00021811500000000001
0.00021851500000000002
0.00024043500000000002
0.00021970400000000001
0.00022398600000000002
0.000221525
0.00022146400000000002
0.00022155400000000003
0.00022457500000000002
0.00024873500000000004
0.00022008500000000002
0.00023554500000000001
0.00022007400000000001
0.00021173400000000002
0.00021526500000000002
0.000216085
0.00021971500000000002
0.00022370500000000001
0.00022446500000000003
0.000224725
0.000239726
0.00022649500000000001
0.00022066500000000002
0.00022169500000000002
0.00022690500000000001
0.00022374500000000002
0.00021374500000000002
0.00021509400000000001
0.00022030400000000002
0.00023130500000000001
0.00021933500000000003
0.00021341400000000001
0.00021821400000000002
0.00024451600000000002
0.00021745500000000002
0.00084227800000000002
0.000367308
0.00059213400000000002
0.00031892700000000005
0.00025506000000000004
0.00022464500000000002
0.00024426600000000004
0.00021490500000000002
0.00023806500000000001
0.000215775
0.00020761500000000002
0.00022474500000000002
0.00025274100000000001
0.00020628400000000002
0.00021313500000000001
0.000206925
0.00021541500000000002
0.00024509500000000002
0.00020815500000000002
0.00021558500000000002
0.00024624500000000003
0.00021724500000000002
0.00022727500000000001
0.000216975
0.000281272
0.00023587500000000003
0.00021963500000000001
0.00021830500000000002
0.00022386500000000001
0.00023290500000000002
0.00020878500000000001
0.00015877300000000002
0.00015861400000000001
0.00017797400000000001
0.00020923500000000003
0.00021589500000000002
0.00021330400000000002
0.000209855
0.00021311500000000002
0.00023366500000000001
0.00021884500000000001
0.000216035
0.00024807099999999999
0.000226655
0.00022358500000000002
0.00020753500000000001
0.00020806400000000002
0.00022745500000000002
0.00020718400000000001
0.00020771500000000003
0.00022783500000000002
0.00023543500000000001
0.00020916500000000001
0.00020960500000000002
0.00021026400000000002
0.00022822600000000002
0.00021290400000000001
0.000212005
0.00020903500000000002
0.00024302500000000001
0.00020916500000000001
0.00020768500000000001
0.00020779400000000002
0.00020809500000000002
0.00022488500000000003
0.00051152200000000004
0.00023075500000000002
0.00022249500000000002
0.00018526400000000001
0.000160254
0.00016018300000000002
0.00017777400000000001
0.00016189400000000002
0.00016267400000000002
0.00019588400000000001
0.000160784
0.000159483
0.000159724
0.00015817300000000001
0.00015803400000000001
0.00017463400000000001
0.00015840300000000002
0.00015807400000000002
0.00015875400000000002
0.000158503
0.00015843400000000002
0.00015968300000000001
0.00019241500000000001
0.00017076300000000002
0.00016117400000000001
0.00017525400000000001
0.000162774
0.000165293
0.00015939400000000001
0.00017345400000000002
0.00015853300000000001
0.00015836300000000002
0.00015835400000000001
0.000158393
0.00017521400000000001
0.000158524
0.00017414400000000002
0.00015862300000000002
0.00016011400000000002
0.000160123
0.00016043400000000002
0.000161824
0.00016254300000000002
0.000179044
0.000159884
0.000168154
0.00017628400000000002
0.00015857300000000001
0.00015833400000000002
0.00015847300000000001
0.00015859400000000002
0.00017455400000000002
0.00015885300000000001
0.00015804400000000001
0.000158894
0.000159173
0.000160354
0.00016010300000000001
0.00019359500000000002
0.00016209300000000001
0.00017612400000000002
0.00016002400000000001
0.000159703
0.000158493
0.00015827400000000002
0.00015861300000000002
0.00017432400000000001
0.000166434
0.00015832300000000001
0.00017257400000000002
0.00020203500000000001
0.00015796300000000001
0.00015909400000000001
0.00015981400000000001
0.000160333
0.00017813400000000001
0.00016236400000000002
0.00016200400000000002
0.00016005300000000001
0.00015944400000000001
0.00015947300000000001
0.00015812400000000002
0.00017502400000000002
0.00017369400000000001
0.000158333
0.00015808400000000001
0.000158343
0.00015819400000000001
0.00015808400000000001
0.000158443
0.00019043400000000001
0.00021442500000000002
0.00023675600000000002
0.00034945800000000003
0.000227285
0.00022438500000000001
0.00024226000000000003
0.00020928500000000003
0.00024088500000000001
0.00023594600000000001
0.00016464300000000002
0.000159054
0.00020817500000000001
0.000211394
0.00023036600000000002
0.00020577400000000001
0.00022206500000000002
0.000210585
0.00021196500000000002
0.00021360500000000001
0.00020700400000000003
0.00022436500000000002
0.00019265500000000002
0.00024198500000000001
0.00016007400000000001
0.00016618400000000002
0.00020661400000000001
0.00020008500000000002
0.00020069400000000001
0.00018651400000000001
0.000172664
0.00015880400000000002
0.000158593
0.00015974400000000002
0.00017698400000000001
0.00020698500000000002
0.00016165300000000002
0.00018477500000000001
0.000162783
0.000161244
0.000159803
0.00015851400000000001
0.00015859400000000002
0.000170483
0.00015996400000000002
0.00015907400000000002
0.000179364
0.00015936300000000001
0.00015877400000000001
0.00017378400000000002
0.000160323
0.000173764
0.00016139400000000001
0.00017160400000000001
0.000214145
0.00017875400000000002
0.000160963
0.00019319500000000001
0.00021147400000000002
0.00020920500000000001
0.00020699500000000002
0.00021411500000000002
0.00023005500000000001
0.000209275
0.000205214
0.00020689500000000002
0.00021274500000000002
0.00022889500000000001
0.00021511500000000002
0.000222055
0.00021410500000000002
0.000216395
0.00022842500000000001
0.000224725
0.00023081500000000002
0.00021462500000000003
0.00022872500000000002
0.00020811500000000001
0.00070556100000000006
0.00021889500000000001
0.00022097500000000002
0.00024184500000000003
0.00021866500000000002
0.000236915
0.00021420500000000003
0.000211685
0.00021495500000000002
0.00021776500000000003
0.00023311500000000002
0.00021507500000000001
0.00021328500000000002
0.000213174
0.000205665
0.00018387400000000002
0.00015903400000000001
0.00017787400000000001
0.00017948400000000002
0.000158293
0.00015882400000000001
0.00017581400000000002
0.00015855400000000001
0.00016029300000000002
0.00016091400000000001
0.00016109300000000001
0.00016241400000000002
0.000179824
0.00016304400000000002
0.00016060300000000002
0.000160154
0.00017123400000000001
0.00015799300000000002
0.00015833400000000002
0.00015834400000000001
0.00015866300000000002
0.00015812400000000002
0.00015848300000000001
0.00015865400000000002
0.000174904
0.000159593
0.00016016400000000002
0.00017656400000000001
0.00016174400000000002
0.000162683
0.000162824
0.00016079400000000002
0.00015936300000000001
0.00015813400000000001
0.00015832300000000001
0.000157894
0.000177844
0.00017497400000000002
0.00016736300000000002
0.000158543
0.00015865400000000002
0.00015851300000000002
0.00015981400000000001
0.00016040300000000002
0.000160404
0.00016200400000000002
0.00016233300000000002
0.00016310400000000002
0.000176214
0.000176634
0.00015976400000000001
0.000158553
0.000158324
0.00015817300000000001
0.00015792400000000001
0.000158333
0.00015851400000000001
0.00015817300000000001
0.00015840400000000001
0.00015960400000000001
0.00016034300000000002
0.00018683400000000001
0.00016170400000000001
0.00016241400000000002
0.00016298300000000001
0.00016073400000000002
0.00015974400000000002
0.00017444300000000001
0.00015829400000000001
0.00026989100000000002
0.00027940700000000002
0.00024706500000000003
0.00015869400000000002
0.00015863300000000001
0.00015881400000000001
0.00015846300000000002
0.000159784
0.000160304
0.00018136400000000002
0.00016223300000000002
0.000163454
0.000173964
0.00016076400000000001
0.00015932300000000001
0.00017437400000000001
0.00015843400000000002
0.000158803
0.00015846400000000001
0.000158333
0.00015828400000000002
0.000175434
0.00015858300000000001
0.00015890400000000002
0.00015919400000000001
0.000160283
0.00016081400000000001
0.00016161300000000001
0.00016237400000000001
0.00016262400000000002
0.00016087300000000002
0.00017306400000000001
0.000158474
0.00015827300000000001
0.00019063500000000001
0.000188044
0.000158624
0.00015857300000000001
0.00015876400000000001
0.00015851300000000002
0.00015846400000000001
0.00015968300000000001
0.000160144
0.00016084400000000002
0.00021374400000000001
0.00023311600000000001
0.00019289400000000001
0.000160934
0.00016010300000000001
0.000159314
0.00015836300000000002
0.00017471400000000002
0.000158264
0.000158374
0.00015858300000000001
0.000179824
0.000187004
0.00019557500000000002
0.00015953300000000001
0.00015997400000000001
0.00016045400000000001
0.000161263
0.000162134
0.00016241400000000002
0.00016023300000000002
0.00017895400000000002
0.000158474
0.000158593
0.000158474
0.000175754
0.000173974
0.000158813
0.00015886400000000002
0.00015836300000000002
0.00015833400000000002
0.00015998400000000001
0.00016021300000000001
0.00016122400000000001
0.000161643
0.000193675
0.000162893
0.00017778300000000002
0.000160273
0.00015974400000000002
0.00019708400000000001
0.00018253400000000001
0.00015897400000000001
0.00015848300000000001
0.00015867400000000001
0.00015828400000000002
0.000158393
0.000158154
0.000347263
0.00019745400000000001
0.00019958500000000001
0.00020596400000000002
0.000180194
0.000181344
0.00016162400000000002
0.00018384400000000001
0.000160574
0.00016531400000000001
0.00015892300000000002
0.00019255900000000002
0.000159254
0.00015911300000000001
0.00015932400000000002
0.000159383
0.000159364
0.00016091400000000001
0.00016152300000000001
0.000162184
0.00016283400000000002
0.00016337300000000002
0.00018123400000000001
0.000160934
0.00016029400000000001
0.00015864300000000001
0.00015848400000000002
0.00015853300000000001
0.000158424
0.00018216400000000001
0.00015847300000000001
0.00016180300000000002
0.00019027400000000001
0.00021050500000000002
0.000159464
0.00015953300000000001
0.000159784
0.00016168400000000002
0.000162213
0.00016246400000000002
0.00017356400000000002
0.00015961300000000002
0.000159254
0.00015795300000000001
0.000163633
0.000157894
0.00017974400000000002
0.00017597400000000002
0.00015862300000000002
0.00015835400000000001
0.00015873300000000001
0.00018817500000000001
0.000160483
0.00016081400000000001
0.00016169400000000001
0.00016322300000000002
0.00016267400000000002
0.00016085400000000002
0.00017828400000000002
0.00015857300000000001
0.00015869400000000002
0.00015892300000000002
0.00015843400000000002
0.000158763
0.000158634
0.00015871400000000001
0.00015837300000000001
0.00015871400000000001
0.000160223
0.00016047400000000002
0.00017765400000000002
0.00018128400000000001
0.000162814
0.00017641400000000001
0.00022154500000000002
0.00022145500000000001
0.00021754500000000001
0.00021478400000000001
0.00021259500000000002
0.00021394500000000003
0.000252895
0.00019921400000000002
0.00022505500000000002
0.00019783500000000002
0.00019891400000000001
0.00024899600000000003
0.00020109400000000002
0.00039891500000000001
0.00022510500000000002
0.00024342500000000002
0.000227025
0.000226865
0.00024629600000000001
0.00022454500000000001
0.00024109500000000001
0.00022364500000000002
0.00023467500000000003
0.000223205
0.00022378500000000003
0.00022336500000000003
0.000223625
0.00024436500000000002
0.00022683500000000002
0.00024468999999999999
0.00017157400000000002
0.000162144
0.00017179400000000002
0.00016275300000000002
0.00016022400000000002
0.00015960400000000001
0.00015940300000000002
0.000158214
0.00017582400000000002
0.000159543
0.000159054
0.00016505400000000001
0.000158713
0.000176474
0.00016933400000000002
0.000181134
0.000191824
0.000161254
0.00016181400000000001
0.00016281300000000001
0.000180244
0.000161564
0.000160404
0.00015878300000000001
0.00016811400000000002
0.000158794
0.00015882300000000002
0.00015893400000000001
0.00015892300000000002
0.00015914400000000001
0.00015887300000000002
0.00015901400000000002
0.00016045400000000001
0.000191194
0.000161373
0.00016268400000000002
0.00016283400000000002
0.000162843
0.00016105400000000002
0.00016051300000000001
0.00015998300000000002
0.00017650400000000002
0.00015866400000000001
0.00018316400000000001
0.000205114
0.00021250500000000001
0.00018332400000000001
0.00015845400000000001
0.00019467400000000001
0.000165964
0.000173294
0.00018348400000000001
0.000162974
0.00016246300000000001
0.00018489500000000002
0.00016077300000000001
0.00016021400000000002
0.00017666400000000001
0.00015884300000000001
0.00017798400000000001
0.00015834400000000001
0.00015870400000000002
0.000158713
0.000158744
0.00015856300000000002
0.000158214
0.00018173400000000002
0.00016913400000000001
0.00022130500000000001
0.00021298500000000001
0.000213124
0.00021479500000000002
0.00021318500000000001
0.00021225500000000001
0.00021180500000000002
0.000217414
0.00025154600000000001
0.00022432500000000002
0.00022235500000000001
0.00016416400000000001
0.00015880400000000002
0.00015909300000000002
0.00015865400000000002
0.00015973300000000001
0.00016066400000000001
0.00017974400000000002
0.00017416400000000001
0.00016278400000000002
0.00016673300000000002
0.00016566400000000002
0.00018011400000000002
0.000208285
0.00020090400000000001
0.000177424
0.00015825400000000001
0.000161984
0.00015820300000000002
0.00017666400000000001
0.000158684
0.000158383
0.00017233400000000001
0.00016055400000000001
0.00016073300000000001
0.00016170400000000001
0.00016181400000000001
0.000163003
0.00019098500000000002
0.00020789400000000003
0.00020537500000000002
0.00019005400000000002
0.000180044
0.00020416500000000002
0.00019805400000000003
0.000198125
0.00019775400000000002
0.00019817500000000001
0.00019833400000000002
0.00020654500000000001
0.00022134500000000002
0.000208395
0.000201974
0.00020316500000000002
0.00020241400000000002
0.00020067500000000001
0.00019948400000000002
0.00021672500000000002
0.00020785500000000001
0.00019760400000000001
0.00021968400000000002
0.00020530400000000001
0.00019788500000000002
0.000198364
0.00021640500000000003
0.00019955400000000001
0.00020017400000000001
0.00020063500000000001
0.00020098400000000003
0.00022287500000000001
0.00020220500000000001
0.00020993400000000003
0.00022239400000000003
0.000199984
0.00020669500000000001
0.00020890400000000002
0.00019824500000000002
0.00019908400000000001
0.00019806500000000001
0.00022005500000000001
0.00031646199999999999
0.000208595
0.00022669500000000001
0.00020958500000000001
0.00020968400000000002
0.00021056500000000001
0.00021277500000000001
0.00021198500000000001
0.00021260400000000003
0.00022509600000000001
0.00020954400000000001
0.00022763500000000001
0.00018464500000000002
0.00015852300000000001
0.00015865400000000002
0.00015846300000000002
0.00017086400000000001
0.000215455
0.00021683500000000002
0.000214825
0.00021595400000000003
0.000217574
0.00023996600000000001
0.00021783500000000002
0.00022544500000000001
0.00021647500000000002
0.00021601500000000001
0.00021964400000000001
0.00021727400000000002
0.00021585500000000001
0.00024147500000000003
0.00021448500000000002
0.00023764600000000002
0.00021987500000000002
0.000219745
0.00022602500000000001
0.00021626500000000002
0.00021853400000000002
0.00021753500000000001
0.00024025600000000003
0.00021954500000000003
0.00022080500000000002
0.00023070500000000002
0.00022502500000000001
0.00021813500000000002
0.00021424500000000001
0.00023161500000000001
0.00021583500000000002
0.00023664500000000001
0.00021447500000000002
0.00021324500000000001
0.00023447500000000002
0.000216085
0.00021720500000000002
0.00021475500000000001
0.00021567400000000001
0.000214935
0.00024257600000000002
0.000221685
0.00024043500000000002
0.00022345500000000001
0.00021726500000000001
0.000232995
0.00021390500000000002
0.00021636500000000002
0.00022109500000000001
0.00024082500000000001
0.00021682400000000001
0.00021607500000000001
0.00023599600000000001
0.00049788100000000004
0.00021396500000000002
0.00027795599999999999
0.000204355
0.00020515500000000002
0.000214434
0.00023739600000000002
0.00016984400000000002
0.00017539400000000002
0.00015967300000000001
0.00015848400000000002
0.00015826300000000001
0.00015866400000000001
0.000158703
0.00015817400000000002
0.00015861300000000002
0.00015843300000000001
0.00015840400000000001
0.00015966300000000002
0.00017801400000000002
0.000161094
0.000161843
0.00017573400000000001
0.00016275400000000001
0.00016073400000000002
0.00017468400000000001
0.000158383
0.000158414
0.000158343
0.000158324
0.00016682400000000001
0.00021392400000000002
0.000170373
0.00015845400000000001
0.000158083
0.00015981400000000001
0.00017701400000000002
0.00016133400000000001
0.00016225300000000001
0.00016249400000000001
0.000163244
0.000178894
0.00016050300000000002
0.000159884
0.000174074
0.000158383
0.000158524
0.00015848300000000001
0.000158114
0.00015849400000000002
0.00015822300000000001
0.000158324
0.00018293400000000002
0.00017666400000000001
0.000160323
0.00016191400000000001
0.00016238400000000001
0.00016303300000000001
0.00016064400000000002
0.000159724
0.000192754
0.00015826300000000001
0.00015824300000000002
0.00015820400000000001
0.00015832300000000001
0.00017514400000000002
0.00015891400000000002
0.00015882300000000002
0.00017416400000000001
0.000159634
0.00016030300000000001
0.00017828400000000002
0.000161674
0.000197455
0.00017324300000000001
0.000176954
0.00016498400000000002
0.000175484
0.00015870400000000002
0.00015843300000000001
0.00015901400000000002
0.000158973
0.00015864400000000002
0.00017467400000000002
0.00015893300000000002
0.00015846300000000002
0.00016022400000000002
0.00016086300000000002
0.00016081400000000001
0.00017927400000000002
0.00017864400000000002
0.00017561400000000002
0.00030758200000000004
0.00020756500000000002
0.00031188600000000004
0.00022387500000000001
0.000291907
0.00022361500000000001
0.00025084599999999999
0.00022357500000000003
0.00025105500000000003
0.00039242900000000002
0.00022475500000000001
0.000247786
0.00031620700000000004
0.00051000700000000004
0.00022920600000000003
0.000254245
0.00022145500000000001
0.00022112500000000002
0.000250416
0.00021944500000000002
0.00024028500000000002
0.00022468500000000002
0.00021882500000000002
0.00021941500000000001
0.00023419600000000002
0.00022370500000000001
0.00021748500000000001
0.00021728400000000002
0.000219065
0.00026123600000000003
0.00025337500000000002
0.00023622600000000002
0.00022087500000000002
0.00022894500000000001
0.00022114500000000001
0.000220695
0.00023525500000000002
0.00022172500000000001
0.00024259500000000002
0.00024514200000000001
0.00021077500000000001
0.00020530400000000001
0.00033010800000000002
0.000200144
0.000200275
0.00021084400000000002
0.000256965
0.00024028600000000001
0.00021693500000000002
0.00027696600000000002
0.00035949800000000003
0.00023085500000000003
0.000212895
0.00021295500000000002
0.00022478500000000002
0.00048547100000000001
0.00021220500000000001
0.00021068400000000002
0.00021659500000000001
0.00021050500000000002
0.00021144500000000002
0.00024030500000000001
0.0013798340000000001
0.00020609500000000002
0.00020452500000000002
0.00021261400000000002
0.00023333500000000001
0.00020088400000000002
0.000160574
0.00015995400000000002
0.00016000300000000001
0.00015869400000000002
0.00015903300000000002
0.00015932400000000002
0.00015882300000000002
0.00018793500000000002
0.00020486400000000002
0.00017008400000000001
0.00022070500000000002
0.00020385500000000002
0.000173334
0.00016108300000000002
0.00016180400000000001
0.00016223400000000001
0.000162993
0.00016087400000000001
0.000159173
0.00015854400000000002
0.00017682400000000001
0.00015912400000000002
0.000174184
0.00015921300000000001
0.00015877400000000001
0.00015878300000000001
0.00015882400000000001
0.00015853300000000001
0.00018475500000000002
0.000162833
0.00016132400000000002
0.000162094
0.000180934
0.000163463
0.00017592400000000002
0.00016027400000000002
0.000181134
0.00017340400000000002
0.00018696400000000002
0.00018921400000000002
0.00015861400000000001
0.00015892400000000001
0.000182814
0.00019368400000000001
0.00015885400000000002
0.00015992300000000002
0.00017615400000000001
0.00016068400000000002
0.00016178300000000001
0.00016258400000000001
0.00021017500000000003
0.00016476400000000002
0.00015981300000000002
0.00015859400000000002
0.00015874300000000001
0.000189519
0.00017392400000000002
0.00015891400000000002
0.000158713
0.000158994
0.00015927400000000002
0.00015858300000000001
0.00016058400000000002
0.000182394
0.000163103
0.00022386700000000002
0.00016259300000000002
0.00017965400000000001
0.00016110400000000002
0.000160254
0.00016010300000000001
0.00017898400000000001
0.00016629400000000002
0.00015829400000000001
0.00017767400000000001
0.00017551400000000001
0.000158653
0.00042414200000000002
0.00021009400000000003
0.000163024
0.00016030300000000001
0.00016073300000000001
0.00016199400000000002
0.000162533
0.000162824
0.00016086400000000001
0.00017916400000000002
0.00015824300000000002
0.00015819400000000001
0.000158023
0.000158114
0.000174234
0.00017148400000000001
0.00015867300000000002
0.00015903400000000001
0.000158713
0.000160154
0.00016065400000000001
0.00017767400000000001
0.000161583
0.00016248400000000001
0.00016378400000000002
0.000161003
0.000159734
0.00015841300000000002
0.00015843400000000002
0.00015847300000000001
0.00015855400000000001
0.00017409400000000002
0.00015830400000000001
0.000175043
0.000158713
0.000158634
0.00015994300000000001
0.000202475
0.00021293500000000001
0.000230475
0.00021820500000000002
0.00020788500000000002
0.00017288400000000002
0.000160123
0.000159994
0.00015830300000000002
0.00019302500000000002
0.00015824300000000002
0.000158624
0.00015864300000000001
0.00015851400000000001
0.00015835400000000001
0.00015911300000000001
0.00015933400000000002
0.00016077300000000001
0.00016079400000000002
0.00016200400000000002
0.00016243300000000002
0.00023986600000000001
0.00016057300000000001
0.000160154
0.00015863300000000001
0.000174024
0.00015890400000000002
0.00015846300000000002
0.00015882300000000002
0.00015898400000000001
0.00015883300000000002
0.00015854400000000002
0.000158653
0.000159944
0.00019316400000000001
0.00016065400000000001
0.00016223400000000001
0.00016248300000000002
0.000162864
0.000160383
0.000159963
0.00015956400000000001
0.00017363400000000001
0.00018602400000000002
0.00015847300000000001
0.000179204
0.00021141500000000001
0.000206975
0.000189204
0.00015850400000000001
0.00015967300000000001
0.000160304
0.00016034400000000001
0.00017293300000000001
0.00016254400000000001
0.000175334
0.000186114
0.00027778600000000003
0.00021314500000000001
0.00021321500000000002
0.00020662500000000002
0.00020905400000000002
0.00020876500000000002
0.00022271500000000001
0.00024278100000000002
0.00020499400000000001
0.00020434400000000002
0.00020532500000000002
0.000204434
0.00020902500000000003
0.00020941500000000001
0.000210905
0.00024733000000000003
0.00021455500000000001
0.000214885
0.00022883500000000001
0.00021542500000000002
0.00021453500000000002
0.000214405
0.00029191600000000003
0.000182714
0.00015855400000000001
0.000158383
0.00015834400000000001
0.000186844
0.00021366500000000001
0.00016094400000000002
0.00016225300000000001
0.00016263400000000002
0.00018184400000000002
0.00016845400000000001
0.000196374
0.000158894
0.00017217400000000001
0.00015864300000000001
0.000158624
0.00015866300000000002
0.000158314
0.000158684
0.00015900300000000001
0.00015843400000000002
0.000220215
0.000177994
0.000161063
0.00016217400000000001
0.00016285400000000001
0.00016271300000000001
0.000161244
0.00016068300000000001
0.00015991400000000001
0.00015845400000000001
0.000158383
0.000158364
0.00018903400000000001
0.000158164
0.00015845300000000002
0.000159104
0.00015856300000000002
0.00015945400000000001
0.00016041300000000001
0.00020562500000000002
0.00016253400000000001
0.00017374400000000001
0.00018016400000000002
0.00016066300000000002
0.00019552500000000002
0.000158803
0.00015865400000000002
0.00015835300000000002
0.00015846400000000001
0.00015893400000000001
0.00015904300000000002
0.000158944
0.00015882300000000002
0.000158574
0.00015973300000000001
0.00016090400000000002
0.000300532
0.00035511800000000002
0.00035691800000000001
0.000166794
0.00016089300000000001
0.00021590500000000001
0.00016115400000000002
0.00018042400000000002
0.000158393
0.00015876400000000001
0.00015890400000000002
0.000158333
0.00015876400000000001
0.00015861300000000002
0.00015876400000000001
0.00015967300000000001
0.00016671400000000002
0.00017382400000000002
0.000181664
0.000179884
0.00016348400000000001
0.00017996400000000001
0.000171194
0.00015869300000000001
0.00015844400000000002
0.000158584
0.00021395400000000001
0.00020298500000000001
0.00019947400000000002
0.00019989400000000002
0.00017851400000000001
0.00015866400000000001
0.00016045300000000002
0.000160674
0.00016139300000000002
0.00016211400000000001
0.00016227400000000001
0.00016850400000000001
0.000161113
0.00016008400000000001
0.00015864300000000001
0.00015824400000000001
0.00017359400000000001
0.00016024300000000002
0.000158944
0.00015859400000000002
0.000158393
0.000158734
0.00018880400000000002
0.00017568400000000001
0.00016044400000000001
0.00017845400000000001
0.00016271300000000001
0.00016294400000000002
0.00018022400000000001
0.00016063400000000002
0.000160283
0.00015975400000000002
0.00015869300000000001
0.000158744
0.000158803
0.000158944
0.00017662400000000001
0.00016945400000000001
0.00015903300000000002
0.000158534
0.00015996400000000002
0.00017861400000000001
0.00016099300000000001
0.00016164400000000001
0.00019227400000000001
0.00016489400000000001
0.00016121400000000002
0.00016030300000000001
0.000159054
0.00015825300000000002
0.00015851400000000001
0.00015915300000000001
0.000158894
0.00017624400000000002
0.00015876400000000001
0.00015869300000000001
0.00015877400000000001
0.00015998300000000002
0.00016080400000000001
0.00016074400000000002
0.00016245300000000001
0.00016314400000000002
0.00016336400000000002
0.00016071300000000002
0.00016027400000000002
0.00017717400000000002
0.00015892300000000002
0.00021055500000000002
0.00019824500000000002
0.00029430600000000004
0.00021229500000000001
0.00021141500000000001
0.00021096500000000002
0.00021148400000000001
0.000213835
0.00022907500000000003
0.000161674
0.000173234
0.00017257400000000002
0.000183604
0.00020605500000000002
0.00018766400000000001
0.00017556400000000002
0.000158543
0.00016619400000000002
0.00020334500000000001
0.00015869300000000001
0.00018044400000000001
0.00017609400000000001
0.00015850400000000001
0.00015836300000000002
0.000162864
0.00016333400000000001
0.00016066300000000002
0.00016185400000000001
0.000162404
0.00016297300000000001
0.00016068400000000002
0.00016005400000000002
0.00019580400000000002
0.00015849400000000002
0.000158963
0.00015861400000000001
0.00015837300000000001
0.00015887400000000001
0.000158813
0.00015844400000000002
0.00020259400000000001
0.000158863
0.00016090400000000002
0.00016060300000000002
0.000180244
0.00016274400000000001
0.00016305400000000001
0.00016068300000000001
0.000177474
0.00023118600000000001
0.00015816300000000001
0.00015793400000000001
0.00015793300000000002
0.00015812400000000002
0.000157973
0.00015818400000000002
0.000176534
0.000158073
0.00015938400000000002
0.000159674
0.00016055300000000002
0.00018280400000000001
0.000223415
0.00016315400000000002
0.00017686400000000002
0.00015979400000000002
0.000159863
0.00017526400000000001
0.00015828400000000002
0.00015835300000000002
0.000158264
0.00015842300000000001
0.00015856400000000001
0.00015864400000000002
0.000158593
0.00015935400000000001
0.000160963
0.00016060400000000001
0.000161354
0.000162633
0.00017989400000000002
0.00016073400000000002
0.00015985400000000002
0.00015814300000000002
0.00019910500000000001
0.000158763
0.00015877400000000001
0.000158813
0.00015902400000000001
0.00015879300000000001
0.00028274700000000002
0.00023313500000000001
0.00025078600000000002
0.00021771500000000003
0.00021757500000000002
0.00023654500000000001
0.00022022500000000003
0.00022499500000000002
0.00021672500000000002
0.00021745500000000002
0.00026039800000000001
0.00023957500000000001
0.00022559500000000001
0.00022117500000000002
0.00022039500000000002
0.00022122500000000002
0.00024956400000000002
0.00022844500000000003
0.00020837500000000001
0.00020977500000000002
0.00021023400000000001
0.00021082500000000002
0.00021288500000000001
0.00021267500000000001
0.00021255400000000003
0.00021019500000000002
0.00022913500000000002
0.00021026500000000001
0.000219065
0.00023046500000000001
0.00020852500000000001
0.00020800400000000002
0.00020805500000000001
0.00022668500000000002
0.00020841500000000002
0.00020857500000000001
0.00025272500000000003
0.00021845500000000002
0.000218755
0.00022337500000000002
0.00022107500000000002
0.00022675500000000001
0.00021050500000000002
0.00016029400000000001
0.000188104
0.00021151500000000001
0.00018148400000000001
0.00020825500000000002
0.00020823400000000001
0.00020866500000000002
0.00020877500000000002
0.00020739400000000001
0.00020787400000000001
0.00023274500000000002
0.000216345
0.00020881500000000003
0.00021097500000000002
0.00021307500000000002
0.00022954500000000003
0.00021098500000000001
0.00020967400000000003
0.00021659500000000001
0.00024770599999999999
0.00021296500000000002
0.000205584
0.00020720500000000002
0.00020652500000000002
0.000213224
0.000212685
0.00020769500000000001
0.000204625
0.00054304700000000006
0.00021982500000000002
0.00021968500000000001
0.000219805
0.00021969400000000001
0.00021849400000000001
0.00021611500000000001
0.00016871400000000001
0.000176904
0.00015787400000000001
0.000157923
0.00015759400000000002
0.00017090400000000002
0.00015814300000000002
0.00015802400000000002
0.00015785300000000001
0.00015908400000000001
0.00015976300000000002
0.00015997400000000001
0.000161354
0.00016243300000000002
0.00017973400000000002
0.00015991400000000001
0.00015997400000000001
0.00015966300000000002
0.00015825400000000001
0.00015841300000000002
0.000171564
0.00016353400000000001
0.00015832300000000001
0.000174704
0.000158164
0.00015821300000000001
0.00017729400000000001
0.00016013400000000001
0.000160364
0.00016112300000000002
0.00016206400000000001
0.00016256300000000001
0.00020278400000000002
0.00015970400000000001
0.00015863300000000001
0.000158154
0.000158443
0.00015834400000000001
0.000174964
0.000158233
0.00015804400000000001
0.000158164
0.00015827300000000001
0.00015933400000000002
0.00017839400000000001
0.00016863300000000001
0.000161504
0.00016202400000000001
0.00016235300000000001
0.00015985400000000002
0.00017591400000000002
0.00015954400000000002
0.00015772300000000002
0.00015824400000000001
0.00015830300000000002
0.000157794
0.00015836300000000002
0.00015829400000000001
0.00015836300000000002
0.00015801400000000002
0.00015838400000000002
0.000160123
0.000160104
0.00019313400000000002
0.000163504
0.000162743
0.00016055400000000001
0.000191344
0.00015851400000000001
0.000158333
0.00015843400000000002
0.00015782400000000001
0.000158233
0.00015825400000000001
0.00015847300000000001
0.00019369500000000002
0.00015848300000000001
0.00015961400000000001
0.00016044300000000002
0.00016101400000000001
0.000162094
0.000162943
0.00017551400000000001
0.000328048
0.00042878000000000002
0.000377248
0.000246436
0.00020163400000000001
0.00020266500000000001
0.000234355
0.00020298500000000001
0.000203594
0.000203105
0.00020486400000000002
0.00020403500000000001
0.00020513500000000001
0.00020630400000000001
0.00020798500000000002
0.000234035
0.000212625
0.00021527500000000001
0.000207975
0.00020805400000000002
0.00021658500000000001
0.000203995
0.00020610500000000002
0.000205164
0.000205515
0.00023237500000000002
0.00020445500000000001
0.00020339400000000002
0.00026676600000000004
0.000207915
0.00020862500000000002
0.00020858500000000001
0.00020890400000000002
0.00021008500000000002
0.00023463500000000002
0.000204565
0.00020548500000000002
0.00021520400000000001
0.000204904
0.00020422500000000002
0.00020348400000000001
0.00020449500000000001
0.00020338500000000002
0.00020399400000000001
0.00024362600000000002
0.00020549400000000002
0.00020555500000000001
0.00020626500000000002
0.00020817400000000002
0.00020862500000000002
0.000209075
0.00021229500000000001
0.00022719500000000002
0.00020523400000000002
0.00026002600000000001
0.00020445500000000001
0.00020289400000000001
0.000204274
0.00020309500000000001
0.000203914
0.00020368500000000003
0.00022720500000000002
0.00020747500000000002
0.00020572400000000001
0.00020680500000000001
0.00020920500000000001
0.000210225
0.00020974400000000002
0.000207235
0.00020496500000000001
0.00020350400000000002
0.00022549500000000001
0.000241186
0.00038874300000000004
0.00026121900000000003
0.00030586700000000003
0.00017650400000000002
0.00031266700000000003
0.00021489500000000002
0.000205374
0.00017677400000000001
0.00017118400000000001
0.000168634
0.00019069400000000001
0.00022714600000000001
0.00023334500000000001
0.00027138600000000003
0.000194544
0.00015854400000000002
0.00016174400000000002
0.00017588400000000001
0.000158183
0.00017633400000000002
0.00021518500000000001
0.00051515200000000006
0.000175904
0.00015945300000000002
0.00016045400000000001
0.00016042300000000001
0.00016168400000000002
0.00016225400000000002
0.00018016400000000002
0.00017567400000000001
0.00015976300000000002
0.00015864400000000002
0.00015831300000000001
0.00015855400000000001
0.000166694
0.000158293
0.00019617500000000001
0.00019184400000000002
0.000158534
0.000158543
0.00027642600000000003
0.00016343400000000001
0.00017592400000000002
0.000162094
0.00016302300000000001
0.00016289400000000002
0.00016007400000000001
0.000159953
0.000159894
0.00015824300000000002
0.00017338400000000001
0.000158424
0.00023066500000000001
0.00023593500000000002
0.000179514
0.00017331400000000001
0.00015835400000000001
0.00015906400000000002
0.00016036300000000001
0.000160464
0.00017672400000000001
0.00016259300000000002
0.00016326400000000001
0.00017749400000000002
0.00016029400000000001
0.00022747500000000001
0.00015847300000000001
0.00015838400000000002
0.00015810300000000001
0.000158374
0.000173394
0.000158414
0.00015840300000000002
0.000158414
0.00015973300000000001
0.000190955
0.00018997400000000001
0.000162373
0.000162623
0.00016724400000000001
0.00035126600000000003
0.00023969
0.00021656500000000002
0.00021462500000000003
0.00021235500000000001
0.00021450400000000002
0.000259316
0.000207505
0.00020790500000000001
0.00020801400000000002
0.00022978600000000003
0.00022343500000000002
0.00020906400000000002
0.00022134500000000002
0.00023005600000000002
0.00021085400000000001
0.00022674500000000001
0.00021026400000000002
0.00020868500000000001
0.00020834500000000003
0.00020796400000000002
0.00022396500000000001
0.00022635500000000002
0.00022609600000000001
0.00020756400000000001
0.00020753500000000001
0.00022411500000000002
0.00020685500000000001
0.000208564
0.00020957500000000001
0.00022009500000000001
0.00022719500000000002
0.00023008500000000002
0.00021196500000000002
0.00020951500000000002
0.000209955
0.00023790500000000001
0.00020817500000000001
0.00020777400000000001
0.00020852500000000001
0.00020756500000000002
0.000239795
0.00020725500000000002
0.00020756400000000001
0.000207345
0.00020772500000000002
0.000208884
0.00023658600000000003
0.00021165500000000002
0.00021140400000000002
0.000229065
0.00021072500000000001
0.000208545
0.00022395500000000002
0.00020788500000000002
0.00020692400000000001
0.000208185
0.00020704500000000002
0.00020727400000000002
0.00022269500000000002
0.00022643500000000001
0.00022219500000000001
0.000208235
0.00020929500000000002
0.00021936500000000001
0.000210845
0.00022736500000000002
0.00021231400000000001
0.000210275
0.00022830500000000002
0.000208965
0.000238695
0.00023839600000000001
0.00025384600000000001
0.00021214400000000002
0.00022403500000000001
0.000213625
0.00021898500000000002
0.00019109400000000002
0.00020594400000000001
0.00021253500000000002
0.00023675500000000001
0.00022080500000000002
0.00021944500000000002
0.00022645500000000003
0.00024319600000000002
0.00022527500000000001
0.00023741500000000002
0.00022144500000000002
0.00021468500000000002
0.00023200500000000003
0.00021550400000000002
0.00021584500000000002
0.00023990600000000002
0.00021648500000000001
0.00022169400000000001
0.00023967500000000001
0.00023528500000000001
0.00022088500000000001
0.00024472600000000001
0.00022120500000000001
0.00022130500000000001
0.00022562500000000002
0.00021830500000000002
0.00024279500000000002
0.000215775
0.000215975
0.000216395
0.00025096500000000002
0.00022140400000000002
0.000220294
0.00021942400000000002
0.00021753500000000001
0.00025321600000000001
0.00021865500000000003
0.00022458500000000002
0.00021894500000000001
0.00021892500000000002
0.00023600500000000001
0.00022381500000000001
0.00021861500000000002
0.00021544500000000001
0.00024190600000000001
0.00021522400000000003
0.00022267500000000001
0.000216865
0.00023790600000000002
0.00021831500000000001
0.000223515
0.000224875
0.00022214500000000001
0.00023989500000000001
0.00021794500000000001
0.00023048500000000003
0.00022073500000000001
0.00024362600000000002
0.00021837500000000001
0.00022497500000000001
0.00021623500000000001
0.00021967500000000001
0.00023378500000000003
0.00022166500000000001
0.00021506500000000002
0.00021573500000000002
0.00022281500000000001
0.00022391500000000001
0.00023773500000000001
0.00021756500000000002
0.00025402600000000002
0.00021848500000000001
0.00022621500000000002
0.00023718500000000003
0.00022680500000000001
0.00024004600000000003
0.000235715
0.00022108500000000002
0.00025394100000000004
0.00025115500000000003
0.00022994600000000002
0.00018887400000000001
0.00015836300000000002
0.000158784
0.00021981500000000002
0.00015887400000000001
0.000159903
0.00018242400000000001
0.00022111500000000003
0.00021604500000000002
0.00021381500000000001
0.000229225
0.00021145500000000001
0.00021637500000000001
0.00020876500000000002
0.00020831400000000003
0.00022721500000000001
0.000223985
0.00022239500000000001
0.00020717400000000002
0.000207495
0.00023420500000000003
0.00022307500000000001
0.00020876500000000002
0.000209645
0.00022912500000000003
0.000227075
0.00021182500000000001
0.00021203500000000001
0.000209304
0.000210535
0.00022502500000000001
0.000208125
0.00023542500000000002
0.000227335
0.000222155
0.00022247500000000003
0.00020764500000000001
0.00021792500000000003
0.00020778500000000002
0.000208154
0.00022504500000000002
0.000210375
0.00023112500000000002
0.000211375
0.00021201500000000002
0.000225035
0.00020993500000000002
0.00020881400000000001
0.00022296500000000002
0.00020806500000000001
0.00020810500000000001
0.000223515
0.00034171700000000001
0.00026029500000000001
0.00025405100000000004
0.00020610500000000002
0.00020538500000000001
0.00021004400000000002
0.00020855500000000003
0.00028221700000000003
0.00024145500000000001
0.00019165400000000001
0.00018644500000000001
0.000160593
0.00015991400000000001
0.000175694
0.000159123
0.00019065500000000002
0.00022877500000000002
0.00023479500000000002
0.00020987500000000002
0.00021978500000000001
0.000224775
0.000209225
0.000210764
0.00021868500000000001
0.00021463500000000002
0.00023277500000000001
0.00023495500000000002
0.00021203500000000001
0.00023478500000000002
0.00021152500000000001
0.00023951500000000001
0.00020827500000000001
0.00021685500000000001
0.00020988400000000003
0.00021051500000000001
0.000257216
0.00020889500000000001
0.00021051400000000002
0.00021171500000000002
0.00021196500000000002
0.00022463500000000002
0.00023813500000000002
0.00021606400000000002
0.00021695500000000001
0.00026681099999999999
0.00022763500000000001
0.00020932500000000001
0.00023520500000000002
0.00021495500000000002
0.00023483500000000002
0.00020774500000000001
0.00024011600000000002
0.00022961500000000002
0.000213785
0.000175964
0.000159853
0.00017588400000000001
0.00017673400000000001
0.00016236400000000002
0.00016263400000000002
0.00016318300000000001
0.000178474
0.00015984400000000002
0.000158653
0.00015872400000000001
0.00015866400000000001
0.00015908300000000002
0.00017458400000000001
0.00015917400000000002
0.00015877300000000002
0.00015901400000000002
0.00015861300000000002
0.00016005400000000002
0.00020746500000000002
0.00016172300000000001
0.000209485
0.00020601500000000001
0.00021103400000000003
0.00021889400000000002
0.000209595
0.00020298500000000001
0.00021469500000000002
0.00025469000000000002
0.00020962400000000002
0.00022719500000000002
0.000210855
0.00023174500000000002
0.00021621500000000002
0.00023259600000000001
0.00016094300000000001
0.000160524
0.000279096
0.00021496500000000001
0.00021602500000000001
0.00021559500000000001
0.00021406500000000002
0.00021331400000000001
0.000231456
0.00021252400000000001
0.00023661600000000001
0.00021490500000000002
0.00021094400000000002
0.00020997500000000002
0.00020910500000000001
0.000208395
0.000208884
0.00022752500000000001
0.000254906
0.000251456
0.000211945
0.00021539500000000001
0.00021256400000000002
0.00023149600000000001
0.000206264
0.00020536500000000002
0.00020450500000000001
0.00020482400000000002
0.000231315
0.000220215
0.00019627500000000001
0.00015821300000000001
0.000158054
0.00015767400000000001
0.00015945300000000002
0.00015984400000000002
0.000159963
0.00019123500000000002
0.00016931300000000001
0.00017770400000000002
0.00017871400000000001
0.00017448300000000002
0.00017786400000000002
0.00021860500000000003
0.000173814
0.000185465
0.00015796300000000001
0.00015801400000000002
0.00016955300000000002
0.000196744
0.000208075
0.00023273500000000003
0.00021009500000000001
0.00023622500000000001
0.000229015
0.00021256500000000001
0.00022282500000000001
0.00021054500000000002
0.00021009400000000003
0.00020906400000000002
0.00022656500000000002
0.000285097
0.00020188400000000002
0.00034875800000000001
0.00023230500000000001
0.00020918500000000002
0.00020920500000000001
0.00022348500000000002
0.00021352500000000003
0.00020796400000000002
0.00021929500000000002
0.000183444
0.00020029500000000002
0.00020609500000000002
0.00020462400000000001
0.00020349500000000002
0.00021960500000000002
0.00020255400000000003
0.00020259500000000002
0.00020215400000000002
0.00021739100000000002
0.00020467400000000001
0.000180254
0.00022256500000000001
0.000215844
0.00023201600000000001
0.00021844500000000003
0.00021938400000000001
0.00022172400000000002
0.00022185400000000001
0.00032986400000000003
0.00031301700000000002
0.00023111500000000003
0.00020952500000000001
0.00020837400000000002
0.000207765
0.00023919300000000001
0.00020892500000000002
0.000207185
0.00020952500000000001
0.00021538400000000002
0.000222315
0.00020889500000000001
0.00020921500000000001
0.000245107
0.00016534300000000001
0.00018185400000000001
0.00016337400000000001
0.00017603400000000002
0.000219855
0.00021868500000000001
0.00021820500000000002
0.00035459100000000002
0.00021805500000000001
0.00021167400000000002
0.00020301500000000002
0.00015908300000000002
0.00015861300000000002
0.00018848400000000002
0.00016305400000000001
0.00017751400000000001
0.000220165
0.00016199400000000002
0.00016557400000000001
0.00016311300000000002
0.00016089400000000002
0.00016487400000000002
0.00017344300000000001
0.00015877300000000002
0.000267266
0.00023853600000000002
0.000191134
0.00015830400000000001
0.00015832300000000001
0.00019106400000000001
0.00021194400000000002
0.00021462500000000003
0.00020866500000000002
0.00025555599999999999
0.00023181500000000002
0.00022732500000000001
0.00021169500000000003
0.00019544400000000002
0.000161454
0.000176634
0.00016259400000000001
0.00018913400000000001
0.00023788500000000002
0.00020440500000000001
0.00020849400000000001
0.00021107400000000001
0.000207915
0.00020433500000000001
0.000192234
0.00016003300000000002
0.00016026400000000002
0.00019083400000000002
0.00016185400000000001
0.00021591500000000001
0.00021050500000000002
0.00020929400000000001
0.00020947500000000001
0.00022714500000000002
0.000207025
0.00022197500000000002
0.00015864300000000001
0.00015849400000000002
0.00015885400000000002
0.00019106400000000001
0.000208495
0.000210344
0.00021801500000000001
0.000212735
0.00021245500000000001
0.00022741500000000002
0.00021277500000000001
0.00021260500000000002
0.00017966400000000001
0.00015843300000000001
0.00016259400000000001
0.00017557400000000001
0.00015925300000000001
0.000162194
0.00020574500000000002
0.00022444500000000001
0.00016631400000000001
0.00016051300000000001
0.000159894
0.00016029300000000002
0.00017864400000000002
0.00016211400000000001
0.00016228400000000001
0.00016230300000000001
0.000160154
0.00015953400000000002
0.000201184
0.000159674
0.00015846300000000002
0.000161454
0.000179354
0.00016179400000000002
0.00017991400000000001
0.000160123
0.00016155400000000001
0.00016181400000000001
0.00016255300000000001
0.00016280400000000001
0.000163244
0.000178884
0.00042956900000000003
0.00027650100000000001
0.000273136
0.00026003199999999999
0.00025592000000000003
0.00040747900000000003
0.00016931300000000001
0.000158944
0.00026270600000000003
0.00024376500000000001
0.00021234500000000001
0.00026100100000000002
0.00021434500000000001
0.00021897500000000002
0.00022389500000000002
0.00021762500000000002
0.00022212500000000002
0.00022246500000000001
0.00057442300000000001
0.00044130700000000005
0.00020997400000000001
0.00030379500000000004
0.00021012500000000003
0.00020947400000000002
0.00020908500000000002
0.00021445500000000001
0.00024394500000000002
0.00020943400000000001
0.00021559500000000001
0.00020993500000000002
0.00023765500000000003
0.00021013500000000002
0.00021332500000000002
0.00023150500000000001
0.00023154500000000002
0.00022831500000000001
0.000215565
0.00022494500000000002
0.00021747500000000001
0.00023562600000000001
0.00020962400000000002
0.00020935500000000002
0.00022721500000000001
0.000209435
0.00024070500000000002
0.00020929500000000002
0.00022701500000000001
0.00021018500000000002
0.000231475
0.00021244500000000002
0.00022290500000000002
0.00021241500000000001
0.00021089500000000001
0.00023677500000000002
0.000209595
0.00022600500000000002
0.00020889400000000002
0.000225975
0.00020811400000000002
0.00020821500000000001
0.00022687500000000003
0.000207975
0.00022572500000000003
0.00020912400000000001
0.00028427600000000003
0.00023413500000000001
0.00024116600000000001
0.00021895500000000001
0.00025726500000000001
0.00020667500000000002
0.00026634800000000002
0.00017434400000000002
0.00019489500000000002
0.00020953500000000001
0.00021122400000000001
0.00030359700000000001
0.00037650900000000002
0.00028827600000000002
0.00020921500000000001
0.00021452500000000002
0.000211375
0.00021093400000000002
0.00053011200000000001
0.000215355
0.00021487500000000001
0.00021463500000000002
0.00022275500000000002
0.00021091500000000002
0.000212184
0.00021208500000000001
0.00023391500000000001
0.000210695
0.00021316500000000002
0.000213625
0.00021169500000000003
0.00022659500000000001
0.000363538
0.00028257600000000004
0.00027403600000000002
0.00021011400000000001
0.00021369500000000002
0.000216185
0.00021783500000000002
0.00022076500000000002
0.00028115600000000002
0.00029547700000000004
0.000209595
0.00023181500000000002
0.00020976500000000002
0.00021044400000000001
0.00020983500000000001
0.000209015
0.00021576500000000001
0.00024862500000000004
0.00021097500000000002
0.00021130500000000001
0.00025081300000000001
0.00020662500000000002
0.00020630500000000002
0.00020704400000000001
0.00020443500000000002
0.000242348
0.00020967400000000003
0.00020831500000000001
0.00020967500000000001
0.00020754400000000002
0.00032021800000000004
0.00018154400000000001
0.00021680500000000001
0.000281289
0.00025517600000000002
0.000210115
0.00021086400000000001
0.00021052500000000001
0.00021089500000000001
0.00021280500000000002
0.00021577400000000001
0.00017976400000000001
0.00023683500000000002
0.00021499500000000002
0.00021549500000000001
0.00021451400000000001
0.00021615500000000002
0.00021595500000000002
0.00021635500000000002
0.00023989500000000001
0.00022161500000000001
0.00021628500000000001
0.00021677500000000002
0.00019993500000000002
0.00020232400000000001
0.00020706500000000001
0.00020882500000000002
0.00020662400000000001
0.00023317500000000002
0.00020505400000000001
0.00021156500000000001
0.00020418400000000002
0.00021266400000000002
0.00023081600000000001
0.00022156500000000001
0.00024898500000000002
0.00022399500000000003
0.00025703600000000004
0.00023012500000000002
0.00022429500000000001
0.00022616500000000001
0.00022648600000000003
0.00022963500000000001
0.00022768500000000001
0.000227075
0.000224985
0.000252606
0.00022481500000000001
0.00021609500000000002
0.00019608400000000002
0.000195615
0.000196314
0.00021366500000000001
0.00021562500000000002
0.00019759400000000002
0.00022636500000000002
0.00019905500000000001
0.00019986400000000001
0.00020065500000000002
0.00020133400000000001
0.00020194500000000001
0.00021042500000000001
0.00020001400000000001
0.00019918500000000003
0.00019875400000000002
0.000225195
0.00019770500000000001
0.00019779400000000002
0.000198075
0.00019808400000000001
0.00019785500000000001
0.000234405
0.00019618400000000002
0.00019758500000000001
0.00026748599999999999
0.00021180500000000002
0.000249425
0.00022663500000000001
0.00022303500000000001
0.00021931500000000001
0.000213935
0.00020282500000000001
0.00021573500000000002
0.00024490500000000001
0.000218235
0.00021644500000000001
0.000218025
0.00025022500000000002
0.00021224400000000002
0.000217915
0.00021474500000000002
0.00021881500000000003
0.00024697600000000004
0.00024452499999999999
0.00021999500000000001
0.00035584500000000003
0.000216555
0.00021905500000000001
0.00020951500000000002
0.00021609500000000002
0.000218094
0.00021863400000000002
0.000246419
0.000249576
0.00022007500000000002
0.00021279400000000001
0.00021480500000000001
0.00021622500000000001
0.00022068500000000001
0.00021601500000000001
0.00023990500000000003
0.00022359500000000002
0.00021748500000000001
0.00023920600000000003
0.00021642500000000002
0.000220325
0.00021386400000000002
0.00021439500000000001
0.00021421500000000002
0.00027213600000000003
0.00021358500000000002
0.00021345500000000001
0.000221265
0.00021187500000000001
0.00021986500000000002
0.00021650400000000001
0.00022376500000000001
0.00021672400000000001
0.000237266
0.00022536500000000002
0.000216245
0.00022302500000000001
0.000212525
0.00022546500000000002
0.00023022500000000003
0.00022034500000000002
0.00023715500000000002
0.00023942600000000002
0.00021213400000000003
0.000213365
0.000237056
0.000209774
0.00020633500000000001
0.00020656500000000003
0.00027790600000000002
0.00022198500000000001
0.00021454500000000001
0.00021387500000000001
0.00021684500000000002
0.000256252
0.00028664700000000001
0.00024475500000000004
0.00023193600000000002
0.000218304
0.00023260500000000001
0.00029337600000000003
0.00015828400000000002
0.00017706400000000002
0.00015945400000000001
0.00016078300000000001
0.00016039400000000001
0.00016209300000000001
0.00016283400000000002
0.000163494
0.00016098300000000001
0.00028976700000000002
0.00021323500000000001
0.00023758500000000001
0.00021449500000000001
0.00021491500000000001
0.00022900500000000001
0.000215245
0.000220375
0.00024234500000000001
0.000259726
0.00021432500000000002
0.00026850400000000003
0.00021939500000000002
0.000240735
0.00022729500000000003
0.00025615600000000001
0.00022083500000000001
0.00024122600000000001
0.00021858500000000001
0.00021299400000000001
0.00024589600000000001
0.00021738500000000001
0.00023321500000000002
0.00021625500000000002
0.00023981500000000002
0.000215565
0.00024159600000000001
0.00021549500000000001
0.00021795500000000001
0.00021813400000000001
0.00021780500000000001
0.00025392600000000002
0.00022260500000000001
0.000218965
0.00022412500000000001
0.000243546
0.00021566400000000001
0.00025608600000000004
0.00022232500000000002
0.00023784600000000003
0.00021426400000000001
0.00021750400000000001
0.00021911500000000001
0.00022287500000000001
0.00027086600000000003
0.00021780400000000002
0.00022234500000000001
0.00022431500000000002
0.00054083800000000008
0.00029020599999999999
0.00037949800000000003
0.00022214500000000001
0.00021558500000000002
0.00022130500000000001
0.000217655
0.00024280600000000001
0.000213074
0.00021475500000000001
0.00023732600000000002
0.00021454400000000002
0.000214405
0.00021616500000000001
0.00021700500000000001
0.00017924400000000001
0.00018693400000000001
0.00017426400000000001
0.00018792400000000001
0.000161084
0.000205245
0.000160173
0.00015922400000000002
0.00015913300000000002
0.00015873300000000001
0.00015918400000000001
0.00015866300000000002
0.00015892400000000001
0.000182084
0.00015903300000000002
0.000159994
0.00016185400000000001
0.000161483
0.00016164400000000001
0.00016253400000000001
0.00016369300000000002
0.00016134400000000001
0.00016414400000000002
0.000158863
0.00017733400000000002
0.00018809400000000001
0.00017912400000000001
0.00019046400000000002
0.000158753
0.00015895400000000002
0.000158794
0.000158803
0.000160514
0.00016094300000000001
0.00016117400000000001
0.00016211400000000001
0.00016302300000000001
0.00021510500000000002
0.00016060400000000001
0.00015997300000000002
0.000159724
0.000158584
0.00015858300000000001
0.00015888400000000001
0.00015877300000000002
0.000158744
0.00015920300000000001
0.00015917400000000002
0.000158624
0.00020674400000000002
0.00016107400000000001
0.00016087300000000002
0.000161724
0.00016246400000000002
0.00016319300000000001
0.00016060400000000001
0.00015949400000000001
0.00015895300000000001
0.00017655400000000002
0.00015902400000000001
0.000171984
0.00017618400000000002
0.00015916300000000001
0.00015903400000000001
0.00015888300000000002
0.00016107400000000001
0.00017303400000000002
0.000164444
0.00016152300000000001
0.000161984
0.00027928600000000001
0.00022994500000000001
0.00021202500000000002
0.00021274500000000002
0.00021068400000000002
0.00020989500000000001
0.00021067500000000001
0.000211055
0.00024218500000000001
0.000211055
0.00021175400000000001
0.000211735
0.00021364500000000002
0.00021766500000000002
0.00021811500000000001
0.00021868500000000001
0.00022125500000000001
0.000234405
0.000176474
0.00016095400000000002
0.00016045400000000001
0.000158283
0.000158264
0.00015841300000000002
0.00015829400000000001
0.00015831300000000001
0.00015824400000000001
0.00015833400000000002
0.00017704400000000001
0.000158333
0.00015970400000000001
0.00016040300000000002
0.00016126400000000002
0.000162404
0.00016265300000000002
0.00016315400000000002
0.00016062300000000001
0.00016055300000000002
0.00016017400000000002
0.000158543
0.00018280400000000001
0.000158634
0.00015859400000000002
0.00015846300000000002
0.00015876400000000001
0.00015826300000000001
0.00015893400000000001
0.000159593
0.00016023400000000001
0.000160674
0.00016161300000000001
0.00016232400000000001
0.00019811400000000002
0.00016102400000000001
0.00015976400000000001
0.00015832300000000001
0.00015881400000000001
0.00015846300000000002
0.000158744
0.00015889300000000001
0.000158574
0.00015908300000000002
0.000158584
0.00016635400000000001
0.00015966300000000002
0.000176484
0.00016096400000000001
0.00016205400000000002
0.00016239300000000002
0.00016289400000000002
0.00016017400000000002
0.00015981300000000002
0.000159884
0.00015842300000000001
0.000182034
0.000158314
0.00015835300000000002
0.000175663
0.000158424
0.000158734
0.00015835300000000002
0.000159884
0.000160063
0.00016037400000000002
0.000162084
0.00018242400000000001
0.00016317300000000002
0.00016113400000000001
0.00015982400000000001
0.00039948300000000001
0.00023376500000000001
0.00022507600000000002
0.000225925
0.00022999500000000001
0.00022349500000000001
0.00022337500000000002
0.000250196
0.00022345500000000001
0.000224825
0.000225615
0.00022704500000000002
0.00023586500000000001
0.00022813500000000002
0.000229275
0.00025259499999999999
0.00022533500000000001
0.000224825
0.00022530500000000003
0.00022425500000000003
0.000224665
0.00023963500000000001
0.000224515
0.00022401500000000002
0.00025405600000000001
0.00022336500000000003
0.00022453500000000002
0.000226135
0.00023544500000000001
0.00022715500000000002
0.000228466
0.00022883500000000001
0.00023203500000000001
0.00024641600000000001
0.00022572500000000003
0.000225295
0.00022412500000000001
0.00022509500000000003
0.00022493500000000003
0.000224875
0.000224875
0.00024762600000000003
0.00022397500000000001
0.00022441500000000003
0.00027994599999999999
0.00022532500000000002
0.00022790500000000001
0.00022696500000000001
0.00022912600000000001
0.00022661500000000002
0.00024878500000000001
0.00022509500000000003
0.00022387500000000001
0.00024618600000000002
0.00022378500000000003
0.000224045
0.00022380500000000002
0.000223985
0.00024213600000000003
0.000230375
0.000245145
0.00022557500000000002
0.000226505
0.00022824500000000002
0.000229015
0.00023352500000000002
0.00039554900000000003
0.00022620500000000002
0.00021004500000000001
0.000209645
0.00020991400000000001
0.00020829500000000002
0.00020738500000000001
0.000206894
0.00020784500000000001
0.00020732500000000001
0.000255725
0.00020989400000000002
0.000210275
0.00021063500000000001
0.00021194400000000002
0.00021158400000000001
0.00021175500000000002
0.00021044500000000002
0.000209094
0.00022638600000000002
0.000207784
0.00020782500000000002
0.00020811500000000001
0.00020695400000000002
0.00020678500000000002
0.00020706500000000001
0.00020733400000000002
0.00026236600000000004
0.000226815
0.00020958500000000001
0.00021049500000000002
0.00021211400000000001
0.00021239500000000002
0.00021206500000000002
0.00020965500000000002
0.00021005400000000002
0.00021035500000000001
0.00020787500000000002
0.00022648500000000001
0.000208125
0.00020761400000000001
0.00020806500000000001
0.00020783500000000002
0.00020753400000000002
0.00024452600000000001
0.00020847500000000001
0.000209514
0.00022813500000000002
0.00021133500000000002
0.00021154500000000002
0.00021253500000000002
0.00023080500000000002
0.00020924500000000002
0.00022732500000000001
0.00020834400000000001
0.000207395
0.00022546500000000002
0.00020775500000000001
0.00020730500000000002
0.00020796400000000002
0.00020732500000000001
0.00024442499999999999
0.00020894500000000001
0.00020925500000000001
0.00021113500000000002
0.00022909500000000001
0.00021216400000000001
0.00021140400000000002
0.00021052500000000001
0.00020924500000000002
0.000209194
0.00020782500000000002
0.00020806500000000001
0.000208674
0.00054467800000000005
0.00037028300000000001
0.00038671400000000002
0.000213625
0.00021551400000000001
0.00020547500000000002
0.00016106400000000002
0.000160953
0.000176224
0.000163234
0.000162874
0.00018158400000000002
0.00016000300000000001
0.00015860400000000001
0.00015842300000000001
0.00015839400000000002
0.00015860400000000001
0.00015884300000000001
0.000158374
0.00015883300000000002
0.000158534
0.00015815300000000002
0.00021741500000000002
0.00017849400000000002
0.000161924
0.00017542400000000001
0.00016341400000000002
0.00017263400000000001
0.00017671400000000002
0.00016743300000000001
0.00017817400000000002
0.00016122400000000001
0.000158534
0.00016889300000000001
0.00015812400000000002
0.000176894
0.000158763
0.00015891400000000002
0.00016895400000000002
0.00020850500000000002
0.00020252400000000001
0.000169564
0.00019222400000000001
0.00019448500000000002
0.00016328300000000002
0.000160314
0.000177264
0.000158634
0.00015852300000000001
0.00015861400000000001
0.00015853300000000001
0.000158784
0.00016294400000000002
0.00016157300000000001
0.00017367400000000002
0.000163654
0.000159913
0.000178524
0.00019348500000000002
0.000172294
0.00016277300000000001
0.000169574
0.000160884
0.000160013
0.00015891400000000002
0.00019235400000000002
0.000158624
0.000158553
0.000158584
0.000158744
0.00017537400000000001
0.000159123
0.000158794
0.00016019300000000002
0.00016039400000000001
0.00016096400000000001
0.00016233300000000002
0.00016274400000000001
0.000163203
0.00016093300000000001
0.000173334
0.00016039400000000001
0.00017623400000000002
0.00015856300000000002
0.000380109
0.00020209400000000002
0.00022123500000000002
0.00015851400000000001
0.00016158400000000002
0.000171213
0.000184045
0.00016290300000000002
0.00016017400000000002
0.000161893
0.000181354
0.00016348300000000002
0.00016095400000000002
0.00015994300000000001
0.00015872400000000001
0.00015838400000000002
0.00015873300000000001
0.00015875400000000002
0.00015866300000000002
0.00015891400000000002
0.00015872300000000002
0.000159004
0.000158734
0.00017688400000000001
0.00019361400000000002
0.00016092400000000001
0.000162733
0.00017557400000000001
0.00016340400000000002
0.00016041300000000001
0.00016054400000000001
0.000160194
0.00015864300000000001
0.000158534
0.00015851300000000002
0.00017509400000000001
0.00019830500000000002
0.000209175
0.000185124
0.00017070400000000001
0.00017844400000000001
0.00018551400000000001
0.00019279400000000001
0.00016170400000000001
0.000162583
0.00021180400000000001
0.00016136400000000002
0.00017843400000000002
0.000184384
0.00015840400000000001
0.000175854
0.000158183
0.000157894
0.00017207400000000001
0.000157923
0.00015804400000000001
0.00015790300000000001
0.000176064
0.000159784
0.000160323
0.00016191400000000001
0.00016244400000000001
0.00016280300000000002
0.00015982400000000001
0.00017740400000000001
0.00015992400000000001
0.00015821300000000001
0.00018681400000000002
0.00015839400000000002
0.00017488400000000001
0.00015780300000000001
0.00015754400000000002
0.00015783400000000001
0.00015803300000000002
0.00015828400000000002
0.00015973300000000001
0.000170664
0.00017591400000000002
0.00016231400000000002
0.00016287300000000001
0.000174694
0.00017634400000000002
0.000158524
0.000158393
0.000158364
0.000158114
0.000157973
0.00015802400000000002
0.00015831300000000001
0.00015822400000000002
0.00019884400000000002
0.000228015
0.00019374500000000002
0.00017840400000000001
0.00016247400000000002
0.000162793
0.00017809400000000001
0.00016070400000000001
0.00015905300000000001
0.00015953400000000002
0.000158114
0.000158293
0.00015835400000000001
0.00015796300000000001
0.000158214
0.00017518400000000002
0.00015857300000000001
0.00017688400000000001
0.000159474
0.000160113
0.000161173
0.00019002400000000001
0.00016269400000000001
0.00016273400000000002
0.00016025300000000001
0.00017683400000000001
0.000158834
0.00017513400000000002
0.00021501500000000001
0.00015889300000000001
0.00015877400000000001
0.00015914300000000002
0.00015865400000000002
0.00015870400000000002
0.000158973
0.00016008400000000001
0.00016093300000000001
0.00016194400000000002
0.000162354
0.00018168400000000002
0.00018352400000000001
0.00019660400000000002
0.00016011400000000002
0.000205195
0.00015842300000000001
0.00015866400000000001
0.00015851300000000002
0.000158584
0.00015856300000000002
0.000158784
0.00015877400000000001
0.000175644
0.00015988300000000001
0.00016050400000000001
0.00016060300000000002
0.000162034
0.00016251400000000002
0.00016323300000000001
0.00016090400000000002
0.000159784
0.00015825300000000002
0.00017567400000000001
0.00015845400000000001
0.00017531400000000001
0.00015905300000000001
0.00020700500000000001
0.00015920300000000001
0.000158684
0.00015882400000000001
0.00020672400000000001
0.00020957500000000001
0.00018952400000000002
0.00017341400000000002
0.000163034
0.00018204400000000002
0.00016980400000000002
0.000160283
0.00016226400000000002
0.00015845400000000001
0.000158543
0.00015893400000000001
0.00015877300000000002
0.00017498400000000002
0.00015897400000000001
0.00015887300000000002
0.00015903400000000001
0.00021490500000000002
0.00017133400000000001
0.00016063300000000001
0.00016194400000000002
0.00016285400000000001
0.00016293300000000001
0.000160884
0.00022866500000000002
0.00021848500000000001
0.00036325000000000002
0.00028447699999999999
0.00019868400000000002
0.00024903600000000001
0.00026607600000000002
0.00015851400000000001
0.00015873300000000001
0.000176374
0.00015990400000000002
0.000161213
0.000320057
0.00021943400000000001
0.00022145500000000001
0.00022160500000000002
0.00021842500000000001
0.00021708500000000003
0.00021680500000000001
0.00023964600000000002
0.00022493500000000003
0.000286106
0.00026494600000000001
0.00034028800000000001
0.00022471500000000001
0.000218335
0.00025641600000000003
0.00031548700000000004
0.000263606
0.00021743500000000001
0.00027305600000000004
0.00022295500000000002
0.00024756300000000001
0.00020960500000000002
0.00020939500000000002
0.00020947400000000002
0.000208755
0.00020792500000000003
0.00022888500000000002
0.00020794500000000002
0.00024976000000000002
0.00028706700000000001
0.00023317500000000002
0.00022417500000000001
0.00022573500000000002
0.00022584500000000002
0.00022553500000000001
0.00022815500000000001
0.00027372600000000001
0.000163714
0.00016103300000000001
0.00016018400000000001
0.00015895300000000001
0.000158794
0.00015840300000000002
0.000159004
0.00015859400000000002
0.00015877300000000002
0.000159154
0.000176224
0.000158813
0.00016992400000000001
0.00016050400000000001
0.000161643
0.00016217400000000001
0.000162864
0.000163363
0.000161044
0.00016002300000000002
0.000160163
0.00015835400000000001
0.00017499400000000001
0.00015894300000000001
0.000158624
0.000158753
0.000158324
0.00025322300000000001
0.00026092900000000002
0.00024407500000000001
0.000206765
0.00021422500000000002
0.000271876
0.00024334500000000001
0.000195405
0.000160753
0.000159304
0.000158744
0.00015863300000000001
0.00015864400000000002
0.00015840300000000002
0.00015866400000000001
0.000158763
0.00015867400000000001
0.00015887400000000001
0.00015879300000000001
0.000159944
0.00017781400000000002
0.00016165300000000002
0.000162454
0.00016300400000000001
0.00016290300000000002
0.00016115400000000002
0.00016063400000000002
0.00018849400000000002
0.000158553
0.00018137400000000002
0.00015865400000000002
0.00015851400000000001
0.00017572400000000001
0.00015913300000000002
0.00015871400000000001
0.00015888300000000002
0.00015970400000000001
0.00016097300000000002
0.00016113400000000001
0.00016183400000000002
0.000162583
0.00016325400000000002
0.00016084400000000002
0.00020013400000000001
0.000175744
0.00020636500000000002
0.00015864300000000001
0.000161414
0.000158844
0.00018510400000000001
0.00019372400000000002
0.00017164400000000001
0.00017581400000000002
0.00015953400000000002
0.00016081300000000002
0.00022431500000000002
0.000179204
0.00016270400000000001
0.00016362400000000002
0.00016165300000000002
0.000160994
0.000160044
0.00015819300000000002
0.000158784
0.000158653
0.00015855400000000001
0.000158813
0.00017645400000000002
0.00015890400000000002
0.00015894300000000001
0.00016007400000000001
0.00016880400000000002
0.000160963
0.00016212300000000002
0.000162774
0.00016332300000000002
0.000160884
0.00016003400000000001
0.00015888300000000002
0.00017520400000000001
0.000158684
0.00015846300000000002
0.000158734
0.00015877300000000002
0.00036627800000000005
0.00032390800000000003
0.000316707
0.00075058700000000004
0.00021000500000000001
0.000210905
0.000308936
0.00017033300000000002
0.00017858400000000002
0.00016074400000000002
0.00015984400000000002
0.000158293
0.000157734
0.000158543
0.00015828400000000002
0.00015815300000000002
0.00015825400000000001
0.00017781400000000002
0.000158114
0.000173363
0.00015932400000000002
0.00015984400000000002
0.000160433
0.00016127400000000001
0.000194434
0.00016251400000000002
0.000160173
0.00015916300000000001
0.00017457400000000001
0.00017535400000000002
0.00015809400000000001
0.00015811300000000001
0.000158374
0.00015798300000000002
0.00018233400000000001
0.00020688500000000002
0.00021771500000000003
0.00016047400000000002
0.00016015300000000001
0.00016021400000000002
0.00017859400000000002
0.00016151300000000001
0.000162194
0.000178524
0.00015917400000000002
0.000187994
0.00019048400000000001
0.00017973400000000002
0.00015777300000000002
0.00016667400000000001
0.000157854
0.000158283
0.00017604400000000001
0.000158414
0.00015931300000000001
0.000160154
0.00016046300000000001
0.00016141300000000001
0.000162144
0.00016256300000000001
0.00016023400000000001
0.00015933400000000002
0.00015937300000000001
0.000157894
0.00017535400000000002
0.00015862300000000002
0.00015802400000000002
0.00018863400000000002
0.000158784
0.00015845300000000002
0.00015839400000000002
0.00017807400000000002
0.00016040300000000002
0.000160774
0.00016126400000000002
0.00020431400000000001
0.00022699500000000002
0.00020385500000000002
0.00019855400000000001
0.000159023
0.00015828400000000002
0.00015863300000000001
0.000158374
0.00015858300000000001
0.00015861400000000001
0.00015879300000000001
0.00015882400000000001
0.00015848400000000002
0.000209354
0.00016121400000000002
0.00016094400000000002
0.00043394900000000004
0.000171344
0.00016835400000000001
0.000160903
0.00016047400000000002
0.00016021300000000001
0.00015864400000000002
0.000185854
0.000176424
0.000159044
0.000158603
0.00015877400000000001
0.000159233
0.000158844
0.000158913
0.000160963
0.00016070400000000001
0.000161733
0.000176064
0.000178884
0.00017751400000000001
0.00016048400000000002
0.00015876400000000001
0.00018774400000000002
0.00021332500000000002
0.00021407400000000002
0.00021467400000000001
0.00021371500000000001
0.00021330500000000001
0.00021114500000000001
0.00025372300000000002
0.00021523500000000001
0.00028906600000000004
0.00030418700000000003
0.00021651500000000002
0.00025129500000000001
0.00021972400000000003
0.000242045
0.000215195
0.00021525500000000003
0.00021509500000000003
0.00021225400000000002
0.00023163600000000002
0.00021433400000000003
0.00021892500000000002
0.00024661600000000001
0.00028249600000000003
0.00022000500000000001
0.00021832500000000001
0.00021982500000000002
0.00022009500000000001
0.00022963500000000001
0.00022080500000000002
0.000331298
0.00023954500000000002
0.00016599400000000001
0.000171514
0.000179364
0.00020299400000000002
0.000192504
0.00026071600000000003
0.000167944
0.00033349700000000004
0.00020249500000000002
0.00024221500000000002
0.00020097500000000002
0.00016066300000000002
0.00016115400000000002
0.00024484499999999999
0.000163244
0.00053626200000000002
0.00023969600000000002
0.00063100700000000005
0.00028737599999999999
0.00036101800000000001
0.000258411
0.00023701500000000001
0.00024033500000000002
0.00022039500000000002
0.000178994
0.00015787400000000001
0.00023378500000000003
0.00016369300000000002
0.00017709300000000002
0.00016332300000000002
0.00016157400000000002
0.00016207300000000002
0.000184255
0.00017346400000000002
0.00015962300000000001
0.000158574
0.00015858300000000001
0.000158154
0.000158393
0.00016441400000000002
0.00016755400000000002
0.00019394400000000001
0.000177844
0.000158584
0.00017743400000000002
0.00016108300000000002
0.000161194
0.00018898400000000001
0.00016238400000000001
0.00020353500000000002
0.00016156300000000001
0.00016045400000000001
0.00015861300000000002
0.00015902400000000001
0.00015917400000000002
0.00015879300000000001
0.00017687400000000001
0.000174804
0.000158474
0.00015815300000000002
0.000158534
0.000159643
0.00017661400000000001
0.00016070400000000001
0.000162094
0.00016276300000000001
0.00016749400000000002
0.000208445
0.00017880400000000002
0.00019000400000000002
0.00015854400000000002
0.00017415400000000001
0.00017130300000000001
0.00015851400000000001
0.000158634
0.00015847300000000001
0.000158364
0.00015836300000000002
0.000159264
0.000160333
0.00017729400000000001
0.00016219300000000001
0.000162664
0.00016288300000000001
0.000160574
0.00016001400000000002
0.00015847300000000001
0.00015846400000000001
0.000158803
0.00015869400000000002
0.00015890300000000001
0.00016904300000000001
0.000175334
0.00015916400000000002
0.000158553
0.00015991400000000001
0.000160354
0.00016078300000000001
0.00016189400000000002
0.00016239300000000002
0.00016294400000000002
0.00016002400000000001
0.000159703
0.00015980400000000002
0.00025829600000000004
0.00017018400000000001
0.00015864300000000001
0.000193475
0.000201294
0.00016280400000000001
0.00015882300000000002
0.000179254
0.00015945400000000001
0.000170724
0.00016009300000000001
0.00016168400000000002
0.00016246400000000002
0.00016281300000000001
0.000160574
0.00017681400000000002
0.00015909400000000001
0.000158753
0.00015865400000000002
0.00015821300000000001
0.00015849400000000002
0.00015867300000000002
0.00015891400000000002
0.00015870400000000002
0.000158293
0.00015974400000000002
0.000160333
0.000177894
0.00016221400000000002
0.00016267400000000002
0.000179254
0.00019062400000000002
0.00015998400000000001
0.000159853
0.00015823400000000002
0.00017565400000000002
0.00017437400000000001
0.000158593
0.00015848400000000002
0.00017530400000000001
0.00015858300000000001
0.000171044
0.00015885400000000002
0.00016039300000000002
0.000160404
0.000170824
0.000216815
0.00021250400000000002
0.00017524400000000002
0.000159884
0.00017801400000000002
0.00015885400000000002
0.000158543
0.00019272400000000002
0.00015853300000000001
0.00015839400000000002
0.000158333
0.00016886400000000001
0.00020105500000000001
0.000200774
0.000190874
0.00016106400000000002
0.00018085400000000001
0.00016314400000000002
0.00016329300000000001
0.00016089400000000002
0.00016005400000000002
0.00015981300000000002
0.00015791400000000002
0.000158713
0.000158534
0.000159004
0.00015885300000000001
0.00017149400000000001
0.000200824
0.000162733
0.00015960400000000001
0.00016061300000000002
0.000160784
0.00016168400000000002
0.00016286300000000002
0.00016299400000000002
0.00016084400000000002
0.00015998300000000002
0.000158474
0.00015815300000000002
0.00019871500000000002
0.00020143400000000001
0.000200645
0.000201184
0.00019653500000000001
0.00021766500000000002
0.00029231100000000001
0.00023123500000000002
0.00034558700000000001
0.00020351500000000001
0.00020544500000000001
0.00022017500000000003
0.00019121400000000002
0.00021403500000000001
0.00021147400000000002
0.00020871500000000002
0.000158584
0.00015862300000000002
0.000189965
0.00017446400000000002
0.00015863300000000001
0.00015834400000000001
0.00017682400000000001
0.00015882300000000002
0.00015944400000000001
0.00017023400000000001
0.00016082300000000002
0.00017107400000000001
0.00016259400000000001
0.000162783
0.00017856400000000001
0.00015995400000000002
0.000158524
0.00015814300000000002
0.000175324
0.00015881400000000001
0.00017870400000000002
0.00021102500000000002
0.00021048400000000001
0.00021033500000000002
0.00021118500000000002
0.00021009400000000003
0.00019098500000000002
0.00016110300000000001
0.00016176400000000001
0.00018144400000000001
0.00016332400000000001
0.00016110300000000001
0.000194775
0.000158543
0.000158264
0.00015835300000000002
0.00015876400000000001
0.00018073400000000002
0.00020016500000000001
0.00015916300000000001
0.00017451400000000002
0.00022493500000000003
0.00021089500000000001
0.00021089500000000001
0.000211764
0.000214725
0.00017739400000000002
0.00016333400000000001
0.00016102400000000001
0.00016021300000000001
0.00016038400000000001
0.00019222400000000001
0.000168634
0.00015867400000000001
0.00015888300000000002
0.00015850400000000001
0.00015909300000000002
0.00015912400000000002
0.000158913
0.00020418500000000001
0.00020573500000000002
0.00024557000000000002
0.000206715
0.00020725500000000002
0.00023043500000000003
0.000206574
0.00020489500000000002
0.00020413500000000001
0.000203754
0.00022695500000000001
0.000204305
0.00024090500000000003
0.00023880600000000002
0.000226345
0.00020970500000000003
0.00021173400000000002
0.00022660600000000002
0.00021079400000000001
0.00022905100000000003
0.000164554
0.00016288300000000001
0.00016321400000000001
0.00016094300000000001
0.000160323
0.00017505400000000001
0.00015901400000000002
0.000158813
0.000164394
0.00018008400000000001
0.00015902400000000001
0.00016224300000000001
0.00016466400000000002
0.00015959400000000002
0.00016003300000000002
0.00017539400000000002
0.00021000500000000001
0.00016223400000000001
0.00016344300000000001
0.00016385400000000001
0.00019351400000000002
0.00016022400000000002
0.00015872400000000001
0.00015878300000000001
0.00015927400000000002
0.00015893300000000002
0.00018994400000000002
0.00017492300000000001
0.00019966500000000002
0.000223515
0.000179574
0.00015965400000000001
0.00018971400000000001
0.00018906400000000002
0.000165124
0.000162094
0.00016918300000000002
0.000159934
0.000159204
0.00016494300000000002
0.00015922400000000002
0.00016478400000000001
0.00015820300000000002
0.00015817400000000002
0.00016408400000000002
0.00015852300000000001
0.00015840400000000001
0.00019284400000000001
0.000159424
0.00015988300000000001
0.00016033400000000001
0.000161414
0.00016182300000000001
0.00016246400000000002
0.000160564
0.00022431500000000002
0.00019858400000000002
0.00015827400000000002
0.000157923
0.000158064
0.00015836300000000002
0.00017194400000000002
0.00015834400000000001
0.00015820300000000002
0.000157634
0.00017500400000000001
0.000159963
0.000178624
0.00016207400000000001
0.000172234
0.00018657400000000001
0.00017625400000000001
0.00015996400000000002
0.000166584
0.00015826300000000001
0.00015845400000000001
0.00017996400000000001
0.00017498400000000002
0.000158293
0.00017645400000000002
0.00056501300000000006
0.00026781600000000004
0.00020345400000000002
0.00024025600000000003
0.000223625
0.00024205
0.000216295
0.00025468600000000001
0.00023823500000000003
0.00021234500000000001
0.000234355
0.00023601600000000003
0.00020728400000000002
0.00020763500000000001
0.00021219500000000001
0.00020463400000000001
0.00026432100000000003
0.000208144
0.000208044
0.00020993500000000002
0.00020889500000000001
0.00021080400000000001
0.00021267500000000001
0.00021155500000000002
0.00024360200000000002
0.00016628400000000002
0.00021668500000000002
0.00024950500000000002
0.000273997
0.00022119500000000001
0.00021361400000000002
0.000232396
0.00022980500000000003
0.00021412500000000001
0.000205484
0.000203265
0.000203525
0.00020465400000000002
0.00020479500000000002
0.00020671400000000001
0.00020731500000000002
0.00042398300000000001
0.00022727500000000001
0.00022439500000000001
0.00022698500000000002
0.00021705500000000001
0.00027843099999999999
0.00024175500000000002
0.000222625
0.00024867600000000003
0.00022392500000000001
0.00025398599999999999
0.00022402500000000001
0.000225555
0.00024137500000000003
0.00025409600000000004
0.00022799500000000002
0.00025536600000000003
0.00022959500000000003
0.00025544599999999999
0.000225975
0.00024239500000000001
0.00022408500000000001
0.00024690500000000001
0.00024094600000000002
0.00071761100000000005
0.000198655
0.00020010400000000002
0.000205195
0.000201664
0.00021674500000000001
0.000226185
0.00020558500000000002
0.00020714500000000002
0.000234145
0.00020787500000000002
0.00021236400000000002
0.00022109400000000002
0.00020514400000000001
0.00020544500000000001
0.00022598500000000003
0.00024419200000000001
0.00020836500000000002
0.00020779500000000001
0.00020786400000000001
0.00020831500000000001
0.00020919500000000002
0.00024722300000000003
0.00021334500000000001
0.00020728500000000001
0.00021157400000000002
0.00023518600000000002
0.00021232400000000001
0.00020942500000000001
0.000243651
0.00020356400000000002
0.000202735
0.000202785
0.00020324400000000002
0.00020277500000000001
0.00020283400000000002
0.00020295500000000002
0.00020336400000000001
0.00022381500000000001
0.00020477400000000002
0.00020835500000000002
0.000228015
0.00021338500000000002
0.00022768500000000001
0.000212785
0.000210225
0.00021002400000000001
0.00022556500000000003
0.00020917400000000001
0.000209065
0.000209015
0.00020890400000000002
0.000208235
0.00020919500000000002
0.00020932400000000002
0.00020920500000000001
0.00022939500000000002
0.00021087500000000002
0.00021112500000000002
0.000211895
0.000222885
