1.00000000000000000E+00 0.00000000000000000E+00 0.00000000000000000E+00 0.00000000000000000E+00 0.00000000000000000E+00 0.00000000000000000E+00 0.00000000000000000E+00 0.00000000000000000E+00 0.00000000000000000E+00 0.00000000000000000E+00 0.00000000000000000E+00 0.00000000000000000E+00 0.00000000000000000E+00 1.00000000000000000E+00 0.00000000000000000E+00 0.00000000000000000E+00 0.00000000000000000E+00 
1.00000000000000000E+00 0.00000000000000000E+00 0.00000000000000000E+00 0.00000000000000000E+00 0.00000000000000000E+00 0.00000000000000000E+00 0.00000000000000000E+00 0.00000000000000000E+00 0.00000000000000000E+00 0.00000000000000000E+00 0.00000000000000000E+00 0.00000000000000000E+00 0.00000000000000000E+00 1.00000000000000000E+00 0.00000000000000000E+00 0.00000000000000000E+00 0.00000000000000000E+00 
-1.00000000000000000E+00 0.00000000000000000E+00 0.00000000000000000E+00 0.00000000000000000E+00 0.00000000000000000E+00 0.00000000000000000E+00 0.00000000000000000E+00 0.00000000000000000E+00 0.00000000000000000E+00 0.00000000000000000E+00 0.00000000000000000E+00 0.00000000000000000E+00 0.00000000000000000E+00 1.00000000000000000E+00 0.00000000000000000E+00 0.00000000000000000E+00 0.00000000000000000E+00 
1.00000000000000000E+00 1.00000000000000007E-18 2.00000000000000014E-18 2.99999999999999983E-18 0.00000000000000000E+00 0.00000000000000000E+00 0.00000000000000000E+00 0.00000000000000000E+00 0.00000000000000000E+00 0.00000000000000000E+00 0.00000000000000000E+00 0.00000000000000000E+00 0.00000000000000000E+00 1.00000000000000000E+00 0.00000000000000000E+00 0.00000000000000000E+00 0.00000000000000000E+00 
-1.00000000000000000E+00 1.00000000000000007E-18 2.00000000000000014E-18 2.99999999999999983E-18 0.00000000000000000E+00 0.00000000000000000E+00 0.00000000000000000E+00 0.00000000000000000E+00 0.00000000000000000E+00 0.00000000000000000E+00 0.00000000000000000E+00 0.00000000000000000E+00 0.00000000000000000E+00 1.00000000000000000E+00 0.00000000000000000E+00 0.00000000000000000E+00 0.00000000000000000E+00 
-1.00000000000000000E+00 0.00000000000000000E+00 0.00000000000000000E+00 0.00000000000000000E+00 0.00000000000000000E+00 0.00000000000000000E+00 0.00000000000000000E+00 0.00000000000000000E+00 0.00000000000000000E+00 0.00000000000000000E+00 0.00000000000000000E+00 0.00000000000000000E+00 0.00000000000000000E+00 1.00000000000000000E+00 0.00000000000000000E+00 0.00000000000000000E+00 0.00000000000000000E+00 
-1.00000000000000000E+00 0.00000000000000000E+00 -0.00000000000000000E+00 0.00000000000000000E+00 0.00000000000000000E+00 0.00000000000000000E+00 0.00000000000000000E+00 0.00000000000000000E+00 0.00000000000000000E+00 0.00000000000000000E+00 0.00000000000000000E+00 0.00000000000000000E+00 0.00000000000000000E+00 1.00000000000000000E+00 0.00000000000000000E+00 0.00000000000000000E+00 0.00000000000000000E+00 
1.00000000000000000E+00 0.00000000000000000E+00 0.00000000000000000E+00 0.00000000000000000E+00 0.00000000000000000E+00 0.00000000000000000E+00 0.00000000000000000E+00 0.00000000000000000E+00 0.00000000000000000E+00 0.00000000000000000E+00 0.00000000000000000E+00 0.00000000000000000E+00 0.00000000000000000E+00 1.00000000000000000E+00 0.00000000000000000E+00 0.00000000000000000E+00 0.00000000000000000E+00 
1.00000000000000000E+00 0.00000000000000000E+00 0.00000000000000000E+00 0.00000000000000000E+00 0.00000000000000000E+00 0.00000000000000000E+00 0.00000000000000000E+00 0.00000000000000000E+00 0.00000000000000000E+00 0.00000000000000000E+00 0.00000000000000000E+00 0.00000000000000000E+00 0.00000000000000000E+00 1.00000000000000000E+00 0.00000000000000000E+00 0.00000000000000000E+00 0.00000000000000000E+00 
1.00000000000000000E+00 0.00000000000000000E+00 0.00000000000000000E+00 0.00000000000000000E+00 0.00000000000000000E+00 0.00000000000000000E+00 0.00000000000000000E+00 0.00000000000000000E+00 0.00000000000000000E+00 0.00000000000000000E+00 0.00000000000000000E+00 0.00000000000000000E+00 0.00000000000000000E+00 1.00000000000000000E+00 0.00000000000000000E+00 0.00000000000000000E+00 0.00000000000000000E+00 
1.00000000000000000E+00 0.00000000000000000E+00 -0.00000000000000000E+00 0.00000000000000000E+00 0.00000000000000000E+00 0.00000000000000000E+00 0.00000000000000000E+00 0.00000000000000000E+00 0.00000000000000000E+00 0.00000000000000000E+00 0.00000000000000000E+00 0.00000000000000000E+00 0.00000000000000000E+00 1.00000000000000000E+00 0.00000000000000000E+00 0.00000000000000000E+00 0.00000000000000000E+00 
-1.00000000000000000E+00 1.00000000000000002E-100 0.00000000000000000E+00 0.00000000000000000E+00 0.00000000000000000E+00 0.00000000000000000E+00 0.00000000000000000E+00 0.00000000000000000E+00 0.00000000000000000E+00 0.00000000000000000E+00 0.00000000000000000E+00 0.00000000000000000E+00 0.00000000000000000E+00 1.00000000000000000E+00 0.00000000000000000E+00 0.00000000000000000E+00 0.00000000000000000E+00 
-1.00000000000000000E+00 1.00000000000000002E-100 -1.00000000000000002E-100 1.00000000000000002E-100 0.00000000000000000E+00 0.00000000000000000E+00 0.00000000000000000E+00 0.00000000000000000E+00 0.00000000000000000E+00 0.00000000000000000E+00 0.00000000000000000E+00 0.00000000000000000E+00 0.00000000000000000E+00 1.00000000000000000E+00 0.00000000000000000E+00 0.00000000000000000E+00 0.00000000000000000E+00 
1.00000000000000000E+00 0.00000000000000000E+00 0.00000000000000000E+00 0.00000000000000000E+00 0.00000000000000000E+00 0.00000000000000000E+00 0.00000000000000000E+00 0.00000000000000000E+00 0.00000000000000000E+00 0.00000000000000000E+00 0.00000000000000000E+00 0.00000000000000000E+00 0.00000000000000000E+00 1.00000000000000000E+00 0.00000000000000000E+00 0.00000000000000000E+00 0.00000000000000000E+00 
1.00000000000000000E+00 0.00000000000000000E+00 0.00000000000000000E+00 0.00000000000000000E+00 0.00000000000000000E+00 0.00000000000000000E+00 0.00000000000000000E+00 0.00000000000000000E+00 0.00000000000000000E+00 0.00000000000000000E+00 0.00000000000000000E+00 0.00000000000000000E+00 0.00000000000000000E+00 1.00000000000000000E+00 0.00000000000000000E+00 0.00000000000000000E+00 0.00000000000000000E+00 
1.00000000000000000E+00 1.00000000000000002E-100 0.00000000000000000E+00 0.00000000000000000E+00 0.00000000000000000E+00 0.00000000000000000E+00 0.00000000000000000E+00 0.00000000000000000E+00 0.00000000000000000E+00 0.00000000000000000E+00 0.00000000000000000E+00 0.00000000000000000E+00 0.00000000000000000E+00 1.00000000000000000E+00 0.00000000000000000E+00 0.00000000000000000E+00 0.00000000000000000E+00 
1.00000000000000000E+00 1.00000000000000002E-100 -1.00000000000000002E-100 1.00000000000000002E-100 0.00000000000000000E+00 0.00000000000000000E+00 0.00000000000000000E+00 0.00000000000000000E+00 0.00000000000000000E+00 0.00000000000000000E+00 0.00000000000000000E+00 0.00000000000000000E+00 0.00000000000000000E+00 1.00000000000000000E+00 0.00000000000000000E+00 0.00000000000000000E+00 0.00000000000000000E+00 
-1.00000000000000000E+00 1.00000000000000007E-18 0.00000000000000000E+00 0.00000000000000000E+00 0.00000000000000000E+00 0.00000000000000000E+00 0.00000000000000000E+00 0.00000000000000000E+00 0.00000000000000000E+00 0.00000000000000000E+00 0.00000000000000000E+00 0.00000000000000000E+00 0.00000000000000000E+00 1.00000000000000000E+00 0.00000000000000000E+00 0.00000000000000000E+00 0.00000000000000000E+00 
-1.00000000000000000E+00 1.00000000000000007E-18 -1.00000000000000007E-18 1.00000000000000007E-18 0.00000000000000000E+00 0.00000000000000000E+00 0.00000000000000000E+00 0.00000000000000000E+00 0.00000000000000000E+00 0.00000000000000000E+00 0.00000000000000000E+00 0.00000000000000000E+00 0.00000000000000000E+00 1.00000000000000000E+00 0.00000000000000000E+00 0.00000000000000000E+00 0.00000000000000000E+00 
1.00000000000000000E+00 0.00000000000000000E+00 0.00000000000000000E+00 0.00000000000000000E+00 0.00000000000000000E+00 0.00000000000000000E+00 0.00000000000000000E+00 0.00000000000000000E+00 0.00000000000000000E+00 0.00000000000000000E+00 0.00000000000000000E+00 0.00000000000000000E+00 0.00000000000000000E+00 1.00000000000000000E+00 0.00000000000000000E+00 0.00000000000000000E+00 0.00000000000000000E+00 
1.00000000000000000E+00 0.00000000000000000E+00 0.00000000000000000E+00 0.00000000000000000E+00 0.00000000000000000E+00 0.00000000000000000E+00 0.00000000000000000E+00 0.00000000000000000E+00 0.00000000000000000E+00 0.00000000000000000E+00 0.00000000000000000E+00 0.00000000000000000E+00 0.00000000000000000E+00 1.00000000000000000E+00 0.00000000000000000E+00 0.00000000000000000E+00 0.00000000000000000E+00 
1.00000000000000000E+00 1.00000000000000007E-18 0.00000000000000000E+00 0.00000000000000000E+00 0.00000000000000000E+00 0.00000000000000000E+00 0.00000000000000000E+00 0.00000000000000000E+00 0.00000000000000000E+00 0.00000000000000000E+00 0.00000000000000000E+00 0.00000000000000000E+00 0.00000000000000000E+00 1.00000000000000000E+00 0.00000000000000000E+00 0.00000000000000000E+00 0.00000000000000000E+00 
1.00000000000000000E+00 1.00000000000000007E-18 -1.00000000000000007E-18 1.00000000000000007E-18 0.00000000000000000E+00 0.00000000000000000E+00 0.00000000000000000E+00 0.00000000000000000E+00 0.00000000000000000E+00 0.00000000000000000E+00 0.00000000000000000E+00 0.00000000000000000E+00 0.00000000000000000E+00 1.00000000000000000E+00 0.00000000000000000E+00 0.00000000000000000E+00 0.00000000000000000E+00 
-1.00000000000000000E+00 9.99999999999999880E-16 0.00000000000000000E+00 0.00000000000000000E+00 0.00000000000000000E+00 0.00000000000000000E+00 0.00000000000000000E+00 0.00000000000000000E+00 0.00000000000000000E+00 0.00000000000000000E+00 0.00000000000000000E+00 0.00000000000000000E+00 0.00000000000000000E+00 1.00000000000000000E+00 0.00000000000000000E+00 0.00000000000000000E+00 0.00000000000000000E+00 
-1.00000000000000000E+00 9.99999999999999880E-16 -9.99999999999999880E-16 9.99999999999999880E-16 -2.05116019880913474E-15 2.05116019880913474E-15 -2.05116019880913474E-15 0.00000000000000000E+00 0.00000000000000000E+00 0.00000000000000000E+00 -2.05116019880913474E-15 2.05116019880913474E-15 -2.05116019880913474E-15 1.00000000000000000E+00 0.00000000000000000E+00 0.00000000000000000E+00 0.00000000000000000E+00 
1.00000000000000000E+00 0.00000000000000000E+00 0.00000000000000000E+00 0.00000000000000000E+00 0.00000000000000000E+00 0.00000000000000000E+00 0.00000000000000000E+00 0.00000000000000000E+00 0.00000000000000000E+00 0.00000000000000000E+00 0.00000000000000000E+00 0.00000000000000000E+00 0.00000000000000000E+00 1.00000000000000000E+00 0.00000000000000000E+00 0.00000000000000000E+00 0.00000000000000000E+00 
0.00000000000000000E+00 5.77350269189625842E-01 -5.77350269189625842E-01 5.77350269189625842E-01 1.81379936423421761E+00 -1.81379936423421761E+00 1.81379936423421761E+00 0.00000000000000000E+00 0.00000000000000000E+00 0.00000000000000000E+00 1.81379936423421761E+00 -1.81379936423421761E+00 1.81379936423421761E+00 1.00000000000000000E+00 0.00000000000000000E+00 0.00000000000000000E+00 0.00000000000000000E+00 
1.00000000000000000E+00 9.99999999999999880E-16 0.00000000000000000E+00 0.00000000000000000E+00 0.00000000000000000E+00 0.00000000000000000E+00 0.00000000000000000E+00 0.00000000000000000E+00 0.00000000000000000E+00 0.00000000000000000E+00 0.00000000000000000E+00 0.00000000000000000E+00 0.00000000000000000E+00 1.00000000000000000E+00 0.00000000000000000E+00 0.00000000000000000E+00 0.00000000000000000E+00 
1.00000000000000000E+00 9.99999999999999880E-16 -9.99999999999999880E-16 9.99999999999999880E-16 1.99999999999999976E-15 -1.99999999999999976E-15 1.99999999999999976E-15 0.00000000000000000E+00 0.00000000000000000E+00 0.00000000000000000E+00 1.99999999999999976E-15 -1.99999999999999976E-15 1.99999999999999976E-15 1.00000000000000000E+00 0.00000000000000000E+00 0.00000000000000000E+00 0.00000000000000000E+00 
-1.00000000000000000E+00 1.00000000000000008E-15 0.00000000000000000E+00 0.00000000000000000E+00 -1.77635683940025046E-15 -0.00000000000000000E+00 -0.00000000000000000E+00 0.00000000000000000E+00 0.00000000000000000E+00 0.00000000000000000E+00 -1.77635683940025046E-15 -0.00000000000000000E+00 -0.00000000000000000E+00 1.00000000000000000E+00 0.00000000000000000E+00 0.00000000000000000E+00 0.00000000000000000E+00 
-1.00000000000000000E+00 1.00000000000000008E-15 -1.00000000000000008E-15 1.00000000000000008E-15 -2.05116019880913513E-15 2.05116019880913513E-15 -2.05116019880913513E-15 0.00000000000000000E+00 0.00000000000000000E+00 0.00000000000000000E+00 -2.05116019880913513E-15 2.05116019880913513E-15 -2.05116019880913513E-15 1.00000000000000000E+00 0.00000000000000000E+00 0.00000000000000000E+00 0.00000000000000000E+00 
0.00000000000000000E+00 1.00000000000000000E+00 0.00000000000000000E+00 0.00000000000000000E+00 3.14159265358979312E+00 0.00000000000000000E+00 0.00000000000000000E+00 0.00000000000000000E+00 0.00000000000000000E+00 0.00000000000000000E+00 3.14159265358979312E+00 0.00000000000000000E+00 0.00000000000000000E+00 1.00000000000000000E+00 0.00000000000000000E+00 0.00000000000000000E+00 0.00000000000000000E+00 
0.00000000000000000E+00 5.77350269189625842E-01 -5.77350269189625842E-01 5.77350269189625842E-01 1.81379936423421806E+00 -1.81379936423421806E+00 1.81379936423421806E+00 0.00000000000000000E+00 0.00000000000000000E+00 0.00000000000000000E+00 1.81379936423421806E+00 -1.81379936423421806E+00 1.81379936423421806E+00 1.00000000000000000E+00 0.00000000000000000E+00 0.00000000000000000E+00 0.00000000000000000E+00 
1.00000000000000000E+00 1.00000000000000008E-15 0.00000000000000000E+00 0.00000000000000000E+00 2.00000000000000016E-15 0.00000000000000000E+00 0.00000000000000000E+00 0.00000000000000000E+00 0.00000000000000000E+00 0.00000000000000000E+00 2.00000000000000016E-15 0.00000000000000000E+00 0.00000000000000000E+00 1.00000000000000000E+00 0.00000000000000000E+00 0.00000000000000000E+00 0.00000000000000000E+00 
1.00000000000000000E+00 1.00000000000000008E-15 -1.00000000000000008E-15 1.00000000000000008E-15 2.00000000000000016E-15 -2.00000000000000016E-15 2.00000000000000016E-15 0.00000000000000000E+00 0.00000000000000000E+00 0.00000000000000000E+00 2.00000000000000016E-15 -2.00000000000000016E-15 2.00000000000000016E-15 1.00000000000000000E+00 0.00000000000000000E+00 0.00000000000000000E+00 0.00000000000000000E+00 
-1.00000000000000000E+00 1.00000000000000027E-15 0.00000000000000000E+00 0.00000000000000000E+00 -1.77635683940025046E-15 -0.00000000000000000E+00 -0.00000000000000000E+00 0.00000000000000000E+00 0.00000000000000000E+00 0.00000000000000000E+00 -1.77635683940025046E-15 -0.00000000000000000E+00 -0.00000000000000000E+00 1.00000000000000000E+00 0.00000000000000000E+00 0.00000000000000000E+00 0.00000000000000000E+00 
-1.00000000000000000E+00 1.00000000000000027E-15 -1.00000000000000027E-15 1.00000000000000027E-15 -2.05116019880913513E-15 2.05116019880913513E-15 -2.05116019880913513E-15 0.00000000000000000E+00 0.00000000000000000E+00 0.00000000000000000E+00 -2.05116019880913513E-15 2.05116019880913513E-15 -2.05116019880913513E-15 1.00000000000000000E+00 0.00000000000000000E+00 0.00000000000000000E+00 0.00000000000000000E+00 
0.00000000000000000E+00 1.00000000000000000E+00 0.00000000000000000E+00 0.00000000000000000E+00 3.14159265358979312E+00 0.00000000000000000E+00 0.00000000000000000E+00 0.00000000000000000E+00 0.00000000000000000E+00 0.00000000000000000E+00 3.14159265358979312E+00 0.00000000000000000E+00 0.00000000000000000E+00 1.00000000000000000E+00 0.00000000000000000E+00 0.00000000000000000E+00 0.00000000000000000E+00 
0.00000000000000000E+00 5.77350269189625731E-01 -5.77350269189625731E-01 5.77350269189625731E-01 1.81379936423421806E+00 -1.81379936423421806E+00 1.81379936423421806E+00 0.00000000000000000E+00 0.00000000000000000E+00 0.00000000000000000E+00 1.81379936423421806E+00 -1.81379936423421806E+00 1.81379936423421806E+00 1.00000000000000000E+00 0.00000000000000000E+00 0.00000000000000000E+00 0.00000000000000000E+00 
1.00000000000000000E+00 1.00000000000000027E-15 0.00000000000000000E+00 0.00000000000000000E+00 2.00000000000000055E-15 0.00000000000000000E+00 0.00000000000000000E+00 0.00000000000000000E+00 0.00000000000000000E+00 0.00000000000000000E+00 2.00000000000000055E-15 0.00000000000000000E+00 0.00000000000000000E+00 1.00000000000000000E+00 0.00000000000000000E+00 0.00000000000000000E+00 0.00000000000000000E+00 
1.00000000000000000E+00 1.00000000000000027E-15 -1.00000000000000027E-15 1.00000000000000027E-15 2.00000000000000055E-15 -2.00000000000000055E-15 2.00000000000000055E-15 0.00000000000000000E+00 0.00000000000000000E+00 0.00000000000000000E+00 2.00000000000000055E-15 -2.00000000000000055E-15 2.00000000000000055E-15 1.00000000000000000E+00 0.00000000000000000E+00 0.00000000000000000E+00 0.00000000000000000E+00 
-1.00000000000000000E+00 9.99999999999999999E-15 0.00000000000000000E+00 0.00000000000000000E+00 -2.04281036531028803E-14 -0.00000000000000000E+00 -0.00000000000000000E+00 0.00000000000000000E+00 0.00000000000000000E+00 0.00000000000000000E+00 -2.04281036531028803E-14 -0.00000000000000000E+00 -0.00000000000000000E+00 1.00000000000000000E+00 0.00000000000000000E+00 0.00000000000000000E+00 0.00000000000000000E+00 
-1.00000000000000000E+00 9.99999999999999999E-15 -9.99999999999999999E-15 9.99999999999999999E-15 -1.99988119383890633E-14 1.99988119383890633E-14 -1.99988119383890633E-14 0.00000000000000000E+00 0.00000000000000000E+00 0.00000000000000000E+00 -1.99988119383890633E-14 1.99988119383890633E-14 -1.99988119383890633E-14 1.00000000000000000E+00 0.00000000000000000E+00 0.00000000000000000E+00 0.00000000000000000E+00 
0.00000000000000000E+00 1.00000000000000000E+00 0.00000000000000000E+00 0.00000000000000000E+00 3.14159265358979312E+00 0.00000000000000000E+00 0.00000000000000000E+00 0.00000000000000000E+00 0.00000000000000000E+00 0.00000000000000000E+00 3.14159265358979312E+00 0.00000000000000000E+00 0.00000000000000000E+00 1.00000000000000000E+00 0.00000000000000000E+00 0.00000000000000000E+00 0.00000000000000000E+00 
0.00000000000000000E+00 5.77350269189625731E-01 -5.77350269189625731E-01 5.77350269189625731E-01 1.81379936423421761E+00 -1.81379936423421761E+00 1.81379936423421761E+00 0.00000000000000000E+00 0.00000000000000000E+00 0.00000000000000000E+00 1.81379936423421761E+00 -1.81379936423421761E+00 1.81379936423421761E+00 1.00000000000000000E+00 0.00000000000000000E+00 0.00000000000000000E+00 0.00000000000000000E+00 
1.00000000000000000E+00 9.99999999999999999E-15 0.00000000000000000E+00 0.00000000000000000E+00 2.00000000000000000E-14 0.00000000000000000E+00 0.00000000000000000E+00 0.00000000000000000E+00 0.00000000000000000E+00 0.00000000000000000E+00 2.00000000000000000E-14 0.00000000000000000E+00 0.00000000000000000E+00 1.00000000000000000E+00 0.00000000000000000E+00 0.00000000000000000E+00 0.00000000000000000E+00 
1.00000000000000000E+00 9.99999999999999999E-15 -9.99999999999999999E-15 9.99999999999999999E-15 2.00000000000000000E-14 -2.00000000000000000E-14 2.00000000000000000E-14 0.00000000000000000E+00 0.00000000000000000E+00 0.00000000000000000E+00 2.00000000000000000E-14 -2.00000000000000000E-14 2.00000000000000000E-14 1.00000000000000000E+00 0.00000000000000000E+00 0.00000000000000000E+00 0.00000000000000000E+00 
-7.08449464316943223E-01 -3.54418137213073914E-01 2.07193876825540781E-02 -6.09965447789881599E-01 7.86910911733912810E-01 -4.60030414358985895E-02 1.35429995321586527E+00 0.00000000000000000E+00 0.00000000000000000E+00 0.00000000000000000E+00 7.86910911733912810E-01 -4.60030414358985895E-02 1.35429995321586527E+00 1.00000000000000000E+00 0.00000000000000000E+00 0.00000000000000000E+00 0.00000000000000000E+00 
1.37723269448529972E-01 -5.87792233556758692E-01 6.54437549312427924E-01 4.55240689386073982E-01 -1.70038558326380063E+00 1.89317944414434081E+00 1.31693591877376592E+00 0.00000000000000000E+00 0.00000000000000000E+00 0.00000000000000000E+00 -1.70038558326380063E+00 1.89317944414434081E+00 1.31693591877376592E+00 1.00000000000000000E+00 0.00000000000000000E+00 0.00000000000000000E+00 0.00000000000000000E+00 
-1.79638214316627715E-01 1.10206811463002430E-01 -8.27325670612272468E-01 5.20688779800607238E-01 -3.11481035395521577E-01 2.33829699880316522E+00 -1.47163934876721259E+00 0.00000000000000000E+00 0.00000000000000000E+00 0.00000000000000000E+00 -3.11481035395521577E-01 2.33829699880316522E+00 -1.47163934876721259E+00 1.00000000000000000E+00 0.00000000000000000E+00 0.00000000000000000E+00 0.00000000000000000E+00 
6.88754208845779314E-01 -3.23185443758645330E-01 -1.35633537227577594E-01 -6.34643484421677173E-01 -7.23073003994963104E-01 -3.03457198025440744E-01 -1.41990791853024811E+00 0.00000000000000000E+00 0.00000000000000000E+00 0.00000000000000000E+00 -7.23073003994963104E-01 -3.03457198025440744E-01 -1.41990791853024811E+00 1.00000000000000000E+00 0.00000000000000000E+00 0.00000000000000000E+00 0.00000000000000000E+00 
-6.37439494643366356E-01 6.54547706364274950E-01 2.68657715857925639E-01 -3.05059375322376813E-01 -1.49450162825895805E+00 -6.13415019088846436E-01 6.96529418256374599E-01 0.00000000000000000E+00 0.00000000000000000E+00 0.00000000000000000E+00 -1.49450162825895805E+00 -6.13415019088846436E-01 6.96529418256374599E-01 1.00000000000000000E+00 0.00000000000000000E+00 0.00000000000000000E+00 0.00000000000000000E+00 
-5.18219697573605753E-01 7.30968274176784227E-01 4.22606457491001897E-01 -1.36152522123684117E-01 -1.75386450386793569E+00 -1.01398992416404732E+00 3.26680492301464065E-01 0.00000000000000000E+00 0.00000000000000000E+00 0.00000000000000000E+00 -1.75386450386793569E+00 -1.01398992416404732E+00 3.26680492301464065E-01 1.00000000000000000E+00 0.00000000000000000E+00 0.00000000000000000E+00 0.00000000000000000E+00 
-8.63630003573757909E-02 -7.57784159573813398E-01 2.93918952965934621E-01 -5.76121730848342395E-01 2.25803347405928978E+00 -8.75815132940755747E-01 1.71671858926185017E+00 0.00000000000000000E+00 0.00000000000000000E+00 0.00000000000000000E+00 2.25803347405928978E+00 -8.75815132940755747E-01 1.71671858926185017E+00 1.00000000000000000E+00 0.00000000000000000E+00 0.00000000000000000E+00 0.00000000000000000E+00 
-1.70093393394711551E-01 8.49747746651536073E-01 3.91335516150991436E-01 -3.09602193763135136E-01 -2.41425663515823175E+00 -1.11184097888292355E+00 8.79624751577847919E-01 0.00000000000000000E+00 0.00000000000000000E+00 0.00000000000000000E+00 -2.41425663515823175E+00 -1.11184097888292355E+00 8.79624751577847919E-01 1.00000000000000000E+00 0.00000000000000000E+00 0.00000000000000000E+00 0.00000000000000000E+00 
-6.42118056110634217E-01 1.38683385844290963E-01 -6.74794386977656369E-01 3.36309167003983056E-01 -3.16056206968142350E-01 1.53784069471022722E+00 -7.66440760331855264E-01 0.00000000000000000E+00 0.00000000000000000E+00 0.00000000000000000E+00 -3.16056206968142350E-01 1.53784069471022722E+00 -7.66440760331855264E-01 1.00000000000000000E+00 0.00000000000000000E+00 0.00000000000000000E+00 0.00000000000000000E+00 
4.73752915359957616E-01 2.13373051765994415E-01 -6.16998012206847246E-01 -5.91052932401833431E-01 5.22009541260174847E-01 -1.50946357398383646E+00 -1.44598986399618945E+00 0.00000000000000000E+00 0.00000000000000000E+00 0.00000000000000000E+00 5.22009541260174847E-01 -1.50946357398383646E+00 -1.44598986399618945E+00 1.00000000000000000E+00 0.00000000000000000E+00 0.00000000000000000E+00 0.00000000000000000E+00 
-5.55802844618110248E-01 -6.29347645954562163E-01 1.30282950673208359E-01 -5.27286536154442542E-01 1.48604359053863866E+00 -3.07629884768586159E-01 1.24505236885592807E+00 0.00000000000000000E+00 0.00000000000000000E+00 0.00000000000000000E+00 1.48604359053863866E+00 -3.07629884768586159E-01 1.24505236885592807E+00 1.00000000000000000E+00 0.00000000000000000E+00 0.00000000000000000E+00 0.00000000000000000E+00 
-2.71790492432801900E-01 4.21799357388255525E-01 5.68567092950645225E-01 6.51879353211652246E-01 -1.13566925086046222E+00 -1.53083249939808685E+00 -1.75514571974995870E+00 0.00000000000000000E+00 0.00000000000000000E+00 0.00000000000000000E+00 -1.13566925086046222E+00 -1.53083249939808685E+00 -1.75514571974995870E+00 1.00000000000000000E+00 0.00000000000000000E+00 0.00000000000000000E+00 0.00000000000000000E+00 
-8.35678991015645134E-01 3.50454805746471532E-01 1.26355117900236236E-01 -4.03554751284994073E-01 -7.42016141529899254E-01 -2.67531035413209661E-01 8.54444380657674252E-01 0.00000000000000000E+00 0.00000000000000000E+00 0.00000000000000000E+00 -7.42016141529899254E-01 -2.67531035413209661E-01 8.54444380657674252E-01 1.00000000000000000E+00 0.00000000000000000E+00 0.00000000000000000E+00 0.00000000000000000E+00 
-4.26257625971458332E-01 6.68984824353406338E-01 5.52387799501076637E-01 2.56186377562072354E-01 -1.67200706711033020E+00 -1.38059380561286638E+00 -6.40291704965338826E-01 0.00000000000000000E+00 0.00000000000000000E+00 0.00000000000000000E+00 -1.67200706711033020E+00 -1.38059380561286638E+00 -6.40291704965338826E-01 1.00000000000000000E+00 0.00000000000000000E+00 0.00000000000000000E+00 0.00000000000000000E+00 
-2.27740108985150236E-01 -5.60070121734048465E-01 5.33331667495440809E-01 5.91619162930658304E-01 1.54269197773643252E+00 -1.46904191634186998E+00 -1.62959261905005315E+00 0.00000000000000000E+00 0.00000000000000000E+00 0.00000000000000000E+00 1.54269197773643252E+00 -1.46904191634186998E+00 -1.62959261905005315E+00 1.00000000000000000E+00 0.00000000000000000E+00 0.00000000000000000E+00 0.00000000000000000E+00 
5.91725189978050903E-01 -4.17701320313783153E-01 -6.01407350922568917E-01 -3.37188530068654735E-01 -9.71633965113328890E-01 -1.39896088570232080E+00 -7.84349516097354704E-01 0.00000000000000000E+00 0.00000000000000000E+00 0.00000000000000000E+00 -9.71633965113328890E-01 -1.39896088570232080E+00 -7.84349516097354704E-01 1.00000000000000000E+00 0.00000000000000000E+00 0.00000000000000000E+00 0.00000000000000000E+00 
4.34685776184511319E-01 -4.32419877775128914E-01 6.98868722948231880E-01 3.68298565531443411E-01 -1.07661234035307163E+00 1.74000024070154802E+00 9.16967052082850231E-01 0.00000000000000000E+00 0.00000000000000000E+00 0.00000000000000000E+00 -1.07661234035307163E+00 1.74000024070154802E+00 9.16967052082850231E-01 1.00000000000000000E+00 0.00000000000000000E+00 0.00000000000000000E+00 0.00000000000000000E+00 
-2.78970508703882958E-02 -9.08399004632767126E-01 7.79801173855541596E-02 4.09819599613620633E-01 2.80422115524368865E+00 -2.40724058201009339E-01 -1.26511013905679404E+00 0.00000000000000000E+00 0.00000000000000000E+00 0.00000000000000000E+00 2.80422115524368865E+00 -2.40724058201009339E-01 -1.26511013905679404E+00 1.00000000000000000E+00 0.00000000000000000E+00 0.00000000000000000E+00 0.00000000000000000E+00 
-6.22730795635267564E-01 3.72837853285253318E-01 5.11983351485844729E-01 -4.59425009252252547E-01 -8.56351742199220056E-01 -1.17594775090193360E+00 1.05522924675261343E+00 0.00000000000000000E+00 0.00000000000000000E+00 0.00000000000000000E+00 -8.56351742199220056E-01 -1.17594775090193360E+00 1.05522924675261343E+00 1.00000000000000000E+00 0.00000000000000000E+00 0.00000000000000000E+00 0.00000000000000000E+00 
8.86833792086750727E-01 3.17625986759288548E-01 -2.80759065337844005E-01 -1.83885575777009175E-01 6.60355112499122376E-01 -5.83707542534375401E-01 -3.82304298581267576E-01 0.00000000000000000E+00 0.00000000000000000E+00 0.00000000000000000E+00 6.60355112499122376E-01 -5.83707542534375401E-01 -3.82304298581267576E-01 1.00000000000000000E+00 0.00000000000000000E+00 0.00000000000000000E+00 0.00000000000000000E+00 
-1.61440366246950684E-01 8.26025968870238492E-01 -4.70956246695993008E-01 -2.64231566236998061E-01 -2.35808921689291484E+00 1.34445754590633126E+00 7.54312371024344563E-01 0.00000000000000000E+00 0.00000000000000000E+00 0.00000000000000000E+00 -2.35808921689291484E+00 1.34445754590633126E+00 7.54312371024344563E-01 1.00000000000000000E+00 0.00000000000000000E+00 0.00000000000000000E+00 0.00000000000000000E+00 
-5.27516462509309947E-01 4.59048749405140122E-01 6.91384645156855160E-01 -1.81625713742768674E-01 -1.09703546466582313E+00 -1.65227217467716936E+00 4.34049432722033557E-01 0.00000000000000000E+00 0.00000000000000000E+00 0.00000000000000000E+00 -1.09703546466582313E+00 -1.65227217467716936E+00 4.34049432722033557E-01 1.00000000000000000E+00 0.00000000000000000E+00 0.00000000000000000E+00 0.00000000000000000E+00 
-8.62045096127393329E-01 -7.66800128351287913E-02 1.93312432808286749E-01 4.62199882297756159E-01 1.60825952402581324E-01 -4.05446673365837951E-01 -9.69401719203204282E-01 0.00000000000000000E+00 0.00000000000000000E+00 0.00000000000000000E+00 1.60825952402581324E-01 -4.05446673365837951E-01 -9.69401719203204282E-01 1.00000000000000000E+00 0.00000000000000000E+00 0.00000000000000000E+00 0.00000000000000000E+00 
-2.13451621271976727E-01 4.26584979283274712E-01 -7.22835316939120842E-01 4.99972764670010228E-01 -1.18391872856820402E+00 2.00611439913470857E+00 -1.38759484888889606E+00 0.00000000000000000E+00 0.00000000000000000E+00 0.00000000000000000E+00 -1.18391872856820402E+00 2.00611439913470857E+00 -1.38759484888889606E+00 1.00000000000000000E+00 0.00000000000000000E+00 0.00000000000000000E+00 0.00000000000000000E+00 
6.52539584690230434E-01 6.37743425915664019E-01 -3.98734532079157655E-01 9.21204974002456101E-02 1.44736404285577747E+00 -9.04931357853957063E-01 2.09068239873532763E-01 0.00000000000000000E+00 0.00000000000000000E+00 0.00000000000000000E+00 1.44736404285577747E+00 -9.04931357853957063E-01 2.09068239873532763E-01 1.00000000000000000E+00 0.00000000000000000E+00 0.00000000000000000E+00 0.00000000000000000E+00 
3.56987123389236716E-01 -2.53882481888383083E-01 1.87470352714166788E-01 -8.79180724298308625E-01 -6.55427113238876369E-01 4.83976488583959197E-01 -2.26970714897707060E+00 0.00000000000000000E+00 0.00000000000000000E+00 0.00000000000000000E+00 -6.55427113238876369E-01 4.83976488583959197E-01 -2.26970714897707060E+00 1.00000000000000000E+00 0.00000000000000000E+00 0.00000000000000000E+00 0.00000000000000000E+00 
2.43257341121039979E-02 -9.08640978189043658E-01 -1.37175996893235119E-02 -4.16643323328634130E-01 -2.81120061805908117E+00 -4.24402218814417878E-02 -1.28903273808542940E+00 0.00000000000000000E+00 0.00000000000000000E+00 0.00000000000000000E+00 -2.81120061805908117E+00 -4.24402218814417878E-02 -1.28903273808542940E+00 1.00000000000000000E+00 0.00000000000000000E+00 0.00000000000000000E+00 0.00000000000000000E+00 
3.22166792769588151E-02 5.45995846887233682E-01 -3.71494581495529441E-01 7.50228229725940943E-01 1.68098269132417411E+00 -1.14373756682379635E+00 2.30976238354528407E+00 0.00000000000000000E+00 0.00000000000000000E+00 0.00000000000000000E+00 1.68098269132417411E+00 -1.14373756682379635E+00 2.30976238354528407E+00 1.00000000000000000E+00 0.00000000000000000E+00 0.00000000000000000E+00 0.00000000000000000E+00 
7.92004022768731941E-01 4.86193047711996118E-01 3.53406147835189310E-01 1.07004873472935608E-01 1.04596363563861416E+00 7.60294662760583106E-01 2.30203222805236529E-01 0.00000000000000000E+00 0.00000000000000000E+00 0.00000000000000000E+00 1.04596363563861416E+00 7.60294662760583106E-01 2.30203222805236529E-01 1.00000000000000000E+00 0.00000000000000000E+00 0.00000000000000000E+00 0.00000000000000000E+00 
-1.07456168271324065E-01 -6.24349730809188319E-01 -5.90176975961363315E-01 5.00331612617111787E-01 1.83765282596161028E+00 1.73707192327489013E+00 -1.47262945184925509E+00 0.00000000000000000E+00 0.00000000000000000E+00 0.00000000000000000E+00 1.83765282596161028E+00 1.73707192327489013E+00 -1.47262945184925509E+00 1.00000000000000000E+00 0.00000000000000000E+00 0.00000000000000000E+00 0.00000000000000000E+00 
4.38088357128682770E-01 -6.46557823108331764E-01 -1.42579616030137635E-01 6.08039987022568562E-01 -1.60727507631472899E+00 -3.54438002364666049E-01 1.51152376727233517E+00 0.00000000000000000E+00 0.00000000000000000E+00 0.00000000000000000E+00 -1.60727507631472899E+00 -3.54438002364666049E-01 1.51152376727233517E+00 1.00000000000000000E+00 0.00000000000000000E+00 0.00000000000000000E+00 0.00000000000000000E+00 
-2.63875801132185617E-01 -6.34699593471106938E-01 5.68414616800294259E-01 4.52140255929765145E-01 1.71580325911592468E+00 -1.53661300884301211E+00 -1.22228489301390253E+00 0.00000000000000000E+00 0.00000000000000000E+00 0.00000000000000000E+00 1.71580325911592468E+00 -1.53661300884301211E+00 -1.22228489301390253E+00 1.00000000000000000E+00 0.00000000000000000E+00 0.00000000000000000E+00 0.00000000000000000E+00 
8.43190834194134542E-01 -3.69796327837134398E-01 3.22518857813657245E-01 -2.19684954887092415E-01 -7.80850933582206252E-01 6.81021233214019417E-01 -4.63880220555086487E-01 0.00000000000000000E+00 0.00000000000000000E+00 0.00000000000000000E+00 -7.80850933582206252E-01 6.81021233214019417E-01 -4.63880220555086487E-01 1.00000000000000000E+00 0.00000000000000000E+00 0.00000000000000000E+00 0.00000000000000000E+00 
6.41505961747098064E-01 6.98670336965936611E-01 3.04569236660240217E-01 8.69910418780819317E-02 1.59264404346136468E+00 6.94276477651799451E-01 1.98299193985074035E-01 0.00000000000000000E+00 0.00000000000000000E+00 0.00000000000000000E+00 1.59264404346136468E+00 6.94276477651799451E-01 1.98299193985074035E-01 1.00000000000000000E+00 0.00000000000000000E+00 0.00000000000000000E+00 0.00000000000000000E+00 
2.07893561087637374E-01 6.60594012917360751E-01 -3.21465650254000868E-01 -6.45798461644816135E-01 1.83880809576245174E+00 -8.94821370823633222E-01 -1.79762367851187199E+00 0.00000000000000000E+00 0.00000000000000000E+00 0.00000000000000000E+00 1.83880809576245174E+00 -8.94821370823633222E-01 -1.79762367851187199E+00 1.00000000000000000E+00 0.00000000000000000E+00 0.00000000000000000E+00 0.00000000000000000E+00 
2.79115381055219727E-02 1.09127021371136640E-01 7.54133708268013292E-01 6.46988863351744659E-01 3.36871297391259761E-01 2.32798437562706972E+00 1.99723198760967469E+00 0.00000000000000000E+00 0.00000000000000000E+00 0.00000000000000000E+00 3.36871297391259761E-01 2.32798437562706972E+00 1.99723198760967469E+00 1.00000000000000000E+00 0.00000000000000000E+00 0.00000000000000000E+00 0.00000000000000000E+00 
-3.07636031795518794E-01 3.15160946883193183E-01 -2.81011924033433891E-01 -8.52681621739218021E-01 -8.33418242293110123E-01 7.43113847408734318E-01 2.25484923006313798E+00 0.00000000000000000E+00 0.00000000000000000E+00 0.00000000000000000E+00 -8.33418242293110123E-01 7.43113847408734318E-01 2.25484923006313798E+00 1.00000000000000000E+00 0.00000000000000000E+00 0.00000000000000000E+00 0.00000000000000000E+00 
6.85300123198687161E-01 -2.38708744382070570E-01 -6.47486755650819590E-01 2.32686006790642885E-01 -5.34791854221140950E-01 -1.45059890258524171E+00 5.21298795923906155E-01 0.00000000000000000E+00 0.00000000000000000E+00 0.00000000000000000E+00 -5.34791854221140950E-01 -1.45059890258524171E+00 5.21298795923906155E-01 1.00000000000000000E+00 0.00000000000000000E+00 0.00000000000000000E+00 0.00000000000000000E+00 
-2.02532533399422510E-01 2.32360301091770555E-01 9.27829447201532487E-01 -2.10051851448761068E-01 -6.48647607724909814E-01 -2.59009111486004429E+00 5.86372243021906270E-01 0.00000000000000000E+00 0.00000000000000000E+00 0.00000000000000000E+00 -6.48647607724909814E-01 -2.59009111486004429E+00 5.86372243021906270E-01 1.00000000000000000E+00 0.00000000000000000E+00 0.00000000000000000E+00 0.00000000000000000E+00 
8.87483905642459048E-01 -4.63922705641020075E-02 9.13829749977799598E-04 -4.58496716861421016E-01 -9.64290282902562634E-02 1.89944819991788474E-03 -9.53012050145931044E-01 0.00000000000000000E+00 0.00000000000000000E+00 0.00000000000000000E+00 -9.64290282902562634E-02 1.89944819991788474E-03 -9.53012050145931044E-01 1.00000000000000000E+00 0.00000000000000000E+00 0.00000000000000000E+00 0.00000000000000000E+00 
7.66137757361085303E-02 -6.57007394438791636E-01 7.18649529023518863E-01 -2.14509830670955220E-01 -1.96906661469887379E+00 2.15380954194285223E+00 -6.42891008037561495E-01 0.00000000000000000E+00 0.00000000000000000E+00 0.00000000000000000E+00 -1.96906661469887379E+00 2.15380954194285223E+00 -6.42891008037561495E-01 1.00000000000000000E+00 0.00000000000000000E+00 0.00000000000000000E+00 0.00000000000000000E+00 
5.10593861626730927E-01 3.71834272875179561E-01 1.77877367562131489E-01 7.54581224318267574E-01 8.95113377711794334E-01 4.28202623889031131E-01 1.81649675064826943E+00 0.00000000000000000E+00 0.00000000000000000E+00 0.00000000000000000E+00 8.95113377711794334E-01 4.28202623889031131E-01 1.81649675064826943E+00 1.00000000000000000E+00 0.00000000000000000E+00 0.00000000000000000E+00 0.00000000000000000E+00 
8.90821962618002949E-01 -3.41993122928467008E-02 -2.29500362781735440E-01 3.90635663296578062E-01 -7.10018867391938174E-02 -4.76470363652341855E-01 8.11006633237910557E-01 0.00000000000000000E+00 0.00000000000000000E+00 0.00000000000000000E+00 -7.10018867391938174E-02 -4.76470363652341855E-01 8.11006633237910557E-01 1.00000000000000000E+00 0.00000000000000000E+00 0.00000000000000000E+00 0.00000000000000000E+00 
7.25269545469167387E-02 -7.16515613698438414E-01 1.49851761282204676E-01 -6.77413954558894971E-01 -2.15264455479893080E+00 4.50203138332350483E-01 -2.03517052908179119E+00 0.00000000000000000E+00 0.00000000000000000E+00 0.00000000000000000E+00 -2.15264455479893080E+00 4.50203138332350483E-01 -2.03517052908179119E+00 1.00000000000000000E+00 0.00000000000000000E+00 0.00000000000000000E+00 0.00000000000000000E+00 
4.78223158462418085E-01 -6.14636225953486992E-01 3.96352603235453349E-01 -4.86240202332512084E-01 -1.50071335342081347E+00 9.67745829520238909E-01 -1.18721795722086187E+00 0.00000000000000000E+00 0.00000000000000000E+00 0.00000000000000000E+00 -1.50071335342081347E+00 9.67745829520238909E-01 -1.18721795722086187E+00 1.00000000000000000E+00 0.00000000000000000E+00 0.00000000000000000E+00 0.00000000000000000E+00 
-8.49553565401002797E-01 9.07905246485206652E-02 4.38919539351461829E-01 2.78146468832503990E-01 -1.91272982619718812E-01 -9.24693956190229871E-01 -5.85985210512852461E-01 0.00000000000000000E+00 0.00000000000000000E+00 0.00000000000000000E+00 -1.91272982619718812E-01 -9.24693956190229871E-01 -5.85985210512852461E-01 1.00000000000000000E+00 0.00000000000000000E+00 0.00000000000000000E+00 0.00000000000000000E+00 
-5.70354900182496904E-01 4.04657309281061084E-01 1.30406151589158831E-01 7.02810063609600633E-01 -9.49678954448358814E-01 -3.06046560520197464E-01 -1.64940533897774344E+00 0.00000000000000000E+00 0.00000000000000000E+00 0.00000000000000000E+00 -9.49678954448358814E-01 -3.06046560520197464E-01 -1.64940533897774344E+00 1.00000000000000000E+00 0.00000000000000000E+00 0.00000000000000000E+00 0.00000000000000000E+00 
-5.21206231343586346E-01 -6.99460121907465759E-01 -2.73567607166722626E-01 -4.05290471858003543E-01 1.67610731962946358E+00 6.55546548579823085E-01 9.71192359908614411E-01 0.00000000000000000E+00 0.00000000000000000E+00 0.00000000000000000E+00 1.67610731962946358E+00 6.55546548579823085E-01 9.71192359908614411E-01 1.00000000000000000E+00 0.00000000000000000E+00 0.00000000000000000E+00 0.00000000000000000E+00 
9.83633378895783367E-02 -3.15284391774925898E-01 9.04581107105497662E-01 2.69542996069509821E-01 -9.32893826842229212E-01 2.67656170971905549E+00 7.97549779379224111E-01 0.00000000000000000E+00 0.00000000000000000E+00 0.00000000000000000E+00 -9.32893826842229212E-01 2.67656170971905549E+00 7.97549779379224111E-01 1.00000000000000000E+00 0.00000000000000000E+00 0.00000000000000000E+00 0.00000000000000000E+00 
8.94860208622042796E-02 4.03906656925478724E-01 7.54570754833041590E-01 -5.09386533501060113E-01 1.20134506276417818E+00 2.24433005815045039E+00 -1.51507529417363251E+00 0.00000000000000000E+00 0.00000000000000000E+00 0.00000000000000000E+00 1.20134506276417818E+00 2.24433005815045039E+00 -1.51507529417363251E+00 1.00000000000000000E+00 0.00000000000000000E+00 0.00000000000000000E+00 0.00000000000000000E+00 
-2.49771957767202207E-01 -1.99576951360057320E-01 5.73074017238404787E-01 -7.54565557367417039E-01 5.43449997654361638E-01 -1.56048617438855519E+00 2.05468941972952956E+00 0.00000000000000000E+00 0.00000000000000000E+00 0.00000000000000000E+00 5.43449997654361638E-01 -1.56048617438855519E+00 2.05468941972952956E+00 1.00000000000000000E+00 0.00000000000000000E+00 0.00000000000000000E+00 0.00000000000000000E+00 
3.33244767589964908E-01 3.42209481737475896E-01 -4.91322559039213347E-01 7.28314999476213698E-01 8.93636192832436227E-01 -1.28302587901207765E+00 1.90190125653495601E+00 0.00000000000000000E+00 0.00000000000000000E+00 0.00000000000000000E+00 8.93636192832436227E-01 -1.28302587901207765E+00 1.90190125653495601E+00 1.00000000000000000E+00 0.00000000000000000E+00 0.00000000000000000E+00 0.00000000000000000E+00 
3.57298507616901490E-02 -5.75369233037175798E-01 7.50057325498238558E-01 3.24172225684417670E-01 -1.76757991495096145E+00 2.30423558905670678E+00 9.95882786571773759E-01 0.00000000000000000E+00 0.00000000000000000E+00 0.00000000000000000E+00 -1.76757991495096145E+00 2.30423558905670678E+00 9.95882786571773759E-01 1.00000000000000000E+00 0.00000000000000000E+00 0.00000000000000000E+00 0.00000000000000000E+00 
6.73900499411565490E-01 -3.04183016611573931E-01 3.16324623663688589E-02 6.72554976654374248E-01 -6.84531956759017679E-01 7.11855369243273167E-02 1.51351439447759417E+00 0.00000000000000000E+00 0.00000000000000000E+00 0.00000000000000000E+00 -6.84531956759017679E-01 7.11855369243273167E-02 1.51351439447759417E+00 1.00000000000000000E+00 0.00000000000000000E+00 0.00000000000000000E+00 0.00000000000000000E+00 
-5.95950306415097608E-01 6.36872639161241483E-01 4.17238297799322810E-01 -2.55242387978701191E-01 -1.47888177394755593E+00 -9.68868932446160902E-01 5.92698276405283497E-01 0.00000000000000000E+00 0.00000000000000000E+00 0.00000000000000000E+00 -1.47888177394755593E+00 -9.68868932446160902E-01 5.92698276405283497E-01 1.00000000000000000E+00 0.00000000000000000E+00 0.00000000000000000E+00 0.00000000000000000E+00 
3.94739226653832154E-01 -6.38004053261006954E-01 4.45011944313389918E-01 4.88974580506673251E-01 -1.61795402809910360E+00 1.12853337557012057E+00 1.24002094990639100E+00 0.00000000000000000E+00 0.00000000000000000E+00 0.00000000000000000E+00 -1.61795402809910360E+00 1.12853337557012057E+00 1.24002094990639100E+00 1.00000000000000000E+00 0.00000000000000000E+00 0.00000000000000000E+00 0.00000000000000000E+00 
4.72166414647038180E-01 4.23800842359937424E-01 7.71324630872583517E-01 -5.01002665026959448E-02 1.03754330687359642E+00 1.88834619518974445E+00 -1.22654773154763058E-01 0.00000000000000000E+00 0.00000000000000000E+00 0.00000000000000000E+00 1.03754330687359642E+00 1.88834619518974445E+00 -1.22654773154763058E-01 1.00000000000000000E+00 0.00000000000000000E+00 0.00000000000000000E+00 0.00000000000000000E+00 
6.97852867301338220E-01 1.01834437448040535E-01 2.09591802201582494E-01 6.77275718890640865E-01 2.27031685906441932E-01 4.67268061752428132E-01 1.50993172974215994E+00 0.00000000000000000E+00 0.00000000000000000E+00 0.00000000000000000E+00 2.27031685906441932E-01 4.67268061752428132E-01 1.50993172974215994E+00 1.00000000000000000E+00 0.00000000000000000E+00 0.00000000000000000E+00 0.00000000000000000E+00 
7.24458609938796877E-02 2.90180029788878635E-01 6.04473765806276098E-01 -7.38348572144999937E-01 8.71836785689830585E-01 1.81612244439354931E+00 -2.21834509537376778E+00 0.00000000000000000E+00 0.00000000000000000E+00 0.00000000000000000E+00 8.71836785689830585E-01 1.81612244439354931E+00 -2.21834509537376778E+00 1.00000000000000000E+00 0.00000000000000000E+00 0.00000000000000000E+00 0.00000000000000000E+00 
3.28629311756395592E-01 7.61920406876631429E-01 -4.66009236698610996E-01 3.07108222538967190E-01 1.99413904617013427E+00 -1.21966442477384462E+00 8.03780148736746525E-01 0.00000000000000000E+00 0.00000000000000000E+00 0.00000000000000000E+00 1.99413904617013427E+00 -1.21966442477384462E+00 8.03780148736746525E-01 1.00000000000000000E+00 0.00000000000000000E+00 0.00000000000000000E+00 0.00000000000000000E+00 
3.95078359621688635E-01 1.42882722295127537E-02 3.72772930177108996E-01 -8.39493464871825745E-01 3.62287823316088595E-02 9.45188412536499545E-01 -2.12858668417788488E+00 0.00000000000000000E+00 0.00000000000000000E+00 0.00000000000000000E+00 3.62287823316088595E-02 9.45188412536499545E-01 -2.12858668417788488E+00 1.00000000000000000E+00 0.00000000000000000E+00 0.00000000000000000E+00 0.00000000000000000E+00 
-4.76853386872962359E-01 1.30363764963017575E-01 4.02344532648490738E-01 7.70542025628920157E-01 -3.18492734950068468E-01 -9.82971078134921683E-01 -1.88251725628007560E+00 0.00000000000000000E+00 0.00000000000000000E+00 0.00000000000000000E+00 -3.18492734950068468E-01 -9.82971078134921683E-01 -1.88251725628007560E+00 1.00000000000000000E+00 0.00000000000000000E+00 0.00000000000000000E+00 0.00000000000000000E+00 
-4.72613363404335921E-02 6.38055725107268046E-01 -1.22378679005225643E-01 -7.58732308966799329E-01 -1.94635290661814042E+00 3.73309239643395019E-01 2.31447000127513025E+00 0.00000000000000000E+00 0.00000000000000000E+00 0.00000000000000000E+00 -1.94635290661814042E+00 3.73309239643395019E-01 2.31447000127513025E+00 1.00000000000000000E+00 0.00000000000000000E+00 0.00000000000000000E+00 0.00000000000000000E+00 
-9.85032892176219976E-03 -4.38915198296096487E-01 -8.72903867082120755E-01 -2.12826827627323689E-01 1.37031218614171624E+00 2.72524353459714108E+00 6.64454538297535868E-01 0.00000000000000000E+00 0.00000000000000000E+00 0.00000000000000000E+00 1.37031218614171624E+00 2.72524353459714108E+00 6.64454538297535868E-01 1.00000000000000000E+00 0.00000000000000000E+00 0.00000000000000000E+00 0.00000000000000000E+00 
6.81198673943048338E-01 -1.20455677035523248E-01 6.54374987665267249E-01 -3.05372186038983751E-01 -2.70296941919959344E-01 1.46838706475138570E+00 -6.85240995402883635E-01 0.00000000000000000E+00 0.00000000000000000E+00 0.00000000000000000E+00 -2.70296941919959344E-01 1.46838706475138570E+00 -6.85240995402883635E-01 1.00000000000000000E+00 0.00000000000000000E+00 0.00000000000000000E+00 0.00000000000000000E+00 
-7.29829523476104081E-01 -5.53025707028104718E-01 1.56998943448891287E-01 -3.69949680071005926E-01 1.21784033663084390E+00 -3.45733740241424004E-01 8.14681193276338034E-01 0.00000000000000000E+00 0.00000000000000000E+00 0.00000000000000000E+00 1.21784033663084390E+00 -3.45733740241424004E-01 8.14681193276338034E-01 1.00000000000000000E+00 0.00000000000000000E+00 0.00000000000000000E+00 0.00000000000000000E+00 
-7.04827150132994351E-01 -4.42234551989639624E-01 -1.57734301241946984E-01 -5.31758572731685253E-01 9.83264481869063456E-01 3.50706509217477924E-01 1.18231222581790130E+00 0.00000000000000000E+00 0.00000000000000000E+00 0.00000000000000000E+00 9.83264481869063456E-01 3.50706509217477924E-01 1.18231222581790130E+00 1.00000000000000000E+00 0.00000000000000000E+00 0.00000000000000000E+00 0.00000000000000000E+00 
-8.15862243480472649E-01 5.19891927423210776E-01 1.76751797631638369E-02 2.52524793799595915E-01 -1.10870986634554192E+00 -3.76936920139912673E-02 -5.38528712631027973E-01 0.00000000000000000E+00 0.00000000000000000E+00 0.00000000000000000E+00 -1.10870986634554192E+00 -3.76936920139912673E-02 -5.38528712631027973E-01 1.00000000000000000E+00 0.00000000000000000E+00 0.00000000000000000E+00 0.00000000000000000E+00 
-1.65656596596772065E-01 9.11151896222055724E-01 2.55141868665687943E-01 -2.77961761522528994E-01 -2.59504792123879202E+00 -7.26668493636667412E-01 7.91661735451317905E-01 0.00000000000000000E+00 0.00000000000000000E+00 0.00000000000000000E+00 -2.59504792123879202E+00 -7.26668493636667412E-01 7.91661735451317905E-01 1.00000000000000000E+00 0.00000000000000000E+00 0.00000000000000000E+00 0.00000000000000000E+00 
6.90416740284850006E-01 -7.00032724591371780E-01 1.65733605461802769E-01 -7.62317601545063478E-02 -1.56518974333154448E+00 3.70560589928980888E-01 -1.70445130518137367E-01 0.00000000000000000E+00 0.00000000000000000E+00 0.00000000000000000E+00 -1.56518974333154448E+00 3.70560589928980888E-01 -1.70445130518137367E-01 1.00000000000000000E+00 0.00000000000000000E+00 0.00000000000000000E+00 0.00000000000000000E+00 
2.78815581288819725E-01 6.54311878421857007E-01 -5.45931621233026396E-02 -7.00826243826540241E-01 1.75542801682657812E+00 -1.46465881911765239E-01 -1.88021960767042606E+00 0.00000000000000000E+00 0.00000000000000000E+00 0.00000000000000000E+00 1.75542801682657812E+00 -1.46465881911765239E-01 -1.88021960767042606E+00 1.00000000000000000E+00 0.00000000000000000E+00 0.00000000000000000E+00 0.00000000000000000E+00 
5.31257640115495811E-01 4.26320354127891821E-01 5.17690898931575272E-01 -5.17699148771369688E-01 1.01719039690278334E+00 1.23519838041604713E+00 -1.23521806434090209E+00 0.00000000000000000E+00 0.00000000000000000E+00 0.00000000000000000E+00 1.01719039690278334E+00 1.23519838041604713E+00 -1.23521806434090209E+00 1.00000000000000000E+00 0.00000000000000000E+00 0.00000000000000000E+00 0.00000000000000000E+00 
-3.78802140880210636E-01 3.27092307096089718E-01 6.08179557404785132E-01 -6.16147049540972880E-01 -8.35718689154149930E-01 -1.55389476138111915E+00 1.57425165128481459E+00 0.00000000000000000E+00 0.00000000000000000E+00 0.00000000000000000E+00 -8.35718689154149930E-01 -1.55389476138111915E+00 1.57425165128481459E+00 1.00000000000000000E+00 0.00000000000000000E+00 0.00000000000000000E+00 0.00000000000000000E+00 
-1.44492194380045017E-02 -9.75338440186882205E-01 8.50299277495712574E-02 -2.03165101674364579E-01 3.03624630950522789E+00 -2.64699712109843943E-01 6.32456657876468986E-01 0.00000000000000000E+00 0.00000000000000000E+00 0.00000000000000000E+00 3.03624630950522789E+00 -2.64699712109843943E-01 6.32456657876468986E-01 1.00000000000000000E+00 0.00000000000000000E+00 0.00000000000000000E+00 0.00000000000000000E+00 
-9.91330545467251772E-02 -4.96339385999595040E-01 4.33964571916935327E-01 7.45315102304207944E-01 1.46795787833751890E+00 -1.28348007479171455E+00 -2.20432068687832983E+00 0.00000000000000000E+00 0.00000000000000000E+00 0.00000000000000000E+00 1.46795787833751890E+00 -1.28348007479171455E+00 -2.20432068687832983E+00 1.00000000000000000E+00 0.00000000000000000E+00 0.00000000000000000E+00 0.00000000000000000E+00 
-5.78136996991516772E-01 -2.71838341674537909E-01 -2.19961074588353650E-01 7.37210047660234125E-01 6.35904013328738915E-01 5.14548938332997863E-01 -1.72453534363700856E+00 0.00000000000000000E+00 0.00000000000000000E+00 0.00000000000000000E+00 6.35904013328738915E-01 5.14548938332997863E-01 -1.72453534363700856E+00 1.00000000000000000E+00 0.00000000000000000E+00 0.00000000000000000E+00 0.00000000000000000E+00 
-6.36666161151965726E-01 7.50189884379757421E-01 -1.08987577127002896E-01 1.41396763224237360E-01 -1.71340980189104175E+00 2.48924154833353978E-01 -3.22945703625928948E-01 0.00000000000000000E+00 0.00000000000000000E+00 0.00000000000000000E+00 -1.71340980189104175E+00 2.48924154833353978E-01 -3.22945703625928948E-01 1.00000000000000000E+00 0.00000000000000000E+00 0.00000000000000000E+00 0.00000000000000000E+00 
-3.90049696013701763E-01 4.53174370593197151E-01 -3.56063543587710529E-01 7.18131587806051686E-01 -1.15175450796170420E+00 9.04944802838593243E-01 -1.82515020097593461E+00 0.00000000000000000E+00 0.00000000000000000E+00 0.00000000000000000E+00 -1.15175450796170420E+00 9.04944802838593243E-01 -1.82515020097593461E+00 1.00000000000000000E+00 0.00000000000000000E+00 0.00000000000000000E+00 0.00000000000000000E+00 
-3.12549811301564007E-01 5.63604791596914900E-01 -5.79460094038525941E-01 4.98887015025664238E-01 -1.48678976775377802E+00 1.52861606480855583E+00 -1.31606423555012775E+00 0.00000000000000000E+00 0.00000000000000000E+00 0.00000000000000000E+00 -1.48678976775377802E+00 1.52861606480855583E+00 -1.31606423555012775E+00 1.00000000000000000E+00 0.00000000000000000E+00 0.00000000000000000E+00 0.00000000000000000E+00 
6.54866893096251346E-01 6.79526688265853385E-01 -1.87579081375539580E-01 -2.72409472102592920E-01 1.54076349712203453E+00 -4.25318102140592902E-01 -6.17663114832291194E-01 0.00000000000000000E+00 0.00000000000000000E+00 0.00000000000000000E+00 1.54076349712203453E+00 -4.25318102140592902E-01 -6.17663114832291194E-01 1.00000000000000000E+00 0.00000000000000000E+00 0.00000000000000000E+00 0.00000000000000000E+00 
-6.80010683360985468E-01 -6.82264525027334812E-01 2.68231895239571971E-01 -1.23385080272291735E-02 1.53168320455800888E+00 -6.02180347642661595E-01 2.76999386914539153E-02 0.00000000000000000E+00 0.00000000000000000E+00 0.00000000000000000E+00 1.53168320455800888E+00 -6.02180347642661595E-01 2.76999386914539153E-02 1.00000000000000000E+00 0.00000000000000000E+00 0.00000000000000000E+00 0.00000000000000000E+00 
-4.16986650306217510E-01 -4.05088414833865484E-01 -7.25860066479883992E-01 -3.67631165060315290E-01 1.01675725528521133E+00 1.82188248759941818E+00 9.22740914467597761E-01 0.00000000000000000E+00 0.00000000000000000E+00 0.00000000000000000E+00 1.01675725528521133E+00 1.82188248759941818E+00 9.22740914467597761E-01 1.00000000000000000E+00 0.00000000000000000E+00 0.00000000000000000E+00 0.00000000000000000E+00 
-6.21361958127936487E-01 -6.14197004926973045E-01 -4.44570846156524424E-01 -1.97555356489831524E-01 1.41149980251584650E+00 1.02167815297120690E+00 4.54006360230459871E-01 0.00000000000000000E+00 0.00000000000000000E+00 0.00000000000000000E+00 1.41149980251584650E+00 1.02167815297120690E+00 4.54006360230459871E-01 1.00000000000000000E+00 0.00000000000000000E+00 0.00000000000000000E+00 0.00000000000000000E+00 
8.33161296437882282E-01 3.04677964922128175E-01 2.63134779096884153E-01 -3.79174998962868881E-01 6.45680197107145415E-01 5.57640970447094264E-01 -8.03555938582631635E-01 0.00000000000000000E+00 0.00000000000000000E+00 0.00000000000000000E+00 6.45680197107145415E-01 5.57640970447094264E-01 -8.03555938582631635E-01 1.00000000000000000E+00 0.00000000000000000E+00 0.00000000000000000E+00 0.00000000000000000E+00 
1.07901635283556077E-02 -7.81600967619169751E-01 -4.42694931970413694E-02 6.22112298351259252E-01 -2.43874629894053863E+00 -1.38129387197562709E-01 1.94111078156796668E+00 0.00000000000000000E+00 0.00000000000000000E+00 0.00000000000000000E+00 -2.43874629894053863E+00 -1.38129387197562709E-01 1.94111078156796668E+00 1.00000000000000000E+00 0.00000000000000000E+00 0.00000000000000000E+00 0.00000000000000000E+00 
-7.35463219449589367E-01 6.60723959146716083E-02 -9.87744127619077927E-02 6.67062146069225093E-01 -1.45188646416072459E-01 2.17048634167349347E-01 -1.46581410772914578E+00 0.00000000000000000E+00 0.00000000000000000E+00 0.00000000000000000E+00 -1.45188646416072459E-01 2.17048634167349347E-01 -1.46581410772914578E+00 1.00000000000000000E+00 0.00000000000000000E+00 0.00000000000000000E+00 0.00000000000000000E+00 
-7.81044079679834469E-01 5.28075100027729505E-01 3.13985753952744084E-01 1.11891825628644206E-01 -1.14068678961723147E+00 -6.78235731325136149E-01 -2.41695787879502605E-01 0.00000000000000000E+00 0.00000000000000000E+00 0.00000000000000000E+00 -1.14068678961723147E+00 -6.78235731325136149E-01 -2.41695787879502605E-01 1.00000000000000000E+00 0.00000000000000000E+00 0.00000000000000000E+00 0.00000000000000000E+00 
5.36905685192275772E-01 3.58481572713424845E-01 -4.47025277963277734E-01 -6.19186278994437012E-01 8.53268591091487116E-01 -1.06402297396449153E+00 -1.47380575213867360E+00 0.00000000000000000E+00 0.00000000000000000E+00 0.00000000000000000E+00 8.53268591091487116E-01 -1.06402297396449153E+00 -1.47380575213867360E+00 1.00000000000000000E+00 0.00000000000000000E+00 0.00000000000000000E+00 0.00000000000000000E+00 
-2.14485063128051628E-01 9.39630292630346586E-01 2.02575819245192218E-01 -1.73361207666259981E-01 -2.60636321548898753E+00 -5.61908409902581285E-01 4.80872400770761099E-01 0.00000000000000000E+00 0.00000000000000000E+00 0.00000000000000000E+00 -2.60636321548898753E+00 -5.61908409902581285E-01 4.80872400770761099E-01 1.00000000000000000E+00 0.00000000000000000E+00 0.00000000000000000E+00 0.00000000000000000E+00 
4.01898667118789823E-03 3.01011881493123967E-01 2.30599191015998184E-01 9.25310600851883436E-01 9.43244801344851891E-01 7.22601005120581452E-01 2.89953476106476415E+00 0.00000000000000000E+00 0.00000000000000000E+00 0.00000000000000000E+00 9.43244801344851891E-01 7.22601005120581452E-01 2.89953476106476415E+00 1.00000000000000000E+00 0.00000000000000000E+00 0.00000000000000000E+00 0.00000000000000000E+00 
6.34499412834747645E-01 6.82857386325231075E-01 4.38028568079585623E-02 -3.59440669358513432E-01 1.56098415864681361E+00 1.00131545693103424E-01 -8.21666722917770542E-01 0.00000000000000000E+00 0.00000000000000000E+00 0.00000000000000000E+00 1.56098415864681361E+00 1.00131545693103424E-01 -8.21666722917770542E-01 1.00000000000000000E+00 0.00000000000000000E+00 0.00000000000000000E+00 0.00000000000000000E+00 
-5.20549450879502107E-01 -8.24713597030003881E-02 5.56519587590424414E-01 6.42271510068733620E-01 1.97680934168974004E-01 -1.33395778066946158E+00 -1.53950210785582264E+00 0.00000000000000000E+00 0.00000000000000000E+00 0.00000000000000000E+00 1.97680934168974004E-01 -1.33395778066946158E+00 -1.53950210785582264E+00 1.00000000000000000E+00 0.00000000000000000E+00 0.00000000000000000E+00 0.00000000000000000E+00 
6.36789458231067584E-01 1.56927966771188421E-01 -7.45499634648341014E-01 1.18756447698786322E-01 3.58400717389597445E-01 -1.70261304832443128E+00 2.71222503710534080E-01 0.00000000000000000E+00 0.00000000000000000E+00 0.00000000000000000E+00 3.58400717389597445E-01 -1.70261304832443128E+00 2.71222503710534080E-01 1.00000000000000000E+00 0.00000000000000000E+00 0.00000000000000000E+00 0.00000000000000000E+00 
9.39437198372906623E-01 3.09454248468414905E-01 -1.07834545468866422E-01 -1.00337078000286017E-01 6.31713523361442819E-01 -2.20131218089158642E-01 -2.04826042560608240E-01 0.00000000000000000E+00 0.00000000000000000E+00 0.00000000000000000E+00 6.31713523361442819E-01 -2.20131218089158642E-01 -2.04826042560608240E-01 1.00000000000000000E+00 0.00000000000000000E+00 0.00000000000000000E+00 0.00000000000000000E+00 
-5.02490451148695061E-01 -6.26061743658346770E-01 5.37568709883715190E-01 2.58011476073854829E-01 1.51242535706015224E+00 -1.29864595022105345E+00 -6.23298105625135546E-01 0.00000000000000000E+00 0.00000000000000000E+00 0.00000000000000000E+00 1.51242535706015224E+00 -1.29864595022105345E+00 -6.23298105625135546E-01 1.00000000000000000E+00 0.00000000000000000E+00 0.00000000000000000E+00 0.00000000000000000E+00 
3.26072137598270362E-01 -4.17263148675741935E-01 -7.68090089941530940E-01 -3.60008388197985252E-01 -1.09344916418708404E+00 -2.01280048221947316E+00 -9.43411543590049972E-01 0.00000000000000000E+00 0.00000000000000000E+00 0.00000000000000000E+00 -1.09344916418708404E+00 -2.01280048221947316E+00 -9.43411543590049972E-01 1.00000000000000000E+00 0.00000000000000000E+00 0.00000000000000000E+00 0.00000000000000000E+00 
-3.18216064503484497E-01 -1.48026881253411319E-01 1.74313534663450620E-01 9.20022483611915187E-01 3.89406018516995134E-01 -4.58556844082359805E-01 -2.42025157360516285E+00 0.00000000000000000E+00 0.00000000000000000E+00 0.00000000000000000E+00 3.89406018516995134E-01 -4.58556844082359805E-01 -2.42025157360516285E+00 1.00000000000000000E+00 0.00000000000000000E+00 0.00000000000000000E+00 0.00000000000000000E+00 
-6.47321764999448379E-01 -4.68830338741758113E-01 9.26711350465986017E-02 5.93788436029586641E-01 1.06623132046859470E+00 -2.10756127590293024E-01 -1.35041565340237435E+00 0.00000000000000000E+00 0.00000000000000000E+00 0.00000000000000000E+00 1.06623132046859470E+00 -2.10756127590293024E-01 -1.35041565340237435E+00 1.00000000000000000E+00 0.00000000000000000E+00 0.00000000000000000E+00 0.00000000000000000E+00 
6.36603117248392913E-01 -5.16012787055539546E-01 -2.65120046768422789E-02 -5.72507107652663438E-01 -1.17858663401647346E+00 -6.05541086130979914E-02 -1.30762113243181077E+00 0.00000000000000000E+00 0.00000000000000000E+00 0.00000000000000000E+00 -1.17858663401647346E+00 -6.05541086130979914E-02 -1.30762113243181077E+00 1.00000000000000000E+00 0.00000000000000000E+00 0.00000000000000000E+00 0.00000000000000000E+00 
-5.21402091126458744E-01 6.40104439689327731E-01 5.23997851359630618E-01 2.09361929274303499E-01 -1.53374479534578412E+00 -1.25554351362610417E+00 -5.01649027030438344E-01 0.00000000000000000E+00 0.00000000000000000E+00 0.00000000000000000E+00 -1.53374479534578412E+00 -1.25554351362610417E+00 -5.01649027030438344E-01 1.00000000000000000E+00 0.00000000000000000E+00 0.00000000000000000E+00 0.00000000000000000E+00 
-5.66950270613746032E-01 7.33334346577218521E-01 -1.57013524062535659E-01 3.40785680512881439E-01 -1.72349386926599846E+00 3.69015643923797376E-01 -8.00919844868804964E-01 0.00000000000000000E+00 0.00000000000000000E+00 0.00000000000000000E+00 -1.72349386926599846E+00 3.69015643923797376E-01 -8.00919844868804964E-01 1.00000000000000000E+00 0.00000000000000000E+00 0.00000000000000000E+00 0.00000000000000000E+00 
-5.62537176410086576E-02 2.35595009680769907E-01 3.69006611297988785E-01 8.97309663094886578E-01 -7.14755172263617511E-01 -1.11950327123688598E+00 -2.72228483824096923E+00 0.00000000000000000E+00 0.00000000000000000E+00 0.00000000000000000E+00 -7.14755172263617511E-01 -1.11950327123688598E+00 -2.72228483824096923E+00 1.00000000000000000E+00 0.00000000000000000E+00 0.00000000000000000E+00 0.00000000000000000E+00 
3.42952861021329880E-01 -7.34639303524727505E-01 4.67397102518486485E-01 3.52460462167476729E-01 -1.90940418702843906E+00 1.21481382805394578E+00 9.16081509654630755E-01 0.00000000000000000E+00 0.00000000000000000E+00 0.00000000000000000E+00 -1.90940418702843906E+00 1.21481382805394578E+00 9.16081509654630755E-01 1.00000000000000000E+00 0.00000000000000000E+00 0.00000000000000000E+00 0.00000000000000000E+00 
6.57400926521115814E-01 5.92206269008182962E-01 1.46570468287620659E-01 4.42304029579805524E-01 1.34142068836903139E+00 3.32000299142788446E-01 1.00187351414062920E+00 0.00000000000000000E+00 0.00000000000000000E+00 0.00000000000000000E+00 1.34142068836903139E+00 3.32000299142788446E-01 1.00187351414062920E+00 1.00000000000000000E+00 0.00000000000000000E+00 0.00000000000000000E+00 0.00000000000000000E+00 
3.33581451957516706E-02 6.13313883984807240E-01 7.83180863820812978E-01 9.67525111067126936E-02 1.88690690759168800E+00 2.40951561741218345E+00 2.97666474380058332E-01 0.00000000000000000E+00 0.00000000000000000E+00 0.00000000000000000E+00 1.88690690759168800E+00 2.40951561741218345E+00 2.97666474380058332E-01 1.00000000000000000E+00 0.00000000000000000E+00 0.00000000000000000E+00 0.00000000000000000E+00 
6.81068912087726130E-02 -5.52295269613414130E-01 -5.95122514872901132E-01 -5.79793565697202529E-01 -1.66366122396153160E+00 -1.79266835327692697E+00 -1.74649345417714397E+00 0.00000000000000000E+00 0.00000000000000000E+00 0.00000000000000000E+00 -1.66366122396153160E+00 -1.79266835327692697E+00 -1.74649345417714397E+00 1.00000000000000000E+00 0.00000000000000000E+00 0.00000000000000000E+00 0.00000000000000000E+00 
7.71346035719007950E-01 -4.42589928980512554E-02 -6.23136534619030957E-01 -1.21520755228094288E-01 -9.59490368240277364E-02 -1.35089721639804838E+00 -2.63444752236498936E-01 0.00000000000000000E+00 0.00000000000000000E+00 0.00000000000000000E+00 -9.59490368240277364E-02 -1.35089721639804838E+00 -2.63444752236498936E-01 1.00000000000000000E+00 0.00000000000000000E+00 0.00000000000000000E+00 0.00000000000000000E+00 
4.29391855951347323E-01 -4.30510370194334691E-01 7.34958893967332272E-01 -3.00198066909348860E-01 -1.07444464727180278E+00 1.83427091252538754E+00 -7.49218203423284046E-01 0.00000000000000000E+00 0.00000000000000000E+00 0.00000000000000000E+00 -1.07444464727180278E+00 1.83427091252538754E+00 -7.49218203423284046E-01 1.00000000000000000E+00 0.00000000000000000E+00 0.00000000000000000E+00 0.00000000000000000E+00 
6.95079122902293178E-02 -1.38817000174464411E-01 -6.84984425217764037E-01 7.11824998016159838E-01 -4.17803635043606458E-01 -2.06162777213566439E+00 2.14241102539519712E+00 0.00000000000000000E+00 0.00000000000000000E+00 0.00000000000000000E+00 -4.17803635043606458E-01 -2.06162777213566439E+00 2.14241102539519712E+00 1.00000000000000000E+00 0.00000000000000000E+00 0.00000000000000000E+00 0.00000000000000000E+00 
-7.35706014666101082E-01 2.42885930774149397E-02 4.64325797738163792E-01 -4.92491906314469541E-01 -5.33672517170837718E-02 -1.02022342947768840E+00 1.08211041492354965E+00 0.00000000000000000E+00 0.00000000000000000E+00 0.00000000000000000E+00 -5.33672517170837718E-02 -1.02022342947768840E+00 1.08211041492354965E+00 1.00000000000000000E+00 0.00000000000000000E+00 0.00000000000000000E+00 0.00000000000000000E+00 
6.10301763984898216E-01 -6.25643237553310638E-01 3.47106486033044059E-01 -3.40028504003010601E-01 -1.44428756702802463E+00 8.01289859973264518E-01 -7.84950449855762789E-01 0.00000000000000000E+00 0.00000000000000000E+00 0.00000000000000000E+00 -1.44428756702802463E+00 8.01289859973264518E-01 -7.84950449855762789E-01 1.00000000000000000E+00 0.00000000000000000E+00 0.00000000000000000E+00 0.00000000000000000E+00 
-5.13778001054950639E-01 -8.42944177744971435E-01 3.46837490736461584E-02 1.55802170678168983E-01 2.02641816120577412E+00 -8.33789245802282891E-02 -3.74544787843641702E-01 0.00000000000000000E+00 0.00000000000000000E+00 0.00000000000000000E+00 2.02641816120577412E+00 -8.33789245802282891E-02 -3.74544787843641702E-01 1.00000000000000000E+00 0.00000000000000000E+00 0.00000000000000000E+00 0.00000000000000000E+00 
-7.09472724606709626E-01 3.27893395928501641E-01 5.53335162827557347E-01 -2.88018352755874563E-01 -7.27730788482975455E-01 -1.22807912370293537E+00 6.39231608660713602E-01 0.00000000000000000E+00 0.00000000000000000E+00 0.00000000000000000E+00 -7.27730788482975455E-01 -1.22807912370293537E+00 6.39231608660713602E-01 1.00000000000000000E+00 0.00000000000000000E+00 0.00000000000000000E+00 0.00000000000000000E+00 
-2.13792642420877393E-01 5.41359251363708771E-01 3.40967050509262015E-01 -7.38216998907934907E-01 -1.50218424852444921E+00 -9.46128344995693982E-01 2.04843261652779507E+00 0.00000000000000000E+00 0.00000000000000000E+00 0.00000000000000000E+00 -1.50218424852444921E+00 -9.46128344995693982E-01 2.04843261652779507E+00 1.00000000000000000E+00 0.00000000000000000E+00 0.00000000000000000E+00 0.00000000000000000E+00 
-2.34966534185574644E-01 6.68474588037287876E-01 -3.83512965161357577E-01 5.92326142014972024E-01 -1.83432651077265474E+00 1.05237807361686397E+00 -1.62537150217166504E+00 0.00000000000000000E+00 0.00000000000000000E+00 0.00000000000000000E+00 -1.83432651077265474E+00 1.05237807361686397E+00 -1.62537150217166504E+00 1.00000000000000000E+00 0.00000000000000000E+00 0.00000000000000000E+00 0.00000000000000000E+00 
-3.96415486134992917E-02 3.21001905961995349E-01 -9.36639251202086021E-01 -1.34511104002179943E-01 -9.83773814698717164E-01 2.87051619332353436E+00 4.12235876005132840E-01 0.00000000000000000E+00 0.00000000000000000E+00 0.00000000000000000E+00 -9.83773814698717164E-01 2.87051619332353436E+00 4.12235876005132840E-01 1.00000000000000000E+00 0.00000000000000000E+00 0.00000000000000000E+00 0.00000000000000000E+00 
-9.69769655098485922E-02 -4.89807654017295646E-01 8.44623631947375775E-01 -1.93118747361820720E-01 1.45046304319566266E+00 -2.50117643834553993E+00 5.71880826481878102E-01 0.00000000000000000E+00 0.00000000000000000E+00 0.00000000000000000E+00 1.45046304319566266E+00 -2.50117643834553993E+00 5.71880826481878102E-01 1.00000000000000000E+00 0.00000000000000000E+00 0.00000000000000000E+00 0.00000000000000000E+00 
1.08635702467374792E-01 7.85510525196955189E-01 2.94825627816073965E-01 5.33150399171829603E-01 2.31042155972295715E+00 8.67170413400024209E-01 1.56815489711310940E+00 0.00000000000000000E+00 0.00000000000000000E+00 0.00000000000000000E+00 2.31042155972295715E+00 8.67170413400024209E-01 1.56815489711310940E+00 1.00000000000000000E+00 0.00000000000000000E+00 0.00000000000000000E+00 0.00000000000000000E+00 
7.69295045775293507E-01 2.63447145309289810E-01 -5.80370637100020681E-01 -4.41662514380721793E-02 5.71564572480547706E-01 -1.25914932456335538E+00 -9.58213633009138560E-02 0.00000000000000000E+00 0.00000000000000000E+00 0.00000000000000000E+00 5.71564572480547706E-01 -1.25914932456335538E+00 -9.58213633009138560E-02 1.00000000000000000E+00 0.00000000000000000E+00 0.00000000000000000E+00 0.00000000000000000E+00 
6.49527586916258781E-01 -5.16084567530430416E-01 5.35957249502338584E-01 -1.56590100892613021E-01 -1.17266546835851049E+00 1.21782087384494431E+00 -3.55809523393111393E-01 0.00000000000000000E+00 0.00000000000000000E+00 0.00000000000000000E+00 -1.17266546835851049E+00 1.21782087384494431E+00 -3.55809523393111393E-01 1.00000000000000000E+00 0.00000000000000000E+00 0.00000000000000000E+00 0.00000000000000000E+00 
-1.05095492634760465E-01 -3.66526328839042070E-01 6.18226409259389431E-01 -6.87320518091722121E-01 1.08027578445054973E+00 -1.82212017714017493E+00 2.02576364487189675E+00 0.00000000000000000E+00 0.00000000000000000E+00 0.00000000000000000E+00 1.08027578445054973E+00 -1.82212017714017493E+00 2.02576364487189675E+00 1.00000000000000000E+00 0.00000000000000000E+00 0.00000000000000000E+00 0.00000000000000000E+00 
4.75720377213870171E-01 2.97919617586030139E-01 5.75875095520023028E-01 5.94392041098037449E-01 7.28214773779627178E-01 1.40763054077275096E+00 1.45289212322389516E+00 0.00000000000000000E+00 0.00000000000000000E+00 0.00000000000000000E+00 7.28214773779627178E-01 1.40763054077275096E+00 1.45289212322389516E+00 1.00000000000000000E+00 0.00000000000000000E+00 0.00000000000000000E+00 0.00000000000000000E+00 
-4.70793592662378302E-01 8.07672352563266971E-01 1.88517215523882099E-02 -3.54490305378693860E-01 -1.97853745035845829E+00 -4.61806535493711340E-02 8.68387215131041668E-01 0.00000000000000000E+00 0.00000000000000000E+00 0.00000000000000000E+00 -1.97853745035845829E+00 -4.61806535493711340E-02 8.68387215131041668E-01 1.00000000000000000E+00 0.00000000000000000E+00 0.00000000000000000E+00 0.00000000000000000E+00 
-8.45995864238856532E-02 3.12984346104107497E-02 9.13707700913758525E-01 -3.96234217677800815E-01 -9.33596171531314162E-02 -2.72548458761583134E+00 1.18192092754266187E+00 0.00000000000000000E+00 0.00000000000000000E+00 0.00000000000000000E+00 -9.33596171531314162E-02 -2.72548458761583134E+00 1.18192092754266187E+00 1.00000000000000000E+00 0.00000000000000000E+00 0.00000000000000000E+00 0.00000000000000000E+00 
-4.66744952911770872E-01 4.52641794635388506E-01 -6.99541184102185465E-01 -2.96490617769864240E-01 -1.11082467137951379E+00 1.71673852294768481E+00 7.27615295261488937E-01 0.00000000000000000E+00 0.00000000000000000E+00 0.00000000000000000E+00 -1.11082467137951379E+00 1.71673852294768481E+00 7.27615295261488937E-01 1.00000000000000000E+00 0.00000000000000000E+00 0.00000000000000000E+00 0.00000000000000000E+00 
7.04801260927503281E-01 -4.04610240121501374E-01 4.97730448240512657E-01 3.03001876360726230E-01 -8.99619582752213542E-01 1.10666516506043155E+00 6.73701242714269122E-01 0.00000000000000000E+00 0.00000000000000000E+00 0.00000000000000000E+00 -8.99619582752213542E-01 1.10666516506043155E+00 6.73701242714269122E-01 1.00000000000000000E+00 0.00000000000000000E+00 0.00000000000000000E+00 0.00000000000000000E+00 
8.09825324917728961E-01 4.22456581941476061E-01 -4.01090345794985981E-01 -6.95694904845361173E-02 9.02910655020437547E-01 -8.57244891723083602E-01 -1.48689917278960804E-01 0.00000000000000000E+00 0.00000000000000000E+00 0.00000000000000000E+00 9.02910655020437547E-01 -8.57244891723083602E-01 -1.48689917278960804E-01 1.00000000000000000E+00 0.00000000000000000E+00 0.00000000000000000E+00 0.00000000000000000E+00 
-1.00370062769666465E-01 7.43119003804936784E-01 5.86310051207853622E-01 -3.06497178675784576E-01 -2.19624243233676841E+00 -1.73280323390335167E+00 9.05833528348249595E-01 0.00000000000000000E+00 0.00000000000000000E+00 0.00000000000000000E+00 -2.19624243233676841E+00 -1.73280323390335167E+00 9.05833528348249595E-01 1.00000000000000000E+00 0.00000000000000000E+00 0.00000000000000000E+00 0.00000000000000000E+00 
1.91433616722693489E-01 -4.34272224450178643E-02 -5.99589500955942212E-01 7.75860604156818900E-01 -1.21956024671521973E-01 -1.68381830230907292E+00 2.17883782694157135E+00 0.00000000000000000E+00 0.00000000000000000E+00 0.00000000000000000E+00 -1.21956024671521973E-01 -1.68381830230907292E+00 2.17883782694157135E+00 1.00000000000000000E+00 0.00000000000000000E+00 0.00000000000000000E+00 0.00000000000000000E+00 
-1.06804156178259377E-01 -5.36619242104027921E-02 5.31892160985099727E-01 -8.38334061812883613E-01 1.58003134262752087E-01 -1.56611284000774043E+00 2.46840588135266747E+00 0.00000000000000000E+00 0.00000000000000000E+00 0.00000000000000000E+00 1.58003134262752087E-01 -1.56611284000774043E+00 2.46840588135266747E+00 1.00000000000000000E+00 0.00000000000000000E+00 0.00000000000000000E+00 0.00000000000000000E+00 
8.39296801687588023E-01 1.49149152264916651E-01 -1.61366945378599198E-02 5.22565800780183332E-01 3.15380824388969028E-01 -3.41215752753583346E-02 1.10498270050377245E+00 0.00000000000000000E+00 0.00000000000000000E+00 0.00000000000000000E+00 3.15380824388969028E-01 -3.41215752753583346E-02 1.10498270050377245E+00 1.00000000000000000E+00 0.00000000000000000E+00 0.00000000000000000E+00 0.00000000000000000E+00 
-1.89607482499049074E-01 4.73583587112908766E-01 -7.77438527561629344E-01 -3.67908853468421837E-01 -1.33127218712776796E+00 2.18542685411436732E+00 1.03421410147772619E+00 0.00000000000000000E+00 0.00000000000000000E+00 0.00000000000000000E+00 -1.33127218712776796E+00 2.18542685411436732E+00 1.03421410147772619E+00 1.00000000000000000E+00 0.00000000000000000E+00 0.00000000000000000E+00 0.00000000000000000E+00 
-3.90774188809243528E-01 -8.88240004786880144E-01 2.41044686729039920E-01 -1.49226759121698395E-02 2.25671992174013791E+00 -6.12413698594393430E-01 3.79135141799264996E-02 0.00000000000000000E+00 0.00000000000000000E+00 0.00000000000000000E+00 2.25671992174013791E+00 -6.12413698594393430E-01 3.79135141799264996E-02 1.00000000000000000E+00 0.00000000000000000E+00 0.00000000000000000E+00 0.00000000000000000E+00 
-3.52213175755914487E-01 -6.62592139753703568E-01 -3.71326261247964362E-01 5.46840326665975041E-01 1.71447885293410396E+00 9.60818857110749436E-01 -1.41496724719507361E+00 0.00000000000000000E+00 0.00000000000000000E+00 0.00000000000000000E+00 1.71447885293410396E+00 9.60818857110749436E-01 -1.41496724719507361E+00 1.00000000000000000E+00 0.00000000000000000E+00 0.00000000000000000E+00 0.00000000000000000E+00 
-1.80482022892893612E-01 5.07592692508472498E-01 5.67178207495893649E-01 6.22964508512510284E-01 -1.43396535616173515E+00 -1.60229631419575314E+00 -1.75989437300725382E+00 0.00000000000000000E+00 0.00000000000000000E+00 0.00000000000000000E+00 -1.43396535616173515E+00 -1.60229631419575314E+00 -1.75989437300725382E+00 1.00000000000000000E+00 0.00000000000000000E+00 0.00000000000000000E+00 0.00000000000000000E+00 
5.02983595190216848E-01 -6.41907278890343602E-01 -4.62576628811929902E-01 -3.47829571419838668E-01 -1.55037182249243854E+00 -1.11724199839782901E+00 -8.40098226477754673E-01 0.00000000000000000E+00 0.00000000000000000E+00 0.00000000000000000E+00 -1.55037182249243854E+00 -1.11724199839782901E+00 -8.40098226477754673E-01 1.00000000000000000E+00 0.00000000000000000E+00 0.00000000000000000E+00 0.00000000000000000E+00 
-6.12687935366619696E-01 1.13613837148968944E-01 -3.65998331890768303E-01 6.91195059963286673E-01 -2.62020680266321637E-01 8.44079685228978027E-01 -1.59406111397184613E+00 0.00000000000000000E+00 0.00000000000000000E+00 0.00000000000000000E+00 -2.62020680266321637E-01 8.44079685228978027E-01 -1.59406111397184613E+00 1.00000000000000000E+00 0.00000000000000000E+00 0.00000000000000000E+00 0.00000000000000000E+00 
-3.49313968309995782E-01 -9.48178707228873319E-02 6.08411264470046564E-01 -7.06275481806540206E-01 2.45686570489577039E-01 -1.57648000187364867E+00 1.83006008912660945E+00 0.00000000000000000E+00 0.00000000000000000E+00 0.00000000000000000E+00 2.45686570489577039E-01 -1.57648000187364867E+00 1.83006008912660945E+00 1.00000000000000000E+00 0.00000000000000000E+00 0.00000000000000000E+00 0.00000000000000000E+00 
-6.66113516997317467E-01 2.25662259205684140E-01 6.71172987226848816E-01 2.34299271148331045E-01 -5.09391366960447511E-01 -1.51505053008792956E+00 -5.28887845172643867E-01 0.00000000000000000E+00 0.00000000000000000E+00 0.00000000000000000E+00 -5.09391366960447511E-01 -1.51505053008792956E+00 -5.28887845172643867E-01 1.00000000000000000E+00 0.00000000000000000E+00 0.00000000000000000E+00 0.00000000000000000E+00 
-3.87951862707124617E-01 -4.58757455834582328E-01 -4.26620502115770295E-01 -6.76039862813386128E-01 1.16709037365967250E+00 1.08533316438284699E+00 1.71986221927301841E+00 0.00000000000000000E+00 0.00000000000000000E+00 0.00000000000000000E+00 1.16709037365967250E+00 1.08533316438284699E+00 1.71986221927301841E+00 1.00000000000000000E+00 0.00000000000000000E+00 0.00000000000000000E+00 0.00000000000000000E+00 
-7.38650649135373372E-01 -2.64453336157291941E-01 2.92397513101830597E-01 -5.46775407145415171E-01 5.80410618991937910E-01 -6.41741276692369023E-01 1.20003875588123732E+00 0.00000000000000000E+00 0.00000000000000000E+00 0.00000000000000000E+00 5.80410618991937910E-01 -6.41741276692369023E-01 1.20003875588123732E+00 1.00000000000000000E+00 0.00000000000000000E+00 0.00000000000000000E+00 0.00000000000000000E+00 
3.32409572320930435E-01 -4.41778987294087433E-01 -4.21483346819853444E-01 7.18809426043065969E-01 -1.15411835539208241E+00 -1.10109733836901835E+00 1.87784203523672844E+00 0.00000000000000000E+00 0.00000000000000000E+00 0.00000000000000000E+00 -1.15411835539208241E+00 -1.10109733836901835E+00 1.87784203523672844E+00 1.00000000000000000E+00 0.00000000000000000E+00 0.00000000000000000E+00 0.00000000000000000E+00 
1.35582228062429595E-02 -6.31176269923250155E-01 -5.56155866893452422E-01 5.40484359255752111E-01 -1.96596365664089179E+00 -1.73229298033192824E+00 1.68347996892984386E+00 0.00000000000000000E+00 0.00000000000000000E+00 0.00000000000000000E+00 -1.96596365664089179E+00 -1.73229298033192824E+00 1.68347996892984386E+00 1.00000000000000000E+00 0.00000000000000000E+00 0.00000000000000000E+00 0.00000000000000000E+00 
-5.13570429659450878E-01 4.82574796390711547E-01 -5.77239527472787062E-01 4.12506372788183528E-01 -1.16020267303006164E+00 1.38779490301086827E+00 -9.91744699330089796E-01 0.00000000000000000E+00 0.00000000000000000E+00 0.00000000000000000E+00 -1.16020267303006164E+00 1.38779490301086827E+00 -9.91744699330089796E-01 1.00000000000000000E+00 0.00000000000000000E+00 0.00000000000000000E+00 0.00000000000000000E+00 
-3.01686798617309959E-01 -8.54776781008433906E-01 -2.13964415676540058E-02 4.21762874702291235E-01 2.26707805929739070E+00 5.67486205788601678E-02 -1.11861877943818944E+00 0.00000000000000000E+00 0.00000000000000000E+00 0.00000000000000000E+00 2.26707805929739070E+00 5.67486205788601678E-02 -1.11861877943818944E+00 1.00000000000000000E+00 0.00000000000000000E+00 0.00000000000000000E+00 0.00000000000000000E+00 
-6.21737550825719829E-03 -5.04765886485758819E-01 -7.45293927160066150E-01 -4.35556777263724215E-01 1.57952265132546454E+00 2.33218739887614923E+00 1.36295223993070413E+00 0.00000000000000000E+00 0.00000000000000000E+00 0.00000000000000000E+00 1.57952265132546454E+00 2.33218739887614923E+00 1.36295223993070413E+00 1.00000000000000000E+00 0.00000000000000000E+00 0.00000000000000000E+00 0.00000000000000000E+00 
6.55269224190895699E-02 -5.05936223616022973E-01 -6.22044901942610196E-01 -5.93965403065404574E-01 -1.52637357379376493E+00 -1.87666519161697809E+00 -1.79195134222068253E+00 0.00000000000000000E+00 0.00000000000000000E+00 0.00000000000000000E+00 -1.52637357379376493E+00 -1.87666519161697809E+00 -1.79195134222068253E+00 1.00000000000000000E+00 0.00000000000000000E+00 0.00000000000000000E+00 0.00000000000000000E+00 
2.52952893445186122E-01 8.24696651640165590E-01 -2.39494080549397192E-01 4.45570254677089661E-01 2.24197168576416406E+00 -6.51074484699313949E-01 1.21130101961494363E+00 0.00000000000000000E+00 0.00000000000000000E+00 0.00000000000000000E+00 2.24197168576416406E+00 -6.51074484699313949E-01 1.21130101961494363E+00 1.00000000000000000E+00 0.00000000000000000E+00 0.00000000000000000E+00 0.00000000000000000E+00 
-5.68722952786894997E-01 -5.84635812504272434E-01 -5.14601140732695472E-01 -2.64463297391969332E-01 1.37300162223524835E+00 1.20852706234949792E+00 6.21085004672380148E-01 0.00000000000000000E+00 0.00000000000000000E+00 0.00000000000000000E+00 1.37300162223524835E+00 1.20852706234949792E+00 6.21085004672380148E-01 1.00000000000000000E+00 0.00000000000000000E+00 0.00000000000000000E+00 0.00000000000000000E+00 
5.81541806579748410E-01 -5.60066997808745692E-01 -5.51264332215510189E-01 2.10337160750183078E-01 -1.30829776112102691E+00 -1.28773502892544056E+00 4.91340567408310391E-01 0.00000000000000000E+00 0.00000000000000000E+00 0.00000000000000000E+00 -1.30829776112102691E+00 -1.28773502892544056E+00 4.91340567408310391E-01 1.00000000000000000E+00 0.00000000000000000E+00 0.00000000000000000E+00 0.00000000000000000E+00 
5.94724961791106344E-01 4.53477591298837246E-01 4.83488292452318280E-01 -4.54861918689521916E-01 1.05355144578105731E+00 1.12327444465867399E+00 -1.05676761379437156E+00 0.00000000000000000E+00 0.00000000000000000E+00 0.00000000000000000E+00 1.05355144578105731E+00 1.12327444465867399E+00 -1.05676761379437156E+00 1.00000000000000000E+00 0.00000000000000000E+00 0.00000000000000000E+00 0.00000000000000000E+00 
-1.50696464912454586E-01 -8.76236786403089218E-01 -4.17116292048885229E-02 -4.55806767836931304E-01 2.51641481718293747E+00 1.19789266336207290E-01 1.30900565024836935E+00 0.00000000000000000E+00 0.00000000000000000E+00 0.00000000000000000E+00 2.51641481718293747E+00 1.19789266336207290E-01 1.30900565024836935E+00 1.00000000000000000E+00 0.00000000000000000E+00 0.00000000000000000E+00 0.00000000000000000E+00 
-6.21495895887692384E-01 2.84395245988586398E-01 5.33405293141987480E-01 -4.98338227213161344E-01 -6.53539551713291700E-01 -1.22576400653160666E+00 1.14517997824603790E+00 0.00000000000000000E+00 0.00000000000000000E+00 0.00000000000000000E+00 -6.53539551713291700E-01 -1.22576400653160666E+00 1.14517997824603790E+00 1.00000000000000000E+00 0.00000000000000000E+00 0.00000000000000000E+00 0.00000000000000000E+00 
-6.93090690175499180E-01 4.48506260226619380E-01 9.98839750000245219E-03 5.64240783393901935E-01 -1.00176215162289450E+00 -2.23096073749592914E-02 -1.26026125236348596E+00 0.00000000000000000E+00 0.00000000000000000E+00 0.00000000000000000E+00 -1.00176215162289450E+00 -2.23096073749592914E-02 -1.26026125236348596E+00 1.00000000000000000E+00 0.00000000000000000E+00 0.00000000000000000E+00 0.00000000000000000E+00 
4.61990007106286293E-01 3.33146463314674901E-01 -6.79091051662365608E-01 4.63048605296419835E-01 8.19307337899979782E-01 -1.67008911393922044E+00 1.13877576951901816E+00 0.00000000000000000E+00 0.00000000000000000E+00 0.00000000000000000E+00 8.19307337899979782E-01 -1.67008911393922044E+00 1.13877576951901816E+00 1.00000000000000000E+00 0.00000000000000000E+00 0.00000000000000000E+00 0.00000000000000000E+00 
-1.60004408770238110E-01 -5.20045773057221661E-01 5.64035214913975569E-01 6.21140289657939215E-01 1.48577664611013582E+00 -1.61145497823455264E+00 -1.77460482162270239E+00 0.00000000000000000E+00 0.00000000000000000E+00 0.00000000000000000E+00 1.48577664611013582E+00 -1.61145497823455264E+00 -1.77460482162270239E+00 1.00000000000000000E+00 0.00000000000000000E+00 0.00000000000000000E+00 0.00000000000000000E+00 
-5.40813082173071003E-01 7.26067484512291528E-01 -4.41768320674992554E-02 4.22369063252668486E-01 -1.72533527617826588E+00 1.04976256865513679E-01 -1.00366461787735051E+00 0.00000000000000000E+00 0.00000000000000000E+00 0.00000000000000000E+00 -1.72533527617826588E+00 1.04976256865513679E-01 -1.00366461787735051E+00 1.00000000000000000E+00 0.00000000000000000E+00 0.00000000000000000E+00 0.00000000000000000E+00 
6.95691629851261317E-01 -1.22020300238132859E-01 -4.95261258165198337E-01 -5.05806770066708600E-01 -2.72263017912714955E-01 -1.10507288164470130E+00 -1.12860300646931133E+00 0.00000000000000000E+00 0.00000000000000000E+00 0.00000000000000000E+00 -2.72263017912714955E-01 -1.10507288164470130E+00 -1.12860300646931133E+00 1.00000000000000000E+00 0.00000000000000000E+00 0.00000000000000000E+00 0.00000000000000000E+00 
-1.40739043822652121E-01 -3.10153314850702799E-01 9.10062568477774780E-01 -2.36185444696835001E-01 8.95698340766148626E-01 -2.62818900701191493E+00 6.82084958627327431E-01 0.00000000000000000E+00 0.00000000000000000E+00 0.00000000000000000E+00 8.95698340766148626E-01 -2.62818900701191493E+00 6.82084958627327431E-01 1.00000000000000000E+00 0.00000000000000000E+00 0.00000000000000000E+00 0.00000000000000000E+00 
-6.88747395982810429E-01 6.58513900431989763E-01 1.22260715219221841E-01 -2.77558615392910490E-01 -1.47331787243969159E+00 -2.73538488271201474E-01 6.20992310776928513E-01 0.00000000000000000E+00 0.00000000000000000E+00 0.00000000000000000E+00 -1.47331787243969159E+00 -2.73538488271201474E-01 6.20992310776928513E-01 1.00000000000000000E+00 0.00000000000000000E+00 0.00000000000000000E+00 0.00000000000000000E+00 
-6.69770032412577709E-01 3.47450238481595147E-02 7.22163719649777769E-01 1.69353030741829030E-01 -7.83173873694441025E-02 -1.62780074704039146E+00 -3.81731984665187429E-01 0.00000000000000000E+00 0.00000000000000000E+00 0.00000000000000000E+00 -7.83173873694441025E-02 -1.62780074704039146E+00 -3.81731984665187429E-01 1.00000000000000000E+00 0.00000000000000000E+00 0.00000000000000000E+00 0.00000000000000000E+00 
-1.42205562572914335E-01 7.85001575969361043E-01 -4.34910160474276178E-02 6.01380607620584207E-01 -2.26515300085588933E+00 1.25495041699059395E-01 -1.73530745632728811E+00 0.00000000000000000E+00 0.00000000000000000E+00 0.00000000000000000E+00 -2.26515300085588933E+00 1.25495041699059395E-01 -1.73530745632728811E+00 1.00000000000000000E+00 0.00000000000000000E+00 0.00000000000000000E+00 0.00000000000000000E+00 
-6.89060397374633871E-01 6.82073403224679242E-01 -1.50760695278448209E-01 -1.92984077432763135E-01 -1.52584201544207620E+00 3.37261359328125732E-01 4.31717777391825652E-01 0.00000000000000000E+00 0.00000000000000000E+00 0.00000000000000000E+00 -1.52584201544207620E+00 3.37261359328125732E-01 4.31717777391825652E-01 1.00000000000000000E+00 0.00000000000000000E+00 0.00000000000000000E+00 0.00000000000000000E+00 
-7.16866089359459835E-01 4.01412782629460285E-01 -4.50458253851338641E-01 -3.49368214646597952E-01 -8.88367418221917560E-01 9.96910046982887321E-01 7.73187482524430703E-01 0.00000000000000000E+00 0.00000000000000000E+00 0.00000000000000000E+00 -8.88367418221917560E-01 9.96910046982887321E-01 7.73187482524430703E-01 1.00000000000000000E+00 0.00000000000000000E+00 0.00000000000000000E+00 0.00000000000000000E+00 
5.63660576893906140E-01 -4.96562059442452852E-01 1.78985732647108126E-01 -6.35355792203610159E-01 -1.16863761797562482E+00 4.21235284240598251E-01 -1.49528274552738427E+00 0.00000000000000000E+00 0.00000000000000000E+00 0.00000000000000000E+00 -1.16863761797562482E+00 4.21235284240598251E-01 -1.49528274552738427E+00 1.00000000000000000E+00 0.00000000000000000E+00 0.00000000000000000E+00 0.00000000000000000E+00 
8.36489873351653923E-01 -4.51298261274044876E-01 3.08819523868333556E-01 -3.52855895358671554E-02 -9.55251776010915377E-01 6.53670585411220695E-01 -7.46881274848550242E-02 0.00000000000000000E+00 0.00000000000000000E+00 0.00000000000000000E+00 -9.55251776010915377E-01 6.53670585411220695E-01 -7.46881274848550242E-02 1.00000000000000000E+00 0.00000000000000000E+00 0.00000000000000000E+00 0.00000000000000000E+00 
3.80293685802621018E-01 -6.90359391630248065E-01 9.58035084176557666E-02 -6.07949266552267109E-01 -1.76262388338890807E+00 2.44605279650998958E-01 -1.55221455680250919E+00 0.00000000000000000E+00 0.00000000000000000E+00 0.00000000000000000E+00 -1.76262388338890807E+00 2.44605279650998958E-01 -1.55221455680250919E+00 1.00000000000000000E+00 0.00000000000000000E+00 0.00000000000000000E+00 0.00000000000000000E+00 
3.73526840612742828E-01 5.94863489127475442E-01 5.42236342290862289E-02 7.09700589076787125E-01 1.52366543517613273E+00 1.38886784538876734E-01 1.81780572629616399E+00 0.00000000000000000E+00 0.00000000000000000E+00 0.00000000000000000E+00 1.52366543517613273E+00 1.38886784538876734E-01 1.81780572629616399E+00 1.00000000000000000E+00 0.00000000000000000E+00 0.00000000000000000E+00 0.00000000000000000E+00 
6.35404237083480976E-03 -3.03700091772851177E-01 6.56444146741877566E-01 6.90512101712229209E-01 -9.50261687792400833E-01 2.05397936886676380E+00 2.16057621643694908E+00 0.00000000000000000E+00 0.00000000000000000E+00 0.00000000000000000E+00 -9.50261687792400833E-01 2.05397936886676380E+00 2.16057621643694908E+00 1.00000000000000000E+00 0.00000000000000000E+00 0.00000000000000000E+00 0.00000000000000000E+00 
-5.25318631678914905E-01 -7.10435642717463511E-01 4.60091716694522646E-01 8.73907603623199081E-02 1.69940163405965405E+00 -1.10056501694824593E+00 -2.09043567118020496E-01 0.00000000000000000E+00 0.00000000000000000E+00 0.00000000000000000E+00 1.69940163405965405E+00 -1.10056501694824593E+00 -2.09043567118020496E-01 1.00000000000000000E+00 0.00000000000000000E+00 0.00000000000000000E+00 0.00000000000000000E+00 
4.14743468354635325E-01 5.86498462092071571E-01 -6.89329297056179291E-01 -9.39815388298994026E-02 1.47361009552773359E+00 -1.73197830333876612E+00 -2.36133857741011866E-01 0.00000000000000000E+00 0.00000000000000000E+00 0.00000000000000000E+00 1.47361009552773359E+00 -1.73197830333876612E+00 -2.36133857741011866E-01 1.00000000000000000E+00 0.00000000000000000E+00 0.00000000000000000E+00 0.00000000000000000E+00 
-6.78732530167735826E-01 2.87028000192095567E-01 -5.12753558869293746E-01 4.40477998842965568E-01 -6.44700828611780685E-01 1.15170869760244643E+00 -9.89368739806797737E-01 0.00000000000000000E+00 0.00000000000000000E+00 0.00000000000000000E+00 -6.44700828611780685E-01 1.15170869760244643E+00 -9.89368739806797737E-01 1.00000000000000000E+00 0.00000000000000000E+00 0.00000000000000000E+00 0.00000000000000000E+00 
-5.76764387930033484E-01 1.85671453478418402E-01 -7.09649719181230543E-01 3.59536129262284065E-01 -4.34584230852384790E-01 1.66101235061874108E+00 -8.41533414382706679E-01 0.00000000000000000E+00 0.00000000000000000E+00 0.00000000000000000E+00 -4.34584230852384790E-01 1.66101235061874108E+00 -8.41533414382706679E-01 1.00000000000000000E+00 0.00000000000000000E+00 0.00000000000000000E+00 0.00000000000000000E+00 
5.72297319287729755E-01 2.50617793114560505E-01 -7.04036156894385479E-01 -3.37638253010303646E-01 5.87691130180351351E-01 -1.65094345294134670E+00 -7.91751471584626665E-01 0.00000000000000000E+00 0.00000000000000000E+00 0.00000000000000000E+00 5.87691130180351351E-01 -1.65094345294134670E+00 -7.91751471584626665E-01 1.00000000000000000E+00 0.00000000000000000E+00 0.00000000000000000E+00 0.00000000000000000E+00 
-8.44941133299000752E-02 7.53928787170066395E-01 -5.78173960347885041E-01 -3.00278204777684521E-01 -2.24902251799444519E+00 1.72473352691744553E+00 8.95750972373498988E-01 0.00000000000000000E+00 0.00000000000000000E+00 0.00000000000000000E+00 -2.24902251799444519E+00 1.72473352691744553E+00 8.95750972373498988E-01 1.00000000000000000E+00 0.00000000000000000E+00 0.00000000000000000E+00 0.00000000000000000E+00 
7.64877409327999080E-01 -4.71619804236943885E-01 4.38706491058915515E-01 -8.59788659896411865E-03 -1.02490047581253263E+00 9.53374916381655502E-01 -1.86844954073076761E-02 0.00000000000000000E+00 0.00000000000000000E+00 0.00000000000000000E+00 -1.02490047581253263E+00 9.53374916381655502E-01 -1.86844954073076761E-02 1.00000000000000000E+00 0.00000000000000000E+00 0.00000000000000000E+00 0.00000000000000000E+00 
6.47508186835843325E-01 7.24890271709867529E-01 -2.09024392979907714E-01 -1.07592030840272024E-01 1.64844953929747962E+00 -4.75335616653956849E-01 -2.44671560086426126E-01 0.00000000000000000E+00 0.00000000000000000E+00 0.00000000000000000E+00 1.64844953929747962E+00 -4.75335616653956849E-01 -2.44671560086426126E-01 1.00000000000000000E+00 0.00000000000000000E+00 0.00000000000000000E+00 0.00000000000000000E+00 
2.13420035362410332E-01 2.21986325176795340E-01 -9.42214610218275683E-01 -1.31930240019611206E-01 6.16098062312347539E-01 -2.61501061011547309E+00 -3.66157533225303200E-01 0.00000000000000000E+00 0.00000000000000000E+00 0.00000000000000000E+00 6.16098062312347539E-01 -2.61501061011547309E+00 -3.66157533225303200E-01 1.00000000000000000E+00 0.00000000000000000E+00 0.00000000000000000E+00 0.00000000000000000E+00 
-2.90622882395070614E-01 4.57311759420385489E-01 3.75818768574121942E-01 7.51774266726151663E-01 -1.21962707269809245E+00 -1.00228943415319049E+00 -2.00494351909748758E+00 0.00000000000000000E+00 0.00000000000000000E+00 0.00000000000000000E+00 -1.21962707269809245E+00 -1.00228943415319049E+00 -2.00494351909748758E+00 1.00000000000000000E+00 0.00000000000000000E+00 0.00000000000000000E+00 0.00000000000000000E+00 
1.94492645567907463E-01 4.06643863539279449E-01 -1.52646045136788644E-01 8.79495630443916321E-01 1.14008741460859953E+00 -4.27966214553287316E-01 2.46579867391878027E+00 0.00000000000000000E+00 0.00000000000000000E+00 0.00000000000000000E+00 1.14008741460859953E+00 -4.27966214553287316E-01 2.46579867391878027E+00 1.00000000000000000E+00 0.00000000000000000E+00 0.00000000000000000E+00 0.00000000000000000E+00 
1.28087086330584049E-01 7.82557921634847165E-01 6.03213894298694431E-01 8.56142238585002324E-02 2.27620410269320717E+00 1.75455120067765957E+00 2.49023672507841021E-01 0.00000000000000000E+00 0.00000000000000000E+00 0.00000000000000000E+00 2.27620410269320717E+00 1.75455120067765957E+00 2.49023672507841021E-01 1.00000000000000000E+00 0.00000000000000000E+00 0.00000000000000000E+00 0.00000000000000000E+00 
6.75561997645965251E-01 4.27513506565171675E-01 -4.00356729803602818E-01 -4.47842246714073189E-01 9.61445665669882654E-01 -9.00372120834417422E-01 -1.00716347061532985E+00 0.00000000000000000E+00 0.00000000000000000E+00 0.00000000000000000E+00 9.61445665669882654E-01 -9.00372120834417422E-01 -1.00716347061532985E+00 1.00000000000000000E+00 0.00000000000000000E+00 0.00000000000000000E+00 0.00000000000000000E+00 
-6.26113358577563006E-01 2.65360252735605706E-01 -6.07551419274324767E-01 4.10423283229123415E-01 -6.08658201394986720E-01 1.39354387214473685E+00 -9.41390034135073273E-01 0.00000000000000000E+00 0.00000000000000000E+00 0.00000000000000000E+00 -6.08658201394986720E-01 1.39354387214473685E+00 -9.41390034135073273E-01 1.00000000000000000E+00 0.00000000000000000E+00 0.00000000000000000E+00 0.00000000000000000E+00 
-6.43435423929307526E-01 -1.90780172253755028E-04 -4.46298398635117666E-01 6.21939352518851019E-01 4.34554223483707154E-04 1.01656713991717407E+00 -1.41663763689399547E+00 0.00000000000000000E+00 0.00000000000000000E+00 0.00000000000000000E+00 4.34554223483707154E-04 1.01656713991717407E+00 -1.41663763689399547E+00 1.00000000000000000E+00 0.00000000000000000E+00 0.00000000000000000E+00 0.00000000000000000E+00 
-6.53629125882265072E-01 5.38231323429990027E-01 3.33400090728331655E-01 -4.14632834902794456E-01 -1.22099065694523201E+00 -7.56326096388806546E-01 9.40604523446838203E-01 0.00000000000000000E+00 0.00000000000000000E+00 0.00000000000000000E+00 -1.22099065694523201E+00 -7.56326096388806546E-01 9.40604523446838203E-01 1.00000000000000000E+00 0.00000000000000000E+00 0.00000000000000000E+00 0.00000000000000000E+00 
-4.54447269438631007E-01 2.40804140153619617E-01 5.84363863670404271E-01 6.27702095122236625E-01 -5.94212729148636765E-01 -1.44198702740706741E+00 -1.54892924514070018E+00 0.00000000000000000E+00 0.00000000000000000E+00 0.00000000000000000E+00 -5.94212729148636765E-01 -1.44198702740706741E+00 -1.54892924514070018E+00 1.00000000000000000E+00 0.00000000000000000E+00 0.00000000000000000E+00 0.00000000000000000E+00 
7.83496123211993134E-01 -5.29089059846024723E-01 2.77204374410063126E-01 1.71336880066588620E-01 -1.14183728696633979E+00 5.98240097619297084E-01 3.69765419737549395E-01 0.00000000000000000E+00 0.00000000000000000E+00 0.00000000000000000E+00 -1.14183728696633979E+00 5.98240097619297084E-01 3.69765419737549395E-01 1.00000000000000000E+00 0.00000000000000000E+00 0.00000000000000000E+00 0.00000000000000000E+00 
1.20156267913433146E-01 5.84705325240661322E-01 4.38440646754455654E-01 6.71901743702055243E-01 1.70843121169553536E+00 1.28106527007084470E+00 1.96320755187371931E+00 0.00000000000000000E+00 0.00000000000000000E+00 0.00000000000000000E+00 1.70843121169553536E+00 1.28106527007084470E+00 1.96320755187371931E+00 1.00000000000000000E+00 0.00000000000000000E+00 0.00000000000000000E+00 0.00000000000000000E+00 
-2.00851992993154704E-01 3.40038905294151872E-01 9.18674667750284835E-01 8.29907410114082839E-03 -9.50094660841653060E-01 -2.56684715569526478E+00 -2.31882466113760601E-02 0.00000000000000000E+00 0.00000000000000000E+00 0.00000000000000000E+00 -9.50094660841653060E-01 -2.56684715569526478E+00 -2.31882466113760601E-02 1.00000000000000000E+00 0.00000000000000000E+00 0.00000000000000000E+00 0.00000000000000000E+00 
-6.59850404663314016E-01 -1.77044593798488747E-01 4.95633484773444100E-01 -5.36283604116069679E-01 4.00638237320913471E-01 -1.12158028345596072E+00 1.21356836290475179E+00 0.00000000000000000E+00 0.00000000000000000E+00 0.00000000000000000E+00 4.00638237320913471E-01 -1.12158028345596072E+00 1.21356836290475179E+00 1.00000000000000000E+00 0.00000000000000000E+00 0.00000000000000000E+00 0.00000000000000000E+00 
-1.65842315222208020E-01 -2.64123621448226542E-01 -7.49089138693961543E-01 5.84465996757339679E-01 7.52172318841744958E-01 2.13325908292927435E+00 -1.66444463261039299E+00 0.00000000000000000E+00 0.00000000000000000E+00 0.00000000000000000E+00 7.52172318841744958E-01 2.13325908292927435E+00 -1.66444463261039299E+00 1.00000000000000000E+00 0.00000000000000000E+00 0.00000000000000000E+00 0.00000000000000000E+00 
-5.04478662366548147E-01 -4.20813121417781710E-01 4.61186722400795390E-01 5.96426360199390437E-01 1.01571158546675910E+00 -1.11316086206559084E+00 -1.43958715424859096E+00 0.00000000000000000E+00 0.00000000000000000E+00 0.00000000000000000E+00 1.01571158546675910E+00 -1.11316086206559084E+00 -1.43958715424859096E+00 1.00000000000000000E+00 0.00000000000000000E+00 0.00000000000000000E+00 0.00000000000000000E+00 
3.68722759763249530E-01 -5.87877337778215492E-01 -6.24152963061517352E-01 -3.58994207280422806E-01 -1.50920495454425430E+00 -1.60233212561987126E+00 -9.21613747398272398E-01 0.00000000000000000E+00 0.00000000000000000E+00 0.00000000000000000E+00 -1.50920495454425430E+00 -1.60233212561987126E+00 -9.21613747398272398E-01 1.00000000000000000E+00 0.00000000000000000E+00 0.00000000000000000E+00 0.00000000000000000E+00 
-6.05345695511594117E-01 -7.84202647657091245E-01 4.22629289209405998E-02 1.29601856360994472E-01 1.81398955156714758E+00 -9.77610974794035775E-02 -2.99790384545285282E-01 0.00000000000000000E+00 0.00000000000000000E+00 0.00000000000000000E+00 1.81398955156714758E+00 -9.77610974794035775E-02 -2.99790384545285282E-01 1.00000000000000000E+00 0.00000000000000000E+00 0.00000000000000000E+00 0.00000000000000000E+00 
-5.10041370343643274E-01 -5.65117355829330537E-01 4.04268564318564894E-01 -5.07017852330912233E-01 1.36072768957359069E+00 -9.73425119257118276E-01 1.22083178592583330E+00 0.00000000000000000E+00 0.00000000000000000E+00 0.00000000000000000E+00 1.36072768957359069E+00 -9.73425119257118276E-01 1.22083178592583330E+00 1.00000000000000000E+00 0.00000000000000000E+00 0.00000000000000000E+00 0.00000000000000000E+00 
6.18739582260725896E-01 1.97185248031041260E-01 1.96096400746013338E-01 -7.34728187098615426E-01 4.53638248993799842E-01 4.51133280793927394E-01 -1.69029281657690778E+00 0.00000000000000000E+00 0.00000000000000000E+00 0.00000000000000000E+00 4.53638248993799842E-01 4.51133280793927394E-01 -1.69029281657690778E+00 1.00000000000000000E+00 0.00000000000000000E+00 0.00000000000000000E+00 0.00000000000000000E+00 
-1.26976640860912548E-02 7.72459604975587188E-01 5.12281770027359085E-01 -3.75116403407465937E-01 -2.40733010338944808E+00 -1.59649943953181439E+00 1.16903072261819085E+00 0.00000000000000000E+00 0.00000000000000000E+00 0.00000000000000000E+00 -2.40733010338944808E+00 -1.59649943953181439E+00 1.16903072261819085E+00 1.00000000000000000E+00 0.00000000000000000E+00 0.00000000000000000E+00 0.00000000000000000E+00 
3.49526522968231390E-01 8.05253775745499861E-02 6.69752137576159923E-01 -6.50214539610103781E-01 2.08631348938884797E-01 1.73524541114822206E+00 -1.68462589787850470E+00 0.00000000000000000E+00 0.00000000000000000E+00 0.00000000000000000E+00 2.08631348938884797E-01 1.73524541114822206E+00 -1.68462589787850470E+00 1.00000000000000000E+00 0.00000000000000000E+00 0.00000000000000000E+00 0.00000000000000000E+00 
1.57961493828109562E-01 -7.94204470543400820E-01 -5.72661083014490369E-01 -1.27854250758977633E-01 -2.27162377155597683E+00 -1.63795417612122129E+00 -3.65695190710590312E-01 0.00000000000000000E+00 0.00000000000000000E+00 0.00000000000000000E+00 -2.27162377155597683E+00 -1.63795417612122129E+00 -3.65695190710590312E-01 1.00000000000000000E+00 0.00000000000000000E+00 0.00000000000000000E+00 0.00000000000000000E+00 
-5.22529644268715954E-01 1.83440205882372774E-02 -6.16056604723435930E-01 5.89152380582222301E-01 -4.39325253458700063E-02 1.47540841830813174E+00 -1.41097486060962218E+00 0.00000000000000000E+00 0.00000000000000000E+00 0.00000000000000000E+00 -4.39325253458700063E-02 1.47540841830813174E+00 -1.41097486060962218E+00 1.00000000000000000E+00 0.00000000000000000E+00 0.00000000000000000E+00 0.00000000000000000E+00 
-4.22224652942826129E-01 -2.42557006835701777E-01 -2.80771016429577802E-01 -8.27079244821992354E-01 6.07347361743069247E-01 7.03032818169343043E-01 2.07095397427682304E+00 0.00000000000000000E+00 0.00000000000000000E+00 0.00000000000000000E+00 6.07347361743069247E-01 7.03032818169343043E-01 2.07095397427682304E+00 1.00000000000000000E+00 0.00000000000000000E+00 0.00000000000000000E+00 0.00000000000000000E+00 
-6.83811647763359620E-02 4.57983276684770901E-01 7.24015819791763326E-01 -5.11249867747829545E-01 -1.37934179000474577E+00 -2.18057149180733933E+00 1.53976868505694542E+00 0.00000000000000000E+00 0.00000000000000000E+00 0.00000000000000000E+00 -1.37934179000474577E+00 -2.18057149180733933E+00 1.53976868505694542E+00 1.00000000000000000E+00 0.00000000000000000E+00 0.00000000000000000E+00 0.00000000000000000E+00 
4.87511678252729452E-01 -6.28703178959694298E-01 -3.72236621399670897E-01 4.78021520459215421E-01 -1.52878889685769526E+00 -9.05150845175098473E-01 1.16238316807355102E+00 0.00000000000000000E+00 0.00000000000000000E+00 0.00000000000000000E+00 -1.52878889685769526E+00 -9.05150845175098473E-01 1.16238316807355102E+00 1.00000000000000000E+00 0.00000000000000000E+00 0.00000000000000000E+00 0.00000000000000000E+00 
8.37859649854730382E-01 4.49097830666844111E-01 -7.00050598417844422E-02 3.02327036885872258E-01 9.50124463235618832E-01 -1.48104745478707972E-01 6.39611893061881598E-01 0.00000000000000000E+00 0.00000000000000000E+00 0.00000000000000000E+00 9.50124463235618832E-01 -1.48104745478707972E-01 6.39611893061881598E-01 1.00000000000000000E+00 0.00000000000000000E+00 0.00000000000000000E+00 0.00000000000000000E+00 
3.10438564690670105E-01 -4.05991708821254904E-01 6.99835242689820336E-01 4.99028318846209462E-01 -1.07212444190330469E+00 1.84809308340684608E+00 1.31781129075344960E+00 0.00000000000000000E+00 0.00000000000000000E+00 0.00000000000000000E+00 -1.07212444190330469E+00 1.84809308340684608E+00 1.31781129075344960E+00 1.00000000000000000E+00 0.00000000000000000E+00 0.00000000000000000E+00 0.00000000000000000E+00 
4.15081222240278991E-01 1.54060710740279605E-01 -4.07038774683998794E-01 7.98931982244712069E-01 3.87025938201539244E-01 -1.02254859723486735E+00 2.00704902957864961E+00 0.00000000000000000E+00 0.00000000000000000E+00 0.00000000000000000E+00 3.87025938201539244E-01 -1.02254859723486735E+00 2.00704902957864961E+00 1.00000000000000000E+00 0.00000000000000000E+00 0.00000000000000000E+00 0.00000000000000000E+00 
-2.54493206161159502E-01 5.79176947445305457E-01 -4.23087508210092944E-01 -6.48678835759519901E-01 -1.57326672360613351E+00 1.14926794095725771E+00 1.76206050863997166E+00 0.00000000000000000E+00 0.00000000000000000E+00 0.00000000000000000E+00 -1.57326672360613351E+00 1.14926794095725771E+00 1.76206050863997166E+00 1.00000000000000000E+00 0.00000000000000000E+00 0.00000000000000000E+00 0.00000000000000000E+00 
-1.99549383682047943E-01 -7.88083068250112873E-01 -4.56748120076097552E-01 3.61228841340989371E-01 2.20350469080556444E+00 1.27708190373770281E+00 -1.01000703912663337E+00 0.00000000000000000E+00 0.00000000000000000E+00 0.00000000000000000E+00 2.20350469080556444E+00 1.27708190373770281E+00 -1.01000703912663337E+00 1.00000000000000000E+00 0.00000000000000000E+00 0.00000000000000000E+00 0.00000000000000000E+00 
9.39111327684881009E-02 -6.58088436150218059E-01 4.24922153896983457E-01 -6.14444035266880850E-01 -1.95228769917908940E+00 1.26057570471030678E+00 -1.82281205076770991E+00 0.00000000000000000E+00 0.00000000000000000E+00 0.00000000000000000E+00 -1.95228769917908940E+00 1.26057570471030678E+00 -1.82281205076770991E+00 1.00000000000000000E+00 0.00000000000000000E+00 0.00000000000000000E+00 0.00000000000000000E+00 
-5.41493437037633307E-01 6.26233656627611435E-01 -1.86389798864362057E-02 5.60596872432209015E-01 -1.48767240641610221E+00 4.42785145246268469E-02 -1.33174652849502184E+00 0.00000000000000000E+00 0.00000000000000000E+00 0.00000000000000000E+00 -1.48767240641610221E+00 4.42785145246268469E-02 -1.33174652849502184E+00 1.00000000000000000E+00 0.00000000000000000E+00 0.00000000000000000E+00 0.00000000000000000E+00 
6.53253131199935388E-02 7.29177418933880328E-01 6.50105991519850712E-01 -2.03457845689692413E-01 2.20014250748757334E+00 1.96156077955134389E+00 -6.13892096985425129E-01 0.00000000000000000E+00 0.00000000000000000E+00 0.00000000000000000E+00 2.20014250748757334E+00 1.96156077955134389E+00 -6.13892096985425129E-01 1.00000000000000000E+00 0.00000000000000000E+00 0.00000000000000000E+00 0.00000000000000000E+00 
6.64081795243632422E-01 1.81794843269813489E-01 3.91887045448544136E-01 -6.10221720193659278E-01 4.10698571822090353E-01 8.85324616399724595E-01 -1.37857149559736381E+00 0.00000000000000000E+00 0.00000000000000000E+00 0.00000000000000000E+00 4.10698571822090353E-01 8.85324616399724595E-01 -1.37857149559736381E+00 1.00000000000000000E+00 0.00000000000000000E+00 0.00000000000000000E+00 0.00000000000000000E+00 
-4.98169728426796909E-01 -4.82020101404021628E-01 -5.43244053271739080E-01 -4.73676516313105644E-01 1.16664812774073634E+00 1.31483034796622156E+00 1.14645389124186514E+00 0.00000000000000000E+00 0.00000000000000000E+00 0.00000000000000000E+00 1.16664812774073634E+00 1.31483034796622156E+00 1.14645389124186514E+00 1.00000000000000000E+00 0.00000000000000000E+00 0.00000000000000000E+00 0.00000000000000000E+00 
-4.59590340471629721E-01 -7.45303188914076542E-01 4.82809670292642212E-01 -1.39534157678320794E-02 1.83489138850554934E+00 -1.18864821657070019E+00 3.43524659674900659E-02 0.00000000000000000E+00 0.00000000000000000E+00 0.00000000000000000E+00 1.83489138850554934E+00 -1.18864821657070019E+00 3.43524659674900659E-02 1.00000000000000000E+00 0.00000000000000000E+00 0.00000000000000000E+00 0.00000000000000000E+00 
3.68211654669122201E-02 2.48326743078027073E-01 1.46938926240573337E-01 9.56758581043925083E-01 7.62366959875375394E-01 4.51104786769500443E-01 2.93726371040089340E+00 0.00000000000000000E+00 0.00000000000000000E+00 0.00000000000000000E+00 7.62366959875375394E-01 4.51104786769500443E-01 2.93726371040089340E+00 1.00000000000000000E+00 0.00000000000000000E+00 0.00000000000000000E+00 0.00000000000000000E+00 
-1.68499475522859876E-01 5.44898594716340057E-01 6.97998961806822638E-01 -4.33002191150664517E-01 -1.54949399628178353E+00 -1.98485591854685128E+00 1.23130120369292340E+00 0.00000000000000000E+00 0.00000000000000000E+00 0.00000000000000000E+00 -1.54949399628178353E+00 -1.98485591854685128E+00 1.23130120369292340E+00 1.00000000000000000E+00 0.00000000000000000E+00 0.00000000000000000E+00 0.00000000000000000E+00 
5.21180712582250849E-01 -4.96442634264333105E-01 -4.40626774569270407E-01 5.36435850078672893E-01 -1.18963218121148739E+00 -1.05587988370055941E+00 1.28546846375272872E+00 0.00000000000000000E+00 0.00000000000000000E+00 0.00000000000000000E+00 -1.18963218121148739E+00 -1.05587988370055941E+00 1.28546846375272872E+00 1.00000000000000000E+00 0.00000000000000000E+00 0.00000000000000000E+00 0.00000000000000000E+00 
-6.43557605215789974E-01 -6.60010545608803567E-01 2.00341160707203980E-01 3.31787745072926354E-01 1.50328169528356415E+00 -4.56309678241882677E-01 -7.55700719035430679E-01 0.00000000000000000E+00 0.00000000000000000E+00 0.00000000000000000E+00 1.50328169528356415E+00 -4.56309678241882677E-01 -7.55700719035430679E-01 1.00000000000000000E+00 0.00000000000000000E+00 0.00000000000000000E+00 0.00000000000000000E+00 
-2.71015465498952668E-01 -7.66634927243571185E-01 5.73761617849332592E-02 -5.79249067197746492E-01 2.06493218454362593E+00 -1.54542767208998510E-01 1.56020812412513310E+00 0.00000000000000000E+00 0.00000000000000000E+00 0.00000000000000000E+00 2.06493218454362593E+00 -1.54542767208998510E-01 1.56020812412513310E+00 1.00000000000000000E+00 0.00000000000000000E+00 0.00000000000000000E+00 0.00000000000000000E+00 
7.47891760116227600E-01 7.09112318441366407E-02 5.03694622161979910E-01 4.26522261967295369E-01 1.55088833993661801E-01 1.10162254424915518E+00 9.32840095434283256E-01 0.00000000000000000E+00 0.00000000000000000E+00 0.00000000000000000E+00 1.55088833993661801E-01 1.10162254424915518E+00 9.32840095434283256E-01 1.00000000000000000E+00 0.00000000000000000E+00 0.00000000000000000E+00 0.00000000000000000E+00 
6.75460339207373472E-01 9.02967157981827001E-02 2.96504661429897731E-01 6.69092533977374448E-01 2.03078628137393413E-01 6.66843299307877890E-01 1.50479884784283779E+00 0.00000000000000000E+00 0.00000000000000000E+00 0.00000000000000000E+00 2.03078628137393413E-01 6.66843299307877890E-01 1.50479884784283779E+00 1.00000000000000000E+00 0.00000000000000000E+00 0.00000000000000000E+00 0.00000000000000000E+00 
1.46180262175952425E-01 9.37969272852247404E-01 3.13955860240261231E-01 1.66340601175256030E-02 2.70051505215430909E+00 9.03912900806117747E-01 4.78912593684650556E-02 0.00000000000000000E+00 0.00000000000000000E+00 0.00000000000000000E+00 2.70051505215430909E+00 9.03912900806117747E-01 4.78912593684650556E-02 1.00000000000000000E+00 0.00000000000000000E+00 0.00000000000000000E+00 0.00000000000000000E+00 
-3.10009096531902006E-01 4.57718810339666438E-01 -5.75200879356851269E-01 -6.02935982601651710E-01 -1.20897982883981792E+00 1.51928704908873624E+00 1.59254420963424792E+00 0.00000000000000000E+00 0.00000000000000000E+00 0.00000000000000000E+00 -1.20897982883981792E+00 1.51928704908873624E+00 1.59254420963424792E+00 1.00000000000000000E+00 0.00000000000000000E+00 0.00000000000000000E+00 0.00000000000000000E+00 
-5.88979201012757914E-01 -2.90577863546812309E-01 -6.29419401732053130E-01 -4.15330257402717506E-01 6.76693015912190776E-01 1.46578169456151053E+00 9.67214367436334044E-01 0.00000000000000000E+00 0.00000000000000000E+00 0.00000000000000000E+00 6.76693015912190776E-01 1.46578169456151053E+00 9.67214367436334044E-01 1.00000000000000000E+00 0.00000000000000000E+00 0.00000000000000000E+00 0.00000000000000000E+00 
7.65612973136491626E-02 -6.12799720058239905E-01 7.31319363206987316E-01 -2.89459599683134727E-01 -1.83663244656147251E+00 2.19184968155170523E+00 -8.67544281345648316E-01 0.00000000000000000E+00 0.00000000000000000E+00 0.00000000000000000E+00 -1.83663244656147251E+00 2.19184968155170523E+00 -8.67544281345648316E-01 1.00000000000000000E+00 0.00000000000000000E+00 0.00000000000000000E+00 0.00000000000000000E+00 
-2.93759137650258573E-01 -7.21453718055784621E-01 -5.70701107630259274E-01 2.59827534145355921E-01 1.92105869115883898E+00 1.51964054717410568E+00 -6.91858576898637390E-01 0.00000000000000000E+00 0.00000000000000000E+00 0.00000000000000000E+00 1.92105869115883898E+00 1.51964054717410568E+00 -6.91858576898637390E-01 1.00000000000000000E+00 0.00000000000000000E+00 0.00000000000000000E+00 0.00000000000000000E+00 
-2.77655800084832982E-01 -3.53362561432451372E-01 -5.65496266743409248E-01 6.91560647489730562E-01 9.48579477749240452E-01 1.51803901126959029E+00 -1.85645087914367490E+00 0.00000000000000000E+00 0.00000000000000000E+00 0.00000000000000000E+00 9.48579477749240452E-01 1.51803901126959029E+00 -1.85645087914367490E+00 1.00000000000000000E+00 0.00000000000000000E+00 0.00000000000000000E+00 0.00000000000000000E+00 
-5.30692071533842236E-01 -2.80892967466283339E-01 -3.00429082075340595E-02 7.99101050997643614E-01 6.70366210582053035E-01 7.16990201343026406E-02 -1.90709773997359777E+00 0.00000000000000000E+00 0.00000000000000000E+00 0.00000000000000000E+00 6.70366210582053035E-01 7.16990201343026406E-02 -1.90709773997359777E+00 1.00000000000000000E+00 0.00000000000000000E+00 0.00000000000000000E+00 0.00000000000000000E+00 
-2.94515324968524672E-01 -3.73329320133717668E-01 -6.13914065669288633E-01 -6.30075758985048306E-01 9.93710599435218112E-01 1.63408787174667713E+00 1.67710631440995184E+00 0.00000000000000000E+00 0.00000000000000000E+00 0.00000000000000000E+00 9.93710599435218112E-01 1.63408787174667713E+00 1.67710631440995184E+00 1.00000000000000000E+00 0.00000000000000000E+00 0.00000000000000000E+00 0.00000000000000000E+00 
5.75564265536249398E-01 1.21353277974899532E-01 7.02305193532483774E-01 4.00957071642046470E-01 2.84182489931657123E-01 1.64464316020599655E+00 9.38952625560808829E-01 0.00000000000000000E+00 0.00000000000000000E+00 0.00000000000000000E+00 2.84182489931657123E-01 1.64464316020599655E+00 9.38952625560808829E-01 1.00000000000000000E+00 0.00000000000000000E+00 0.00000000000000000E+00 0.00000000000000000E+00 
-7.50657274570012967E-02 2.97815604471207418E-01 9.48810217657272914E-01 7.36897086706057303E-02 -8.93382327310232149E-01 -2.84622520680689428E+00 -2.21053169956792667E-01 0.00000000000000000E+00 0.00000000000000000E+00 0.00000000000000000E+00 -8.93382327310232149E-01 -2.84622520680689428E+00 -2.21053169956792667E-01 1.00000000000000000E+00 0.00000000000000000E+00 0.00000000000000000E+00 0.00000000000000000E+00 
-8.14582935558318177E-01 -1.96306493041323554E-01 -5.42313995545738670E-01 6.17570410740853823E-02 4.18834297740108497E-01 1.15706667650171768E+00 -1.31763175675124827E-01 0.00000000000000000E+00 0.00000000000000000E+00 0.00000000000000000E+00 4.18834297740108497E-01 1.15706667650171768E+00 -1.31763175675124827E-01 1.00000000000000000E+00 0.00000000000000000E+00 0.00000000000000000E+00 0.00000000000000000E+00 
-2.21267310587495297E-01 -7.34660130676086931E-01 -5.02422748601796143E-01 3.98605884738030769E-01 2.03050702110719739E+00 1.38863247915888288E+00 -1.10169589150070757E+00 0.00000000000000000E+00 0.00000000000000000E+00 0.00000000000000000E+00 2.03050702110719739E+00 1.38863247915888288E+00 -1.10169589150070757E+00 1.00000000000000000E+00 0.00000000000000000E+00 0.00000000000000000E+00 0.00000000000000000E+00 
2.63067097802474670E-01 5.50924216293322555E-01 -6.36558436520897053E-01 4.71244699545196710E-01 1.48994712624837411E+00 -1.72154061327103114E+00 1.27445783845035621E+00 0.00000000000000000E+00 0.00000000000000000E+00 0.00000000000000000E+00 1.48994712624837411E+00 -1.72154061327103114E+00 1.27445783845035621E+00 1.00000000000000000E+00 0.00000000000000000E+00 0.00000000000000000E+00 0.00000000000000000E+00 
7.16886371883522999E-01 4.18496783291673821E-02 -2.24227473593838544E-01 6.58820593422176359E-01 9.26168833293913168E-02 -4.96234393911956506E-01 1.45802578352090384E+00 0.00000000000000000E+00 0.00000000000000000E+00 0.00000000000000000E+00 9.26168833293913168E-02 -4.96234393911956506E-01 1.45802578352090384E+00 1.00000000000000000E+00 0.00000000000000000E+00 0.00000000000000000E+00 0.00000000000000000E+00 
-5.27749754239680735E-01 -1.25057164101462587E-01 5.16942056355987223E-01 -6.62277746098492992E-01 2.98831935527035131E-01 -1.23526545932908038E+00 1.58255420347230125E+00 0.00000000000000000E+00 0.00000000000000000E+00 0.00000000000000000E+00 2.98831935527035131E-01 -1.23526545932908038E+00 1.58255420347230125E+00 1.00000000000000000E+00 0.00000000000000000E+00 0.00000000000000000E+00 0.00000000000000000E+00 
2.09250383484886832E-03 -9.88008055791104511E-01 -1.13282267563703187E-01 1.04894380093541267E-01 -3.09979081178873717E+00 -3.55413430158108612E-01 3.29097150287792295E-01 0.00000000000000000E+00 0.00000000000000000E+00 0.00000000000000000E+00 -3.09979081178873717E+00 -3.55413430158108612E-01 3.29097150287792295E-01 1.00000000000000000E+00 0.00000000000000000E+00 0.00000000000000000E+00 0.00000000000000000E+00 
-3.04821672435281799E-01 -5.20591257574344435E-01 -7.91787158609850272E-01 9.56116416105279449E-02 1.37858581843317429E+00 2.09674390838412572E+00 -2.53190677491478444E-01 0.00000000000000000E+00 0.00000000000000000E+00 0.00000000000000000E+00 1.37858581843317429E+00 2.09674390838412572E+00 -2.53190677491478444E-01 1.00000000000000000E+00 0.00000000000000000E+00 0.00000000000000000E+00 0.00000000000000000E+00 
-7.46221803410249129E-01 -3.68568521070798849E-01 -1.68580784148478185E-01 5.28101112105175963E-01 8.06599609417996577E-01 3.68933283435299242E-01 -1.15573123152158774E+00 0.00000000000000000E+00 0.00000000000000000E+00 0.00000000000000000E+00 8.06599609417996577E-01 3.68933283435299242E-01 -1.15573123152158774E+00 1.00000000000000000E+00 0.00000000000000000E+00 0.00000000000000000E+00 0.00000000000000000E+00 
3.19194560447146669E-01 -7.67696910875671074E-02 -8.89715385019623550E-01 3.17218821589537958E-01 -2.01856582851932531E-01 -2.33939859320260091E+00 8.34088380912491600E-01 0.00000000000000000E+00 0.00000000000000000E+00 0.00000000000000000E+00 -2.01856582851932531E-01 -2.33939859320260091E+00 8.34088380912491600E-01 1.00000000000000000E+00 0.00000000000000000E+00 0.00000000000000000E+00 0.00000000000000000E+00 
4.48438018058246513E-01 -6.52537385913423140E-01 5.89435463474531685E-01 1.60200306940505549E-01 -1.61456945367949789E+00 1.45843673448568234E+00 3.96382686478805812E-01 0.00000000000000000E+00 0.00000000000000000E+00 0.00000000000000000E+00 -1.61456945367949789E+00 1.45843673448568234E+00 3.96382686478805812E-01 1.00000000000000000E+00 0.00000000000000000E+00 0.00000000000000000E+00 0.00000000000000000E+00 
8.55431839363969271E-01 1.14627949173790752E-01 1.16344391520170898E-01 4.91488335601556803E-01 2.40984762451010859E-01 2.44593275506375302E-01 1.03326632515087335E+00 0.00000000000000000E+00 0.00000000000000000E+00 0.00000000000000000E+00 2.40984762451010859E-01 2.44593275506375302E-01 1.03326632515087335E+00 1.00000000000000000E+00 0.00000000000000000E+00 0.00000000000000000E+00 0.00000000000000000E+00 
2.00946324402547061E-01 4.43435839075884353E-01 -7.46583870009378869E-01 4.53428887890914567E-01 1.23893087620585551E+00 -2.08590674619240835E+00 1.26685080426168084E+00 0.00000000000000000E+00 0.00000000000000000E+00 0.00000000000000000E+00 1.23893087620585551E+00 -2.08590674619240835E+00 1.26685080426168084E+00 1.00000000000000000E+00 0.00000000000000000E+00 0.00000000000000000E+00 0.00000000000000000E+00 
5.77567546905783102E-02 3.37670911096877691E-01 7.38241441045414448E-01 -5.81069778778596113E-01 1.02350573612531348E+00 2.23766491197288619E+00 -1.76126587196115536E+00 0.00000000000000000E+00 0.00000000000000000E+00 0.00000000000000000E+00 1.02350573612531348E+00 2.23766491197288619E+00 -1.76126587196115536E+00 1.00000000000000000E+00 0.00000000000000000E+00 0.00000000000000000E+00 0.00000000000000000E+00 
-2.40066088756270946E-01 5.36373419734042178E-01 -4.72340115356251089E-01 6.56937320493605870E-01 -1.46792372146111738E+00 1.29268012623168382E+00 -1.79787782314759070E+00 0.00000000000000000E+00 0.00000000000000000E+00 0.00000000000000000E+00 -1.46792372146111738E+00 1.29268012623168382E+00 -1.79787782314759070E+00 1.00000000000000000E+00 0.00000000000000000E+00 0.00000000000000000E+00 0.00000000000000000E+00 
3.34585152409925743E-02 -4.27057407168151826E-02 9.11365651212776573E-01 4.08006614232181486E-01 -1.31379324832351707E-01 2.80371214553330983E+00 1.25518566368880724E+00 0.00000000000000000E+00 0.00000000000000000E+00 0.00000000000000000E+00 -1.31379324832351707E-01 2.80371214553330983E+00 1.25518566368880724E+00 1.00000000000000000E+00 0.00000000000000000E+00 0.00000000000000000E+00 0.00000000000000000E+00 
8.38432266861419140E-01 -1.49110259046442567E-01 -2.63840012656707312E-01 -4.52974516119873272E-01 -3.15396870721571687E-01 -5.58072361319867705E-01 -9.58128205359285556E-01 0.00000000000000000E+00 0.00000000000000000E+00 0.00000000000000000E+00 -3.15396870721571687E-01 -5.58072361319867705E-01 -9.58128205359285556E-01 1.00000000000000000E+00 0.00000000000000000E+00 0.00000000000000000E+00 0.00000000000000000E+00 
6.25372488403729276E-01 -1.22469248669711803E-01 5.45319790836929275E-01 -5.44551980622209553E-01 -2.80992539755283433E-01 1.25117770110060778E+00 -1.24941604301396447E+00 0.00000000000000000E+00 0.00000000000000000E+00 0.00000000000000000E+00 -2.80992539755283433E-01 1.25117770110060778E+00 -1.24941604301396447E+00 1.00000000000000000E+00 0.00000000000000000E+00 0.00000000000000000E+00 0.00000000000000000E+00 
-8.86086093776203981E-02 -1.45655207043351109E-01 2.89295626414462159E-01 -9.41934772445941149E-01 4.33447777632855136E-01 -8.60899853109489910E-01 2.80305484492762913E+00 0.00000000000000000E+00 0.00000000000000000E+00 0.00000000000000000E+00 4.33447777632855136E-01 -8.60899853109489910E-01 2.80305484492762913E+00 1.00000000000000000E+00 0.00000000000000000E+00 0.00000000000000000E+00 0.00000000000000000E+00 
-1.47225308057956805E-01 -3.98113477662182469E-01 7.90783211921793905E-01 4.41012788152014890E-01 1.14554093350321584E+00 -2.27541791376437397E+00 -1.26898040225405007E+00 0.00000000000000000E+00 0.00000000000000000E+00 0.00000000000000000E+00 1.14554093350321584E+00 -2.27541791376437397E+00 -1.26898040225405007E+00 1.00000000000000000E+00 0.00000000000000000E+00 0.00000000000000000E+00 0.00000000000000000E+00 
3.98609554400143340E-01 -3.87418474933893919E-01 7.04959421343882453E-01 4.40510570451281724E-01 -9.80708068244443676E-01 1.78452871256294121E+00 1.11510497960183641E+00 0.00000000000000000E+00 0.00000000000000000E+00 0.00000000000000000E+00 -9.80708068244443676E-01 1.78452871256294121E+00 1.11510497960183641E+00 1.00000000000000000E+00 0.00000000000000000E+00 0.00000000000000000E+00 0.00000000000000000E+00 
1.61466564257648326E-01 -7.18216619009778401E-01 -6.75017498960475137E-01 4.94450493187997345E-02 -2.05029183954161009E+00 -1.92697138027045112E+00 1.41150703618969448E-01 0.00000000000000000E+00 0.00000000000000000E+00 0.00000000000000000E+00 -2.05029183954161009E+00 -1.92697138027045112E+00 1.41150703618969448E-01 1.00000000000000000E+00 0.00000000000000000E+00 0.00000000000000000E+00 0.00000000000000000E+00 
-8.71055154181029301E-01 -1.08114771510210064E-02 1.89834742892717317E-01 -4.52889391272672637E-01 2.26030901169491302E-02 -3.96879329345550258E-01 9.46836364814379494E-01 0.00000000000000000E+00 0.00000000000000000E+00 0.00000000000000000E+00 2.26030901169491302E-02 -3.96879329345550258E-01 9.46836364814379494E-01 1.00000000000000000E+00 0.00000000000000000E+00 0.00000000000000000E+00 0.00000000000000000E+00 
2.97404194350300966E-01 -1.21317195265058450E-02 -8.06256955517590357E-01 -5.11227237384399458E-01 -3.22450607109946441E-02 -2.14296122017372781E+00 -1.35879775909407940E+00 0.00000000000000000E+00 0.00000000000000000E+00 0.00000000000000000E+00 -3.22450607109946441E-02 -2.14296122017372781E+00 -1.35879775909407940E+00 1.00000000000000000E+00 0.00000000000000000E+00 0.00000000000000000E+00 0.00000000000000000E+00 
-6.19726369103663188E-01 -7.10795468438937261E-01 2.92192870963289386E-01 1.59161413798987350E-01 1.63457902045206671E+00 -6.71940604589379542E-01 -3.66015146991141349E-01 0.00000000000000000E+00 0.00000000000000000E+00 0.00000000000000000E+00 1.63457902045206671E+00 -6.71940604589379542E-01 -3.66015146991141349E-01 1.00000000000000000E+00 0.00000000000000000E+00 0.00000000000000000E+00 0.00000000000000000E+00 
-4.86108854418153047E-01 -5.75389853951280728E-01 -7.21031003433791461E-03 6.57702599246348774E-01 1.40001240652906045E+00 1.75437982329260493E-02 -1.60029203231182438E+00 0.00000000000000000E+00 0.00000000000000000E+00 0.00000000000000000E+00 1.40001240652906045E+00 1.75437982329260493E-02 -1.60029203231182438E+00 1.00000000000000000E+00 0.00000000000000000E+00 0.00000000000000000E+00 0.00000000000000000E+00 
7.19296974389388000E-01 1.06457722309265562E-01 -5.38751832140316397E-02 -6.84380070303519328E-01 2.35381906424176390E-01 -1.19119994856087971E-01 -1.51318929404460589E+00 0.00000000000000000E+00 0.00000000000000000E+00 0.00000000000000000E+00 2.35381906424176390E-01 -1.19119994856087971E-01 -1.51318929404460589E+00 1.00000000000000000E+00 0.00000000000000000E+00 0.00000000000000000E+00 0.00000000000000000E+00 
7.17570383425948699E-01 6.24743692583587529E-01 -3.04121148492010440E-01 4.79415315448048218E-02 1.38224732863409283E+00 -6.72868970226490393E-01 1.06070785019678079E-01 0.00000000000000000E+00 0.00000000000000000E+00 0.00000000000000000E+00 1.38224732863409283E+00 -6.72868970226490393E-01 1.06070785019678079E-01 1.00000000000000000E+00 0.00000000000000000E+00 0.00000000000000000E+00 0.00000000000000000E+00 
-6.85958878497358704E-01 2.86878999218100728E-01 -6.56311115924335664E-01 -1.28127186546884542E-01 -6.42544700972497718E-01 1.46998989426173576E+00 2.86976198991915898E-01 0.00000000000000000E+00 0.00000000000000000E+00 0.00000000000000000E+00 -6.42544700972497718E-01 1.46998989426173576E+00 2.86976198991915898E-01 1.00000000000000000E+00 0.00000000000000000E+00 0.00000000000000000E+00 0.00000000000000000E+00 
2.77093000625454923E-02 -1.17669405939075697E-01 -7.22492538006448637E-01 6.80728020666836464E-01 -3.63286926318136250E-01 -2.23058909259768834E+00 2.10164730851726356E+00 0.00000000000000000E+00 0.00000000000000000E+00 0.00000000000000000E+00 -3.63286926318136250E-01 -2.23058909259768834E+00 2.10164730851726356E+00 1.00000000000000000E+00 0.00000000000000000E+00 0.00000000000000000E+00 0.00000000000000000E+00 
3.02493236549256861E-01 -2.71290101192436850E-01 -6.09495932675984120E-01 -6.80745349516531650E-01 -7.19239365339025327E-01 -1.61588449363891984E+00 -1.80477964729150653E+00 0.00000000000000000E+00 0.00000000000000000E+00 0.00000000000000000E+00 -7.19239365339025327E-01 -1.61588449363891984E+00 -1.80477964729150653E+00 1.00000000000000000E+00 0.00000000000000000E+00 0.00000000000000000E+00 0.00000000000000000E+00 
4.38688977898429755E-01 7.36952769361409632E-01 2.91304101536867255E-01 4.23785932787744346E-01 1.83148863470046508E+00 7.23954333828900509E-01 1.05320062793067826E+00 0.00000000000000000E+00 0.00000000000000000E+00 0.00000000000000000E+00 1.83148863470046508E+00 7.23954333828900509E-01 1.05320062793067826E+00 1.00000000000000000E+00 0.00000000000000000E+00 0.00000000000000000E+00 0.00000000000000000E+00 
5.56618842760306820E-01 -5.17714335898105782E-01 -4.95844318090090996E-01 -4.19863957142706634E-01 -1.22202990684374502E+00 -1.17040719916222646E+00 -9.91060661946072230E-01 0.00000000000000000E+00 0.00000000000000000E+00 0.00000000000000000E+00 -1.22202990684374502E+00 -1.17040719916222646E+00 -9.91060661946072230E-01 1.00000000000000000E+00 0.00000000000000000E+00 0.00000000000000000E+00 0.00000000000000000E+00 
-7.96966742955060203E-01 2.14465593616954886E-01 4.33779560676642861E-01 -3.61502161151643353E-01 -4.60543371715250283E-01 -9.31498139566325545E-01 7.76289666660851752E-01 0.00000000000000000E+00 0.00000000000000000E+00 0.00000000000000000E+00 -4.60543371715250283E-01 -9.31498139566325545E-01 7.76289666660851752E-01 1.00000000000000000E+00 0.00000000000000000E+00 0.00000000000000000E+00 0.00000000000000000E+00 
2.68921051959717661E-01 6.73290652699063297E-01 -2.35089800063917803E-01 6.47374660229187215E-01 1.81544466460995335E+00 -6.33890462490975914E-01 1.74556540805277449E+00 0.00000000000000000E+00 0.00000000000000000E+00 0.00000000000000000E+00 1.81544466460995335E+00 -6.33890462490975914E-01 1.74556540805277449E+00 1.00000000000000000E+00 0.00000000000000000E+00 0.00000000000000000E+00 0.00000000000000000E+00 
2.50251506651928746E-01 -9.50812813871085627E-01 -1.14770859094053213E-01 1.41974738245227133E-01 -2.58843096863438049E+00 -3.12444722706586020E-01 3.86502794110988590E-01 0.00000000000000000E+00 0.00000000000000000E+00 0.00000000000000000E+00 -2.58843096863438049E+00 -3.12444722706586020E-01 3.86502794110988590E-01 1.00000000000000000E+00 0.00000000000000000E+00 0.00000000000000000E+00 0.00000000000000000E+00 
-2.35825980581118255E-01 -5.34261389318054447E-01 4.37855945257385470E-01 -6.83544472561703476E-01 1.46538073401692759E+00 -1.20095833104078764E+00 1.87483677645921465E+00 0.00000000000000000E+00 0.00000000000000000E+00 0.00000000000000000E+00 1.46538073401692759E+00 -1.20095833104078764E+00 1.87483677645921465E+00 1.00000000000000000E+00 0.00000000000000000E+00 0.00000000000000000E+00 0.00000000000000000E+00 
-3.98167509264801656E-01 4.40333207762129836E-02 9.08155890170787683E-01 1.21558958433295713E-01 -1.11488538807179322E-01 -2.29937173530117978E+00 -3.07776711266615988E-01 0.00000000000000000E+00 0.00000000000000000E+00 0.00000000000000000E+00 -1.11488538807179322E-01 -2.29937173530117978E+00 -3.07776711266615988E-01 1.00000000000000000E+00 0.00000000000000000E+00 0.00000000000000000E+00 0.00000000000000000E+00 
6.71567037243741449E-01 3.40922921212874652E-01 -5.64150971481613639E-01 3.38382856622043982E-01 7.67916627845907418E-01 -1.27072978864230524E+00 7.62195223640633968E-01 0.00000000000000000E+00 0.00000000000000000E+00 0.00000000000000000E+00 7.67916627845907418E-01 -1.27072978864230524E+00 7.62195223640633968E-01 1.00000000000000000E+00 0.00000000000000000E+00 0.00000000000000000E+00 0.00000000000000000E+00 
-4.57480114832047535E-01 2.43489407858193292E-02 8.43405811907024683E-01 2.80687922891807606E-01 -6.00022610592454986E-02 -2.07837606366856686E+00 -6.91689637495041865E-01 0.00000000000000000E+00 0.00000000000000000E+00 0.00000000000000000E+00 -6.00022610592454986E-02 -2.07837606366856686E+00 -6.91689637495041865E-01 1.00000000000000000E+00 0.00000000000000000E+00 0.00000000000000000E+00 0.00000000000000000E+00 
-5.22522246662299628E-01 7.30188748779176500E-01 1.34497035070785587E-01 4.19172327875363515E-01 -1.74875173050411581E+00 -3.22111129787948480E-01 -1.00388883693024811E+00 0.00000000000000000E+00 0.00000000000000000E+00 0.00000000000000000E+00 -1.74875173050411581E+00 -3.22111129787948480E-01 -1.00388883693024811E+00 1.00000000000000000E+00 0.00000000000000000E+00 0.00000000000000000E+00 0.00000000000000000E+00 
-7.87329501040103907E-01 2.56089838209517195E-01 -5.56354807322929745E-01 7.07077076875644722E-02 -5.51887857445119479E-01 1.19897558114562108E+00 -1.52379046249463940E-01 0.00000000000000000E+00 0.00000000000000000E+00 0.00000000000000000E+00 -5.51887857445119479E-01 1.19897558114562108E+00 -1.52379046249463940E-01 1.00000000000000000E+00 0.00000000000000000E+00 0.00000000000000000E+00 0.00000000000000000E+00 
-6.62979204912042763E-01 3.72019620500852521E-01 4.08268978131431926E-01 -5.05347818153114692E-01 -8.40808384473666570E-01 -9.22736224157341911E-01 1.14214589544112211E+00 0.00000000000000000E+00 0.00000000000000000E+00 0.00000000000000000E+00 -8.40808384473666570E-01 -9.22736224157341911E-01 1.14214589544112211E+00 1.00000000000000000E+00 0.00000000000000000E+00 0.00000000000000000E+00 0.00000000000000000E+00 
-2.05808385132300514E-01 -4.32205235326480808E-01 6.92950305528057808E-01 -5.39130241439104707E-01 1.20441310340935437E+00 -1.93102341150279289E+00 1.50237774594055806E+00 0.00000000000000000E+00 0.00000000000000000E+00 0.00000000000000000E+00 1.20441310340935437E+00 -1.93102341150279289E+00 1.50237774594055806E+00 1.00000000000000000E+00 0.00000000000000000E+00 0.00000000000000000E+00 0.00000000000000000E+00 
-5.73317340291116029E-01 -3.14280981947975935E-01 5.68549445087599303E-01 4.99285709987698167E-01 7.36665877327003726E-01 -1.33266408031831851E+00 -1.17031181239534243E+00 0.00000000000000000E+00 0.00000000000000000E+00 0.00000000000000000E+00 7.36665877327003726E-01 -1.33266408031831851E+00 -1.17031181239534243E+00 1.00000000000000000E+00 0.00000000000000000E+00 0.00000000000000000E+00 0.00000000000000000E+00 
-4.20044486522022642E-01 -5.97520694707864508E-01 -6.28090265399318781E-01 2.68392002952574038E-01 1.49765033854453877E+00 1.57427116239332854E+00 -6.72708707237481440E-01 0.00000000000000000E+00 0.00000000000000000E+00 0.00000000000000000E+00 1.49765033854453877E+00 1.57427116239332854E+00 -6.72708707237481440E-01 1.00000000000000000E+00 0.00000000000000000E+00 0.00000000000000000E+00 0.00000000000000000E+00 
3.08615311098406009E-01 8.81828174193359793E-01 -8.51258216264477868E-02 -3.46250278623514762E-01 2.33079396029092845E+00 -2.24999332883893066E-01 -9.15187427418007404E-01 0.00000000000000000E+00 0.00000000000000000E+00 0.00000000000000000E+00 2.33079396029092845E+00 -2.24999332883893066E-01 -9.15187427418007404E-01 1.00000000000000000E+00 0.00000000000000000E+00 0.00000000000000000E+00 0.00000000000000000E+00 
1.93160534887114710E-01 6.55053038344255656E-01 -2.74693076902360112E-01 -6.76859097759642259E-01 1.83786046135487924E+00 -7.70697203882666271E-01 -1.89904099494769096E+00 0.00000000000000000E+00 0.00000000000000000E+00 0.00000000000000000E+00 1.83786046135487924E+00 -7.70697203882666271E-01 -1.89904099494769096E+00 1.00000000000000000E+00 0.00000000000000000E+00 0.00000000000000000E+00 0.00000000000000000E+00 
-2.90353747441577159E-01 -6.09684268789846828E-01 -5.72783390419369765E-01 4.64649310121638459E-01 1.62621633505641228E+00 1.52779029020682144E+00 -1.23936328502016413E+00 0.00000000000000000E+00 0.00000000000000000E+00 0.00000000000000000E+00 1.62621633505641228E+00 1.52779029020682144E+00 -1.23936328502016413E+00 1.00000000000000000E+00 0.00000000000000000E+00 0.00000000000000000E+00 0.00000000000000000E+00 
-9.58401619885405620E-02 -5.92813908397735623E-01 -2.43195464928623289E-01 -7.61736371193054151E-01 1.75666075046439962E+00 7.20650986556181317E-01 2.25722164497233990E+00 0.00000000000000000E+00 0.00000000000000000E+00 0.00000000000000000E+00 1.75666075046439962E+00 7.20650986556181317E-01 2.25722164497233990E+00 1.00000000000000000E+00 0.00000000000000000E+00 0.00000000000000000E+00 0.00000000000000000E+00 
-1.26504012472835672E-02 -4.22180788743232116E-01 7.68924416846365921E-01 4.79956862792794148E-01 1.31574355190773318E+00 -2.39638413292494556E+00 -1.49580503009945875E+00 0.00000000000000000E+00 0.00000000000000000E+00 0.00000000000000000E+00 1.31574355190773318E+00 -2.39638413292494556E+00 -1.49580503009945875E+00 1.00000000000000000E+00 0.00000000000000000E+00 0.00000000000000000E+00 0.00000000000000000E+00 
6.00349113860950800E-01 4.69563463264402126E-01 5.74968218220445193E-01 -2.97493938576768813E-01 1.08840390679586307E+00 1.33272220680043496E+00 -6.89562945856206477E-01 0.00000000000000000E+00 0.00000000000000000E+00 0.00000000000000000E+00 1.08840390679586307E+00 1.33272220680043496E+00 -6.89562945856206477E-01 1.00000000000000000E+00 0.00000000000000000E+00 0.00000000000000000E+00 0.00000000000000000E+00 
7.22412205931330931E-01 2.85560320929859557E-01 -6.03668091330931800E-01 1.79334166685362700E-01 6.30630351148905643E-01 -1.33313836871237479E+00 3.96040907019309385E-01 0.00000000000000000E+00 0.00000000000000000E+00 0.00000000000000000E+00 6.30630351148905643E-01 -1.33313836871237479E+00 3.96040907019309385E-01 1.00000000000000000E+00 0.00000000000000000E+00 0.00000000000000000E+00 0.00000000000000000E+00 
4.66415579284517434E-01 -3.48123291066067472E-02 -8.06672345563860582E-01 -3.61281519102985449E-01 -8.54451934125409901E-02 -1.97993861244323410E+00 -8.86748174234417985E-01 0.00000000000000000E+00 0.00000000000000000E+00 0.00000000000000000E+00 -8.54451934125409901E-02 -1.97993861244323410E+00 -8.86748174234417985E-01 1.00000000000000000E+00 0.00000000000000000E+00 0.00000000000000000E+00 0.00000000000000000E+00 
7.57304675998083043E-01 -5.12782063726289317E-01 -4.50211070614094933E-02 -4.01892128252111180E-01 -1.11752423306196191E+00 -9.81161037006503950E-02 -8.75857843261678148E-01 0.00000000000000000E+00 0.00000000000000000E+00 0.00000000000000000E+00 -1.11752423306196191E+00 -9.81161037006503950E-02 -8.75857843261678148E-01 1.00000000000000000E+00 0.00000000000000000E+00 0.00000000000000000E+00 0.00000000000000000E+00 
-6.89108410395258719E-01 6.80463988699149036E-01 -1.69731614346086884E-01 -1.82454207673145685E-01 -1.52221312854332291E+00 3.79693409169808094E-01 4.08154134370843025E-01 0.00000000000000000E+00 0.00000000000000000E+00 0.00000000000000000E+00 -1.52221312854332291E+00 3.79693409169808094E-01 4.08154134370843025E-01 1.00000000000000000E+00 0.00000000000000000E+00 0.00000000000000000E+00 0.00000000000000000E+00 
-5.75310294697859548E-01 5.64676931960430895E-01 -8.14600208027349004E-02 -5.86107748061083900E-01 -1.32248814050822650E+00 1.90781498835371904E-01 1.37267967221491305E+00 0.00000000000000000E+00 0.00000000000000000E+00 0.00000000000000000E+00 -1.32248814050822650E+00 1.90781498835371904E-01 1.37267967221491305E+00 1.00000000000000000E+00 0.00000000000000000E+00 0.00000000000000000E+00 0.00000000000000000E+00 
5.55570320712507448E-01 -3.49961477106630281E-01 6.41595377094694164E-01 -3.96514760602255822E-01 -8.26425545668014627E-01 1.51511193173985093E+00 -9.36359996264094940E-01 0.00000000000000000E+00 0.00000000000000000E+00 0.00000000000000000E+00 -8.26425545668014627E-01 1.51511193173985093E+00 -9.36359996264094940E-01 1.00000000000000000E+00 0.00000000000000000E+00 0.00000000000000000E+00 0.00000000000000000E+00 
5.19254417551447855E-01 7.01861755007175847E-01 3.57591753366557630E-02 -4.86298476340195740E-01 1.68327635414562393E+00 8.57612968059851266E-02 -1.16629054146443356E+00 0.00000000000000000E+00 0.00000000000000000E+00 0.00000000000000000E+00 1.68327635414562393E+00 8.57612968059851266E-02 -1.16629054146443356E+00 1.00000000000000000E+00 0.00000000000000000E+00 0.00000000000000000E+00 0.00000000000000000E+00 
5.48653762978547510E-01 -5.61461500781521572E-01 5.04720051897964428E-01 -3.59162499047099071E-01 -1.32975623069152116E+00 1.19537071167312159E+00 -8.50634585405817267E-01 0.00000000000000000E+00 0.00000000000000000E+00 0.00000000000000000E+00 -1.32975623069152116E+00 1.19537071167312159E+00 -8.50634585405817267E-01 1.00000000000000000E+00 0.00000000000000000E+00 0.00000000000000000E+00 0.00000000000000000E+00 
-8.06571097248025670E-01 -1.23802014496618554E-01 -5.52284212636844019E-01 1.70582164257569058E-01 2.64915875211796159E-01 1.18179705032460092E+00 -3.65017673771783180E-01 0.00000000000000000E+00 0.00000000000000000E+00 0.00000000000000000E+00 2.64915875211796159E-01 1.18179705032460092E+00 -3.65017673771783180E-01 1.00000000000000000E+00 0.00000000000000000E+00 0.00000000000000000E+00 0.00000000000000000E+00 
-2.81944589602700357E-01 6.95566948718773781E-01 -2.05025053965505966E-01 -6.28218588940394840E-01 -1.86316082519446780E+00 5.49184588824328190E-01 1.68276003730293167E+00 0.00000000000000000E+00 0.00000000000000000E+00 0.00000000000000000E+00 -1.86316082519446780E+00 5.49184588824328190E-01 1.68276003730293167E+00 1.00000000000000000E+00 0.00000000000000000E+00 0.00000000000000000E+00 0.00000000000000000E+00 
-9.32847997267797324E-01 -2.26672395172817676E-01 1.86146109153468714E-01 2.09198148431344461E-01 4.63773121134402111E-01 -3.80856089526519614E-01 -4.28020704327816359E-01 0.00000000000000000E+00 0.00000000000000000E+00 0.00000000000000000E+00 4.63773121134402111E-01 -3.80856089526519614E-01 -4.28020704327816359E-01 1.00000000000000000E+00 0.00000000000000000E+00 0.00000000000000000E+00 0.00000000000000000E+00 
-6.48074403822209599E-01 3.28144512856377635E-01 -6.80698422947613069E-01 9.47122103499376117E-02 -7.46054100893916217E-01 1.54760427194575323E+00 -2.15333275943653646E-01 0.00000000000000000E+00 0.00000000000000000E+00 0.00000000000000000E+00 -7.46054100893916217E-01 1.54760427194575323E+00 -2.15333275943653646E-01 1.00000000000000000E+00 0.00000000000000000E+00 0.00000000000000000E+00 0.00000000000000000E+00 
5.76111293934446045E-01 -6.00299632549992968E-01 5.39393808985315859E-01 1.29577957191160831E-01 -1.40544858082874002E+00 1.26285311907647535E+00 3.03373758980000130E-01 0.00000000000000000E+00 0.00000000000000000E+00 0.00000000000000000E+00 -1.40544858082874002E+00 1.26285311907647535E+00 3.03373758980000130E-01 1.00000000000000000E+00 0.00000000000000000E+00 0.00000000000000000E+00 0.00000000000000000E+00 
3.50319380351062637E-01 -7.69514554905191273E-01 4.51462789107795748E-01 2.85140371730350617E-01 -1.99295726756114044E+00 1.16923850348309255E+00 7.38481907187709896E-01 0.00000000000000000E+00 0.00000000000000000E+00 0.00000000000000000E+00 -1.99295726756114044E+00 1.16923850348309255E+00 7.38481907187709896E-01 1.00000000000000000E+00 0.00000000000000000E+00 0.00000000000000000E+00 0.00000000000000000E+00 
7.04004247024264007E-01 -3.32188607036239869E-01 -2.01096631869547599E-01 5.94633411588892380E-01 -7.38823527150361370E-01 -4.47260741966711228E-01 1.32252926562177286E+00 0.00000000000000000E+00 0.00000000000000000E+00 0.00000000000000000E+00 -7.38823527150361370E-01 -4.47260741966711228E-01 1.32252926562177286E+00 1.00000000000000000E+00 0.00000000000000000E+00 0.00000000000000000E+00 0.00000000000000000E+00 
2.83962781313991830E-01 5.42211969616462452E-01 4.76648981458613064E-01 -6.31012731494005163E-01 1.45090289079606971E+00 1.27546314697274576E+00 -1.68852450251400543E+00 0.00000000000000000E+00 0.00000000000000000E+00 0.00000000000000000E+00 1.45090289079606971E+00 1.27546314697274576E+00 -1.68852450251400543E+00 1.00000000000000000E+00 0.00000000000000000E+00 0.00000000000000000E+00 0.00000000000000000E+00 
5.23547988891156502E-01 7.82290760477506342E-01 7.20730345063970157E-02 -3.29733448555936004E-01 1.87270660150055046E+00 1.72533863787322050E-01 -7.89340788672140525E-01 0.00000000000000000E+00 0.00000000000000000E+00 0.00000000000000000E+00 1.87270660150055046E+00 1.72533863787322050E-01 -7.89340788672140525E-01 1.00000000000000000E+00 0.00000000000000000E+00 0.00000000000000000E+00 0.00000000000000000E+00 
5.55495302073895303E-01 7.59168619656069188E-01 -3.17299240140818062E-01 -1.20038196043549594E-01 1.79281497576020032E+00 -7.49318155141217912E-01 -2.83476252782432936E-01 0.00000000000000000E+00 0.00000000000000000E+00 0.00000000000000000E+00 1.79281497576020032E+00 -7.49318155141217912E-01 -2.83476252782432936E-01 1.00000000000000000E+00 0.00000000000000000E+00 0.00000000000000000E+00 0.00000000000000000E+00 
-7.93558815470460921E-01 4.88248070823530056E-01 2.94276780696477377E-02 -3.61956129233432677E-01 -1.04978196702144766E+00 -6.32724379570450135E-02 7.78241717742451877E-01 0.00000000000000000E+00 0.00000000000000000E+00 0.00000000000000000E+00 -1.04978196702144766E+00 -6.32724379570450135E-02 7.78241717742451877E-01 1.00000000000000000E+00 0.00000000000000000E+00 0.00000000000000000E+00 0.00000000000000000E+00 
6.42322088961561954E-01 5.11920387517560527E-01 -1.71663630233204828E-01 5.43959050785151832E-01 1.16655927768518697E+00 -3.91185436979290146E-01 1.23956867678468718E+00 0.00000000000000000E+00 0.00000000000000000E+00 0.00000000000000000E+00 1.16655927768518697E+00 -3.91185436979290146E-01 1.23956867678468718E+00 1.00000000000000000E+00 0.00000000000000000E+00 0.00000000000000000E+00 0.00000000000000000E+00 
-4.41118254122002729E-01 -4.00932088485355553E-01 5.43379851926949708E-01 -5.91106151907568655E-01 9.95308049932755123E-01 -1.34893254076348601E+00 1.46741238293244391E+00 0.00000000000000000E+00 0.00000000000000000E+00 0.00000000000000000E+00 9.95308049932755123E-01 -1.34893254076348601E+00 1.46741238293244391E+00 1.00000000000000000E+00 0.00000000000000000E+00 0.00000000000000000E+00 0.00000000000000000E+00 
-9.66155150629816883E-02 5.59609669923279096E-01 -6.44261205342705479E-01 5.12279180591830974E-01 -1.65751696579924745E+00 1.90824772275327104E+00 -1.51732802110640286E+00 0.00000000000000000E+00 0.00000000000000000E+00 0.00000000000000000E+00 -1.65751696579924745E+00 1.90824772275327104E+00 -1.51732802110640286E+00 1.00000000000000000E+00 0.00000000000000000E+00 0.00000000000000000E+00 0.00000000000000000E+00 
4.97041007995750461E-01 -3.17306966661725531E-01 5.21337200775316867E-01 6.16825784453162829E-01 -7.68366437631795796E-01 1.26243054786663578E+00 1.49365844571884598E+00 0.00000000000000000E+00 0.00000000000000000E+00 0.00000000000000000E+00 -7.68366437631795796E-01 1.26243054786663578E+00 1.49365844571884598E+00 1.00000000000000000E+00 0.00000000000000000E+00 0.00000000000000000E+00 0.00000000000000000E+00 
3.12443496622959394E-01 4.88674258675824980E-01 7.95639415594354915E-01 -1.74741096134609863E-01 1.28919066511799718E+00 2.09900744549883633E+00 -4.60991316709946586E-01 0.00000000000000000E+00 0.00000000000000000E+00 0.00000000000000000E+00 1.28919066511799718E+00 2.09900744549883633E+00 -4.60991316709946586E-01 1.00000000000000000E+00 0.00000000000000000E+00 0.00000000000000000E+00 0.00000000000000000E+00 
5.21392841198269896E-01 3.79872597428103451E-03 -2.04700412406738891E-01 -8.28391704442215548E-01 9.10210743582431404E-03 -4.90481587379126782E-01 -1.98490502969373739E+00 0.00000000000000000E+00 0.00000000000000000E+00 0.00000000000000000E+00 9.10210743582431404E-03 -4.90481587379126782E-01 -1.98490502969373739E+00 1.00000000000000000E+00 0.00000000000000000E+00 0.00000000000000000E+00 0.00000000000000000E+00 
1.62576559347064720E-01 1.46592036730839037E-01 -7.21783559622476423E-01 -6.56588250105560323E-01 4.18219113074997595E-01 -2.05920926449562502E+00 -1.87321059000501688E+00 0.00000000000000000E+00 0.00000000000000000E+00 0.00000000000000000E+00 4.18219113074997595E-01 -2.05920926449562502E+00 -1.87321059000501688E+00 1.00000000000000000E+00 0.00000000000000000E+00 0.00000000000000000E+00 0.00000000000000000E+00 
-7.86104117277792058E-01 1.00618495285609635E-02 -3.30549831168495886E-02 6.17127575201524281E-01 -2.16936880630215732E-02 7.12676621360622126E-02 -1.33054793490093681E+00 0.00000000000000000E+00 0.00000000000000000E+00 0.00000000000000000E+00 -2.16936880630215732E-02 7.12676621360622126E-02 -1.33054793490093681E+00 1.00000000000000000E+00 0.00000000000000000E+00 0.00000000000000000E+00 0.00000000000000000E+00 
-2.11609540701303889E-01 -5.36764399415421201E-01 -7.09093404168171459E-01 4.05329404274571925E-01 1.49116414690753940E+00 1.96990460294266700E+00 -1.12602973669618600E+00 0.00000000000000000E+00 0.00000000000000000E+00 0.00000000000000000E+00 1.49116414690753940E+00 1.96990460294266700E+00 -1.12602973669618600E+00 1.00000000000000000E+00 0.00000000000000000E+00 0.00000000000000000E+00 0.00000000000000000E+00 
-6.90628817387024418E-01 8.93893092182700966E-02 4.84511401973843903E-01 -5.29424299923436315E-01 -1.99847313943482319E-01 -1.08322016476298022E+00 1.18363174748062860E+00 0.00000000000000000E+00 0.00000000000000000E+00 0.00000000000000000E+00 -1.99847313943482319E-01 -1.08322016476298022E+00 1.18363174748062860E+00 1.00000000000000000E+00 0.00000000000000000E+00 0.00000000000000000E+00 0.00000000000000000E+00 
3.43913114503212769E-01 -6.36336988952527438E-01 6.05222232099687729E-01 3.32423007530771142E-01 -1.65313893172539350E+00 1.57230595046295063E+00 8.63601244452188888E-01 0.00000000000000000E+00 0.00000000000000000E+00 0.00000000000000000E+00 -1.65313893172539350E+00 1.57230595046295063E+00 8.63601244452188888E-01 1.00000000000000000E+00 0.00000000000000000E+00 0.00000000000000000E+00 0.00000000000000000E+00 
8.59862929602578235E-02 -9.49081494481091470E-01 -2.90892486356158997E-01 -8.50425519256217954E-02 -2.82868620119255265E+00 -8.66989364950317642E-01 -2.53464738850200100E-01 0.00000000000000000E+00 0.00000000000000000E+00 0.00000000000000000E+00 -2.82868620119255265E+00 -8.66989364950317642E-01 -2.53464738850200100E-01 1.00000000000000000E+00 0.00000000000000000E+00 0.00000000000000000E+00 0.00000000000000000E+00 
-3.06673922758941286E-01 -5.16427282448696623E-01 -5.85746695847347176E-01 5.44201043132234941E-01 1.36630269363470114E+00 1.54969986196142040E+00 -1.43978324999561291E+00 0.00000000000000000E+00 0.00000000000000000E+00 0.00000000000000000E+00 1.36630269363470114E+00 1.54969986196142040E+00 -1.43978324999561291E+00 1.00000000000000000E+00 0.00000000000000000E+00 0.00000000000000000E+00 0.00000000000000000E+00 
5.00784092403647407E-01 -5.06963717379589118E-01 -1.51800550643745147E-01 -6.84952315771235831E-01 -1.22562166719035259E+00 -3.66988874316414804E-01 -1.65592205205656740E+00 0.00000000000000000E+00 0.00000000000000000E+00 0.00000000000000000E+00 -1.22562166719035259E+00 -3.66988874316414804E-01 -1.65592205205656740E+00 1.00000000000000000E+00 0.00000000000000000E+00 0.00000000000000000E+00 0.00000000000000000E+00 
-6.74859560922314028E-01 6.82709078686049575E-01 -7.56401983141762463E-02 2.69724762137960039E-01 -1.53578548956806515E+00 1.70156106935826001E-01 -6.06758264685636206E-01 0.00000000000000000E+00 0.00000000000000000E+00 0.00000000000000000E+00 -1.53578548956806515E+00 1.70156106935826001E-01 -6.06758264685636206E-01 1.00000000000000000E+00 0.00000000000000000E+00 0.00000000000000000E+00 0.00000000000000000E+00 
-3.41857896600144762E-01 -6.50416089897874805E-01 -2.41200500848083810E-01 -6.33967197041548802E-01 1.69139463512513544E+00 6.27237301567987626E-01 1.64861960301406563E+00 0.00000000000000000E+00 0.00000000000000000E+00 0.00000000000000000E+00 1.69139463512513544E+00 6.27237301567987626E-01 1.64861960301406563E+00 1.00000000000000000E+00 0.00000000000000000E+00 0.00000000000000000E+00 0.00000000000000000E+00 
9.34047703775821581E-02 6.11983217889796594E-01 -7.85282139021245995E-01 9.16798921123485565E-03 1.81605016041631995E+00 -2.33031186616364483E+00 2.72058575971544508E-02 0.00000000000000000E+00 0.00000000000000000E+00 0.00000000000000000E+00 1.81605016041631995E+00 -2.33031186616364483E+00 2.72058575971544508E-02 1.00000000000000000E+00 0.00000000000000000E+00 0.00000000000000000E+00 0.00000000000000000E+00 
2.47878477208726994E-01 -7.16757381608237432E-01 -5.57558852012045914E-01 -3.37554799980381903E-01 -1.95365014238350154E+00 -1.51972614244506965E+00 -9.20065840918475319E-01 0.00000000000000000E+00 0.00000000000000000E+00 0.00000000000000000E+00 -1.95365014238350154E+00 -1.51972614244506965E+00 -9.20065840918475319E-01 1.00000000000000000E+00 0.00000000000000000E+00 0.00000000000000000E+00 0.00000000000000000E+00 
7.22614686446073073E-01 1.17751794425859299E-01 6.30805775647838352E-01 2.56995337022410786E-01 2.60022449381882070E-01 1.39296104715808822E+00 5.67503513115162228E-01 0.00000000000000000E+00 0.00000000000000000E+00 0.00000000000000000E+00 2.60022449381882070E-01 1.39296104715808822E+00 5.67503513115162228E-01 1.00000000000000000E+00 0.00000000000000000E+00 0.00000000000000000E+00 0.00000000000000000E+00 
5.13375173900829207E-01 -5.14106628982620051E-01 -3.07889530620194862E-01 -6.14283600459019419E-01 -1.23611561764481870E+00 -7.40288173412799289E-01 -1.47698066779091008E+00 0.00000000000000000E+00 0.00000000000000000E+00 0.00000000000000000E+00 -1.23611561764481870E+00 -7.40288173412799289E-01 -1.47698066779091008E+00 1.00000000000000000E+00 0.00000000000000000E+00 0.00000000000000000E+00 0.00000000000000000E+00 
6.52725381280378492E-02 6.17755899681001308E-01 -4.99520919245669437E-01 -6.03817849530470574E-01 1.86401008019607972E+00 -1.50724910797865341E+00 -1.82195355594065167E+00 0.00000000000000000E+00 0.00000000000000000E+00 0.00000000000000000E+00 1.86401008019607972E+00 -1.50724910797865341E+00 -1.82195355594065167E+00 1.00000000000000000E+00 0.00000000000000000E+00 0.00000000000000000E+00 0.00000000000000000E+00 
5.62484995042003222E-01 -5.23643122354239821E-01 -6.11667094075321605E-01 -1.87808084994101898E-01 -1.23297971861980638E+00 -1.44024258000622307E+00 -4.42216368181193920E-01 0.00000000000000000E+00 0.00000000000000000E+00 0.00000000000000000E+00 -1.23297971861980638E+00 -1.44024258000622307E+00 -4.42216368181193920E-01 1.00000000000000000E+00 0.00000000000000000E+00 0.00000000000000000E+00 0.00000000000000000E+00 
-7.44074223589872741E-01 1.55763368592023499E-01 -4.83985272247418385E-01 -4.33416173027248497E-01 -3.41160048430738772E-01 1.06004666188343477E+00 9.49287909713410927E-01 0.00000000000000000E+00 0.00000000000000000E+00 0.00000000000000000E+00 -3.41160048430738772E-01 1.06004666188343477E+00 9.49287909713410927E-01 1.00000000000000000E+00 0.00000000000000000E+00 0.00000000000000000E+00 0.00000000000000000E+00 
6.49305613370121715E-01 -9.52629707903605988E-02 3.53528399767607304E-01 -6.66591972198885552E-01 -2.16479038840352633E-01 8.03370790869809670E-01 -1.51478783669122641E+00 0.00000000000000000E+00 0.00000000000000000E+00 0.00000000000000000E+00 -2.16479038840352633E-01 8.03370790869809670E-01 -1.51478783669122641E+00 1.00000000000000000E+00 0.00000000000000000E+00 0.00000000000000000E+00 0.00000000000000000E+00 
6.71888912767050206E-01 5.46110994701923591E-01 -2.40626004629791918E-01 -4.38665243964335760E-01 1.22993938177716866E+00 -5.41932688125815520E-01 -9.87952383678177726E-01 0.00000000000000000E+00 0.00000000000000000E+00 0.00000000000000000E+00 1.22993938177716866E+00 -5.41932688125815520E-01 -9.87952383678177726E-01 1.00000000000000000E+00 0.00000000000000000E+00 0.00000000000000000E+00 0.00000000000000000E+00 
-4.84229259576293702E-01 6.31760272687329372E-01 -5.35209390502030535E-01 -2.82757653022284949E-01 -1.53844229663434362E+00 1.30332469371926196E+00 6.88562342257051152E-01 0.00000000000000000E+00 0.00000000000000000E+00 0.00000000000000000E+00 -1.53844229663434362E+00 1.30332469371926196E+00 6.88562342257051152E-01 1.00000000000000000E+00 0.00000000000000000E+00 0.00000000000000000E+00 0.00000000000000000E+00 
-6.85875080190229358E-01 6.60948233151282816E-01 -2.96515059279855719E-01 6.92937738076625370E-02 -1.48042449746435412E+00 6.64149074931438932E-01 -1.55207617058773756E-01 0.00000000000000000E+00 0.00000000000000000E+00 0.00000000000000000E+00 -1.48042449746435412E+00 6.64149074931438932E-01 -1.55207617058773756E-01 1.00000000000000000E+00 0.00000000000000000E+00 0.00000000000000000E+00 0.00000000000000000E+00 
2.84555177425353967E-01 6.25283236572471424E-01 -4.89384351188321465E-01 5.37170533326117750E-01 1.67269349287146873E+00 -1.30915075259810676E+00 1.43698343902867975E+00 0.00000000000000000E+00 0.00000000000000000E+00 0.00000000000000000E+00 1.67269349287146873E+00 -1.30915075259810676E+00 1.43698343902867975E+00 1.00000000000000000E+00 0.00000000000000000E+00 0.00000000000000000E+00 0.00000000000000000E+00 
-2.57988328376020870E-01 7.14288230231942212E-01 3.57599777182255829E-01 -5.43467336583411842E-01 -1.93679499820091472E+00 -9.69633028363712346E-01 1.47361355630699942E+00 0.00000000000000000E+00 0.00000000000000000E+00 0.00000000000000000E+00 -1.93679499820091472E+00 -9.69633028363712346E-01 1.47361355630699942E+00 1.00000000000000000E+00 0.00000000000000000E+00 0.00000000000000000E+00 0.00000000000000000E+00 
4.88821491823147936E-01 -7.24775680734857430E-01 1.64697344579489202E-01 -4.56758739856810148E-01 -1.76139039914138928E+00 4.00256699027569218E-01 -1.11004063807988596E+00 0.00000000000000000E+00 0.00000000000000000E+00 0.00000000000000000E+00 -1.76139039914138928E+00 4.00256699027569218E-01 -1.11004063807988596E+00 1.00000000000000000E+00 0.00000000000000000E+00 0.00000000000000000E+00 0.00000000000000000E+00 
5.40681533102885026E-01 5.14531322340265107E-01 6.60306919729620190E-01 8.31611077936865173E-02 1.22273579145994038E+00 1.56915792886976635E+00 1.97624631469090511E-01 0.00000000000000000E+00 0.00000000000000000E+00 0.00000000000000000E+00 1.22273579145994038E+00 1.56915792886976635E+00 1.97624631469090511E-01 1.00000000000000000E+00 0.00000000000000000E+00 0.00000000000000000E+00 0.00000000000000000E+00 
-6.95895784439108711E-01 -6.03971063401911312E-01 6.04431945894983655E-02 -3.83789827901753866E-01 1.34752931636210027E+00 -1.34855759852402168E-01 8.56279507011795338E-01 0.00000000000000000E+00 0.00000000000000000E+00 0.00000000000000000E+00 1.34752931636210027E+00 -1.34855759852402168E-01 8.56279507011795338E-01 1.00000000000000000E+00 0.00000000000000000E+00 0.00000000000000000E+00 0.00000000000000000E+00 
-5.04977835736321823E-01 1.60285841165116488E-01 5.44682874606790657E-01 6.50097223995868334E-01 -3.86796070293042638E-01 -1.31440926985431017E+00 -1.56879141490098561E+00 0.00000000000000000E+00 0.00000000000000000E+00 0.00000000000000000E+00 -3.86796070293042638E-01 -1.31440926985431017E+00 -1.56879141490098561E+00 1.00000000000000000E+00 0.00000000000000000E+00 0.00000000000000000E+00 0.00000000000000000E+00 
2.18788385498478760E-01 5.94830034471472091E-01 -5.00947563906183002E-01 -5.89372896117642320E-01 1.64619061364589703E+00 -1.38637111416855818E+00 -1.63108799707505803E+00 0.00000000000000000E+00 0.00000000000000000E+00 0.00000000000000000E+00 1.64619061364589703E+00 -1.38637111416855818E+00 -1.63108799707505803E+00 1.00000000000000000E+00 0.00000000000000000E+00 0.00000000000000000E+00 0.00000000000000000E+00 
-1.35764045805746247E-01 5.13374127545603520E-01 8.36665117640989942E-01 1.34188710240594367E-01 -1.48675060679916538E+00 -2.42301336315383153E+00 -3.88615506063029692E-01 0.00000000000000000E+00 0.00000000000000000E+00 0.00000000000000000E+00 -1.48675060679916538E+00 -2.42301336315383153E+00 -3.88615506063029692E-01 1.00000000000000000E+00 0.00000000000000000E+00 0.00000000000000000E+00 0.00000000000000000E+00 
-2.75287841962173041E-01 -4.20198075742401644E-01 7.17753223242572902E-02 -8.61683517490871798E-01 1.12934985179193581E+00 -1.92907712597215869E-01 2.31591292047335573E+00 0.00000000000000000E+00 0.00000000000000000E+00 0.00000000000000000E+00 1.12934985179193581E+00 -1.92907712597215869E-01 2.31591292047335573E+00 1.00000000000000000E+00 0.00000000000000000E+00 0.00000000000000000E+00 0.00000000000000000E+00 
-8.18443221368252538E-01 -2.83848871536879932E-01 2.73453683801991088E-01 -4.18095197698703458E-01 6.04760477452938150E-01 -5.82612780815195852E-01 8.90781950310471804E-01 0.00000000000000000E+00 0.00000000000000000E+00 0.00000000000000000E+00 6.04760477452938150E-01 -5.82612780815195852E-01 8.90781950310471804E-01 1.00000000000000000E+00 0.00000000000000000E+00 0.00000000000000000E+00 0.00000000000000000E+00 
6.90876185297791157E-01 7.59213036695731147E-02 -7.15362398877782080E-01 7.19909057403058938E-02 1.69720578500301034E-01 -1.59917854813599947E+00 1.60934251368790499E-01 0.00000000000000000E+00 0.00000000000000000E+00 0.00000000000000000E+00 1.69720578500301034E-01 -1.59917854813599947E+00 1.60934251368790499E-01 1.00000000000000000E+00 0.00000000000000000E+00 0.00000000000000000E+00 0.00000000000000000E+00 
-1.27515791718036953E-01 -2.78198839622413319E-01 8.88611559899993853E-01 3.41635220823855834E-01 8.09452173258051300E-01 -2.58551962085655918E+00 -9.94027769248412296E-01 0.00000000000000000E+00 0.00000000000000000E+00 0.00000000000000000E+00 8.09452173258051300E-01 -2.58551962085655918E+00 -9.94027769248412296E-01 1.00000000000000000E+00 0.00000000000000000E+00 0.00000000000000000E+00 0.00000000000000000E+00 
6.96732979133480534E-01 -5.20587397231083937E-01 2.50489549151574842E-01 -4.25213950144855302E-01 -1.16111278985520405E+00 5.58689320548136914E-01 -9.48392831951108795E-01 0.00000000000000000E+00 0.00000000000000000E+00 0.00000000000000000E+00 -1.16111278985520405E+00 5.58689320548136914E-01 -9.48392831951108795E-01 1.00000000000000000E+00 0.00000000000000000E+00 0.00000000000000000E+00 0.00000000000000000E+00 
-4.93132494458699167E-01 -4.07450932373321584E-01 -7.48888189242596369E-01 1.73120075756676178E-01 9.88340145366152556E-01 1.81655311845222145E+00 -4.19931597266252232E-01 0.00000000000000000E+00 0.00000000000000000E+00 0.00000000000000000E+00 9.88340145366152556E-01 1.81655311845222145E+00 -4.19931597266252232E-01 1.00000000000000000E+00 0.00000000000000000E+00 0.00000000000000000E+00 0.00000000000000000E+00 
3.10888988704373204E-01 5.69117749605169365E-01 6.46106464178705875E-01 -4.02491566039849480E-01 1.50256555761967392E+00 1.70582857467345961E+00 -1.06264470715145820E+00 0.00000000000000000E+00 0.00000000000000000E+00 0.00000000000000000E+00 1.50256555761967392E+00 1.70582857467345961E+00 -1.06264470715145820E+00 1.00000000000000000E+00 0.00000000000000000E+00 0.00000000000000000E+00 0.00000000000000000E+00 
-1.77124807685484414E-01 -7.65305601960264759E-01 -4.29900050251287635E-01 -4.45106824149615887E-01 2.16597884826469400E+00 1.21670926402099444E+00 1.25974769276077647E+00 0.00000000000000000E+00 0.00000000000000000E+00 0.00000000000000000E+00 2.16597884826469400E+00 1.21670926402099444E+00 1.25974769276077647E+00 1.00000000000000000E+00 0.00000000000000000E+00 0.00000000000000000E+00 0.00000000000000000E+00 
-5.59321059901148665E-01 -3.91664232433311221E-01 6.24095427430666622E-02 -7.27917667018792680E-01 9.23446383840619722E-01 -1.47146105747719746E-01 1.71624795342183534E+00 0.00000000000000000E+00 0.00000000000000000E+00 0.00000000000000000E+00 9.23446383840619722E-01 -1.47146105747719746E-01 1.71624795342183534E+00 1.00000000000000000E+00 0.00000000000000000E+00 0.00000000000000000E+00 0.00000000000000000E+00 
2.68509028261698257E-01 4.20611266852022991E-01 -8.64001746050684805E-01 -6.70078111899124890E-02 1.13436429272494022E+00 -2.33016280545026166E+00 -1.80716196492742204E-01 0.00000000000000000E+00 0.00000000000000000E+00 0.00000000000000000E+00 1.13436429272494022E+00 -2.33016280545026166E+00 -1.80716196492742204E-01 1.00000000000000000E+00 0.00000000000000000E+00 0.00000000000000000E+00 0.00000000000000000E+00 
3.26153701239450200E-01 5.09923724425298541E-01 -7.30039625965777761E-01 -3.17243917129685971E-01 1.33621535488450371E+00 -1.91301190974988078E+00 -8.31312945460912278E-01 0.00000000000000000E+00 0.00000000000000000E+00 0.00000000000000000E+00 1.33621535488450371E+00 -1.91301190974988078E+00 -8.31312945460912278E-01 1.00000000000000000E+00 0.00000000000000000E+00 0.00000000000000000E+00 0.00000000000000000E+00 
6.89564727343502049E-01 -2.64075064206091503E-01 -3.00785273256282293E-01 6.03566952922684363E-01 -5.90636633880506245E-01 -6.72743569526398244E-01 1.34995234959993993E+00 0.00000000000000000E+00 0.00000000000000000E+00 0.00000000000000000E+00 -5.90636633880506245E-01 -6.72743569526398244E-01 1.34995234959993993E+00 1.00000000000000000E+00 0.00000000000000000E+00 0.00000000000000000E+00 0.00000000000000000E+00 
3.92444738096971238E-02 3.54329024369534062E-01 6.67252875038891191E-02 -9.31911234921147025E-01 1.08617615184100713E+00 2.04542701915024688E-01 -2.85672267691058845E+00 0.00000000000000000E+00 0.00000000000000000E+00 0.00000000000000000E+00 1.08617615184100713E+00 2.04542701915024688E-01 -2.85672267691058845E+00 1.00000000000000000E+00 0.00000000000000000E+00 0.00000000000000000E+00 0.00000000000000000E+00 
8.66272619506546077E-02 4.27451176850539294E-01 4.01736410195323246E-01 -8.05226095962740529E-01 1.27351409064147125E+00 1.19690155698496525E+00 -2.39902668397455798E+00 0.00000000000000000E+00 0.00000000000000000E+00 0.00000000000000000E+00 1.27351409064147125E+00 1.19690155698496525E+00 -2.39902668397455798E+00 1.00000000000000000E+00 0.00000000000000000E+00 0.00000000000000000E+00 0.00000000000000000E+00 
-7.06782368110579928E-01 6.51713132132096251E-01 2.28039102132101268E-01 -1.54035208421187370E-01 -1.44792409327450899E+00 -5.06639031663444817E-01 3.42223101682706865E-01 0.00000000000000000E+00 0.00000000000000000E+00 0.00000000000000000E+00 -1.44792409327450899E+00 -5.06639031663444817E-01 3.42223101682706865E-01 1.00000000000000000E+00 0.00000000000000000E+00 0.00000000000000000E+00 0.00000000000000000E+00 
-5.45022682419663784E-01 -6.02396011982932911E-01 -5.82516789053143191E-01 2.72673956649366646E-02 1.42890129865086735E+00 1.38174718923529682E+00 -6.46790753946075714E-02 0.00000000000000000E+00 0.00000000000000000E+00 0.00000000000000000E+00 1.42890129865086735E+00 1.38174718923529682E+00 -6.46790753946075714E-02 1.00000000000000000E+00 0.00000000000000000E+00 0.00000000000000000E+00 0.00000000000000000E+00 
3.65436128355885875E-03 -5.07328933903676393E-01 7.11384258274237236E-01 4.86350116220179207E-01 -1.59012353459792077E+00 2.22969512604049980E+00 1.52436952472924347E+00 0.00000000000000000E+00 0.00000000000000000E+00 0.00000000000000000E+00 -1.59012353459792077E+00 2.22969512604049980E+00 1.52436952472924347E+00 1.00000000000000000E+00 0.00000000000000000E+00 0.00000000000000000E+00 0.00000000000000000E+00 
6.59000161708336973E-01 5.76647348131791637E-01 -4.77454551905923230E-01 7.23448244539458829E-02 1.30534868453286546E+00 -1.08080731364463700E+00 1.63765985813805109E-01 0.00000000000000000E+00 0.00000000000000000E+00 0.00000000000000000E+00 1.30534868453286546E+00 -1.08080731364463700E+00 1.63765985813805109E-01 1.00000000000000000E+00 0.00000000000000000E+00 0.00000000000000000E+00 0.00000000000000000E+00 
7.60654332689852830E-01 3.15674738920948605E-01 4.62341012779749760E-01 3.28626282073027187E-01 6.87095811433347414E-01 1.00632877505719431E+00 7.15286065369440616E-01 0.00000000000000000E+00 0.00000000000000000E+00 0.00000000000000000E+00 6.87095811433347414E-01 1.00632877505719431E+00 7.15286065369440616E-01 1.00000000000000000E+00 0.00000000000000000E+00 0.00000000000000000E+00 0.00000000000000000E+00 
-3.13201389404560049E-01 -3.79464880253140735E-01 -7.53564028375690809E-01 4.35950168560265083E-01 1.00070659322119848E+00 1.98726293486454653E+00 -1.14966688802168626E+00 0.00000000000000000E+00 0.00000000000000000E+00 0.00000000000000000E+00 1.00070659322119848E+00 1.98726293486454653E+00 -1.14966688802168626E+00 1.00000000000000000E+00 0.00000000000000000E+00 0.00000000000000000E+00 0.00000000000000000E+00 
2.55450249376912408E-01 -5.52092226934716268E-01 -7.93643151803207658E-01 8.36006264387626451E-03 -1.49895530805822341E+00 -2.15477696852295741E+00 2.26979473073063223E-02 0.00000000000000000E+00 0.00000000000000000E+00 0.00000000000000000E+00 -1.49895530805822341E+00 -2.15477696852295741E+00 2.26979473073063223E-02 1.00000000000000000E+00 0.00000000000000000E+00 0.00000000000000000E+00 0.00000000000000000E+00 
3.49397447760645297E-01 7.20931885416444540E-02 -8.28113813171985402E-01 -4.32378894140312886E-01 1.86796186553081583E-01 -2.14567430656923319E+00 -1.12031011812987424E+00 0.00000000000000000E+00 0.00000000000000000E+00 0.00000000000000000E+00 1.86796186553081583E-01 -2.14567430656923319E+00 -1.12031011812987424E+00 1.00000000000000000E+00 0.00000000000000000E+00 0.00000000000000000E+00 0.00000000000000000E+00 
4.07947357898368723E-01 1.42086589863805707E-01 -2.75347554760524027E-01 -8.58821330808693495E-01 3.58121936293069099E-01 -6.93999339127777559E-01 -2.16461495918656288E+00 0.00000000000000000E+00 0.00000000000000000E+00 0.00000000000000000E+00 3.58121936293069099E-01 -6.93999339127777559E-01 -2.16461495918656288E+00 1.00000000000000000E+00 0.00000000000000000E+00 0.00000000000000000E+00 0.00000000000000000E+00 
-4.66535530161486800E-01 -5.26164145778837522E-01 5.30080355451842289E-01 4.73825608803297216E-01 1.29137570203748253E+00 -1.30098733760097507E+00 -1.16292013266310579E+00 0.00000000000000000E+00 0.00000000000000000E+00 0.00000000000000000E+00 1.29137570203748253E+00 -1.30098733760097507E+00 -1.16292013266310579E+00 1.00000000000000000E+00 0.00000000000000000E+00 0.00000000000000000E+00 0.00000000000000000E+00 
4.32775698754833738E-01 3.88861725286985038E-01 4.79730427628556833E-01 -6.56772768909778093E-01 9.69005296574570574E-01 1.19544119431394691E+00 -1.63661335208508363E+00 0.00000000000000000E+00 0.00000000000000000E+00 0.00000000000000000E+00 9.69005296574570574E-01 1.19544119431394691E+00 -1.63661335208508363E+00 1.00000000000000000E+00 0.00000000000000000E+00 0.00000000000000000E+00 0.00000000000000000E+00 
-7.60883868619407711E-01 -3.30133373450853806E-01 -2.41589663907672614E-01 -5.03688523297583735E-01 7.18504474267873450E-01 5.25797354687545737E-01 1.09623105911334817E+00 0.00000000000000000E+00 0.00000000000000000E+00 0.00000000000000000E+00 7.18504474267873450E-01 5.25797354687545737E-01 1.09623105911334817E+00 1.00000000000000000E+00 0.00000000000000000E+00 0.00000000000000000E+00 0.00000000000000000E+00 
4.93489928930313515E-01 3.68713787777263310E-02 2.89252678253680284E-01 -8.19415083821658841E-01 8.94236795208089158E-02 7.01520790872030009E-01 -1.98731683704894802E+00 0.00000000000000000E+00 0.00000000000000000E+00 0.00000000000000000E+00 8.94236795208089158E-02 7.01520790872030009E-01 -1.98731683704894802E+00 1.00000000000000000E+00 0.00000000000000000E+00 0.00000000000000000E+00 0.00000000000000000E+00 
-3.85292479676151600E-01 5.50387580302013291E-01 -5.67815065947387954E-01 -4.75614620714566394E-01 -1.40194782797520490E+00 1.44633913788484247E+00 1.21148606605213094E+00 0.00000000000000000E+00 0.00000000000000000E+00 0.00000000000000000E+00 -1.40194782797520490E+00 1.44633913788484247E+00 1.21148606605213094E+00 1.00000000000000000E+00 0.00000000000000000E+00 0.00000000000000000E+00 0.00000000000000000E+00 
-7.98531098481985557E-01 -4.85628900092274718E-01 3.05202950933050610E-01 -1.82657643951955218E-01 1.04223889306863948E+00 -6.55015353660590605E-01 3.92013120732391640E-01 0.00000000000000000E+00 0.00000000000000000E+00 0.00000000000000000E+00 1.04223889306863948E+00 -6.55015353660590605E-01 3.92013120732391640E-01 1.00000000000000000E+00 0.00000000000000000E+00 0.00000000000000000E+00 0.00000000000000000E+00 
3.67924488397828486E-01 2.00526125689882401E-01 -3.36430106996922718E-01 -8.43347868236495102E-01 5.14988049762205025E-01 -8.64014522235278748E-01 -2.16587276316254629E+00 0.00000000000000000E+00 0.00000000000000000E+00 0.00000000000000000E+00 5.14988049762205025E-01 -8.64014522235278748E-01 -2.16587276316254629E+00 1.00000000000000000E+00 0.00000000000000000E+00 0.00000000000000000E+00 0.00000000000000000E+00 
6.49656584617380850E-01 -5.77018980647581392E-01 -4.78442829887703425E-01 -1.26837993380343378E-01 -1.31105530247207369E+00 -1.08707864055017067E+00 -2.88190907670991869E-01 0.00000000000000000E+00 0.00000000000000000E+00 0.00000000000000000E+00 -1.31105530247207369E+00 -1.08707864055017067E+00 -2.88190907670991869E-01 1.00000000000000000E+00 0.00000000000000000E+00 0.00000000000000000E+00 0.00000000000000000E+00 
-2.49114097133600124E-02 -7.63270303176641352E-01 -4.10318468242299561E-01 -4.98434168746509643E-01 2.36058474186710532E+00 1.26900196615522765E+00 1.54151954906586797E+00 0.00000000000000000E+00 0.00000000000000000E+00 0.00000000000000000E+00 2.36058474186710532E+00 1.26900196615522765E+00 1.54151954906586797E+00 1.00000000000000000E+00 0.00000000000000000E+00 0.00000000000000000E+00 0.00000000000000000E+00 
-4.97323987691070724E-01 -5.32057636376091603E-01 6.74812305724535183E-02 -6.81930939583595630E-01 1.28823111346675856E+00 -1.63387225095685484E-01 1.65110806338702809E+00 0.00000000000000000E+00 0.00000000000000000E+00 0.00000000000000000E+00 1.28823111346675856E+00 -1.63387225095685484E-01 1.65110806338702809E+00 1.00000000000000000E+00 0.00000000000000000E+00 0.00000000000000000E+00 0.00000000000000000E+00 
3.40875915840618771E-01 3.87563926004955761E-01 -5.66498051229585520E-01 6.42400008727059491E-01 1.00833165440499850E+00 -1.47386760966558983E+00 1.67134302272822666E+00 0.00000000000000000E+00 0.00000000000000000E+00 0.00000000000000000E+00 1.00833165440499850E+00 -1.47386760966558983E+00 1.67134302272822666E+00 1.00000000000000000E+00 0.00000000000000000E+00 0.00000000000000000E+00 0.00000000000000000E+00 
7.11305765039410787E-01 5.11330328347038177E-01 6.12206056564744156E-03 -4.82232230682105412E-01 1.13405094001407414E+00 1.35777757633487560E-02 -1.06951589646167577E+00 0.00000000000000000E+00 0.00000000000000000E+00 0.00000000000000000E+00 1.13405094001407414E+00 1.35777757633487560E-02 -1.06951589646167577E+00 1.00000000000000000E+00 0.00000000000000000E+00 0.00000000000000000E+00 0.00000000000000000E+00 
-3.17985875985954292E-01 -1.16482147614619377E-01 -8.82030964524673000E-01 -3.27625196803002450E-01 3.06457754260310911E-01 2.32057215729392929E+00 8.61962833854371224E-01 0.00000000000000000E+00 0.00000000000000000E+00 0.00000000000000000E+00 3.06457754260310911E-01 2.32057215729392929E+00 8.61962833854371224E-01 1.00000000000000000E+00 0.00000000000000000E+00 0.00000000000000000E+00 0.00000000000000000E+00 
-3.51808550119224128E-01 -6.02079595479244500E-01 5.77842310696298767E-01 4.24062694350399949E-01 1.55820350550365760E+00 -1.49547654648320627E+00 -1.09748940480893320E+00 0.00000000000000000E+00 0.00000000000000000E+00 0.00000000000000000E+00 1.55820350550365760E+00 -1.49547654648320627E+00 -1.09748940480893320E+00 1.00000000000000000E+00 0.00000000000000000E+00 0.00000000000000000E+00 0.00000000000000000E+00 
5.94025594847910732E-01 -6.33282066560379109E-01 4.68527836009770382E-01 -1.63000256817598527E-01 -1.47170986189439557E+00 1.08883082790072416E+00 -3.78802903345609232E-01 0.00000000000000000E+00 0.00000000000000000E+00 0.00000000000000000E+00 -1.47170986189439557E+00 1.08883082790072416E+00 -3.78802903345609232E-01 1.00000000000000000E+00 0.00000000000000000E+00 0.00000000000000000E+00 0.00000000000000000E+00 
-6.48696812353602020E-02 3.27176813918285625E-01 7.85956806226106197E-01 5.20595001548767589E-01 -9.87458577214985200E-01 -2.37211121513733048E+00 -1.57121769534368694E+00 0.00000000000000000E+00 0.00000000000000000E+00 0.00000000000000000E+00 -9.87458577214985200E-01 -2.37211121513733048E+00 -1.57121769534368694E+00 1.00000000000000000E+00 0.00000000000000000E+00 0.00000000000000000E+00 0.00000000000000000E+00 
-4.72111889990256384E-01 5.92028355240688975E-01 -1.96268093256217024E-01 6.22970003684287899E-01 -1.44943061982627852E+00 4.80512430768331056E-01 -1.52518336424308854E+00 0.00000000000000000E+00 0.00000000000000000E+00 0.00000000000000000E+00 -1.44943061982627852E+00 4.80512430768331056E-01 -1.52518336424308854E+00 1.00000000000000000E+00 0.00000000000000000E+00 0.00000000000000000E+00 0.00000000000000000E+00 
-2.75623575314626279E-01 7.27396176324399235E-01 -1.14461692528580905E-01 -6.17919872105533452E-01 -1.95466121240322233E+00 3.07581807512638750E-01 1.66047615548530048E+00 0.00000000000000000E+00 0.00000000000000000E+00 0.00000000000000000E+00 -1.95466121240322233E+00 3.07581807512638750E-01 1.66047615548530048E+00 1.00000000000000000E+00 0.00000000000000000E+00 0.00000000000000000E+00 0.00000000000000000E+00 
-7.01683391988602634E-01 -4.51763173821208841E-01 1.04022192496070254E-01 5.41045132733552814E-01 1.00567395769887269E+00 -2.31564713721970378E-01 -1.20442530834796324E+00 0.00000000000000000E+00 0.00000000000000000E+00 0.00000000000000000E+00 1.00567395769887269E+00 -2.31564713721970378E-01 -1.20442530834796324E+00 1.00000000000000000E+00 0.00000000000000000E+00 0.00000000000000000E+00 0.00000000000000000E+00 
-2.89594349595774569E-01 -6.00570585930857992E-01 -7.41560121778669257E-01 -7.44222398512104366E-02 1.60251800323239024E+00 1.97872402256865465E+00 1.98582784432559917E-01 0.00000000000000000E+00 0.00000000000000000E+00 0.00000000000000000E+00 1.60251800323239024E+00 1.97872402256865465E+00 1.98582784432559917E-01 1.00000000000000000E+00 0.00000000000000000E+00 0.00000000000000000E+00 0.00000000000000000E+00 
-6.28876343979591468E-01 -5.60305676378305972E-01 1.23501077314722030E-02 -5.38905898873015432E-01 1.28374218207795443E+00 -2.82959015346355876E-02 1.23471216466282474E+00 0.00000000000000000E+00 0.00000000000000000E+00 0.00000000000000000E+00 1.28374218207795443E+00 -2.82959015346355876E-02 1.23471216466282474E+00 1.00000000000000000E+00 0.00000000000000000E+00 0.00000000000000000E+00 0.00000000000000000E+00 
1.58979990659154274E-01 -6.33169878988629864E-01 -3.40822252205019549E-01 -6.76506806553664242E-01 -1.81000125345320551E+00 -9.74286244761348952E-01 -1.93388568923656279E+00 0.00000000000000000E+00 0.00000000000000000E+00 0.00000000000000000E+00 -1.81000125345320551E+00 -9.74286244761348952E-01 -1.93388568923656279E+00 1.00000000000000000E+00 0.00000000000000000E+00 0.00000000000000000E+00 0.00000000000000000E+00 
-1.42764072879522391E-01 -9.59220297121428533E-01 -2.15117209818302846E-01 1.15062709533181068E-01 2.76699911182444636E+00 6.20534334283427302E-01 -3.31913759579383072E-01 0.00000000000000000E+00 0.00000000000000000E+00 0.00000000000000000E+00 2.76699911182444636E+00 6.20534334283427302E-01 -3.31913759579383072E-01 1.00000000000000000E+00 0.00000000000000000E+00 0.00000000000000000E+00 0.00000000000000000E+00 
-9.29629682572059857E-02 -7.25574428599637167E-01 6.22229563474739789E-01 -2.78801014046137219E-01 2.15368752145952058E+00 -1.84693395124898418E+00 8.27551580173930268E-01 0.00000000000000000E+00 0.00000000000000000E+00 0.00000000000000000E+00 2.15368752145952058E+00 -1.84693395124898418E+00 8.27551580173930268E-01 1.00000000000000000E+00 0.00000000000000000E+00 0.00000000000000000E+00 0.00000000000000000E+00 
3.09325182526467402E-01 6.51691390608963195E-01 1.36353949962562199E-01 -6.78987380730106671E-01 1.72190529104836632E+00 3.60275724490522087E-01 -1.79402701996990599E+00 0.00000000000000000E+00 0.00000000000000000E+00 0.00000000000000000E+00 1.72190529104836632E+00 3.60275724490522087E-01 -1.79402701996990599E+00 1.00000000000000000E+00 0.00000000000000000E+00 0.00000000000000000E+00 0.00000000000000000E+00 
2.15215625305516051E-01 -4.42710567243026543E-01 -6.96013817040062155E-01 5.22737366910991041E-01 -1.22752232211014167E+00 -1.92986696078738862E+00 1.44941601570597767E+00 0.00000000000000000E+00 0.00000000000000000E+00 0.00000000000000000E+00 -1.22752232211014167E+00 -1.92986696078738862E+00 1.44941601570597767E+00 1.00000000000000000E+00 0.00000000000000000E+00 0.00000000000000000E+00 0.00000000000000000E+00 
-3.61602128060076022E-01 2.20273015967146046E-01 -3.13763972226355436E-01 -8.49868148098221643E-01 -5.67407378956127584E-01 8.08233329489496666E-01 2.18919896408298031E+00 0.00000000000000000E+00 0.00000000000000000E+00 0.00000000000000000E+00 -5.67407378956127584E-01 8.08233329489496666E-01 2.18919896408298031E+00 1.00000000000000000E+00 0.00000000000000000E+00 0.00000000000000000E+00 0.00000000000000000E+00 
6.09923464456198716E-01 1.74365405603628482E-01 -2.42109258884234735E-01 7.34147927598353234E-01 4.02581941951752620E-01 -5.58991706346172901E-01 1.69503060167944963E+00 0.00000000000000000E+00 0.00000000000000000E+00 0.00000000000000000E+00 4.02581941951752620E-01 -5.58991706346172901E-01 1.69503060167944963E+00 1.00000000000000000E+00 0.00000000000000000E+00 0.00000000000000000E+00 0.00000000000000000E+00 
5.12967635191809990E-01 -8.55908424763351827E-01 6.40449852707024175E-02 1.35356391247493900E-02 -2.05830500818133277E+00 1.54016609858740716E-01 3.25507647703198386E-02 0.00000000000000000E+00 0.00000000000000000E+00 0.00000000000000000E+00 -2.05830500818133277E+00 1.54016609858740716E-01 3.25507647703198386E-02 1.00000000000000000E+00 0.00000000000000000E+00 0.00000000000000000E+00 0.00000000000000000E+00 
6.17361121652110212E-01 7.35517442084969497E-01 2.45101843080003740E-01 -1.33433220676175024E-01 1.69305635389071840E+00 5.64189520238443598E-01 -3.07144262202013962E-01 0.00000000000000000E+00 0.00000000000000000E+00 0.00000000000000000E+00 1.69305635389071840E+00 5.64189520238443598E-01 -3.07144262202013962E-01 1.00000000000000000E+00 0.00000000000000000E+00 0.00000000000000000E+00 0.00000000000000000E+00 
-5.80299075598783132E-01 4.80128908168576618E-01 1.98699083682491368E-01 6.27094800284443976E-01 -1.12214381568361832E+00 -4.64393924512505107E-01 -1.46562837607660135E+00 0.00000000000000000E+00 0.00000000000000000E+00 0.00000000000000000E+00 -1.12214381568361832E+00 -4.64393924512505107E-01 -1.46562837607660135E+00 1.00000000000000000E+00 0.00000000000000000E+00 0.00000000000000000E+00 0.00000000000000000E+00 
-1.66335415005005760E-01 5.18474399252943141E-01 5.57226722633829552E-01 -6.26909249108013600E-01 -1.47611200714245694E+00 -1.58644102228691897E+00 1.78482924389395015E+00 0.00000000000000000E+00 0.00000000000000000E+00 0.00000000000000000E+00 -1.47611200714245694E+00 -1.58644102228691897E+00 1.78482924389395015E+00 1.00000000000000000E+00 0.00000000000000000E+00 0.00000000000000000E+00 0.00000000000000000E+00 
-6.46545783401946128E-02 2.58240296933815672E-01 6.86723032880048323E-01 6.76419404401747193E-01 -7.79500622061975235E-01 -2.07287955315306993E+00 -2.04177795939061513E+00 0.00000000000000000E+00 0.00000000000000000E+00 0.00000000000000000E+00 -7.79500622061975235E-01 -2.07287955315306993E+00 -2.04177795939061513E+00 1.00000000000000000E+00 0.00000000000000000E+00 0.00000000000000000E+00 0.00000000000000000E+00 
-8.09038714226737454E-02 -8.08907416102987220E-01 -4.76722507232436421E-01 -3.34453295484484325E-01 2.41815383320018240E+00 1.42511780123196319E+00 9.99817163747291793E-01 0.00000000000000000E+00 0.00000000000000000E+00 0.00000000000000000E+00 2.41815383320018240E+00 1.42511780123196319E+00 9.99817163747291793E-01 1.00000000000000000E+00 0.00000000000000000E+00 0.00000000000000000E+00 0.00000000000000000E+00 
4.64773869342563817E-01 5.49294781868142734E-01 5.10036136282567387E-01 4.71299939183871863E-01 1.34920421903862309E+00 1.25277524864560919E+00 1.15762954131278861E+00 0.00000000000000000E+00 0.00000000000000000E+00 0.00000000000000000E+00 1.34920421903862309E+00 1.25277524864560919E+00 1.15762954131278861E+00 1.00000000000000000E+00 0.00000000000000000E+00 0.00000000000000000E+00 0.00000000000000000E+00 
-8.59188641924992447E-01 3.38790095374384204E-01 3.46727983046894450E-01 1.63694394025986512E-01 -7.11290510781997787E-01 -7.27956122481390966E-01 -3.43676721157465948E-01 0.00000000000000000E+00 0.00000000000000000E+00 0.00000000000000000E+00 -7.11290510781997787E-01 -7.27956122481390966E-01 -3.43676721157465948E-01 1.00000000000000000E+00 0.00000000000000000E+00 0.00000000000000000E+00 0.00000000000000000E+00 
2.20040376943925475E-01 4.46917917285802879E-01 -4.63231948376372105E-01 -7.32982107371473068E-01 1.23602536251847850E+00 -1.28114451172449106E+00 -2.02718315811896277E+00 0.00000000000000000E+00 0.00000000000000000E+00 0.00000000000000000E+00 1.23602536251847850E+00 -1.28114451172449106E+00 -2.02718315811896277E+00 1.00000000000000000E+00 0.00000000000000000E+00 0.00000000000000000E+00 0.00000000000000000E+00 
-7.85001486246996838E-01 5.98337572929778738E-01 1.00282886487565059E-01 -1.25332190949611538E-01 -1.29056324788288190E+00 -2.16301655700387230E-01 2.70330874633525953E-01 0.00000000000000000E+00 0.00000000000000000E+00 0.00000000000000000E+00 -1.29056324788288190E+00 -2.16301655700387230E-01 2.70330874633525953E-01 1.00000000000000000E+00 0.00000000000000000E+00 0.00000000000000000E+00 0.00000000000000000E+00 
4.34783165225579971E-01 -7.58300025300055136E-01 4.31272221612291173E-01 -2.23492598830387607E-01 -1.88788507061221966E+00 1.07370745270572510E+00 -5.56413459906268670E-01 0.00000000000000000E+00 0.00000000000000000E+00 0.00000000000000000E+00 -1.88788507061221966E+00 1.07370745270572510E+00 -5.56413459906268670E-01 1.00000000000000000E+00 0.00000000000000000E+00 0.00000000000000000E+00 0.00000000000000000E+00 
1.00107541494886099E-01 2.98425808620175259E-01 -2.79979585233012418E-01 9.06935471099237001E-01 8.82113921528072220E-01 -8.27588910689807222E-01 2.68080166619400018E+00 0.00000000000000000E+00 0.00000000000000000E+00 0.00000000000000000E+00 8.82113921528072220E-01 -8.27588910689807222E-01 2.68080166619400018E+00 1.00000000000000000E+00 0.00000000000000000E+00 0.00000000000000000E+00 0.00000000000000000E+00 
-6.34298686884442575E-01 6.23228918020023337E-01 4.26986017231353820E-01 1.64115302909780630E-01 -1.42479099953697830E+00 -9.76151485736783786E-01 -3.75191201356654180E-01 0.00000000000000000E+00 0.00000000000000000E+00 0.00000000000000000E+00 -1.42479099953697830E+00 -9.76151485736783786E-01 -3.75191201356654180E-01 1.00000000000000000E+00 0.00000000000000000E+00 0.00000000000000000E+00 0.00000000000000000E+00 
-1.12544387685638257E-02 -6.05467032916021664E-01 -4.50578611807939955E-01 6.55943537388016029E-01 1.88862172404639517E+00 1.40548123743869158E+00 -2.04607211806802303E+00 0.00000000000000000E+00 0.00000000000000000E+00 0.00000000000000000E+00 1.88862172404639517E+00 1.40548123743869158E+00 -2.04607211806802303E+00 1.00000000000000000E+00 0.00000000000000000E+00 0.00000000000000000E+00 0.00000000000000000E+00 
4.93376852820717304E-01 8.31261855127191529E-01 -8.09136621661910999E-02 2.42973226068387421E-01 2.01614846057206831E+00 -1.96248576076732739E-01 5.89309003747144566E-01 0.00000000000000000E+00 0.00000000000000000E+00 0.00000000000000000E+00 2.01614846057206831E+00 -1.96248576076732739E-01 5.89309003747144566E-01 1.00000000000000000E+00 0.00000000000000000E+00 0.00000000000000000E+00 0.00000000000000000E+00 
4.63937099691360599E-01 5.90129892455685257E-01 5.33975884467419060E-01 3.89074327561518329E-01 1.45004629745280145E+00 1.31206665532403899E+00 9.56019675205461272E-01 0.00000000000000000E+00 0.00000000000000000E+00 0.00000000000000000E+00 1.45004629745280145E+00 1.31206665532403899E+00 9.56019675205461272E-01 1.00000000000000000E+00 0.00000000000000000E+00 0.00000000000000000E+00 0.00000000000000000E+00 
-6.00372109278557664E-01 1.45382643506095532E-01 -1.52997711601744607E-01 7.71368211434866335E-01 -3.36980102095853828E-01 3.54630946532666635E-01 -1.78794202921422984E+00 0.00000000000000000E+00 0.00000000000000000E+00 0.00000000000000000E+00 -3.36980102095853828E-01 3.54630946532666635E-01 -1.78794202921422984E+00 1.00000000000000000E+00 0.00000000000000000E+00 0.00000000000000000E+00 0.00000000000000000E+00 
1.17391316237568474E-01 -6.71373985113223326E-01 3.20668046160174025E-01 6.57760028549179476E-01 -1.96477731789201138E+00 9.38435682106457558E-01 1.92493604662307871E+00 0.00000000000000000E+00 0.00000000000000000E+00 0.00000000000000000E+00 -1.96477731789201138E+00 9.38435682106457558E-01 1.92493604662307871E+00 1.00000000000000000E+00 0.00000000000000000E+00 0.00000000000000000E+00 0.00000000000000000E+00 
4.18721889654084301E-01 -3.02506424709049426E-01 5.39106285315100409E-01 6.65226469157695788E-01 -7.58674980928943254E-01 1.35205872445019781E+00 1.66836350430260927E+00 0.00000000000000000E+00 0.00000000000000000E+00 0.00000000000000000E+00 -7.58674980928943254E-01 1.35205872445019781E+00 1.66836350430260927E+00 1.00000000000000000E+00 0.00000000000000000E+00 0.00000000000000000E+00 0.00000000000000000E+00 
1.72828958430148144E-01 4.16838645879760661E-01 8.06066481310975913E-01 -3.82926262008783935E-01 1.18252129600764366E+00 2.28671403088457659E+00 -1.08631592608284100E+00 0.00000000000000000E+00 0.00000000000000000E+00 0.00000000000000000E+00 1.18252129600764366E+00 2.28671403088457659E+00 -1.08631592608284100E+00 1.00000000000000000E+00 0.00000000000000000E+00 0.00000000000000000E+00 0.00000000000000000E+00 
4.80005985008506830E-01 4.65175563817375737E-01 -1.60358038675948791E-02 -7.43605273096902941E-01 1.13489181548171714E+00 -3.91226538527897350E-02 -1.81417856832659252E+00 0.00000000000000000E+00 0.00000000000000000E+00 0.00000000000000000E+00 1.13489181548171714E+00 -3.91226538527897350E-02 -1.81417856832659252E+00 1.00000000000000000E+00 0.00000000000000000E+00 0.00000000000000000E+00 0.00000000000000000E+00 
-6.59952652444457111E-01 4.55989163881946546E-01 1.00566646927917197E-01 5.88576867095067069E-01 -1.03182639843374035E+00 -2.27565322427388333E-01 -1.33184995846380883E+00 0.00000000000000000E+00 0.00000000000000000E+00 0.00000000000000000E+00 -1.03182639843374035E+00 -2.27565322427388333E-01 -1.33184995846380883E+00 1.00000000000000000E+00 0.00000000000000000E+00 0.00000000000000000E+00 0.00000000000000000E+00 
-9.24010198700056740E-01 2.19910754656252122E-01 8.16901417065250823E-02 3.01945580250427115E-01 -4.51312203298619374E-01 -1.67648725952385391E-01 -6.19668307319075962E-01 0.00000000000000000E+00 0.00000000000000000E+00 0.00000000000000000E+00 -4.51312203298619374E-01 -1.67648725952385391E-01 -6.19668307319075962E-01 1.00000000000000000E+00 0.00000000000000000E+00 0.00000000000000000E+00 0.00000000000000000E+00 
-1.57619480822287994E-01 -7.70769591097641649E-01 1.91963094394446199E-01 -5.86703082568172163E-01 2.20501280980102887E+00 -5.49166815917075279E-01 1.67843649717712462E+00 0.00000000000000000E+00 0.00000000000000000E+00 0.00000000000000000E+00 2.20501280980102887E+00 -5.49166815917075279E-01 1.67843649717712462E+00 1.00000000000000000E+00 0.00000000000000000E+00 0.00000000000000000E+00 0.00000000000000000E+00 
-4.95371626477845495E-01 -8.51234061722480340E-02 4.01037527413077022E-01 -7.65852374161452687E-01 2.06278809095572141E-01 -9.71830748760293406E-01 1.85588339081930909E+00 0.00000000000000000E+00 0.00000000000000000E+00 0.00000000000000000E+00 2.06278809095572141E-01 -9.71830748760293406E-01 1.85588339081930909E+00 1.00000000000000000E+00 0.00000000000000000E+00 0.00000000000000000E+00 0.00000000000000000E+00 
5.99168617125284242E-01 6.78648411077011238E-01 -4.91953825207568918E-02 4.21916006728186188E-01 1.57380572547458963E+00 -1.14085546233296753E-01 9.78435691029481247E-01 0.00000000000000000E+00 0.00000000000000000E+00 0.00000000000000000E+00 1.57380572547458963E+00 -1.14085546233296753E-01 9.78435691029481247E-01 1.00000000000000000E+00 0.00000000000000000E+00 0.00000000000000000E+00 0.00000000000000000E+00 
-5.97060264363454052E-01 -6.57869888633768940E-01 2.80941068182279721E-02 4.58188794613444084E-01 1.52694215707028080E+00 -6.52075384618628212E-02 -1.06347440197549692E+00 0.00000000000000000E+00 0.00000000000000000E+00 0.00000000000000000E+00 1.52694215707028080E+00 -6.52075384618628212E-02 -1.06347440197549692E+00 1.00000000000000000E+00 0.00000000000000000E+00 0.00000000000000000E+00 0.00000000000000000E+00 
-6.69472507037074616E-01 2.10551429715750138E-01 -3.32419026567067566E-01 6.30057337503779125E-01 -4.74651379955791208E-01 7.49380566527763636E-01 -1.42035409164010851E+00 0.00000000000000000E+00 0.00000000000000000E+00 0.00000000000000000E+00 -4.74651379955791208E-01 7.49380566527763636E-01 -1.42035409164010851E+00 1.00000000000000000E+00 0.00000000000000000E+00 0.00000000000000000E+00 0.00000000000000000E+00 
4.00349960929789361E-01 7.12548977235773040E-01 -5.74943281128392769E-01 3.78693452423966154E-02 1.80228122716367345E+00 -1.45422913422935252E+00 9.57845877207230689E-02 0.00000000000000000E+00 0.00000000000000000E+00 0.00000000000000000E+00 1.80228122716367345E+00 -1.45422913422935252E+00 9.57845877207230689E-02 1.00000000000000000E+00 0.00000000000000000E+00 0.00000000000000000E+00 0.00000000000000000E+00 
2.25998921723259583E-01 1.19325577018500717E-01 4.03069028722948974E-01 8.78761203133970992E-01 3.28978932612516928E-01 1.11125562642685294E+00 2.42273224108090979E+00 0.00000000000000000E+00 0.00000000000000000E+00 0.00000000000000000E+00 3.28978932612516928E-01 1.11125562642685294E+00 2.42273224108090979E+00 1.00000000000000000E+00 0.00000000000000000E+00 0.00000000000000000E+00 0.00000000000000000E+00 
-4.47329316223707529E-01 -5.89611762524492655E-01 4.60586585919066205E-01 -4.90014743871049485E-01 1.45960199010194369E+00 -1.14019621071213373E+00 1.21304651771387850E+00 0.00000000000000000E+00 0.00000000000000000E+00 0.00000000000000000E+00 1.45960199010194369E+00 -1.14019621071213373E+00 1.21304651771387850E+00 1.00000000000000000E+00 0.00000000000000000E+00 0.00000000000000000E+00 0.00000000000000000E+00 
-6.67461509907053774E-01 1.20643783401476801E-01 -3.79689137819588185E-01 6.29107597268536489E-01 -2.72186307813315653E-01 8.56622543044930684E-01 -1.41933939147115007E+00 0.00000000000000000E+00 0.00000000000000000E+00 0.00000000000000000E+00 -2.72186307813315653E-01 8.56622543044930684E-01 -1.41933939147115007E+00 1.00000000000000000E+00 0.00000000000000000E+00 0.00000000000000000E+00 0.00000000000000000E+00 
-2.45425160709778989E-01 -6.55630041658927354E-01 2.38241249782044279E-01 6.73169254992518007E-01 1.78930985103877704E+00 -6.50195061349195136E-01 -1.83717691813938799E+00 0.00000000000000000E+00 0.00000000000000000E+00 0.00000000000000000E+00 1.78930985103877704E+00 -6.50195061349195136E-01 -1.83717691813938799E+00 1.00000000000000000E+00 0.00000000000000000E+00 0.00000000000000000E+00 0.00000000000000000E+00 
-3.02079466743660319E-01 -7.49504610136096261E-01 2.63882687394728310E-01 -5.26646715028148749E-01 1.98748200511730677E+00 -6.99744985642964057E-01 1.39652359040530283E+00 0.00000000000000000E+00 0.00000000000000000E+00 0.00000000000000000E+00 1.98748200511730677E+00 -6.99744985642964057E-01 1.39652359040530283E+00 1.00000000000000000E+00 0.00000000000000000E+00 0.00000000000000000E+00 0.00000000000000000E+00 
1.04180706946695775E-01 6.38647667713752032E-02 2.38271319884049981E-01 -9.63480383809674379E-01 1.88330762828501502E-01 7.02638116483812136E-01 -2.84120658113015034E+00 0.00000000000000000E+00 0.00000000000000000E+00 0.00000000000000000E+00 1.88330762828501502E-01 7.02638116483812136E-01 -2.84120658113015034E+00 1.00000000000000000E+00 0.00000000000000000E+00 0.00000000000000000E+00 0.00000000000000000E+00 
-5.50998345858228489E-01 2.78082763419802426E-01 -5.35709189642699868E-01 5.76269436707052884E-01 -6.57953972170724599E-01 1.26750750359047459E+00 -1.36347452916238998E+00 0.00000000000000000E+00 0.00000000000000000E+00 0.00000000000000000E+00 -6.57953972170724599E-01 1.26750750359047459E+00 -1.36347452916238998E+00 1.00000000000000000E+00 0.00000000000000000E+00 0.00000000000000000E+00 0.00000000000000000E+00 
-8.04945857679130738E-01 2.24571995080859628E-02 3.48887640624142736E-01 -4.79411362626275150E-01 -4.80833464617044584E-02 -7.47007003001287861E-01 1.02647271929596573E+00 0.00000000000000000E+00 0.00000000000000000E+00 0.00000000000000000E+00 -4.80833464617044584E-02 -7.47007003001287861E-01 1.02647271929596573E+00 1.00000000000000000E+00 0.00000000000000000E+00 0.00000000000000000E+00 0.00000000000000000E+00 
-4.94532529796793852E-01 -2.63158595829550701E-01 5.61779166380447892E-01 -6.08760460801037295E-01 6.37944011267734257E-01 -1.36185426023292022E+00 1.47574541139498949E+00 0.00000000000000000E+00 0.00000000000000000E+00 0.00000000000000000E+00 6.37944011267734257E-01 -1.36185426023292022E+00 1.47574541139498949E+00 1.00000000000000000E+00 0.00000000000000000E+00 0.00000000000000000E+00 0.00000000000000000E+00 
6.03943888827436215E-01 2.56517040176661437E-01 5.93480463432107697E-01 4.66081244818335516E-01 5.93706682385409801E-01 1.37360588895836710E+00 1.07874139430497062E+00 0.00000000000000000E+00 0.00000000000000000E+00 0.00000000000000000E+00 5.93706682385409801E-01 1.37360588895836710E+00 1.07874139430497062E+00 1.00000000000000000E+00 0.00000000000000000E+00 0.00000000000000000E+00 0.00000000000000000E+00 
6.00285487747416635E-01 6.73939763808599102E-01 4.19865499198145420E-01 -9.57887808699311311E-02 1.56216972718872871E+00 9.73234119072701187E-01 -2.22035175419355357E-01 0.00000000000000000E+00 0.00000000000000000E+00 0.00000000000000000E+00 1.56216972718872871E+00 9.73234119072701187E-01 -2.22035175419355357E-01 1.00000000000000000E+00 0.00000000000000000E+00 0.00000000000000000E+00 0.00000000000000000E+00 
2.27594725683446020E-01 6.84234933771538101E-01 6.91108352148089522E-01 4.89125938679196917E-02 1.88484329282820928E+00 1.90377731078960588E+00 1.34738187041413437E-01 0.00000000000000000E+00 0.00000000000000000E+00 0.00000000000000000E+00 1.88484329282820928E+00 1.90377731078960588E+00 1.34738187041413437E-01 1.00000000000000000E+00 0.00000000000000000E+00 0.00000000000000000E+00 0.00000000000000000E+00 
2.72779206952909969E-01 -5.82049498624220507E-01 3.92881833240725675E-01 6.57612158125776780E-01 -1.56634549489588015E+00 1.05727896163063062E+00 1.76969114088023827E+00 0.00000000000000000E+00 0.00000000000000000E+00 0.00000000000000000E+00 -1.56634549489588015E+00 1.05727896163063062E+00 1.76969114088023827E+00 1.00000000000000000E+00 0.00000000000000000E+00 0.00000000000000000E+00 0.00000000000000000E+00 
2.80524379670557322E-01 -6.77572802610257652E-01 5.59257243973463325E-01 -3.86565006999515848E-01 -1.81626373909469629E+00 1.49911367330855727E+00 -1.03620452637908023E+00 0.00000000000000000E+00 0.00000000000000000E+00 0.00000000000000000E+00 -1.81626373909469629E+00 1.49911367330855727E+00 -1.03620452637908023E+00 1.00000000000000000E+00 0.00000000000000000E+00 0.00000000000000000E+00 0.00000000000000000E+00 
-3.96608979981049437E-01 -3.74077800416599882E-01 -2.61831863280408805E-01 7.96373776316736559E-01 9.47820290766962614E-01 6.63416948319609512E-01 -2.01781346924915761E+00 0.00000000000000000E+00 0.00000000000000000E+00 0.00000000000000000E+00 9.47820290766962614E-01 6.63416948319609512E-01 -2.01781346924915761E+00 1.00000000000000000E+00 0.00000000000000000E+00 0.00000000000000000E+00 0.00000000000000000E+00 
6.82190267680384932E-01 -2.04250009983403327E-02 -3.26892104905934011E-01 -6.53713094382046722E-01 -4.58149472867156390E-02 -7.33245719592661382E-01 -1.46633192146149027E+00 0.00000000000000000E+00 0.00000000000000000E+00 0.00000000000000000E+00 -4.58149472867156390E-02 -7.33245719592661382E-01 -1.46633192146149027E+00 1.00000000000000000E+00 0.00000000000000000E+00 0.00000000000000000E+00 0.00000000000000000E+00 
-5.20020877671392379E-01 5.36542959668167008E-01 5.61140744174653872E-01 3.56119368251031854E-01 -1.28636723065667002E+00 -1.34534067046374206E+00 -8.53799825839857585E-01 0.00000000000000000E+00 0.00000000000000000E+00 0.00000000000000000E+00 -1.28636723065667002E+00 -1.34534067046374206E+00 -8.53799825839857585E-01 1.00000000000000000E+00 0.00000000000000000E+00 0.00000000000000000E+00 0.00000000000000000E+00 
2.36844704019185809E-01 -2.58532154161831857E-03 -3.89548049783237205E-01 -8.90028212586919665E-01 -7.08729021049627969E-03 -1.06789040949175984E+00 -2.43988538237462915E+00 0.00000000000000000E+00 0.00000000000000000E+00 0.00000000000000000E+00 -7.08729021049627969E-03 -1.06789040949175984E+00 -2.43988538237462915E+00 1.00000000000000000E+00 0.00000000000000000E+00 0.00000000000000000E+00 0.00000000000000000E+00 
-6.84407503781172682E-02 5.46233957281500704E-01 5.78219812615060391E-01 -6.02167896769394750E-01 -1.64507416676671969E+00 -1.74140487563193136E+00 1.81352850335716220E+00 0.00000000000000000E+00 0.00000000000000000E+00 0.00000000000000000E+00 -1.64507416676671969E+00 -1.74140487563193136E+00 1.81352850335716220E+00 1.00000000000000000E+00 0.00000000000000000E+00 0.00000000000000000E+00 0.00000000000000000E+00 
-7.94904571299613755E-02 -4.99452050304790618E-01 2.75804881300477922E-01 8.17410902864917799E-01 1.49431626244112237E+00 -8.25183757152341713E-01 -2.44562096502021520E+00 0.00000000000000000E+00 0.00000000000000000E+00 0.00000000000000000E+00 1.49431626244112237E+00 -8.25183757152341713E-01 -2.44562096502021520E+00 1.00000000000000000E+00 0.00000000000000000E+00 0.00000000000000000E+00 0.00000000000000000E+00 
-9.55256514031938786E-01 1.93811856034067892E-01 8.74172253353201478E-02 -2.05621461853698340E-01 -3.93510417107363508E-01 -1.77489600006841303E-01 4.17488325410039607E-01 0.00000000000000000E+00 0.00000000000000000E+00 0.00000000000000000E+00 -3.93510417107363508E-01 -1.77489600006841303E-01 4.17488325410039607E-01 1.00000000000000000E+00 0.00000000000000000E+00 0.00000000000000000E+00 0.00000000000000000E+00 
5.23836553268192229E-01 6.55294155049053889E-02 3.38611828003905768E-01 -7.78873026301167504E-01 1.56849807074803727E-01 8.10494027551389551E-01 -1.86429381324119325E+00 0.00000000000000000E+00 0.00000000000000000E+00 0.00000000000000000E+00 1.56849807074803727E-01 8.10494027551389551E-01 -1.86429381324119325E+00 1.00000000000000000E+00 0.00000000000000000E+00 0.00000000000000000E+00 0.00000000000000000E+00 
-4.27181107283878703E-01 -7.26549138041225229E-01 -5.35380533227110100E-01 5.48665310797696940E-02 1.81511274673242173E+00 1.33752279003844676E+00 -1.37071169336697718E-01 0.00000000000000000E+00 0.00000000000000000E+00 0.00000000000000000E+00 1.81511274673242173E+00 1.33752279003844676E+00 -1.37071169336697718E-01 1.00000000000000000E+00 0.00000000000000000E+00 0.00000000000000000E+00 0.00000000000000000E+00 
-2.89850839563721541E-01 -5.47530963870377807E-01 -3.26226740478764321E-01 7.13983506955154890E-01 1.46080290922028566E+00 8.70367162777754722E-01 -1.90489534458969723E+00 0.00000000000000000E+00 0.00000000000000000E+00 0.00000000000000000E+00 1.46080290922028566E+00 8.70367162777754722E-01 -1.90489534458969723E+00 1.00000000000000000E+00 0.00000000000000000E+00 0.00000000000000000E+00 0.00000000000000000E+00 
-2.69828550016528224E-01 -6.70914599366041031E-01 5.67067068496246440E-01 -3.94336269927781424E-01 1.80820167297019641E+00 -1.52831913765195959E+00 1.06278728122775235E+00 0.00000000000000000E+00 0.00000000000000000E+00 0.00000000000000000E+00 1.80820167297019641E+00 -1.52831913765195959E+00 1.06278728122775235E+00 1.00000000000000000E+00 0.00000000000000000E+00 0.00000000000000000E+00 0.00000000000000000E+00 
4.37998940258503333E-01 -8.39256157878798925E-01 -4.50174959576814387E-02 3.19028924789970580E-01 -2.08638756972230333E+00 -1.11913321224262743E-01 7.93104675866782682E-01 0.00000000000000000E+00 0.00000000000000000E+00 0.00000000000000000E+00 -2.08638756972230333E+00 -1.11913321224262743E-01 7.93104675866782682E-01 1.00000000000000000E+00 0.00000000000000000E+00 0.00000000000000000E+00 0.00000000000000000E+00 
-1.31427897733852023E-01 -6.73660091810213690E-02 -4.79372540578983208E-01 -8.65095657047897593E-01 1.95574097362893717E-01 1.39169372008315784E+00 2.51150846423253826E+00 0.00000000000000000E+00 0.00000000000000000E+00 0.00000000000000000E+00 1.95574097362893717E-01 1.39169372008315784E+00 2.51150846423253826E+00 1.00000000000000000E+00 0.00000000000000000E+00 0.00000000000000000E+00 0.00000000000000000E+00 
-1.00793191792865333E-01 -3.90831845160987512E-01 -6.04055327302505551E-01 6.87174186690483579E-01 1.15479496979895457E+00 1.78480863851271554E+00 -2.03040080789473310E+00 0.00000000000000000E+00 0.00000000000000000E+00 0.00000000000000000E+00 1.15479496979895457E+00 1.78480863851271554E+00 -2.03040080789473310E+00 1.00000000000000000E+00 0.00000000000000000E+00 0.00000000000000000E+00 0.00000000000000000E+00 
-6.21960467473659739E-01 4.04666711217333219E-01 2.33324404123174789E-01 6.28466190159072458E-01 -9.29747962414386064E-01 -5.36077921167488869E-01 -1.44394175144521153E+00 0.00000000000000000E+00 0.00000000000000000E+00 0.00000000000000000E+00 -9.29747962414386064E-01 -5.36077921167488869E-01 -1.44394175144521153E+00 1.00000000000000000E+00 0.00000000000000000E+00 0.00000000000000000E+00 0.00000000000000000E+00 
7.10011971672140696E-01 -6.11784072304124571E-01 2.18333108129451225E-01 -2.71907894059283117E-01 -1.35751888358382589E+00 4.84470470244508122E-01 -6.03350295457665164E-01 0.00000000000000000E+00 0.00000000000000000E+00 0.00000000000000000E+00 -1.35751888358382589E+00 4.84470470244508122E-01 -6.03350295457665164E-01 1.00000000000000000E+00 0.00000000000000000E+00 0.00000000000000000E+00 0.00000000000000000E+00 
5.36455850781178828E-02 -8.98068680022953814E-01 4.36024228239489886E-01 -2.18556526238225871E-02 -2.72889435412261649E+00 1.32491432021992273E+00 -6.64111424632804620E-02 0.00000000000000000E+00 0.00000000000000000E+00 0.00000000000000000E+00 -2.72889435412261649E+00 1.32491432021992273E+00 -6.64111424632804620E-02 1.00000000000000000E+00 0.00000000000000000E+00 0.00000000000000000E+00 0.00000000000000000E+00 
4.82617503268495063E-01 5.65896940396135445E-02 8.66173205294293536E-01 1.16713026254985031E-01 1.37903284538283960E-01 2.11077532784540489E+00 2.84417683150904044E-01 0.00000000000000000E+00 0.00000000000000000E+00 0.00000000000000000E+00 1.37903284538283960E-01 2.11077532784540489E+00 2.84417683150904044E-01 1.00000000000000000E+00 0.00000000000000000E+00 0.00000000000000000E+00 0.00000000000000000E+00 
7.22595799547900847E-02 6.13670970143969763E-01 -6.98022827017897529E-01 3.61871008052950693E-01 1.84396000747734079E+00 -2.09742066994844434E+00 1.08735087559805255E+00 0.00000000000000000E+00 0.00000000000000000E+00 0.00000000000000000E+00 1.84396000747734079E+00 -2.09742066994844434E+00 1.08735087559805255E+00 1.00000000000000000E+00 0.00000000000000000E+00 0.00000000000000000E+00 0.00000000000000000E+00 
-7.93185188052135670E-01 -5.17165888602014290E-01 -8.30137196884367101E-02 -3.10653220592796819E-01 1.11211148755939160E+00 1.78512375478018209E-01 6.68027460593860867E-01 0.00000000000000000E+00 0.00000000000000000E+00 0.00000000000000000E+00 1.11211148755939160E+00 1.78512375478018209E-01 6.68027460593860867E-01 1.00000000000000000E+00 0.00000000000000000E+00 0.00000000000000000E+00 0.00000000000000000E+00 
6.61696642546707570E-01 -2.62163302649930208E-01 -1.35746799938703672E-01 6.89202990629391721E-01 -5.92821207798460592E-01 -3.06959750205373527E-01 1.55847193407080753E+00 0.00000000000000000E+00 0.00000000000000000E+00 0.00000000000000000E+00 -5.92821207798460592E-01 -3.06959750205373527E-01 1.55847193407080753E+00 1.00000000000000000E+00 0.00000000000000000E+00 0.00000000000000000E+00 0.00000000000000000E+00 
-1.48495140139051879E-01 -7.11165163838433756E-01 -9.23344242932076231E-02 -6.80931462915452923E-01 2.04486927050138023E+00 2.65496450680353713E-01 1.95793592632961988E+00 0.00000000000000000E+00 0.00000000000000000E+00 0.00000000000000000E+00 2.04486927050138023E+00 2.65496450680353713E-01 1.95793592632961988E+00 1.00000000000000000E+00 0.00000000000000000E+00 0.00000000000000000E+00 0.00000000000000000E+00 
2.40735173779405454E-01 -6.05841608986863678E-01 6.25991948497556794E-02 7.55700907588293003E-01 -1.65746383192290092E+00 1.71259120918540425E-01 2.06744948431903586E+00 0.00000000000000000E+00 0.00000000000000000E+00 0.00000000000000000E+00 -1.65746383192290092E+00 1.71259120918540425E-01 2.06744948431903586E+00 1.00000000000000000E+00 0.00000000000000000E+00 0.00000000000000000E+00 0.00000000000000000E+00 
-2.77814351098271239E-01 4.44044942757829131E-01 -1.64940180200776360E-01 -8.35726038896945078E-01 -1.19191490155496038E+00 4.42735947909857208E-01 2.24327364971708443E+00 0.00000000000000000E+00 0.00000000000000000E+00 0.00000000000000000E+00 -1.19191490155496038E+00 4.42735947909857208E-01 2.24327364971708443E+00 1.00000000000000000E+00 0.00000000000000000E+00 0.00000000000000000E+00 0.00000000000000000E+00 
2.88157496520826950E-01 3.32378973501502306E-01 6.86690697211045697E-01 5.78744642771529261E-01 8.87535734926545805E-01 1.83363744762775416E+00 1.54539424213821053E+00 0.00000000000000000E+00 0.00000000000000000E+00 0.00000000000000000E+00 8.87535734926545805E-01 1.83363744762775416E+00 1.54539424213821053E+00 1.00000000000000000E+00 0.00000000000000000E+00 0.00000000000000000E+00 0.00000000000000000E+00 
7.23227793628433591E-01 -5.84024686816412841E-01 -3.22145340442389239E-01 -1.79106402296500988E-01 -1.28935499263151065E+00 -7.11202304335021851E-01 -3.95414336459127103E-01 0.00000000000000000E+00 0.00000000000000000E+00 0.00000000000000000E+00 -1.28935499263151065E+00 -7.11202304335021851E-01 -3.95414336459127103E-01 1.00000000000000000E+00 0.00000000000000000E+00 0.00000000000000000E+00 0.00000000000000000E+00 
2.41212017636019904E-01 -6.50087144567697561E-02 -9.58915240077781061E-01 -1.34432852901402611E-01 -1.77806967429191359E-01 -2.62275315370599271E+00 -3.67690671889048470E-01 0.00000000000000000E+00 0.00000000000000000E+00 0.00000000000000000E+00 -1.77806967429191359E-01 -2.62275315370599271E+00 -3.67690671889048470E-01 1.00000000000000000E+00 0.00000000000000000E+00 0.00000000000000000E+00 0.00000000000000000E+00 
-7.64976945000764519E-01 3.04360634968930621E-01 -5.45534249636013158E-01 1.56739465268574768E-01 -6.61396587404767700E-01 1.18548343499977249E+00 -3.40605635320960165E-01 0.00000000000000000E+00 0.00000000000000000E+00 0.00000000000000000E+00 -6.61396587404767700E-01 1.18548343499977249E+00 -3.40605635320960165E-01 1.00000000000000000E+00 0.00000000000000000E+00 0.00000000000000000E+00 0.00000000000000000E+00 
-4.09907333213316849E-01 -5.40601458048061700E-01 4.16380479616755450E-01 6.05271292833533647E-01 1.36132426429374043E+00 -1.04851520772287854E+00 -1.52417364982666559E+00 0.00000000000000000E+00 0.00000000000000000E+00 0.00000000000000000E+00 1.36132426429374043E+00 -1.04851520772287854E+00 -1.52417364982666559E+00 1.00000000000000000E+00 0.00000000000000000E+00 0.00000000000000000E+00 0.00000000000000000E+00 
-2.99688168305007885E-01 6.35523650573395660E-01 -4.88516348581993942E-01 5.17347531653500448E-01 -1.68724354293690304E+00 1.29695575297695642E+00 -1.37349928904951835E+00 0.00000000000000000E+00 0.00000000000000000E+00 0.00000000000000000E+00 -1.68724354293690304E+00 1.29695575297695642E+00 -1.37349928904951835E+00 1.00000000000000000E+00 0.00000000000000000E+00 0.00000000000000000E+00 0.00000000000000000E+00 
-8.31228740501071095E-01 1.09496178560424581E-01 -5.43139678430607620E-01 -4.54824972925032475E-02 -2.32208970029624207E-01 1.15183842001383940E+00 9.64549081942535774E-02 0.00000000000000000E+00 0.00000000000000000E+00 0.00000000000000000E+00 -2.32208970029624207E-01 1.15183842001383940E+00 9.64549081942535774E-02 1.00000000000000000E+00 0.00000000000000000E+00 0.00000000000000000E+00 0.00000000000000000E+00 
4.44792798430745762E-01 6.42711378336311312E-01 -5.97301213027397471E-01 -1.79757368519858546E-01 1.59287347978401050E+00 -1.48033050875335381E+00 -4.45504397093800297E-01 0.00000000000000000E+00 0.00000000000000000E+00 0.00000000000000000E+00 1.59287347978401050E+00 -1.48033050875335381E+00 -4.45504397093800297E-01 1.00000000000000000E+00 0.00000000000000000E+00 0.00000000000000000E+00 0.00000000000000000E+00 
-5.04510315797011333E-01 -4.48241446460741766E-01 -5.40945497411669973E-01 5.01923216995610599E-01 1.08190011538992636E+00 1.30565569223997358E+00 -1.21146937810445032E+00 0.00000000000000000E+00 0.00000000000000000E+00 0.00000000000000000E+00 1.08190011538992636E+00 1.30565569223997358E+00 -1.21146937810445032E+00 1.00000000000000000E+00 0.00000000000000000E+00 0.00000000000000000E+00 0.00000000000000000E+00 
-5.50601910311708242E-01 -2.72252732406005282E-01 -9.67463121054280561E-02 7.83170567087758340E-01 6.44267845622774837E-01 2.28943663930470193E-01 -1.85332066111402249E+00 0.00000000000000000E+00 0.00000000000000000E+00 0.00000000000000000E+00 6.44267845622774837E-01 2.28943663930470193E-01 -1.85332066111402249E+00 1.00000000000000000E+00 0.00000000000000000E+00 0.00000000000000000E+00 0.00000000000000000E+00 
-9.96566270669006382E-01 9.64574272763299434E-03 -6.85014879937076993E-02 4.54991643302261814E-02 -1.93135964072732799E-02 1.37160002061635450E-01 -9.11026264700959126E-02 0.00000000000000000E+00 0.00000000000000000E+00 0.00000000000000000E+00 -1.93135964072732799E-02 1.37160002061635450E-01 -9.11026264700959126E-02 1.00000000000000000E+00 0.00000000000000000E+00 0.00000000000000000E+00 0.00000000000000000E+00 
1.02145400301447739E-01 6.82308666493965266E-01 3.72735888403241344E-01 -6.20555523962788014E-01 2.01443954192040442E+00 1.10046075795955201E+00 -1.83212033909997452E+00 0.00000000000000000E+00 0.00000000000000000E+00 0.00000000000000000E+00 2.01443954192040442E+00 1.10046075795955201E+00 -1.83212033909997452E+00 1.00000000000000000E+00 0.00000000000000000E+00 0.00000000000000000E+00 0.00000000000000000E+00 
-2.41237142085605177E-01 -7.32844236680343597E-01 -6.27707480394861239E-01 -1.03572607860905733E-01 2.00439447388310210E+00 1.71683605047895482E+00 2.83280337691477757E-01 0.00000000000000000E+00 0.00000000000000000E+00 0.00000000000000000E+00 2.00439447388310210E+00 1.71683605047895482E+00 2.83280337691477757E-01 1.00000000000000000E+00 0.00000000000000000E+00 0.00000000000000000E+00 0.00000000000000000E+00 
3.39847307617017425E-01 -6.42897282309070062E-01 6.06390563871745614E-01 -3.21678995199224771E-01 -1.67347017781767282E+00 1.57844270410457210E+00 -8.37334703551386172E-01 0.00000000000000000E+00 0.00000000000000000E+00 0.00000000000000000E+00 -1.67347017781767282E+00 1.57844270410457210E+00 -8.37334703551386172E-01 1.00000000000000000E+00 0.00000000000000000E+00 0.00000000000000000E+00 0.00000000000000000E+00 
-1.66909140011542279E-01 -2.12670798470536188E-01 4.19885674492637195E-01 8.66376644892032699E-01 6.05288603972446548E-01 -1.19504894686746654E+00 -2.46582000760054054E+00 0.00000000000000000E+00 0.00000000000000000E+00 0.00000000000000000E+00 6.05288603972446548E-01 -1.19504894686746654E+00 -2.46582000760054054E+00 1.00000000000000000E+00 0.00000000000000000E+00 0.00000000000000000E+00 0.00000000000000000E+00 
-7.62806528066755418E-01 -4.63113096058671125E-01 4.44044557349859759E-01 -8.04791406866485343E-02 1.00719558742996163E+00 -9.65724620165803294E-01 1.75029028696433914E-01 0.00000000000000000E+00 0.00000000000000000E+00 0.00000000000000000E+00 1.00719558742996163E+00 -9.65724620165803294E-01 1.75029028696433914E-01 1.00000000000000000E+00 0.00000000000000000E+00 0.00000000000000000E+00 0.00000000000000000E+00 
-1.24417782681136652E-01 4.64653527880184269E-01 3.42118891183074203E-01 -8.07200085899940967E-01 -1.35435281651879702E+00 -9.97193943564685048E-01 2.35279330562771838E+00 0.00000000000000000E+00 0.00000000000000000E+00 0.00000000000000000E+00 -1.35435281651879702E+00 -9.97193943564685048E-01 2.35279330562771838E+00 1.00000000000000000E+00 0.00000000000000000E+00 0.00000000000000000E+00 0.00000000000000000E+00 
-5.60162715598757521E-01 -5.31490821746255393E-01 6.35385899003842791E-01 4.47188993534467644E-03 1.25267923714780083E+00 -1.49755121009144920E+00 -1.05398690694435589E-02 0.00000000000000000E+00 0.00000000000000000E+00 0.00000000000000000E+00 1.25267923714780083E+00 -1.49755121009144920E+00 -1.05398690694435589E-02 1.00000000000000000E+00 0.00000000000000000E+00 0.00000000000000000E+00 0.00000000000000000E+00 
-8.12595003536854876E-01 -3.63270523147112834E-01 5.89968302145950571E-02 4.51932806138249044E-01 7.75627200057617205E-01 -1.25965481138390761E-01 -9.64932067712078290E-01 0.00000000000000000E+00 0.00000000000000000E+00 0.00000000000000000E+00 7.75627200057617205E-01 -1.25965481138390761E-01 -9.64932067712078290E-01 1.00000000000000000E+00 0.00000000000000000E+00 0.00000000000000000E+00 0.00000000000000000E+00 
8.09899751134707468E-01 -3.39615194439939760E-01 -9.97975012646456355E-02 -4.67722536937011268E-01 -7.25835127488326126E-01 -2.13290021292762533E-01 -9.99629736198027641E-01 0.00000000000000000E+00 0.00000000000000000E+00 0.00000000000000000E+00 -7.25835127488326126E-01 -2.13290021292762533E-01 -9.99629736198027641E-01 1.00000000000000000E+00 0.00000000000000000E+00 0.00000000000000000E+00 0.00000000000000000E+00 
-4.71881228555457000E-01 5.87171891861371531E-01 3.16180549691802093E-01 -5.76703680880849001E-01 -1.43768794721892879E+00 -7.74166767411068379E-01 1.41205657595568135E+00 0.00000000000000000E+00 0.00000000000000000E+00 0.00000000000000000E+00 -1.43768794721892879E+00 -7.74166767411068379E-01 1.41205657595568135E+00 1.00000000000000000E+00 0.00000000000000000E+00 0.00000000000000000E+00 0.00000000000000000E+00 
-2.26945541876663187E-01 -3.46110208424222132E-01 3.64043175430680988E-01 -8.34371626476593353E-01 9.53745841688848350E-01 -1.00316216139066405E+00 2.29920542591982180E+00 0.00000000000000000E+00 0.00000000000000000E+00 0.00000000000000000E+00 9.53745841688848350E-01 -1.00316216139066405E+00 2.29920542591982180E+00 1.00000000000000000E+00 0.00000000000000000E+00 0.00000000000000000E+00 0.00000000000000000E+00 
1.64780461441613818E-01 6.34844611372620160E-01 -5.93382298532975416E-01 4.66601721734884789E-01 1.80897279237761421E+00 -1.69082703750730468E+00 1.32956916444476625E+00 0.00000000000000000E+00 0.00000000000000000E+00 0.00000000000000000E+00 1.80897279237761421E+00 -1.69082703750730468E+00 1.32956916444476625E+00 1.00000000000000000E+00 0.00000000000000000E+00 0.00000000000000000E+00 0.00000000000000000E+00 
7.28223817853515670E-02 -3.78774141548987031E-01 -6.83303752125884567E-01 -6.19937926518150717E-01 -1.13775955076736501E+00 -2.05250381368986679E+00 -1.86216591738409631E+00 0.00000000000000000E+00 0.00000000000000000E+00 0.00000000000000000E+00 -1.13775955076736501E+00 -2.05250381368986679E+00 -1.86216591738409631E+00 1.00000000000000000E+00 0.00000000000000000E+00 0.00000000000000000E+00 0.00000000000000000E+00 
-4.43408090918765596E-01 -4.21886106517186499E-01 -7.01477609609276187E-01 -3.65144548435822447E-01 1.04624204494939255E+00 1.73960544665133021E+00 9.05527755373130794E-01 0.00000000000000000E+00 0.00000000000000000E+00 0.00000000000000000E+00 1.04624204494939255E+00 1.73960544665133021E+00 9.05527755373130794E-01 1.00000000000000000E+00 0.00000000000000000E+00 0.00000000000000000E+00 0.00000000000000000E+00 
-6.11883559228603602E-01 2.55164589436635392E-01 5.30489374098216948E-01 5.28271299818806384E-01 -5.88663531631713810E-01 -1.22383654071758130E+00 -1.21871945357934619E+00 0.00000000000000000E+00 0.00000000000000000E+00 0.00000000000000000E+00 -5.88663531631713810E-01 -1.22383654071758130E+00 -1.21871945357934619E+00 1.00000000000000000E+00 0.00000000000000000E+00 0.00000000000000000E+00 0.00000000000000000E+00 
-5.05394680772649485E-01 -4.04967920189115094E-01 5.98924572814894862E-01 4.71027129094397312E-01 9.77077109490357198E-01 -1.44504159770345564E+00 -1.13645995853739046E+00 0.00000000000000000E+00 0.00000000000000000E+00 0.00000000000000000E+00 9.77077109490357198E-01 -1.44504159770345564E+00 -1.13645995853739046E+00 1.00000000000000000E+00 0.00000000000000000E+00 0.00000000000000000E+00 0.00000000000000000E+00 
-6.22945957167516995E-01 1.08605911310522454E-01 -2.74284567643788335E-01 -7.24507464716214744E-01 -2.49429488344533573E-01 6.29934950525692705E-01 1.66393821519779395E+00 0.00000000000000000E+00 0.00000000000000000E+00 0.00000000000000000E+00 -2.49429488344533573E-01 6.29934950525692705E-01 1.66393821519779395E+00 1.00000000000000000E+00 0.00000000000000000E+00 0.00000000000000000E+00 0.00000000000000000E+00 
-7.36064686964634229E-01 -5.30856356757964609E-01 -1.72065521496164414E-01 -3.83136739827399653E-01 1.16624619834562204E+00 3.78013294475347594E-01 8.41718782457692827E-01 0.00000000000000000E+00 0.00000000000000000E+00 0.00000000000000000E+00 1.16624619834562204E+00 3.78013294475347594E-01 8.41718782457692827E-01 1.00000000000000000E+00 0.00000000000000000E+00 0.00000000000000000E+00 0.00000000000000000E+00 
1.65432749498119203E-01 6.07662392760929593E-01 -7.74285763229217716E-01 6.21287266737557131E-02 1.73089449825982888E+00 -2.20551244181016504E+00 1.76970423815253020E-01 0.00000000000000000E+00 0.00000000000000000E+00 0.00000000000000000E+00 1.73089449825982888E+00 -2.20551244181016504E+00 1.76970423815253020E-01 1.00000000000000000E+00 0.00000000000000000E+00 0.00000000000000000E+00 0.00000000000000000E+00 
-2.65147343049441986E-01 -2.25602588818256955E-01 -9.30777256338782277E-01 -1.11597748520168183E-01 6.09482130445087922E-01 2.51456380946142044E+00 3.01489596716201291E-01 0.00000000000000000E+00 0.00000000000000000E+00 0.00000000000000000E+00 6.09482130445087922E-01 2.51456380946142044E+00 3.01489596716201291E-01 1.00000000000000000E+00 0.00000000000000000E+00 0.00000000000000000E+00 0.00000000000000000E+00 
-5.27706910114007499E-01 -7.92316276319056878E-01 -1.38594965147737018E-02 -3.05889276788493814E-01 1.89332419260763229E+00 3.31187441594541360E-02 7.30955030601556643E-01 0.00000000000000000E+00 0.00000000000000000E+00 0.00000000000000000E+00 1.89332419260763229E+00 3.31187441594541360E-02 7.30955030601556643E-01 1.00000000000000000E+00 0.00000000000000000E+00 0.00000000000000000E+00 0.00000000000000000E+00 
4.80300867497596373E-01 7.04432652015837713E-01 7.95573138771294291E-02 5.16484606995838647E-01 1.71838516858890489E+00 1.94071225727562996E-01 1.25990680007002909E+00 0.00000000000000000E+00 0.00000000000000000E+00 0.00000000000000000E+00 1.71838516858890489E+00 1.94071225727562996E-01 1.25990680007002909E+00 1.00000000000000000E+00 0.00000000000000000E+00 0.00000000000000000E+00 0.00000000000000000E+00 
-6.04641093652457884E-01 -7.33147916438813517E-03 7.19171280583588257E-01 -3.42268997228471594E-01 1.69638074314471254E-02 -1.66404116284021231E+00 7.91952787227605870E-01 0.00000000000000000E+00 0.00000000000000000E+00 0.00000000000000000E+00 1.69638074314471254E-02 -1.66404116284021231E+00 7.91952787227605870E-01 1.00000000000000000E+00 0.00000000000000000E+00 0.00000000000000000E+00 0.00000000000000000E+00 
5.57910105947992840E-01 -3.16317659765683268E-01 7.60659188350553350E-01 1.00384515635323246E-01 -7.46240790906164131E-01 1.79450908540876708E+00 2.36822124942145829E-01 0.00000000000000000E+00 0.00000000000000000E+00 0.00000000000000000E+00 -7.46240790906164131E-01 1.79450908540876708E+00 2.36822124942145829E-01 1.00000000000000000E+00 0.00000000000000000E+00 0.00000000000000000E+00 0.00000000000000000E+00 
6.06080999285856015E-01 3.46167879591836203E-01 -3.31587690426890791E-01 -6.34730828777766654E-01 8.00502310380043602E-01 -7.66786082502175170E-01 -1.46779503489793139E+00 0.00000000000000000E+00 0.00000000000000000E+00 0.00000000000000000E+00 8.00502310380043602E-01 -7.66786082502175170E-01 -1.46779503489793139E+00 1.00000000000000000E+00 0.00000000000000000E+00 0.00000000000000000E+00 0.00000000000000000E+00 
-6.17890385681135079E-01 4.22658457198726412E-01 -6.38425238075834955E-01 -1.78842151712128056E-01 -9.72690341725601759E-01 1.46924792918139624E+00 4.11580628994772046E-01 0.00000000000000000E+00 0.00000000000000000E+00 0.00000000000000000E+00 -9.72690341725601759E-01 1.46924792918139624E+00 4.11580628994772046E-01 1.00000000000000000E+00 0.00000000000000000E+00 0.00000000000000000E+00 0.00000000000000000E+00 
-6.34388640575768159E-01 3.91671533188171717E-01 4.39461785061925181E-01 -5.01016768450559868E-01 -8.95385077634380466E-01 -1.00463651604205562E+00 1.14535497247819529E+00 0.00000000000000000E+00 0.00000000000000000E+00 0.00000000000000000E+00 -8.95385077634380466E-01 -1.00463651604205562E+00 1.14535497247819529E+00 1.00000000000000000E+00 0.00000000000000000E+00 0.00000000000000000E+00 0.00000000000000000E+00 
3.90795909022847665E-01 6.18483710814218601E-01 2.51956205922024001E-01 6.33462332933741989E-01 1.57134369126852413E+00 6.40129703869354971E-01 1.60939895927295207E+00 0.00000000000000000E+00 0.00000000000000000E+00 0.00000000000000000E+00 1.57134369126852413E+00 6.40129703869354971E-01 1.60939895927295207E+00 1.00000000000000000E+00 0.00000000000000000E+00 0.00000000000000000E+00 0.00000000000000000E+00 
-1.11223217008032269E-01 7.55769072967353295E-01 -4.56117276998702359E-01 4.56507977989148050E-01 -2.21962363417132424E+00 1.33957411621144873E+00 -1.34072156876449156E+00 0.00000000000000000E+00 0.00000000000000000E+00 0.00000000000000000E+00 -2.21962363417132424E+00 1.33957411621144873E+00 -1.34072156876449156E+00 1.00000000000000000E+00 0.00000000000000000E+00 0.00000000000000000E+00 0.00000000000000000E+00 
-8.24465188149758332E-01 -6.64111565739482074E-02 -5.34586379752588603E-01 -1.73390064290648460E-01 1.41184169134548898E-01 1.13648275003274168E+00 3.68611742754442751E-01 0.00000000000000000E+00 0.00000000000000000E+00 0.00000000000000000E+00 1.41184169134548898E-01 1.13648275003274168E+00 3.68611742754442751E-01 1.00000000000000000E+00 0.00000000000000000E+00 0.00000000000000000E+00 0.00000000000000000E+00 
6.24736790292839905E-01 -3.08464224685605637E-01 -4.64752252818116662E-01 5.46405626292586599E-01 -7.07920093958007812E-01 -1.06659843233856222E+00 1.25399152105395673E+00 0.00000000000000000E+00 0.00000000000000000E+00 0.00000000000000000E+00 -7.07920093958007812E-01 -1.06659843233856222E+00 1.25399152105395673E+00 1.00000000000000000E+00 0.00000000000000000E+00 0.00000000000000000E+00 0.00000000000000000E+00 
2.33208841438225040E-01 6.94203082220898660E-01 -5.42794555777091903E-01 4.11180966398974224E-01 1.90667899996618950E+00 -1.49082452570678248E+00 1.12933827852014379E+00 0.00000000000000000E+00 0.00000000000000000E+00 0.00000000000000000E+00 1.90667899996618950E+00 -1.49082452570678248E+00 1.12933827852014379E+00 1.00000000000000000E+00 0.00000000000000000E+00 0.00000000000000000E+00 0.00000000000000000E+00 
-2.67311629526615691E-01 5.48700794008185277E-01 -5.75869192730737667E-01 -5.43917828571799045E-01 -1.48071840318352632E+00 1.55403476870150858E+00 1.46781114111868938E+00 0.00000000000000000E+00 0.00000000000000000E+00 0.00000000000000000E+00 -1.48071840318352632E+00 1.55403476870150858E+00 1.46781114111868938E+00 1.00000000000000000E+00 0.00000000000000000E+00 0.00000000000000000E+00 0.00000000000000000E+00 
-3.28391525112522953E-01 -4.59670433502921527E-01 -5.88980316798587866E-01 5.77896431223919427E-01 1.20321386742439507E+00 1.54168994384010150E+00 -1.51267723417601241E+00 0.00000000000000000E+00 0.00000000000000000E+00 0.00000000000000000E+00 1.20321386742439507E+00 1.54168994384010150E+00 -1.51267723417601241E+00 1.00000000000000000E+00 0.00000000000000000E+00 0.00000000000000000E+00 0.00000000000000000E+00 
6.36113677043830261E-01 -2.65506030412334892E-01 2.84281512741442477E-01 6.66370737057007334E-01 -6.06542007710381137E-01 6.49434136111162630E-01 1.52230758791543508E+00 0.00000000000000000E+00 0.00000000000000000E+00 0.00000000000000000E+00 -6.06542007710381137E-01 6.49434136111162630E-01 1.52230758791543508E+00 1.00000000000000000E+00 0.00000000000000000E+00 0.00000000000000000E+00 0.00000000000000000E+00 
-5.71848984578858910E-01 3.97216859157531743E-01 -1.01695601102215830E-01 -7.10538887291619514E-01 -9.31635784377343290E-01 2.38517723798360115E-01 1.66650392180359441E+00 0.00000000000000000E+00 0.00000000000000000E+00 0.00000000000000000E+00 -9.31635784377343290E-01 2.38517723798360115E-01 1.66650392180359441E+00 1.00000000000000000E+00 0.00000000000000000E+00 0.00000000000000000E+00 0.00000000000000000E+00 
7.57495900812287792E-01 3.74081990565975686E-01 -9.39297749414246680E-02 -5.26725566083735219E-01 8.15191590038166769E-01 -2.04689785976004068E-01 -1.14782925283280868E+00 0.00000000000000000E+00 0.00000000000000000E+00 0.00000000000000000E+00 8.15191590038166769E-01 -2.04689785976004068E-01 -1.14782925283280868E+00 1.00000000000000000E+00 0.00000000000000000E+00 0.00000000000000000E+00 0.00000000000000000E+00 
5.38035102526090658E-01 -6.38301377946893789E-01 5.44553494490573331E-01 -8.09386866642968772E-02 -1.51857316026403666E+00 1.29553898774471365E+00 -1.92560006044116827E-01 0.00000000000000000E+00 0.00000000000000000E+00 0.00000000000000000E+00 -1.51857316026403666E+00 1.29553898774471365E+00 -1.92560006044116827E-01 1.00000000000000000E+00 0.00000000000000000E+00 0.00000000000000000E+00 0.00000000000000000E+00 
-5.45413245701005911E-01 -7.00820891601389717E-01 -1.86107575054674651E-01 -4.20402711475789392E-01 1.66209273680646774E+00 4.41379605645343287E-01 9.97042613385854870E-01 0.00000000000000000E+00 0.00000000000000000E+00 0.00000000000000000E+00 1.66209273680646774E+00 4.41379605645343287E-01 9.97042613385854870E-01 1.00000000000000000E+00 0.00000000000000000E+00 0.00000000000000000E+00 0.00000000000000000E+00 
-6.29822863843882086E-01 3.69250426073467197E-01 -5.57671866518325787E-01 3.94942239217357050E-01 -8.45683557531666463E-01 1.27721972599351496E+00 -9.04524773153285611E-01 0.00000000000000000E+00 0.00000000000000000E+00 0.00000000000000000E+00 -8.45683557531666463E-01 1.27721972599351496E+00 -9.04524773153285611E-01 1.00000000000000000E+00 0.00000000000000000E+00 0.00000000000000000E+00 0.00000000000000000E+00 
-6.72837910502758985E-01 7.01939710185456867E-01 2.12292242328166375E-01 9.74771424607711739E-02 -1.58030259541627238E+00 -4.77941305599171862E-01 -2.19453863329400728E-01 0.00000000000000000E+00 0.00000000000000000E+00 0.00000000000000000E+00 -1.58030259541627238E+00 -4.77941305599171862E-01 -2.19453863329400728E-01 1.00000000000000000E+00 0.00000000000000000E+00 0.00000000000000000E+00 0.00000000000000000E+00 
-2.35985858333161963E-01 -7.04621319661705603E-01 -6.24602159236288923E-01 -2.40190785048725403E-01 1.93248529193957963E+00 1.71302578045373166E+00 6.58744131654904197E-01 0.00000000000000000E+00 0.00000000000000000E+00 0.00000000000000000E+00 1.93248529193957963E+00 1.71302578045373166E+00 6.58744131654904197E-01 1.00000000000000000E+00 0.00000000000000000E+00 0.00000000000000000E+00 0.00000000000000000E+00 
5.02051502213337941E-01 4.53808332388457136E-01 5.98794321499436455E-01 -4.28307888230146705E-01 1.09650911548496310E+00 1.44682982872763621E+00 -1.03489396328769634E+00 0.00000000000000000E+00 0.00000000000000000E+00 0.00000000000000000E+00 1.09650911548496310E+00 1.44682982872763621E+00 -1.03489396328769634E+00 1.00000000000000000E+00 0.00000000000000000E+00 0.00000000000000000E+00 0.00000000000000000E+00 
7.78010026608892069E-01 -9.63657270130779259E-03 -4.96286596259991664E-01 3.85106672670411876E-01 -2.08393003271800901E-02 -1.07323067530143512E+00 8.32801646241989935E-01 0.00000000000000000E+00 0.00000000000000000E+00 0.00000000000000000E+00 -2.08393003271800901E-02 -1.07323067530143512E+00 8.32801646241989935E-01 1.00000000000000000E+00 0.00000000000000000E+00 0.00000000000000000E+00 0.00000000000000000E+00 
-5.85520383340543571E-01 3.06036769674487064E-01 -4.36663258625954787E-01 -6.10600175946674706E-01 -7.13713709715309674E-01 1.01835003206246122E+00 1.42399136283934014E+00 0.00000000000000000E+00 0.00000000000000000E+00 0.00000000000000000E+00 -7.13713709715309674E-01 1.01835003206246122E+00 1.42399136283934014E+00 1.00000000000000000E+00 0.00000000000000000E+00 0.00000000000000000E+00 0.00000000000000000E+00 
-3.60943102823813033E-01 9.05464780095053490E-01 2.00544219144026703E-01 -9.81612178981469824E-02 -2.33314569109986536E+00 -5.16749951027089316E-01 2.52935760293331535E-01 0.00000000000000000E+00 0.00000000000000000E+00 0.00000000000000000E+00 -2.33314569109986536E+00 -5.16749951027089316E-01 2.52935760293331535E-01 1.00000000000000000E+00 0.00000000000000000E+00 0.00000000000000000E+00 0.00000000000000000E+00 
3.34177667848689020E-01 6.01084749477841379E-02 9.40282191562381686E-01 -2.41175824100880454E-02 1.56894349668834393E-01 2.45431219272357604E+00 -6.29513959737348916E-02 0.00000000000000000E+00 0.00000000000000000E+00 0.00000000000000000E+00 1.56894349668834393E-01 2.45431219272357604E+00 -6.29513959737348916E-02 1.00000000000000000E+00 0.00000000000000000E+00 0.00000000000000000E+00 0.00000000000000000E+00 
