0 1 1 9.90000000000000047E-02 0.00000000000000000E+00 0.00000000000000000E+00 2.99999999999999989E-01 0.00000000000000000E+00 4.00000000000000000E+00 -1.00000000000000000E+00 -4.00000000000000000E+00 -4.00000000000000000E+00 2.69094999999999942E+01 7.74389999999999930E+01 
0 1 1 1.04999999999999996E-01 0.00000000000000000E+00 0.00000000000000000E+00 2.99999999999999989E-01 0.00000000000000000E+00 4.00000000000000000E+00 -1.00000000000000000E+00 -4.00000000000000000E+00 -4.00000000000000000E+00 1.19095000000000173E+01 4.74390000000000356E+01 
0 1 0 1.30000000000000004E-01 0.00000000000000000E+00 0.00000000000000000E+00 2.99999999999999989E-01 0.00000000000000000E+00 4.00000000000000000E+00 -1.00000000000000000E+00 -4.00000000000000000E+00 -4.00000000000000000E+00 -1.18100000000000005E+01 0.00000000000000000E+00 
0 1 1 9.91076379999999979E-02 5.38189999999999918E-02 2.00000000000000004E-03 2.99999999999999989E-01 0.00000000000000000E+00 4.00000000000000000E+00 -1.00000000000000000E+00 -4.00000000000000000E+00 -4.00000000000000000E+00 2.69094999999999942E+01 7.74389999999999930E+01 
0 1 1 1.05047637999999999E-01 2.38190000000000346E-02 2.00000000000000004E-03 2.99999999999999989E-01 0.00000000000000000E+00 4.00000000000000000E+00 -1.00000000000000000E+00 -4.00000000000000000E+00 -4.00000000000000000E+00 1.19095000000000173E+01 4.74390000000000356E+01 
0 1 0 1.29952760000000000E-01 -2.36200000000000021E-02 2.00000000000000004E-03 2.99999999999999989E-01 0.00000000000000000E+00 4.00000000000000000E+00 -1.00000000000000000E+00 -4.00000000000000000E+00 -4.00000000000000000E+00 -1.18100000000000005E+01 0.00000000000000000E+00 
0 1 1 1.09583411566634509E-01 -8.95903607517194866E-05 2.00000000000000150E-01 2.99999999999999989E-01 0.00000000000000000E+00 4.00000000000000000E+00 -1.00000000000000000E+00 -4.00000000000000000E+00 -4.00000000000000000E+00 3.85035401557587420E-03 2.36277007080311527E+01 
0 1 1 1.09582280803555254E-01 -2.75987400116114868E-05 2.00000000000000150E-01 2.99999999999999989E-01 0.00000000000000000E+00 4.00000000000000000E+00 -1.00000000000000000E+00 -4.00000000000000000E+00 -4.00000000000000000E+00 1.86408592496256631E-03 2.36237281718499261E+01 
0 1 1 1.09584214603578561E-01 7.32023027309485017E-04 2.00000000000000150E-01 2.99999999999999989E-01 0.00000000000000000E+00 4.00000000000000000E+00 -1.00000000000000000E+00 -4.00000000000000000E+00 -4.00000000000000000E+00 -9.08471741902356911E-02 2.34383056516195296E+01 
0 1 1 9.90000000000000047E-02 0.00000000000000000E+00 0.00000000000000000E+00 2.99999999999999989E-01 0.00000000000000000E+00 4.00000000000000000E+00 -1.00000000000000000E+00 -4.00000000000000000E+00 -4.00000000000000000E+00 2.69094999999999942E+01 7.74389999999999930E+01 
0 1 1 1.04999999999999996E-01 0.00000000000000000E+00 0.00000000000000000E+00 2.99999999999999989E-01 0.00000000000000000E+00 4.00000000000000000E+00 -1.00000000000000000E+00 -4.00000000000000000E+00 -4.00000000000000000E+00 1.19095000000000173E+01 4.74390000000000356E+01 
0 1 0 1.30000000000000004E-01 0.00000000000000000E+00 0.00000000000000000E+00 2.99999999999999989E-01 0.00000000000000000E+00 4.00000000000000000E+00 -1.00000000000000000E+00 -4.00000000000000000E+00 -4.00000000000000000E+00 -1.18100000000000005E+01 0.00000000000000000E+00 
0 1 1 9.91076379999999979E-02 5.38189999999999918E-02 2.00000000000000004E-03 2.99999999999999989E-01 0.00000000000000000E+00 4.00000000000000000E+00 -1.00000000000000000E+00 -4.00000000000000000E+00 -4.00000000000000000E+00 2.69094999999999942E+01 7.74389999999999930E+01 
0 1 1 1.05047637999999999E-01 2.38190000000000346E-02 2.00000000000000004E-03 2.99999999999999989E-01 0.00000000000000000E+00 4.00000000000000000E+00 -1.00000000000000000E+00 -4.00000000000000000E+00 -4.00000000000000000E+00 1.19095000000000173E+01 4.74390000000000356E+01 
0 1 0 1.29952760000000000E-01 -2.36200000000000021E-02 2.00000000000000004E-03 2.99999999999999989E-01 0.00000000000000000E+00 4.00000000000000000E+00 -1.00000000000000000E+00 -4.00000000000000000E+00 -4.00000000000000000E+00 -1.18100000000000005E+01 0.00000000000000000E+00 
0 1 1 1.09583411566634509E-01 -8.95903607517194866E-05 2.00000000000000150E-01 2.99999999999999989E-01 0.00000000000000000E+00 4.00000000000000000E+00 -1.00000000000000000E+00 -4.00000000000000000E+00 -4.00000000000000000E+00 3.85035401557587420E-03 2.36277007080311527E+01 
0 1 1 1.09582280803555254E-01 -2.75987400116114868E-05 2.00000000000000150E-01 2.99999999999999989E-01 0.00000000000000000E+00 4.00000000000000000E+00 -1.00000000000000000E+00 -4.00000000000000000E+00 -4.00000000000000000E+00 1.86408592496256631E-03 2.36237281718499261E+01 
0 1 1 1.09584214603578561E-01 7.32023027309485017E-04 2.00000000000000150E-01 2.99999999999999989E-01 0.00000000000000000E+00 4.00000000000000000E+00 -1.00000000000000000E+00 -4.00000000000000000E+00 -4.00000000000000000E+00 -9.08471741902356911E-02 2.34383056516195296E+01 
0 1 1 9.90000000000000047E-02 0.00000000000000000E+00 0.00000000000000000E+00 2.99999999999999989E-01 1.00000000000000000E+00 1.19999999999999996E+00 -1.00000000000000000E+00 -1.19999999999999996E+00 -1.19999999999999996E+00 2.69794999999999909E+01 7.47789999999999822E+01 
0 1 1 1.04999999999999996E-01 0.00000000000000000E+00 0.00000000000000000E+00 2.99999999999999989E-01 1.00000000000000000E+00 1.19999999999999996E+00 -1.00000000000000000E+00 -1.19999999999999996E+00 -1.19999999999999996E+00 1.19795000000000158E+01 4.47790000000000319E+01 
0 1 0 1.30000000000000004E-01 0.00000000000000000E+00 0.00000000000000000E+00 2.99999999999999989E-01 1.00000000000000000E+00 1.19999999999999996E+00 -1.00000000000000000E+00 -1.19999999999999996E+00 -1.19999999999999996E+00 -1.04100000000000001E+01 0.00000000000000000E+00 
0 1 1 9.91079180000000032E-02 5.39589999999999861E-02 2.00000000000000004E-03 3.01999999999999991E-01 1.00000000000000000E+00 1.19999999999999996E+00 -1.00000000000000000E+00 -1.19999999999999996E+00 -1.19999999999999996E+00 2.69794999999999909E+01 7.47789999999999822E+01 
0 1 1 1.05047917999999990E-01 2.39590000000000324E-02 2.00000000000000004E-03 3.01999999999999991E-01 1.00000000000000000E+00 1.19999999999999996E+00 -1.00000000000000000E+00 -1.19999999999999996E+00 -1.19999999999999996E+00 1.19795000000000158E+01 4.47790000000000319E+01 
0 1 0 1.29958359999999995E-01 -2.08200000000000017E-02 2.00000000000000004E-03 3.01999999999999991E-01 1.00000000000000000E+00 1.19999999999999996E+00 -1.00000000000000000E+00 -1.19999999999999996E+00 -1.19999999999999996E+00 -1.04100000000000001E+01 0.00000000000000000E+00 
0 1 1 1.09609461268931008E-01 -1.30770684482173222E-04 2.00000000000000150E-01 5.00000000000000111E-01 1.00000000000000000E+00 1.99200000000000066E+00 -1.00000000000000000E+00 -1.99200000000000066E+00 -1.99200000000000066E+00 2.69275983856687162E-03 2.16173855196771356E+01 
0 1 1 1.09608368599512299E-01 -8.09491787768236676E-05 2.00000000000000150E-01 5.00000000000000111E-01 1.00000000000000000E+00 1.99200000000000066E+00 -1.00000000000000000E+00 -1.99200000000000066E+00 -1.99200000000000066E+00 1.65208432148133966E-03 2.16153041686429646E+01 
0 1 1 1.09604150803672709E-01 1.10421463619819033E-03 2.00000000000000150E-01 5.00000000000000111E-01 1.00000000000000000E+00 1.99200000000000066E+00 -1.00000000000000000E+00 -1.99200000000000066E+00 -1.99200000000000066E+00 -1.12682602202900384E-01 2.13866347955942011E+01 
0 1 1 9.90000000000000047E-02 0.00000000000000000E+00 0.00000000000000000E+00 2.99999999999999989E-01 1.00000000000000000E+00 1.19999999999999996E+00 -1.00000000000000000E+00 -1.19999999999999996E+00 -1.19999999999999996E+00 2.69794999999999909E+01 7.47789999999999822E+01 
0 1 1 1.04999999999999996E-01 0.00000000000000000E+00 0.00000000000000000E+00 2.99999999999999989E-01 1.00000000000000000E+00 1.19999999999999996E+00 -1.00000000000000000E+00 -1.19999999999999996E+00 -1.19999999999999996E+00 1.19795000000000158E+01 4.47790000000000319E+01 
0 1 0 1.30000000000000004E-01 0.00000000000000000E+00 0.00000000000000000E+00 2.99999999999999989E-01 1.00000000000000000E+00 1.19999999999999996E+00 -1.00000000000000000E+00 -1.19999999999999996E+00 -1.19999999999999996E+00 -1.04100000000000001E+01 0.00000000000000000E+00 
0 1 1 9.91079180000000032E-02 5.39589999999999861E-02 2.00000000000000004E-03 3.01999999999999991E-01 1.00000000000000000E+00 1.19999999999999996E+00 -1.00000000000000000E+00 -1.19999999999999996E+00 -1.19999999999999996E+00 2.69794999999999909E+01 7.47789999999999822E+01 
0 1 1 1.05047917999999990E-01 2.39590000000000324E-02 2.00000000000000004E-03 3.01999999999999991E-01 1.00000000000000000E+00 1.19999999999999996E+00 -1.00000000000000000E+00 -1.19999999999999996E+00 -1.19999999999999996E+00 1.19795000000000158E+01 4.47790000000000319E+01 
0 1 0 1.29958359999999995E-01 -2.08200000000000017E-02 2.00000000000000004E-03 3.01999999999999991E-01 1.00000000000000000E+00 1.19999999999999996E+00 -1.00000000000000000E+00 -1.19999999999999996E+00 -1.19999999999999996E+00 -1.04100000000000001E+01 0.00000000000000000E+00 
0 1 1 1.09609461268931008E-01 -1.30770684482173222E-04 2.00000000000000150E-01 5.00000000000000111E-01 1.00000000000000000E+00 1.99200000000000066E+00 -1.00000000000000000E+00 -1.99200000000000066E+00 -1.99200000000000066E+00 2.69275983856687162E-03 2.16173855196771356E+01 
0 1 1 1.09608368599512299E-01 -8.09491787768236676E-05 2.00000000000000150E-01 5.00000000000000111E-01 1.00000000000000000E+00 1.99200000000000066E+00 -1.00000000000000000E+00 -1.99200000000000066E+00 -1.99200000000000066E+00 1.65208432148133966E-03 2.16153041686429646E+01 
0 1 1 1.09604150803672709E-01 1.10421463619819033E-03 2.00000000000000150E-01 5.00000000000000111E-01 1.00000000000000000E+00 1.99200000000000066E+00 -1.00000000000000000E+00 -1.99200000000000066E+00 -1.99200000000000066E+00 -1.12682602202900384E-01 2.13866347955942011E+01 
0 1 1 9.90000000000000047E-02 0.00000000000000000E+00 0.00000000000000000E+00 2.99999999999999989E-01 1.00000000000000000E+00 1.20799999999999996E+00 -1.00000000000000000E+00 -1.20799999999999996E+00 -1.20799999999999996E+00 2.69792999999999950E+01 7.47865999999999929E+01 
0 1 1 1.04999999999999996E-01 0.00000000000000000E+00 0.00000000000000000E+00 2.99999999999999989E-01 1.00000000000000000E+00 1.20799999999999996E+00 -1.00000000000000000E+00 -1.20799999999999996E+00 -1.20799999999999996E+00 1.19793000000000180E+01 4.47866000000000355E+01 
0 1 0 1.30000000000000004E-01 0.00000000000000000E+00 0.00000000000000000E+00 2.99999999999999989E-01 1.00000000000000000E+00 1.20799999999999996E+00 -1.00000000000000000E+00 -1.20799999999999996E+00 -1.20799999999999996E+00 -1.04139999999999997E+01 0.00000000000000000E+00 
0 1 1 9.91079172000000064E-02 5.39585999999999885E-02 2.00000000000000004E-03 3.01999999999999991E-01 1.00000000000000000E+00 1.20799999999999996E+00 -1.00000000000000000E+00 -1.20799999999999996E+00 -1.20799999999999996E+00 2.69792999999999950E+01 7.47865999999999929E+01 
0 1 1 1.05047917199999993E-01 2.39586000000000382E-02 2.00000000000000004E-03 3.01999999999999991E-01 1.00000000000000000E+00 1.20799999999999996E+00 -1.00000000000000000E+00 -1.20799999999999996E+00 -1.20799999999999996E+00 1.19793000000000180E+01 4.47866000000000355E+01 
0 1 0 1.29958344000000003E-01 -2.08279999999999993E-02 2.00000000000000004E-03 3.01999999999999991E-01 1.00000000000000000E+00 1.20799999999999996E+00 -1.00000000000000000E+00 -1.20799999999999996E+00 -1.20799999999999996E+00 -1.04139999999999997E+01 0.00000000000000000E+00 
0 1 1 1.09609358923786940E-01 -1.30803696177022200E-04 2.00000000000000150E-01 5.00000000000000111E-01 1.00000000000000000E+00 2.00000000000000044E+00 -1.00000000000000000E+00 -2.00000000000000044E+00 -2.00000000000000044E+00 2.69729653582118090E-03 2.16253945930716434E+01 
0 1 1 1.09608265966546575E-01 -8.09320133596229142E-05 2.00000000000000150E-01 5.00000000000000111E-01 1.00000000000000000E+00 2.00000000000000044E+00 -1.00000000000000000E+00 -2.00000000000000044E+00 -2.00000000000000044E+00 1.65314734346644343E-03 2.16233062946869339E+01 
0 1 1 1.09604033644480292E-01 1.10688281877383736E-03 2.00000000000000150E-01 5.00000000000000111E-01 1.00000000000000000E+00 2.00000000000000044E+00 -1.00000000000000000E+00 -2.00000000000000044E+00 -2.00000000000000044E+00 -1.12912359174082155E-01 2.13941752816518367E+01 
0 1 1 9.90000000000000047E-02 0.00000000000000000E+00 0.00000000000000000E+00 2.99999999999999989E-01 1.00000000000000000E+00 1.20799999999999996E+00 -1.00000000000000000E+00 -1.20799999999999996E+00 -1.20799999999999996E+00 2.69792999999999950E+01 7.47865999999999929E+01 
0 1 1 1.04999999999999996E-01 0.00000000000000000E+00 0.00000000000000000E+00 2.99999999999999989E-01 1.00000000000000000E+00 1.20799999999999996E+00 -1.00000000000000000E+00 -1.20799999999999996E+00 -1.20799999999999996E+00 1.19793000000000180E+01 4.47866000000000355E+01 
0 1 0 1.30000000000000004E-01 0.00000000000000000E+00 0.00000000000000000E+00 2.99999999999999989E-01 1.00000000000000000E+00 1.20799999999999996E+00 -1.00000000000000000E+00 -1.20799999999999996E+00 -1.20799999999999996E+00 -1.04139999999999997E+01 0.00000000000000000E+00 
0 1 1 9.91079172000000064E-02 5.39585999999999885E-02 2.00000000000000004E-03 3.01999999999999991E-01 1.00000000000000000E+00 1.20799999999999996E+00 -1.00000000000000000E+00 -1.20799999999999996E+00 -1.20799999999999996E+00 2.69792999999999950E+01 7.47865999999999929E+01 
0 1 1 1.05047917199999993E-01 2.39586000000000382E-02 2.00000000000000004E-03 3.01999999999999991E-01 1.00000000000000000E+00 1.20799999999999996E+00 -1.00000000000000000E+00 -1.20799999999999996E+00 -1.20799999999999996E+00 1.19793000000000180E+01 4.47866000000000355E+01 
0 1 0 1.29958344000000003E-01 -2.08279999999999993E-02 2.00000000000000004E-03 3.01999999999999991E-01 1.00000000000000000E+00 1.20799999999999996E+00 -1.00000000000000000E+00 -1.20799999999999996E+00 -1.20799999999999996E+00 -1.04139999999999997E+01 0.00000000000000000E+00 
0 1 1 1.09609358923786940E-01 -1.30803696177022200E-04 2.00000000000000150E-01 5.00000000000000111E-01 1.00000000000000000E+00 2.00000000000000044E+00 -1.00000000000000000E+00 -2.00000000000000044E+00 -2.00000000000000044E+00 2.69729653582118090E-03 2.16253945930716434E+01 
0 1 1 1.09608265966546575E-01 -8.09320133596229142E-05 2.00000000000000150E-01 5.00000000000000111E-01 1.00000000000000000E+00 2.00000000000000044E+00 -1.00000000000000000E+00 -2.00000000000000044E+00 -2.00000000000000044E+00 1.65314734346644343E-03 2.16233062946869339E+01 
0 1 1 1.09604033644480292E-01 1.10688281877383736E-03 2.00000000000000150E-01 5.00000000000000111E-01 1.00000000000000000E+00 2.00000000000000044E+00 -1.00000000000000000E+00 -2.00000000000000044E+00 -2.00000000000000044E+00 -1.12912359174082155E-01 2.13941752816518367E+01 
0 1 1 9.90000000000000047E-02 0.00000000000000000E+00 0.00000000000000000E+00 2.99999999999999989E-01 3.50000000000000000E+01 1.19999999999999996E+00 -1.00000000000000000E+00 -1.19999999999999996E+00 -1.19999999999999996E+00 2.69794999999999909E+01 7.47789999999999822E+01 
0 1 1 1.04999999999999996E-01 0.00000000000000000E+00 0.00000000000000000E+00 2.99999999999999989E-01 3.50000000000000000E+01 1.19999999999999996E+00 -1.00000000000000000E+00 -1.19999999999999996E+00 -1.19999999999999996E+00 1.19795000000000158E+01 4.47790000000000319E+01 
0 1 0 1.30000000000000004E-01 0.00000000000000000E+00 0.00000000000000000E+00 2.99999999999999989E-01 3.50000000000000000E+01 1.19999999999999996E+00 -1.00000000000000000E+00 -1.19999999999999996E+00 -1.19999999999999996E+00 -1.04100000000000001E+01 0.00000000000000000E+00 
0 1 1 9.91079180000000032E-02 5.39589999999999861E-02 2.00000000000000004E-03 3.69999999999999996E-01 3.50000000000000000E+01 1.19999999999999996E+00 -1.00000000000000000E+00 -1.19999999999999996E+00 -1.19999999999999996E+00 2.69794999999999909E+01 7.47789999999999822E+01 
0 1 1 1.05047917999999990E-01 2.39590000000000324E-02 2.00000000000000004E-03 3.69999999999999996E-01 3.50000000000000000E+01 1.19999999999999996E+00 -1.00000000000000000E+00 -1.19999999999999996E+00 -1.19999999999999996E+00 1.19795000000000158E+01 4.47790000000000319E+01 
0 1 0 1.29958359999999995E-01 -2.08200000000000017E-02 2.00000000000000004E-03 3.69999999999999996E-01 3.50000000000000000E+01 1.19999999999999996E+00 -1.00000000000000000E+00 -1.19999999999999996E+00 -1.19999999999999996E+00 -1.04100000000000001E+01 0.00000000000000000E+00 
0 1 1 1.09583407397188817E-01 -8.95332555307697190E-05 2.00000000000000150E-01 9.99981407020778645E-01 1.03294329007463936E-03 3.99991736453679403E+00 -1.00000000000000000E+00 -3.99991736453679403E+00 -3.99991736453679403E+00 3.86629014100137169E-03 2.36276499448187991E+01 
0 1 1 1.09582279604980168E-01 -2.75524885670022639E-05 2.00000000000000150E-01 9.99981407020778645E-01 1.03294329007463936E-03 3.99991736453679403E+00 -1.00000000000000000E+00 -3.99991736453679403E+00 -3.99991736453679403E+00 1.86837122862293370E-03 2.36236541069940422E+01 
0 1 1 1.09582445062906833E-01 9.53111847814754358E-04 2.00000000000000150E-01 9.99981407020778645E-01 1.03294329007463936E-03 3.99991736453679403E+00 -1.00000000000000000E+00 -3.99991736453679403E+00 -3.99991736453679403E+00 -1.07743834512488590E-01 2.34044296955118192E+01 
0 1 1 9.90000000000000047E-02 0.00000000000000000E+00 0.00000000000000000E+00 2.99999999999999989E-01 3.50000000000000000E+01 1.19999999999999996E+00 -1.00000000000000000E+00 -1.19999999999999996E+00 -1.19999999999999996E+00 2.69794999999999909E+01 7.47789999999999822E+01 
0 1 1 1.04999999999999996E-01 0.00000000000000000E+00 0.00000000000000000E+00 2.99999999999999989E-01 3.50000000000000000E+01 1.19999999999999996E+00 -1.00000000000000000E+00 -1.19999999999999996E+00 -1.19999999999999996E+00 1.19795000000000158E+01 4.47790000000000319E+01 
0 1 0 1.30000000000000004E-01 0.00000000000000000E+00 0.00000000000000000E+00 2.99999999999999989E-01 3.50000000000000000E+01 1.19999999999999996E+00 -1.00000000000000000E+00 -1.19999999999999996E+00 -1.19999999999999996E+00 -1.04100000000000001E+01 0.00000000000000000E+00 
0 1 1 9.91079180000000032E-02 5.39589999999999861E-02 2.00000000000000004E-03 3.69999999999999996E-01 3.50000000000000000E+01 1.19999999999999996E+00 -1.00000000000000000E+00 -1.19999999999999996E+00 -1.19999999999999996E+00 2.69794999999999909E+01 7.47789999999999822E+01 
0 1 1 1.05047917999999990E-01 2.39590000000000324E-02 2.00000000000000004E-03 3.69999999999999996E-01 3.50000000000000000E+01 1.19999999999999996E+00 -1.00000000000000000E+00 -1.19999999999999996E+00 -1.19999999999999996E+00 1.19795000000000158E+01 4.47790000000000319E+01 
0 1 0 1.29958359999999995E-01 -2.08200000000000017E-02 2.00000000000000004E-03 3.69999999999999996E-01 3.50000000000000000E+01 1.19999999999999996E+00 -1.00000000000000000E+00 -1.19999999999999996E+00 -1.19999999999999996E+00 -1.04100000000000001E+01 0.00000000000000000E+00 
0 1 1 1.09583407397188817E-01 -8.95332555307697190E-05 2.00000000000000150E-01 9.99981407020778645E-01 1.03294329007463936E-03 3.99991736453679403E+00 -1.00000000000000000E+00 -3.99991736453679403E+00 -3.99991736453679403E+00 3.86629014100137169E-03 2.36276499448187991E+01 
0 1 1 1.09582279604980168E-01 -2.75524885670022639E-05 2.00000000000000150E-01 9.99981407020778645E-01 1.03294329007463936E-03 3.99991736453679403E+00 -1.00000000000000000E+00 -3.99991736453679403E+00 -3.99991736453679403E+00 1.86837122862293370E-03 2.36236541069940422E+01 
0 1 1 1.09582445062906833E-01 9.53111847814754358E-04 2.00000000000000150E-01 9.99981407020778645E-01 1.03294329007463936E-03 3.99991736453679403E+00 -1.00000000000000000E+00 -3.99991736453679403E+00 -3.99991736453679403E+00 -1.07743834512488590E-01 2.34044296955118192E+01 
0 1 1 9.90000000000000047E-02 0.00000000000000000E+00 0.00000000000000000E+00 2.99999999999999989E-01 3.50000000000000000E+01 1.47999999999999998E+00 -1.00000000000000000E+00 -1.47999999999999998E+00 -1.47999999999999998E+00 2.69724999999999859E+01 7.50449999999999733E+01 
0 1 1 1.04999999999999996E-01 0.00000000000000000E+00 0.00000000000000000E+00 2.99999999999999989E-01 3.50000000000000000E+01 1.47999999999999998E+00 -1.00000000000000000E+00 -1.47999999999999998E+00 -1.47999999999999998E+00 1.19725000000000179E+01 4.50450000000000372E+01 
0 1 0 1.30000000000000004E-01 0.00000000000000000E+00 0.00000000000000000E+00 2.99999999999999989E-01 3.50000000000000000E+01 1.47999999999999998E+00 -1.00000000000000000E+00 -1.47999999999999998E+00 -1.47999999999999998E+00 -1.05500000000000007E+01 0.00000000000000000E+00 
0 1 1 9.91078900000000040E-02 5.39449999999999721E-02 2.00000000000000004E-03 3.69999999999999996E-01 3.50000000000000000E+01 1.47999999999999998E+00 -1.00000000000000000E+00 -1.47999999999999998E+00 -1.47999999999999998E+00 2.69724999999999859E+01 7.50449999999999733E+01 
0 1 1 1.05047889999999991E-01 2.39450000000000357E-02 2.00000000000000004E-03 3.69999999999999996E-01 3.50000000000000000E+01 1.47999999999999998E+00 -1.00000000000000000E+00 -1.47999999999999998E+00 -1.47999999999999998E+00 1.19725000000000179E+01 4.50450000000000372E+01 
0 1 0 1.29957800000000012E-01 -2.11000000000000007E-02 2.00000000000000004E-03 3.69999999999999996E-01 3.50000000000000000E+01 1.47999999999999998E+00 -1.00000000000000000E+00 -1.47999999999999998E+00 -1.47999999999999998E+00 -1.05500000000000007E+01 0.00000000000000000E+00 
0 1 1 1.09583407813473435E-01 -8.95389826047074210E-05 2.00000000000000150E-01 9.99981407020778645E-01 1.03294329007463936E-03 3.99992562808311458E+00 -1.00000000000000000E+00 -3.99992562808311458E+00 -3.99992562808311458E+00 3.86470121998527816E-03 2.36276550305230870E+01 
0 1 1 1.09582279723308473E-01 -2.75570341435479884E-05 2.00000000000000150E-01 9.99981407020778645E-01 1.03294329007463936E-03 3.99992562808311458E+00 -1.00000000000000000E+00 -3.99992562808311458E+00 -3.99992562808311458E+00 1.86794048972416249E-03 2.36236615090625648E+01 
0 1 1 1.09582105587214138E-01 9.94870314602212683E-04 2.00000000000000150E-01 9.99981407020778645E-01 1.03294329007463936E-03 3.99992562808311458E+00 -1.00000000000000000E+00 -3.99992562808311458E+00 -3.99992562808311458E+00 -1.10912613831411377E-01 2.33981004004202937E+01 
0 1 1 9.90000000000000047E-02 0.00000000000000000E+00 0.00000000000000000E+00 2.99999999999999989E-01 3.50000000000000000E+01 1.47999999999999998E+00 -1.00000000000000000E+00 -1.47999999999999998E+00 -1.47999999999999998E+00 2.69724999999999859E+01 7.50449999999999733E+01 
0 1 1 1.04999999999999996E-01 0.00000000000000000E+00 0.00000000000000000E+00 2.99999999999999989E-01 3.50000000000000000E+01 1.47999999999999998E+00 -1.00000000000000000E+00 -1.47999999999999998E+00 -1.47999999999999998E+00 1.19725000000000179E+01 4.50450000000000372E+01 
0 1 0 1.30000000000000004E-01 0.00000000000000000E+00 0.00000000000000000E+00 2.99999999999999989E-01 3.50000000000000000E+01 1.47999999999999998E+00 -1.00000000000000000E+00 -1.47999999999999998E+00 -1.47999999999999998E+00 -1.05500000000000007E+01 0.00000000000000000E+00 
0 1 1 9.91078900000000040E-02 5.39449999999999721E-02 2.00000000000000004E-03 3.69999999999999996E-01 3.50000000000000000E+01 1.47999999999999998E+00 -1.00000000000000000E+00 -1.47999999999999998E+00 -1.47999999999999998E+00 2.69724999999999859E+01 7.50449999999999733E+01 
0 1 1 1.05047889999999991E-01 2.39450000000000357E-02 2.00000000000000004E-03 3.69999999999999996E-01 3.50000000000000000E+01 1.47999999999999998E+00 -1.00000000000000000E+00 -1.47999999999999998E+00 -1.47999999999999998E+00 1.19725000000000179E+01 4.50450000000000372E+01 
0 1 0 1.29957800000000012E-01 -2.11000000000000007E-02 2.00000000000000004E-03 3.69999999999999996E-01 3.50000000000000000E+01 1.47999999999999998E+00 -1.00000000000000000E+00 -1.47999999999999998E+00 -1.47999999999999998E+00 -1.05500000000000007E+01 0.00000000000000000E+00 
0 1 1 1.09583407813473435E-01 -8.95389826047074210E-05 2.00000000000000150E-01 9.99981407020778645E-01 1.03294329007463936E-03 3.99992562808311458E+00 -1.00000000000000000E+00 -3.99992562808311458E+00 -3.99992562808311458E+00 3.86470121998527816E-03 2.36276550305230870E+01 
0 1 1 1.09582279723308473E-01 -2.75570341435479884E-05 2.00000000000000150E-01 9.99981407020778645E-01 1.03294329007463936E-03 3.99992562808311458E+00 -1.00000000000000000E+00 -3.99992562808311458E+00 -3.99992562808311458E+00 1.86794048972416249E-03 2.36236615090625648E+01 
0 1 1 1.09582105587214138E-01 9.94870314602212683E-04 2.00000000000000150E-01 9.99981407020778645E-01 1.03294329007463936E-03 3.99992562808311458E+00 -1.00000000000000000E+00 -3.99992562808311458E+00 -3.99992562808311458E+00 -1.10912613831411377E-01 2.33981004004202937E+01 
0 1 1 9.90000000000000047E-02 0.00000000000000000E+00 0.00000000000000000E+00 2.99999999999999989E-01 3.50000000000000000E+01 1.19999999999999996E+00 -1.00000000000000000E+00 -1.19999999999999996E+00 -1.19999999999999996E+00 2.69794999999999909E+01 7.47789999999999822E+01 
0 1 1 1.04999999999999996E-01 0.00000000000000000E+00 0.00000000000000000E+00 2.99999999999999989E-01 3.50000000000000000E+01 1.19999999999999996E+00 -1.00000000000000000E+00 -1.19999999999999996E+00 -1.19999999999999996E+00 1.19795000000000158E+01 4.47790000000000319E+01 
0 1 0 1.30000000000000004E-01 0.00000000000000000E+00 0.00000000000000000E+00 2.99999999999999989E-01 3.50000000000000000E+01 1.19999999999999996E+00 -1.00000000000000000E+00 -1.19999999999999996E+00 -1.19999999999999996E+00 -1.04100000000000001E+01 0.00000000000000000E+00 
0 1 1 9.91079180000000032E-02 5.39589999999999861E-02 2.00000000000000004E-03 3.66613807374828349E-01 3.50000000000000000E+01 1.19999999999999996E+00 -1.00000000000000000E+00 -1.19999999999999996E+00 -1.19999999999999996E+00 2.69794999999999909E+01 7.47789999999999822E+01 
0 1 1 1.05047917999999990E-01 2.39590000000000324E-02 2.00000000000000004E-03 3.66613807374828349E-01 3.50000000000000000E+01 1.19999999999999996E+00 -1.00000000000000000E+00 -1.19999999999999996E+00 -1.19999999999999996E+00 1.19795000000000158E+01 4.47790000000000319E+01 
0 1 0 1.29958359999999995E-01 -2.08200000000000017E-02 2.00000000000000004E-03 3.66613807374828349E-01 3.50000000000000000E+01 1.19999999999999996E+00 -1.00000000000000000E+00 -1.19999999999999996E+00 -1.19999999999999996E+00 -1.04100000000000001E+01 0.00000000000000000E+00 
0 1 1 1.09583409657354233E-01 -8.96502666131058709E-05 2.00000000000000150E-01 9.99968220049166301E-01 1.75611387196461521E-03 3.99985951089024283E+00 -1.00000000000000000E+00 -3.99985951089024283E+00 -3.99985951089024283E+00 3.87246322626211281E-03 2.36276044373427681E+01 
0 1 1 1.09582282107200349E-01 -2.76790335941243666E-05 2.00000000000000150E-01 9.99968220049166301E-01 1.75611387196461521E-03 3.99985951089024283E+00 -1.00000000000000000E+00 -3.99985951089024283E+00 -3.99985951089024283E+00 1.87453980282725752E-03 2.36236085904958983E+01 
0 1 1 1.09582555698662251E-01 9.39576505666462496E-04 2.00000000000000150E-01 9.99968220049166301E-01 1.75611387196461521E-03 3.99985951089024283E+00 -1.00000000000000000E+00 -3.99985951089024283E+00 -3.99985951089024283E+00 -1.06716426539552600E-01 2.34064266578111386E+01 
0 1 1 9.90000000000000047E-02 0.00000000000000000E+00 0.00000000000000000E+00 2.99999999999999989E-01 3.50000000000000000E+01 1.19999999999999996E+00 -1.00000000000000000E+00 -1.19999999999999996E+00 -1.19999999999999996E+00 2.69794999999999909E+01 7.47789999999999822E+01 
0 1 1 1.04999999999999996E-01 0.00000000000000000E+00 0.00000000000000000E+00 2.99999999999999989E-01 3.50000000000000000E+01 1.19999999999999996E+00 -1.00000000000000000E+00 -1.19999999999999996E+00 -1.19999999999999996E+00 1.19795000000000158E+01 4.47790000000000319E+01 
0 1 0 1.30000000000000004E-01 0.00000000000000000E+00 0.00000000000000000E+00 2.99999999999999989E-01 3.50000000000000000E+01 1.19999999999999996E+00 -1.00000000000000000E+00 -1.19999999999999996E+00 -1.19999999999999996E+00 -1.04100000000000001E+01 0.00000000000000000E+00 
0 1 1 9.91079180000000032E-02 5.39589999999999861E-02 2.00000000000000004E-03 3.66613807374828349E-01 3.50000000000000000E+01 1.19999999999999996E+00 -1.00000000000000000E+00 -1.19999999999999996E+00 -1.19999999999999996E+00 2.69794999999999909E+01 7.47789999999999822E+01 
0 1 1 1.05047917999999990E-01 2.39590000000000324E-02 2.00000000000000004E-03 3.66613807374828349E-01 3.50000000000000000E+01 1.19999999999999996E+00 -1.00000000000000000E+00 -1.19999999999999996E+00 -1.19999999999999996E+00 1.19795000000000158E+01 4.47790000000000319E+01 
0 1 0 1.29958359999999995E-01 -2.08200000000000017E-02 2.00000000000000004E-03 3.66613807374828349E-01 3.50000000000000000E+01 1.19999999999999996E+00 -1.00000000000000000E+00 -1.19999999999999996E+00 -1.19999999999999996E+00 -1.04100000000000001E+01 0.00000000000000000E+00 
0 1 1 1.09583409657354233E-01 -8.96502666131058709E-05 2.00000000000000150E-01 9.99968220049166301E-01 1.75611387196461521E-03 3.99985951089024283E+00 -1.00000000000000000E+00 -3.99985951089024283E+00 -3.99985951089024283E+00 3.87246322626211281E-03 2.36276044373427681E+01 
0 1 1 1.09582282107200349E-01 -2.76790335941243666E-05 2.00000000000000150E-01 9.99968220049166301E-01 1.75611387196461521E-03 3.99985951089024283E+00 -1.00000000000000000E+00 -3.99985951089024283E+00 -3.99985951089024283E+00 1.87453980282725752E-03 2.36236085904958983E+01 
0 1 1 1.09582555698662251E-01 9.39576505666462496E-04 2.00000000000000150E-01 9.99968220049166301E-01 1.75611387196461521E-03 3.99985951089024283E+00 -1.00000000000000000E+00 -3.99985951089024283E+00 -3.99985951089024283E+00 -1.06716426539552600E-01 2.34064266578111386E+01 
0 1 1 9.90000000000000047E-02 0.00000000000000000E+00 0.00000000000000000E+00 2.99999999999999989E-01 3.50000000000000000E+01 1.46645522949931340E+00 -1.00000000000000000E+00 -1.46645522949931340E+00 -1.46645522949931340E+00 2.69728386192625074E+01 7.50321324680243293E+01 
0 1 1 1.04999999999999996E-01 0.00000000000000000E+00 0.00000000000000000E+00 2.99999999999999989E-01 3.50000000000000000E+01 1.46645522949931340E+00 -1.00000000000000000E+00 -1.46645522949931340E+00 -1.46645522949931340E+00 1.19728386192625358E+01 4.50321324680243862E+01 
0 1 0 1.30000000000000004E-01 0.00000000000000000E+00 0.00000000000000000E+00 2.99999999999999989E-01 3.50000000000000000E+01 1.46645522949931340E+00 -1.00000000000000000E+00 -1.46645522949931340E+00 -1.46645522949931340E+00 -1.05432276147496573E+01 0.00000000000000000E+00 
0 1 1 9.91078913544770485E-02 5.39456772385250166E-02 2.00000000000000004E-03 3.66613807374828349E-01 3.50000000000000000E+01 1.46645522949931340E+00 -1.00000000000000000E+00 -1.46645522949931340E+00 -1.46645522949931340E+00 2.69728386192625074E+01 7.50321324680243293E+01 
0 1 1 1.05047891354477049E-01 2.39456772385250732E-02 2.00000000000000004E-03 3.66613807374828349E-01 3.50000000000000000E+01 1.46645522949931340E+00 -1.00000000000000000E+00 -1.46645522949931340E+00 -1.46645522949931340E+00 1.19728386192625358E+01 4.50321324680243862E+01 
0 1 0 1.29957827089541011E-01 -2.10864552294993159E-02 2.00000000000000004E-03 3.66613807374828349E-01 3.50000000000000000E+01 1.46645522949931340E+00 -1.00000000000000000E+00 -1.46645522949931340E+00 -1.46645522949931340E+00 -1.05432276147496573E+01 0.00000000000000000E+00 
0 1 1 1.09583409838176965E-01 -8.96445729472725226E-05 2.00000000000000150E-01 9.99968220049166301E-01 1.75611387196461521E-03 3.99987288019666520E+00 -1.00000000000000000E+00 -3.99987288019666520E+00 -3.99987288019666520E+00 3.87036381055771983E-03 2.36276136078177821E+01 
0 1 1 1.09582281981413038E-01 -2.76712922421342599E-05 2.00000000000000150E-01 9.99968220049166301E-01 1.75611387196461521E-03 3.99987288019666520E+00 -1.00000000000000000E+00 -3.99987288019666520E+00 -3.99987288019666520E+00 1.87354132705053189E-03 2.36236199628507677E+01 
0 1 1 1.09582230738992550E-01 9.79775406898137366E-04 2.00000000000000150E-01 9.99968220049166301E-01 1.75611387196461521E-03 3.99987288019666520E+00 -1.00000000000000000E+00 -3.99987288019666520E+00 -3.99987288019666520E+00 -1.09775211848686993E-01 2.34003224564992927E+01 
0 1 1 9.90000000000000047E-02 0.00000000000000000E+00 0.00000000000000000E+00 2.99999999999999989E-01 3.50000000000000000E+01 1.46645522949931340E+00 -1.00000000000000000E+00 -1.46645522949931340E+00 -1.46645522949931340E+00 2.69728386192625074E+01 7.50321324680243293E+01 
0 1 1 1.04999999999999996E-01 0.00000000000000000E+00 0.00000000000000000E+00 2.99999999999999989E-01 3.50000000000000000E+01 1.46645522949931340E+00 -1.00000000000000000E+00 -1.46645522949931340E+00 -1.46645522949931340E+00 1.19728386192625358E+01 4.50321324680243862E+01 
0 1 0 1.30000000000000004E-01 0.00000000000000000E+00 0.00000000000000000E+00 2.99999999999999989E-01 3.50000000000000000E+01 1.46645522949931340E+00 -1.00000000000000000E+00 -1.46645522949931340E+00 -1.46645522949931340E+00 -1.05432276147496573E+01 0.00000000000000000E+00 
0 1 1 9.91078913544770485E-02 5.39456772385250166E-02 2.00000000000000004E-03 3.66613807374828349E-01 3.50000000000000000E+01 1.46645522949931340E+00 -1.00000000000000000E+00 -1.46645522949931340E+00 -1.46645522949931340E+00 2.69728386192625074E+01 7.50321324680243293E+01 
0 1 1 1.05047891354477049E-01 2.39456772385250732E-02 2.00000000000000004E-03 3.66613807374828349E-01 3.50000000000000000E+01 1.46645522949931340E+00 -1.00000000000000000E+00 -1.46645522949931340E+00 -1.46645522949931340E+00 1.19728386192625358E+01 4.50321324680243862E+01 
0 1 0 1.29957827089541011E-01 -2.10864552294993159E-02 2.00000000000000004E-03 3.66613807374828349E-01 3.50000000000000000E+01 1.46645522949931340E+00 -1.00000000000000000E+00 -1.46645522949931340E+00 -1.46645522949931340E+00 -1.05432276147496573E+01 0.00000000000000000E+00 
0 1 1 1.09583409838176965E-01 -8.96445729472725226E-05 2.00000000000000150E-01 9.99968220049166301E-01 1.75611387196461521E-03 3.99987288019666520E+00 -1.00000000000000000E+00 -3.99987288019666520E+00 -3.99987288019666520E+00 3.87036381055771983E-03 2.36276136078177821E+01 
0 1 1 1.09582281981413038E-01 -2.76712922421342599E-05 2.00000000000000150E-01 9.99968220049166301E-01 1.75611387196461521E-03 3.99987288019666520E+00 -1.00000000000000000E+00 -3.99987288019666520E+00 -3.99987288019666520E+00 1.87354132705053189E-03 2.36236199628507677E+01 
0 1 1 1.09582230738992550E-01 9.79775406898137366E-04 2.00000000000000150E-01 9.99968220049166301E-01 1.75611387196461521E-03 3.99987288019666520E+00 -1.00000000000000000E+00 -3.99987288019666520E+00 -3.99987288019666520E+00 -1.09775211848686993E-01 2.34003224564992927E+01 
0 1 1 9.96328308154664638E-02 -1.53585771777704221E-06 2.00000000000000150E-01 5.99999999999999978E-01 0.00000000000000000E+00 0.00000000000000000E+00 -1.00000000000000000E+00 -0.00000000000000000E+00 0.00000000000000000E+00 1.21141868193674895E-04 1.96202422837363883E+01 
0 1 1 9.96141843878514260E-02 -9.49642616114960568E-07 2.00000000000000150E-01 5.99999999999999978E-01 0.00000000000000000E+00 1.39999999999999991E+00 -1.00000000000000000E+00 -1.39999999999999991E+00 -1.39999999999999991E+00 1.03057777543824614E-04 2.10202061155550872E+01 
0 1 1 9.96294307558136250E-02 -1.43675457290770815E-06 2.00000000000000150E-01 5.99999999999999978E-01 0.00000000000000000E+00 2.50000000000000000E-01 -1.00000000000000000E+00 -2.50000000000000000E-01 -2.50000000000000000E-01 1.18649244722490721E-04 1.98702372984894460E+01 
0 1 1 9.96328308154664638E-02 -1.53585771777704221E-06 2.00000000000000150E-01 5.99999999999999978E-01 0.00000000000000000E+00 0.00000000000000000E+00 -1.00000000000000000E+00 -0.00000000000000000E+00 0.00000000000000000E+00 1.21141868193674895E-04 1.96202422837363883E+01 
0 1 1 9.96215145766426724E-02 -1.97985639693776468E-05 2.00000000000000150E-01 8.80000000000002447E-01 1.39999999999999991E+00 8.80000000000002447E-01 -1.00000000000000000E+00 -8.80000000000002447E-01 -8.80000000000002447E-01 1.14371679616809274E-04 2.05002287433592372E+01 
0 1 1 9.96294307558136250E-02 -1.43675457290770815E-06 2.00000000000000150E-01 8.00000000000000155E-01 1.00000000000000000E+00 2.50000000000000000E-01 -1.00000000000000000E+00 -2.50000000000000000E-01 -2.50000000000000000E-01 1.18649244722490721E-04 1.98702372984894460E+01 
0 1 1 9.96328308154664638E-02 -1.53585771777704221E-06 2.00000000000000150E-01 5.99999999999999978E-01 0.00000000000000000E+00 0.00000000000000000E+00 -1.00000000000000000E+00 -0.00000000000000000E+00 0.00000000000000000E+00 1.21141868193674895E-04 1.96202422837363883E+01 
0 1 1 9.96141852590787524E-02 -1.01932245397929963E-06 2.00000000000000150E-01 1.39997875088088963E+00 1.18050661723767547E-03 1.39997875088088963E+00 -1.00000000000000000E+00 -1.39997875088088963E+00 -1.39997875088088963E+00 1.08382968015519054E-04 2.10201955168169228E+01 
0 1 1 9.96294307558136250E-02 -1.43675457290770815E-06 2.00000000000000150E-01 9.99989375440444861E-01 5.90253308618837735E-04 2.50000000000000000E-01 -1.00000000000000000E+00 -2.50000000000000000E-01 -2.50000000000000000E-01 1.18649244722490721E-04 1.98702372984894460E+01 
0 1 1 9.96328308154664638E-02 -1.53585771777704221E-06 2.00000000000000150E-01 5.99999999999999978E-01 0.00000000000000000E+00 0.00000000000000000E+00 -1.00000000000000000E+00 -0.00000000000000000E+00 0.00000000000000000E+00 1.21141868193674895E-04 1.96202422837363883E+01 
0 1 1 9.96141861560066733E-02 -1.06540940049050238E-06 2.00000000000000150E-01 1.39996368005618987E+00 2.00698728224368850E-03 1.39996368005618987E+00 -1.00000000000000000E+00 -1.39996368005618987E+00 -1.39996368005618987E+00 1.10655703432271935E-04 2.10201849914630543E+01 
0 1 1 9.96294307558136250E-02 -1.43675457290770815E-06 2.00000000000000150E-01 9.99981840028094981E-01 1.00349364112184425E-03 2.50000000000000000E-01 -1.00000000000000000E+00 -2.50000000000000000E-01 -2.50000000000000000E-01 1.18649244722490721E-04 1.98702372984894460E+01 
0 1 1 9.90079380000000037E-02 3.96900000000000117E-03 2.00000000000000004E-03 1.00000000000000000E+00 7.00000000000000000E+14 1.00000000000000000E+00 -1.00000000000000000E+00 -1.00000000000000000E+00 -1.00000000000000000E+00 1.98450000000000060E+00 2.45890000000000022E+01 
0 1 1 9.90079580000000070E-02 3.97899999999999903E-03 2.00000000000000004E-03 8.00000000000000044E-01 7.00000000000000000E+14 8.00000000000000044E-01 -1.00000000000000000E+00 -8.00000000000000044E-01 -8.00000000000000044E-01 1.98949999999999960E+00 2.43990000000000009E+01 
0 1 1 9.90079380000000037E-02 3.96900000000000117E-03 2.00000000000000004E-03 1.00000000000000000E+00 7.00000000000000000E+14 1.00000000000000000E+00 -1.00000000000000000E+00 -1.00000000000000000E+00 -1.00000000000000000E+00 1.98450000000000060E+00 2.45890000000000022E+01 
0 1 1 9.90079580000000070E-02 3.97899999999999903E-03 2.00000000000000004E-03 8.00000000000000044E-01 7.00000000000000000E+14 8.00000000000000044E-01 -1.00000000000000000E+00 -8.00000000000000044E-01 -8.00000000000000044E-01 1.98949999999999960E+00 2.43990000000000009E+01 
0 1 1 9.90079380000000037E-02 3.96900000000000117E-03 2.00000000000000004E-03 1.00000000000000000E+00 7.00000000000000000E+14 1.00000000000000000E+00 -1.00000000000000000E+00 -1.00000000000000000E+00 -1.00000000000000000E+00 1.98450000000000060E+00 2.45890000000000022E+01 
0 1 1 9.90079580000000070E-02 3.97899999999999903E-03 2.00000000000000004E-03 8.00000000000000044E-01 7.00000000000000000E+14 8.00000000000000044E-01 -1.00000000000000000E+00 -8.00000000000000044E-01 -8.00000000000000044E-01 1.98949999999999960E+00 2.43990000000000009E+01 
0 1 1 9.90079380000000037E-02 3.96900000000000117E-03 2.00000000000000004E-03 1.00000000000000000E+00 7.00000000000000116E+05 1.00000000000000000E+00 -1.00000000000000000E+00 -1.00000000000000000E+00 -1.00000000000000000E+00 1.98450000000000060E+00 2.45890000000000022E+01 
0 1 1 9.90079580000000070E-02 3.97899999999999903E-03 2.00000000000000004E-03 8.00000000000000044E-01 7.00000000000000116E+05 8.00000000000000044E-01 -1.00000000000000000E+00 -8.00000000000000044E-01 -8.00000000000000044E-01 1.98949999999999960E+00 2.43990000000000009E+01 
0 1 1 9.90080210000000016E-02 4.01050000000000018E-03 2.00000000000000004E-03 1.70000000000000012E-01 3.50000000000000000E+01 1.70000000000000012E-01 -1.00000000000000000E+00 -1.70000000000000012E-01 -1.70000000000000012E-01 2.00525000000000020E+00 2.38005000000000031E+01 
0 1 1 9.90080213386192731E-02 4.01066930963125783E-03 2.00000000000000004E-03 1.66613807374828338E-01 3.50000000000000000E+01 1.66613807374828338E-01 -1.00000000000000000E+00 -1.66613807374828338E-01 -1.66613807374828338E-01 2.00533465481562878E+00 2.37972831170060886E+01 
0 1 1 9.90080279999999979E-02 4.01399999999999240E-03 2.00000000000000004E-03 1.00000000000140005E-01 7.00000000000000038E-11 1.00000000000140005E-01 -1.00000000000000000E+00 -1.00000000000140005E-01 -1.00000000000140005E-01 2.00699999999999612E+00 2.37340000000001332E+01 
0 1 1 9.90080279999999979E-02 4.01399999999999240E-03 2.00000000000000004E-03 1.00000000000139977E-01 7.00000000000000038E-11 1.00000000000139977E-01 -1.00000000000000000E+00 -1.00000000000139977E-01 -1.00000000000139977E-01 2.00699999999999612E+00 2.37340000000001332E+01 
0 1 1 9.99999999999999917E-02 0.00000000000000000E+00 0.00000000000000000E+00 2.00000000000000011E-01 2.49999999999999964E+01 2.00000000000000011E-01 -1.00000000000000000E+00 -2.00000000000000011E-01 -2.00000000000000011E-01 -9.90999999999971237E-01 1.78380000000000578E+01 
0 1 0 1.00000000000000006E-01 0.00000000000000000E+00 0.00000000000000000E+00 2.00000000000000011E-01 2.49999999999999964E+01 2.00000000000000011E-01 -1.00000000000000000E+00 -2.00000000000000011E-01 -2.00000000000000011E-01 -9.91000000000000014E+00 0.00000000000000000E+00 
0 0 0 1.00000000000000019E-01 0.00000000000000000E+00 0.00000000000000000E+00 2.00000000000000011E-01 2.49999999999999964E+01 2.00000000000000011E-01 0.00000000000000000E+00 0.00000000000000000E+00 0.00000000000000000E+00 -9.81000000000000050E+00 0.00000000000000000E+00 
0 1 1 9.99999999999999917E-02 0.00000000000000000E+00 0.00000000000000000E+00 2.00000000000000011E-01 2.49999999999999964E+01 2.00000000000000011E-01 -1.00000000000000000E+00 -2.00000000000000011E-01 -2.00000000000000011E-01 -9.90999999999971237E-01 1.78380000000000578E+01 
0 1 0 1.00000000000000006E-01 0.00000000000000000E+00 0.00000000000000000E+00 2.00000000000000011E-01 2.49999999999999964E+01 2.00000000000000011E-01 -1.00000000000000000E+00 -2.00000000000000011E-01 -2.00000000000000011E-01 -9.91000000000000014E+00 0.00000000000000000E+00 
0 0 0 1.00000000000000019E-01 0.00000000000000000E+00 0.00000000000000000E+00 2.00000000000000011E-01 2.49999999999999964E+01 2.00000000000000011E-01 0.00000000000000000E+00 0.00000000000000000E+00 0.00000000000000000E+00 -9.81000000000000050E+00 0.00000000000000000E+00 
0 1 1 9.99999999999999917E-02 0.00000000000000000E+00 0.00000000000000000E+00 2.00000000000000011E-01 2.49999999999999964E+01 2.00000000000000011E-01 -1.00000000000000000E+00 -2.00000000000000011E-01 -2.00000000000000011E-01 -9.90999999999971237E-01 1.78380000000000578E+01 
0 1 0 1.00000000000000006E-01 0.00000000000000000E+00 0.00000000000000000E+00 2.00000000000000011E-01 2.49999999999999964E+01 2.00000000000000011E-01 -1.00000000000000000E+00 -2.00000000000000011E-01 -2.00000000000000011E-01 -9.91000000000000014E+00 0.00000000000000000E+00 
0 0 0 1.00000000000000019E-01 0.00000000000000000E+00 0.00000000000000000E+00 2.00000000000000011E-01 2.49999999999999964E+01 2.00000000000000011E-01 0.00000000000000000E+00 0.00000000000000000E+00 0.00000000000000000E+00 -9.81000000000000050E+00 0.00000000000000000E+00 
0 1 1 9.99999999999999917E-02 0.00000000000000000E+00 0.00000000000000000E+00 2.00000000000000011E-01 2.49999999999999964E+01 2.00000000000000011E-01 -1.00000000000000000E+00 -2.00000000000000011E-01 -2.00000000000000011E-01 2.45045000000000250E+01 6.88290000000000504E+01 
0 1 1 1.00000000000000006E-01 0.00000000000000000E+00 0.00000000000000000E+00 2.00000000000000011E-01 2.49999999999999964E+01 2.00000000000000011E-01 -1.00000000000000000E+00 -2.00000000000000011E-01 -2.00000000000000011E-01 2.45044999999999895E+01 6.88289999999999793E+01 
0 1 1 1.00000000000000019E-01 0.00000000000000000E+00 0.00000000000000000E+00 2.00000000000000011E-01 2.49999999999999964E+01 2.00000000000000011E-01 -1.00000000000000000E+00 -2.00000000000000011E-01 -2.00000000000000011E-01 2.45044999999999611E+01 6.88289999999999225E+01 
0 1 1 1.09999999999999987E-01 0.00000000000000000E+00 0.00000000000000000E+00 2.00000000000000011E-01 2.49999999999999964E+01 2.00000000000000011E-01 -1.00000000000000000E+00 -2.00000000000000011E-01 -2.00000000000000011E-01 -9.90999999999957026E-01 1.78380000000000862E+01 
0 1 1 1.10000000000000001E-01 0.00000000000000000E+00 0.00000000000000000E+00 2.00000000000000011E-01 2.49999999999999964E+01 2.00000000000000011E-01 -1.00000000000000000E+00 -2.00000000000000011E-01 -2.00000000000000011E-01 -9.90999999999989001E-01 1.78380000000000223E+01 
0 0 0 1.10000000000000014E-01 0.00000000000000000E+00 0.00000000000000000E+00 2.00000000000000011E-01 2.49999999999999964E+01 2.00000000000000011E-01 0.00000000000000000E+00 0.00000000000000000E+00 0.00000000000000000E+00 -9.81000000000000050E+00 0.00000000000000000E+00 
0 1 1 1.09999999999999987E-01 0.00000000000000000E+00 0.00000000000000000E+00 2.00000000000000011E-01 2.49999999999999964E+01 2.00000000000000011E-01 -1.00000000000000000E+00 -2.00000000000000011E-01 -2.00000000000000011E-01 -9.90999999999957026E-01 1.78380000000000862E+01 
0 1 1 1.10000000000000001E-01 0.00000000000000000E+00 0.00000000000000000E+00 2.00000000000000011E-01 2.49999999999999964E+01 2.00000000000000011E-01 -1.00000000000000000E+00 -2.00000000000000011E-01 -2.00000000000000011E-01 -9.90999999999989001E-01 1.78380000000000223E+01 
0 0 0 1.10000000000000014E-01 0.00000000000000000E+00 0.00000000000000000E+00 2.00000000000000011E-01 2.49999999999999964E+01 2.00000000000000011E-01 0.00000000000000000E+00 0.00000000000000000E+00 0.00000000000000000E+00 -9.81000000000000050E+00 0.00000000000000000E+00 
0 1 1 9.99999999999999917E-02 0.00000000000000000E+00 0.00000000000000000E+00 2.00000000000000011E-01 2.49999999999999964E+01 2.00000000000000011E-01 -1.00000000000000000E+00 -2.00000000000000011E-01 -2.00000000000000011E-01 2.45045000000000250E+01 6.88290000000000504E+01 
0 1 1 1.00000000000000006E-01 0.00000000000000000E+00 0.00000000000000000E+00 2.00000000000000011E-01 2.49999999999999964E+01 2.00000000000000011E-01 -1.00000000000000000E+00 -2.00000000000000011E-01 -2.00000000000000011E-01 2.45044999999999895E+01 6.88289999999999793E+01 
0 1 1 1.00000000000000019E-01 0.00000000000000000E+00 0.00000000000000000E+00 2.00000000000000011E-01 2.49999999999999964E+01 2.00000000000000011E-01 -1.00000000000000000E+00 -2.00000000000000011E-01 -2.00000000000000011E-01 2.45044999999999611E+01 6.88289999999999225E+01 
0 1 1 1.09999999999999987E-01 0.00000000000000000E+00 0.00000000000000000E+00 2.00000000000000011E-01 2.49999999999999964E+01 2.00000000000000011E-01 -1.00000000000000000E+00 -2.00000000000000011E-01 -2.00000000000000011E-01 -9.90999999999957026E-01 1.78380000000000862E+01 
0 1 1 1.10000000000000001E-01 0.00000000000000000E+00 0.00000000000000000E+00 2.00000000000000011E-01 2.49999999999999964E+01 2.00000000000000011E-01 -1.00000000000000000E+00 -2.00000000000000011E-01 -2.00000000000000011E-01 -9.90999999999989001E-01 1.78380000000000223E+01 
0 1 0 1.10000000000000014E-01 0.00000000000000000E+00 0.00000000000000000E+00 2.00000000000000011E-01 2.49999999999999964E+01 2.00000000000000011E-01 -1.00000000000000000E+00 -2.00000000000000011E-01 -2.00000000000000011E-01 -9.91000000000000014E+00 0.00000000000000000E+00 
0 1 0 1.14999999999999991E-01 0.00000000000000000E+00 0.00000000000000000E+00 2.00000000000000011E-01 2.49999999999999964E+01 2.00000000000000011E-01 -1.00000000000000000E+00 -2.00000000000000011E-01 -2.00000000000000011E-01 -9.91000000000000014E+00 0.00000000000000000E+00 
0 1 0 1.15000000000000005E-01 0.00000000000000000E+00 0.00000000000000000E+00 2.00000000000000011E-01 2.49999999999999964E+01 2.00000000000000011E-01 -1.00000000000000000E+00 -2.00000000000000011E-01 -2.00000000000000011E-01 -9.91000000000000014E+00 0.00000000000000000E+00 
0 0 0 1.15000000000000019E-01 0.00000000000000000E+00 0.00000000000000000E+00 2.00000000000000011E-01 2.49999999999999964E+01 2.00000000000000011E-01 0.00000000000000000E+00 0.00000000000000000E+00 0.00000000000000000E+00 -9.81000000000000050E+00 0.00000000000000000E+00 
0 1 1 9.99999999999999917E-02 0.00000000000000000E+00 0.00000000000000000E+00 2.00000000000000011E-01 2.49999999999999964E+01 2.00000000000000011E-01 -1.00000000000000000E+00 -2.00000000000000011E-01 -2.00000000000000011E-01 2.45045000000000250E+01 6.88290000000000504E+01 
0 1 1 1.00000000000000006E-01 0.00000000000000000E+00 0.00000000000000000E+00 2.00000000000000011E-01 2.49999999999999964E+01 2.00000000000000011E-01 -1.00000000000000000E+00 -2.00000000000000011E-01 -2.00000000000000011E-01 2.45044999999999895E+01 6.88289999999999793E+01 
0 1 1 1.00000000000000019E-01 0.00000000000000000E+00 0.00000000000000000E+00 2.00000000000000011E-01 2.49999999999999964E+01 2.00000000000000011E-01 -1.00000000000000000E+00 -2.00000000000000011E-01 -2.00000000000000011E-01 2.45044999999999611E+01 6.88289999999999225E+01 
0 1 1 1.09999999999999987E-01 0.00000000000000000E+00 0.00000000000000000E+00 2.00000000000000011E-01 2.49999999999999964E+01 2.00000000000000011E-01 -1.00000000000000000E+00 -2.00000000000000011E-01 -2.00000000000000011E-01 -9.90999999999957026E-01 1.78380000000000862E+01 
0 1 1 1.10000000000000001E-01 0.00000000000000000E+00 0.00000000000000000E+00 2.00000000000000011E-01 2.49999999999999964E+01 2.00000000000000011E-01 -1.00000000000000000E+00 -2.00000000000000011E-01 -2.00000000000000011E-01 -9.90999999999989001E-01 1.78380000000000223E+01 
0 1 0 1.10000000000000014E-01 0.00000000000000000E+00 0.00000000000000000E+00 2.00000000000000011E-01 2.49999999999999964E+01 2.00000000000000011E-01 -1.00000000000000000E+00 -2.00000000000000011E-01 -2.00000000000000011E-01 -9.91000000000000014E+00 0.00000000000000000E+00 
0 1 0 1.29999999999999977E-01 0.00000000000000000E+00 0.00000000000000000E+00 2.00000000000000011E-01 2.49999999999999964E+01 2.00000000000000011E-01 -1.00000000000000000E+00 -2.00000000000000011E-01 -2.00000000000000011E-01 -9.91000000000000014E+00 0.00000000000000000E+00 
0 1 0 1.30000000000000004E-01 0.00000000000000000E+00 0.00000000000000000E+00 2.00000000000000011E-01 2.49999999999999964E+01 2.00000000000000011E-01 -1.00000000000000000E+00 -2.00000000000000011E-01 -2.00000000000000011E-01 -9.91000000000000014E+00 0.00000000000000000E+00 
0 0 0 1.30000000000000032E-01 0.00000000000000000E+00 0.00000000000000000E+00 2.00000000000000011E-01 2.49999999999999964E+01 2.00000000000000011E-01 0.00000000000000000E+00 0.00000000000000000E+00 0.00000000000000000E+00 -9.81000000000000050E+00 0.00000000000000000E+00 
0 1 0 1.19551184065647131E-01 1.96844642737149245E-01 2.00000000000000039E-02 5.71073753016465568E-01 1.42438063608597076E+00 8.10169144795395546E+00 -1.00000000000000000E+00 -8.10169144795395546E+00 -1.26032476383117604E+01 -1.31830353805251335E+01 0.00000000000000000E+00 
0 1 1 1.08849458524981013E-01 2.58075946113151995E-02 2.00000000000000150E-01 8.15481666699779395E-01 9.81533072762047154E-01 8.11145467497748562E+00 -1.00000000000000000E+00 -8.11145467497748562E+00 -1.23448478282215319E+01 -9.58735030827948975E-01 2.01372003642306900E+01 
0 0 0 1.30534410572954673E-01 -8.70837766190481366E-01 0.00000000000000000E+00 7.05247753472679095E-01 -3.21240580876647996E+00 6.42254172022164949E-01 0.00000000000000000E+00 0.00000000000000000E+00 4.78060989595722141E+00 -8.78363491265650964E+00 0.00000000000000000E+00 
0 1 0 1.28901903200838774E-01 2.11799490125786333E-01 2.00000000000000004E-03 5.97318026330987850E-01 1.00000000000000000E+00 8.98075505931124063E+00 -1.00000000000000000E+00 -8.98075505931124063E+00 -1.25204207922396336E+01 -1.29673656374252477E+01 0.00000000000000000E+00 
0 1 0 1.12909043385115510E-01 -1.13838496523237787E+00 2.00000000000000039E-02 5.26895699770216330E-01 0.00000000000000000E+00 3.19397701752574692E+00 -1.00000000000000000E+00 -3.19397701752574692E+00 -4.76434977398450243E+00 -1.11133336509840479E+01 0.00000000000000000E+00 
0 0 0 1.37741068775900116E-01 -8.66486934773263551E-01 0.00000000000000000E+00 2.90359663089862885E-01 2.26433618515653023E+00 1.48865501872918049E+00 0.00000000000000000E+00 0.00000000000000000E+00 -2.14880210560571605E-01 -9.86029675634942038E+00 0.00000000000000000E+00 
0 1 1 1.06752239845991762E-01 4.65172527422212267E-01 0.00000000000000000E+00 6.23773688616988897E-01 2.42389129887777832E+00 3.61474210323813017E+00 -1.00000000000000000E+00 -3.61474210323813017E+00 -1.64834903970344326E+00 -1.01826603016992419E+01 0.00000000000000000E+00 
0 0 0 1.41596909476937566E-01 -6.85631781153586251E-01 2.00000000000000150E-01 5.90325510855100460E-02 0.00000000000000000E+00 6.85555404836138277E-02 0.00000000000000000E+00 0.00000000000000000E+00 1.66181699062165222E+00 -7.44226755424588227E+00 0.00000000000000000E+00 
0 1 1 1.08002929895996802E-01 -7.73344484391808029E-02 2.00000000000000039E-02 6.35949591900867750E-01 -1.99345656492018053E+00 9.54240924626055964E+00 -1.00000000000000000E+00 -9.54240924626055964E+00 -6.46344149671273094E+00 1.47153646266900999E+01 1.09859084239748896E+02 
0 1 0 1.10628424501869604E-01 -9.53709741591124871E-01 0.00000000000000000E+00 9.13308576254131393E-02 -2.15465345278989862E+00 1.47510484001717712E+00 -1.00000000000000000E+00 -1.47510484001717712E+00 -2.51082712860779056E+00 -1.05990135497264149E+01 0.00000000000000000E+00 
0 0 0 1.33737017850864975E-01 8.34301922647269656E-01 0.00000000000000000E+00 4.15385352172974454E-01 0.00000000000000000E+00 1.10906710530831685E+01 0.00000000000000000E+00 0.00000000000000000E+00 -1.36590714987016160E+00 -1.12880150955978333E+01 0.00000000000000000E+00 
0 0 0 1.32072961827431751E-01 -8.35858024816457990E-01 0.00000000000000000E+00 7.15605288942008144E-01 -9.00521082859967770E+00 1.38020684116753660E+01 0.00000000000000000E+00 0.00000000000000000E+00 1.01518275797611857E-01 -9.67284059748962832E+00 0.00000000000000000E+00 
0 1 1 1.09615428957496736E-01 -1.72434176785386578E-05 2.00000000000000150E-01 3.18475303457005587E-01 9.07527987081006238E-01 2.64455171338109540E+00 -1.00000000000000000E+00 -2.64455171338109540E+00 -3.54292112907564505E+00 -1.92264554472565408E-02 4.42360215247272279E+01 
0 1 1 1.03270292470180394E-01 -9.42634087152456335E-02 0.00000000000000000E+00 4.66187820507169448E-01 6.60109853311059869E-01 4.90821654893157255E+00 -1.00000000000000000E+00 -4.90821654893157255E+00 -1.12638068984823203E+00 2.57381648252470008E+01 9.23567340947252973E+01 
0 1 1 1.09640935877495155E-01 -5.48598127514954834E-05 2.00000000000000150E-01 6.57538284959105601E-01 0.00000000000000000E+00 2.71424449316908456E-01 -1.00000000000000000E+00 -2.71424449316908456E-01 5.64964760228614304E-01 -1.53023312126876476E-03 2.42476614219522979E+01 
0 1 0 1.19126215789420467E-01 8.05620194278275692E-01 2.00000000000000004E-03 5.90179711628064790E-02 4.87778276075811235E+00 3.53328489698920056E-01 -1.00000000000000000E+00 -3.53328489698920056E-01 -3.09443109728594479E+00 -1.04765696588167234E+01 0.00000000000000000E+00 
0 1 0 1.18529982940053541E-01 1.17009161057282929E-02 2.00000000000000039E-02 7.31600078741408311E-01 0.00000000000000000E+00 1.97207651299562836E+00 -1.00000000000000000E+00 -1.97207651299562836E+00 -1.28502776956517262E+00 -1.01981738418061507E+01 0.00000000000000000E+00 
0 0 0 1.39195499396639527E-01 6.15425377358599035E-01 2.00000000000000039E-02 6.00778183506030183E-01 1.91745286685942284E+00 3.24256589915836280E+00 0.00000000000000000E+00 0.00000000000000000E+00 -1.65646244447475999E+00 -1.08905624656502447E+01 0.00000000000000000E+00 
0 1 1 1.09598457041306718E-01 -1.78070985980285428E-05 2.00000000000000150E-01 6.96215548651661686E-01 0.00000000000000000E+00 2.51240607648754688E+00 -1.00000000000000000E+00 -2.51240607648754688E+00 -6.22477941556550185E+00 1.15650372647202460E-03 5.22175021360137634E+01 
0 1 1 1.09460309183622068E-01 1.03550026193675298E-02 2.00000000000000150E-01 4.56049840412891982E-01 1.00000000000000000E+00 9.39653128574754137E-01 -1.00000000000000000E+00 -9.39653128574754137E-01 -2.74115906378229335E+00 -5.35962272410261065E-01 2.44925771959474829E+01 
0 0 0 1.36889012556961620E-01 -7.75472885251135002E-01 0.00000000000000000E+00 5.96354387732860314E-01 2.30103659056428622E+00 2.46232039457612917E+00 0.00000000000000000E+00 0.00000000000000000E+00 -3.55554326796589493E+00 -1.26334788751284997E+01 0.00000000000000000E+00 
0 0 0 1.36934827323659775E-01 -1.24284428034844199E-01 2.00000000000000039E-02 7.18027894960436841E-01 -2.22994374020493602E+00 8.82312268946043154E+00 0.00000000000000000E+00 0.00000000000000000E+00 -1.42768876625574492E+00 -1.17053039423190857E+01 0.00000000000000000E+00 
0 1 1 1.09592541350574044E-01 -2.69514265242478212E-07 2.00000000000000150E-01 1.64133638549892880E-01 -3.25452939236406460E-02 2.60620464631874071E+00 -1.00000000000000000E+00 -2.60620464631874071E+00 -4.36784315575332194E+00 2.80098230597047859E-04 3.18675105669679688E+01 
0 1 1 1.05791769453699724E-01 1.66995920217265295E-02 2.00000000000000004E-03 6.02780372875193926E-01 4.63918685147752974E-01 1.30197760451655853E+00 -1.00000000000000000E+00 -1.30197760451655853E+00 1.59150439029885504E+00 1.05756533557488268E+01 9.43533127921168386E+01 
0 0 0 1.34202909484406913E-01 5.07258051970698398E-01 2.00000000000000039E-02 4.80963689447733544E-01 0.00000000000000000E+00 0.00000000000000000E+00 0.00000000000000000E+00 0.00000000000000000E+00 3.33581909587761238E-01 -9.72355694057664266E+00 0.00000000000000000E+00 
0 1 0 1.29284360580719071E-01 -8.26918375555052210E-01 0.00000000000000000E+00 6.37102337627190152E-01 -6.77055369502622684E-01 1.66141807111537898E+00 -1.00000000000000000E+00 -1.66141807111537898E+00 -1.82954636060882359E+00 -1.02232513292310987E+01 0.00000000000000000E+00 
0 1 0 1.27861390894441818E-01 -6.52141517933926940E-01 0.00000000000000000E+00 3.53302372672112786E-01 2.25680564334149603E+00 4.30289623741387128E+00 -1.00000000000000000E+00 -4.30289623741387128E+00 -3.94963369693761557E-01 -9.90059049686490056E+00 0.00000000000000000E+00 
0 1 1 1.09534470916607743E-01 1.74232422822272822E-03 2.00000000000000150E-01 6.05474165173084500E-01 4.04026905097851739E-04 1.21001862793728865E+01 -1.00000000000000000E+00 -1.21001862793728865E+01 -1.65579789088820846E+01 -1.77069966467689355E-01 5.63294347640579147E+01 
0 1 0 1.21625585750473164E-01 -8.99841068712435854E-01 0.00000000000000000E+00 1.96744043446840877E-01 0.00000000000000000E+00 8.23111270252356775E+00 -1.00000000000000000E+00 -8.23111270252356775E+00 -1.28859992392523957E+01 -1.44932885347797029E+01 0.00000000000000000E+00 
0 0 0 1.38970259456953182E-01 5.02847192314778146E-01 2.00000000000000039E-02 3.68335763830735907E-01 0.00000000000000000E+00 5.58824421174302266E+00 0.00000000000000000E+00 0.00000000000000000E+00 -2.56261750166816293E+00 -1.13728515941626558E+01 0.00000000000000000E+00 
0 1 0 1.12745864423686823E-01 4.57924419974600871E-01 0.00000000000000000E+00 3.06399613250734060E-01 -6.03883881080886753E-01 6.59256835922180540E-01 -1.00000000000000000E+00 -6.59256835922180540E-01 1.09802099821652011E+00 -9.58180274229246010E+00 0.00000000000000000E+00 
0 0 0 1.38811775715827784E-01 -6.83960583038014436E-01 0.00000000000000000E+00 8.04998494814476023E-02 8.26146409780507440E+00 1.22442149581124160E+00 0.00000000000000000E+00 0.00000000000000000E+00 1.22357185017345937E+00 -9.50268626080055689E+00 0.00000000000000000E+00 
0 1 1 1.09464850832161592E-01 2.56700562942671281E-03 2.00000000000000150E-01 6.14466650383453938E-01 -2.18138886517221554E-02 8.77402231062743532E+00 -1.00000000000000000E+00 -8.77402231062743532E+00 -8.31726917078833594E+00 -2.37997865623423621E-01 1.89240049264912145E+01 
0 1 0 1.26233984554928264E-01 -8.18129240636348953E-01 2.00000000000000004E-03 4.62213317051022810E-01 3.59110649864983822E+00 3.89136517944205540E+00 -1.00000000000000000E+00 -3.89136517944205540E+00 -5.71474030808105837E+00 -1.59218845910876912E+01 0.00000000000000000E+00 
0 1 1 1.09512344022585667E-01 -1.55046050264950343E-04 2.00000000000000150E-01 7.87511399807904855E-01 1.00000000000000000E+00 8.91857121122302132E+00 -1.00000000000000000E+00 -8.91857121122302132E+00 -1.19897775578376695E+01 4.62149619015939095E-03 3.35943651197585851E+01 
0 0 0 1.44726580095296431E-01 2.76458714779800774E-01 2.00000000000000039E-02 4.89338873769307181E-01 8.75519046261115541E-01 6.31906932720098879E+00 0.00000000000000000E+00 0.00000000000000000E+00 3.54168125256334676E-01 -9.73808160274930223E+00 0.00000000000000000E+00 
0 1 0 1.28799947103702850E-01 -1.98377469354191149E-01 2.00000000000000004E-03 6.36729862169601368E-01 -7.96771907736154805E-01 1.27037298730173642E+01 -1.00000000000000000E+00 -1.27037298730173642E+01 -1.10774692247084303E+01 -1.47396260601498135E+01 0.00000000000000000E+00 
0 1 1 1.09560435040070667E-01 3.23234124860321019E-03 2.00000000000000150E-01 8.47457987925288925E-01 3.59715696708484385E-03 3.82641384745042812E+00 -1.00000000000000000E+00 -3.82641384745042812E+00 -7.16721684650108415E+00 -2.50884715137713599E-01 4.40035108822033649E+01 
0 1 0 1.23080312690087637E-01 2.83482299621958568E-02 2.00000000000000004E-03 2.46736209048203675E-01 3.74860201024750550E+00 4.68119647938557026E+00 -1.00000000000000000E+00 -4.68119647938557026E+00 -6.06229990659758577E+00 -1.41331155138379572E+01 0.00000000000000000E+00 
0 1 0 1.13930799000251853E-01 2.54010028696896872E-01 2.00000000000000039E-02 1.78060258632603829E-01 5.71736879562024924E+00 2.18835087657221194E+00 -1.00000000000000000E+00 -2.18835087657221194E+00 -6.68996797286944300E+00 -1.17440361065603742E+01 0.00000000000000000E+00 
0 1 1 1.09599412524166884E-01 1.72564779802302588E-04 2.00000000000000150E-01 9.40969158937982164E-01 3.09354259937580700E-01 2.83144290806443388E+00 -1.00000000000000000E+00 -2.83144290806443388E+00 -7.02239094474681735E+00 -4.06095591741557627E-02 5.31382980460356507E+01 
0 1 0 1.20592605060418037E-01 5.38489347382487993E-01 2.00000000000000039E-02 1.57271965923294038E-01 9.44141614221771786E-02 2.24461541764698369E+00 -1.00000000000000000E+00 -2.24461541764698369E+00 -5.09833884670912596E+00 -1.08787753969547545E+01 0.00000000000000000E+00 
0 1 1 1.01963371251102469E-01 9.23054398729858949E-02 2.00000000000000150E-01 1.42808493460878427E-01 0.00000000000000000E+00 4.60673931658522395E+00 -1.00000000000000000E+00 -4.60673931658522395E+00 -7.16132987321072711E+00 1.32582287796581539E+01 4.37954022842650019E+01 
0 1 0 1.26412284059160190E-01 1.40688391365374893E-01 2.00000000000000039E-02 1.93658804630854275E-01 2.66748055056596289E+00 2.56130218836490275E+00 -1.00000000000000000E+00 -2.56130218836490275E+00 -6.40550113348366956E+00 -1.21236355981017851E+01 0.00000000000000000E+00 
0 1 0 1.18458366331246609E-01 -4.32511296763285591E-01 0.00000000000000000E+00 5.89604440234187899E-01 -3.52573593307077937E+00 2.56892816122705536E+00 -1.00000000000000000E+00 -2.56892816122705536E+00 -8.82380481567845543E-01 -1.02047545297589668E+01 0.00000000000000000E+00 
0 1 1 9.93103749694936727E-02 -6.42839096350802386E-01 0.00000000000000000E+00 3.09744174452462773E-01 4.64893836800600191E+00 1.89698199618039820E+00 -1.00000000000000000E+00 -1.89698199618039820E+00 2.12958126168805872E+00 9.05881171649820232E+01 1.49194708740009020E+02 
0 0 0 1.36156148606556976E-01 -1.07686173416651432E-01 0.00000000000000000E+00 3.24140526633913018E-01 9.69034667780632519E-01 2.64698514104994809E+00 0.00000000000000000E+00 0.00000000000000000E+00 1.71236619634075105E-01 -9.64190204485002234E+00 0.00000000000000000E+00 
0 1 0 1.16769214552913059E-01 -1.61957946432115418E-01 2.00000000000000039E-02 5.11508072275561720E-01 2.42468110566413708E+00 7.48958525917244700E+00 -1.00000000000000000E+00 -7.48958525917244700E+00 -8.68489153134470904E+00 -1.30207109423625464E+01 0.00000000000000000E+00 
0 1 1 1.09688613951742384E-01 3.22668183445131557E-04 2.00000000000000150E-01 2.14577104597136525E-01 0.00000000000000000E+00 2.41190299787230034E+00 -1.00000000000000000E+00 -2.41190299787230034E+00 1.55705626639119243E+00 -2.98797144897990918E-02 6.21437079866146203E+00 
0 1 1 1.03004689549039033E-01 -5.40575102581453915E-01 2.00000000000000004E-03 2.69024439128493553E-01 4.51161823902759773E-01 2.26682611100955489E+00 -1.00000000000000000E+00 -2.26682611100955489E+00 -4.04192874918919198E-01 8.54291666264629725E+01 2.12437734500258102E+02 
0 1 0 1.27987033262220190E-01 -1.07484913113387787E-01 2.00000000000000004E-03 7.73505757572129693E-01 1.97535782732321641E+00 3.82128257770107682E+00 -1.00000000000000000E+00 -3.82128257770107682E+00 -3.38627108654958020E+00 -1.10743200649840308E+01 0.00000000000000000E+00 
0 0 0 1.36955606340069452E-01 5.85075608509537104E-01 2.00000000000000039E-02 1.03072017825308213E-01 1.27003243960684387E+00 1.70611588928329572E+00 0.00000000000000000E+00 0.00000000000000000E+00 2.81850691422162392E+00 -9.08513567310974679E+00 0.00000000000000000E+00 
0 1 0 1.12052669231554547E-01 -3.63727355284559684E-01 2.00000000000000039E-02 6.49519233630364679E-01 0.00000000000000000E+00 0.00000000000000000E+00 -1.00000000000000000E+00 -0.00000000000000000E+00 -4.19897522215221386E+00 -1.08133274345672739E+01 0.00000000000000000E+00 
0 1 1 1.02501704849751060E-01 4.63931225135189917E-01 2.00000000000000004E-03 3.85958440911662315E-02 0.00000000000000000E+00 6.13903844462662884E-01 -1.00000000000000000E+00 -6.13903844462662884E-01 -1.30021963244105088E+00 -1.23353479067359579E+01 0.00000000000000000E+00 
0 0 0 1.36670642106022061E-01 1.59713777252021405E-01 2.00000000000000039E-02 4.01508607187151090E-01 5.13415970124110332E-01 4.01979969150249516E+00 0.00000000000000000E+00 0.00000000000000000E+00 -1.57205159481728085E+00 -1.06388799741197264E+01 0.00000000000000000E+00 
0 1 1 1.05537747908444335E-01 -3.73979619160307974E-01 2.00000000000000150E-01 3.30781184558407548E-01 -4.21419909440869822E-01 3.46180454596521470E+00 -1.00000000000000000E+00 -3.46180454596521470E+00 1.22583385956050472E+00 5.77790872537395259E+01 1.36514673064595740E+02 
0 1 1 1.00431572932347724E-01 9.52339181091156006E-01 2.00000000000000004E-03 6.47325375245644263E-01 0.00000000000000000E+00 5.33861751237409443E+00 -1.00000000000000000E+00 -5.33861751237409443E+00 -1.02298517753163445E+01 -1.29340117890125121E+01 0.00000000000000000E+00 
0 1 0 1.29127926874567506E-01 5.74662220751132047E-02 0.00000000000000000E+00 6.92560677920988632E-01 -5.74257963124797843E+00 4.60004351877355067E+00 -1.00000000000000000E+00 -4.60004351877355067E+00 -1.59417454883840204E+00 -1.04070275646895745E+01 0.00000000000000000E+00 
0 1 0 1.12101019460977558E-01 4.86926555568681474E-01 2.00000000000000039E-02 6.25050006143986314E-01 0.00000000000000000E+00 1.63491926797112952E+00 -1.00000000000000000E+00 -1.63491926797112952E+00 -4.76788592228851726E+00 -1.10827692580435340E+01 0.00000000000000000E+00 
0 0 0 1.31150664124851518E-01 9.63670674838206454E-01 0.00000000000000000E+00 8.18271160044007628E-02 8.34269330092201278E-01 1.19461011341811107E+00 0.00000000000000000E+00 0.00000000000000000E+00 4.15443647475911071E+00 -8.28664256114599063E+00 0.00000000000000000E+00 
0 1 1 1.04760170190353122E-01 -2.02529341682129327E-01 2.00000000000000004E-03 3.78139833454697982E-01 0.00000000000000000E+00 0.00000000000000000E+00 -1.00000000000000000E+00 -0.00000000000000000E+00 3.67662944549996240E+00 3.98964924009302422E+01 1.31033038410588659E+02 
0 1 0 1.12702618499962173E-01 5.25686466433832100E-01 0.00000000000000000E+00 3.71953395308808277E-01 -1.29675678748130685E+00 3.91836051043064648E+00 -1.00000000000000000E+00 -3.91836051043064648E+00 -3.93281490323422700E+00 -1.07715335260555332E+01 0.00000000000000000E+00 
0 1 0 1.09670083742678171E-01 -1.17605318331787800E+00 2.00000000000000039E-02 4.76946419816209777E-01 0.00000000000000000E+00 5.16124221460686794E+00 -1.00000000000000000E+00 -5.16124221460686794E+00 -4.62166284092316015E+00 -1.25511069965512689E+01 0.00000000000000000E+00 
0 1 0 1.12283672225873571E-01 -7.72248903565465161E-01 2.00000000000000039E-02 5.14250192668993189E-01 2.34072470839825542E+00 9.69236045969775439E+00 -1.00000000000000000E+00 -9.69236045969775439E+00 -1.06601681284313390E+01 -2.83951967568701171E+01 0.00000000000000000E+00 
0 1 1 1.04033672114157413E-01 9.23702395776308388E-02 2.00000000000000150E-01 4.47747758752641056E-01 3.24920901835595910E-01 7.53886499064578164E+00 -1.00000000000000000E+00 -7.53886499064578164E+00 -1.05701009951256495E+01 6.87540889937612221E+00 6.94296161387192967E+01 
0 1 1 1.05093815703511284E-01 -8.38892148720966624E-01 0.00000000000000000E+00 6.60899666457668400E-01 -1.82483464595255085E+00 5.77620338603236494E+00 -1.00000000000000000E+00 -5.77620338603236494E+00 -1.69641220112878255E+00 9.56420763267130098E+01 4.06438411589162683E+02 
0 1 0 1.19583344713299553E-01 -8.89459730586653619E-01 2.00000000000000039E-02 4.49545514878919861E-01 -1.30132608929697846E+00 5.09029397039400155E+00 -1.00000000000000000E+00 -5.09029397039400155E+00 -2.09215493909364270E+00 -1.07987041899857754E+01 0.00000000000000000E+00 
0 1 0 1.14567672753990671E-01 9.23565830815440192E-01 2.00000000000000004E-03 4.85328159864505504E-01 2.67477481627373814E+00 7.86173823512067038E+00 -1.00000000000000000E+00 -7.86173823512067038E+00 -5.16333570723980273E+00 -1.11564971917463875E+01 0.00000000000000000E+00 
0 0 0 1.35689066786010087E-01 5.81098500815147023E-02 0.00000000000000000E+00 4.58126726520818151E-01 -3.71930076933603226E+00 2.83841477873324877E+00 0.00000000000000000E+00 0.00000000000000000E+00 -4.20164415000614966E+00 -1.06888811613960222E+01 0.00000000000000000E+00 
0 1 1 1.09656069775688869E-01 -1.62601258695947765E-05 2.00000000000000150E-01 7.78177812043313044E-02 -5.23777410395404708E-01 3.93125600105762862E-01 -1.00000000000000000E+00 -3.93125600105762862E-01 2.68724800504516015E+00 4.88697785254288419E-04 2.96984287864045235E+01 
0 1 1 1.04425415308437269E-01 8.23335776482201492E-02 2.00000000000000150E-01 8.65462932074644753E-01 9.78740243636517793E-01 1.00246629524681752E+00 -1.00000000000000000E+00 -1.00246629524681752E+00 6.58037911709010492E-01 7.05219898617548324E+00 3.10676801101499542E+01 
0 1 1 1.08283064361857320E-01 5.24466871379709390E-02 2.00000000000000150E-01 2.99047977036616730E-01 0.00000000000000000E+00 0.00000000000000000E+00 -1.00000000000000000E+00 -0.00000000000000000E+00 4.62209058030135012E-01 -1.46733160369560167E+00 2.81822294189803131E+01 
0 1 0 1.21295085453091520E-01 4.60131534729056102E-01 2.00000000000000039E-02 1.27283812544153246E-01 -1.83754551411464240E+00 2.04762202141805938E+00 -1.00000000000000000E+00 -2.04762202141805938E+00 -6.82587176949658669E+00 -1.50347944816529733E+01 0.00000000000000000E+00 
0 1 1 1.08544347360712057E-01 4.52394281236585677E-02 2.00000000000000150E-01 1.19421265478228025E-01 0.00000000000000000E+00 5.68021553920237232E-01 -1.00000000000000000E+00 -5.68021553920237232E-01 -2.62781101149623408E+00 -1.49018396694398270E+00 2.80302386443222602E+01 
0 1 1 1.01953681474764718E-01 2.53240657682469394E-01 2.00000000000000039E-02 1.87601690069153310E-01 2.00977334023476895E-01 1.81565926722211923E+00 -1.00000000000000000E+00 -1.81565926722211923E+00 2.15423972865259206E+00 -5.34387397093793126E+00 9.00719956935588595E-01 
0 1 0 1.28036606626711708E-01 2.12321589085839521E-03 2.00000000000000004E-03 7.32291486667886571E-01 0.00000000000000000E+00 6.91060947492340993E+00 -1.00000000000000000E+00 -6.91060947492340993E+00 -6.59276897416920171E+00 -1.23332510739667676E+01 0.00000000000000000E+00 
0 1 1 1.06973621448000128E-01 -8.60312549693994510E-01 2.00000000000000039E-02 2.78055957646926144E-01 5.98395720949060683E-01 1.22013258031563532E+00 -1.00000000000000000E+00 -1.22013258031563532E+00 -3.35935652654480510E+00 1.10844289542335844E+02 1.59604153631593391E+02 
0 1 1 9.57639416838703267E-02 -2.84100098833119041E-01 2.00000000000000004E-03 7.36316522261135531E-01 0.00000000000000000E+00 5.34033578693043909E-01 -1.00000000000000000E+00 -5.34033578693043909E-01 -4.43896480432359741E+00 7.75291775495030748E+01 2.98981616893388377E+02 
0 1 1 1.08933023188362038E-01 5.29565363135986678E-01 2.00000000000000004E-03 6.25453956769722375E-01 1.92958629804066550E+00 5.04363894101360510E-01 -1.00000000000000000E+00 -5.04363894101360510E-01 -4.37371946760984098E+00 -1.07365173025413476E+01 0.00000000000000000E+00 
0 0 0 1.33971351817816442E-01 8.25225234990377032E-01 0.00000000000000000E+00 2.42343472400145393E-01 0.00000000000000000E+00 3.07898199195921718E+00 0.00000000000000000E+00 0.00000000000000000E+00 -7.77976314499596810E-01 -9.98452719221715057E+00 0.00000000000000000E+00 
0 1 0 1.26655117219741653E-01 -5.03282177879979642E-01 2.00000000000000039E-02 6.56768961685615382E-01 0.00000000000000000E+00 2.24688285132126353E+00 -1.00000000000000000E+00 -2.24688285132126353E+00 -1.86355429345263079E+00 -1.03683459171739418E+01 0.00000000000000000E+00 
0 1 1 9.86881600470958520E-02 7.51358241656076897E-01 2.00000000000000004E-03 2.65623941877271286E-01 0.00000000000000000E+00 1.78562927391642612E+00 -1.00000000000000000E+00 -1.78562927391642612E+00 -5.47044634600007296E-01 -9.96970535521182022E+00 0.00000000000000000E+00 
0 1 1 1.09627562767846645E-01 1.89425247256172664E-03 2.00000000000000150E-01 1.77792459453062247E-02 -9.61223888343404193E-02 2.70453573253171486E-01 -1.00000000000000000E+00 -2.70453573253171486E-01 1.58499073407775759E+00 -1.46939350455069118E-01 3.61570123035683295E+01 
0 1 1 1.08193304195642687E-01 2.63515833165836266E-01 0.00000000000000000E+00 4.96950584587251554E-02 2.15195704044758500E+01 7.89140117915872574E-01 -1.00000000000000000E+00 -7.89140117915872574E-01 -4.59586580130548938E+00 -1.38602621298291258E+01 0.00000000000000000E+00 
0 1 0 1.18225491522703896E-01 -8.53255148877604008E-01 2.00000000000000004E-03 8.00317529918223358E-01 2.67435166111682943E-01 2.16207865825324763E+00 -1.00000000000000000E+00 -2.16207865825324763E+00 -6.83275871300659521E+00 -1.63197330166151069E+01 0.00000000000000000E+00 
0 1 0 1.11047243990121502E-01 -6.19419244536999591E-01 2.00000000000000004E-03 3.94263041973950401E-01 1.99485927271733621E+00 5.85121316535920855E+00 -1.00000000000000000E+00 -5.85121316535920855E+00 -6.23122273408932159E+00 -1.24184536167457118E+01 0.00000000000000000E+00 
0 1 0 1.16975956614463042E-01 7.40234080941856609E-01 2.00000000000000039E-02 5.23209432465266300E-01 0.00000000000000000E+00 4.13849400738751605E+00 -1.00000000000000000E+00 -4.13849400738751605E+00 -8.06124116794290302E+00 -1.27500720064642810E+01 0.00000000000000000E+00 
0 1 0 1.26460632570353615E-01 8.15899195990805737E-01 0.00000000000000000E+00 3.21361394854437377E-01 0.00000000000000000E+00 4.99541935041049712E+00 -1.00000000000000000E+00 -4.99541935041049712E+00 -9.03501201254077557E+00 -1.21360543274207497E+01 0.00000000000000000E+00 
0 1 1 1.04679725843886878E-01 -5.07336428717873877E-02 2.00000000000000039E-02 2.52158655654434682E-01 1.73502266205048872E+00 4.97747250669771726E-02 -1.00000000000000000E+00 -4.97747250669771726E-02 -1.55983483756550600E+00 2.19873280162244455E+01 6.35285470242375752E+01 
0 0 0 1.33840005924661443E-01 2.18523810379735783E-01 2.00000000000000004E-03 2.59691782333954291E-01 -1.40710002206119733E+00 3.82020325674091277E+00 0.00000000000000000E+00 0.00000000000000000E+00 1.26526653439302983E+00 -9.46628866863130014E+00 0.00000000000000000E+00 
0 1 1 1.05888114877892681E-01 -9.50627409677087698E-01 0.00000000000000000E+00 6.45386672607636491E-01 9.72711310451408684E-01 1.09609406425896427E+01 -1.00000000000000000E+00 -1.09609406425896427E+01 -1.36208765079199843E+01 1.04573210959970964E+02 2.93089892096643666E+02 
0 1 0 1.18062719428405224E-01 2.35953715045001955E-01 0.00000000000000000E+00 1.76999370944558365E-01 2.26333749119376861E+01 4.84064754965854771E-01 -1.00000000000000000E+00 -4.84064754965854771E-01 3.49172464010347250E+00 -8.72260737242737250E+00 0.00000000000000000E+00 
0 1 1 1.09197171718544761E-01 -2.38381211825366811E-04 2.00000000000000150E-01 7.99328214704896123E-01 4.60285104524956246E-01 1.42766134370450306E+01 -1.00000000000000000E+00 -1.42766134370450306E+01 -1.84313402392321706E+01 -1.28863632531306394E-03 2.49924401802165796E+01 
0 0 0 1.46717556983905595E-01 3.76852211787714886E-01 2.00000000000000039E-02 1.52683605105962211E-01 -8.77055063851976180E-01 1.64178024442550186E+00 0.00000000000000000E+00 0.00000000000000000E+00 1.34716669691516433E+00 -9.38828618893967892E+00 0.00000000000000000E+00 
0 1 1 1.04273596716602496E-01 8.96343228449525964E-02 2.00000000000000150E-01 5.32948328110666836E-01 0.00000000000000000E+00 2.45514127776987223E+00 -1.00000000000000000E+00 -2.45514127776987223E+00 -2.56227250762107506E+00 6.60216714491122580E+00 7.63027276312289615E+01 
0 0 0 1.34770908895435637E-01 -3.07503433952564409E-01 0.00000000000000000E+00 6.97490798485513874E-01 1.81867620790788398E+00 4.26640487947197578E+00 0.00000000000000000E+00 0.00000000000000000E+00 -4.10520884735972658E+00 -1.20338649343090740E+01 0.00000000000000000E+00 
0 1 1 1.09400342418127031E-01 1.21599001780866890E-02 2.00000000000000150E-01 8.69087986721060801E-01 1.29709531841753911E+00 8.07806073823732618E+00 -1.00000000000000000E+00 -8.07806073823732618E+00 -1.04101355393001693E+01 -5.97537704198810360E-01 4.73396298187534867E+01 
0 1 0 1.12175922716728702E-01 5.80109893503984453E-01 2.00000000000000004E-03 3.25312163023158352E-01 8.44941291387733440E-01 1.98147966326908676E-01 -1.00000000000000000E+00 -1.98147966326908676E-01 -4.35402377339496738E+00 -1.30931350190316920E+01 0.00000000000000000E+00 
0 1 0 1.18851093606585412E-01 -1.61072748054943510E-01 2.00000000000000039E-02 4.98803461583272378E-01 4.74772274815947970E+00 3.00314591343597392E+00 -1.00000000000000000E+00 -3.00314591343597392E+00 1.53065622414181668E+00 -7.15761224113957439E+00 0.00000000000000000E+00 
0 1 0 1.29159607676644722E-01 5.51740684686157223E-01 0.00000000000000000E+00 3.44665514050576605E-01 0.00000000000000000E+00 0.00000000000000000E+00 -1.00000000000000000E+00 -0.00000000000000000E+00 -2.43041257592493309E+00 -1.18564812584143287E+01 0.00000000000000000E+00 
0 0 0 1.34740186661896744E-01 9.72351324954140006E-01 0.00000000000000000E+00 4.87226258706387610E-02 2.19795954157083173E+00 7.53111185145425743E-01 0.00000000000000000E+00 0.00000000000000000E+00 -5.99472226150683518E-01 -1.04245169584525534E+01 0.00000000000000000E+00 
0 0 0 1.30520560981845446E-01 -5.73220641461143376E-01 0.00000000000000000E+00 4.73071486756075410E-01 1.50951160681380037E+00 2.19646608306938873E+00 0.00000000000000000E+00 0.00000000000000000E+00 4.72905956393971039E-01 -9.68203554503530306E+00 0.00000000000000000E+00 
0 1 1 1.08640635579170683E-01 4.13455903803506830E-02 2.00000000000000150E-01 4.16540026486169501E-01 3.99127754450852856E-01 2.61216089683483998E+00 -1.00000000000000000E+00 -2.61216089683483998E+00 -7.53039519855758854E+00 -1.44165140641393386E+00 3.11497567656170595E+01 
0 1 1 1.09342062389333805E-01 -2.98227528547537093E-04 2.00000000000000150E-01 9.02590037581825322E-01 3.02125267840729683E-01 1.24570419931489180E+01 -1.00000000000000000E+00 -1.24570419931489180E+01 -1.50135109448344473E+01 4.35963920779514069E-03 2.39042582367369896E+01 
0 1 1 1.03953462728741106E-01 -3.98474636904044388E-01 0.00000000000000000E+00 6.68843939980144575E-01 -4.17057168716875459E+00 5.34390271378121895E+00 -1.00000000000000000E+00 -5.34390271378121895E+00 -5.42070242934067448E+00 5.44115332611574019E+01 2.87196234124256875E+02 
0 1 1 9.63575292962760288E-02 -3.31485523367491819E-02 0.00000000000000000E+00 4.32572277323050647E-01 1.79051019142952683E-01 7.59125427246990991E+00 -1.00000000000000000E+00 -7.59125427246990991E+00 -4.87181380151650512E+00 3.68376126853304555E+01 1.27159898498315357E+02 
0 1 1 1.09496810662647812E-01 -3.20058908090346318E-04 2.00000000000000150E-01 9.18712081321031215E-01 3.94525269580966953E-01 1.07814637198246697E+01 -1.00000000000000000E+00 -1.07814637198246697E+01 -1.02312236618471353E+01 -2.41901418949552749E-03 2.54868761995098261E+01 
0 1 1 1.09617971858114574E-01 -7.18720681589701864E-05 2.00000000000000150E-01 4.61366617482001751E-01 0.00000000000000000E+00 7.40670272044406275E+00 -1.00000000000000000E+00 -7.40670272044406275E+00 -2.92559823611175496E+00 1.34889086332812269E-03 4.94063638996387766E+01 
0 1 1 1.01711858412539283E-01 9.18452094322178281E-02 2.00000000000000039E-02 1.69006086158821067E-01 0.00000000000000000E+00 1.02866119188641969E+00 -1.00000000000000000E+00 -1.02866119188641969E+00 -4.78056447059139167E+00 1.43037351936484285E+01 9.83939700181959012E+01 
0 1 1 1.09647910237066465E-01 3.73702306893355503E-05 2.00000000000000150E-01 7.00466901255649477E-01 0.00000000000000000E+00 0.00000000000000000E+00 -1.00000000000000000E+00 -0.00000000000000000E+00 1.93076764059562844E+00 -1.45735988954314166E-02 4.04958012803965985E+01 
0 1 1 1.09651700806900468E-01 1.05991903752336364E-03 2.00000000000000150E-01 5.67023355268699639E-02 0.00000000000000000E+00 1.09454075877314283E+00 -1.00000000000000000E+00 -1.09454075877314283E+00 2.67130895703985294E+00 -8.67516056179056250E-02 2.43331590339709827E+01 
0 1 1 1.09563191213683686E-01 -4.51944280011360888E-01 0.00000000000000000E+00 2.06984545166021494E-01 -2.16162895044577619E+00 1.33899444650333632E+00 -1.00000000000000000E+00 -1.33899444650333632E+00 -2.11874587568465333E+00 4.39065988547020396E+01 2.06099252858402792E+02 
0 1 1 1.01062389464023045E-01 1.54955563553107828E-01 2.00000000000000039E-02 3.60803703061372549E-01 0.00000000000000000E+00 1.28911139322669510E-01 -1.00000000000000000E+00 -1.28911139322669510E-01 1.94444679459374647E+00 8.96402821790480964E+00 4.54958591017714937E+01 
0 1 1 1.09617409460778525E-01 -1.46001534943565641E-04 2.00000000000000150E-01 4.31777151495105371E-01 4.03893094530079322E-01 5.03983182414052067E+00 -1.00000000000000000E+00 -5.03983182414052067E+00 -1.07603336676710271E+00 1.87379608972548795E-03 1.59047162004723361E+01 
0 1 1 1.02357357382826586E-01 -6.58173453614801396E-01 2.00000000000000004E-03 7.42145715511633330E-01 4.30199407716732429E-01 3.26005642245970373E+00 -1.00000000000000000E+00 -3.26005642245970373E+00 -6.22058901058630198E+00 1.00765627004665419E+02 7.11015121746985983E+01 
0 1 0 1.24807149231846826E-01 -3.67819701995923620E-01 2.00000000000000004E-03 7.97649614970382781E-01 0.00000000000000000E+00 1.53547737669908990E+01 -1.00000000000000000E+00 -1.53547737669908990E+01 -1.67118437215277211E+01 -2.21563681325526822E+01 0.00000000000000000E+00 
0 1 1 1.09612966403246470E-01 -1.89273232238972494E-05 2.00000000000000150E-01 6.74872391974499108E-01 4.81116024987126079E-01 2.72219677891518552E+00 -1.00000000000000000E+00 -2.72219677891518552E+00 -3.71163070999549705E+00 -1.75859643205953375E-02 4.26269753858461016E+01 
0 1 1 1.09537281411579882E-01 -1.63670805312157383E-04 2.00000000000000150E-01 5.61590209056271106E-01 4.61849555676371426E-01 4.55496712574453699E+00 -1.00000000000000000E+00 -4.55496712574453699E+00 -5.22136166151081049E+00 5.73839060245617816E-03 1.75296545116735345E+01 
0 1 0 1.22111014574562748E-01 1.97923508376227214E-01 2.00000000000000039E-02 5.72728621567219931E-01 0.00000000000000000E+00 2.45181050910080645E+00 -1.00000000000000000E+00 -2.45181050910080645E+00 -1.52541336167883435E+00 -1.16247107304740354E+01 0.00000000000000000E+00 
0 1 1 9.46171593943336553E-02 -5.57257769640880807E-01 2.00000000000000004E-03 4.55941168076455655E-02 1.17706889541009763E+00 2.09130629232169740E-01 -1.00000000000000000E+00 -2.09130629232169740E-01 -1.53459539557464875E+00 1.13595742255335367E+02 3.22559484234302317E+02 
0 1 1 1.03897275457360772E-01 -4.22098793663795879E-01 2.00000000000000004E-03 6.80208028804726639E-01 -4.04100012525519769E+00 2.98606011566488538E+00 -1.00000000000000000E+00 -2.98606011566488538E+00 -4.07181490102833266E+00 6.84155924455951379E+01 1.23615968494486154E+02 
0 1 1 1.03648514287561458E-01 -6.03725467688178558E-02 2.00000000000000039E-02 4.44562978868478231E-02 0.00000000000000000E+00 0.00000000000000000E+00 -1.00000000000000000E+00 -0.00000000000000000E+00 2.65958158178430537E+00 2.64392898101454605E+01 1.70576324274445653E+02 
0 1 0 1.21691904931522391E-01 2.29318579230944120E-01 2.00000000000000039E-02 5.04201783482779442E-01 1.14013356261802326E+01 4.83460703576863438E+00 -1.00000000000000000E+00 -4.83460703576863438E+00 -8.92498128933001311E+00 -1.22331582092757287E+01 0.00000000000000000E+00 
0 1 1 1.09597304054521880E-01 -7.85603952447833337E-05 2.00000000000000150E-01 5.10492059119681763E-01 -8.27831214113521480E-02 4.12078410492822211E+00 -1.00000000000000000E+00 -4.12078410492822211E+00 -6.60814976247760555E+00 3.17242434483233637E-03 5.22737423039068929E+01 
0 0 0 1.31724043724716133E-01 -2.32534349205069157E-01 2.00000000000000004E-03 5.66609950669233586E-01 -3.38937147937372885E+00 1.08176543670648595E+01 0.00000000000000000E+00 0.00000000000000000E+00 2.95233233163201358E+00 -8.30794237049684448E+00 0.00000000000000000E+00 
0 1 0 1.13413919343451464E-01 3.06571522373004890E-01 2.00000000000000039E-02 5.55596311538555709E-01 6.05550317162172025E+00 1.77809838418152100E+00 -1.00000000000000000E+00 -1.77809838418152100E+00 -4.31898970611487876E+00 -1.59339903956420343E+01 0.00000000000000000E+00 
0 0 0 1.51901794226738079E-01 5.78928194527901008E-01 2.00000000000000039E-02 6.34038043600954726E-01 1.00000000000000000E+00 6.16699889246973854E+00 0.00000000000000000E+00 0.00000000000000000E+00 -4.55014137575055155E+00 -1.27275503340819114E+01 0.00000000000000000E+00 
0 1 1 1.01319523709090906E-01 1.55024609636968513E-01 2.00000000000000039E-02 6.40935081940574691E-01 6.60921074134370290E-01 1.10550330344584022E+01 -1.00000000000000000E+00 -1.10550330344584022E+01 -9.27181542356927224E+00 7.94539345793702267E+00 7.40652914181343363E+01 
0 1 1 9.48861088549184106E-02 -2.21392766723826184E-01 2.00000000000000004E-03 3.01282036300512868E-01 6.48155912738109102E-02 4.22912888164285938E+00 -1.00000000000000000E+00 -4.22912888164285938E+00 -6.76609280748897124E+00 7.28124415841166268E+01 3.71728774850187847E+02 
0 1 1 1.09385298092463931E-01 1.49671055761010849E-02 2.00000000000000150E-01 4.57981125084207019E-01 9.69098837400893976E-08 1.04337327092455934E+00 -1.00000000000000000E+00 -1.04337327092455934E+00 -1.11346844912938558E+00 -6.70693916850886751E-01 4.05308101027924295E+01 
0 1 0 1.15140440152907614E-01 8.40891099653525265E-01 0.00000000000000000E+00 1.34946581414976036E-01 0.00000000000000000E+00 7.27575006438980876E-01 -1.00000000000000000E+00 -7.27575006438980876E-01 -1.37946717661449547E+00 -1.02586303904632157E+01 0.00000000000000000E+00 
0 1 1 1.09690257391405546E-01 9.41525743486932144E-05 2.00000000000000150E-01 5.72620073298961807E-01 3.61579599413778374E-01 8.31204718066515191E-01 -1.00000000000000000E+00 -8.31204718066515191E-01 2.23793617189132465E+00 -1.37447961836283383E-02 9.12962574438585150E+00 
0 1 1 1.05934735418020037E-01 1.23054731454704705E-01 2.00000000000000039E-02 7.05620125894425687E-01 0.00000000000000000E+00 7.49548157880459076E+00 -1.00000000000000000E+00 -7.49548157880459076E+00 -6.74611196212059028E+00 -2.93871613246374963E+00 1.36971620900243884E+01 
0 1 1 1.03839921724806897E-01 1.28794595456247996E-01 2.00000000000000039E-02 5.47225740983779518E-01 0.00000000000000000E+00 1.44906810145227904E+01 -1.00000000000000000E+00 -1.44906810145227904E+01 -1.06018736821484598E+01 3.13223591479830787E+00 5.13368322359009852E+01 
0 1 1 1.10729403634580961E-01 4.92753658395469529E-01 2.00000000000000004E-03 4.80615943042136007E-01 0.00000000000000000E+00 0.00000000000000000E+00 -1.00000000000000000E+00 -0.00000000000000000E+00 -2.55185601419726105E+00 -1.20257588355291052E+01 0.00000000000000000E+00 
0 0 0 1.74293733341707113E-01 -3.20000610482028214E-01 2.00000000000000150E-01 1.46905719725690647E-02 -1.36054218650381253E-01 2.15552231507911946E-01 0.00000000000000000E+00 0.00000000000000000E+00 4.80405479988354855E+00 -5.38140599089921956E+00 0.00000000000000000E+00 
0 0 0 1.39388384607514237E-01 4.21594665838884719E-01 0.00000000000000000E+00 6.46188673881836095E-01 0.00000000000000000E+00 3.05238023814397952E+00 0.00000000000000000E+00 0.00000000000000000E+00 1.55273730179493974E-01 -9.74308177757005289E+00 0.00000000000000000E+00 
0 1 1 1.09640940843996990E-01 -5.88918692487120680E-05 2.00000000000000150E-01 3.22512964380805234E-01 0.00000000000000000E+00 1.76151081663179077E+00 -1.00000000000000000E+00 -1.76151081663179077E+00 5.91251278781524947E-01 1.50472197336171121E-03 2.28479284522186070E+01 
0 1 1 1.05270883957594971E-01 5.34405034263907397E-01 2.00000000000000004E-03 4.63190820606254217E-01 -7.39749374907193502E+00 4.46380721296792427E+00 -1.00000000000000000E+00 -4.46380721296792427E+00 -5.29272333601244505E+00 -1.14493776460665071E+01 0.00000000000000000E+00 
0 1 1 1.09546347436951241E-01 -9.28033077898143051E-05 2.00000000000000150E-01 5.07500379869876617E-01 0.00000000000000000E+00 1.65995561910518710E+01 -1.00000000000000000E+00 -1.65995561910518710E+01 -1.81231558347198956E+01 5.02760891706621749E-03 6.68201474777136752E+01 
0 0 0 1.35444953214810176E-01 -9.26299876379849230E-01 2.00000000000000004E-03 4.46910954423042461E-01 8.56838787157659043E-01 2.02663001156320322E+00 0.00000000000000000E+00 0.00000000000000000E+00 1.68894507958943230E+00 -9.28448228799445019E+00 0.00000000000000000E+00 
0 1 1 1.07046078381387230E-01 -6.47127230648257279E-01 2.00000000000000039E-02 6.52479173511225086E-01 1.17046257338304671E+00 1.21494139156923264E+01 -1.00000000000000000E+00 -1.21494139156923264E+01 -1.07436076788721238E+01 8.52579804494688744E+01 3.20238226015663770E+02 
0 0 0 1.40338120388049659E-01 9.49501716706212195E-01 2.00000000000000004E-03 5.22814779290942444E-01 2.75540796304227209E+00 3.56167421551414343E+00 0.00000000000000000E+00 0.00000000000000000E+00 -1.13550800127754981E+00 -1.16484130396227883E+01 0.00000000000000000E+00 
0 1 0 1.23947736810243264E-01 -4.99693816102187577E-02 2.00000000000000039E-02 2.13187996263510482E-01 3.78575246362259632E+00 2.88048247401579083E+00 -1.00000000000000000E+00 -2.88048247401579083E+00 1.44296313707983792E+00 -9.50313281583121672E+00 0.00000000000000000E+00 
0 0 0 1.36712318143701383E-01 3.52504378531713014E-01 0.00000000000000000E+00 5.25973729277271818E-01 -7.08175930799057829E-01 1.50304871016292485E+00 0.00000000000000000E+00 0.00000000000000000E+00 -3.89852427677469748E+00 -1.06460753139540838E+01 0.00000000000000000E+00 
0 0 0 1.30905249092368420E-01 2.15659756827350169E-01 0.00000000000000000E+00 4.71177114388124374E-01 0.00000000000000000E+00 7.84715902225636608E+00 0.00000000000000000E+00 0.00000000000000000E+00 -2.47474252844936426E+00 -1.03235115045982049E+01 0.00000000000000000E+00 
0 1 0 1.13049094347743739E-01 -6.45360019911429328E-01 2.00000000000000039E-02 2.46943908772854381E-01 4.13520100260174495E+00 2.41514833557135944E+00 -1.00000000000000000E+00 -2.41514833557135944E+00 -7.35950199770247160E+00 -1.23638638101063218E+01 0.00000000000000000E+00 
0 1 0 1.15518389409277042E-01 -6.53180048951740866E-01 2.00000000000000039E-02 1.71597274298342095E-01 5.51822293446234635E+00 9.33108528060522469E-01 -1.00000000000000000E+00 -9.33108528060522469E-01 3.79839460032873788E+00 -8.18095545756989750E+00 0.00000000000000000E+00 
0 1 1 1.09624754491552526E-01 -6.30535964130715117E-05 2.00000000000000150E-01 1.73374312303937322E-01 -2.70290883194639286E-01 1.48634081990805900E+00 -1.00000000000000000E+00 -1.48634081990805900E+00 -1.49307786635597051E+00 1.35067817652689826E-03 4.31429858660127934E+01 
0 1 0 1.23545260358158840E-01 -4.55479734582266149E-01 2.00000000000000039E-02 7.54716335867291477E-01 0.00000000000000000E+00 1.17910685835249023E+01 -1.00000000000000000E+00 -1.17910685835249023E+01 -8.33897549410305494E+00 -1.38984348818148185E+01 0.00000000000000000E+00 
0 1 1 1.06457036488597320E-01 -2.46087007803350633E-01 2.00000000000000039E-02 4.59163655943768234E-01 0.00000000000000000E+00 1.08019818444053040E+00 -1.00000000000000000E+00 -1.08019818444053040E+00 -1.06660334083775932E+00 3.96614712057958343E+01 1.65986917235534747E+02 
0 1 1 1.00349050129857328E-01 6.31528182938121407E-02 0.00000000000000000E+00 4.63084416653818220E-01 3.49954075838991241E-01 4.69874842035652129E+00 -1.00000000000000000E+00 -4.69874842035652129E+00 -3.09046955799512979E+00 1.72850859683421945E+01 1.17776446262943907E+02 
0 1 1 1.09017764316252028E-01 -1.65568321419935841E-02 2.00000000000000039E-02 5.27719246237067563E-01 2.77540940593452401E+00 1.01400658988952994E+01 -1.00000000000000000E+00 -1.01400658988952994E+01 -9.17316748680883087E+00 4.25899484914111603E+00 6.05386391417309753E+01 
0 1 1 1.02202074957903816E-01 -8.54782940356848986E-01 0.00000000000000000E+00 2.61888455494278749E-01 0.00000000000000000E+00 3.21394314053009778E+00 -1.00000000000000000E+00 -3.21394314053009778E+00 -1.42145045628236044E-01 1.04480923984972122E+02 4.82887550403654075E+02 
0 1 0 1.15699027438022725E-01 -6.06925595842313870E-01 2.00000000000000004E-03 4.63292271349119156E-01 9.16866105653022734E-01 4.57183397965442229E+00 -1.00000000000000000E+00 -4.57183397965442229E+00 -5.68306468108636142E+00 -1.10109634625357344E+01 0.00000000000000000E+00 
0 1 1 9.93349730919643042E-02 2.21648848802810022E-01 2.00000000000000039E-02 3.04448092959668959E-01 0.00000000000000000E+00 9.80798957263095517E+00 -1.00000000000000000E+00 -9.80798957263095517E+00 -1.23553630652571975E+01 5.41180234030849050E+00 2.43193923706794024E+01 
0 1 0 1.11248813850345102E-01 -1.82708934851281118E-01 2.00000000000000039E-02 1.73461467522954160E-01 -1.85248212983099947E+00 3.50835003172603033E+00 -1.00000000000000000E+00 -3.50835003172603033E+00 -6.58829204176809036E+00 -1.43205258554004846E+01 0.00000000000000000E+00 
0 1 1 1.09418964314846184E-01 1.39868803960359195E-02 2.00000000000000150E-01 5.62749078169025529E-01 0.00000000000000000E+00 0.00000000000000000E+00 -1.00000000000000000E+00 -0.00000000000000000E+00 2.55709518552267401E+00 -6.29922373685795733E-01 3.91263027828430054E+01 
0 1 1 1.04016440908830568E-01 -4.39046711707548054E-01 0.00000000000000000E+00 7.56337653376107477E-01 0.00000000000000000E+00 1.08993098011919964E+00 -1.00000000000000000E+00 -1.08993098011919964E+00 -3.63743418035842847E+00 5.82013387633825658E+01 7.56652025867900875E+01 
0 0 0 1.33734619382136988E-01 -6.51527424899859486E-01 2.00000000000000004E-03 6.08036238794908757E-01 1.00000000000000000E+00 1.61901805932907816E+00 0.00000000000000000E+00 0.00000000000000000E+00 -5.14447777716405596E-01 -9.97951610759542085E+00 0.00000000000000000E+00 
0 1 0 1.28254482923933155E-01 1.81771284877305206E-01 2.00000000000000039E-02 3.04896215057604669E-01 0.00000000000000000E+00 2.35674217473464198E+00 -1.00000000000000000E+00 -2.35674217473464198E+00 -4.25427979351795393E+00 -1.16862146250003072E+01 0.00000000000000000E+00 
0 1 1 1.09442385134826903E-01 3.10578894648698162E-04 2.00000000000000150E-01 7.83792805399666559E-01 0.00000000000000000E+00 1.53172686989638063E+01 -1.00000000000000000E+00 -1.53172686989638063E+01 -1.13944662004425616E+01 -7.97622980938541559E-02 2.25545103481672342E+01 
0 1 1 1.05495746944105906E-01 2.39119438502761544E-01 2.00000000000000004E-03 5.68131578703157225E-01 4.96554864480325542E-01 9.39095892523282710E-02 -1.00000000000000000E+00 -9.39095892523282710E-02 -1.73403563436512476E-03 -9.81091336755389243E+00 0.00000000000000000E+00 
0 1 1 1.05179930494801815E-01 -2.15059371512547837E-01 2.00000000000000004E-03 3.78520120223174508E-02 0.00000000000000000E+00 2.45823612410955739E-01 -1.00000000000000000E+00 -2.45823612410955739E-01 -2.95661957763918037E+00 3.98791723887090228E+01 8.74119484867706120E+01 
0 1 0 1.21744111957445222E-01 4.34297946092061626E-01 2.00000000000000004E-03 6.46325472168316484E-01 0.00000000000000000E+00 4.22819926198919838E-01 -1.00000000000000000E+00 -4.22819926198919838E-01 -5.15391675497107293E+00 -1.17107661521247870E+01 0.00000000000000000E+00 
0 0 0 1.37622133002495706E-01 9.27390224264157514E-01 2.00000000000000004E-03 5.10346218813553687E-01 0.00000000000000000E+00 3.56860674400422850E-01 0.00000000000000000E+00 0.00000000000000000E+00 3.05262978807326668E+00 -8.99711900782954821E+00 0.00000000000000000E+00 
0 1 1 1.07993284736425665E-01 -8.02182471296639221E-01 2.00000000000000039E-02 3.02055511547697997E-01 -2.28511325536848098E+00 2.75150320926767256E+00 -1.00000000000000000E+00 -2.75150320926767256E+00 -4.10364965215986466E+00 9.59045943806814307E+01 5.21896998594006050E+02 
0 0 0 1.32970241044910648E-01 8.36331176003149657E-01 2.00000000000000004E-03 5.93795326887939789E-01 9.15582971038330501E-02 9.86802019773712402E+00 0.00000000000000000E+00 0.00000000000000000E+00 5.76842693475176915E-01 -9.68750559888838225E+00 0.00000000000000000E+00 
0 1 0 1.21671563384685655E-01 -2.20466453869780282E-01 2.00000000000000039E-02 6.20278296944649421E-01 4.73250497331893527E+00 5.94515068884064934E+00 -1.00000000000000000E+00 -5.94515068884064934E+00 -5.67835791901795428E+00 -1.11832864949793453E+01 0.00000000000000000E+00 
0 1 1 1.07692582381900964E-01 1.14725439761160550E-01 2.00000000000000039E-02 5.94426742763322857E-01 0.00000000000000000E+00 2.76709114640757037E-01 -1.00000000000000000E+00 -2.76709114640757037E-01 -5.00066091718198624E+00 -7.28969111031509698E+00 7.98890087100496959E+00 
0 0 0 1.35520822818293807E-01 8.59620828559956474E-01 2.00000000000000004E-03 5.65315379603688051E-01 -1.61437776300893376E+00 6.38271453024366320E+00 0.00000000000000000E+00 0.00000000000000000E+00 -1.71067466538906032E-01 -9.86411941727416952E+00 0.00000000000000000E+00 
0 1 1 9.91835454721326920E-02 -5.92963912870109633E-01 2.00000000000000004E-03 7.06869509135040097E-01 0.00000000000000000E+00 2.76787135446869259E+00 -1.00000000000000000E+00 -2.76787135446869259E+00 -1.63166633450765852E+00 1.03562507396343861E+02 2.88858211353569516E+02 
0 1 0 1.10502680235326667E-01 -7.33221780784967136E-01 2.00000000000000004E-03 4.45736591306783947E-01 0.00000000000000000E+00 3.93844989977968929E+00 -1.00000000000000000E+00 -3.93844989977968929E+00 -3.09658284134594997E+00 -1.07255185652421350E+01 0.00000000000000000E+00 
0 1 1 9.96567569884816429E-02 8.13656338124664646E-01 0.00000000000000000E+00 4.79645306505442071E-02 0.00000000000000000E+00 7.71994210710992501E-01 -1.00000000000000000E+00 -7.71994210710992501E-01 2.56295665370000636E+00 -9.03826416364245766E+00 0.00000000000000000E+00 
0 1 0 1.29457649360984306E-01 -8.20728460817530259E-02 0.00000000000000000E+00 4.58157561653960377E-01 -2.27918637234000521E+00 4.12614109192471723E+00 -1.00000000000000000E+00 -4.12614109192471723E+00 -5.50001280912632140E+00 -1.13670616053685816E+01 0.00000000000000000E+00 
0 1 1 1.04721595934082687E-01 -2.01036064134150483E-01 2.00000000000000039E-02 5.34326226520574599E-01 0.00000000000000000E+00 1.67833200524388957E+01 -1.00000000000000000E+00 -1.67833200524388957E+01 -1.42345712123538863E+01 3.85921438953395750E+01 5.12679030484366862E+01 
0 1 0 1.27875663945692913E-01 -2.92414045228072440E-02 2.00000000000000039E-02 6.20576466160911222E-01 0.00000000000000000E+00 2.55852137674246327E+00 -1.00000000000000000E+00 -2.55852137674246327E+00 -6.45656105617412202E+00 -1.11976885109468434E+01 0.00000000000000000E+00 
0 1 0 1.10846001871156868E-01 -1.05647687156954717E+00 2.00000000000000039E-02 6.07530536159806345E-01 0.00000000000000000E+00 0.00000000000000000E+00 -1.00000000000000000E+00 -0.00000000000000000E+00 2.33052079424296110E+00 -9.18548800454135161E+00 0.00000000000000000E+00 
0 1 1 9.79210936969315549E-02 2.49643000769793122E-01 2.00000000000000039E-02 4.87826171927258287E-02 1.30797160356405096E-02 7.64918268556763592E-01 -1.00000000000000000E+00 -7.64918268556763592E-01 3.96990660822244346E+00 7.57281773715439499E+00 4.70916468938835280E+01 
0 0 0 1.30477211620262684E-01 8.01387191388973213E-02 2.00000000000000004E-03 4.56373090916154966E-01 1.78922256121745549E+00 3.25894801793702360E+00 0.00000000000000000E+00 0.00000000000000000E+00 -4.06577495682717061E+00 -1.50519334763762540E+01 0.00000000000000000E+00 
