symbol,kind,group,header,line,ada_entry,implementation,linked,tested,proved,remaining
mjCOLLISIONFUNC,data,public-data-callbacks,mujoco.h,65,,unmapped,no public mapping recorded,pending,pending,native public state/callback design and lifecycle
mjDISABLESTRING,data,public-data-callbacks,mujoco.h,69,,unmapped,no public mapping recorded,pending,pending,native public state/callback design and lifecycle
mjENABLESTRING,data,public-data-callbacks,mujoco.h,70,,unmapped,no public mapping recorded,pending,pending,native public state/callback design and lifecycle
mjFRAMESTRING,data,public-data-callbacks,mujoco.h,73,,unmapped,no public mapping recorded,pending,pending,native public state/callback design and lifecycle
mjLABELSTRING,data,public-data-callbacks,mujoco.h,72,,unmapped,no public mapping recorded,pending,pending,native public state/callback design and lifecycle
mjRNDSTRING,data,public-data-callbacks,mujoco.h,75,,unmapped,no public mapping recorded,pending,pending,native public state/callback design and lifecycle
mjTIMERSTRING,data,public-data-callbacks,mujoco.h,71,,unmapped,no public mapping recorded,pending,pending,native public state/callback design and lifecycle
mjTOPICSTRING,data,public-data-callbacks,mujoco.h,76,,unmapped,no public mapping recorded,pending,pending,native public state/callback design and lifecycle
mjVISSTRING,data,public-data-callbacks,mujoco.h,74,,unmapped,no public mapping recorded,pending,pending,native public state/callback design and lifecycle
mj_Euler,function,engine-model-runtime,mujoco.h,379,,unmapped,no public mapping recorded,pending,pending,audit and connect native implementation; add missing implementation as required
mj_RungeKutta,function,engine-model-runtime,mujoco.h,382,MJ.Data.Integrators.Step (RK4),native candidate,explicit Ada entry; C ABI is not provided,512 integrated trajectories; 4 methods,Integration_Kernels42; composition pending,"opt-in smooth adapter; link constraints, advanced actuation, flex, sleep and plugin; warning/public ABI and full composition proof pending"
mj__freeStack,function,engine-model-runtime,mjsan.h,68,,unmapped,no public mapping recorded,pending,pending,audit and connect native implementation; add missing implementation as required
mj__markStack,function,engine-model-runtime,mjsan.h,60,,unmapped,no public mapping recorded,pending,pending,audit and connect native implementation; add missing implementation as required
mj_actuatorInputName,function,engine-model-runtime,mujoco.h,611,,unmapped,no public mapping recorded,pending,pending,audit and connect native implementation; add missing implementation as required
mj_addBufferVFS,function,engine-model-runtime,mujoco.h,95,,unmapped,no public mapping recorded,pending,pending,audit and connect native implementation; add missing implementation as required
mj_addContact,function,engine-model-runtime,mujoco.h,549,,unmapped,no public mapping recorded,pending,pending,audit and connect native implementation; add missing implementation as required
mj_addFileVFS,function,engine-model-runtime,mujoco.h,92,,unmapped,no public mapping recorded,pending,pending,audit and connect native implementation; add missing implementation as required
mj_addM,function,engine-model-runtime,mujoco.h,625,,unmapped,no public mapping recorded,pending,pending,audit and connect native implementation; add missing implementation as required
mj_angmomMat,function,engine-model-runtime,mujoco.h,601,,unmapped,no public mapping recorded,pending,pending,audit and connect native implementation; add missing implementation as required
mj_applyFT,function,engine-model-runtime,mujoco.h,629,,unmapped,no public mapping recorded,pending,pending,audit and connect native implementation; add missing implementation as required
mj_camlight,function,engine-model-runtime,mujoco.h,433,,unmapped,no public mapping recorded,pending,pending,audit and connect native implementation; add missing implementation as required
mj_checkAcc,function,engine-model-runtime,mujoco.h,424,,unmapped,no public mapping recorded,pending,pending,audit and connect native implementation; add missing implementation as required
mj_checkPos,function,engine-model-runtime,mujoco.h,418,,unmapped,no public mapping recorded,pending,pending,audit and connect native implementation; add missing implementation as required
mj_checkVel,function,engine-model-runtime,mujoco.h,421,,unmapped,no public mapping recorded,pending,pending,audit and connect native implementation; add missing implementation as required
mj_clearCache,function,engine-model-runtime,mujoco.h,124,,unmapped,no public mapping recorded,pending,pending,audit and connect native implementation; add missing implementation as required
mj_collision,function,engine-model-runtime,mujoco.h,481,,unmapped,no public mapping recorded,pending,pending,audit and connect native implementation; add missing implementation as required
mj_comPos,function,engine-model-runtime,mujoco.h,430,,unmapped,no public mapping recorded,pending,pending,audit and connect native implementation; add missing implementation as required
mj_comVel,function,engine-model-runtime,mujoco.h,461,,unmapped,no public mapping recorded,pending,pending,audit and connect native implementation; add missing implementation as required
mj_compareFwdInv,function,engine-model-runtime,mujoco.h,397,,unmapped,no public mapping recorded,pending,pending,audit and connect native implementation; add missing implementation as required
mj_compile,function,specification-compiler,mujoco.h,156,,missing public entry,no public mapping recorded,pending,pending,implement public subsystem; recovered compiler address passes/native plugin callbacks are only a subset
mj_constraintUpdate,function,engine-model-runtime,mujoco.h,498,,unmapped,no public mapping recorded,pending,pending,audit and connect native implementation; add missing implementation as required
mj_contactForce,function,engine-model-runtime,mujoco.h,649,,unmapped,no public mapping recorded,pending,pending,audit and connect native implementation; add missing implementation as required
mj_containsBufferVFS,function,engine-model-runtime,mujoco.h,101,,unmapped,no public mapping recorded,pending,pending,audit and connect native implementation; add missing implementation as required
mj_containsFileVFS,function,engine-model-runtime,mujoco.h,104,,unmapped,no public mapping recorded,pending,pending,audit and connect native implementation; add missing implementation as required
mj_copyBack,function,engine-model-runtime,mujoco.h,159,,unmapped,no public mapping recorded,pending,pending,audit and connect native implementation; add missing implementation as required
mj_copyData,function,engine-model-runtime,mujoco.h,253,,unmapped,no public mapping recorded,pending,pending,audit and connect native implementation; add missing implementation as required
mj_copyModel,function,engine-model-runtime,mujoco.h,227,,unmapped,no public mapping recorded,pending,pending,audit and connect native implementation; add missing implementation as required
mj_copySpec,function,specification-compiler,mujoco.h,309,,missing public entry,no public mapping recorded,pending,pending,implement public subsystem; recovered compiler address passes/native plugin callbacks are only a subset
mj_copyState,function,engine-model-runtime,mujoco.h,518,MJ.API.State.Copy_State,native candidate,explicit Ada entry; C ABI is not provided,state differential 2992-case corpus,state unit157 proof checks; see per-entry success/frame scope,packed caller-owned state API; link all owned engine producers and prove whole-unit success/frame contracts
mj_crb,function,engine-model-runtime,mujoco.h,445,,unmapped,no public mapping recorded,pending,pending,audit and connect native implementation; add missing implementation as required
mj_defaultLROpt,function,engine-model-runtime,mujoco.h,213,,unmapped,no public mapping recorded,pending,pending,audit and connect native implementation; add missing implementation as required
mj_defaultOption,function,engine-model-runtime,mujoco.h,220,,unmapped,no public mapping recorded,pending,pending,audit and connect native implementation; add missing implementation as required
mj_defaultSolRefImp,function,engine-model-runtime,mujoco.h,217,,unmapped,no public mapping recorded,pending,pending,audit and connect native implementation; add missing implementation as required
mj_defaultVFS,function,engine-model-runtime,mujoco.h,82,,unmapped,no public mapping recorded,pending,pending,audit and connect native implementation; add missing implementation as required
mj_defaultVisual,function,engine-model-runtime,mujoco.h,223,,unmapped,no public mapping recorded,pending,pending,audit and connect native implementation; add missing implementation as required
mj_deleteData,function,engine-model-runtime,mujoco.h,292,MJ.API.Runtime.Delete_Data,native candidate,explicit Ada entry; C ABI is not provided,API smoke repeated deletion,composition pending,"complete reference domains, full composition proof and representative performance"
mj_deleteFileVFS,function,engine-model-runtime,mujoco.h,98,,unmapped,no public mapping recorded,pending,pending,audit and connect native implementation; add missing implementation as required
mj_deleteModel,function,engine-model-runtime,mujoco.h,242,,unmapped,no public mapping recorded,pending,pending,audit and connect native implementation; add missing implementation as required
mj_deleteSpec,function,specification-compiler,mujoco.h,312,,missing public entry,no public mapping recorded,pending,pending,implement public subsystem; recovered compiler address passes/native plugin callbacks are only a subset
mj_deleteVFS,function,engine-model-runtime,mujoco.h,107,,unmapped,no public mapping recorded,pending,pending,audit and connect native implementation; add missing implementation as required
mj_differentiatePos,function,engine-model-runtime,mujoco.h,652,,unmapped,no public mapping recorded,pending,pending,audit and connect native implementation; add missing implementation as required
mj_encode,function,engine-model-runtime,mujoco.h,150,,unmapped,no public mapping recorded,pending,pending,audit and connect native implementation; add missing implementation as required
mj_energyPos,function,engine-model-runtime,mujoco.h,412,,unmapped,no public mapping recorded,pending,pending,audit and connect native implementation; add missing implementation as required
mj_energyVel,function,engine-model-runtime,mujoco.h,415,,unmapped,no public mapping recorded,pending,pending,audit and connect native implementation; add missing implementation as required
mj_extractState,function,engine-model-runtime,mujoco.h,511,MJ.API.State.Extract_State,native candidate,explicit Ada entry; C ABI is not provided,state differential 2992-case corpus,state unit157 proof checks; see per-entry success/frame scope,packed caller-owned state API; link all owned engine producers and prove whole-unit success/frame contracts
mj_factorM,function,engine-model-runtime,mujoco.h,451,,unmapped,no public mapping recorded,pending,pending,audit and connect native implementation; add missing implementation as required
mj_flex,function,engine-model-runtime,mujoco.h,436,,unmapped,no public mapping recorded,pending,pending,audit and connect native implementation; add missing implementation as required
mj_forward,function,engine-model-runtime,mujoco.h,198,MJ.API.Runtime.Forward,native candidate,explicit Ada entry; C ABI is not provided,API smoke; component trajectories separately,composition pending,"complete reference domains, full composition proof and representative performance"
mj_forwardSkip,function,engine-model-runtime,mujoco.h,204,,unmapped,no public mapping recorded,pending,pending,audit and connect native implementation; add missing implementation as required
mj_freeLastXML,function,engine-model-runtime,mujoco.h,171,,unmapped,no public mapping recorded,pending,pending,audit and connect native implementation; add missing implementation as required
mj_freeStack,function,engine-model-runtime,mujoco.h,277,,unmapped,no public mapping recorded,pending,pending,audit and connect native implementation; add missing implementation as required
mj_fullM,function,engine-model-runtime,mujoco.h,614,,unmapped,no public mapping recorded,pending,pending,audit and connect native implementation; add missing implementation as required
mj_fwdAcceleration,function,engine-model-runtime,mujoco.h,373,,unmapped,no public mapping recorded,pending,pending,audit and connect native implementation; add missing implementation as required
mj_fwdActuation,function,engine-model-runtime,mujoco.h,370,,unmapped,no public mapping recorded,pending,pending,audit and connect native implementation; add missing implementation as required
mj_fwdConstraint,function,engine-model-runtime,mujoco.h,376,,unmapped,no public mapping recorded,pending,pending,audit and connect native implementation; add missing implementation as required
mj_fwdKinematics,function,engine-model-runtime,mujoco.h,361,,unmapped,no public mapping recorded,pending,pending,audit and connect native implementation; add missing implementation as required
mj_fwdPosition,function,engine-model-runtime,mujoco.h,364,,unmapped,no public mapping recorded,pending,pending,audit and connect native implementation; add missing implementation as required
mj_fwdVelocity,function,engine-model-runtime,mujoco.h,367,,unmapped,no public mapping recorded,pending,pending,audit and connect native implementation; add missing implementation as required
mj_geomDistance,function,engine-model-runtime,mujoco.h,642,,unmapped,no public mapping recorded,pending,pending,audit and connect native implementation; add missing implementation as required
mj_getCache,function,engine-model-runtime,mujoco.h,121,,unmapped,no public mapping recorded,pending,pending,audit and connect native implementation; add missing implementation as required
mj_getCacheCapacity,function,engine-model-runtime,mujoco.h,115,,unmapped,no public mapping recorded,pending,pending,audit and connect native implementation; add missing implementation as required
mj_getCacheSize,function,engine-model-runtime,mujoco.h,112,,unmapped,no public mapping recorded,pending,pending,audit and connect native implementation; add missing implementation as required
mj_getPluginConfig,function,engine-model-runtime,mujoco.h,673,,unmapped,no public mapping recorded,pending,pending,audit and connect native implementation; add missing implementation as required
mj_getState,function,engine-model-runtime,mujoco.h,508,MJ.API.State.Get_State,native candidate,explicit Ada entry; C ABI is not provided,state differential 2992-case corpus,state unit157 proof checks; see per-entry success/frame scope,packed caller-owned state API; link all owned engine producers and prove whole-unit success/frame contracts
mj_getTotalmass,function,engine-model-runtime,mujoco.h,666,,unmapped,no public mapping recorded,pending,pending,audit and connect native implementation; add missing implementation as required
mj_id2name,function,engine-model-runtime,mujoco.h,607,MJ.API.Names.Id2name,native candidate,explicit Ada entry; C ABI is not provided,330 loaded-name comparisons,pending,"complete reference domains, full composition proof and representative performance"
mj_implicit,function,engine-model-runtime,mujoco.h,385,MJ.Data.Integrators.Step (Implicit_Velocity/Implicit_Fast),native candidate,explicit Ada entry; C ABI is not provided,512 integrated trajectories; 4 methods,Integration_Kernels42; PCG/operators/composition pending,"opt-in smooth adapter; link constraints, advanced actuation, flex, sleep and plugin; warning/public ABI and full composition proof pending"
mj_initCtrlHistory,function,engine-model-runtime,mujoco.h,536,,unmapped,no public mapping recorded,pending,pending,audit and connect native implementation; add missing implementation as required
mj_initSensorHistory,function,engine-model-runtime,mujoco.h,542,,unmapped,no public mapping recorded,pending,pending,audit and connect native implementation; add missing implementation as required
mj_insideSite,function,engine-model-runtime,mujoco.h,646,,unmapped,no public mapping recorded,pending,pending,audit and connect native implementation; add missing implementation as required
mj_integratePos,function,engine-model-runtime,mujoco.h,656,,unmapped,no public mapping recorded,pending,pending,audit and connect native implementation; add missing implementation as required
mj_invConstraint,function,engine-model-runtime,mujoco.h,394,MJ.Inverse_Constraints.Evaluate,native candidate,explicit Ada entry; C ABI is not provided,"412 prepared-row cases, including cancellation; exact C values",constraint response/composition proof pending,"prepared-row interface, no automatic geometry/equality producer; prove full response and composed callers"
mj_invPosition,function,engine-model-runtime,mujoco.h,388,,unmapped,no public mapping recorded,pending,pending,audit and connect native implementation; add missing implementation as required
mj_invVelocity,function,engine-model-runtime,mujoco.h,391,,unmapped,no public mapping recorded,pending,pending,audit and connect native implementation; add missing implementation as required
mj_inverse,function,engine-model-runtime,mujoco.h,201,MJ.Data.Inverse.Evaluate / MJ.Data.Constrained.Inverse.Current,native candidate,explicit Ada entry; C ABI is not provided,2848 scenarios on 712 model configurations,Inverse_Kernels 35 proof + 9 flow; mass exact relation and composition pending,"owned force API; constrained rows require current forward preparation; inverse-discrete, sensor side effects, all producers and full composition proof pending"
mj_inverseSkip,function,engine-model-runtime,mujoco.h,207,,unmapped,no public mapping recorded,pending,pending,audit and connect native implementation; add missing implementation as required
mj_isDual,function,engine-model-runtime,mujoco.h,558,MJ.API.Model_Info.Is_Dual,native candidate,explicit Ada entry; C ABI is not provided,state/model-info differential,pending,"complete reference domains, full composition proof and representative performance"
mj_isPyramidal,function,engine-model-runtime,mujoco.h,552,MJ.API.Model_Info.Is_Pyramidal,native candidate,explicit Ada entry; C ABI is not provided,state/model-info differential,pending,"complete reference domains, full composition proof and representative performance"
mj_isSparse,function,engine-model-runtime,mujoco.h,555,MJ.API.Model_Info.Is_Sparse,native candidate,explicit Ada entry; C ABI is not provided,state/model-info differential,pending,"complete reference domains, full composition proof and representative performance"
mj_island,function,engine-model-runtime,mujoco.h,487,,unmapped,no public mapping recorded,pending,pending,audit and connect native implementation; add missing implementation as required
mj_jac,function,engine-model-runtime,mujoco.h,568,,unmapped,no public mapping recorded,pending,pending,audit and connect native implementation; add missing implementation as required
mj_jacBody,function,engine-model-runtime,mujoco.h,573,,unmapped,no public mapping recorded,pending,pending,audit and connect native implementation; add missing implementation as required
mj_jacBodyCom,function,engine-model-runtime,mujoco.h,577,,unmapped,no public mapping recorded,pending,pending,audit and connect native implementation; add missing implementation as required
mj_jacDot,function,engine-model-runtime,mujoco.h,597,,unmapped,no public mapping recorded,pending,pending,audit and connect native implementation; add missing implementation as required
mj_jacGeom,function,engine-model-runtime,mujoco.h,584,,unmapped,no public mapping recorded,pending,pending,audit and connect native implementation; add missing implementation as required
mj_jacPointAxis,function,engine-model-runtime,mujoco.h,592,,unmapped,no public mapping recorded,pending,pending,audit and connect native implementation; add missing implementation as required
mj_jacSite,function,engine-model-runtime,mujoco.h,588,,unmapped,no public mapping recorded,pending,pending,audit and connect native implementation; add missing implementation as required
mj_jacSubtreeCom,function,engine-model-runtime,mujoco.h,580,,unmapped,no public mapping recorded,pending,pending,audit and connect native implementation; add missing implementation as required
mj_kinematics,function,engine-model-runtime,mujoco.h,427,,unmapped,no public mapping recorded,pending,pending,audit and connect native implementation; add missing implementation as required
mj_loadAllPluginLibraries,function,engine-model-runtime,mujoco.h,681,,unmapped,no public mapping recorded,pending,pending,audit and connect native implementation; add missing implementation as required
mj_loadModel,function,engine-model-runtime,mujoco.h,236,MJ.API.MJB.Load,native candidate,explicit Ada entry; C ABI is not provided,API and component probes,current closure proof pending,"complete reference domains, full composition proof and representative performance"
mj_loadModelBuffer,function,engine-model-runtime,mujoco.h,239,,unmapped,no public mapping recorded,pending,pending,audit and connect native implementation; add missing implementation as required
mj_loadPluginLibrary,function,engine-model-runtime,mujoco.h,676,,unmapped,no public mapping recorded,pending,pending,audit and connect native implementation; add missing implementation as required
mj_loadXML,function,specification-compiler,mujoco.h,132,,missing public entry,no public mapping recorded,pending,pending,implement public subsystem; recovered compiler address passes/native plugin callbacks are only a subset
mj_local2Global,function,engine-model-runtime,mujoco.h,662,,unmapped,no public mapping recorded,pending,pending,audit and connect native implementation; add missing implementation as required
mj_makeConstraint,function,engine-model-runtime,mujoco.h,484,,unmapped,no public mapping recorded,pending,pending,audit and connect native implementation; add missing implementation as required
mj_makeData,function,engine-model-runtime,mujoco.h,249,MJ.API.Runtime.Make_Data,native candidate,explicit Ada entry; C ABI is not provided,API smoke with freed source model,composition pending,"complete reference domains, full composition proof and representative performance"
mj_makeM,function,engine-model-runtime,mujoco.h,448,,unmapped,no public mapping recorded,pending,pending,audit and connect native implementation; add missing implementation as required
mj_makeSpec,function,specification-compiler,mujoco.h,306,,missing public entry,no public mapping recorded,pending,pending,implement public subsystem; recovered compiler address passes/native plugin callbacks are only a subset
mj_markStack,function,engine-model-runtime,mujoco.h,273,,unmapped,no public mapping recorded,pending,pending,audit and connect native implementation; add missing implementation as required
mj_maxContact,function,engine-model-runtime,mujoco.h,478,,unmapped,no public mapping recorded,pending,pending,audit and connect native implementation; add missing implementation as required
mj_mountVFS,function,engine-model-runtime,mujoco.h,86,,unmapped,no public mapping recorded,pending,pending,audit and connect native implementation; add missing implementation as required
mj_mulJacTVec,function,engine-model-runtime,mujoco.h,564,,unmapped,no public mapping recorded,pending,pending,audit and connect native implementation; add missing implementation as required
mj_mulJacVec,function,engine-model-runtime,mujoco.h,561,,unmapped,no public mapping recorded,pending,pending,audit and connect native implementation; add missing implementation as required
mj_mulM,function,engine-model-runtime,mujoco.h,617,,unmapped,no public mapping recorded,pending,pending,audit and connect native implementation; add missing implementation as required
mj_mulM2,function,engine-model-runtime,mujoco.h,620,,unmapped,no public mapping recorded,pending,pending,audit and connect native implementation; add missing implementation as required
mj_multiRay,function,engine-model-runtime,mujoco.h,704,MJ.Rays.Cast_Many,native candidate,explicit Ada entry; C ABI is not provided,batch lifecycle/atomicity,Ray_Kernels72; composition pending,repeat-query adapter; C angular aperture and bounding-sphere acceleration still missing
mj_name2id,function,engine-model-runtime,mujoco.h,604,MJ.API.Names.Name2id,native candidate,explicit Ada entry; C ABI is not provided,330 loaded-name comparisons,pending,"complete reference domains, full composition proof and representative performance"
mj_normalizeQuat,function,engine-model-runtime,mujoco.h,659,,unmapped,no public mapping recorded,pending,pending,audit and connect native implementation; add missing implementation as required
mj_objectAcceleration,function,engine-model-runtime,mujoco.h,637,,unmapped,no public mapping recorded,pending,pending,audit and connect native implementation; add missing implementation as required
mj_objectVelocity,function,engine-model-runtime,mujoco.h,633,,unmapped,no public mapping recorded,pending,pending,audit and connect native implementation; add missing implementation as required
mj_parse,function,specification-compiler,mujoco.h,144,,missing public entry,no public mapping recorded,pending,pending,implement public subsystem; recovered compiler address passes/native plugin callbacks are only a subset
mj_parseXML,function,specification-compiler,mujoco.h,136,,missing public entry,no public mapping recorded,pending,pending,implement public subsystem; recovered compiler address passes/native plugin callbacks are only a subset
mj_parseXMLString,function,specification-compiler,mujoco.h,140,,missing public entry,no public mapping recorded,pending,pending,implement public subsystem; recovered compiler address passes/native plugin callbacks are only a subset
mj_passive,function,engine-model-runtime,mujoco.h,464,,unmapped,no public mapping recorded,pending,pending,audit and connect native implementation; add missing implementation as required
mj_printData,function,engine-model-runtime,mujoco.h,336,,unmapped,no public mapping recorded,pending,pending,audit and connect native implementation; add missing implementation as required
mj_printFormattedData,function,engine-model-runtime,mujoco.h,332,,unmapped,no public mapping recorded,pending,pending,audit and connect native implementation; add missing implementation as required
mj_printFormattedModel,function,engine-model-runtime,mujoco.h,325,,unmapped,no public mapping recorded,pending,pending,audit and connect native implementation; add missing implementation as required
mj_printFormattedScene,function,engine-model-runtime,mujoco.h,354,,unmapped,no public mapping recorded,pending,pending,audit and connect native implementation; add missing implementation as required
mj_printModel,function,engine-model-runtime,mujoco.h,328,,unmapped,no public mapping recorded,pending,pending,audit and connect native implementation; add missing implementation as required
mj_printScene,function,engine-model-runtime,mujoco.h,350,,unmapped,no public mapping recorded,pending,pending,audit and connect native implementation; add missing implementation as required
mj_printSchema,function,engine-model-runtime,mujoco.h,346,,unmapped,no public mapping recorded,pending,pending,audit and connect native implementation; add missing implementation as required
mj_projectConstraint,function,engine-model-runtime,mujoco.h,490,,unmapped,no public mapping recorded,pending,pending,audit and connect native implementation; add missing implementation as required
mj_ray,function,engine-model-runtime,mujoco.h,696,MJ.Rays.Cast,native candidate,explicit Ada entry; C ABI is not provided,1440 primitives and6480 scene queries,Ray_Kernels72; composition pending,"complete reference domains, full composition proof and representative performance"
mj_rayFlex,function,engine-model-runtime,mujoco.h,727,,unmapped,no public mapping recorded,pending,pending,audit and connect native implementation; add missing implementation as required
mj_rayHfield,function,engine-model-runtime,mujoco.h,710,,unmapped,no public mapping recorded,pending,pending,audit and connect native implementation; add missing implementation as required
mj_rayMesh,function,engine-model-runtime,mujoco.h,715,,unmapped,no public mapping recorded,pending,pending,audit and connect native implementation; add missing implementation as required
mj_readCtrl,function,engine-model-runtime,mujoco.h,524,,unmapped,no public mapping recorded,pending,pending,audit and connect native implementation; add missing implementation as required
mj_readSensor,function,engine-model-runtime,mujoco.h,531,,unmapped,no public mapping recorded,pending,pending,audit and connect native implementation; add missing implementation as required
mj_recompile,function,specification-compiler,mujoco.h,163,,missing public entry,no public mapping recorded,pending,pending,implement public subsystem; recovered compiler address passes/native plugin callbacks are only a subset
mj_referenceConstraint,function,engine-model-runtime,mujoco.h,493,,unmapped,no public mapping recorded,pending,pending,audit and connect native implementation; add missing implementation as required
mj_resetCallbacks,function,engine-model-runtime,mujoco.h,295,,unmapped,no public mapping recorded,pending,pending,audit and connect native implementation; add missing implementation as required
mj_resetCtrl,function,engine-model-runtime,mujoco.h,259,,unmapped,no public mapping recorded,pending,pending,audit and connect native implementation; add missing implementation as required
mj_resetData,function,engine-model-runtime,mujoco.h,262,MJ.API.Runtime.Reset_Data,native candidate,explicit Ada entry; C ABI is not provided,API smoke owned reset,composition pending,"complete reference domains, full composition proof and representative performance"
mj_resetDataDebug,function,engine-model-runtime,mujoco.h,265,,unmapped,no public mapping recorded,pending,pending,audit and connect native implementation; add missing implementation as required
mj_resetDataKeyframe,function,engine-model-runtime,mujoco.h,268,,unmapped,no public mapping recorded,pending,pending,audit and connect native implementation; add missing implementation as required
mj_rne,function,engine-model-runtime,mujoco.h,470,,unmapped,no public mapping recorded,pending,pending,audit and connect native implementation; add missing implementation as required
mj_rnePostConstraint,function,engine-model-runtime,mujoco.h,473,,unmapped,no public mapping recorded,pending,pending,audit and connect native implementation; add missing implementation as required
mj_saveLastXML,function,specification-compiler,mujoco.h,168,,missing public entry,no public mapping recorded,pending,pending,implement public subsystem; recovered compiler address passes/native plugin callbacks are only a subset
mj_saveModel,function,engine-model-runtime,mujoco.h,231,,unmapped,no public mapping recorded,pending,pending,audit and connect native implementation; add missing implementation as required
mj_saveXML,function,specification-compiler,mujoco.h,180,,missing public entry,no public mapping recorded,pending,pending,implement public subsystem; recovered compiler address passes/native plugin callbacks are only a subset
mj_saveXMLString,function,specification-compiler,mujoco.h,176,,missing public entry,no public mapping recorded,pending,pending,implement public subsystem; recovered compiler address passes/native plugin callbacks are only a subset
mj_sensorAcc,function,engine-model-runtime,mujoco.h,409,,unmapped,no public mapping recorded,pending,pending,audit and connect native implementation; add missing implementation as required
mj_sensorPos,function,engine-model-runtime,mujoco.h,403,,unmapped,no public mapping recorded,pending,pending,audit and connect native implementation; add missing implementation as required
mj_sensorVel,function,engine-model-runtime,mujoco.h,406,,unmapped,no public mapping recorded,pending,pending,audit and connect native implementation; add missing implementation as required
mj_setCacheCapacity,function,engine-model-runtime,mujoco.h,118,,unmapped,no public mapping recorded,pending,pending,audit and connect native implementation; add missing implementation as required
mj_setConst,function,engine-model-runtime,mujoco.h,298,,unmapped,no public mapping recorded,pending,pending,audit and connect native implementation; add missing implementation as required
mj_setKeyframe,function,engine-model-runtime,mujoco.h,546,,unmapped,no public mapping recorded,pending,pending,audit and connect native implementation; add missing implementation as required
mj_setLengthRange,function,engine-model-runtime,mujoco.h,302,,unmapped,no public mapping recorded,pending,pending,audit and connect native implementation; add missing implementation as required
mj_setState,function,engine-model-runtime,mujoco.h,515,MJ.API.State.Set_State,native candidate,explicit Ada entry; C ABI is not provided,state differential 2992-case corpus,state unit157 proof checks; see per-entry success/frame scope,packed caller-owned state API; link all owned engine producers and prove whole-unit success/frame contracts
mj_setTotalmass,function,engine-model-runtime,mujoco.h,669,,unmapped,no public mapping recorded,pending,pending,audit and connect native implementation; add missing implementation as required
mj_sizeModel,function,engine-model-runtime,mujoco.h,245,,unmapped,no public mapping recorded,pending,pending,audit and connect native implementation; add missing implementation as required
mj_solveM,function,engine-model-runtime,mujoco.h,454,,unmapped,no public mapping recorded,pending,pending,audit and connect native implementation; add missing implementation as required
mj_solveM2,function,engine-model-runtime,mujoco.h,457,,unmapped,no public mapping recorded,pending,pending,audit and connect native implementation; add missing implementation as required
mj_stackAllocByte,function,engine-model-runtime,mujoco.h,283,,unmapped,no public mapping recorded,pending,pending,audit and connect native implementation; add missing implementation as required
mj_stackAllocInt,function,engine-model-runtime,mujoco.h,289,,unmapped,no public mapping recorded,pending,pending,audit and connect native implementation; add missing implementation as required
mj_stackAllocNum,function,engine-model-runtime,mujoco.h,286,,unmapped,no public mapping recorded,pending,pending,audit and connect native implementation; add missing implementation as required
mj_stateSize,function,engine-model-runtime,mujoco.h,505,MJ.API.State.State_Size,native candidate,explicit Ada entry; C ABI is not provided,state differential 2992-case corpus,exact prefix/size relation; state unit157 proof checks,packed caller-owned state API; link all owned engine producers and prove whole-unit success/frame contracts
mj_step,function,engine-model-runtime,mujoco.h,189,MJ.API.Runtime.Step,native candidate,explicit Ada entry; C ABI is not provided,API smoke 100 steps; component trajectories separately,composition pending,"complete reference domains, full composition proof and representative performance"
mj_step1,function,engine-model-runtime,mujoco.h,192,,unmapped,no public mapping recorded,pending,pending,audit and connect native implementation; add missing implementation as required
mj_step2,function,engine-model-runtime,mujoco.h,195,,unmapped,no public mapping recorded,pending,pending,audit and connect native implementation; add missing implementation as required
mj_subtreeVel,function,engine-model-runtime,mujoco.h,467,,unmapped,no public mapping recorded,pending,pending,audit and connect native implementation; add missing implementation as required
mj_tendon,function,engine-model-runtime,mujoco.h,439,,unmapped,no public mapping recorded,pending,pending,audit and connect native implementation; add missing implementation as required
mj_transmission,function,engine-model-runtime,mujoco.h,442,,unmapped,no public mapping recorded,pending,pending,audit and connect native implementation; add missing implementation as required
mj_unmountVFS,function,engine-model-runtime,mujoco.h,89,,unmapped,no public mapping recorded,pending,pending,audit and connect native implementation; add missing implementation as required
mj_version,function,engine-model-runtime,mujoco.h,684,MJ.API.Version,native candidate,explicit Ada entry; C ABI is not provided,API smoke,constant,"complete reference domains, full composition proof and representative performance"
mj_versionString,function,engine-model-runtime,mujoco.h,687,MJ.API.Version_String,native candidate,explicit Ada entry; C ABI is not provided,API smoke,constant,"complete reference domains, full composition proof and representative performance"
mj_warning,function,engine-model-runtime,mujoco.h,1028,,unmapped,no public mapping recorded,pending,pending,audit and connect native implementation; add missing implementation as required
mjc_distance,function,engine-model-runtime,mujoco.h,1478,,unmapped,no public mapping recorded,pending,pending,audit and connect native implementation; add missing implementation as required
mjc_getSDF,function,engine-model-runtime,mujoco.h,1475,,unmapped,no public mapping recorded,pending,pending,audit and connect native implementation; add missing implementation as required
mjc_gradient,function,engine-model-runtime,mujoco.h,1481,,unmapped,no public mapping recorded,pending,pending,audit and connect native implementation; add missing implementation as required
mjcb_act_bias,callback-hook,public-data-callbacks,mujoco.h,61,,unmapped,no public mapping recorded,pending,pending,native public state/callback design and lifecycle
mjcb_act_dyn,callback-hook,public-data-callbacks,mujoco.h,59,,unmapped,no public mapping recorded,pending,pending,native public state/callback design and lifecycle
mjcb_act_gain,callback-hook,public-data-callbacks,mujoco.h,60,,unmapped,no public mapping recorded,pending,pending,native public state/callback design and lifecycle
mjcb_contactfilter,callback-hook,public-data-callbacks,mujoco.h,56,,unmapped,no public mapping recorded,pending,pending,native public state/callback design and lifecycle
mjcb_control,callback-hook,public-data-callbacks,mujoco.h,55,,unmapped,no public mapping recorded,pending,pending,native public state/callback design and lifecycle
mjcb_passive,callback-hook,public-data-callbacks,mujoco.h,54,,unmapped,no public mapping recorded,pending,pending,native public state/callback design and lifecycle
mjcb_sensor,callback-hook,public-data-callbacks,mujoco.h,57,,unmapped,no public mapping recorded,pending,pending,native public state/callback design and lifecycle
mjcb_time,callback-hook,public-data-callbacks,mujoco.h,58,,unmapped,no public mapping recorded,pending,pending,native public state/callback design and lifecycle
mjd_inverseFD,function,engine-model-runtime,mujoco.h,1515,MJ.Dynamics_Derivatives.Inverse_FD,native candidate,explicit Ada entry; C ABI is not provided,"960 scenarios on 80 models, including adhesion and dense/sparse elliptic contacts",Derivative_Kernels82 proof +14flow; workspace composition pending,"owned scratch workspace; Euler currently admitted; sensor Jacobians, inverse-discrete, history, all producer combinations and full success/frame/composition proof pending"
mjd_quatIntegrate,function,engine-model-runtime,mujoco.h,1526,,unmapped,no public mapping recorded,pending,pending,audit and connect native implementation; add missing implementation as required
mjd_subQuat,function,engine-model-runtime,mujoco.h,1522,,unmapped,no public mapping recorded,pending,pending,audit and connect native implementation; add missing implementation as required
mjd_transitionFD,function,engine-model-runtime,mujoco.h,1496,MJ.Dynamics_Derivatives.Transition_FD,native candidate,explicit Ada entry; C ABI is not provided,"960 scenarios on 80 models, including adhesion and dense/sparse elliptic contacts",Derivative_Kernels82 proof +14flow; workspace composition pending,"owned scratch workspace; Euler currently admitted; sensor Jacobians, inverse-discrete, history, all producer combinations and full success/frame/composition proof pending"
mjp_archiveResourceProviderCount,function,plugin-resource,mujoco.h,1604,,missing public entry,no public mapping recorded,pending,pending,implement public subsystem; recovered compiler address passes/native plugin callbacks are only a subset
mjp_defaultDecoder,function,plugin-resource,mujoco.h,1577,,missing public entry,no public mapping recorded,pending,pending,implement public subsystem; recovered compiler address passes/native plugin callbacks are only a subset
mjp_defaultEncoder,function,plugin-resource,mujoco.h,1589,,missing public entry,no public mapping recorded,pending,pending,implement public subsystem; recovered compiler address passes/native plugin callbacks are only a subset
mjp_defaultPlugin,function,plugin-resource,mujoco.h,1533,,missing public entry,no public mapping recorded,pending,pending,implement public subsystem; recovered compiler address passes/native plugin callbacks are only a subset
mjp_defaultResourceProvider,function,plugin-resource,mujoco.h,1553,,missing public entry,no public mapping recorded,pending,pending,implement public subsystem; recovered compiler address passes/native plugin callbacks are only a subset
mjp_findArchiveResourceProvider,function,plugin-resource,mujoco.h,1601,,missing public entry,no public mapping recorded,pending,pending,implement public subsystem; recovered compiler address passes/native plugin callbacks are only a subset
mjp_findDecoder,function,plugin-resource,mujoco.h,1581,,missing public entry,no public mapping recorded,pending,pending,implement public subsystem; recovered compiler address passes/native plugin callbacks are only a subset
mjp_findEncoder,function,plugin-resource,mujoco.h,1593,,missing public entry,no public mapping recorded,pending,pending,implement public subsystem; recovered compiler address passes/native plugin callbacks are only a subset
mjp_getPlugin,function,plugin-resource,mujoco.h,1547,,missing public entry,no public mapping recorded,pending,pending,implement public subsystem; recovered compiler address passes/native plugin callbacks are only a subset
mjp_getPluginAtSlot,function,plugin-resource,mujoco.h,1550,,missing public entry,no public mapping recorded,pending,pending,implement public subsystem; recovered compiler address passes/native plugin callbacks are only a subset
mjp_getResourceProvider,function,plugin-resource,mujoco.h,1565,,missing public entry,no public mapping recorded,pending,pending,implement public subsystem; recovered compiler address passes/native plugin callbacks are only a subset
mjp_getResourceProviderAtSlot,function,plugin-resource,mujoco.h,1569,,missing public entry,no public mapping recorded,pending,pending,implement public subsystem; recovered compiler address passes/native plugin callbacks are only a subset
mjp_pluginCount,function,plugin-resource,mujoco.h,1544,,missing public entry,no public mapping recorded,pending,pending,implement public subsystem; recovered compiler address passes/native plugin callbacks are only a subset
mjp_registerArchiveResourceProvider,function,plugin-resource,mujoco.h,1597,,missing public entry,no public mapping recorded,pending,pending,implement public subsystem; recovered compiler address passes/native plugin callbacks are only a subset
mjp_registerDecoder,function,plugin-resource,mujoco.h,1574,,missing public entry,no public mapping recorded,pending,pending,implement public subsystem; recovered compiler address passes/native plugin callbacks are only a subset
mjp_registerEncoder,function,plugin-resource,mujoco.h,1586,,missing public entry,no public mapping recorded,pending,pending,implement public subsystem; recovered compiler address passes/native plugin callbacks are only a subset
mjp_registerPlugin,function,plugin-resource,mujoco.h,1541,,missing public entry,no public mapping recorded,pending,pending,implement public subsystem; recovered compiler address passes/native plugin callbacks are only a subset
mjp_registerResourceProvider,function,plugin-resource,mujoco.h,1558,,missing public entry,no public mapping recorded,pending,pending,implement public subsystem; recovered compiler address passes/native plugin callbacks are only a subset
mjp_resourceProviderCount,function,plugin-resource,mujoco.h,1561,,missing public entry,no public mapping recorded,pending,pending,implement public subsystem; recovered compiler address passes/native plugin callbacks are only a subset
mjr_addAux,function,render,mujoco.h,886,,missing public entry,no public mapping recorded,pending,pending,implement public subsystem; recovered compiler address passes/native plugin callbacks are only a subset
mjr_blitAux,function,render,mujoco.h,929,,missing public entry,no public mapping recorded,pending,pending,implement public subsystem; recovered compiler address passes/native plugin callbacks are only a subset
mjr_blitBuffer,function,render,mujoco.h,922,,missing public entry,no public mapping recorded,pending,pending,implement public subsystem; recovered compiler address passes/native plugin callbacks are only a subset
mjr_changeFont,function,render,mujoco.h,883,,missing public entry,no public mapping recorded,pending,pending,implement public subsystem; recovered compiler address passes/native plugin callbacks are only a subset
mjr_defaultContext,function,render,mujoco.h,871,,missing public entry,no public mapping recorded,pending,pending,implement public subsystem; recovered compiler address passes/native plugin callbacks are only a subset
mjr_defaultRendererInfo,function,render,mujoco.h,874,,missing public entry,no public mapping recorded,pending,pending,implement public subsystem; recovered compiler address passes/native plugin callbacks are only a subset
mjr_drawPixels,function,render,mujoco.h,917,,missing public entry,no public mapping recorded,pending,pending,implement public subsystem; recovered compiler address passes/native plugin callbacks are only a subset
mjr_figure,function,render,mujoco.h,951,,missing public entry,no public mapping recorded,pending,pending,implement public subsystem; recovered compiler address passes/native plugin callbacks are only a subset
mjr_findRect,function,render,mujoco.h,963,,missing public entry,no public mapping recorded,pending,pending,implement public subsystem; recovered compiler address passes/native plugin callbacks are only a subset
mjr_finish,function,render,mujoco.h,957,,missing public entry,no public mapping recorded,pending,pending,implement public subsystem; recovered compiler address passes/native plugin callbacks are only a subset
mjr_freeContext,function,render,mujoco.h,889,,missing public entry,no public mapping recorded,pending,pending,implement public subsystem; recovered compiler address passes/native plugin callbacks are only a subset
mjr_getError,function,render,mujoco.h,960,,missing public entry,no public mapping recorded,pending,pending,implement public subsystem; recovered compiler address passes/native plugin callbacks are only a subset
mjr_getRendererInfo,function,render,mujoco.h,877,,missing public entry,no public mapping recorded,pending,pending,implement public subsystem; recovered compiler address passes/native plugin callbacks are only a subset
mjr_label,function,render,mujoco.h,946,,missing public entry,no public mapping recorded,pending,pending,implement public subsystem; recovered compiler address passes/native plugin callbacks are only a subset
mjr_makeContext,function,render,mujoco.h,880,,missing public entry,no public mapping recorded,pending,pending,implement public subsystem; recovered compiler address passes/native plugin callbacks are only a subset
mjr_maxViewport,function,render,mujoco.h,940,,missing public entry,no public mapping recorded,pending,pending,implement public subsystem; recovered compiler address passes/native plugin callbacks are only a subset
mjr_overlay,function,render,mujoco.h,936,,missing public entry,no public mapping recorded,pending,pending,implement public subsystem; recovered compiler address passes/native plugin callbacks are only a subset
mjr_readPixels,function,render,mujoco.h,912,,missing public entry,no public mapping recorded,pending,pending,implement public subsystem; recovered compiler address passes/native plugin callbacks are only a subset
mjr_rectangle,function,render,mujoco.h,943,,missing public entry,no public mapping recorded,pending,pending,implement public subsystem; recovered compiler address passes/native plugin callbacks are only a subset
mjr_render,function,render,mujoco.h,954,,missing public entry,no public mapping recorded,pending,pending,implement public subsystem; recovered compiler address passes/native plugin callbacks are only a subset
mjr_resizeOffscreen,function,render,mujoco.h,892,,missing public entry,no public mapping recorded,pending,pending,implement public subsystem; recovered compiler address passes/native plugin callbacks are only a subset
mjr_restoreBuffer,function,render,mujoco.h,904,,missing public entry,no public mapping recorded,pending,pending,implement public subsystem; recovered compiler address passes/native plugin callbacks are only a subset
mjr_setAux,function,render,mujoco.h,926,,missing public entry,no public mapping recorded,pending,pending,implement public subsystem; recovered compiler address passes/native plugin callbacks are only a subset
mjr_setBuffer,function,render,mujoco.h,908,,missing public entry,no public mapping recorded,pending,pending,implement public subsystem; recovered compiler address passes/native plugin callbacks are only a subset
mjr_text,function,render,mujoco.h,932,,missing public entry,no public mapping recorded,pending,pending,implement public subsystem; recovered compiler address passes/native plugin callbacks are only a subset
mjr_uploadHField,function,render,mujoco.h,901,,missing public entry,no public mapping recorded,pending,pending,implement public subsystem; recovered compiler address passes/native plugin callbacks are only a subset
mjr_uploadMesh,function,render,mujoco.h,898,,missing public entry,no public mapping recorded,pending,pending,implement public subsystem; recovered compiler address passes/native plugin callbacks are only a subset
mjr_uploadTexture,function,render,mujoco.h,895,,missing public entry,no public mapping recorded,pending,pending,implement public subsystem; recovered compiler address passes/native plugin callbacks are only a subset
mjrf_DEBUG_drawImguiEditor,function,render-filament,mjrfilament.h,419,,missing public entry,no public mapping recorded,pending,pending,implement public subsystem; recovered compiler address passes/native plugin callbacks are only a subset
mjrf_addLightToScene,function,render-filament,mjrfilament.h,246,,missing public entry,no public mapping recorded,pending,pending,implement public subsystem; recovered compiler address passes/native plugin callbacks are only a subset
mjrf_addRenderableToScene,function,render-filament,mjrfilament.h,252,,missing public entry,no public mapping recorded,pending,pending,implement public subsystem; recovered compiler address passes/native plugin callbacks are only a subset
mjrf_configureSceneFromModel,function,render-filament,mjrfilament.h,261,,missing public entry,no public mapping recorded,pending,pending,implement public subsystem; recovered compiler address passes/native plugin callbacks are only a subset
mjrf_createContext,function,render-filament,mjrfilament.h,60,,missing public entry,no public mapping recorded,pending,pending,implement public subsystem; recovered compiler address passes/native plugin callbacks are only a subset
mjrf_createLight,function,render-filament,mjrfilament.h,282,,missing public entry,no public mapping recorded,pending,pending,implement public subsystem; recovered compiler address passes/native plugin callbacks are only a subset
mjrf_createMesh,function,render-filament,mjrfilament.h,207,,missing public entry,no public mapping recorded,pending,pending,implement public subsystem; recovered compiler address passes/native plugin callbacks are only a subset
mjrf_createRenderTarget,function,render-filament,mjrfilament.h,410,,missing public entry,no public mapping recorded,pending,pending,implement public subsystem; recovered compiler address passes/native plugin callbacks are only a subset
mjrf_createRenderable,function,render-filament,mjrfilament.h,367,,missing public entry,no public mapping recorded,pending,pending,implement public subsystem; recovered compiler address passes/native plugin callbacks are only a subset
mjrf_createScene,function,render-filament,mjrfilament.h,240,,missing public entry,no public mapping recorded,pending,pending,implement public subsystem; recovered compiler address passes/native plugin callbacks are only a subset
mjrf_createTexture,function,render-filament,mjrfilament.h,160,,missing public entry,no public mapping recorded,pending,pending,implement public subsystem; recovered compiler address passes/native plugin callbacks are only a subset
mjrf_defaultContextConfig,function,render-filament,mjrfilament.h,57,,missing public entry,no public mapping recorded,pending,pending,implement public subsystem; recovered compiler address passes/native plugin callbacks are only a subset
mjrf_defaultFrameStats,function,render-filament,mjrfilament.h,141,,missing public entry,no public mapping recorded,pending,pending,implement public subsystem; recovered compiler address passes/native plugin callbacks are only a subset
mjrf_defaultLightParams,function,render-filament,mjrfilament.h,279,,missing public entry,no public mapping recorded,pending,pending,implement public subsystem; recovered compiler address passes/native plugin callbacks are only a subset
mjrf_defaultMaterial,function,render-filament,mjrfilament.h,354,,missing public entry,no public mapping recorded,pending,pending,implement public subsystem; recovered compiler address passes/native plugin callbacks are only a subset
mjrf_defaultMeshConfig,function,render-filament,mjrfilament.h,204,,missing public entry,no public mapping recorded,pending,pending,implement public subsystem; recovered compiler address passes/native plugin callbacks are only a subset
mjrf_defaultMeshData,function,render-filament,mjrfilament.h,226,,missing public entry,no public mapping recorded,pending,pending,implement public subsystem; recovered compiler address passes/native plugin callbacks are only a subset
mjrf_defaultReadPixelsRequest,function,render-filament,mjrfilament.h,111,,missing public entry,no public mapping recorded,pending,pending,implement public subsystem; recovered compiler address passes/native plugin callbacks are only a subset
mjrf_defaultRenderRequest,function,render-filament,mjrfilament.h,99,,missing public entry,no public mapping recorded,pending,pending,implement public subsystem; recovered compiler address passes/native plugin callbacks are only a subset
mjrf_defaultRenderTargetConfig,function,render-filament,mjrfilament.h,407,,missing public entry,no public mapping recorded,pending,pending,implement public subsystem; recovered compiler address passes/native plugin callbacks are only a subset
mjrf_defaultRenderableParams,function,render-filament,mjrfilament.h,364,,missing public entry,no public mapping recorded,pending,pending,implement public subsystem; recovered compiler address passes/native plugin callbacks are only a subset
mjrf_defaultSceneParams,function,render-filament,mjrfilament.h,237,,missing public entry,no public mapping recorded,pending,pending,implement public subsystem; recovered compiler address passes/native plugin callbacks are only a subset
mjrf_defaultTextureConfig,function,render-filament,mjrfilament.h,156,,missing public entry,no public mapping recorded,pending,pending,implement public subsystem; recovered compiler address passes/native plugin callbacks are only a subset
mjrf_defaultTextureData,function,render-filament,mjrfilament.h,174,,missing public entry,no public mapping recorded,pending,pending,implement public subsystem; recovered compiler address passes/native plugin callbacks are only a subset
mjrf_destroyContext,function,render-filament,mjrfilament.h,63,,missing public entry,no public mapping recorded,pending,pending,implement public subsystem; recovered compiler address passes/native plugin callbacks are only a subset
mjrf_destroyLight,function,render-filament,mjrfilament.h,285,,missing public entry,no public mapping recorded,pending,pending,implement public subsystem; recovered compiler address passes/native plugin callbacks are only a subset
mjrf_destroyMesh,function,render-filament,mjrfilament.h,210,,missing public entry,no public mapping recorded,pending,pending,implement public subsystem; recovered compiler address passes/native plugin callbacks are only a subset
mjrf_destroyRenderTarget,function,render-filament,mjrfilament.h,413,,missing public entry,no public mapping recorded,pending,pending,implement public subsystem; recovered compiler address passes/native plugin callbacks are only a subset
mjrf_destroyRenderable,function,render-filament,mjrfilament.h,370,,missing public entry,no public mapping recorded,pending,pending,implement public subsystem; recovered compiler address passes/native plugin callbacks are only a subset
mjrf_destroyScene,function,render-filament,mjrfilament.h,243,,missing public entry,no public mapping recorded,pending,pending,implement public subsystem; recovered compiler address passes/native plugin callbacks are only a subset
mjrf_destroyTexture,function,render-filament,mjrfilament.h,163,,missing public entry,no public mapping recorded,pending,pending,implement public subsystem; recovered compiler address passes/native plugin callbacks are only a subset
mjrf_getFrameStats,function,render-filament,mjrfilament.h,144,,missing public entry,no public mapping recorded,pending,pending,implement public subsystem; recovered compiler address passes/native plugin callbacks are only a subset
mjrf_getLightType,function,render-filament,mjrfilament.h,321,,missing public entry,no public mapping recorded,pending,pending,implement public subsystem; recovered compiler address passes/native plugin callbacks are only a subset
mjrf_getRenderableMaterial,function,render-filament,mjrfilament.h,387,,missing public entry,no public mapping recorded,pending,pending,implement public subsystem; recovered compiler address passes/native plugin callbacks are only a subset
mjrf_getRendererInfo,function,render-filament,mjrfilament.h,66,,missing public entry,no public mapping recorded,pending,pending,implement public subsystem; recovered compiler address passes/native plugin callbacks are only a subset
mjrf_getTextureHeight,function,render-filament,mjrfilament.h,183,,missing public entry,no public mapping recorded,pending,pending,implement public subsystem; recovered compiler address passes/native plugin callbacks are only a subset
mjrf_getTextureSamplerType,function,render-filament,mjrfilament.h,187,,missing public entry,no public mapping recorded,pending,pending,implement public subsystem; recovered compiler address passes/native plugin callbacks are only a subset
mjrf_getTextureWidth,function,render-filament,mjrfilament.h,180,,missing public entry,no public mapping recorded,pending,pending,implement public subsystem; recovered compiler address passes/native plugin callbacks are only a subset
mjrf_removeLightFromScene,function,render-filament,mjrfilament.h,249,,missing public entry,no public mapping recorded,pending,pending,implement public subsystem; recovered compiler address passes/native plugin callbacks are only a subset
mjrf_removeRenderableFromScene,function,render-filament,mjrfilament.h,255,,missing public entry,no public mapping recorded,pending,pending,implement public subsystem; recovered compiler address passes/native plugin callbacks are only a subset
mjrf_render,function,render-filament,mjrfilament.h,125,,missing public entry,no public mapping recorded,pending,pending,implement public subsystem; recovered compiler address passes/native plugin callbacks are only a subset
mjrf_resizeRenderTarget,function,render-filament,mjrfilament.h,416,,missing public entry,no public mapping recorded,pending,pending,implement public subsystem; recovered compiler address passes/native plugin callbacks are only a subset
mjrf_setClearColor,function,render-filament,mjrfilament.h,133,,missing public entry,no public mapping recorded,pending,pending,implement public subsystem; recovered compiler address passes/native plugin callbacks are only a subset
mjrf_setLightBlurWidth,function,render-filament,mjrfilament.h,312,,missing public entry,no public mapping recorded,pending,pending,implement public subsystem; recovered compiler address passes/native plugin callbacks are only a subset
mjrf_setLightBulbRadius,function,render-filament,mjrfilament.h,309,,missing public entry,no public mapping recorded,pending,pending,implement public subsystem; recovered compiler address passes/native plugin callbacks are only a subset
mjrf_setLightColor,function,render-filament,mjrfilament.h,294,,missing public entry,no public mapping recorded,pending,pending,implement public subsystem; recovered compiler address passes/native plugin callbacks are only a subset
mjrf_setLightCutoffAngle,function,render-filament,mjrfilament.h,303,,missing public entry,no public mapping recorded,pending,pending,implement public subsystem; recovered compiler address passes/native plugin callbacks are only a subset
mjrf_setLightEnabled,function,render-filament,mjrfilament.h,288,,missing public entry,no public mapping recorded,pending,pending,implement public subsystem; recovered compiler address passes/native plugin callbacks are only a subset
mjrf_setLightIntensity,function,render-filament,mjrfilament.h,297,,missing public entry,no public mapping recorded,pending,pending,implement public subsystem; recovered compiler address passes/native plugin callbacks are only a subset
mjrf_setLightRange,function,render-filament,mjrfilament.h,300,,missing public entry,no public mapping recorded,pending,pending,implement public subsystem; recovered compiler address passes/native plugin callbacks are only a subset
mjrf_setLightShadowMapSize,function,render-filament,mjrfilament.h,315,,missing public entry,no public mapping recorded,pending,pending,implement public subsystem; recovered compiler address passes/native plugin callbacks are only a subset
mjrf_setLightShadowsEnabled,function,render-filament,mjrfilament.h,291,,missing public entry,no public mapping recorded,pending,pending,implement public subsystem; recovered compiler address passes/native plugin callbacks are only a subset
mjrf_setLightSoftness,function,render-filament,mjrfilament.h,306,,missing public entry,no public mapping recorded,pending,pending,implement public subsystem; recovered compiler address passes/native plugin callbacks are only a subset
mjrf_setLightTransform,function,render-filament,mjrfilament.h,318,,missing public entry,no public mapping recorded,pending,pending,implement public subsystem; recovered compiler address passes/native plugin callbacks are only a subset
mjrf_setMeshData,function,render-filament,mjrfilament.h,229,,missing public entry,no public mapping recorded,pending,pending,implement public subsystem; recovered compiler address passes/native plugin callbacks are only a subset
mjrf_setRenderableGeomMesh,function,render-filament,mjrfilament.h,380,,missing public entry,no public mapping recorded,pending,pending,implement public subsystem; recovered compiler address passes/native plugin callbacks are only a subset
mjrf_setRenderableMaterial,function,render-filament,mjrfilament.h,384,,missing public entry,no public mapping recorded,pending,pending,implement public subsystem; recovered compiler address passes/native plugin callbacks are only a subset
mjrf_setRenderableMesh,function,render-filament,mjrfilament.h,373,,missing public entry,no public mapping recorded,pending,pending,implement public subsystem; recovered compiler address passes/native plugin callbacks are only a subset
mjrf_setRenderableSize,function,render-filament,mjrfilament.h,396,,missing public entry,no public mapping recorded,pending,pending,implement public subsystem; recovered compiler address passes/native plugin callbacks are only a subset
mjrf_setRenderableTransform,function,render-filament,mjrfilament.h,390,,missing public entry,no public mapping recorded,pending,pending,implement public subsystem; recovered compiler address passes/native plugin callbacks are only a subset
mjrf_setSceneSkybox,function,render-filament,mjrfilament.h,258,,missing public entry,no public mapping recorded,pending,pending,implement public subsystem; recovered compiler address passes/native plugin callbacks are only a subset
mjrf_setTextureData,function,render-filament,mjrfilament.h,177,,missing public entry,no public mapping recorded,pending,pending,implement public subsystem; recovered compiler address passes/native plugin callbacks are only a subset
mjrf_waitForFrame,function,render-filament,mjrfilament.h,130,,missing public entry,no public mapping recorded,pending,pending,implement public subsystem; recovered compiler address passes/native plugin callbacks are only a subset
mjs_activatePlugin,function,specification-compiler,mujoco.h,315,,missing public entry,no public mapping recorded,pending,pending,implement public subsystem; recovered compiler address passes/native plugin callbacks are only a subset
mjs_addActuator,function,specification-compiler,mujoco.h,1694,,missing public entry,no public mapping recorded,pending,pending,implement public subsystem; recovered compiler address passes/native plugin callbacks are only a subset
mjs_addBody,function,specification-compiler,mujoco.h,1658,,missing public entry,no public mapping recorded,pending,pending,implement public subsystem; recovered compiler address passes/native plugin callbacks are only a subset
mjs_addCamera,function,specification-compiler,mujoco.h,1677,,missing public entry,no public mapping recorded,pending,pending,implement public subsystem; recovered compiler address passes/native plugin callbacks are only a subset
mjs_addDefault,function,specification-compiler,mujoco.h,1755,,missing public entry,no public mapping recorded,pending,pending,implement public subsystem; recovered compiler address passes/native plugin callbacks are only a subset
mjs_addEquality,function,specification-compiler,mujoco.h,1720,,missing public entry,no public mapping recorded,pending,pending,implement public subsystem; recovered compiler address passes/native plugin callbacks are only a subset
mjs_addExclude,function,specification-compiler,mujoco.h,1716,,missing public entry,no public mapping recorded,pending,pending,implement public subsystem; recovered compiler address passes/native plugin callbacks are only a subset
mjs_addFlex,function,specification-compiler,mujoco.h,1700,,missing public entry,no public mapping recorded,pending,pending,implement public subsystem; recovered compiler address passes/native plugin callbacks are only a subset
mjs_addFrame,function,specification-compiler,mujoco.h,1684,,missing public entry,no public mapping recorded,pending,pending,implement public subsystem; recovered compiler address passes/native plugin callbacks are only a subset
mjs_addFreeJoint,function,specification-compiler,mujoco.h,1669,,missing public entry,no public mapping recorded,pending,pending,implement public subsystem; recovered compiler address passes/native plugin callbacks are only a subset
mjs_addGeom,function,specification-compiler,mujoco.h,1673,,missing public entry,no public mapping recorded,pending,pending,implement public subsystem; recovered compiler address passes/native plugin callbacks are only a subset
mjs_addHField,function,specification-compiler,mujoco.h,1813,,missing public entry,no public mapping recorded,pending,pending,implement public subsystem; recovered compiler address passes/native plugin callbacks are only a subset
mjs_addJoint,function,specification-compiler,mujoco.h,1666,,missing public entry,no public mapping recorded,pending,pending,implement public subsystem; recovered compiler address passes/native plugin callbacks are only a subset
mjs_addKey,function,specification-compiler,mujoco.h,1748,,missing public entry,no public mapping recorded,pending,pending,implement public subsystem; recovered compiler address passes/native plugin callbacks are only a subset
mjs_addLight,function,specification-compiler,mujoco.h,1681,,missing public entry,no public mapping recorded,pending,pending,implement public subsystem; recovered compiler address passes/native plugin callbacks are only a subset
mjs_addMaterial,function,specification-compiler,mujoco.h,1823,,missing public entry,no public mapping recorded,pending,pending,implement public subsystem; recovered compiler address passes/native plugin callbacks are only a subset
mjs_addMesh,function,specification-compiler,mujoco.h,1810,,missing public entry,no public mapping recorded,pending,pending,implement public subsystem; recovered compiler address passes/native plugin callbacks are only a subset
mjs_addNumeric,function,specification-compiler,mujoco.h,1739,,missing public entry,no public mapping recorded,pending,pending,implement public subsystem; recovered compiler address passes/native plugin callbacks are only a subset
mjs_addPair,function,specification-compiler,mujoco.h,1713,,missing public entry,no public mapping recorded,pending,pending,implement public subsystem; recovered compiler address passes/native plugin callbacks are only a subset
mjs_addPlugin,function,specification-compiler,mujoco.h,1751,,missing public entry,no public mapping recorded,pending,pending,implement public subsystem; recovered compiler address passes/native plugin callbacks are only a subset
mjs_addSensor,function,specification-compiler,mujoco.h,1697,,missing public entry,no public mapping recorded,pending,pending,implement public subsystem; recovered compiler address passes/native plugin callbacks are only a subset
mjs_addSite,function,specification-compiler,mujoco.h,1662,,missing public entry,no public mapping recorded,pending,pending,implement public subsystem; recovered compiler address passes/native plugin callbacks are only a subset
mjs_addSkin,function,specification-compiler,mujoco.h,1816,,missing public entry,no public mapping recorded,pending,pending,implement public subsystem; recovered compiler address passes/native plugin callbacks are only a subset
mjs_addTendon,function,specification-compiler,mujoco.h,1724,,missing public entry,no public mapping recorded,pending,pending,implement public subsystem; recovered compiler address passes/native plugin callbacks are only a subset
mjs_addText,function,specification-compiler,mujoco.h,1742,,missing public entry,no public mapping recorded,pending,pending,implement public subsystem; recovered compiler address passes/native plugin callbacks are only a subset
mjs_addTexture,function,specification-compiler,mujoco.h,1819,,missing public entry,no public mapping recorded,pending,pending,implement public subsystem; recovered compiler address passes/native plugin callbacks are only a subset
mjs_addTuple,function,specification-compiler,mujoco.h,1745,,missing public entry,no public mapping recorded,pending,pending,implement public subsystem; recovered compiler address passes/native plugin callbacks are only a subset
mjs_appendFloatVec,function,specification-compiler,mujoco.h,1928,,missing public entry,no public mapping recorded,pending,pending,implement public subsystem; recovered compiler address passes/native plugin callbacks are only a subset
mjs_appendIntVec,function,specification-compiler,mujoco.h,1922,,missing public entry,no public mapping recorded,pending,pending,implement public subsystem; recovered compiler address passes/native plugin callbacks are only a subset
mjs_appendString,function,specification-compiler,mujoco.h,1916,,missing public entry,no public mapping recorded,pending,pending,implement public subsystem; recovered compiler address passes/native plugin callbacks are only a subset
mjs_asActuator,function,specification-compiler,mujoco.h,2095,,missing public entry,no public mapping recorded,pending,pending,implement public subsystem; recovered compiler address passes/native plugin callbacks are only a subset
mjs_asBody,function,specification-compiler,mujoco.h,2074,,missing public entry,no public mapping recorded,pending,pending,implement public subsystem; recovered compiler address passes/native plugin callbacks are only a subset
mjs_asCamera,function,specification-compiler,mujoco.h,2086,,missing public entry,no public mapping recorded,pending,pending,implement public subsystem; recovered compiler address passes/native plugin callbacks are only a subset
mjs_asEquality,function,specification-compiler,mujoco.h,2107,,missing public entry,no public mapping recorded,pending,pending,implement public subsystem; recovered compiler address passes/native plugin callbacks are only a subset
mjs_asExclude,function,specification-compiler,mujoco.h,2110,,missing public entry,no public mapping recorded,pending,pending,implement public subsystem; recovered compiler address passes/native plugin callbacks are only a subset
mjs_asFlex,function,specification-compiler,mujoco.h,2101,,missing public entry,no public mapping recorded,pending,pending,implement public subsystem; recovered compiler address passes/native plugin callbacks are only a subset
mjs_asFrame,function,specification-compiler,mujoco.h,2092,,missing public entry,no public mapping recorded,pending,pending,implement public subsystem; recovered compiler address passes/native plugin callbacks are only a subset
mjs_asGeom,function,specification-compiler,mujoco.h,2077,,missing public entry,no public mapping recorded,pending,pending,implement public subsystem; recovered compiler address passes/native plugin callbacks are only a subset
mjs_asHField,function,specification-compiler,mujoco.h,2131,,missing public entry,no public mapping recorded,pending,pending,implement public subsystem; recovered compiler address passes/native plugin callbacks are only a subset
mjs_asJoint,function,specification-compiler,mujoco.h,2080,,missing public entry,no public mapping recorded,pending,pending,implement public subsystem; recovered compiler address passes/native plugin callbacks are only a subset
mjs_asKey,function,specification-compiler,mujoco.h,2125,,missing public entry,no public mapping recorded,pending,pending,implement public subsystem; recovered compiler address passes/native plugin callbacks are only a subset
mjs_asLight,function,specification-compiler,mujoco.h,2089,,missing public entry,no public mapping recorded,pending,pending,implement public subsystem; recovered compiler address passes/native plugin callbacks are only a subset
mjs_asMaterial,function,specification-compiler,mujoco.h,2140,,missing public entry,no public mapping recorded,pending,pending,implement public subsystem; recovered compiler address passes/native plugin callbacks are only a subset
mjs_asMesh,function,specification-compiler,mujoco.h,2128,,missing public entry,no public mapping recorded,pending,pending,implement public subsystem; recovered compiler address passes/native plugin callbacks are only a subset
mjs_asNumeric,function,specification-compiler,mujoco.h,2116,,missing public entry,no public mapping recorded,pending,pending,implement public subsystem; recovered compiler address passes/native plugin callbacks are only a subset
mjs_asPair,function,specification-compiler,mujoco.h,2104,,missing public entry,no public mapping recorded,pending,pending,implement public subsystem; recovered compiler address passes/native plugin callbacks are only a subset
mjs_asPlugin,function,specification-compiler,mujoco.h,2143,,missing public entry,no public mapping recorded,pending,pending,implement public subsystem; recovered compiler address passes/native plugin callbacks are only a subset
mjs_asSensor,function,specification-compiler,mujoco.h,2098,,missing public entry,no public mapping recorded,pending,pending,implement public subsystem; recovered compiler address passes/native plugin callbacks are only a subset
mjs_asSite,function,specification-compiler,mujoco.h,2083,,missing public entry,no public mapping recorded,pending,pending,implement public subsystem; recovered compiler address passes/native plugin callbacks are only a subset
mjs_asSkin,function,specification-compiler,mujoco.h,2134,,missing public entry,no public mapping recorded,pending,pending,implement public subsystem; recovered compiler address passes/native plugin callbacks are only a subset
mjs_asTendon,function,specification-compiler,mujoco.h,2113,,missing public entry,no public mapping recorded,pending,pending,implement public subsystem; recovered compiler address passes/native plugin callbacks are only a subset
mjs_asText,function,specification-compiler,mujoco.h,2119,,missing public entry,no public mapping recorded,pending,pending,implement public subsystem; recovered compiler address passes/native plugin callbacks are only a subset
mjs_asTexture,function,specification-compiler,mujoco.h,2137,,missing public entry,no public mapping recorded,pending,pending,implement public subsystem; recovered compiler address passes/native plugin callbacks are only a subset
mjs_asTuple,function,specification-compiler,mujoco.h,2122,,missing public entry,no public mapping recorded,pending,pending,implement public subsystem; recovered compiler address passes/native plugin callbacks are only a subset
mjs_attach,function,specification-compiler,mujoco.h,1650,,missing public entry,no public mapping recorded,pending,pending,implement public subsystem; recovered compiler address passes/native plugin callbacks are only a subset
mjs_bodyToFrame,function,specification-compiler,mujoco.h,1972,,missing public entry,no public mapping recorded,pending,pending,implement public subsystem; recovered compiler address passes/native plugin callbacks are only a subset
mjs_defaultActuator,function,specification-compiler,mujoco.h,2050,,missing public entry,no public mapping recorded,pending,pending,implement public subsystem; recovered compiler address passes/native plugin callbacks are only a subset
mjs_defaultBody,function,specification-compiler,mujoco.h,2002,,missing public entry,no public mapping recorded,pending,pending,implement public subsystem; recovered compiler address passes/native plugin callbacks are only a subset
mjs_defaultCamera,function,specification-compiler,mujoco.h,2017,,missing public entry,no public mapping recorded,pending,pending,implement public subsystem; recovered compiler address passes/native plugin callbacks are only a subset
mjs_defaultEquality,function,specification-compiler,mujoco.h,2044,,missing public entry,no public mapping recorded,pending,pending,implement public subsystem; recovered compiler address passes/native plugin callbacks are only a subset
mjs_defaultFlex,function,specification-compiler,mujoco.h,2023,,missing public entry,no public mapping recorded,pending,pending,implement public subsystem; recovered compiler address passes/native plugin callbacks are only a subset
mjs_defaultFrame,function,specification-compiler,mujoco.h,2005,,missing public entry,no public mapping recorded,pending,pending,implement public subsystem; recovered compiler address passes/native plugin callbacks are only a subset
mjs_defaultGeom,function,specification-compiler,mujoco.h,2011,,missing public entry,no public mapping recorded,pending,pending,implement public subsystem; recovered compiler address passes/native plugin callbacks are only a subset
mjs_defaultHField,function,specification-compiler,mujoco.h,2029,,missing public entry,no public mapping recorded,pending,pending,implement public subsystem; recovered compiler address passes/native plugin callbacks are only a subset
mjs_defaultJoint,function,specification-compiler,mujoco.h,2008,,missing public entry,no public mapping recorded,pending,pending,implement public subsystem; recovered compiler address passes/native plugin callbacks are only a subset
mjs_defaultKey,function,specification-compiler,mujoco.h,2065,,missing public entry,no public mapping recorded,pending,pending,implement public subsystem; recovered compiler address passes/native plugin callbacks are only a subset
mjs_defaultLight,function,specification-compiler,mujoco.h,2020,,missing public entry,no public mapping recorded,pending,pending,implement public subsystem; recovered compiler address passes/native plugin callbacks are only a subset
mjs_defaultMaterial,function,specification-compiler,mujoco.h,2038,,missing public entry,no public mapping recorded,pending,pending,implement public subsystem; recovered compiler address passes/native plugin callbacks are only a subset
mjs_defaultMesh,function,specification-compiler,mujoco.h,2026,,missing public entry,no public mapping recorded,pending,pending,implement public subsystem; recovered compiler address passes/native plugin callbacks are only a subset
mjs_defaultNumeric,function,specification-compiler,mujoco.h,2056,,missing public entry,no public mapping recorded,pending,pending,implement public subsystem; recovered compiler address passes/native plugin callbacks are only a subset
mjs_defaultOrientation,function,specification-compiler,mujoco.h,1999,,missing public entry,no public mapping recorded,pending,pending,implement public subsystem; recovered compiler address passes/native plugin callbacks are only a subset
mjs_defaultPair,function,specification-compiler,mujoco.h,2041,,missing public entry,no public mapping recorded,pending,pending,implement public subsystem; recovered compiler address passes/native plugin callbacks are only a subset
mjs_defaultPlugin,function,specification-compiler,mujoco.h,2068,,missing public entry,no public mapping recorded,pending,pending,implement public subsystem; recovered compiler address passes/native plugin callbacks are only a subset
mjs_defaultSensor,function,specification-compiler,mujoco.h,2053,,missing public entry,no public mapping recorded,pending,pending,implement public subsystem; recovered compiler address passes/native plugin callbacks are only a subset
mjs_defaultSite,function,specification-compiler,mujoco.h,2014,,missing public entry,no public mapping recorded,pending,pending,implement public subsystem; recovered compiler address passes/native plugin callbacks are only a subset
mjs_defaultSkin,function,specification-compiler,mujoco.h,2032,,missing public entry,no public mapping recorded,pending,pending,implement public subsystem; recovered compiler address passes/native plugin callbacks are only a subset
mjs_defaultSpec,function,specification-compiler,mujoco.h,1996,,missing public entry,no public mapping recorded,pending,pending,implement public subsystem; recovered compiler address passes/native plugin callbacks are only a subset
mjs_defaultTendon,function,specification-compiler,mujoco.h,2047,,missing public entry,no public mapping recorded,pending,pending,implement public subsystem; recovered compiler address passes/native plugin callbacks are only a subset
mjs_defaultText,function,specification-compiler,mujoco.h,2059,,missing public entry,no public mapping recorded,pending,pending,implement public subsystem; recovered compiler address passes/native plugin callbacks are only a subset
mjs_defaultTexture,function,specification-compiler,mujoco.h,2035,,missing public entry,no public mapping recorded,pending,pending,implement public subsystem; recovered compiler address passes/native plugin callbacks are only a subset
mjs_defaultTuple,function,specification-compiler,mujoco.h,2062,,missing public entry,no public mapping recorded,pending,pending,implement public subsystem; recovered compiler address passes/native plugin callbacks are only a subset
mjs_delete,function,specification-compiler,mujoco.h,1687,,missing public entry,no public mapping recorded,pending,pending,implement public subsystem; recovered compiler address passes/native plugin callbacks are only a subset
mjs_deleteUserValue,function,specification-compiler,mujoco.h,1988,,missing public entry,no public mapping recorded,pending,pending,implement public subsystem; recovered compiler address passes/native plugin callbacks are only a subset
mjs_findBody,function,specification-compiler,mujoco.h,1844,,missing public entry,no public mapping recorded,pending,pending,implement public subsystem; recovered compiler address passes/native plugin callbacks are only a subset
mjs_findChild,function,specification-compiler,mujoco.h,1850,,missing public entry,no public mapping recorded,pending,pending,implement public subsystem; recovered compiler address passes/native plugin callbacks are only a subset
mjs_findDefault,function,specification-compiler,mujoco.h,1865,,missing public entry,no public mapping recorded,pending,pending,implement public subsystem; recovered compiler address passes/native plugin callbacks are only a subset
mjs_findElement,function,specification-compiler,mujoco.h,1847,,missing public entry,no public mapping recorded,pending,pending,implement public subsystem; recovered compiler address passes/native plugin callbacks are only a subset
mjs_findFrame,function,specification-compiler,mujoco.h,1859,,missing public entry,no public mapping recorded,pending,pending,implement public subsystem; recovered compiler address passes/native plugin callbacks are only a subset
mjs_findSpec,function,specification-compiler,mujoco.h,1841,,missing public entry,no public mapping recorded,pending,pending,implement public subsystem; recovered compiler address passes/native plugin callbacks are only a subset
mjs_firstChild,function,specification-compiler,mujoco.h,1874,,missing public entry,no public mapping recorded,pending,pending,implement public subsystem; recovered compiler address passes/native plugin callbacks are only a subset
mjs_firstElement,function,specification-compiler,mujoco.h,1881,,missing public entry,no public mapping recorded,pending,pending,implement public subsystem; recovered compiler address passes/native plugin callbacks are only a subset
mjs_getCompiler,function,specification-compiler,mujoco.h,1838,,missing public entry,no public mapping recorded,pending,pending,implement public subsystem; recovered compiler address passes/native plugin callbacks are only a subset
mjs_getDefault,function,specification-compiler,mujoco.h,1862,,missing public entry,no public mapping recorded,pending,pending,implement public subsystem; recovered compiler address passes/native plugin callbacks are only a subset
mjs_getDouble,function,specification-compiler,mujoco.h,1947,,missing public entry,no public mapping recorded,pending,pending,implement public subsystem; recovered compiler address passes/native plugin callbacks are only a subset
mjs_getError,function,specification-compiler,mujoco.h,1034,,missing public entry,no public mapping recorded,pending,pending,implement public subsystem; recovered compiler address passes/native plugin callbacks are only a subset
mjs_getFrame,function,specification-compiler,mujoco.h,1856,,missing public entry,no public mapping recorded,pending,pending,implement public subsystem; recovered compiler address passes/native plugin callbacks are only a subset
mjs_getId,function,specification-compiler,mujoco.h,1871,,missing public entry,no public mapping recorded,pending,pending,implement public subsystem; recovered compiler address passes/native plugin callbacks are only a subset
mjs_getName,function,specification-compiler,mujoco.h,1940,,missing public entry,no public mapping recorded,pending,pending,implement public subsystem; recovered compiler address passes/native plugin callbacks are only a subset
mjs_getOriginSpec,function,specification-compiler,mujoco.h,1835,,missing public entry,no public mapping recorded,pending,pending,implement public subsystem; recovered compiler address passes/native plugin callbacks are only a subset
mjs_getParent,function,specification-compiler,mujoco.h,1853,,missing public entry,no public mapping recorded,pending,pending,implement public subsystem; recovered compiler address passes/native plugin callbacks are only a subset
mjs_getPluginAttributes,function,specification-compiler,mujoco.h,1956,,missing public entry,no public mapping recorded,pending,pending,implement public subsystem; recovered compiler address passes/native plugin callbacks are only a subset
mjs_getSpec,function,specification-compiler,mujoco.h,1831,,missing public entry,no public mapping recorded,pending,pending,implement public subsystem; recovered compiler address passes/native plugin callbacks are only a subset
mjs_getSpecDefault,function,specification-compiler,mujoco.h,1868,,missing public entry,no public mapping recorded,pending,pending,implement public subsystem; recovered compiler address passes/native plugin callbacks are only a subset
mjs_getString,function,specification-compiler,mujoco.h,1943,,missing public entry,no public mapping recorded,pending,pending,implement public subsystem; recovered compiler address passes/native plugin callbacks are only a subset
mjs_getTimer,function,specification-compiler,mujoco.h,1037,,missing public entry,no public mapping recorded,pending,pending,implement public subsystem; recovered compiler address passes/native plugin callbacks are only a subset
mjs_getUserValue,function,specification-compiler,mujoco.h,1985,,missing public entry,no public mapping recorded,pending,pending,implement public subsystem; recovered compiler address passes/native plugin callbacks are only a subset
mjs_getWarning,function,specification-compiler,mujoco.h,1046,,missing public entry,no public mapping recorded,pending,pending,implement public subsystem; recovered compiler address passes/native plugin callbacks are only a subset
mjs_getWrap,function,specification-compiler,mujoco.h,1953,,missing public entry,no public mapping recorded,pending,pending,implement public subsystem; recovered compiler address passes/native plugin callbacks are only a subset
mjs_getWrapCoef,function,specification-compiler,mujoco.h,1896,,missing public entry,no public mapping recorded,pending,pending,implement public subsystem; recovered compiler address passes/native plugin callbacks are only a subset
mjs_getWrapDivisor,function,specification-compiler,mujoco.h,1893,,missing public entry,no public mapping recorded,pending,pending,implement public subsystem; recovered compiler address passes/native plugin callbacks are only a subset
mjs_getWrapNum,function,specification-compiler,mujoco.h,1950,,missing public entry,no public mapping recorded,pending,pending,implement public subsystem; recovered compiler address passes/native plugin callbacks are only a subset
mjs_getWrapSideSite,function,specification-compiler,mujoco.h,1890,,missing public entry,no public mapping recorded,pending,pending,implement public subsystem; recovered compiler address passes/native plugin callbacks are only a subset
mjs_getWrapTarget,function,specification-compiler,mujoco.h,1887,,missing public entry,no public mapping recorded,pending,pending,implement public subsystem; recovered compiler address passes/native plugin callbacks are only a subset
mjs_isWarning,function,specification-compiler,mujoco.h,1040,,missing public entry,no public mapping recorded,pending,pending,implement public subsystem; recovered compiler address passes/native plugin callbacks are only a subset
mjs_makeFlex,function,specification-compiler,mujoco.h,1704,,missing public entry,no public mapping recorded,pending,pending,implement public subsystem; recovered compiler address passes/native plugin callbacks are only a subset
mjs_makeMesh,function,specification-compiler,mujoco.h,1826,,missing public entry,no public mapping recorded,pending,pending,implement public subsystem; recovered compiler address passes/native plugin callbacks are only a subset
mjs_nextChild,function,specification-compiler,mujoco.h,1878,,missing public entry,no public mapping recorded,pending,pending,implement public subsystem; recovered compiler address passes/native plugin callbacks are only a subset
mjs_nextElement,function,specification-compiler,mujoco.h,1884,,missing public entry,no public mapping recorded,pending,pending,implement public subsystem; recovered compiler address passes/native plugin callbacks are only a subset
mjs_numWarnings,function,specification-compiler,mujoco.h,1043,,missing public entry,no public mapping recorded,pending,pending,implement public subsystem; recovered compiler address passes/native plugin callbacks are only a subset
mjs_resolveOrientation,function,specification-compiler,mujoco.h,1968,,missing public entry,no public mapping recorded,pending,pending,implement public subsystem; recovered compiler address passes/native plugin callbacks are only a subset
mjs_sensorDim,function,specification-compiler,mujoco.h,1991,,missing public entry,no public mapping recorded,pending,pending,implement public subsystem; recovered compiler address passes/native plugin callbacks are only a subset
mjs_setBuffer,function,specification-compiler,mujoco.h,1904,,missing public entry,no public mapping recorded,pending,pending,implement public subsystem; recovered compiler address passes/native plugin callbacks are only a subset
mjs_setDeepCopy,function,specification-compiler,mujoco.h,318,,missing public entry,no public mapping recorded,pending,pending,implement public subsystem; recovered compiler address passes/native plugin callbacks are only a subset
mjs_setDefault,function,specification-compiler,mujoco.h,1962,,missing public entry,no public mapping recorded,pending,pending,implement public subsystem; recovered compiler address passes/native plugin callbacks are only a subset
mjs_setDouble,function,specification-compiler,mujoco.h,1931,,missing public entry,no public mapping recorded,pending,pending,implement public subsystem; recovered compiler address passes/native plugin callbacks are only a subset
mjs_setFloat,function,specification-compiler,mujoco.h,1925,,missing public entry,no public mapping recorded,pending,pending,implement public subsystem; recovered compiler address passes/native plugin callbacks are only a subset
mjs_setFrame,function,specification-compiler,mujoco.h,1965,,missing public entry,no public mapping recorded,pending,pending,implement public subsystem; recovered compiler address passes/native plugin callbacks are only a subset
mjs_setInStringVec,function,specification-compiler,mujoco.h,1913,,missing public entry,no public mapping recorded,pending,pending,implement public subsystem; recovered compiler address passes/native plugin callbacks are only a subset
mjs_setInt,function,specification-compiler,mujoco.h,1919,,missing public entry,no public mapping recorded,pending,pending,implement public subsystem; recovered compiler address passes/native plugin callbacks are only a subset
mjs_setName,function,specification-compiler,mujoco.h,1901,,missing public entry,no public mapping recorded,pending,pending,implement public subsystem; recovered compiler address passes/native plugin callbacks are only a subset
mjs_setPluginAttributes,function,specification-compiler,mujoco.h,1934,,missing public entry,no public mapping recorded,pending,pending,implement public subsystem; recovered compiler address passes/native plugin callbacks are only a subset
mjs_setString,function,specification-compiler,mujoco.h,1907,,missing public entry,no public mapping recorded,pending,pending,implement public subsystem; recovered compiler address passes/native plugin callbacks are only a subset
mjs_setStringVec,function,specification-compiler,mujoco.h,1910,,missing public entry,no public mapping recorded,pending,pending,implement public subsystem; recovered compiler address passes/native plugin callbacks are only a subset
mjs_setToAdhesion,function,specification-compiler,mujoco.h,1796,,missing public entry,no public mapping recorded,pending,pending,implement public subsystem; recovered compiler address passes/native plugin callbacks are only a subset
mjs_setToCylinder,function,specification-compiler,mujoco.h,1787,,missing public entry,no public mapping recorded,pending,pending,implement public subsystem; recovered compiler address passes/native plugin callbacks are only a subset
mjs_setToDCMotor,function,specification-compiler,mujoco.h,1800,,missing public entry,no public mapping recorded,pending,pending,implement public subsystem; recovered compiler address passes/native plugin callbacks are only a subset
mjs_setToDamper,function,specification-compiler,mujoco.h,1784,,missing public entry,no public mapping recorded,pending,pending,implement public subsystem; recovered compiler address passes/native plugin callbacks are only a subset
mjs_setToIntVelocity,function,specification-compiler,mujoco.h,1768,,missing public entry,no public mapping recorded,pending,pending,implement public subsystem; recovered compiler address passes/native plugin callbacks are only a subset
mjs_setToMotor,function,specification-compiler,mujoco.h,1761,,missing public entry,no public mapping recorded,pending,pending,implement public subsystem; recovered compiler address passes/native plugin callbacks are only a subset
mjs_setToMuscle,function,specification-compiler,mujoco.h,1791,,missing public entry,no public mapping recorded,pending,pending,implement public subsystem; recovered compiler address passes/native plugin callbacks are only a subset
mjs_setToOrientation,function,specification-compiler,mujoco.h,1775,,missing public entry,no public mapping recorded,pending,pending,implement public subsystem; recovered compiler address passes/native plugin callbacks are only a subset
mjs_setToPID,function,specification-compiler,mujoco.h,1779,,missing public entry,no public mapping recorded,pending,pending,implement public subsystem; recovered compiler address passes/native plugin callbacks are only a subset
mjs_setToPosition,function,specification-compiler,mujoco.h,1764,,missing public entry,no public mapping recorded,pending,pending,implement public subsystem; recovered compiler address passes/native plugin callbacks are only a subset
mjs_setToVelocity,function,specification-compiler,mujoco.h,1772,,missing public entry,no public mapping recorded,pending,pending,implement public subsystem; recovered compiler address passes/native plugin callbacks are only a subset
mjs_setUserValue,function,specification-compiler,mujoco.h,1975,,missing public entry,no public mapping recorded,pending,pending,implement public subsystem; recovered compiler address passes/native plugin callbacks are only a subset
mjs_setUserValueWithCleanup,function,specification-compiler,mujoco.h,1980,,missing public entry,no public mapping recorded,pending,pending,implement public subsystem; recovered compiler address passes/native plugin callbacks are only a subset
mjs_wrapGeom,function,specification-compiler,mujoco.h,1730,,missing public entry,no public mapping recorded,pending,pending,implement public subsystem; recovered compiler address passes/native plugin callbacks are only a subset
mjs_wrapJoint,function,specification-compiler,mujoco.h,1733,,missing public entry,no public mapping recorded,pending,pending,implement public subsystem; recovered compiler address passes/native plugin callbacks are only a subset
mjs_wrapPulley,function,specification-compiler,mujoco.h,1736,,missing public entry,no public mapping recorded,pending,pending,implement public subsystem; recovered compiler address passes/native plugin callbacks are only a subset
mjs_wrapSite,function,specification-compiler,mujoco.h,1727,,missing public entry,no public mapping recorded,pending,pending,implement public subsystem; recovered compiler address passes/native plugin callbacks are only a subset
mjtNum,function,engine-model-runtime,mjdata.h,467,,unmapped,no public mapping recorded,pending,pending,audit and connect native implementation; add missing implementation as required
mjtSize,function,engine-model-runtime,mjplugin.h,101,,unmapped,no public mapping recorded,pending,pending,audit and connect native implementation; add missing implementation as required
mju_Halton,function,utility,mujoco.h,1463,,unmapped,no public mapping recorded,pending,pending,audit and connect native implementation; add missing implementation as required
mju_L1,function,utility,mujoco.h,1161,,unmapped,no public mapping recorded,pending,pending,audit and connect native implementation; add missing implementation as required
mju_add,function,utility,mujoco.h,1167,,unmapped,no public mapping recorded,pending,pending,audit and connect native implementation; add missing implementation as required
mju_add3,function,utility,mujoco.h,1098,,unmapped,no public mapping recorded,pending,pending,audit and connect native implementation; add missing implementation as required
mju_addScl,function,utility,mujoco.h,1182,,unmapped,no public mapping recorded,pending,pending,audit and connect native implementation; add missing implementation as required
mju_addScl3,function,utility,mujoco.h,1113,,unmapped,no public mapping recorded,pending,pending,audit and connect native implementation; add missing implementation as required
mju_addTo,function,utility,mujoco.h,1173,,unmapped,no public mapping recorded,pending,pending,audit and connect native implementation; add missing implementation as required
mju_addTo3,function,utility,mujoco.h,1104,,unmapped,no public mapping recorded,pending,pending,audit and connect native implementation; add missing implementation as required
mju_addToScl,function,utility,mujoco.h,1179,,unmapped,no public mapping recorded,pending,pending,audit and connect native implementation; add missing implementation as required
mju_addToScl3,function,utility,mujoco.h,1110,,unmapped,no public mapping recorded,pending,pending,audit and connect native implementation; add missing implementation as required
mju_axisAngle2Quat,function,utility,mujoco.h,1265,,unmapped,no public mapping recorded,pending,pending,audit and connect native implementation; add missing implementation as required
mju_band2Dense,function,utility,mujoco.h,1338,,unmapped,no public mapping recorded,pending,pending,audit and connect native implementation; add missing implementation as required
mju_bandDiag,function,utility,mujoco.h,1349,,unmapped,no public mapping recorded,pending,pending,audit and connect native implementation; add missing implementation as required
mju_bandMulMatVec,function,utility,mujoco.h,1345,,unmapped,no public mapping recorded,pending,pending,audit and connect native implementation; add missing implementation as required
mju_boxQP,function,utility,mujoco.h,1376,,unmapped,no public mapping recorded,pending,pending,audit and connect native implementation; add missing implementation as required
mju_boxQPmalloc,function,utility,mujoco.h,1382,,unmapped,no public mapping recorded,pending,pending,audit and connect native implementation; add missing implementation as required
mju_cholFactor,function,utility,mujoco.h,1316,,unmapped,no public mapping recorded,pending,pending,audit and connect native implementation; add missing implementation as required
mju_cholFactorBand,function,utility,mujoco.h,1330,,unmapped,no public mapping recorded,pending,pending,audit and connect native implementation; add missing implementation as required
mju_cholSolve,function,utility,mujoco.h,1319,,unmapped,no public mapping recorded,pending,pending,audit and connect native implementation; add missing implementation as required
mju_cholSolveBand,function,utility,mujoco.h,1334,,unmapped,no public mapping recorded,pending,pending,audit and connect native implementation; add missing implementation as required
mju_cholUpdate,function,utility,mujoco.h,1322,,unmapped,no public mapping recorded,pending,pending,audit and connect native implementation; add missing implementation as required
mju_clearHandlers,function,utility,mujoco.h,1003,,unmapped,no public mapping recorded,pending,pending,audit and connect native implementation; add missing implementation as required
mju_clip,function,utility,mujoco.h,1415,,unmapped,no public mapping recorded,pending,pending,audit and connect native implementation; add missing implementation as required
mju_closeResource,function,utility,mujoco.h,1616,,unmapped,no public mapping recorded,pending,pending,audit and connect native implementation; add missing implementation as required
mju_copy,function,utility,mujoco.h,1155,,unmapped,no public mapping recorded,pending,pending,audit and connect native implementation; add missing implementation as required
mju_copy3,function,utility,mujoco.h,1092,,unmapped,no public mapping recorded,pending,pending,audit and connect native implementation; add missing implementation as required
mju_copy4,function,utility,mujoco.h,1143,,unmapped,no public mapping recorded,pending,pending,audit and connect native implementation; add missing implementation as required
mju_cross,function,utility,mujoco.h,1134,,unmapped,no public mapping recorded,pending,pending,audit and connect native implementation; add missing implementation as required
mju_d2n,function,utility,mujoco.h,1451,,unmapped,no public mapping recorded,pending,pending,audit and connect native implementation; add missing implementation as required
mju_decodePyramid,function,utility,mujoco.h,1403,,unmapped,no public mapping recorded,pending,pending,audit and connect native implementation; add missing implementation as required
mju_decodeResource,function,utility,mujoco.h,1637,,unmapped,no public mapping recorded,pending,pending,audit and connect native implementation; add missing implementation as required
mju_dense2Band,function,utility,mujoco.h,1342,,unmapped,no public mapping recorded,pending,pending,audit and connect native implementation; add missing implementation as required
mju_dense2sparse,function,utility,mujoco.h,1238,,unmapped,no public mapping recorded,pending,pending,audit and connect native implementation; add missing implementation as required
mju_derivQuat,function,utility,mujoco.h,1280,,unmapped,no public mapping recorded,pending,pending,audit and connect native implementation; add missing implementation as required
mju_dist3,function,utility,mujoco.h,1125,,unmapped,no public mapping recorded,pending,pending,audit and connect native implementation; add missing implementation as required
mju_dot,function,utility,mujoco.h,1191,,unmapped,no public mapping recorded,pending,pending,audit and connect native implementation; add missing implementation as required
mju_dot3,function,utility,mujoco.h,1122,,unmapped,no public mapping recorded,pending,pending,audit and connect native implementation; add missing implementation as required
mju_eig3,function,utility,mujoco.h,1352,,unmapped,no public mapping recorded,pending,pending,audit and connect native implementation; add missing implementation as required
mju_encodePyramid,function,utility,mujoco.h,1400,,unmapped,no public mapping recorded,pending,pending,audit and connect native implementation; add missing implementation as required
mju_error,function,utility,mujoco.h,997,,unmapped,no public mapping recorded,pending,pending,audit and connect native implementation; add missing implementation as required
mju_euler2Quat,function,utility,mujoco.h,1294,,unmapped,no public mapping recorded,pending,pending,audit and connect native implementation; add missing implementation as required
mju_eye,function,utility,mujoco.h,1209,,unmapped,no public mapping recorded,pending,pending,audit and connect native implementation; add missing implementation as required
mju_f2n,function,utility,mujoco.h,1445,,unmapped,no public mapping recorded,pending,pending,audit and connect native implementation; add missing implementation as required
mju_fill,function,utility,mujoco.h,1152,,unmapped,no public mapping recorded,pending,pending,audit and connect native implementation; add missing implementation as required
mju_free,function,utility,mujoco.h,1025,,unmapped,no public mapping recorded,pending,pending,audit and connect native implementation; add missing implementation as required
mju_getLogConfig,function,utility,mujoco.h,1010,,unmapped,no public mapping recorded,pending,pending,audit and connect native implementation; add missing implementation as required
mju_getResourceDir,function,utility,mujoco.h,1628,,unmapped,no public mapping recorded,pending,pending,audit and connect native implementation; add missing implementation as required
mju_getXMLDependencies,function,utility,mujoco.h,184,,unmapped,no public mapping recorded,pending,pending,audit and connect native implementation; add missing implementation as required
mju_info,function,utility,mujoco.h,1016,,unmapped,no public mapping recorded,pending,pending,audit and connect native implementation; add missing implementation as required
mju_insertionSort,function,utility,mujoco.h,1457,,unmapped,no public mapping recorded,pending,pending,audit and connect native implementation; add missing implementation as required
mju_insertionSortInt,function,utility,mujoco.h,1460,,unmapped,no public mapping recorded,pending,pending,audit and connect native implementation; add missing implementation as required
mju_isBad,function,utility,mujoco.h,1436,,unmapped,no public mapping recorded,pending,pending,audit and connect native implementation; add missing implementation as required
mju_isModifiedResource,function,utility,mujoco.h,1632,,unmapped,no public mapping recorded,pending,pending,audit and connect native implementation; add missing implementation as required
mju_isZero,function,utility,mujoco.h,1439,,unmapped,no public mapping recorded,pending,pending,audit and connect native implementation; add missing implementation as required
mju_malloc,function,utility,mujoco.h,1022,,unmapped,no public mapping recorded,pending,pending,audit and connect native implementation; add missing implementation as required
mju_mat2Quat,function,utility,mujoco.h,1277,,unmapped,no public mapping recorded,pending,pending,audit and connect native implementation; add missing implementation as required
mju_mat2Rot,function,utility,mujoco.h,1290,,unmapped,no public mapping recorded,pending,pending,audit and connect native implementation; add missing implementation as required
mju_max,function,utility,mujoco.h,1412,,unmapped,no public mapping recorded,pending,pending,audit and connect native implementation; add missing implementation as required
mju_message,function,utility,mujoco.h,1019,,unmapped,no public mapping recorded,pending,pending,audit and connect native implementation; add missing implementation as required
mju_min,function,utility,mujoco.h,1409,,unmapped,no public mapping recorded,pending,pending,audit and connect native implementation; add missing implementation as required
mju_mulMatMat,function,utility,mujoco.h,1212,,unmapped,no public mapping recorded,pending,pending,audit and connect native implementation; add missing implementation as required
mju_mulMatMatT,function,utility,mujoco.h,1216,,unmapped,no public mapping recorded,pending,pending,audit and connect native implementation; add missing implementation as required
mju_mulMatTMat,function,utility,mujoco.h,1220,,unmapped,no public mapping recorded,pending,pending,audit and connect native implementation; add missing implementation as required
mju_mulMatTVec,function,utility,mujoco.h,1197,,unmapped,no public mapping recorded,pending,pending,audit and connect native implementation; add missing implementation as required
mju_mulMatTVec3,function,utility,mujoco.h,1131,,unmapped,no public mapping recorded,pending,pending,audit and connect native implementation; add missing implementation as required
mju_mulMatVec,function,utility,mujoco.h,1194,,unmapped,no public mapping recorded,pending,pending,audit and connect native implementation; add missing implementation as required
mju_mulMatVec3,function,utility,mujoco.h,1128,,unmapped,no public mapping recorded,pending,pending,audit and connect native implementation; add missing implementation as required
mju_mulPose,function,utility,mujoco.h,1300,,unmapped,no public mapping recorded,pending,pending,audit and connect native implementation; add missing implementation as required
mju_mulQuat,function,utility,mujoco.h,1259,,unmapped,no public mapping recorded,pending,pending,audit and connect native implementation; add missing implementation as required
mju_mulQuatAxis,function,utility,mujoco.h,1262,,unmapped,no public mapping recorded,pending,pending,audit and connect native implementation; add missing implementation as required
mju_mulVecMatVec,function,utility,mujoco.h,1200,,unmapped,no public mapping recorded,pending,pending,audit and connect native implementation; add missing implementation as required
mju_muscleBias,function,utility,mujoco.h,1393,,unmapped,no public mapping recorded,pending,pending,audit and connect native implementation; add missing implementation as required
mju_muscleDynamics,function,utility,mujoco.h,1397,,unmapped,no public mapping recorded,pending,pending,audit and connect native implementation; add missing implementation as required
mju_muscleGain,function,utility,mujoco.h,1389,,unmapped,no public mapping recorded,pending,pending,audit and connect native implementation; add missing implementation as required
mju_n2d,function,utility,mujoco.h,1454,,unmapped,no public mapping recorded,pending,pending,audit and connect native implementation; add missing implementation as required
mju_n2f,function,utility,mujoco.h,1448,,unmapped,no public mapping recorded,pending,pending,audit and connect native implementation; add missing implementation as required
mju_negPose,function,utility,mujoco.h,1305,,unmapped,no public mapping recorded,pending,pending,audit and connect native implementation; add missing implementation as required
mju_negQuat,function,utility,mujoco.h,1256,,unmapped,no public mapping recorded,pending,pending,audit and connect native implementation; add missing implementation as required
mju_norm,function,utility,mujoco.h,1188,,unmapped,no public mapping recorded,pending,pending,audit and connect native implementation; add missing implementation as required
mju_norm3,function,utility,mujoco.h,1119,,unmapped,no public mapping recorded,pending,pending,audit and connect native implementation; add missing implementation as required
mju_normalize,function,utility,mujoco.h,1185,,unmapped,no public mapping recorded,pending,pending,audit and connect native implementation; add missing implementation as required
mju_normalize3,function,utility,mujoco.h,1116,,unmapped,no public mapping recorded,pending,pending,audit and connect native implementation; add missing implementation as required
mju_normalize4,function,utility,mujoco.h,1146,,unmapped,no public mapping recorded,pending,pending,audit and connect native implementation; add missing implementation as required
mju_openResource,function,utility,mujoco.h,1612,,unmapped,no public mapping recorded,pending,pending,audit and connect native implementation; add missing implementation as required
mju_printMat,function,utility,mujoco.h,339,,unmapped,no public mapping recorded,pending,pending,audit and connect native implementation; add missing implementation as required
mju_printMatSparse,function,utility,mujoco.h,342,,unmapped,no public mapping recorded,pending,pending,audit and connect native implementation; add missing implementation as required
mju_quat2Mat,function,utility,mujoco.h,1274,,unmapped,no public mapping recorded,pending,pending,audit and connect native implementation; add missing implementation as required
mju_quat2Vel,function,utility,mujoco.h,1268,,unmapped,no public mapping recorded,pending,pending,audit and connect native implementation; add missing implementation as required
mju_quatIntegrate,function,utility,mujoco.h,1283,,unmapped,no public mapping recorded,pending,pending,audit and connect native implementation; add missing implementation as required
mju_quatZ2Vec,function,utility,mujoco.h,1286,,unmapped,no public mapping recorded,pending,pending,audit and connect native implementation; add missing implementation as required
mju_rayGeom,function,utility,mujoco.h,720,,unmapped,no public mapping recorded,pending,pending,audit and connect native implementation; add missing implementation as required
mju_raySkin,function,utility,mujoco.h,735,,unmapped,no public mapping recorded,pending,pending,audit and connect native implementation; add missing implementation as required
mju_readResource,function,utility,mujoco.h,1620,,unmapped,no public mapping recorded,pending,pending,audit and connect native implementation; add missing implementation as required
mju_rotVecQuat,function,utility,mujoco.h,1253,,unmapped,no public mapping recorded,pending,pending,audit and connect native implementation; add missing implementation as required
mju_round,function,utility,mujoco.h,1421,,unmapped,no public mapping recorded,pending,pending,audit and connect native implementation; add missing implementation as required
mju_scl,function,utility,mujoco.h,1164,,unmapped,no public mapping recorded,pending,pending,audit and connect native implementation; add missing implementation as required
mju_scl3,function,utility,mujoco.h,1095,,unmapped,no public mapping recorded,pending,pending,audit and connect native implementation; add missing implementation as required
mju_setLogConfig,function,utility,mujoco.h,1013,,unmapped,no public mapping recorded,pending,pending,audit and connect native implementation; add missing implementation as required
mju_setLogHandler,function,utility,mujoco.h,1007,,unmapped,no public mapping recorded,pending,pending,audit and connect native implementation; add missing implementation as required
mju_sigmoid,function,utility,mujoco.h,1469,,unmapped,no public mapping recorded,pending,pending,audit and connect native implementation; add missing implementation as required
mju_sign,function,utility,mujoco.h,1418,,unmapped,no public mapping recorded,pending,pending,audit and connect native implementation; add missing implementation as required
mju_sparse2dense,function,utility,mujoco.h,1242,,unmapped,no public mapping recorded,pending,pending,audit and connect native implementation; add missing implementation as required
mju_springDamper,function,utility,mujoco.h,1406,,unmapped,no public mapping recorded,pending,pending,audit and connect native implementation; add missing implementation as required
mju_sqrMatTD,function,utility,mujoco.h,1224,,unmapped,no public mapping recorded,pending,pending,audit and connect native implementation; add missing implementation as required
mju_standardNormal,function,utility,mujoco.h,1442,,unmapped,no public mapping recorded,pending,pending,audit and connect native implementation; add missing implementation as required
mju_str2Type,function,utility,mujoco.h,1427,MJ.API.Model_Info.Name_Type,native candidate,explicit Ada entry; C ABI is not provided,API smoke roundtrip,pending,"complete reference domains, full composition proof and representative performance"
mju_strncpy,function,utility,mujoco.h,1466,,unmapped,no public mapping recorded,pending,pending,audit and connect native implementation; add missing implementation as required
mju_sub,function,utility,mujoco.h,1170,,unmapped,no public mapping recorded,pending,pending,audit and connect native implementation; add missing implementation as required
mju_sub3,function,utility,mujoco.h,1101,,unmapped,no public mapping recorded,pending,pending,audit and connect native implementation; add missing implementation as required
mju_subFrom,function,utility,mujoco.h,1176,,unmapped,no public mapping recorded,pending,pending,audit and connect native implementation; add missing implementation as required
mju_subFrom3,function,utility,mujoco.h,1107,,unmapped,no public mapping recorded,pending,pending,audit and connect native implementation; add missing implementation as required
mju_subQuat,function,utility,mujoco.h,1271,,unmapped,no public mapping recorded,pending,pending,audit and connect native implementation; add missing implementation as required
mju_sum,function,utility,mujoco.h,1158,,unmapped,no public mapping recorded,pending,pending,audit and connect native implementation; add missing implementation as required
mju_sym2dense,function,utility,mujoco.h,1246,,unmapped,no public mapping recorded,pending,pending,audit and connect native implementation; add missing implementation as required
mju_symmetrize,function,utility,mujoco.h,1206,,unmapped,no public mapping recorded,pending,pending,audit and connect native implementation; add missing implementation as required
mju_threadpool,function,utility,mujoco.h,1644,,unmapped,no public mapping recorded,pending,pending,audit and connect native implementation; add missing implementation as required
mju_transformSpatial,function,utility,mujoco.h,1229,,unmapped,no public mapping recorded,pending,pending,audit and connect native implementation; add missing implementation as required
mju_transpose,function,utility,mujoco.h,1203,,unmapped,no public mapping recorded,pending,pending,audit and connect native implementation; add missing implementation as required
mju_trnVecPose,function,utility,mujoco.h,1309,,unmapped,no public mapping recorded,pending,pending,audit and connect native implementation; add missing implementation as required
mju_type2Str,function,utility,mujoco.h,1424,MJ.API.Model_Info.Type_Name,native candidate,explicit Ada entry; C ABI is not provided,state/model-info differential,pending,"complete reference domains, full composition proof and representative performance"
mju_unit4,function,utility,mujoco.h,1140,,unmapped,no public mapping recorded,pending,pending,audit and connect native implementation; add missing implementation as required
mju_user_error,callback-hook,public-data-callbacks,mujoco.h,49,,unmapped,no public mapping recorded,pending,pending,native public state/callback design and lifecycle
mju_user_free,callback-hook,public-data-callbacks,mujoco.h,46,,unmapped,no public mapping recorded,pending,pending,native public state/callback design and lifecycle
mju_user_malloc,callback-hook,public-data-callbacks,mujoco.h,45,,unmapped,no public mapping recorded,pending,pending,native public state/callback design and lifecycle
mju_user_warning,callback-hook,public-data-callbacks,mujoco.h,50,,unmapped,no public mapping recorded,pending,pending,native public state/callback design and lifecycle
mju_warning,function,utility,mujoco.h,1000,,unmapped,no public mapping recorded,pending,pending,audit and connect native implementation; add missing implementation as required
mju_warningText,function,utility,mujoco.h,1433,,unmapped,no public mapping recorded,pending,pending,audit and connect native implementation; add missing implementation as required
mju_writeLog,function,utility,mujoco.h,1031,,unmapped,no public mapping recorded,pending,pending,audit and connect native implementation; add missing implementation as required
mju_writeNumBytes,function,utility,mujoco.h,1430,,unmapped,no public mapping recorded,pending,pending,audit and connect native implementation; add missing implementation as required
mju_writeResource,function,utility,mujoco.h,1624,,unmapped,no public mapping recorded,pending,pending,audit and connect native implementation; add missing implementation as required
mju_zero,function,utility,mujoco.h,1149,,unmapped,no public mapping recorded,pending,pending,audit and connect native implementation; add missing implementation as required
mju_zero3,function,utility,mujoco.h,1089,,unmapped,no public mapping recorded,pending,pending,audit and connect native implementation; add missing implementation as required
mju_zero4,function,utility,mujoco.h,1137,,unmapped,no public mapping recorded,pending,pending,audit and connect native implementation; add missing implementation as required
mjui_add,function,ui,mujoco.h,975,,missing public entry,no public mapping recorded,pending,pending,implement public subsystem; recovered compiler address passes/native plugin callbacks are only a subset
mjui_addToSection,function,ui,mujoco.h,978,,missing public entry,no public mapping recorded,pending,pending,implement public subsystem; recovered compiler address passes/native plugin callbacks are only a subset
mjui_event,function,ui,mujoco.h,988,,missing public entry,no public mapping recorded,pending,pending,implement public subsystem; recovered compiler address passes/native plugin callbacks are only a subset
mjui_render,function,ui,mujoco.h,991,,missing public entry,no public mapping recorded,pending,pending,implement public subsystem; recovered compiler address passes/native plugin callbacks are only a subset
mjui_resize,function,ui,mujoco.h,981,,missing public entry,no public mapping recorded,pending,pending,implement public subsystem; recovered compiler address passes/native plugin callbacks are only a subset
mjui_themeColor,function,ui,mujoco.h,972,,missing public entry,no public mapping recorded,pending,pending,implement public subsystem; recovered compiler address passes/native plugin callbacks are only a subset
mjui_themeSpacing,function,ui,mujoco.h,969,,missing public entry,no public mapping recorded,pending,pending,implement public subsystem; recovered compiler address passes/native plugin callbacks are only a subset
mjui_update,function,ui,mujoco.h,984,,missing public entry,no public mapping recorded,pending,pending,implement public subsystem; recovered compiler address passes/native plugin callbacks are only a subset
mjv_addGeoms,function,visualization,mujoco.h,845,,missing public entry,no public mapping recorded,pending,pending,implement public subsystem; recovered compiler address passes/native plugin callbacks are only a subset
mjv_alignToCamera,function,visualization,mujoco.h,769,,missing public entry,no public mapping recorded,pending,pending,implement public subsystem; recovered compiler address passes/native plugin callbacks are only a subset
mjv_applyPerturbForce,function,visualization,mujoco.h,791,,missing public entry,no public mapping recorded,pending,pending,implement public subsystem; recovered compiler address passes/native plugin callbacks are only a subset
mjv_applyPerturbPose,function,visualization,mujoco.h,787,,missing public entry,no public mapping recorded,pending,pending,implement public subsystem; recovered compiler address passes/native plugin callbacks are only a subset
mjv_averageCamera,function,visualization,mujoco.h,794,,missing public entry,no public mapping recorded,pending,pending,implement public subsystem; recovered compiler address passes/native plugin callbacks are only a subset
mjv_camera2GLCamera,function,visualization,mujoco.h,797,,missing public entry,no public mapping recorded,pending,pending,implement public subsystem; recovered compiler address passes/native plugin callbacks are only a subset
mjv_cameraFrame,function,visualization,mujoco.h,859,,missing public entry,no public mapping recorded,pending,pending,implement public subsystem; recovered compiler address passes/native plugin callbacks are only a subset
mjv_cameraFrustum,function,visualization,mujoco.h,864,,missing public entry,no public mapping recorded,pending,pending,implement public subsystem; recovered compiler address passes/native plugin callbacks are only a subset
mjv_cameraInModel,function,visualization,mujoco.h,758,,missing public entry,no public mapping recorded,pending,pending,implement public subsystem; recovered compiler address passes/native plugin callbacks are only a subset
mjv_cameraInRoom,function,visualization,mujoco.h,762,,missing public entry,no public mapping recorded,pending,pending,implement public subsystem; recovered compiler address passes/native plugin callbacks are only a subset
mjv_connector,function,visualization,mujoco.h,824,,missing public entry,no public mapping recorded,pending,pending,implement public subsystem; recovered compiler address passes/native plugin callbacks are only a subset
mjv_copyData,function,visualization,mujoco.h,256,,missing public entry,no public mapping recorded,pending,pending,implement public subsystem; recovered compiler address passes/native plugin callbacks are only a subset
mjv_copyModel,function,visualization,mujoco.h,842,,missing public entry,no public mapping recorded,pending,pending,implement public subsystem; recovered compiler address passes/native plugin callbacks are only a subset
mjv_defaultCamera,function,visualization,mujoco.h,741,,missing public entry,no public mapping recorded,pending,pending,implement public subsystem; recovered compiler address passes/native plugin callbacks are only a subset
mjv_defaultFigure,function,visualization,mujoco.h,814,,missing public entry,no public mapping recorded,pending,pending,implement public subsystem; recovered compiler address passes/native plugin callbacks are only a subset
mjv_defaultFreeCamera,function,visualization,mujoco.h,744,,missing public entry,no public mapping recorded,pending,pending,implement public subsystem; recovered compiler address passes/native plugin callbacks are only a subset
mjv_defaultOption,function,visualization,mujoco.h,811,,missing public entry,no public mapping recorded,pending,pending,implement public subsystem; recovered compiler address passes/native plugin callbacks are only a subset
mjv_defaultPerturb,function,visualization,mujoco.h,747,,missing public entry,no public mapping recorded,pending,pending,implement public subsystem; recovered compiler address passes/native plugin callbacks are only a subset
mjv_defaultScene,function,visualization,mujoco.h,828,,missing public entry,no public mapping recorded,pending,pending,implement public subsystem; recovered compiler address passes/native plugin callbacks are only a subset
mjv_freeScene,function,visualization,mujoco.h,834,,missing public entry,no public mapping recorded,pending,pending,implement public subsystem; recovered compiler address passes/native plugin callbacks are only a subset
mjv_frustumHeight,function,visualization,mujoco.h,766,,missing public entry,no public mapping recorded,pending,pending,implement public subsystem; recovered compiler address passes/native plugin callbacks are only a subset
mjv_initGeom,function,visualization,mujoco.h,818,,missing public entry,no public mapping recorded,pending,pending,implement public subsystem; recovered compiler address passes/native plugin callbacks are only a subset
mjv_initPerturb,function,visualization,mujoco.h,783,,missing public entry,no public mapping recorded,pending,pending,implement public subsystem; recovered compiler address passes/native plugin callbacks are only a subset
mjv_makeLights,function,visualization,mujoco.h,849,,missing public entry,no public mapping recorded,pending,pending,implement public subsystem; recovered compiler address passes/native plugin callbacks are only a subset
mjv_makeScene,function,visualization,mujoco.h,831,,missing public entry,no public mapping recorded,pending,pending,implement public subsystem; recovered compiler address passes/native plugin callbacks are only a subset
mjv_model2room,function,visualization,mujoco.h,754,,missing public entry,no public mapping recorded,pending,pending,implement public subsystem; recovered compiler address passes/native plugin callbacks are only a subset
mjv_moveCamera,function,visualization,mujoco.h,772,,missing public entry,no public mapping recorded,pending,pending,implement public subsystem; recovered compiler address passes/native plugin callbacks are only a subset
mjv_moveModel,function,visualization,mujoco.h,779,,missing public entry,no public mapping recorded,pending,pending,implement public subsystem; recovered compiler address passes/native plugin callbacks are only a subset
mjv_movePerturb,function,visualization,mujoco.h,775,,missing public entry,no public mapping recorded,pending,pending,implement public subsystem; recovered compiler address passes/native plugin callbacks are only a subset
mjv_room2model,function,visualization,mujoco.h,750,,missing public entry,no public mapping recorded,pending,pending,implement public subsystem; recovered compiler address passes/native plugin callbacks are only a subset
mjv_select,function,visualization,mujoco.h,802,,missing public entry,no public mapping recorded,pending,pending,implement public subsystem; recovered compiler address passes/native plugin callbacks are only a subset
mjv_updateCamera,function,visualization,mujoco.h,852,,missing public entry,no public mapping recorded,pending,pending,implement public subsystem; recovered compiler address passes/native plugin callbacks are only a subset
mjv_updateScene,function,visualization,mujoco.h,837,,missing public entry,no public mapping recorded,pending,pending,implement public subsystem; recovered compiler address passes/native plugin callbacks are only a subset
mjv_updateSkin,function,visualization,mujoco.h,855,,missing public entry,no public mapping recorded,pending,pending,implement public subsystem; recovered compiler address passes/native plugin callbacks are only a subset
