create SUCCESS
reset_qpos 0.00000000000000000E+00 0.00000000000000000E+00 0.00000000000000000E+00 0.00000000000000000E+00 0.00000000000000000E+00 0.00000000000000000E+00 0.00000000000000000E+00 0.00000000000000000E+00 0.00000000000000000E+00 0.00000000000000000E+00 0.00000000000000000E+00 0.00000000000000000E+00
reset_qvel 0.00000000000000000E+00 0.00000000000000000E+00 0.00000000000000000E+00 0.00000000000000000E+00 0.00000000000000000E+00 0.00000000000000000E+00 0.00000000000000000E+00 0.00000000000000000E+00 0.00000000000000000E+00 0.00000000000000000E+00 0.00000000000000000E+00 0.00000000000000000E+00
forward SUCCESS
forward_clamped -1.00000000000000000E+00
qacc 6.80165864797852127E+00 5.66498119032832381E+00 -5.17436505759799115E+00 -6.93597635463366746E+00 7.08726045958779416E-01 7.63786468418592435E-01 9.66597283577953270E-01 -1.64843660638716472E-01 -1.22217076474129760E+00 5.77701610345082273E-01 -1.60361696432272582E+00 -8.40470955339747139E-01
act_dot
mass 2.76300000000000061E+01 6.57425483109715625E+00 9.21104067812794725E+00 6.82747048339185092E+00 5.34968322561663179E+00 1.84736984372786939E+00 -6.08351354478682538E+00 -2.16909762345412460E+00 -2.17185013882019362E+00 7.85038804072888396E-01 -6.12201299465895410E-01 -1.21786203742031515E-01 6.57425483109715625E+00 2.21165552502441152E+01 1.65932442088314716E+01 -1.01600433311988283E+01 1.94320247720008954E+00 -2.73098418847462909E+00 -3.11229769301910197E+00 -3.67191073724639860E+00 -1.79372320198231794E+00 7.83926002628697560E+00 6.99722116154298579E-01 5.38876156468704015E-01 9.21104067812794725E+00 1.65932442088314716E+01 1.60706554939067949E+01 -4.74309003075189661E+00 5.93384092210281899E+00 8.29045867394607283E-01 -5.70832968910448990E+00 -3.21254587661791513E+00 -2.44780420800080423E+00 4.92200866783337254E+00 -3.97347101237951333E-02 2.51088246318337260E-01 6.82747048339185092E+00 -1.01600433311988283E+01 -4.74309003075189661E+00 2.07300000000000040E+01 2.65962148648869245E+00 3.06450037734550351E+00 4.55164698892789410E+00 2.85841235982503883E-01 -9.41527879598744510E-01 -3.04175677239341002E+00 -9.92748249775519120E-01 -3.87019149590914602E-01 5.34968322561663179E+00 1.94320247720008954E+00 5.93384092210281899E+00 2.65962148648869245E+00 7.47474102388007555E+00 4.96511673615872429E+00 -4.06149024090310640E+00 -3.89057314598553305E-01 -1.55962208499547028E+00 -4.26606390166233196E-01 -9.29939808118123268E-01 -2.79197216001355386E-01 1.84736984372786939E+00 -2.73098418847462909E+00 8.29045867394607283E-01 3.06450037734550351E+00 4.96511673615872429E+00 4.85175384490138839E+00 -1.77168339973573441E+00 1.06626386235929238E+00 -4.37705207542861685E-01 -1.67206834537982640E+00 -8.81265011764484463E-01 -3.79204740361214321E-01 -6.08351354478682538E+00 -3.11229769301910197E+00 -5.70832968910448990E+00 4.55164698892789410E+00 -4.06149024090310640E+00 -1.77168339973573441E+00 1.38300000000000036E+01 6.66492447312540981E-01 4.42738638259950967E-01 2.27582349446394927E+00 -3.90286673466146483E-01 -2.93156299800039377E-01 -2.16909762345412460E+00 -3.67191073724639860E+00 -3.21254587661791513E+00 2.85841235982503883E-01 -3.89057314598553305E-01 1.06626386235929238E+00 6.66492447312540981E-01 2.30719056320325677E+00 1.49355435712494877E+00 -1.28011638052343102E+00 -1.32944716721139639E-02 -1.58145234669154811E-01 -2.17185013882019362E+00 -1.79372320198231794E+00 -2.44780420800080423E+00 -9.41527879598744510E-01 -1.55962208499547028E+00 -4.37705207542861685E-01 4.42738638259950967E-01 1.49355435712494877E+00 1.83445748249606289E+00 -5.14181742371049744E-01 5.10884362818915361E-01 7.99691328684155045E-02 7.85038804072888396E-01 7.83926002628697560E+00 4.92200866783337254E+00 -3.04175677239341002E+00 -4.26606390166233196E-01 -1.67206834537982640E+00 2.27582349446394927E+00 -1.28011638052343102E+00 -5.14181742371049744E-01 6.93000000000000060E+00 8.06004968944103450E-02 -1.38484472049690693E-02 -6.12201299465895410E-01 6.99722116154298579E-01 -3.97347101237951333E-02 -9.92748249775519120E-01 -9.29939808118123268E-01 -8.81265011764484463E-01 -3.90286673466146483E-01 -1.32944716721139639E-02 5.10884362818915361E-01 8.06004968944103450E-02 1.03707571063698412E+00 4.61165772869271628E-01 -1.21786203742031515E-01 5.38876156468704015E-01 2.51088246318337260E-01 -3.87019149590914602E-01 -2.79197216001355386E-01 -3.79204740361214321E-01 -2.93156299800039377E-01 -1.58145234669154811E-01 7.99691328684155045E-02 -1.38484472049690693E-02 4.61165772869271628E-01 5.23689885883347861E-01
gravity 1.34028091875184288E+02 1.56650279330353641E+02 1.11931660307291637E+02 -1.20469837426246940E+02 6.85773233668423110E+00 -2.18136267956298973E+01 -5.03698185966500347E+01 -2.25225709320362029E+01 -1.04207934069084516E+01 5.07237605393516375E+01 2.55548572645600025E+00 1.57929229265966509E+00
bias 0.00000000000000000E+00 0.00000000000000000E+00 0.00000000000000000E+00 0.00000000000000000E+00 0.00000000000000000E+00 0.00000000000000000E+00 0.00000000000000000E+00 0.00000000000000000E+00 0.00000000000000000E+00 0.00000000000000000E+00 0.00000000000000000E+00 0.00000000000000000E+00
passive 0.00000000000000000E+00 -0.00000000000000000E+00 -0.00000000000000000E+00 -0.00000000000000000E+00 -0.00000000000000000E+00 0.00000000000000000E+00 -0.00000000000000000E+00 -0.00000000000000000E+00 0.00000000000000000E+00 0.00000000000000000E+00 -0.00000000000000000E+00 0.00000000000000000E+00
actuation 0.00000000000000000E+00 0.00000000000000000E+00 0.00000000000000000E+00 0.00000000000000000E+00 0.00000000000000000E+00 0.00000000000000000E+00 0.00000000000000000E+00 0.00000000000000000E+00 0.00000000000000000E+00 0.00000000000000000E+00 0.00000000000000000E+00 0.00000000000000000E+00
length
velocity
force
position 0.00000000000000000E+00 0.00000000000000000E+00 0.00000000000000000E+00
quaternion 1.00000000000000000E+00 0.00000000000000000E+00 0.00000000000000000E+00 0.00000000000000000E+00
position 1.49999999999999994E-01 -7.00000000000000067E-02 2.00000000000000011E-01
quaternion 9.69087423704698026E-01 1.07676380411633119E-01 -2.15352760823266237E-01 5.38381902058165593E-02
position 2.14608695652173886E-01 -1.75652173913043497E-01 4.28173913043478294E-01
quaternion 8.78260869565217317E-01 2.08695652173913032E-01 -4.17391304347826064E-01 1.04347826086956516E-01
position 1.96182230623818538E-01 -3.27406427221172025E-01 6.38009829867674849E-01
quaternion 7.33135703150510798E-01 2.96812283395545162E-01 -5.93624566791090325E-01 1.48406141697772581E-01
position 1.17294005095750747E-01 -5.24487811292841277E-01 7.87460744637133225E-01
quaternion 5.42684310018903715E-01 3.66578449905482051E-01 -7.33156899810963991E-01 1.83289224952741026E-01
position 1.52385435443697786E-02 -7.55085206527992714E-01 8.49182086799289637E-01
quaternion 3.18681376611851253E-01 4.13680847813585384E-01 -8.27361695627170657E-01 2.06840423906792664E-01
position -6.70489112178142693E-02 -9.99227073217198059E-01 8.17189529566836548E-01
quaternion 7.49759184679873042E-02 4.35207364181803336E-01 -8.70414728363606449E-01 2.17603682090901612E-01
position -9.14461962921827021E-02 -1.23364408729699870E+00 7.08316043396370887E-01
quaternion -1.73364937275780673E-01 4.29827118850926726E-01 -8.59654237701853008E-01 2.14913559425463224E-01
position -3.39261466171500853E-02 -1.43743471490448638E+00 5.58113433616354127E-01
quaternion -4.10987479318612958E-01 3.97872746309511749E-01 -7.95745492619022943E-01 1.98936373154755680E-01
position 1.09593312669014717E-01 -1.59715428149175143E+00 4.12196248694964185E-01
quaternion -6.23200657739744202E-01 3.41319830515868339E-01 -6.82639661031736233E-01 1.70659915257933947E-01
position 3.22255269740115036E-01 -1.71008845780276397E+00 3.15135629308713527E-01
quaternion -7.96884360401550973E-01 2.63664764118382244E-01 -5.27329528236764378E-01 1.31832382059190928E-01
position 5.70368117657100493E-01 -1.78491414004005988E+00 2.99607204525558557E-01
quaternion -9.21300565884465628E-01 1.69708583446511463E-01 -3.39417166893023092E-01 8.48542917232555649E-02
position 8.11608728231487442E-01 -1.83958681426760218E+00 3.78435286466615506E-01
quaternion -9.88757223299763455E-01 6.52601437071249207E-02 -1.30520287414250119E-01 3.26300718535623563E-02
unchanged_qpos 0.00000000000000000E+00 0.00000000000000000E+00 0.00000000000000000E+00 0.00000000000000000E+00 0.00000000000000000E+00 0.00000000000000000E+00 0.00000000000000000E+00 0.00000000000000000E+00 0.00000000000000000E+00 0.00000000000000000E+00 0.00000000000000000E+00 0.00000000000000000E+00
unchanged_qvel -0.00000000000000000E+00 0.00000000000000000E+00 0.00000000000000000E+00 0.00000000000000000E+00 0.00000000000000000E+00 -0.00000000000000000E+00 0.00000000000000000E+00 0.00000000000000000E+00 -0.00000000000000000E+00 -0.00000000000000000E+00 0.00000000000000000E+00 -0.00000000000000000E+00
unchanged_time 1.25000000000000000E-01
act
step SUCCESS
step_clamped -1.00000000000000000E+00
qpos 1.36108481739309506E-01 1.07087180273184340E-01 -9.40688232320576606E-02 -1.41093650485380390E-01 9.92476593057311715E-03 1.57415597345929477E-02 1.46883355438820369E-02 -2.36881208626254537E-03 -2.36826292937873939E-02 9.09404792133158835E-03 -3.13907440444341976E-02 -1.67866515578771920E-02
qvel 1.33781452497304176E+00 9.97936085430275233E-01 -8.46905106640661876E-01 -1.40757985222746629E+00 6.89550854816093628E-02 1.53897971667421141E-01 9.98613969615702590E-02 -1.52895978878933685E-02 -2.25182972411852922E-01 6.69562765776616220E-02 -3.01620851137742951E-01 -1.64239761853102739E-01
time 3.25000000000000178E-01
reset_qpos 0.00000000000000000E+00 0.00000000000000000E+00 0.00000000000000000E+00 0.00000000000000000E+00 0.00000000000000000E+00 0.00000000000000000E+00 0.00000000000000000E+00 0.00000000000000000E+00 0.00000000000000000E+00 0.00000000000000000E+00 0.00000000000000000E+00 0.00000000000000000E+00
reset_qvel 0.00000000000000000E+00 0.00000000000000000E+00 0.00000000000000000E+00 0.00000000000000000E+00 0.00000000000000000E+00 0.00000000000000000E+00 0.00000000000000000E+00 0.00000000000000000E+00 0.00000000000000000E+00 0.00000000000000000E+00 0.00000000000000000E+00 0.00000000000000000E+00
forward SUCCESS
forward_clamped -1.00000000000000000E+00
qacc 7.09645413016636084E+00 2.89583081739706039E+00 -1.99179447973111845E+00 -8.49530379694064663E+00 7.05525308817110641E+00 -9.98911515255112192E+00 2.11375240042950852E+00 1.47407303729081995E+00 6.43172376475767038E+00 3.29077247569054343E+00 5.94643337259647353E-01 -6.76065254147154793E+00
act_dot
mass 2.76300000000000061E+01 4.96591194204848030E+00 6.93799019115335636E+00 8.35288895391044406E+00 4.56658866612948700E+00 -8.08783781178634698E-03 -4.85341946975323957E-01 -3.61404634455248353E+00 -2.59327455992632405E+00 4.20006364297406964E+00 -4.28210497465857431E-01 -6.40964691241977247E-02 4.96591194204848030E+00 1.94278042378861073E+01 1.58969127470603127E+01 -9.12835488586788912E+00 3.86423275041148440E+00 -7.29361193344905456E-01 -3.18659145248481845E+00 -4.53789701806205648E-01 8.71308735755254360E-01 6.43175407610616379E+00 1.43141969211150544E+00 8.32468187245451907E-01 6.93799019115335636E+00 1.58969127470603127E+01 1.60877772150155067E+01 -4.42459109893329217E+00 6.16488518418448272E+00 5.63162168078131797E-01 -3.91436818704821210E+00 -2.11127141263765816E+00 -9.60804794735565570E-01 5.86216698726440733E+00 6.82734740421606423E-01 5.62707681831473461E-01 8.35288895391044406E+00 -9.12835488586788912E+00 -4.42459109893329217E+00 2.07300000000000004E+01 1.92001673550420215E+00 1.28203246308517893E+00 5.02531057938129777E+00 -2.57660791477734374E+00 -2.85421967015834976E+00 -1.20489746558356270E+00 -1.11535413699635266E+00 -4.20789744968692703E-01 4.56658866612948700E+00 3.86423275041148440E+00 6.16488518418448272E+00 1.92001673550420215E+00 5.66942007930296121E+00 2.74816829646943495E+00 -1.71131935989472295E+00 -1.23883171388370505E+00 -1.40699041450595086E+00 2.12244479560929467E+00 -3.91699275297752114E-01 -3.65286455025283091E-02 -8.08783781178634698E-03 -7.29361193344905456E-01 5.63162168078131797E-01 1.28203246308517893E+00 2.74816829646943495E+00 2.88160878761462635E+00 -8.08332464943539053E-01 5.28799364954546824E-01 -2.49256865321736604E-01 -2.25846117514067912E-01 -4.49157371358648749E-01 -1.91731697203725598E-01 -4.85341946975323957E-01 -3.18659145248481845E+00 -3.91436818704821210E+00 5.02531057938129777E+00 -1.71131935989472295E+00 -8.08332464943539053E-01 1.38300000000000018E+01 -7.37801746391826274E-02 -6.00237624902522748E-01 2.60309703169682827E+00 -5.85833432571476909E-01 -2.51633110703312513E-01 -3.61404634455248353E+00 -4.53789701806205648E-01 -2.11127141263765816E+00 -2.57660791477734374E+00 -1.23883171388370505E+00 5.28799364954546824E-01 -7.37801746391826274E-02 2.93064070978990943E+00 2.23293664063911068E+00 -9.73791330732061700E-01 3.41097415862140374E-01 -5.50300818576537898E-03 -2.59327455992632405E+00 8.71308735755254360E-01 -9.60804794735565570E-01 -2.85421967015834976E+00 -1.40699041450595086E+00 -2.49256865321736604E-01 -6.00237624902522748E-01 2.23293664063911068E+00 2.50722488047469172E+00 -5.15956728157395572E-01 7.37534957486747134E-01 1.76059467326039082E-01 4.20006364297406964E+00 6.43175407610616379E+00 5.86216698726440733E+00 -1.20489746558356270E+00 2.12244479560929467E+00 -2.25846117514067912E-01 2.60309703169682827E+00 -9.73791330732061700E-01 -5.15956728157395572E-01 6.93000000000000060E+00 8.81229534905241391E-02 1.05612537982919863E-01 -4.28210497465857431E-01 1.43141969211150544E+00 6.82734740421606423E-01 -1.11535413699635266E+00 -3.91699275297752114E-01 -4.49157371358648749E-01 -5.85833432571476909E-01 3.41097415862140374E-01 7.37534957486747134E-01 8.81229534905241391E-02 1.09416724721399317E+00 4.83545297245451255E-01 -6.40964691241977247E-02 8.32468187245451907E-01 5.62707681831473461E-01 -4.20789744968692703E-01 -3.65286455025283091E-02 -1.91731697203725598E-01 -2.51633110703312513E-01 -5.50300818576537898E-03 1.76059467326039082E-01 1.05612537982919863E-01 4.83545297245451255E-01 5.23689885883347861E-01
gravity 1.34028091875184288E+02 1.13470591945182036E+02 8.19925624122741254E+01 -1.06980410358289632E+02 1.37740742877843676E+01 -1.65162657712668057E+01 -3.37141678717903259E+00 -6.87136608660381043E+00 3.27567369814137521E+00 6.05275074141590110E+01 5.28039773799949153E+00 2.76439162882332212E+00
bias -1.48386631382283039E+01 -7.32733701029320201E+01 -5.53869262265880380E+01 3.99066527502743753E+01 -6.30492947415533500E+00 9.45368702073202449E+00 1.28385846856493497E+01 -7.54683071989220444E+00 -1.53257226688737358E+01 -2.63211403196745906E+01 -6.87860349279717731E+00 -1.84270352559846362E+00
passive 4.41129568936321770E-02 -1.74974703134616161E-01 -1.09014366374132643E-01 -1.01667393031015185E-01 8.60128618283633184E-02 -2.52105658450077819E-01 -2.14461384241591585E-01 -3.30997057803522454E-01 2.73532939650572127E-01 4.90470924172847766E-02 4.35726725627537781E-01 -5.14225529350685884E-01
actuation 0.00000000000000000E+00 0.00000000000000000E+00 0.00000000000000000E+00 0.00000000000000000E+00 0.00000000000000000E+00 0.00000000000000000E+00 0.00000000000000000E+00 0.00000000000000000E+00 0.00000000000000000E+00 0.00000000000000000E+00 0.00000000000000000E+00 0.00000000000000000E+00
length
velocity
force
position 0.00000000000000000E+00 0.00000000000000000E+00 0.00000000000000000E+00
quaternion 1.00000000000000000E+00 0.00000000000000000E+00 0.00000000000000000E+00 0.00000000000000000E+00
position 1.88467877697566399E-01 -1.29423823624613202E-02 1.60795894978078280E-01
quaternion 9.69087423704698026E-01 1.07676380411633119E-01 -2.15352760823266237E-01 5.38381902058165593E-02
position 2.43468767961900950E-01 -1.10160993653996175E-01 4.10012646100505251E-01
quaternion 9.04409086251004468E-01 2.77253919153038986E-01 -3.22154925715115392E-01 3.72917264066972287E-02
position 3.09107665847761004E-01 -3.05023434456744458E-01 5.66461907205110027E-01
quaternion 6.73022893592457261E-01 1.66682105052030349E-01 -7.06176447895796255E-01 1.43429721442717706E-01
position 2.37042084537316317E-01 1.33587022126613442E-01 1.07569943884135211E+00
quaternion 4.74471251987473697E-01 2.26866925454866891E-01 -8.22813922431967493E-01 2.15373346132280652E-01
position 7.56989868207904593E-02 -6.21196282524034138E-02 1.12698207864162381E+00
quaternion 2.38966334593641055E-01 2.65279902918312271E-01 -8.93697408942440985E-01 2.71710517441078270E-01
position -4.18348273937334258E-02 -2.86982782762451316E-01 1.10630748120582667E+00
quaternion -7.10268527320949417E-02 2.35189665017036836E-01 -9.30194119185170698E-01 2.72726801567927502E-01
position 1.95561667771430664E-01 -6.89222118447933796E-01 9.66811669709049415E-01
quaternion -3.09158590652388876E-01 2.28923933890238185E-01 -8.69439544763526917E-01 3.09983348455102614E-01
position 2.39377344305987838E-01 -9.06717034520056808E-01 8.33447915534696215E-01
quaternion -5.34779826529440228E-01 2.05356341674953397E-01 -7.54588916593894932E-01 3.20054490711618622E-01
position 3.53931913562592348E-01 -1.11679364309968721E+00 7.48487029995374864E-01
quaternion -7.85782977766979362E-01 1.52601352351999259E-01 -5.64488433570387915E-01 2.01521084448376631E-01
position 4.83881027069187009E-01 -1.09421492359351324E+00 3.61482842930065440E-01
quaternion -9.10337635879589602E-01 7.62808708141392011E-02 -3.64334827813345030E-01 1.80905363909467515E-01
position 6.94319558753659027E-01 -1.22493296532224982E+00 4.22390742385742146E-01
quaternion -9.91694433028468714E-01 1.44517053104508790E-02 -1.00097515255668332E-01 7.94593427710363759E-02
position 8.83692526294213687E-01 -1.29522314242973668E+00 6.24538356844011600E-01
quaternion -9.66532116792569562E-01 -1.66302347069228917E-01 -1.33457528742046121E-02 1.94887371186438813E-01
unchanged_qpos 7.91979241874202211E-02 2.75539151589751841E-01 -5.98958365111996294E-01 7.05352230366452559E-01 -2.44521003183001406E-02 -2.04278055295536554E-01 -3.43038629601685963E-01 -2.17224536761563281E-02 -2.76360211293413593E-01 4.01588031193672590E-01 -1.68783850603551167E-01 4.63515833931055221E-01
unchanged_qvel -3.78960632843001299E-01 3.23795212493577012E-01 1.74298856209465569E+00 -9.02367495577829359E-01 -3.81160108505216311E-01 1.66908440284146220E+00 1.75838418041132982E+00 1.69843019636992487E+00 -8.14944275666033224E-01 -1.04841152447376906E+00 -1.84106592693058646E+00 1.64409597889131875E+00
unchanged_time 1.25000000000000000E-01
act
step SUCCESS
step_clamped -1.00000000000000000E+00
qpos 7.84683899879289465E-02 2.76198317311373842E-01 -5.95480331897933035E-01 7.03513516364356661E-01 -2.51862500317830973E-02 -2.00979796237880870E-01 -3.39513406643613513E-01 -1.83196997457985601E-02 -2.77964381863620991E-01 3.99504373550136904E-01 -1.72463614305055468E-01 4.66777019092800505E-01
qvel -3.64767099745636925E-01 3.29582860810998246E-01 1.73901660703164329E+00 -9.19357001047941269E-01 -3.67074856741478661E-01 1.64912952882783670E+00 1.76261147903622550E+00 1.70137696517888459E+00 -8.02085285103703360E-01 -1.04182882176783087E+00 -1.83988185075215438E+00 1.63059258087263514E+00
time 1.27000000000000002E-01
reset_qpos 0.00000000000000000E+00 0.00000000000000000E+00 0.00000000000000000E+00 0.00000000000000000E+00 0.00000000000000000E+00 0.00000000000000000E+00 0.00000000000000000E+00 0.00000000000000000E+00 0.00000000000000000E+00 0.00000000000000000E+00 0.00000000000000000E+00 0.00000000000000000E+00
reset_qvel 0.00000000000000000E+00 0.00000000000000000E+00 0.00000000000000000E+00 0.00000000000000000E+00 0.00000000000000000E+00 0.00000000000000000E+00 0.00000000000000000E+00 0.00000000000000000E+00 0.00000000000000000E+00 0.00000000000000000E+00 0.00000000000000000E+00 0.00000000000000000E+00
forward SUCCESS
forward_clamped -1.00000000000000000E+00
qacc 8.72358049274271785E+00 2.91302086536232085E+00 -7.75461174393176833E+00 -7.54553979932164864E+00 3.89486177845314163E+00 -3.30777058024290493E+00 2.50402693538029819E+00 -7.17831339732117879E-01 -5.39680203407936521E+00 1.00901423665477186E+00 -4.97433580247617257E+00 -2.00657545867709786E-01
act_dot
mass 2.76300000000000061E+01 3.66417810624571239E-01 9.31567951354242751E-01 1.06466228364999154E+01 1.99371124018966195E+00 9.76015344946161267E-01 -1.86015186227647966E+00 -3.31725199297262185E-01 -1.21651134807303807E+00 -1.84739110948301066E+00 -8.30707264586413419E-01 -1.54377973152228481E-01 3.66417810624571239E-01 1.29263605590327426E+01 1.14554364868558096E+01 -7.40339115483591215E+00 3.02127136700154608E+00 -5.19183224399432985E-01 -7.45150864189495810E+00 -2.57860196785491036E+00 -2.08947840895130499E+00 2.45194183892638140E+00 -9.95394512173723711E-02 2.34837657205369865E-01 9.31567951354242751E-01 1.14554364868558096E+01 1.28694711079977218E+01 -4.53174251250814564E+00 6.28220558828654418E+00 2.48009477081492635E+00 -9.26863353866563422E+00 -1.86390558946518348E+00 -2.17918355957580623E+00 -4.94645266008690854E-02 -4.91619867471438099E-01 7.83014710601190600E-02 1.06466228364999154E+01 -7.40339115483591215E+00 -4.53174251250814564E+00 2.07300000000000111E+01 2.87824585352892104E+00 3.67200703408705742E+00 4.32111457483138750E+00 1.88802371648399614E+00 4.54230337520776795E-01 -5.13045104569107213E+00 -4.71066489140699762E-01 -1.12056167736679951E-01 1.99371124018966195E+00 3.02127136700154608E+00 6.28220558828654418E+00 2.87824585352892104E+00 8.12285381259959749E+00 6.29867193829604233E+00 -4.89782008390879220E+00 1.04756782930851289E+00 -6.73230777997860796E-01 -3.14481247447985002E+00 -8.83351915631760742E-01 -2.33558950428902623E-01 9.76015344946161267E-01 -5.19183224399432985E-01 2.48009477081492635E+00 3.67200703408705742E+00 6.29867193829604233E+00 6.29230306869112699E+00 -2.23738910469388719E+00 2.07444100506719220E+00 2.34726439201508930E-01 -3.36531571450602396E+00 -7.87756530994266235E-01 -3.10257203938024029E-01 -1.86015186227647966E+00 -7.45150864189495810E+00 -9.26863353866563422E+00 4.32111457483138750E+00 -4.89782008390879220E+00 -2.23738910469388719E+00 1.38299999999999983E+01 9.78998871612579258E-01 8.83318328302306055E-01 2.07534983515091653E+00 -3.51576147355615265E-01 -3.63138966847236677E-01 -3.31725199297262185E-01 -2.57860196785491036E+00 -1.86390558946518348E+00 1.88802371648399614E+00 1.04756782930851289E+00 2.07444100506719220E+00 9.78998871612579258E-01 2.38323930417965490E+00 1.44138721047912721E+00 -1.26842945164718124E+00 -4.01079758566793565E-02 -1.19100114781915192E-01 -1.21651134807303807E+00 -2.08947840895130499E+00 -2.17918355957580623E+00 4.54230337520776795E-01 -6.73230777997860796E-01 2.34726439201508930E-01 8.83318328302306055E-01 1.44138721047912721E+00 1.67400982691445654E+00 -3.81228319646429892E-01 4.36022616279706787E-01 7.29688724474717026E-02 -1.84739110948301066E+00 2.45194183892638140E+00 -4.94645266008690854E-02 -5.13045104569107213E+00 -3.14481247447985002E+00 -3.36531571450602396E+00 2.07534983515091653E+00 -1.26842945164718124E+00 -3.81228319646429892E-01 6.93000000000000327E+00 -6.78652522520476892E-02 -2.03486332470270259E-01 -8.30707264586413419E-01 -9.95394512173723711E-02 -4.91619867471438099E-01 -4.71066489140699762E-01 -8.83351915631760742E-01 -7.87756530994266235E-01 -3.51576147355615265E-01 -4.01079758566793565E-02 4.36022616279706787E-01 -6.78652522520476892E-02 9.79167146168707814E-01 4.32042316260491777E-01 -1.54377973152228481E-01 2.34837657205369865E-01 7.83014710601190600E-02 -1.12056167736679951E-01 -2.33558950428902623E-01 -3.10257203938024029E-01 -3.63138966847236677E-01 -1.19100114781915192E-01 7.29688724474717026E-02 -2.03486332470270259E-01 4.32042316260491777E-01 5.23689885883347528E-01
gravity 1.34028091875184288E+02 8.90001140609784747E-01 -3.27206033973100432E+01 -4.19631628678688600E+01 -4.74506829974421649E+01 -4.36652862852872516E+01 4.02411557560753508E+01 -1.53070971814239254E+01 -1.13578993991502255E+01 4.70114032745090427E+01 -7.09919277877966337E+00 -3.32513774117779803E+00
bias -2.85925432697628423E+01 -1.72564132568984228E+01 -1.74701426589069229E+01 4.58972433074805508E+00 -6.20745106237091360E+00 1.50293225576345280E-01 1.70963039615373127E+01 5.28839029289896967E+00 6.12950114912354049E+00 2.51952195125283041E+00 1.80607406737837839E+00 4.29540087766272283E-01
passive 5.06288495428040775E-01 2.33534190642059741E-01 3.69827406410334625E-02 -3.15347258341055092E-01 -4.16050036789340494E-01 1.31339052829126279E-01 -4.01365979536891015E-01 -2.69239647705863228E-01 2.89701684585628283E-01 -2.87309205751576813E-01 -6.29155711401635370E-02 6.37391631868210184E-02
actuation 0.00000000000000000E+00 0.00000000000000000E+00 0.00000000000000000E+00 0.00000000000000000E+00 0.00000000000000000E+00 0.00000000000000000E+00 0.00000000000000000E+00 0.00000000000000000E+00 0.00000000000000000E+00 0.00000000000000000E+00 0.00000000000000000E+00 0.00000000000000000E+00
length
velocity
force
position 0.00000000000000000E+00 0.00000000000000000E+00 0.00000000000000000E+00
quaternion 1.00000000000000000E+00 0.00000000000000000E+00 0.00000000000000000E+00 0.00000000000000000E+00
position -1.78737597767636508E-01 -5.57601221569221650E-01 5.35029226433045624E-01
quaternion 9.69087423704698026E-01 1.07676380411633119E-01 -2.15352760823266237E-01 5.38381902058165593E-02
position -8.99903242735822922E-02 -6.81170852430149187E-01 7.39159286669245241E-01
quaternion 8.03886709415774003E-01 9.35513848118673663E-02 -5.50368133527907255E-01 2.05205298229525407E-01
position -1.41626315208904785E-01 -7.96978403977837035E-01 9.60791048218449961E-01
quaternion 4.92190491177773248E-01 5.01303728008034577E-02 -8.05232267516298950E-01 3.26858473146397877E-01
position -3.99917940389590776E-01 -5.85164222393951050E-01 1.13162331092104362E+00
quaternion 2.80571297414289489E-01 1.28615631002083897E-01 -8.53839035988016248E-01 4.19161862712071509E-01
position -5.83142089788668994E-01 -7.94142104705218843E-01 1.14379133193852534E+00
quaternion 1.90440562636262523E-01 2.72973285450459902E-01 -7.80262071522257128E-01 5.29536662826061377E-01
position -6.54903583360115560E-01 -1.02949252537484703E+00 1.21634234133950647E+00
quaternion -7.94092551771946598E-02 3.41286886805700573E-01 -7.74769756251255548E-01 5.26259684837292019E-01
position -1.01487788301368709E+00 -1.19433566177009109E+00 1.10574545557391124E+00
quaternion -3.08884722192169225E-01 3.93805603246992819E-01 -6.95427155019267773E-01 5.15643721293438939E-01
position -8.85443896439232492E-01 -1.44625588213905742E+00 1.08543084845803306E+00
quaternion -3.82247724403790123E-01 4.26624113704284880E-01 -5.18658419143134597E-01 6.34721976180202763E-01
position -7.35207790099999481E-01 -1.64837988437945837E+00 1.18568538097930309E+00
quaternion -4.95609955393528256E-01 4.59712617893993702E-01 -3.43992356269507804E-01 6.51693440117382061E-01
position -5.62101127519707866E-01 -1.72010339640867072E+00 1.41008429353167442E+00
quaternion -6.38955264568757730E-01 5.13960286060191951E-01 -1.81205798718179351E-01 5.42904644245839396E-01
position -3.99472511950418441E-01 -1.75726662903301278E+00 1.60361414776670363E+00
quaternion -7.54159539828575864E-01 5.64943891980584700E-01 -1.75176972745743516E-02 3.34327560457669426E-01
position -2.53147342132569286E-01 -1.71738742640675679E+00 1.81100146957772234E+00
quaternion -7.57664354601887524E-01 6.32740823941278840E-01 1.34569996651232815E-01 -8.64562981228310240E-02
unchanged_qpos -6.76807167534563270E-01 -4.32792015977369382E-01 -4.79587433773194183E-01 3.58049743905034301E-01 3.55294009420962453E-01 -1.01877586098389705E-01 4.04372334597260963E-01 4.38433217039538858E-01 2.41287532535944038E-01 -7.81137223233940858E-02 -1.47459876699080894E-01 -5.49525942688053437E-01
unchanged_qvel -1.17782814207107744E+00 -3.02086921255559915E-01 7.74261164341221164E-01 8.60636803895206803E-01 1.36966216510477778E+00 -4.52940091948851986E-01 1.19808522848993304E+00 4.69331804450238366E-01 -1.93108348800002938E+00 1.59277347340467212E+00 6.09497609098979432E-01 7.80356069442001754E-01
unchanged_time 1.25000000000000000E-01
act
step SUCCESS
step_clamped -1.00000000000000000E+00
qpos -6.79127929156176924E-01 -4.33384552299145631E-01 -4.78069901560380595E-01 3.59740837682633763E-01 3.58048881961553045E-01 -1.02796672471962350E-01 4.06778523943550796E-01 4.39368999169370111E-01 2.37403790733123454E-01 -7.49241365635210238E-02 -1.46260766354434690E-01 -5.47966040173632152E-01
qvel -1.16038081080684474E+00 -2.96268160888112864E-01 7.58766106406787211E-01 8.45546888799724727E-01 1.37743627029528581E+00 -4.59543186786322777E-01 1.20309467314491658E+00 4.67891064915627597E-01 -1.94187090141029373E+00 1.59479287993653029E+00 5.99555172323105734E-01 7.79951257210643956E-01
time 1.27000000000000002E-01
reset_qpos 0.00000000000000000E+00 0.00000000000000000E+00 0.00000000000000000E+00 0.00000000000000000E+00 0.00000000000000000E+00 0.00000000000000000E+00 0.00000000000000000E+00 0.00000000000000000E+00 0.00000000000000000E+00 0.00000000000000000E+00 0.00000000000000000E+00 0.00000000000000000E+00
reset_qvel 0.00000000000000000E+00 0.00000000000000000E+00 0.00000000000000000E+00 0.00000000000000000E+00 0.00000000000000000E+00 0.00000000000000000E+00 0.00000000000000000E+00 0.00000000000000000E+00 0.00000000000000000E+00 0.00000000000000000E+00 0.00000000000000000E+00 0.00000000000000000E+00
forward SUCCESS
forward_clamped -1.00000000000000000E+00
qacc 6.20109744074959846E+00 6.60691508678046446E+00 -5.68899053051029124E+00 -4.49114375291024448E+00 -2.18253713898897672E+00 2.67439521148928439E+00 1.35244427623353713E+00 -3.25794451213633973E+00 2.11178694362948516E+00 -2.01934049338627686E+00 1.16721751490051906E+00 -3.93062121219717264E+00
act_dot
mass 2.76300000000000061E+01 1.11078661369644465E+01 1.54979026279110421E+01 8.66899701165425896E+00 1.47316908479950825E+01 9.98837425843733229E+00 -7.00130247801961580E+00 1.76446945222248885E+00 -2.43817794548830069E-01 -3.38849901362971062E+00 -9.84200683711365598E-01 -3.17838717231036627E-01 1.11078661369644465E+01 5.55516185478303157E+01 4.75133579101822221E+01 -1.55927442393956781E+01 1.86096077907531381E+01 5.69258625093076809E+00 -8.99888472552222929E+00 -4.26787900199546844E+00 -4.30106019428020581E+00 8.29276487237477333E+00 -1.69931417155530573E+00 -5.20473670386875309E-01 1.54979026279110421E+01 4.75133579101822221E+01 4.59005820416176959E+01 -7.89711601832422261E+00 2.52713547650549586E+01 1.25651835545927995E+01 -9.94553679596323903E+00 -1.31799643041055203E+00 -3.42216513238904518E+00 4.34737549614781571E+00 -2.41073524158230468E+00 -8.71767725094149570E-01 8.66899701165425896E+00 -1.55927442393956781E+01 -7.89711601832422261E+00 2.07300000000000111E+01 4.79253845014798507E+00 6.36390782069867988E+00 4.26270367023328589E+00 3.36456560775124736E+00 1.48662402427163176E+00 -5.23613378680524377E+00 -3.12073594994788817E-01 -1.62330989712715118E-01 1.47316908479950825E+01 1.86096077907531381E+01 2.52713547650549586E+01 4.79253845014798507E+00 2.53538220393149913E+01 1.81583853806786450E+01 -6.25433638968484829E+00 4.01434563009949930E+00 -4.97346421621080115E-01 -2.65810008471624570E+00 -2.58004668831863970E+00 -1.13651124846469620E+00 9.98837425843733229E+00 5.69258625093076809E+00 1.25651835545927995E+01 6.36390782069867988E+00 1.81583853806786450E+01 1.53197849543677922E+01 -2.74105728959982020E+00 5.03723854889078826E+00 8.20365049822967318E-01 -3.61154106183869938E+00 -1.97769468750856037E+00 -9.83263329143094778E-01 -7.00130247801961580E+00 -8.99888472552222929E+00 -9.94553679596323903E+00 4.26270367023328589E+00 -6.25433638968484829E+00 -2.74105728959982020E+00 1.38300000000000001E+01 1.14119121747070729E+00 1.34351560516088853E+00 2.06680325379343977E+00 3.65023121297159747E-01 -5.55270318849996058E-02 1.76446945222248885E+00 -4.26787900199546844E+00 -1.31799643041055203E+00 3.36456560775124736E+00 4.01434563009949930E+00 5.03723854889078826E+00 1.14119121747070729E+00 3.79325750426893782E+00 1.88789987593011466E+00 -1.82676816267719389E+00 -3.79297056183859949E-01 -3.65518465065204246E-01 -2.43817794548830069E-01 -4.30106019428020581E+00 -3.42216513238904518E+00 1.48662402427163176E+00 -4.97346421621080115E-01 8.20365049822967318E-01 1.34351560516088853E+00 1.88789987593011466E+00 1.80899914126157979E+00 -6.71595247626238345E-01 3.31039258100204625E-01 -1.83207217276787349E-02 -3.38849901362971062E+00 8.29276487237477333E+00 4.34737549614781571E+00 -5.23613378680524377E+00 -2.65810008471624570E+00 -3.61154106183869938E+00 2.06680325379343977E+00 -1.82676816267719389E+00 -6.71595247626238345E-01 6.93000000000000060E+00 2.24719797139655147E-01 -1.64536102009096019E-02 -9.84200683711365598E-01 -1.69931417155530573E+00 -2.41073524158230468E+00 -3.12073594994788817E-01 -2.58004668831863970E+00 -1.97769468750856037E+00 3.65023121297159747E-01 -3.79297056183859949E-01 3.31039258100204625E-01 2.24719797139655147E-01 1.00630177379425256E+00 4.46788803064050943E-01 -3.17838717231036627E-01 -5.20473670386875309E-01 -8.71767725094149570E-01 -1.62330989712715118E-01 -1.13651124846469620E+00 -9.83263329143094778E-01 -5.55270318849996058E-02 -3.65518465065204246E-01 -1.83207217276787349E-02 -1.64536102009096019E-02 4.46788803064050943E-01 5.23689885883346751E-01
gravity 1.34028091875184288E+02 2.59515472785628276E+02 2.19949696958823836E+02 -7.11405485062879137E+01 9.60885285112433110E+01 4.23111175700971387E+01 -2.82506683850799831E+01 -5.31841383183864735E+00 -9.70287345728782924E+00 3.47758064013441199E+01 -7.29757639688520499E+00 -3.21041340979512846E+00
bias 3.04019211845363486E+01 7.34790261192928256E+01 8.17786503830745488E+01 1.08731478422283843E+01 6.91657137227208523E+01 5.13647021991305621E+01 1.70039308431420579E+01 1.65043250873814351E+01 2.62831454600861036E+00 1.32441549566612125E+01 -6.73724302071953218E+00 -3.11580443098537785E+00
passive 1.11727613233202155E-01 1.29729561076790151E-01 1.24244255462699821E-01 2.29789393714418116E-01 -6.67724076342346012E-02 -4.21587578377788097E-02 1.65326617419467414E-01 -3.93020371490189591E-01 -5.00632366066952716E-01 5.09453622681167229E-01 -2.77525744028893684E-01 2.98833884748379575E-02
actuation 0.00000000000000000E+00 0.00000000000000000E+00 0.00000000000000000E+00 0.00000000000000000E+00 0.00000000000000000E+00 0.00000000000000000E+00 0.00000000000000000E+00 0.00000000000000000E+00 0.00000000000000000E+00 0.00000000000000000E+00 0.00000000000000000E+00 0.00000000000000000E+00
length
velocity
force
position 0.00000000000000000E+00 0.00000000000000000E+00 0.00000000000000000E+00
quaternion 1.00000000000000000E+00 0.00000000000000000E+00 0.00000000000000000E+00 0.00000000000000000E+00
position 4.33380341756315013E-01 3.50324908825156323E-01 -8.88038889669621190E-02
quaternion 9.69087423704698026E-01 1.07676380411633119E-01 -2.15352760823266237E-01 5.38381902058165593E-02
position 5.43322708150982825E-01 2.12489018156490073E-01 1.07135619731965115E-01
quaternion 7.29929202535845700E-01 1.07235872442558652E-02 -6.27906655648765799E-01 2.69854767891881564E-01
position 3.62870969503382101E-01 1.45544413809323536E-01 3.14224420966527085E-01
quaternion 6.81557628527788228E-01 2.24519621210589687E-01 -6.19319576179164888E-01 3.18611677827869977E-01
position 3.16648112208070709E-01 -2.61558175198794263E-01 4.03331227585124075E-01
quaternion 4.85787809518161029E-01 3.26237659082178943E-01 -7.24730907339260821E-01 3.63791569263690717E-01
position 2.26189225815157380E-01 -4.88275714116029436E-01 5.03215984485148926E-01
quaternion 2.90974959297945535E-01 4.32124116110483014E-01 -7.55609420055082914E-01 3.97060103336150105E-01
position 1.94452813929001961E-01 -7.48569202631280461E-01 5.35513794639315144E-01
quaternion 8.41841724902980398E-02 5.17862786145555365E-01 -7.44963797086103718E-01 4.12019539413777336E-01
position 8.72764763479377703E-01 -1.06420866857592600E+00 3.91602395948190241E-01
quaternion -1.56792164274049961E-01 5.59541002961955414E-01 -7.23580363352924083E-01 3.72507101941209562E-01
position 1.00670712419906083E+00 -1.29440784978849210E+00 3.03031390748136675E-01
quaternion -2.93333509734102715E-01 6.05961085536306787E-01 -5.80693328383039775E-01 4.57779284431002742E-01
position 1.21476561320577026E+00 -1.47134581187418245E+00 2.95117728998070206E-01
quaternion -4.41789147655268333E-01 6.25468041841263145E-01 -4.32743529259412008E-01 4.75757412483921227E-01
position 1.72460740815357627E+00 -1.16506481774635828E+00 6.58426770009476581E-01
quaternion -6.14286873550112134E-01 6.37720500774853316E-01 -3.06672030519599126E-01 3.49165384270097523E-01
position 2.00505342129538633E+00 -1.15508976132751395E+00 7.17249460075563672E-01
quaternion -7.07754687847805597E-01 5.51316292975051692E-01 -1.23337684227296185E-01 4.24171501375504967E-01
position 2.17683889759755189E+00 -1.14870690001933218E+00 9.04179325032580028E-01
quaternion -7.93274183303544822E-01 5.90737761454523724E-01 3.74666859223755644E-02 1.42622630538726924E-01
unchanged_qpos 5.83425345143012475E-01 -7.33220579186834587E-01 4.21129852130839089E-01 -2.61466742540241270E-01 1.00973387601804077E-01 1.10889646964370314E-01 -6.43777765290215687E-01 3.91859405177336306E-01 2.77715132308438806E-01 -5.74733348289366952E-01 4.76402957751905332E-01 -2.68748958725115950E-01
unchanged_qvel -1.72548875645203559E+00 8.17793352989718336E-01 -1.46348098157517725E+00 -6.26013483491608014E-01 1.31915262967564839E-01 -1.09855047398466077E-02 4.60922443483094302E-01 1.18138304709627517E+00 1.94773156571788597E+00 -1.39780141682710246E+00 4.34822804640657701E-01 3.88080975076042112E-01
unchanged_time 1.25000000000000000E-01
act
step SUCCESS
step_clamped -1.00000000000000000E+00
qpos 5.79999171281538328E-01 -7.31558582447951578E-01 4.18180157116381956E-01 -2.62736734901886371E-01 1.01228488264388211E-01 1.10878355536924281E-01 -6.42850509832339156E-01 3.94209161523418783E-01 2.81619030265020942E-01 -5.77537026762352967E-01 4.77277261283577003E-01 -2.67988496102656626E-01
qvel -1.71308693073708729E+00 8.30998369441478646E-01 -1.47484750722856717E+00 -6.34996180822539613E-01 1.27550331292065861E-01 -5.64571372301371846E-03 4.63627728938292016E-01 1.17487817304123032E+00 1.95194897829107417E+00 -1.40183923649300657E+00 4.37151765835832762E-01 3.80231311229668301E-01
time 1.27000000000000002E-01
reset_qpos 0.00000000000000000E+00 0.00000000000000000E+00 0.00000000000000000E+00 0.00000000000000000E+00 0.00000000000000000E+00 0.00000000000000000E+00 0.00000000000000000E+00 0.00000000000000000E+00 0.00000000000000000E+00 0.00000000000000000E+00 0.00000000000000000E+00 0.00000000000000000E+00
reset_qvel 0.00000000000000000E+00 0.00000000000000000E+00 0.00000000000000000E+00 0.00000000000000000E+00 0.00000000000000000E+00 0.00000000000000000E+00 0.00000000000000000E+00 0.00000000000000000E+00 0.00000000000000000E+00 0.00000000000000000E+00 0.00000000000000000E+00 0.00000000000000000E+00
forward SUCCESS
forward_clamped -1.00000000000000000E+00
qacc 5.91275720956504891E+00 8.95900645092884318E+00 -8.26296033141622743E+00 -3.51536713798339662E+00 -1.56561918865386529E+00 3.85427976048500120E+00 6.14931412249746456E-01 -1.13483013748677974E+00 -1.31892119218686288E+00 2.99831267316854166E-01 -6.13101165274686721E-01 -4.70485004490372116E-01
act_dot
mass 2.76300000000000061E+01 8.20672911441514685E+00 8.71990956221185165E+00 1.03400061917991248E+01 1.71280580937733684E+00 -9.74382020863359899E-01 -1.19856799657304247E+00 -2.34497553078209231E+00 -1.23532833850402968E+00 4.26621730395845766E+00 2.02538530964235075E-01 1.83209408059248097E-01 8.20672911441514685E+00 2.79014275038427080E+01 1.80697270550813975E+01 -7.04648262220187327E+00 2.09429857465629876E+00 -9.17841205688283424E-01 4.47057151568495392E+00 5.34440219025631214E-01 1.50150960866290606E+00 8.52790061870223148E+00 1.48374231801028333E+00 8.42445443024780527E-01 8.71990956221185165E+00 1.80697270550813975E+01 1.48831947735225132E+01 -2.98863596539907528E+00 3.80462102686292569E+00 4.32113083767504069E-01 -1.13804456197055259E-02 -2.72999525910213758E-01 6.25638413011406103E-01 6.30767750951618567E+00 1.29970193512939680E+00 8.03211560106412703E-01 1.03400061917991248E+01 -7.04648262220187327E+00 -2.98863596539907528E+00 2.07300000000000075E+01 8.08604023581591558E-01 -8.83817080513285280E-02 4.92495577494205961E+00 -3.25491421850284590E+00 -3.16316245483858660E+00 8.63452528262252272E-01 -7.96254016863328307E-01 -2.46000867203158946E-01 1.71280580937733684E+00 2.09429857465629876E+00 3.80462102686292569E+00 8.08604023581591558E-01 4.11886150971823639E+00 2.67313605624550021E+00 -7.16530542181959662E-01 2.87999542997560087E-01 2.22211181075677722E-02 1.93302137553830611E+00 4.93792019170424923E-01 3.92981690169631193E-01 -9.74382020863359899E-01 -9.17841205688283424E-01 4.32113083767504069E-01 -8.83817080513285280E-02 2.67313605624550021E+00 2.91996149843289698E+00 -1.97784370725937464E-01 1.04770430372199463E+00 3.24776956476202250E-01 5.85216753155932690E-01 1.62680025160927805E-01 1.67225181163503961E-01 -1.19856799657304247E+00 4.47057151568495392E+00 -1.13804456197055259E-02 4.92495577494205961E+00 -7.16530542181959662E-01 -1.97784370725937464E-01 1.38300000000000036E+01 -8.05484572123217113E-01 -1.69459770831215906E+00 3.56224668768019415E+00 -8.65570798059005608E-01 -2.92288956254979970E-01 -2.34497553078209231E+00 5.34440219025631214E-01 -2.72999525910213758E-01 -3.25491421850284590E+00 2.87999542997560087E-01 1.04770430372199463E+00 -8.05484572123217113E-01 2.67042803659135197E+00 2.08082209850100863E+00 -4.37931361035397870E-01 4.03470615889754580E-01 8.34120657509764413E-02 -1.23532833850402968E+00 1.50150960866290606E+00 6.25638413011406103E-01 -3.16316245483858660E+00 2.22211181075677722E-02 3.24776956476202250E-01 -1.69459770831215906E+00 2.08082209850100863E+00 2.47482856080229929E+00 -4.55379327912626586E-01 7.31724371539559049E-01 1.90625714193995738E-01 4.26621730395845766E+00 8.52790061870223148E+00 6.30767750951618567E+00 8.63452528262252272E-01 1.93302137553830611E+00 5.85216753155932690E-01 3.56224668768019415E+00 -4.37931361035397870E-01 -4.55379327912626586E-01 6.92999999999999972E+00 2.82074573292137032E-02 1.13268268020216348E-01 2.02538530964235075E-01 1.48374231801028333E+00 1.29970193512939680E+00 -7.96254016863328307E-01 4.93792019170424923E-01 1.62680025160927805E-01 -8.65570798059005608E-01 4.03470615889754580E-01 7.31724371539559049E-01 2.82074573292137032E-02 1.10906004913326073E+00 4.88698205404535679E-01 1.83209408059248097E-01 8.42445443024780527E-01 8.03211560106412703E-01 -2.46000867203158946E-01 3.92981690169631193E-01 1.67225181163503961E-01 -2.92288956254979970E-01 8.34120657509764413E-02 1.90625714193995738E-01 1.13268268020216348E-01 4.88698205404535679E-01 5.23689885883347417E-01
gravity 1.34028091875184288E+02 1.93004756811543871E+02 1.10981925042102631E+02 -3.52922949603081832E+01 6.65997634418829421E-01 -1.14125961687124615E+01 4.98326305305639821E+01 8.97796711275049120E-01 4.46091841644285836E+00 6.45887251172908776E+01 2.96628843680607979E+00 1.97595546392054189E+00
bias 7.78883372965606213E+00 2.45580783372022395E+01 1.40400014063080256E+01 5.14060575106877415E+00 2.79125335761304427E+00 6.74482480248591365E-01 2.03731528959241004E+01 -5.51754763777744017E-01 -1.45542500436072508E+00 1.35517241692129069E+01 -3.46033294899504629E-01 9.23021886599217911E-02
passive 2.37967795908309077E-01 1.79295672993368405E-01 -1.35289895780874941E-01 1.98601499808110649E-01 -6.47261313321684517E-02 1.31580875784687107E-01 8.17883296360431000E-02 2.21266971121399758E-01 -1.12260471788596106E-02 -1.02302524801321057E-01 4.52660908002072371E-01 -1.81399987673421165E-01
actuation 0.00000000000000000E+00 0.00000000000000000E+00 0.00000000000000000E+00 0.00000000000000000E+00 0.00000000000000000E+00 0.00000000000000000E+00 0.00000000000000000E+00 0.00000000000000000E+00 0.00000000000000000E+00 0.00000000000000000E+00 0.00000000000000000E+00 0.00000000000000000E+00
length
velocity
force
position 0.00000000000000000E+00 0.00000000000000000E+00 0.00000000000000000E+00
quaternion 1.00000000000000000E+00 0.00000000000000000E+00 0.00000000000000000E+00 0.00000000000000000E+00
position -1.53350665136619518E-01 -5.19945962642832771E-01 5.09156419493301149E-01
quaternion 9.69087423704698026E-01 1.07676380411633119E-01 -2.15352760823266237E-01 5.38381902058165593E-02
position -4.69348559208738053E-02 -6.55473517157311947E-01 7.05882730093179256E-01
quaternion 7.42853112062228704E-01 2.39764680174992563E-02 -6.16465675330481022E-01 2.59931633358084391E-01
position -1.70695509343342156E-01 -7.36347916063664343E-01 9.14465774051853253E-01
quaternion 5.24538206810432617E-01 8.73792316193696961E-02 -7.63800871022001560E-01 3.65831612772510306E-01
position -2.02811648609445838E-01 -1.51275874380048192E+00 9.25847003147314385E-01
quaternion 3.14732361843130193E-01 1.78819681185804352E-01 -8.18463485104495514E-01 4.46188957258979557E-01
position -3.55744284488918872E-01 -1.72789999190366284E+00 9.77200956048981495E-01
quaternion 1.63166527425504804E-01 3.00021056204522019E-01 -7.79046995386090013E-01 5.25784964735328209E-01
position -4.07919361765101018E-01 -1.96184697177861622E+00 1.06072395648282614E+00
quaternion -1.90518146279612999E-01 3.25376045444443929E-01 -8.07382851296422843E-01 4.53834988097627512E-01
position -3.78730519061902138E-01 -2.21244831159757771E+00 1.01218989620186628E+00
quaternion -4.17969834872513546E-01 3.49070115348862953E-01 -7.10046307118503250E-01 4.46414060547325797E-01
position -2.64181212735530579E-01 -2.43905810317179039E+00 9.99451520202044419E-01
quaternion -6.78159739147680463E-01 3.40597285032600894E-01 -5.71969301082740911E-01 3.11358276341728357E-01
position -8.09556167203123733E-02 -2.62434299466167742E+00 1.01134874102281769E+00
quaternion -8.97543286707766286E-01 2.91233610091819528E-01 -3.24441132668508381E-01 -6.58557838878400387E-02
position 1.20222617688391598E-01 -2.46405301565500245E+00 6.79525964367097002E-01
quaternion -9.67480629793660452E-01 1.53937068237022495E-01 -1.43893999583316418E-01 -1.39925433287051232E-01
position 3.35087302224387651E-01 -2.45081671368420428E+00 8.14088454175652565E-01
quaternion -9.29805764661217338E-01 3.95628525216550619E-02 1.43820976543123730E-01 -3.36469236943440109E-01
position 4.07112672951690735E-01 -2.38991914819293294E+00 1.09429173084623987E+00
quaternion -9.49748659669051309E-01 -1.95880901248830591E-01 9.36327290600119377E-02 -2.25479639949066585E-01
unchanged_qpos -6.24540380641102177E-01 -6.85385103388392092E-01 -1.39577717093706477E-01 -6.59928195711303789E-01 2.03191896126140303E-01 -3.33563586740467599E-01 9.69953280997837286E-03 -2.33031847777315337E-01 -6.68655986343159259E-01 4.15302922004527231E-01 -3.47932550111598016E-01 5.92652312350720134E-01
unchanged_qvel 5.92417817406589720E-02 4.74291841809942216E-01 9.55604913091787633E-01 3.26848892382054501E-01 -8.27531355914383759E-02 9.22279455749963617E-03 -4.28340713800172246E-01 -6.40271160052368060E-01 1.39344220858061663E+00 -3.19093220002449218E-01 -1.56743943978716560E+00 -2.78304686334334583E-01
unchanged_time 1.25000000000000000E-01
act
step SUCCESS
step_clamped -1.00000000000000000E+00
qpos -6.24398247497775838E-01 -6.84400699939822776E-01 -1.37699535853191668E-01 -6.59288560134507540E-01 2.03020122099167477E-01 -3.33529733811376461E-01 8.84531659183866378E-03 -2.34316918616908509E-01 -6.65874378277435008E-01 4.14665934740588660E-01 -3.51069882494778163E-01 5.92093822848450246E-01
qvel 7.10665716631447980E-02 4.92201724284647979E-01 9.39090620257408526E-01 3.19817788398117087E-01 -8.58870134864174600E-02 1.69264645455626216E-02 -4.27108109069854636E-01 -6.42535419796585350E-01 1.39080403286209764E+00 -3.18493631969290536E-01 -1.56866619159006526E+00 -2.79244751134921254E-01
time 1.27000000000000002E-01
reset_qpos 0.00000000000000000E+00 0.00000000000000000E+00 0.00000000000000000E+00 0.00000000000000000E+00 0.00000000000000000E+00 0.00000000000000000E+00 0.00000000000000000E+00 0.00000000000000000E+00 0.00000000000000000E+00 0.00000000000000000E+00 0.00000000000000000E+00 0.00000000000000000E+00
reset_qvel 0.00000000000000000E+00 0.00000000000000000E+00 0.00000000000000000E+00 0.00000000000000000E+00 0.00000000000000000E+00 0.00000000000000000E+00 0.00000000000000000E+00 0.00000000000000000E+00 0.00000000000000000E+00 0.00000000000000000E+00 0.00000000000000000E+00 0.00000000000000000E+00
forward SUCCESS
forward_clamped -1.00000000000000000E+00
qacc 6.12521497307527252E+00 7.00444175253238477E+00 -8.62254310476723518E+00 -8.35859636031729814E+00 3.49708745926862452E+00 -6.47082550411834267E-01 -3.75646882511218827E+00 -2.96074700377890565E+00 4.01329719750005509E+00 -1.85073914972348019E+00 -3.44944134250221879E+00 2.07749429226303839E+00
act_dot
mass 2.76300000000000061E+01 4.56497481051775544E+00 5.98716926356564461E+00 6.49397454290590659E+00 7.39827908595334272E+00 2.59062717524957664E+00 -1.07650882473419607E+01 -1.42191171458008569E+00 -6.30155447423573323E-01 -5.32400288823004786E+00 -4.90798471626933241E-01 2.77149876900403408E-02 4.56497481051775544E+00 6.52151182292317628E+01 4.94952213334148823E+01 -1.13437761148661327E+01 1.13058857080621440E+01 -1.41250818487592134E+00 -4.16716936315678232E+00 -1.26597143551699016E+01 -9.51420510843597711E+00 7.34926129995045407E+00 -1.78140193790674850E+00 -5.50891123783365910E-01 5.98716926356564461E+00 4.94952213334148823E+01 3.95947832840828653E+01 -5.90093369633455112E+00 1.16565551721584253E+01 6.17232980381606122E-01 -4.11721701598722234E+00 -9.83248127698965213E+00 -7.74634344060642643E+00 4.58327953752515072E+00 -1.74804906867000476E+00 -6.01856404963997726E-01 6.49397454290590659E+00 -1.13437761148661327E+01 -5.90093369633455112E+00 2.07300000000000040E+01 3.04616691658331584E+00 2.22858271295236765E+00 4.38987358987646559E+00 2.63508317157972183E-01 -9.53849328821319453E-01 -4.89951163667348588E+00 -5.48483110442232968E-01 -2.51590490404845157E-01 7.39827908595334272E+00 1.13058857080621440E+01 1.16565551721584253E+01 3.04616691658331584E+00 9.11304072790808739E+00 3.83758873489043095E+00 -4.09503066069667643E+00 -2.24121212975826545E+00 -2.31283314165755316E+00 -1.96553558361298109E+00 -1.21103126908817016E+00 -5.18239628519063911E-01 2.59062717524957664E+00 -1.41250818487592134E+00 6.17232980381606122E-01 2.22858271295236765E+00 3.83758873489043095E+00 3.40057534817362894E+00 -1.17609385834227931E+00 1.22775765356156574E+00 3.80282603221209659E-01 -1.42145294826918933E+00 -4.47208845201826577E-01 -3.12296921212985024E-01 -1.07650882473419607E+01 -4.16716936315678232E+00 -4.11721701598722234E+00 4.38987358987646559E+00 -4.09503066069667643E+00 -1.17609385834227931E+00 1.38299999999999894E+01 5.36441410447641154E-01 -8.16458790905907894E-01 2.69292305857841408E+00 -1.68855885392340255E-02 -2.53885652826610964E-01 -1.42191171458008569E+00 -1.26597143551699016E+01 -9.83248127698965213E+00 2.63508317157972183E-01 -2.24121212975826545E+00 1.22775765356156574E+00 5.36441410447641154E-01 4.66142681323983510E+00 3.56918307165093474E+00 -8.97251839685696884E-01 6.81551301577752899E-01 1.00835341431814191E-01 -6.30155447423573323E-01 -9.51420510843597711E+00 -7.74634344060642643E+00 -9.53849328821319453E-01 -2.31283314165755316E+00 3.80282603221209659E-01 -8.16458790905907894E-01 3.56918307165093474E+00 3.60097987409908349E+00 -7.33792200503351921E-01 8.62297774214207169E-01 2.38462352813234996E-01 -5.32400288823004786E+00 7.34926129995045407E+00 4.58327953752515072E+00 -4.89951163667348588E+00 -1.96553558361298109E+00 -1.42145294826918933E+00 2.69292305857841408E+00 -8.97251839685696884E-01 -7.33792200503351921E-01 6.92999999999999972E+00 2.75382107613868943E-01 -2.63590131722352405E-02 -4.90798471626933241E-01 -1.78140193790674850E+00 -1.74804906867000476E+00 -5.48483110442232968E-01 -1.21103126908817016E+00 -4.47208845201826577E-01 -1.68855885392340255E-02 6.81551301577752899E-01 8.62297774214207169E-01 2.75382107613868943E-01 9.89964475297606228E-01 4.38197227925607224E-01 2.77149876900403408E-02 -5.50891123783365910E-01 -6.01856404963997726E-01 -2.51590490404845157E-01 -5.18239628519063911E-01 -3.12296921212985024E-01 -2.53885652826610964E-01 1.00835341431814191E-01 2.38462352813234996E-01 -2.63590131722352405E-02 4.38197227925607224E-01 5.23689885883347084E-01
gravity 1.34028091875184288E+02 1.27318965066616101E+02 8.98348139052515364E+01 -1.35745423298692629E+02 2.75029882921848383E+01 1.35053038369073342E-01 -1.23191235616901167E+02 -1.08877172466591254E+01 5.67438702866346034E+00 1.79053387197542291E+00 1.51199150085952638E+00 2.63094250770049864E+00
bias -3.84818329871059746E+01 -7.23108188014654587E+01 -5.22673249852160708E+01 2.73031822347591060E+01 -1.95639209027407084E+01 1.12699840753075975E+00 4.91765538295646394E+01 1.39536234073466439E+01 3.52733594999603284E+00 1.15832013885622072E+01 2.33475825647946778E+00 -1.62397218051360426E-01
passive 3.91342582310351128E-01 -3.00481213606801578E-01 -3.12468415433390601E-01 -1.43452620868585956E-01 3.55193512585584903E-01 -1.23849439852849852E-01 3.12642351304450727E-02 -6.19866783518958631E-01 -8.86865132364706987E-02 -3.91707231472385453E-01 -2.25346735777671392E-01 1.91719074731614481E-01
actuation 0.00000000000000000E+00 0.00000000000000000E+00 0.00000000000000000E+00 0.00000000000000000E+00 0.00000000000000000E+00 0.00000000000000000E+00 0.00000000000000000E+00 0.00000000000000000E+00 0.00000000000000000E+00 0.00000000000000000E+00 0.00000000000000000E+00 0.00000000000000000E+00
length
velocity
force
position 0.00000000000000000E+00 0.00000000000000000E+00 0.00000000000000000E+00
quaternion 1.00000000000000000E+00 0.00000000000000000E+00 0.00000000000000000E+00 0.00000000000000000E+00
position -6.58331663227757491E-02 -3.90135318469188863E-01 4.19963944625603935E-01
quaternion 9.69087423704698026E-01 1.07676380411633119E-01 -2.15352760823266237E-01 5.38381902058165593E-02
position -1.00833073330226924E-02 -4.88088185184424983E-01 6.66863339578044889E-01
quaternion 9.02502010291913126E-01 2.70414713175444743E-01 -3.32276640779203492E-01 4.42519865066642523E-02
position -1.66148634127138983E-02 -6.69443808143160846E-01 9.01876174837290323E-01
quaternion 8.08849732370260588E-01 5.11885546950537118E-01 -2.88594504085550596E-01 -2.11780423864498558E-02
position -2.45050983940347800E-01 -1.26571094966461906E+00 5.71976294663765650E-01
quaternion 6.67718684687211184E-01 5.63057701704448688E-01 -4.83700693805405424E-01 -5.61375229508231655E-02
position -2.60919672312324713E-01 -1.52020226936050928E+00 5.77334422925276813E-01
quaternion 4.72990246991588537E-01 5.17126393773606141E-01 -7.06934787044322110E-01 -9.54134475854442193E-02
position -4.21943163401313326E-01 -1.75720714173956560E+00 5.08904132751856642E-01
quaternion 3.09808727065387146E-01 6.96942088355093747E-01 -6.46497257187157226E-01 -1.82091889673369513E-02
position -1.48894178094836793E-01 -1.80671939705424767E+00 -3.32161607941443671E-01
quaternion 8.69429203016204993E-02 6.70029253809296566E-01 -7.32713326373863216E-01 -8.14426731101807744E-02
position -1.79947797226710532E-01 -1.97064488940519844E+00 -5.82169883041113834E-01
quaternion -8.86329397275745501E-02 7.80813725588040963E-01 -6.14032042813885348E-01 7.37480733740105143E-02
position 1.55123904115446465E-03 -2.10461015379350469E+00 -7.13855669508797308E-01
quaternion -3.22890078692686544E-01 5.46795831200453941E-01 -7.12371582768983269E-01 -2.98802684269818486E-01
position -5.90394795140601891E-01 -2.44166800871054512E+00 -9.79763963971287510E-01
quaternion -5.09109901759551398E-01 3.92424548636817638E-01 -6.82427561440491992E-01 -3.47998139282314767E-01
position -4.74116980813157451E-01 -2.26783869407066341E+00 -1.20268141811467899E+00
quaternion -6.33095779360668298E-01 3.79750984610998044E-01 -6.71037630624296555E-01 -6.84647509950633837E-02
position -2.64645625298963350E-01 -2.30337816590542266E+00 -1.34288264109755207E+00
quaternion -8.05702151587217807E-01 1.83322260195364989E-01 -4.74877796509110439E-01 -3.02866423076646962E-01
unchanged_qpos -4.44358768059706088E-01 2.47162443485012817E-01 6.08600583318436916E-01 -5.97972140286907816E-01 -1.72801547997514904E-01 5.79219717995000272E-01 -7.73637170109625405E-01 6.53641521272959158E-01 -6.77652411345551542E-01 7.64456402426702430E-01 7.15308775362717197E-01 -4.30282666064024433E-01
unchanged_qvel -1.06799537543234324E+00 1.00808118106398226E+00 3.45140910530079115E-01 1.91320738491674547E+00 -1.43036446693289454E+00 -5.39192236725751339E-01 1.39095316456702545E+00 1.79205087504887439E+00 1.79873738887345658E+00 4.29623352508522238E-01 -3.03883871837077546E-01 -9.80300415300234818E-02
unchanged_time 1.25000000000000000E-01
act
step SUCCESS
step_clamped -1.00000000000000000E+00
qpos -4.46470258439072509E-01 2.49206600421910368E-01 6.09256411736306847E-01 -5.94179159523721911E-01 -1.75648310227325632E-01 5.78138747551195209E-01 -7.70870293218872682E-01 6.57213796240061265E-01 -6.74038902449530575E-01 7.65308241744675155E-01 7.14687228919989925E-01 -4.30470436786854982E-01
qvel -1.05574518968321485E+00 1.02207846844877270E+00 3.27914208934981133E-01 1.89649038159294503E+00 -1.42338111490537012E+00 -5.40485221902525681E-01 1.38343844537638527E+00 1.78613748355103596E+00 1.80675444801050289E+00 4.25919658986336991E-01 -3.10773221363645713E-01 -9.38853614152700272E-02
time 1.27000000000000002E-01
reset_qpos 0.00000000000000000E+00 0.00000000000000000E+00 0.00000000000000000E+00 0.00000000000000000E+00 0.00000000000000000E+00 0.00000000000000000E+00 0.00000000000000000E+00 0.00000000000000000E+00 0.00000000000000000E+00 0.00000000000000000E+00 0.00000000000000000E+00 0.00000000000000000E+00
reset_qvel 0.00000000000000000E+00 0.00000000000000000E+00 0.00000000000000000E+00 0.00000000000000000E+00 0.00000000000000000E+00 0.00000000000000000E+00 0.00000000000000000E+00 0.00000000000000000E+00 0.00000000000000000E+00 0.00000000000000000E+00 0.00000000000000000E+00 0.00000000000000000E+00
forward SUCCESS
forward_clamped -1.00000000000000000E+00
qacc 5.37894082175132482E+00 6.28338034302514625E+00 -1.09385586471439211E+01 -5.75545044894478508E+00 1.95670607900274085E+00 1.35348662910118733E+00 -7.75108333371027225E+00 1.45630213028833966E+00 -5.06690476859726768E+00 -1.04450855716378079E+01 3.95099342721862534E+00 2.44115179241959446E+00
act_dot
mass 2.76300000000000061E+01 1.12955677314146268E+01 1.82255764303499070E+01 9.19494127202577616E+00 1.41548959053278125E+01 1.00107016824678414E+01 -3.03102220584756399E+00 1.74004599127332660E+00 -2.52533737970817129E-01 7.57679463318348123E-01 -2.78225250796323764E-01 6.45335311502518993E-02 1.12955677314146268E+01 5.95060955737176087E+01 4.98189434178510737E+01 -1.57317033737796983E+01 2.01210298349222008E+01 1.67818094855420186E+00 -6.03181904006049230E+00 -2.52879803265791203E+00 -2.38884150346870250E+00 1.20777359459466069E+01 1.20231463305537623E+00 6.69006904001728797E-01 1.82255764303499070E+01 4.98189434178510737E+01 5.18321555356953638E+01 -7.04578447866091118E+00 2.84332019187050236E+01 1.20176756311280553E+01 -9.68163184786949671E+00 5.28360059579244812E-02 -2.25515005627325893E+00 8.05453803712340566E+00 5.38703519675615250E-01 5.72783081382750692E-01 9.19494127202577616E+00 -1.57317033737796983E+01 -7.04578447866091118E+00 2.07300000000000040E+01 3.50564139321598223E+00 7.47681467243170150E+00 5.28794653825322669E+00 2.56141202436211657E+00 6.34054543390853653E-01 -3.15132191070998280E+00 -7.77905793775924392E-01 -1.75704890622586679E-01 1.41548959053278125E+01 2.01210298349222008E+01 2.84332019187050236E+01 3.50564139321598223E+00 2.39199359988050837E+01 1.67915480267545334E+01 -5.05717992176012210E+00 3.96241893065880202E+00 -2.50716180039762482E-01 2.32542450996722261E+00 -3.54895421136233791E-01 2.31943373199336000E-01 1.00107016824678414E+01 1.67818094855420186E+00 1.20176756311280553E+01 7.47681467243170150E+00 1.67915480267545334E+01 1.63252318830473477E+01 -2.27804574179704122E+00 5.10922723771869336E+00 7.35495769697522062E-01 -1.17775845122254164E+00 -8.63955385941725162E-01 -5.23486614111823984E-02 -3.03102220584756399E+00 -6.03181904006049230E+00 -9.68163184786949671E+00 5.28794653825322669E+00 -5.05717992176012210E+00 -2.27804574179704122E+00 1.38300000000000018E+01 6.27273586970833685E-01 6.56420180936039488E-01 2.34492081248314221E+00 -8.87533708933272547E-01 -4.42604067225862985E-01 1.74004599127332660E+00 -2.52879803265791203E+00 5.28360059579244812E-02 2.56141202436211657E+00 3.96241893065880202E+00 5.10922723771869336E+00 6.27273586970833685E-01 3.40604186231005857E+00 1.57222844141900842E+00 -5.53936798051186674E-01 -1.32705717986291272E-01 2.18074152867992060E-02 -2.52533737970817129E-01 -2.38884150346870250E+00 -2.25515005627325893E+00 6.34054543390853653E-01 -2.50716180039762482E-01 7.35495769697522062E-01 6.56420180936039488E-01 1.57222844141900842E+00 1.57331585295165488E+00 -2.77150837518015614E-01 2.30964930473925967E-01 6.79688706909332002E-02 7.57679463318348123E-01 1.20777359459466069E+01 8.05453803712340566E+00 -3.15132191070998280E+00 2.32542450996722261E+00 -1.17775845122254164E+00 2.34492081248314221E+00 -5.53936798051186674E-01 -2.77150837518015614E-01 6.93000000000000238E+00 -1.77671861812679466E-01 -1.71569233252613973E-01 -2.78225250796323764E-01 1.20231463305537623E+00 5.38703519675615250E-01 -7.77905793775924392E-01 -3.54895421136233791E-01 -8.63955385941725162E-01 -8.87533708933272547E-01 -1.32705717986291272E-01 2.30964930473925967E-01 -1.77671861812679466E-01 1.00688905681247687E+00 4.47083591129787516E-01 6.45335311502518993E-02 6.69006904001728797E-01 5.72783081382750692E-01 -1.75704890622586679E-01 2.31943373199336000E-01 -5.23486614111823984E-02 -4.42604067225862985E-01 2.18074152867992060E-02 6.79688706909332002E-02 -1.71569233252613973E-01 4.47083591129787516E-01 5.23689885883348194E-01
gravity 1.34028091875184288E+02 2.65668865443293555E+02 2.16680616928559743E+02 -8.68136821493466044E+01 8.66883988107054790E+01 1.32524243816797238E+01 -1.39906228349122710E+01 -6.05943401157792749E+00 -6.23583285378411745E+00 5.80017167997362009E+01 5.91480358977444887E-01 1.52513909398603431E-01
bias 1.06659029332334981E+02 3.07799725413973647E+02 2.54574650093857201E+02 -1.43997970730117197E+00 1.24365588376371619E+02 3.79887189400402434E+01 1.17412862715324280E+02 3.43929025026893953E+00 -4.53125255046778364E+00 1.36093862682479909E+02 -1.50207235959944754E+01 -7.00600991909577786E+00
passive -5.76735738310233947E-02 -3.02786344328319190E-01 1.98086390664066997E-01 -1.93603106650547807E-02 -5.11098204564886749E-01 4.64462031192305613E-02 6.72835853642115955E-01 -8.18940609472459669E-02 1.82518496773424244E-01 2.72407063904332003E-01 -8.28276957797582924E-03 4.65497664851410697E-01
actuation 0.00000000000000000E+00 0.00000000000000000E+00 0.00000000000000000E+00 0.00000000000000000E+00 0.00000000000000000E+00 0.00000000000000000E+00 0.00000000000000000E+00 0.00000000000000000E+00 0.00000000000000000E+00 0.00000000000000000E+00 0.00000000000000000E+00 0.00000000000000000E+00
length
velocity
force
position 0.00000000000000000E+00 0.00000000000000000E+00 0.00000000000000000E+00
quaternion 1.00000000000000000E+00 0.00000000000000000E+00 0.00000000000000000E+00 0.00000000000000000E+00
position -1.32089006864364616E-01 -4.88409531712693912E-01 4.87487839531625056E-01
quaternion 9.69087423704698026E-01 1.07676380411633119E-01 -2.15352760823266237E-01 5.38381902058165593E-02
position -6.98925784373634479E-02 -5.92081256975139691E-01 7.19737824890778866E-01
quaternion 8.85087866969750059E-01 2.23317085888944555E-01 -3.98187546021548433E-01 9.05296917389253608E-02
position -2.97829280367453500E-02 -7.66953408374058787E-01 9.06998356063635769E-01
quaternion 6.04567172124450214E-01 1.11522554816404329E-01 -7.60547685863031120E-01 2.08874296372376700E-01
position -2.13340598817795712E-01 -1.08862718496610311E+00 9.42567389742657857E-01
quaternion 3.98838640268077749E-01 1.77207855558773830E-01 -8.50745751441729925E-01 2.92842588025065131E-01
position -4.38581606648048350E-01 -1.29471812701300770E+00 9.56135924924870872E-01
quaternion 4.02783398243400370E-01 4.15077498026648062E-01 -7.02194691088407930E-01 4.15209369521801541E-01
position -4.31238269345274150E-01 -1.52089621418550491E+00 1.08433011849501892E+00
quaternion -2.62340028486621468E-02 3.36247578711537598E-01 -8.97313632401479322E-01 2.84741265031304869E-01
position 2.48342505397993574E-01 -2.05136469934634302E+00 8.96100955736020444E-01
quaternion -2.70197886880117977E-01 3.36038592839352057E-01 -8.51368843664665587E-01 2.98734427351715459E-01
position 3.28232377326773017E-01 -2.27353117995606402E+00 7.23972487478647175E-01
quaternion -3.28831046830603990E-01 3.88128347596552736E-01 -7.06970560412213178E-01 4.91344232837529094E-01
position 4.22023694963648000E-01 -2.50863921991819305E+00 7.44655258492042726E-01
quaternion -6.33447968532895533E-01 3.86540351608890442E-01 -6.01736986109050798E-01 2.95368968051857195E-01
position 9.69057183894172725E-01 -2.58339056547658297E+00 1.27262863351094113E+00
quaternion -8.00975577751730783E-01 3.37596101487316225E-01 -4.35727348361200473E-01 2.33684988811784511E-01
position 1.18953971795194891E+00 -2.70232583998909748E+00 1.32531163149087861E+00
quaternion -9.35771980849501417E-01 2.93263549606387397E-01 -1.75584603278555601E-01 -8.65871666055323119E-02
position 1.40565336227797300E+00 -2.65662531079750908E+00 1.45067920136958195E+00
quaternion -9.38492563529472745E-01 1.76206929436094062E-01 6.42757526965617165E-02 -2.89916287631227454E-01
unchanged_qpos -5.80766736220593716E-01 5.72774106935559635E-02 -6.27794904934984133E-01 -2.00726027439700583E-01 7.14559424350362127E-01 -6.48553630643385226E-01 -7.70253796696827031E-01 5.48403164486408912E-01 -3.69131012973620942E-01 -6.45956330663512990E-01 -5.11494658640585298E-01 -2.63259452893251478E-01
unchanged_qvel 1.44990134159630424E+00 1.39937690025448402E+00 2.65157856549633308E-01 4.98253608204675125E-01 1.12637217412370960E+00 1.06487624569061756E+00 -1.82367167481692549E+00 -6.87336024236588017E-01 -1.74330457919879223E-01 -7.01226581946339245E-02 1.06440316517104971E+00 -1.80096941847055048E+00
unchanged_time 1.25000000000000000E-01
act
step SUCCESS
step_clamped -1.00000000000000000E+00
qpos -5.77845419956141026E-01 6.01012840065252574E-02 -6.27308322220638259E-01 -1.99752542305760894E-01 7.16819985378011837E-01 -6.46418465326313307E-01 -7.73932140866873008E-01 5.47034312021320468E-01 -3.69499922476809017E-01 -6.46138351914997022E-01 -5.09350056082763736E-01 -2.66851626566156852E-01
qvel 1.46065813222635277E+00 1.41193665648464739E+00 2.43291357172925771E-01 4.86742566969842749E-01 1.13028051382483063E+00 1.06758265853597134E+00 -1.83917208502296781E+00 -6.84426232544225632E-01 -1.84454751594033017E-01 -9.10106257420332521E-02 1.07230127891079907E+00 -1.79608683645268741E+00
time 1.27000000000000002E-01
reset_qpos 0.00000000000000000E+00 0.00000000000000000E+00 0.00000000000000000E+00 0.00000000000000000E+00 0.00000000000000000E+00 0.00000000000000000E+00 0.00000000000000000E+00 0.00000000000000000E+00 0.00000000000000000E+00 0.00000000000000000E+00 0.00000000000000000E+00 0.00000000000000000E+00
reset_qvel 0.00000000000000000E+00 0.00000000000000000E+00 0.00000000000000000E+00 0.00000000000000000E+00 0.00000000000000000E+00 0.00000000000000000E+00 0.00000000000000000E+00 0.00000000000000000E+00 0.00000000000000000E+00 0.00000000000000000E+00 0.00000000000000000E+00 0.00000000000000000E+00
forward SUCCESS
forward_clamped -1.00000000000000000E+00
qacc 5.41921343480471762E+00 -3.03949630264588100E+00 -3.67886597344431721E+00 -8.45537464960277241E+00 2.75867140153827606E+00 -7.56771387200516621E-01 6.58173907004623970E-01 -5.16277268092070596E+00 -1.90022441536351394E+00 -1.79803667213496343E+00 1.40507508307426643E+00 -2.61549961057883396E+00
act_dot
mass 2.76300000000000061E+01 -2.37372795162027828E+00 -3.70794361857638677E+00 1.03275483756612232E+01 3.13704844855522769E+00 4.83311704851837298E+00 6.48050006861859984E-02 2.77484953384888566E+00 4.30467275862402965E-01 -1.14903630792233136E+00 -6.91635145664941109E-01 -1.69010834189872172E-01 -2.37372795162027828E+00 2.44200840280621456E+01 2.06204494602802129E+01 -6.31611651291638676E+00 8.58601030297421985E+00 4.61004964492265223E+00 -1.34431799549508604E+01 -1.94063301301152080E+00 -1.71977879289168900E+00 -3.28772731651526096E-01 1.14233804454426879E+00 7.40390386397685507E-01 -3.70794361857638677E+00 2.06204494602802129E+01 1.95151694803237987E+01 -4.80900089221301208E+00 1.00721039442334472E+01 5.96860128001667967E+00 -1.21024996998305170E+01 -1.04432779687082911E+00 -1.57293370969744606E+00 -1.24393736836963376E+00 4.88955049997418179E-01 4.01077316887526625E-01 1.03275483756612232E+01 -6.31611651291638676E+00 -4.80900089221301208E+00 2.07300000000000182E+01 3.24440711876386345E+00 4.64690324212329209E+00 4.44756169825241088E+00 2.70989887182010980E+00 8.36374269534965853E-01 -5.07846618081987522E+00 -5.91579323421762338E-01 -2.33616860805274940E-01 3.13704844855522769E+00 8.58601030297421985E+00 1.00721039442334472E+01 3.24440711876386345E+00 1.31647263595338124E+01 1.13705302106271908E+01 -5.45542102963148956E+00 3.76802462356195011E+00 3.48583198470951483E-01 -2.78959973845306752E+00 -7.92920845144273190E-01 -1.79358543601061071E-01 4.83311704851837298E+00 4.61004964492265223E+00 5.96860128001667967E+00 4.64690324212329209E+00 1.13705302106271908E+01 1.13223348006768276E+01 -2.63237436229769539E+00 4.82415482043888488E+00 1.10132242603907526E+00 -2.39723622155912830E+00 -8.35495743190451945E-01 -2.03776122636729090E-01 6.48050006861859984E-02 -1.34431799549508604E+01 -1.21024996998305170E+01 4.44756169825241088E+00 -5.45542102963148956E+00 -2.63237436229769539E+00 1.38300000000000001E+01 9.86392127383945994E-01 6.82798624413998745E-01 2.15473180450787272E+00 -8.63475520577055344E-01 -4.10924562262485082E-01 2.77484953384888566E+00 -1.94063301301152080E+00 -1.04432779687082911E+00 2.70989887182010980E+00 3.76802462356195011E+00 4.82415482043888488E+00 9.86392127383945994E-01 3.99617050097740245E+00 1.79636223618456659E+00 -8.84287430658756146E-01 -4.15700602058116986E-01 -1.55497533081491779E-01 4.30467275862402965E-01 -1.71977879289168900E+00 -1.57293370969744606E+00 8.36374269534965853E-01 3.48583198470951483E-01 1.10132242603907526E+00 6.82798624413998745E-01 1.79636223618456659E+00 1.58625166819992192E+00 -2.61485284530151407E-01 1.91791515109112243E-01 5.63436019577658806E-02 -1.14903630792233136E+00 -3.28772731651526096E-01 -1.24393736836963376E+00 -5.07846618081987522E+00 -2.78959973845306752E+00 -2.39723622155912830E+00 2.15473180450787272E+00 -8.84287430658756146E-01 -2.61485284530151407E-01 6.92999999999999883E+00 -1.87474221323393142E-01 -7.92736651688097649E-02 -6.91635145664941109E-01 1.14233804454426879E+00 4.88955049997418179E-01 -5.91579323421762338E-01 -7.92920845144273190E-01 -8.35495743190451945E-01 -8.63475520577055344E-01 -4.15700602058116986E-01 1.91791515109112243E-01 -1.87474221323393142E-01 1.05332485678213628E+00 4.68019285693234921E-01 -1.69010834189872172E-01 7.40390386397685507E-01 4.01077316887526625E-01 -2.33616860805274940E-01 -1.79358543601061071E-01 -2.03776122636729090E-01 -4.10924562262485082E-01 -1.55497533081491779E-01 5.63436019577658806E-02 -7.92736651688097649E-02 4.68019285693234921E-01 5.23689885883347639E-01
gravity 1.34028091875184288E+02 -6.76275003706389413E+01 -8.07307210435108260E+01 -6.35837441036724655E+01 -3.73795626715338116E+01 -1.54028482295040039E+01 4.10849989327291993E+01 6.28428225727321443E+00 9.33194878935736938E-02 5.23852802787771310E+01 -6.18521754287579739E+00 -1.85303017381300572E+00
bias 5.93644501425228555E+01 1.69100146547444794E+01 7.59027724240439028E+00 1.68249561773124228E+01 2.80256631730197014E+01 3.60640866834950273E+01 6.96508054114205066E+00 1.92841125055630052E+01 5.21355101311493563E+00 2.19108929613880825E+01 -1.99545595528752884E+00 5.62602302107488406E-01
passive 2.21480788254593441E-01 -9.71307571020831872E-02 8.11317043841244256E-02 -4.41950173079659336E-01 4.67646301181120272E-01 -5.01111423759981744E-02 -2.47307503298594716E-01 -3.39095950916926236E-01 1.29977721223340836E-01 3.90149192704319914E-02 4.08434734165294910E-01 -4.51966996876215665E-01
actuation 0.00000000000000000E+00 0.00000000000000000E+00 0.00000000000000000E+00 0.00000000000000000E+00 0.00000000000000000E+00 0.00000000000000000E+00 0.00000000000000000E+00 0.00000000000000000E+00 0.00000000000000000E+00 0.00000000000000000E+00 0.00000000000000000E+00 0.00000000000000000E+00
length
velocity
force
position 0.00000000000000000E+00 0.00000000000000000E+00 0.00000000000000000E+00
quaternion 1.00000000000000000E+00 0.00000000000000000E+00 0.00000000000000000E+00 0.00000000000000000E+00
position -2.19295392090822522E-01 -6.17758715541411263E-01 5.76363246484905112E-01
quaternion 9.69087423704698026E-01 1.07676380411633119E-01 -2.15352760823266237E-01 5.38381902058165593E-02
position -1.49795624132654348E-01 -7.27273833667167802E-01 7.97617133228476716E-01
quaternion 8.64037227509101391E-01 1.81734435375161707E-01 -4.51354160160538420E-01 1.29196310253162250E-01
position -1.27111293105173828E-01 -8.87952086070987967E-01 1.00409083209588523E+00
quaternion 5.28493034172701659E-01 5.00447918651234919E-02 -8.06374264328189150E-01 2.60674466465896093E-01
position -3.79489612475662208E-01 -2.72379564714462452E-01 1.34531670906997536E+00
quaternion 3.19078145298515914E-01 1.18127230420474627E-01 -8.69885430352995814E-01 3.57119633576243822E-01
position -5.49511219265826689E-01 -4.57208149036360034E-01 1.38699661899797810E+00
quaternion 1.11912832130112161E-02 1.27171652352333131E-01 -9.06299603702220624E-01 4.02893477667759348E-01
position -6.74103764977565856E-01 -7.03284963944296515E-01 1.27080807110880967E+00
quaternion 3.52547198104279924E-02 2.70754025489052308E-01 -7.58898928945336171E-01 5.91203668847025354E-01
position -1.21670584873109688E+00 -7.31585422447654454E-01 1.15450653668526959E+00
quaternion -1.90249222959982200E-01 3.52640019051976450E-01 -6.93949844722861475E-01 5.98233953512554262E-01
position -1.15785019133270950E+00 -9.87263011754279773E-01 1.19441622774653511E+00
quaternion -3.58475124161036607E-01 4.15716893901944773E-01 -5.66686276675850586E-01 6.14444231244390293E-01
position -1.02936140875992743E+00 -1.19770377740915523E+00 1.28013364442876343E+00
quaternion -5.36911994937925074E-01 4.64189085905387044E-01 -4.23815796155347424E-01 5.62702561880881968E-01
position -6.07457630597341924E-01 -9.42750424998236469E-01 1.96616708285013764E+00
quaternion -6.91861651865828153E-01 4.90389139935116902E-01 -2.59490402779283313E-01 4.62072155595453726E-01
position -4.42157817979683232E-01 -1.03412353750349650E+00 2.14553013147488203E+00
quaternion -8.18785514741054987E-01 5.66669742906336871E-01 -9.07414596350001879E-02 1.55457655971415476E-02
position -2.55289981326042248E-01 -8.81915176877282603E-01 2.25625289047377287E+00
quaternion -8.90673299883607772E-01 4.44817042325096279E-01 5.03642946017129403E-02 -7.93870868647426203E-02
unchanged_qpos -7.60307826065040882E-01 -1.03937475967610382E-01 -7.11210285911230367E-01 7.81929508344620272E-01 -2.04116000305632705E-01 6.38012725680519699E-01 5.73776207923497372E-01 1.35506170906330103E-01 3.77826018814484410E-02 -7.30956999031278531E-01 -6.58759727143824136E-01 1.32374012975576605E-01
unchanged_qvel 4.13211710857114500E-01 6.93528737445636700E-01 1.01676204990183860E+00 6.45891848709055694E-01 -1.92999950529433573E+00 -1.02546973948104858E+00 8.89851006459787541E-02 1.42446741277197075E+00 -7.25453809879601064E-01 1.26683940171039700E+00 -7.24654216538826113E-01 1.99508695842992489E+00
unchanged_time 1.25000000000000000E-01
act
step SUCCESS
step_clamped -1.00000000000000000E+00
qpos -7.59459726574364891E-01 -1.02562579266631496E-01 -7.09191469104293315E-01 7.83187472995297118E-01 -2.07964976599158996E-01 6.35958762408021516E-01 5.73956809308399651E-01 1.38334466063932265E-01 3.63240883583458157E-02 -7.28430511017067683E-01 -6.60203426823128159E-01 1.36353741847570320E-01
qvel 4.24049745337996720E-01 6.87448350489446081E-01 1.00940840346855132E+00 6.28982325338426462E-01 -1.92448814676314717E+00 -1.02698163624911043E+00 9.03006924511279147E-02 1.41414757880107933E+00 -7.29256761551312471E-01 1.26324400710544227E+00 -7.21849839652037861E-01 1.98986443599685137E+00
time 1.27000000000000002E-01
reset_qpos 0.00000000000000000E+00 0.00000000000000000E+00 0.00000000000000000E+00 0.00000000000000000E+00 0.00000000000000000E+00 0.00000000000000000E+00 0.00000000000000000E+00 0.00000000000000000E+00 0.00000000000000000E+00 0.00000000000000000E+00 0.00000000000000000E+00 0.00000000000000000E+00
reset_qvel 0.00000000000000000E+00 0.00000000000000000E+00 0.00000000000000000E+00 0.00000000000000000E+00 0.00000000000000000E+00 0.00000000000000000E+00 0.00000000000000000E+00 0.00000000000000000E+00 0.00000000000000000E+00 0.00000000000000000E+00 0.00000000000000000E+00 0.00000000000000000E+00
forward SUCCESS
forward_clamped -1.00000000000000000E+00
qacc 6.32217330800395860E+00 5.25932803767352119E+00 -4.82356863979749928E+00 -6.51774336529498655E+00 -3.20048602340015886E+00 5.39862906458470171E+00 -3.81607716788719742E-01 3.52437210876598073E-01 -3.00495653811713659E+00 -2.84350074578972656E+00 1.71823541356935783E-01 -4.97042496356073560E-01
act_dot
mass 2.76300000000000061E+01 1.03769999208412038E+01 1.42099404944737380E+01 8.02375876151367606E+00 6.00229769885787068E+00 2.52837136001522378E+00 -5.58853756059825724E+00 -2.97023060089749658E+00 -2.28199145693591543E+00 2.65854659766941781E+00 -7.75977949638468667E-01 -2.47102208088630454E-01 1.03769999208412038E+01 4.84102328513585292E+01 3.41241097575463641E+01 -1.06086054647910188E+01 4.69258401802634673E+00 -5.67993551593606227E+00 3.06928405795630077E-01 -7.57831069715601480E+00 -2.82212590764563176E+00 1.19372127500720708E+01 1.17345604043228890E+00 7.36863932377908926E-01 1.42099404944737380E+01 3.41241097575463641E+01 3.07015644006154851E+01 -4.82156158402873825E+00 8.83549734055863212E+00 -1.22555762295572634E-01 -5.34972399496827400E+00 -6.84997093112437572E+00 -3.69105945522560130E+00 8.30321788257176152E+00 -1.28768667110499668E-01 1.50731831628549362E-01 8.02375876151367606E+00 -1.06086054647910188E+01 -4.82156158402873825E+00 2.07299999999999898E+01 2.24010413034421596E+00 3.47556003142991488E+00 5.02287392312566006E+00 1.71995426620189656E-01 -4.76049093141915014E-01 1.23647574619714928E-01 -7.30411728237864377E-01 -3.61713312582694568E-01 6.00229769885787068E+00 4.69258401802634673E+00 8.83549734055863212E+00 2.24010413034421596E+00 7.24107585644971863E+00 4.79477822106637941E+00 -3.25229838915415792E+00 -1.24852752427865377E+00 -1.35425511802178855E+00 1.42420912658817223E+00 -9.28770361241863962E-01 -4.48826101326863458E-01 2.52837136001522378E+00 -5.67993551593606227E+00 -1.22555762295572634E-01 3.47556003142991488E+00 4.79477822106637941E+00 5.85922317477212751E+00 -2.03369760249796316E+00 1.18315047495872472E+00 -2.73197292561079719E-01 -1.32562535095547407E+00 -1.18023265981749192E+00 -6.60366425236724952E-01 -5.58853756059825724E+00 3.06928405795630077E-01 -5.34972399496827400E+00 5.02287392312566006E+00 -3.25229838915415792E+00 -2.03369760249796316E+00 1.38299999999999983E+01 9.71745524865571642E-01 1.22341065346403433E+00 2.88904784710057605E+00 5.13777509102525842E-01 1.02501900778630278E-01 -2.97023060089749658E+00 -7.57831069715601480E+00 -6.84997093112437572E+00 1.71995426620189656E-01 -1.24852752427865377E+00 1.18315047495872472E+00 9.71745524865571642E-01 3.66916311151497565E+00 2.17509454121969004E+00 -2.26917075740875029E+00 4.26389838069454255E-02 -2.04424278303086987E-01 -2.28199145693591543E+00 -2.82212590764563176E+00 -3.69105945522560130E+00 -4.76049093141915014E-01 -1.35425511802178855E+00 -2.73197292561079719E-01 1.22341065346403433E+00 2.17509454121969004E+00 2.12071012324673491E+00 -8.14640021773574752E-01 5.79589366439727693E-01 8.96000252438175354E-02 2.65854659766941781E+00 1.19372127500720708E+01 8.30321788257176152E+00 1.23647574619714928E-01 1.42420912658817223E+00 -1.32562535095547407E+00 2.88904784710057605E+00 -2.26917075740875029E+00 -8.14640021773574752E-01 6.92999999999999883E+00 3.54653197982371104E-01 1.55807132644723484E-01 -7.75977949638468667E-01 1.17345604043228890E+00 -1.28768667110499668E-01 -7.30411728237864377E-01 -9.28770361241863962E-01 -1.18023265981749192E+00 5.13777509102525842E-01 4.26389838069454255E-02 5.79589366439727693E-01 3.54653197982371104E-01 1.06031894078687805E+00 4.70839437740603550E-01 -2.47102208088630454E-01 7.36863932377908926E-01 1.50731831628549362E-01 -3.61713312582694568E-01 -4.48826101326863458E-01 -6.60366425236724952E-01 1.02501900778630278E-01 -2.04424278303086987E-01 8.96000252438175354E-02 1.55807132644723484E-01 4.70839437740603550E-01 5.23689885883347639E-01
gravity 1.34028091875184288E+02 2.51765764910740984E+02 1.82902187459005859E+02 -9.84155087128494586E+01 2.22168864693110599E+01 -2.37530932731065825E+01 -3.80265507987430027E+01 -3.13764150383062841E+01 -1.39619233500275755E+01 4.86976953755473119E+01 2.52600696343275644E+00 1.92745384108989448E+00
bias 3.03974640544847468E+01 1.01555846740624730E+02 7.17453654225867439E+01 7.39138390031041759E+00 1.35243432458698276E+01 -9.52117652676897919E+00 1.96127825862475120E+01 -1.59479510045629986E+01 -5.05075492374643176E+00 4.11770106414185406E+01 2.33427464137365881E+00 9.68101093876190699E-01
passive -5.88114258318806926E-01 2.33631089953577231E-01 -1.81726123495755981E-01 -1.72977755050967574E-02 1.37002900230120961E-02 5.61855410454931592E-01 -1.91391253813187279E-01 2.79195562245640072E-01 -2.44949860037873030E-01 1.04676781160563434E-01 4.84888012378121291E-02 -1.61614019105656037E-01
actuation 0.00000000000000000E+00 0.00000000000000000E+00 0.00000000000000000E+00 0.00000000000000000E+00 0.00000000000000000E+00 0.00000000000000000E+00 0.00000000000000000E+00 0.00000000000000000E+00 0.00000000000000000E+00 0.00000000000000000E+00 0.00000000000000000E+00 0.00000000000000000E+00
length
velocity
force
position 0.00000000000000000E+00 0.00000000000000000E+00 0.00000000000000000E+00
quaternion 1.00000000000000000E+00 0.00000000000000000E+00 0.00000000000000000E+00 0.00000000000000000E+00
position 3.93071094260030840E-01 2.90536072825883063E-01 -4.77231726190744110E-02
quaternion 9.69087423704698026E-01 1.07676380411633119E-01 -2.15352760823266237E-01 5.38381902058165593E-02
position 4.60992574447898817E-01 1.82248672402059775E-01 1.75597999669902805E-01
quaternion 8.68678933857193747E-01 1.90113170081312066E-01 -4.40995622063084070E-01 1.21559671583782447E-01
position 4.53552992376079489E-01 3.20540039245779534E-02 3.80145917342586348E-01
quaternion 6.57198458851957934E-01 1.93304699256736850E-01 -6.98510915897703089E-01 2.06896059168912683E-01
position 3.18729984114929144E-01 -7.91892906773434380E-01 1.58262084941387160E-01
quaternion 4.54503247428888479E-01 2.65042978248544447E-01 -8.06577002833001377E-01 2.69467171022127361E-01
position 1.29710957800796473E-01 -1.02054330022092588E+00 1.97811432410767152E-01
quaternion 4.09821547959478394E-01 4.87550051015009811E-01 -6.76669183957174569E-01 3.69405010883839646E-01
position 1.63921452588983274E-01 -1.25630895349513172E+00 2.92975986124451748E-01
quaternion 3.54196457062743650E-02 4.21668916782827530E-01 -8.72888313329121757E-01 2.42913082749117770E-01
position 2.96504728701765918E-01 -1.53239697116557627E+00 1.39894895141729481E-01
quaternion -2.12135958403561281E-01 4.17765179435200418E-01 -8.50078695076863844E-01 2.40492831868423018E-01
position 3.57061921772039437E-01 -1.77703653365770431E+00 5.39755174664655474E-02
quaternion -6.00342430345811473E-01 2.11243963624734493E-01 -7.65974891128989865E-01 -9.08153088335240527E-02
position 5.61608642356446253E-01 -1.75595009586123108E+00 -1.56646400385673068E-01
quaternion -6.61761238441392119E-01 1.75084677302746267E-01 -7.12423656160054097E-01 1.54499039524033932E-01
position 9.07848583259770026E-01 -1.99845950544771545E+00 -7.56616907131298089E-02
quaternion -8.21897327892681440E-01 9.33324984039733963E-02 -5.40679040635978270E-01 1.53101280731091388E-01
position 1.18838933899632804E+00 -2.09922304697109219E+00 -1.01021404946104357E-01
quaternion -7.93166652111362391E-01 -1.19722501287377013E-02 -4.61044162928008983E-01 3.97720513722034874E-01
position 1.34276330372616992E+00 -2.31596019318222002E+00 -6.82045399799745544E-02
quaternion -8.41699308739536689E-01 -6.06828861047759363E-02 -2.68956380494519587E-01 4.64243822137320350E-01
unchanged_qpos 5.00436396484047696E-01 -7.18518583328930927E-02 -2.85291660454478957E-01 -7.50927377649318717E-01 6.37939946867699170E-01 -5.34483654091135296E-01 -1.59433688588808353E-01 -7.88897630125119487E-01 5.76268003077252899E-01 -2.75155760911242275E-01 6.36418915019579590E-01 1.88538585356566535E-01
unchanged_qvel 1.93969849862593913E+00 -1.02445173310209992E+00 1.47921393838773785E+00 1.58834363282412117E+00 -1.34438134385045904E+00 -1.74030974409238759E+00 1.27582364624355327E+00 1.81817449022038780E-01 7.22132940348592101E-02 2.69276160196674219E-02 -1.51528183622821988E+00 4.30992924815146949E-01
unchanged_time 1.25000000000000000E-01
act
step SUCCESS
step_clamped -1.00000000000000000E+00
qpos 1.01078708201528755E+00 -1.36270349098880722E-01 -1.19591158318573046E-01 -5.63318907520805268E-01 3.30412525177393723E-01 -7.72890308336098397E-01 9.68194055268859627E-02 -7.53944837205040463E-01 5.25330816952405244E-01 -3.23977096840049439E-01 3.34562643820856986E-01 2.69366477596390153E-01
qvel 3.13362056208184780E+00 4.77009956212078035E-01 1.11858271165615725E-01 2.89889529086329367E-01 -1.64180860696277886E+00 -6.45321955469944086E-01 1.31639496042113247E+00 1.23871280012973178E-01 -5.96255910139967704E-01 -4.97849594492613456E-01 -1.50813615549393765E+00 4.03699000275683062E-01
time 3.25000000000000178E-01
reset_qpos 0.00000000000000000E+00 0.00000000000000000E+00 0.00000000000000000E+00 0.00000000000000000E+00 0.00000000000000000E+00 0.00000000000000000E+00 0.00000000000000000E+00 0.00000000000000000E+00 0.00000000000000000E+00 0.00000000000000000E+00 0.00000000000000000E+00 0.00000000000000000E+00
reset_qvel 0.00000000000000000E+00 0.00000000000000000E+00 0.00000000000000000E+00 0.00000000000000000E+00 0.00000000000000000E+00 0.00000000000000000E+00 0.00000000000000000E+00 0.00000000000000000E+00 0.00000000000000000E+00 0.00000000000000000E+00 0.00000000000000000E+00 0.00000000000000000E+00
forward SUCCESS
forward_clamped -1.00000000000000000E+00
qacc 6.39155340964938912E+00 8.16909660729636222E+00 -5.01819921083829712E+00 -3.98011467878553216E+00 -7.64793947708881205E+00 8.03660491772104280E+00 7.01668464163656136E-01 1.30829393569941255E+00 -1.51822956505606710E+00 3.44313733311807368E-02 -1.06926159512250019E+00 -8.52705424521077671E-01
act_dot
mass 2.76300000000000061E+01 9.65717710587192002E+00 1.23830935989798263E+01 8.96560079387202080E+00 8.06138873986155424E+00 5.46553227459159441E+00 -5.48262973854421443E+00 8.29195034199829317E-01 -2.40263641140000317E-01 6.85229972633882856E-02 -6.54202631001102097E-01 -5.60698597211493066E-02 9.65717710587192002E+00 4.08803073283343537E+01 2.93150962042603673E+01 -1.21687522801023729E+01 4.93718802800586332E+00 -3.54190211186076453E+00 -5.58945292674430849E+00 -5.74699601982935082E+00 -2.61453185469010663E+00 9.61088643870519022E+00 2.71813690297997956E-01 2.78208488193203207E-01 1.23830935989798263E+01 2.93150962042603673E+01 2.73676990684999950E+01 -5.85697491723421670E+00 1.15502023709018982E+01 3.88264468851224365E+00 -9.36058708546347162E+00 -2.96689441891291850E+00 -2.08645490624699059E+00 4.94810414270563648E+00 -3.79518852989643607E-01 1.84856358416911365E-01 8.96560079387202080E+00 -1.21687522801023729E+01 -5.85697491723421670E+00 2.07300000000000075E+01 3.60996725366193427E+00 5.48678712672487467E+00 4.91312518770444129E+00 3.19116516756260182E+00 9.51855453613611013E-01 -3.10203573694640911E+00 -7.65339051341226484E-01 -2.08027651880887315E-01 8.06138873986155424E+00 4.93718802800586332E+00 1.15502023709018982E+01 3.60996725366193427E+00 1.35500056851919446E+01 1.08285521353609457E+01 -5.69271766234900944E+00 2.51729810246263952E+00 9.26222630079795162E-02 -1.11295067922271196E+00 -1.07741129331243291E+00 -1.52272662930554109E-01 5.46553227459159441E+00 -3.54190211186076453E+00 3.88264468851224365E+00 5.48678712672487467E+00 1.08285521353609457E+01 1.13286793136264574E+01 -2.76358658018635772E+00 4.34345259675347162E+00 9.80071287558754389E-01 -2.68901403114648341E+00 -1.27852628401798429E+00 -3.61217408011502816E-01 -5.48262973854421443E+00 -5.58945292674430849E+00 -9.36058708546347162E+00 4.91312518770444129E+00 -5.69271766234900944E+00 -2.76358658018635772E+00 1.38300000000000054E+01 1.22946391504793717E+00 8.69776152132428093E-01 2.14730176287328867E+00 -2.95031955099110677E-01 -3.73057543735173081E-01 8.29195034199829317E-01 -5.74699601982935082E+00 -2.96689441891291850E+00 3.19116516756260182E+00 2.51729810246263952E+00 4.34345259675347162E+00 1.22946391504793717E+00 3.90408005896867083E+00 1.85512142872855090E+00 -1.50372455724743892E+00 -3.90949088314579141E-01 -2.35514519702214542E-01 -2.40263641140000317E-01 -2.61453185469010663E+00 -2.08645490624699059E+00 9.51855453613611013E-01 9.26222630079795162E-02 9.80071287558754389E-01 8.69776152132428093E-01 1.85512142872855090E+00 1.63976739774488234E+00 -4.18925150384575229E-01 2.50058849312194853E-01 1.87854520556842708E-02 6.85229972633882856E-02 9.61088643870519022E+00 4.94810414270563648E+00 -3.10203573694640911E+00 -1.11295067922271196E+00 -2.68901403114648341E+00 2.14730176287328867E+00 -1.50372455724743892E+00 -4.18925150384575229E-01 6.93000000000000060E+00 -3.27615429739540331E-02 -2.35356978638000952E-01 -6.54202631001102097E-01 2.71813690297997956E-01 -3.79518852989643607E-01 -7.65339051341226484E-01 -1.07741129331243291E+00 -1.27852628401798429E+00 -2.95031955099110677E-01 -3.90949088314579141E-01 2.50058849312194853E-01 -3.27615429739540331E-02 9.63236995105275939E-01 4.22083799018630523E-01 -5.60698597211493066E-02 2.78208488193203207E-01 1.84856358416911365E-01 -2.08027651880887315E-01 -1.52272662930554109E-01 -3.61217408011502816E-01 -3.73057543735173081E-01 -2.35514519702214542E-01 1.87854520556842708E-02 -2.35356978638000952E-01 4.22083799018630523E-01 5.23689885883348083E-01
gravity 1.34028091875184288E+02 2.26593024971554144E+02 1.44972414291155701E+02 -6.70897185357634385E+01 1.23475658038550016E+01 -1.72660909470513673E+01 -1.48795913942580320E+01 -1.70487175534825894E+01 -7.35066153669752254E+00 5.74363898257373293E+01 -2.10099406229891272E+00 -1.45547301733806833E+00
bias -4.55867595128468750E+00 3.24351489852064390E+00 4.73620392013710756E+00 5.15647451070990037E+00 8.22222891569077419E+00 6.59872274007210446E+00 6.21098940840020042E+00 3.03689300744549495E+00 1.50648232874332733E+00 3.72112342579821220E+00 -3.41398469056308773E-01 -1.50725694871384264E-01
passive -2.51685007065873989E-01 8.30976345748987155E-02 3.82098491804355400E-01 6.85091119355303979E-01 -4.77121285769734005E-01 3.04795316324728116E-01 -1.44359725268530692E-01 -6.11065070752829856E-02 1.67045432132740507E-01 -5.85981072175160156E-02 2.58285331463562418E-01 2.52498950138030753E-01
actuation 0.00000000000000000E+00 0.00000000000000000E+00 0.00000000000000000E+00 0.00000000000000000E+00 0.00000000000000000E+00 0.00000000000000000E+00 0.00000000000000000E+00 0.00000000000000000E+00 0.00000000000000000E+00 0.00000000000000000E+00 0.00000000000000000E+00 0.00000000000000000E+00
length
velocity
force
position 0.00000000000000000E+00 0.00000000000000000E+00 0.00000000000000000E+00
quaternion 1.00000000000000000E+00 0.00000000000000000E+00 0.00000000000000000E+00 0.00000000000000000E+00
position 1.25517231263875401E-01 -1.06314154584682408E-01 2.24951338472701129E-01
quaternion 9.69087423704698026E-01 1.07676380411633119E-01 -2.15352760823266237E-01 5.38381902058165593E-02
position 2.18214924035149582E-01 -2.32619844917223678E-01 4.26875740185910180E-01
quaternion 7.90746098657685859E-01 7.73952803127709588E-02 -5.66630778827663995E-01 2.18312021034371390E-01
position 1.21186707306803698E-01 -3.31799083670544392E-01 6.43772008802179330E-01
quaternion 6.05114306687128511E-01 1.57749835595859950E-01 -7.18042119855467842E-01 3.05560434816912807E-01
position 8.61073552660201053E-02 -1.16151049989634170E+00 5.51434940349970426E-01
quaternion 3.98339559499480911E-01 2.45175095058409870E-01 -8.01749948636581333E-01 3.72037347536639751E-01
position -8.69143000935337084E-02 -1.39999156019103688E+00 6.00230764016349227E-01
quaternion 3.74092900712884924E-01 4.54482252390321251E-01 -6.53841894183696981E-01 4.75385276705868554E-01
position -5.27347221713597436E-02 -1.61607233926446270E+00 7.32126658034768840E-01
quaternion 2.37701498510933850E-03 4.48129819558791331E-01 -8.20939716334584513E-01 3.53881331474913963E-01
position -1.62065011334391190E-01 -1.84213348662900400E+00 6.85963994737521121E-01
quaternion -2.41793426412937662E-01 4.66544333832666580E-01 -7.82096089052945920E-01 3.34959745342946036E-01
position -5.35142718100896225E-02 -2.06024120445480152E+00 6.05592812597219643E-01
quaternion -4.94974744429866553E-01 4.41724464180335230E-01 -7.03752820994436035E-01 2.54187857820859231E-01
position 1.63640253010227055E-01 -2.20036553736109486E+00 4.80860053033545121E-01
quaternion -5.86754911777852550E-01 4.19922586154672151E-01 -5.56066204328156566E-01 4.12521601308117325E-01
position 6.68062048236993999E-01 -2.19069158475219172E+00 1.05744114032298375E+00
quaternion -7.55792358668921027E-01 4.02662119748350977E-01 -3.90706514378295566E-01 3.37623381180563786E-01
position 8.97389138028249156E-01 -2.27639851817345207E+00 1.14465663294750586E+00
quaternion -8.77315484249872823E-01 3.59732775932305904E-01 -2.01630349943193649E-01 2.45469087661224772E-01
position 1.09007655984649698E+00 -2.36451320134460019E+00 1.30315914443801772E+00
quaternion -8.89548815300900575E-01 3.95211252825612036E-01 8.60519358522895961E-02 -2.12381814600139107E-01
unchanged_qpos -5.04052882123102730E-02 -4.91784159668803900E-01 -6.61726349124064361E-02 -7.21322106481673275E-01 6.30039035315939300E-01 -4.85472796555924901E-01 1.37005069455723438E-01 -1.01048310354834414E-01 4.79689223685272781E-01 -6.48299413294854632E-01 7.61543605869829943E-03 -7.55076206066947919E-01
unchanged_qvel 1.35923561175399055E+00 5.68080146463114222E-01 -1.77814718919696402E+00 -1.98281138381317357E+00 1.12552835821679142E+00 -5.53030988511790778E-01 4.47788487431206583E-01 5.07629156086083722E-01 -1.79460560803424807E+00 1.58958936267728923E+00 -1.30665752943520852E+00 2.47657661443742239E-01
unchanged_time 1.25000000000000000E-01
act
step SUCCESS
step_clamped -1.00000000000000000E+00
qpos -4.76612507621445788E-02 -4.90615331734348903E-01 -6.97489957898264484E-02 -7.25303651181858688E-01 6.32259523763783582E-01 -4.86546743835407580E-01 1.37903456558186865E-01 -1.00027808408336333E-01 4.76093940711256047E-01 -6.45120097141635540E-01 4.99783824957737016E-03 -7.54584300587631263E-01
qvel 1.37201872508284706E+00 5.84413967227501829E-01 -1.78818043871000931E+00 -1.99077235009270326E+00 1.11024422392215705E+00 -5.36973639741348374E-01 4.49193551231718724E-01 5.10250973249043782E-01 -1.79764148700836057E+00 1.58965807660956226E+00 -1.30879890456046466E+00 2.45952739658349628E-01
time 1.27000000000000002E-01
reset_qpos 0.00000000000000000E+00 0.00000000000000000E+00 0.00000000000000000E+00 0.00000000000000000E+00 0.00000000000000000E+00 0.00000000000000000E+00 0.00000000000000000E+00 0.00000000000000000E+00 0.00000000000000000E+00 0.00000000000000000E+00 0.00000000000000000E+00 0.00000000000000000E+00
reset_qvel 0.00000000000000000E+00 0.00000000000000000E+00 0.00000000000000000E+00 0.00000000000000000E+00 0.00000000000000000E+00 0.00000000000000000E+00 0.00000000000000000E+00 0.00000000000000000E+00 0.00000000000000000E+00 0.00000000000000000E+00 0.00000000000000000E+00 0.00000000000000000E+00
forward SUCCESS
forward_clamped -1.00000000000000000E+00
qacc 6.72877105347788795E+00 7.04490052714478399E-01 -2.90751297633076478E+00 -5.60571162625262431E+00 4.20893475443218712E+00 -8.60093581354830938E-01 3.68270319638194099E+00 -1.71548156431982002E+00 -1.28949646722374656E+00 1.29343760682774978E+00 2.93928610121647704E+00 -2.79935328254040616E+00
act_dot
mass 2.76300000000000061E+01 4.90513947632361180E+00 9.65498464668011813E+00 1.13431138316799736E+01 1.01675090442135634E+01 5.87826117080109611E+00 3.87958372553014463E+00 -7.86702834970435472E-01 -7.91493400511824374E-01 1.94307752902323538E+00 -9.89447691117399386E-01 -4.01549157108129273E-01 4.90513947632361180E+00 4.17563565089837994E+01 3.65705524422674699E+01 -1.49070203079874073E+01 9.12339744446341783E+00 3.59540050585624948E+00 -5.00024716476048603E+00 -5.84505422253166085E+00 -2.48516363129261686E+00 1.01878969917589846E+01 6.69754027944463592E-03 1.96661543665023419E-01 9.65498464668011813E+00 3.65705524422674699E+01 3.96175581271269408E+01 -7.97671127567144289E+00 1.87620537344222278E+01 9.16528570192164693E+00 -7.99912440592802731E+00 -5.39022617364862278E+00 -3.27001694583151181E+00 7.13093261015109636E+00 -1.01597270183060040E+00 -1.44823858009337392E-01 1.13431138316799736E+01 -1.49070203079874073E+01 -7.97671127567144289E+00 2.07300000000000075E+01 5.21220713972754357E+00 3.84880914334936142E+00 5.10851832380909343E+00 1.82039293187622975E+00 3.94193169701146040E-01 -3.52004612064508038E+00 -7.50986191892435206E-01 -3.03277325844558743E-01 1.01675090442135634E+01 9.12339744446341783E+00 1.87620537344222278E+01 5.21220713972754357E+00 2.03443307902079127E+01 1.21504751277283258E+01 -5.20193395703271833E+00 -4.53931584240012453E-01 -1.64281360670075705E+00 -4.65494696673788622E-01 -1.91539377472417338E+00 -6.64936918191367576E-01 5.87826117080109611E+00 3.59540050585624948E+00 9.16528570192164693E+00 3.84880914334936142E+00 1.21504751277283258E+01 8.45682478555908723E+00 -2.13167690272263188E+00 9.89813551232668565E-01 -3.27204484467422174E-01 -6.83244268923446807E-01 -1.31370339715803497E+00 -5.38745561822789876E-01 3.87958372553014463E+00 -5.00024716476048603E+00 -7.99912440592802731E+00 5.10851832380909343E+00 -5.20193395703271833E+00 -2.13167690272263188E+00 1.38300000000000001E+01 9.62859901924762673E-01 8.98730482298312872E-01 2.56264004697334524E+00 -2.05990697023208935E-01 -2.88014192997541552E-01 -7.86702834970435472E-01 -5.84505422253166085E+00 -5.39022617364862278E+00 1.82039293187622975E+00 -4.53931584240012453E-01 9.89813551232668565E-01 9.62859901924762673E-01 2.90612627760506825E+00 1.56190636249046388E+00 -1.70801777712145353E+00 -1.32764617375822291E-01 -2.21100194349357043E-01 -7.91493400511824374E-01 -2.48516363129261686E+00 -3.27001694583151181E+00 3.94193169701146040E-01 -1.64281360670075705E+00 -3.27204484467422174E-01 8.98730482298312872E-01 1.56190636249046388E+00 1.58224914760053825E+00 -4.39201659532245436E-01 3.75544342966660172E-01 4.11817339306707053E-02 1.94307752902323538E+00 1.01878969917589846E+01 7.13093261015109636E+00 -3.52004612064508038E+00 -4.65494696673788622E-01 -6.83244268923446807E-01 2.56264004697334524E+00 -1.70801777712145353E+00 -4.39201659532245436E-01 6.92999999999999883E+00 -7.72583360867828972E-04 -1.21051181607937930E-01 -9.89447691117399386E-01 6.69754027944463592E-03 -1.01597270183060040E+00 -7.50986191892435206E-01 -1.91539377472417338E+00 -1.31370339715803497E+00 -2.05990697023208935E-01 -1.32764617375822291E-01 3.75544342966660172E-01 -7.72583360867828972E-04 1.00338685422958518E+00 4.45312123780044034E-01 -4.01549157108129273E-01 1.96661543665023419E-01 -1.44823858009337392E-01 -3.03277325844558743E-01 -6.64936918191367576E-01 -5.38745561822789876E-01 -2.88014192997541552E-01 -2.21100194349357043E-01 4.11817339306707053E-02 -1.21051181607937930E-01 4.45312123780044034E-01 5.23689885883347972E-01
gravity 1.34028091875184288E+02 1.04010052429831717E+02 5.84430860223358692E+01 -3.10198566081226375E+01 -1.09216752210207595E+01 -5.47685777910225902E+00 8.94077592110100312E+01 -1.35447535512414241E+01 -2.28202794450279356E+00 6.24020487171100768E+01 -2.53998189853174239E+00 -2.57434681588609671E+00
bias -1.89979800926469160E+01 2.22295797251213969E+01 -2.36794491238580811E+01 -3.15849332166238170E+01 -5.68823139021329780E+01 -3.10138955206255496E+01 4.06917501765763348E+01 -8.92867020401267197E-01 4.82925972331534936E+00 2.31280983177999531E+01 3.52677243457104161E+00 8.59197656595373616E-01
passive -1.40714765167422845E-01 3.51157038796902798E-01 2.28717172370290683E-01 -2.45182641631922160E-01 -1.15758052040642267E-01 -5.85285656010255673E-02 -3.36499384119536282E-02 4.02232639581175389E-01 5.61175348192866630E-02 4.74517274502143704E-01 1.98741615903284402E-02 -7.16937054545806335E-02
actuation 0.00000000000000000E+00 0.00000000000000000E+00 0.00000000000000000E+00 0.00000000000000000E+00 0.00000000000000000E+00 0.00000000000000000E+00 0.00000000000000000E+00 0.00000000000000000E+00 0.00000000000000000E+00 0.00000000000000000E+00 0.00000000000000000E+00 0.00000000000000000E+00
length
velocity
force
position 0.00000000000000000E+00 0.00000000000000000E+00 0.00000000000000000E+00
quaternion 1.00000000000000000E+00 0.00000000000000000E+00 0.00000000000000000E+00 0.00000000000000000E+00
position 1.92862479855831825E-01 -6.42407294111067839E-03 1.56317185601472841E-01
quaternion 9.69087423704698026E-01 1.07676380411633119E-01 -2.15352760823266237E-01 5.38381902058165593E-02
position 2.82592650616771301E-01 -1.30678218486357967E-01 3.59865323794321790E-01
quaternion 8.00643111901082949E-01 8.94901065845423171E-02 -5.54509023255124966E-01 2.08523071427323126E-01
position 2.37041241370731209E-01 -2.47899580397611147E-01 5.85232330810741663E-01
quaternion 4.48723208854564459E-01 1.36028511003247407E-02 -8.26998273311025711E-01 3.38432120546775850E-01
position -2.47751773730596689E-02 -8.23138619082975920E-02 7.08339140317840066E-01
quaternion 2.37070378424255018E-01 8.98574440366248367E-02 -8.62358615092891467E-01 4.38247526404948129E-01
position -1.87146785347663075E-01 -2.68969093572920148E-01 7.80196625580416470E-01
quaternion -2.21425485001206790E-01 3.87545951163851821E-02 -8.86595800972128312E-01 4.04248341552486568E-01
position -2.31243146225437401E-01 -5.14303759905987867E-01 6.07843233027321794E-01
quaternion -1.47665612976223409E-01 1.34639634562733534E-01 -7.46705716578541012E-01 6.34426992157566816E-01
position 2.18820631391217435E-01 -1.05856665737899114E+00 1.15581204539160520E+00
quaternion -3.52559935621750808E-01 2.11001797775403205E-01 -6.30758873815442711E-01 6.58272721774956326E-01
position 2.07708862444235254E-01 -1.29843176008073313E+00 1.24950201234420510E+00
quaternion -7.11825416900870866E-01 2.92737845968936594E-01 -4.86006191296544654E-01 4.14013419363183199E-01
position 4.69239659566777823E-01 -1.46105647780704562E+00 1.30007510306080576E+00
quaternion -6.42182937186031588E-01 1.78485625222343736E-01 -3.21590948393314924E-01 6.72549789002716780E-01
position 4.90921931627326169E-01 -1.56438648409407044E+00 1.69255364471498804E+00
quaternion -7.47014456279659234E-01 2.31341819681512267E-01 -1.10545491301926480E-01 6.13375952355867282E-01
position 5.48161271293939656E-01 -1.67965953312295602E+00 1.91539806665622581E+00
quaternion -8.15252510344002701E-01 2.90223175638864239E-01 1.09974503101598634E-01 4.88916620056478790E-01
position 5.69489685761756292E-01 -1.71969194908321255E+00 2.16515489745038403E+00
quaternion -8.19795779399566049E-01 3.99666488279637078E-01 3.30587772237961763E-01 2.42720627618713880E-01
unchanged_qpos 8.82455605374286023E-02 -4.47647283870387214E-01 -5.89708116528419590E-01 2.99254537095674289E-01 -5.74389441952247171E-01 6.83872329089877384E-01 -7.82209750229378997E-01 -5.78880436817806210E-01 7.91461902042037480E-01 -2.45371859258258995E-01 -7.10230206670653397E-02 -2.96279253920031738E-01
unchanged_qvel 5.27082704762257048E-01 -8.60490626243739509E-01 3.58303712053857915E-02 6.27404133968262112E-01 1.72756914410770568E+00 -1.07510183017462690E+00 1.73266919251852602E+00 -8.53402324270264412E-01 -1.86351147818050844E+00 -1.88184265399420037E+00 4.26752333824884644E-02 9.51027035112966601E-01
unchanged_time 1.25000000000000000E-01
act
step SUCCESS
step_clamped -1.00000000000000000E+00
qpos 8.93266402513796798E-02 -4.49365455865999242E-01 -5.89648071797019169E-01 3.00486924549577705E-01 -5.70917485340041497E-01 6.81718696691034798E-01 -7.78729681971810472E-01 -5.80594103232050962E-01 7.87729725625987087E-01 -2.49130370488490460E-01 -7.09259322036022849E-02 -2.94388375585744932E-01
qvel 5.40539856975540967E-01 -8.59085997806005142E-01 3.00223657002118352E-02 6.16193726951713039E-01 1.73597830610284509E+00 -1.07681619942131190E+00 1.74003412878425667E+00 -8.56833207122403739E-01 -1.86608820802519371E+00 -1.87925561511573247E+00 4.85442317315243621E-02 9.45439167143398818E-01
time 1.27000000000000002E-01
reset_qpos 0.00000000000000000E+00 0.00000000000000000E+00 0.00000000000000000E+00 0.00000000000000000E+00 0.00000000000000000E+00 0.00000000000000000E+00 0.00000000000000000E+00 0.00000000000000000E+00 0.00000000000000000E+00 0.00000000000000000E+00 0.00000000000000000E+00 0.00000000000000000E+00
reset_qvel 0.00000000000000000E+00 0.00000000000000000E+00 0.00000000000000000E+00 0.00000000000000000E+00 0.00000000000000000E+00 0.00000000000000000E+00 0.00000000000000000E+00 0.00000000000000000E+00 0.00000000000000000E+00 0.00000000000000000E+00 0.00000000000000000E+00 0.00000000000000000E+00
forward SUCCESS
forward_clamped -1.00000000000000000E+00
qacc 5.52367625249493610E+00 2.59075121889491200E+00 -6.50491257041615878E+00 -9.45527478443690939E+00 -5.90023847782504163E-01 7.05188721438919153E+00 -8.18911618047265932E+00 2.11819484357053600E+00 -7.75264286149586024E+00 -1.65971024461682393E+00 -5.46032873715763145E+00 2.93257379880665781E+00
act_dot
mass 2.76300000000000061E+01 9.61310330956886183E+00 1.42935463609364533E+01 6.94974943967171299E+00 9.33037276555090855E+00 5.42030905176441813E+00 -9.86179697294056368E+00 9.05002127598263817E-01 -6.23901034522530706E-02 -6.17803466221283415E+00 3.89556511548903139E-01 1.34517068054038152E-01 9.61310330956886183E+00 4.88943143855304783E+01 4.06078569463146621E+01 -1.17004244478219803E+01 2.17877270498169366E+01 1.29706185990218295E+01 -8.76092574074850639E+00 -4.75574931827076441E-01 -2.46395570738762837E+00 -6.14754477635996821E+00 -2.07696251791074404E+00 -8.71540817931195200E-01 1.42935463609364533E+01 4.06078569463146621E+01 3.91472128780345869E+01 -4.59587772567655239E+00 2.38799944767769290E+01 1.46645837405587933E+01 -1.00205606477966267E+01 9.56031207991399512E-01 -1.66854731207220919E+00 -8.68868538029018467E+00 -1.70015203714614316E+00 -8.40386547491185798E-01 6.94974943967171299E+00 -1.17004244478219803E+01 -4.59587772567655239E+00 2.07300000000000004E+01 1.12053343502237723E+00 1.21346759643899715E+00 4.84435041267523303E+00 1.99541236741178274E+00 1.36139616003851605E+00 -3.52623388580298158E+00 7.14332711278557797E-01 1.91084681075282370E-01 9.33037276555090855E+00 2.17877270498169366E+01 2.38799944767769290E+01 1.12053343502237723E+00 1.86061094790726216E+01 1.27092081475240537E+01 -5.02906171634292587E+00 2.55570424900557924E+00 -3.23448659675455330E-01 -6.96579719241926121E+00 -1.50860687518536762E+00 -8.46595186431449154E-01 5.42030905176441813E+00 1.29706185990218295E+01 1.46645837405587933E+01 1.21346759643899715E+00 1.27092081475240537E+01 9.77162601600213243E+00 -2.33019379280623617E+00 2.71398343857643720E+00 2.55189344023242448E-01 -4.68550907374482328E+00 -1.25064556132826832E+00 -7.14894690215396866E-01 -9.86179697294056368E+00 -8.76092574074850639E+00 -1.00205606477966267E+01 4.84435041267523303E+00 -5.02906171634292587E+00 -2.33019379280623617E+00 1.38299999999999912E+01 9.14716177395303864E-01 1.02881108037079372E+00 2.62551462104281486E+00 -1.55506504569448700E-01 -1.20809342889629912E-01 9.05002127598263817E-01 -4.75574931827076441E-01 9.56031207991399512E-01 1.99541236741178274E+00 2.55570424900557924E+00 2.71398343857643720E+00 9.14716177395303864E-01 2.47358985369071060E+00 1.37577371641671964E+00 -1.35964601004734731E+00 -1.17688906065545801E-01 -1.59245275633809330E-01 -6.23901034522530706E-02 -2.46395570738762837E+00 -1.66854731207220919E+00 1.36139616003851605E+00 -3.23448659675455330E-01 2.55189344023242448E-01 1.02881108037079372E+00 1.37577371641671964E+00 1.53861353111365862E+00 -2.85275627629028250E-01 4.15098315069777846E-01 1.19558411254694727E-01 -6.17803466221283415E+00 -6.14754477635996821E+00 -8.68868538029018467E+00 -3.52623388580298158E+00 -6.96579719241926121E+00 -4.68550907374482328E+00 2.62551462104281486E+00 -1.35964601004734731E+00 -2.85275627629028250E-01 6.93000000000000149E+00 -1.56232453022804363E-01 -3.29315110639080005E-03 3.89556511548903139E-01 -2.07696251791074404E+00 -1.70015203714614316E+00 7.14332711278557797E-01 -1.50860687518536762E+00 -1.25064556132826832E+00 -1.55506504569448700E-01 -1.17688906065545801E-01 4.15098315069777846E-01 -1.56232453022804363E-01 1.08596597401775030E+00 4.80599114068863686E-01 1.34517068054038152E-01 -8.71540817931195200E-01 -8.40386547491185798E-01 1.91084681075282370E-01 -8.46595186431449154E-01 -7.14894690215396866E-01 -1.20809342889629912E-01 -1.59245275633809330E-01 1.19558411254694727E-01 -3.29315110639080005E-03 4.80599114068863686E-01 5.23689885883346751E-01
gravity 1.34028091875184288E+02 2.37177730359984594E+02 1.93168046098418444E+02 -1.20971716423568452E+02 8.85514747028822455E+01 5.03593866233292573E+01 -1.03299859813375292E+02 -5.47986292091560045E+00 -1.13085096203408852E+01 -2.60437446932907761E+01 -5.69843795696620603E+00 -1.80231674003378473E+00
bias -9.29559145364309103E+00 2.33740428739897190E+01 1.28978394324237371E+01 7.29795691766194636E+01 1.05935720465833683E+00 -3.05498428255489785E+00 9.11442049130216105E+01 8.69299903857729106E+00 1.39992211556433652E+01 -3.67487297193379225E+00 7.76575843037785774E+00 1.45011887457783217E+00
passive 1.40541776978352351E-01 6.46437934237171358E-03 4.13956016212532418E-01 -5.91941811274130925E-02 -2.97294769275250115E-01 3.16254572094656905E-02 1.27207575769829023E-01 7.69482943570830580E-02 4.67446086418505935E-02 4.42799814760710397E-01 4.41543380591388979E-01 -4.36644062761630702E-01
actuation 0.00000000000000000E+00 0.00000000000000000E+00 0.00000000000000000E+00 0.00000000000000000E+00 0.00000000000000000E+00 0.00000000000000000E+00 0.00000000000000000E+00 0.00000000000000000E+00 0.00000000000000000E+00 0.00000000000000000E+00 0.00000000000000000E+00 0.00000000000000000E+00
length
velocity
force
position 0.00000000000000000E+00 0.00000000000000000E+00 0.00000000000000000E+00
quaternion 1.00000000000000000E+00 0.00000000000000000E+00 0.00000000000000000E+00 0.00000000000000000E+00
position 1.12218144382939089E-01 -1.26040072924827190E-01 2.38504953332219966E-01
quaternion 9.69087423704698026E-01 1.07676380411633119E-01 -2.15352760823266237E-01 5.38381902058165593E-02
position 1.72765400987570261E-01 -2.28319346247417843E-01 4.73880831093895727E-01
quaternion 8.89672175719998237E-01 2.34018148673258680E-01 -3.83767749449130113E-01 8.02573381313814865E-02
position 1.79605676078494980E-01 -3.93077518301189699E-01 6.69453218921352788E-01
quaternion 7.27743162934076149E-01 2.79246302218500053E-01 -6.11748297052987389E-01 1.34816217691978463E-01
position 1.64240264822642507E-02 -1.04765221300355704E+00 4.69972096163613517E-01
quaternion 5.36178569950048978E-01 3.45072452758939219E-01 -7.50076673646176584E-01 1.75563456120962469E-01
position -1.31433659613010706E-01 -1.27927426159701763E+00 5.22670719102197978E-01
quaternion 4.02118927260661396E-01 5.04794921548113562E-01 -7.26371321210569909E-01 2.36362347341491585E-01
position -2.12063917647617672E-01 -1.58121226927434333E+00 5.11251119459756431E-01
quaternion 3.29881153916110115E-01 7.19966229443687600E-01 -5.02726989088547072E-01 3.46543831561865967E-01
position 3.41706339319683639E-01 -1.77993885205506275E+00 2.74432497315023616E-02
quaternion 1.15239382213321584E-01 7.80793886678642246E-01 -5.59674313288032299E-01 2.52676580548971352E-01
position 4.89336760622976374E-01 -2.01984334766278151E+00 -9.89850456263832446E-02
quaternion -2.05265519038260562E-02 8.70728036481932532E-01 -3.14566804781700571E-01 3.77437508046947423E-01
position 7.62285640305376044E-01 -2.12524011879146402E+00 -1.60865968911844737E-01
quaternion -1.63212773146984680E-01 8.85366043055061169E-01 -8.05557204889800621E-02 4.27784217080522888E-01
position 1.02526346526019263E+00 -1.92473991711845116E+00 -1.98167746712247239E-01
quaternion -2.93879481553886490E-01 9.28210475033497295E-01 -4.45214636698313682E-02 2.23781151200015432E-01
position 1.24570267881799657E+00 -1.78509573456046722E+00 -1.86744500545966113E-01
quaternion -3.04757305454612770E-01 8.97374619187004008E-01 -1.77166028890746952E-01 -2.65431678249049063E-01
position 1.30765026847014543E+00 -1.62292271512060293E+00 -4.07602851184024340E-01
quaternion -4.99473568119799594E-01 8.09118724536235456E-01 -1.25267093624002901E-01 -2.83127532411679872E-01
unchanged_qpos -7.77855373344223944E-02 9.96565193620078116E-02 -1.32475392036789374E-01 -5.81719300391842165E-01 3.79136843485655906E-01 7.98875826455961224E-01 -6.43623618296393030E-01 7.52189194917272763E-01 6.35166983362632553E-01 -1.45263871117866428E-01 -6.77398995927620762E-01 3.95438831551985670E-01
unchanged_qvel -5.47137810222916965E-01 -2.31634935435874212E-01 -1.80482929698908334E+00 1.45940950642074974E+00 7.28200159404938763E-01 -1.75587893895925085E+00 6.51209357743641082E-01 -1.88911986161996071E+00 -1.50405700993451807E+00 -1.92347133156781913E+00 -8.52918911101703259E-01 1.39234265070418228E+00
unchanged_time 1.25000000000000000E-01
act
step SUCCESS
step_clamped -1.00000000000000000E+00
qpos -7.88577193136799498E-02 9.92036074056528022E-02 -1.36111062761871626E-01 -5.78838302781910841E-01 3.80590890697201534E-01 7.95392266552932159E-01 -6.42353953811731437E-01 7.48419413776889031E-01 6.32127880610541482E-01 -1.49117450359860765E-01 -6.79126663341848680E-01 3.98235220883691676E-01
qvel -5.36090989628777992E-01 -2.26455978177506762E-01 -1.81783536254112299E+00 1.44049880496567950E+00 7.27023605772804005E-01 -1.74177995151453047E+00 6.34832242330798491E-01 -1.88489057019185191E+00 -1.51955137604553303E+00 -1.92678962099716378E+00 -8.63833707113931260E-01 1.39819466585301289E+00
time 1.27000000000000002E-01
reset_qpos 0.00000000000000000E+00 0.00000000000000000E+00 0.00000000000000000E+00 0.00000000000000000E+00 0.00000000000000000E+00 0.00000000000000000E+00 0.00000000000000000E+00 0.00000000000000000E+00 0.00000000000000000E+00 0.00000000000000000E+00 0.00000000000000000E+00 0.00000000000000000E+00
reset_qvel 0.00000000000000000E+00 0.00000000000000000E+00 0.00000000000000000E+00 0.00000000000000000E+00 0.00000000000000000E+00 0.00000000000000000E+00 0.00000000000000000E+00 0.00000000000000000E+00 0.00000000000000000E+00 0.00000000000000000E+00 0.00000000000000000E+00 0.00000000000000000E+00
forward SUCCESS
forward_clamped -1.00000000000000000E+00
qacc 4.09711568239941482E+00 7.39258964700567933E+00 -7.96859279115844821E+00 -9.73944722575143196E-01 4.41946909545751332E+00 1.04887692990712331E+01 -4.23902800057916007E+00 -6.88226868744691878E+00 -2.43903671940704836E+00 -1.37431115865784577E+01 -3.51282947750845498E+00 2.12173294864951778E+00
act_dot
mass 2.76300000000000061E+01 6.45454738827756191E+00 7.88883211407722484E+00 1.20848140872717984E+01 2.56088431710245867E+00 4.61683825603714515E-02 7.05586715185989810E-01 -2.26738652088807857E+00 -1.43290138486654395E+00 5.58476360376772885E+00 1.12489900516319408E-01 2.86314994697555447E-02 6.45454738827756191E+00 2.58402251645072027E+01 1.79533285342707565E+01 -7.87519577568332885E+00 2.18688016102952476E+00 -3.01489933089725337E+00 1.36784139326936049E+00 -1.21529940940421288E+00 1.71577861817429089E+00 5.77783193010654017E+00 2.18030778189737751E+00 8.54746517702353215E-01 7.88883211407722484E+00 1.79533285342707565E+01 1.70195403696559069E+01 -3.70647858800200858E+00 5.07433051228549648E+00 9.08086742774464328E-02 -3.18012248632942462E+00 -1.86340627701438599E+00 3.63440978651414393E-01 4.85982034776944616E+00 1.73934707580035419E+00 8.48692174624922968E-01 1.20848140872717984E+01 -7.87519577568332885E+00 -3.70647858800200858E+00 2.07300000000000075E+01 1.49202079832707368E+00 1.55330837826896473E+00 5.66043174093190160E+00 -1.58447600260825894E+00 -2.09994558889052918E+00 3.07513456693227827E+00 -6.89129699734289836E-01 -2.93391588685699811E-01 2.56088431710245867E+00 2.18688016102952476E+00 5.07433051228549648E+00 1.49202079832707368E+00 5.21060170851336135E+00 3.52006254984340794E+00 -1.83791711608847441E+00 -1.94901251759758615E-01 -1.94291295367662653E-01 1.77787045065806470E+00 5.47260145194277015E-01 3.13711429423165766E-01 4.61683825603714515E-02 -3.01489933089725337E+00 9.08086742774464328E-02 1.55330837826896473E+00 3.52006254984340794E+00 4.07721178006455176E+00 -1.19604475464276949E+00 6.15627801988270384E-01 -3.24419803656234296E-01 3.01658555680548113E-01 -8.95094852121827850E-02 -4.88871402826076239E-03 7.05586715185989810E-01 1.36784139326936049E+00 -3.18012248632942462E+00 5.66043174093190160E+00 -1.83791711608847441E+00 -1.19604475464276949E+00 1.38300000000000036E+01 6.00113354282511002E-02 -2.55905318070241306E-01 3.74706308027795698E+00 -2.76723753792794291E-01 -3.75804631102138076E-01 -2.26738652088807857E+00 -1.21529940940421288E+00 -1.86340627701438599E+00 -1.58447600260825894E+00 -1.94901251759758615E-01 6.15627801988270384E-01 6.00113354282511002E-02 2.23558212215585206E+00 1.46250423787881068E+00 -1.16547825048278053E+00 1.01040669467135358E-02 -1.62711891876311160E-01 -1.43290138486654395E+00 1.71577861817429089E+00 3.63440978651414393E-01 -2.09994558889052918E+00 -1.94291295367662653E-01 -3.24419803656234296E-01 -2.55905318070241306E-01 1.46250423787881068E+00 1.93115985094559539E+00 -6.79290531561898114E-01 5.04498538169763422E-01 5.80813445527119387E-02 5.58476360376772885E+00 5.77783193010654017E+00 4.85982034776944616E+00 3.07513456693227827E+00 1.77787045065806470E+00 3.01658555680548113E-01 3.74706308027795698E+00 -1.16547825048278053E+00 -6.79290531561898114E-01 6.92999999999999883E+00 2.23528766938625278E-01 -9.60475439713960460E-02 1.12489900516319408E-01 2.18030778189737751E+00 1.73934707580035419E+00 -6.89129699734289836E-01 5.47260145194277015E-01 -8.95094852121827850E-02 -2.76723753792794291E-01 1.01040669467135358E-02 5.04498538169763422E-01 2.23528766938625278E-01 9.73785788982219347E-01 4.28806462073042738E-01 2.86314994697555447E-02 8.54746517702353215E-01 8.48692174624922968E-01 -2.93391588685699811E-01 3.13711429423165766E-01 -4.88871402826076239E-03 -3.75804631102138076E-01 -1.62711891876311160E-01 5.80813445527119387E-02 -9.60475439713960460E-02 4.28806462073042738E-01 5.23689885883347861E-01
gravity 1.34028091875184288E+02 1.47286259382871634E+02 7.18226477792749591E+01 -2.09870797448424984E+00 -8.29266464245207402E+00 -2.53451421275586917E+01 7.39923259718467108E+01 -6.99278860475360275E+00 3.45058281820610180E+00 5.91724634510971370E+01 5.24783356355706943E+00 -2.15208244127531145E-01
bias 9.63167651949860328E+01 1.74460981532268590E+02 6.07455555989069609E+01 2.32278484402545118E+01 -3.75866215851945782E+01 -5.66272885474967964E+01 1.71488645852774056E+02 -6.51326872024944237E+00 7.76285853460991859E+00 1.25995501959666200E+02 5.78340843851019315E+00 -5.04208482028249705E+00
passive -4.92817106161148932E-01 8.10197383564794371E-02 -2.82364640018973323E-02 3.98510596866022304E-01 -6.27636087868626014E-01 1.35363158471229567E-01 1.57039678144224759E-01 5.04875191069944829E-01 1.20341594769490690E-01 -3.18978694184386735E-01 -3.75495822324620088E-01 3.00919923583442217E-01
actuation 0.00000000000000000E+00 0.00000000000000000E+00 0.00000000000000000E+00 0.00000000000000000E+00 0.00000000000000000E+00 0.00000000000000000E+00 0.00000000000000000E+00 0.00000000000000000E+00 0.00000000000000000E+00 0.00000000000000000E+00 0.00000000000000000E+00 0.00000000000000000E+00
length
velocity
force
position 0.00000000000000000E+00 0.00000000000000000E+00 0.00000000000000000E+00
quaternion 1.00000000000000000E+00 0.00000000000000000E+00 0.00000000000000000E+00 0.00000000000000000E+00
position 4.93865441198844901E-01 4.40039649625080964E-01 -1.50446597968200646E-01
quaternion 9.69087423704698026E-01 1.07676380411633119E-01 -2.15352760823266237E-01 5.38381902058165593E-02
position 6.07302408664591287E-01 2.99939476662290427E-01 4.49171214801589030E-02
quaternion 7.16853158879418473E-01 -2.27558742760809079E-03 -6.38774781063399355E-01 2.79433622500702084E-01
position 4.86888124202720540E-01 2.23861570066326260E-01 2.55251079931306024E-01
quaternion 4.06266867990536240E-01 -2.03372048984831700E-03 -8.18528056645961732E-01 4.06146422411320096E-01
position 3.83789648938927974E-01 -3.60629867478071464E-01 3.28593760793308265E-01
quaternion 1.95788630947438008E-01 8.51711770386167771E-02 -8.36874068784888570E-01 5.04038168781899110E-01
position 1.96498959225282877E-01 -5.87398990843326363E-01 3.29852091097701861E-01
quaternion 2.12453153749913803E-01 2.54139143799856859E-01 -6.93755082641531962E-01 6.39516097029177333E-01
position 1.35688174902354297E-01 -7.67003459421292999E-01 5.14146669458921846E-01
quaternion -2.90232487444416209E-01 2.76991575764189091E-01 -7.88162259562047773E-01 4.66734424260248526E-01
position 9.10124877249857134E-02 -9.88041775950514234E-01 4.01357757635681156E-01
quaternion -5.05947159098034116E-01 2.95257186011697648E-01 -6.65952217852049388E-01 4.61896427618810279E-01
position 1.85355558865165360E-01 -1.22879474629418506E+00 4.21730953281271748E-01
quaternion -8.21488335438008588E-01 2.84065626767802504E-01 -4.72423842665411042E-01 1.45874423082157423E-01
position 4.19888336252591921E-01 -1.32541856719679529E+00 4.36597233244040983E-01
quaternion -9.51111663338096380E-01 2.03001211021372918E-01 -2.13285489161545661E-01 -9.32009243474327675E-02
position 6.36738937497744462E-01 -1.36043044484365128E+00 6.88069898673215219E-01
quaternion -9.84482636943869949E-01 6.27596782189820818E-02 -2.28325186498203915E-02 -1.62277036077196318E-01
position 8.09688685850172174E-01 -1.31738140732473474E+00 9.30244047594476098E-01
quaternion -9.85269605606149845E-01 -1.64867966822599826E-01 -4.45544763449187281E-02 8.78956324934665467E-03
position 9.88240438385260211E-01 -1.47243967106125506E+00 1.03555480350745821E+00
quaternion -8.94417849718722402E-01 -1.34726074444511013E-01 3.88400564299602180E-01 -1.76098258427104970E-01
unchanged_qpos 7.07952472887860784E-01 -7.80118649948362219E-01 -3.77457446946479536E-01 -4.67576940860234769E-01 5.73201534514468314E-01 -7.51268330733544154E-01 1.21732558166859350E-01 -6.29012020940819760E-01 -3.86624115551659597E-01 -1.46924233286113703E-01 6.55130186386561730E-01 -6.14194218382246193E-01
unchanged_qvel 1.04818058503002298E+00 1.15513860811432734E+00 8.96097213902445677E-01 -1.05739910260964187E+00 1.99177737031419300E+00 8.25720869110940558E-01 -1.02866350705484244E+00 -1.26635191346808451E+00 1.71540257255865747E-01 1.88874193749416097E+00 5.67218738849976756E-01 -2.76211181152718588E-01
unchanged_time 1.25000000000000000E-01
act
step SUCCESS
step_clamped -1.00000000000000000E+00
qpos 7.10065221293786131E-01 -7.77778824624802412E-01 -3.75697100125311989E-01 -4.69695637052094384E-01 5.77202764048341810E-01 -7.49574955825496492E-01 1.19658280393861671E-01 -6.31572223671531541E-01 -3.86290806153930077E-01 -1.43201715266604329E-01 6.56250591617254297E-01 -6.14738166400752739E-01
qvel 1.05637420296264706E+00 1.16991266177989628E+00 8.80173410583770410E-01 -1.05934809592979984E+00 2.00061476693674445E+00 8.46687454023808517E-01 -1.03713888649883845E+00 -1.28010136535588659E+00 1.66654698864768247E-01 1.86125900975469127E+00 5.60202615346289345E-01 -2.71974009253286908E-01
time 1.27000000000000002E-01
reset_qpos 0.00000000000000000E+00 0.00000000000000000E+00 0.00000000000000000E+00 0.00000000000000000E+00 0.00000000000000000E+00 0.00000000000000000E+00 0.00000000000000000E+00 0.00000000000000000E+00 0.00000000000000000E+00 0.00000000000000000E+00 0.00000000000000000E+00 0.00000000000000000E+00
reset_qvel 0.00000000000000000E+00 0.00000000000000000E+00 0.00000000000000000E+00 0.00000000000000000E+00 0.00000000000000000E+00 0.00000000000000000E+00 0.00000000000000000E+00 0.00000000000000000E+00 0.00000000000000000E+00 0.00000000000000000E+00 0.00000000000000000E+00 0.00000000000000000E+00
forward SUCCESS
forward_clamped -1.00000000000000000E+00
qacc 6.66982734516504028E+00 -3.22948328336541657E+00 5.40674879807273912E-01 -8.47871701598541705E+00 5.57102285837235200E+00 -6.66085718541454597E+00 -5.26802294007249294E+00 -6.64874626197193841E-02 -1.37950826585772290E-01 -7.83992071815272862E-01 2.79234705695365726E+00 -9.75215813403818466E-01
act_dot
mass 2.76300000000000061E+01 4.71499911103559732E+00 1.06989213441696922E+01 6.61471252546023614E+00 9.76676287617813621E+00 3.70687788642991656E+00 -6.83091557763933466E+00 -2.78776829494156919E+00 -2.40122064070624530E+00 -4.23834915151713787E-01 -5.58668507544901827E-01 -8.74974814114316407E-02 4.71499911103559732E+00 4.65960326220541958E+01 3.49045679191813747E+01 -1.36318662629123875E+01 4.08703472536914703E+00 1.19597678785512418E-01 1.25914621420532047E+00 -5.07677678178979352E+00 -1.90017287450770200E+00 1.28100088204136888E+01 3.55456203812686389E-01 3.61608886496294857E-01 1.06989213441696922E+01 3.49045679191813747E+01 3.13378846032624025E+01 -6.46195830085761269E+00 1.00819615343663571E+01 3.32494011930618782E+00 -2.28763585264785574E+00 -5.21061294094338390E+00 -3.02143326832820591E+00 8.99345008719564376E+00 -4.21266002458451805E-01 7.49281526701036649E-02 6.61471252546023614E+00 -1.36318662629123875E+01 -6.46195830085761269E+00 2.07300000000000040E+01 3.97493311384126491E+00 2.40677997272333766E+00 5.46298669818908067E+00 -4.72187429057868591E-01 -1.05118497224908225E+00 -3.00486267497140958E+00 -9.38131345065013278E-01 -3.68616601813581302E-01 9.76676287617813621E+00 4.08703472536914703E+00 1.00819615343663571E+01 3.97493311384126491E+00 1.16509019141147103E+01 5.73936920018498853E+00 -3.91966015436342152E+00 -2.09465749217421626E+00 -2.44588809347789082E+00 1.93139888881157740E-01 -1.26174752022411063E+00 -4.07024365975612812E-01 3.70687788642991656E+00 1.19597678785512418E-01 3.32494011930618782E+00 2.40677997272333766E+00 5.73936920018498853E+00 3.98556173691360938E+00 -1.25021528595107889E+00 1.00700174451339497E-01 -5.96770567351000647E-01 -3.14471562770476609E-01 -7.77239052733754821E-01 -3.18813909872139978E-01 -6.83091557763933466E+00 1.25914621420532047E+00 -2.28763585264785574E+00 5.46298669818908067E+00 -3.91966015436342152E+00 -1.25021528595107889E+00 1.38300000000000107E+01 3.16951829577308108E-01 4.86307041611862334E-01 2.41482961186571288E+00 -5.02061738026866267E-01 -3.24825881226143420E-01 -2.78776829494156919E+00 -5.07677678178979352E+00 -5.21061294094338390E+00 -4.72187429057868591E-01 -2.09465749217421626E+00 1.00700174451339497E-01 3.16951829577308108E-01 2.79042769794828827E+00 1.85439001516598845E+00 -1.44732414824748501E+00 1.47283313792696935E-01 -9.49913588423852290E-02 -2.40122064070624530E+00 -1.90017287450770200E+00 -3.02143326832820591E+00 -1.05118497224908225E+00 -2.44588809347789082E+00 -5.96770567351000647E-01 4.86307041611862334E-01 1.85439001516598845E+00 2.00070211270640863E+00 -3.90395588295721740E-01 5.63058547129511977E-01 1.22465046263561791E-01 -4.23834915151713787E-01 1.28100088204136888E+01 8.99345008719564376E+00 -3.00486267497140958E+00 1.93139888881157740E-01 -3.14471562770476609E-01 2.41482961186571288E+00 -1.44732414824748501E+00 -3.90395588295721740E-01 6.93000000000000149E+00 -4.60730069186228164E-02 -5.71258591490134901E-02 -5.58668507544901827E-01 3.55456203812686389E-01 -4.21266002458451805E-01 -9.38131345065013278E-01 -1.26174752022411063E+00 -7.77239052733754821E-01 -5.02061738026866267E-01 1.47283313792696935E-01 5.63058547129511977E-01 -4.60730069186228164E-02 1.03991257813385451E+00 4.62394697002553978E-01 -8.74974814114316407E-02 3.61608886496294857E-01 7.49281526701036649E-02 -3.68616601813581302E-01 -4.07024365975612812E-01 -3.18813909872139978E-01 -3.24825881226143420E-01 -9.49913588423852290E-02 1.22465046263561791E-01 -5.71258591490134901E-02 4.62394697002553978E-01 5.23689885883347195E-01
gravity 1.34028091875184288E+02 1.26480267632207017E+02 1.17448421304135522E+02 -1.31259729239974860E+02 3.99458623959382066E+01 7.91936183254624293E+00 -1.16428541353946187E+02 -1.34985067021663028E+01 -7.68144021159945112E+00 1.19746339806490933E+01 4.83660244332618916E+00 3.01418015738742184E+00
bias -4.96027830417705644E+01 1.04317778274734437E+02 4.87750407102440420E+01 -1.74626773664636872E+01 -2.72481330899918603E+01 -8.76116449462211122E+00 7.11554237604678690E+01 1.09087288284140271E-01 5.38373210260261192E+00 4.10004324940359766E+01 -6.21718778675845130E-01 -3.19195693662583269E-01
passive 4.66265161387472538E-01 -4.37926249873990370E-01 -1.56302675893188886E-01 3.42026255542358215E-01 6.45843696699612502E-01 -3.28340876062091558E-01 6.10370292845064499E-01 -1.10667633943707294E-01 -4.83572270576741570E-01 -1.25603752818023051E-01 2.73846596389570651E-01 1.78999040735772441E-01
actuation 0.00000000000000000E+00 0.00000000000000000E+00 0.00000000000000000E+00 0.00000000000000000E+00 0.00000000000000000E+00 0.00000000000000000E+00 0.00000000000000000E+00 0.00000000000000000E+00 0.00000000000000000E+00 0.00000000000000000E+00 0.00000000000000000E+00 0.00000000000000000E+00
length
velocity
force
position 0.00000000000000000E+00 0.00000000000000000E+00 0.00000000000000000E+00
quaternion 1.00000000000000000E+00 0.00000000000000000E+00 0.00000000000000000E+00 0.00000000000000000E+00
position -2.20289643156415665E-01 -6.19233442002339096E-01 5.77376526279026359E-01
quaternion 9.69087423704698026E-01 1.07676380411633119E-01 -2.15352760823266237E-01 5.38381902058165593E-02
position -1.69329254732453249E-01 -7.09636987016734277E-01 8.64244012619265645E-01
quaternion 9.10806572902811751E-01 3.73821456565367360E-01 -1.61058108194833099E-01 -6.89143755183448392E-02
position -1.01572118491369850E-01 -9.29515109706724019E-01 9.96566088691701490E-01
quaternion 8.10998807014731815E-01 4.74240191552906198E-01 -3.27004744941408965E-01 -1.02201137578545334E-01
position -2.36842541761988906E-01 -1.29440752130703562E+00 9.19748781760860501E-01
quaternion 6.69945226904117508E-01 5.07290980713548834E-01 -5.28083900133957007E-01 -1.22297376318485196E-01
position -2.58396677904465133E-01 -1.55551455588892207E+00 9.18564426164669157E-01
quaternion 4.14416174662893988E-01 2.18621371634120404E-01 -8.70657630670269023E-01 -1.49730491878651589E-01
position -5.30895337655412525E-01 -1.65480218907150145E+00 8.52825765452896900E-01
quaternion 3.11834447958993954E-01 4.30349367522783466E-01 -8.46965933357655576E-01 -1.44016204103979469E-02
position -3.43726754318870564E-01 -2.00296253146907377E+00 1.71872219170556950E-01
quaternion 7.42352846947705869E-02 4.01922822775820365E-01 -9.12658389072482201E-01 1.35347472259152494E-03
position -4.04240979405075751E-01 -2.19470636291300503E+00 1.60972198346638444E-02
quaternion -2.49193799304014696E-01 2.00598911480878550E-01 -9.42180542378962982E-01 -9.97915460527597498E-02
position -4.05328100005779290E-01 -2.22232081232145440E+00 -2.67731569372355926E-01
quaternion -3.57608384064112717E-01 2.30762787032430583E-01 -8.99649510559032861E-01 9.74450507669408911E-02
position -5.34334007607097039E-01 -2.27160206985567248E+00 -5.17119389949557084E-01
quaternion -5.70389760299237825E-01 1.57672897614474283E-01 -7.96758394088156408E-01 1.22355384653458465E-01
position -3.99952233329689488E-01 -2.41517319745816295E+00 -6.77643868677526573E-01
quaternion -8.03763009450018329E-01 3.85583571187343224E-02 -5.93384218456165513E-01 1.93247774455385275E-02
position -1.62060148492756323E-01 -2.48729806701256617E+00 -7.55461153130439600E-01
quaternion -9.08788072554168380E-01 -7.62347882198456950E-02 -4.08243411690237701E-01 4.03709432620784417E-02
unchanged_qpos -7.62354796816460567E-01 7.08113859264099865E-01 1.36225636630734170E-01 -2.32954724275401759E-01 -6.96895427362588471E-01 6.14301554101005731E-01 -6.70691762948944170E-01 -4.13408182325221862E-01 4.55266556265403244E-01 2.17037393316612981E-01 -2.93863977660836051E-01 2.33982634425956570E-02
unchanged_qvel -8.06616213304441221E-01 7.73403530841751952E-01 5.09062106204476006E-01 -1.24422182916098745E+00 -1.83542762877288546E+00 4.13101272108446160E-01 -1.71046793832743393E+00 1.38015453436898028E+00 1.50732824035290136E+00 1.93943977456889183E-01 -7.81505026626180932E-01 -9.41791730564053520E-01
unchanged_time 1.25000000000000000E-01
act
step SUCCESS
step_clamped -1.00000000000000000E+00
qpos -7.63941350390213603E-01 7.09647747278536634E-01 1.37245927476020074E-01 -2.35477080531026867E-01 -7.00544019917405003E-01 6.15101140762611021E-01 -6.74133773966696270E-01 -4.10648152783833265E-01 4.58280664353026279E-01 2.17422143664457307E-01 -2.95415830065317409E-01 2.15107889995804179E-02
qvel -7.93276786876495610E-01 7.66944007218402724E-01 5.10145422642958479E-01 -1.26117812781255889E+00 -1.82429627740826850E+00 3.99793330802666602E-01 -1.72100550887606762E+00 1.38001477069430023E+00 1.50705404381151253E+00 1.92375173922165965E-01 -7.75926202240670881E-01 -9.43737221507619739E-01
time 1.27000000000000002E-01
reset_qpos 0.00000000000000000E+00 0.00000000000000000E+00 0.00000000000000000E+00 0.00000000000000000E+00 0.00000000000000000E+00 0.00000000000000000E+00 0.00000000000000000E+00 0.00000000000000000E+00 0.00000000000000000E+00 0.00000000000000000E+00 0.00000000000000000E+00 0.00000000000000000E+00
reset_qvel 0.00000000000000000E+00 0.00000000000000000E+00 0.00000000000000000E+00 0.00000000000000000E+00 0.00000000000000000E+00 0.00000000000000000E+00 0.00000000000000000E+00 0.00000000000000000E+00 0.00000000000000000E+00 0.00000000000000000E+00 0.00000000000000000E+00 0.00000000000000000E+00
forward SUCCESS
forward_clamped -1.00000000000000000E+00
qacc 4.88005030614333890E+00 2.45770141350039761E+00 -1.42294087345571363E+00 -5.21153927867498723E+00 -6.74397244765515858E+00 6.03215507069314683E+00 -5.26011956901169953E+00 -3.36313883715598294E+00 4.32587533307687178E+00 -4.02914581980737907E+00 2.67377051570074720E+00 1.89911679682872858E+00
act_dot
mass 2.76300000000000061E+01 9.52095450619249561E+00 1.17322237438010166E+01 8.62757191299342985E+00 9.62024089597726295E+00 4.46467819571871960E+00 -5.32769297469664416E+00 -2.09011642806516473E+00 -2.38334802421388892E+00 -3.42173167128393629E-01 -9.80137927699888278E-01 -3.22364568849207833E-01 9.52095450619249561E+00 4.22012776200638058E+01 3.35546585785001952E+01 -1.27650265536969023E+01 8.37913774645158149E+00 2.39164341903061173E+00 -4.74273384942455500E+00 -6.87535922435510471E+00 -4.26854870483859283E+00 1.02842131686586988E+01 -7.39853750861030335E-03 2.98250993576565038E-01 1.17322237438010166E+01 3.35546585785001952E+01 2.96987728260286161E+01 -6.34309761245851700E+00 1.17060057113475100E+01 4.86275700694712931E+00 -5.38356400674420055E+00 -5.67164341709645381E+00 -4.31834878805456945E+00 7.36388926249448872E+00 -6.99875019757091099E-01 -6.35156305110549102E-02 8.62757191299342985E+00 -1.27650265536969023E+01 -6.34309761245851700E+00 2.07300000000000004E+01 3.82395424068934275E+00 2.69587273405301930E+00 5.03814142237267060E+00 6.81650473663779177E-01 -5.86420275804133695E-01 -3.04468713725308016E+00 -8.67581562058603373E-01 -4.08231338941896615E-01 9.62024089597726295E+00 8.37913774645158149E+00 1.17060057113475100E+01 3.82395424068934275E+00 1.23113275048816835E+01 6.80263460918359542E+00 -4.42985358746155100E+00 -1.49179772489948359E+00 -2.71531775643741735E+00 2.28409919581277210E-02 -1.61645347785962956E+00 -6.74362862742853730E-01 4.46467819571871960E+00 2.39164341903061173E+00 4.86275700694712931E+00 2.69587273405301930E+00 6.80263460918359542E+00 4.81650116451694110E+00 -1.57174145249040853E+00 2.07929903464354360E-01 -9.43935834551489994E-01 -2.47022044349335390E-01 -9.85345863460359128E-01 -5.04537754517202286E-01 -5.32769297469664416E+00 -4.74273384942455500E+00 -5.38356400674420055E+00 5.03814142237267060E+00 -4.42985358746155100E+00 -1.57174145249040853E+00 1.38299999999999912E+01 5.41249905918806840E-01 5.94988674663307515E-01 2.67237414375416904E+00 9.59297756422424208E-02 -8.64130742418925124E-02 -2.09011642806516473E+00 -6.87535922435510471E+00 -5.67164341709645381E+00 6.81650473663779177E-01 -1.49179772489948359E+00 2.07929903464354360E-01 5.41249905918806840E-01 2.76970709965401474E+00 1.83674110184064920E+00 -1.78330480701692640E+00 4.10467265865635256E-02 -1.89987540671952893E-01 -2.38334802421388892E+00 -4.26854870483859283E+00 -4.31834878805456945E+00 -5.86420275804133695E-01 -2.71531775643741735E+00 -9.43935834551489994E-01 5.94988674663307515E-01 1.83674110184064920E+00 2.13854487856652042E+00 -7.42863960780996369E-01 6.13551366843211099E-01 1.04605219440136968E-01 -3.42173167128393629E-01 1.02842131686586988E+01 7.36388926249448872E+00 -3.04468713725308016E+00 2.28409919581277210E-02 -2.47022044349335390E-01 2.67237414375416904E+00 -1.78330480701692640E+00 -7.42863960780996369E-01 6.93000000000000060E+00 2.94307421898616584E-01 1.10388091709383115E-01 -9.80137927699888278E-01 -7.39853750861030335E-03 -6.99875019757091099E-01 -8.67581562058603373E-01 -1.61645347785962956E+00 -9.85345863460359128E-01 9.59297756422424208E-02 4.10467265865635256E-02 6.13551366843211099E-01 2.94307421898616584E-01 1.05164284241735895E+00 4.67329937173835253E-01 -3.22364568849207833E-01 2.98250993576565038E-01 -6.35156305110549102E-02 -4.08231338941896615E-01 -6.74362862742853730E-01 -5.04537754517202286E-01 -8.64130742418925124E-02 -1.89987540671952893E-01 1.04605219440136968E-01 1.10388091709383115E-01 4.67329937173835253E-01 5.23689885883347084E-01
gravity 1.34028091875184288E+02 2.23366354733352637E+02 1.71623858378342987E+02 -7.43516354279134219E+01 4.00465694759310438E+01 1.23641330270318903E+01 -1.69842559407439531E+01 -3.09549543569181864E+01 -1.91147628264474108E+01 5.39280814085202564E+01 -1.55976629343834361E+00 -2.63625538690215322E-03
bias 5.28525635878596560E+01 1.08178530377728180E+02 9.29837954148693200E+01 4.60309442929357004E+01 4.04627846172626988E+01 2.12945714665430081E+01 1.02037873667288935E+02 -2.26352200825688996E+01 -2.41138804289666027E+01 6.47801627274464806E+01 -1.22057567749835272E+01 -6.21248636056819414E+00
passive 3.65108522849709460E-01 9.47065527842739507E-02 -5.01606534131838977E-01 1.69608998894861973E-01 2.45063761421574100E-01 -6.99402534632915129E-01 2.38846263233656098E-01 1.30481918164444349E-01 -2.52166017413117283E-01 1.10198951377258866E-01 -1.77018385833865116E-01 1.32316325750156116E-02
actuation 0.00000000000000000E+00 0.00000000000000000E+00 0.00000000000000000E+00 0.00000000000000000E+00 0.00000000000000000E+00 0.00000000000000000E+00 0.00000000000000000E+00 0.00000000000000000E+00 0.00000000000000000E+00 0.00000000000000000E+00 0.00000000000000000E+00 0.00000000000000000E+00
length
velocity
force
position 0.00000000000000000E+00 0.00000000000000000E+00 0.00000000000000000E+00
quaternion 1.00000000000000000E+00 0.00000000000000000E+00 0.00000000000000000E+00 0.00000000000000000E+00
position 1.39597871386509920E-01 -8.54289945941718865E-02 2.10601212414705197E-01
quaternion 9.69087423704698026E-01 1.07676380411633119E-01 -2.15352760823266237E-01 5.38381902058165593E-02
position 2.52442278351993177E-01 -2.25146817040776964E-01 4.06048540701866356E-01
quaternion 7.19089839092856953E-01 -7.96502656398058586E-05 -6.36963422027509885E-01 2.77826197411707110E-01
position 5.48957765200427106E-02 -2.86941679871634270E-01 6.12244277020438821E-01
quaternion 7.06073878080534567E-01 2.45057743710683340E-01 -5.86113755087569133E-01 3.12853075798996572E-01
position 7.98416352623136302E-03 -5.86633059121059786E-01 7.46753685823466906E-01
quaternion 5.14795725903701262E-01 3.49328326783103493E-01 -6.99557006520153735E-01 3.51532466959682266E-01
position -2.19911136098311366E-02 -8.02553298624116951E-01 8.82364228981966203E-01
quaternion 1.22709392274345158E-01 2.82866327129607298E-01 -9.02486219008490242E-01 3.00745192020797303E-01
position -1.45664814998527958E-01 -1.06006716068299833E+00 7.63650609867913333E-01
quaternion 1.30948337415839139E-01 4.66201539742246651E-01 -7.21827716482009385E-01 4.94442519397709002E-01
position 3.40322123656276843E-01 -1.41012826859863938E+00 7.48414898319105015E-01
quaternion -1.05365989385377751E-01 5.33507755794755179E-01 -6.99573914472446656E-01 4.63534055898142117E-01
position 4.48109284780475181E-01 -1.63831068786900924E+00 7.79674630568403915E-01
quaternion -4.31700513389640439E-01 5.14990692828854235E-01 -6.98703701115458209E-01 2.45422882157182221E-01
position 6.43365982223207622E-01 -1.77960914978851359E+00 6.74355933324584211E-01
quaternion -6.22826130033800274E-01 4.76045577999723801E-01 -5.81415043850208146E-01 2.17772280602212848E-01
position 9.03094878592797912E-01 -1.85853409152368854E+00 6.57973028558000106E-01
quaternion -7.91765634862335865E-01 4.09861647581076349E-01 -4.31495181778057013E-01 1.37595484647895977E-01
position 1.18948800787989928E+00 -1.85228513956848784E+00 6.75597206766315073E-01
quaternion -8.64106753653517745E-01 2.93643063968294538E-01 -2.99673985179164437E-01 2.78008582386459369E-01
position 1.41182158051337403E+00 -1.92233992273282284E+00 8.00740614417503660E-01
quaternion -9.38576975427877769E-01 2.17993918342829301E-01 -1.05895779133225773E-01 2.45637938283083640E-01
unchanged_qpos -2.14159720428532818E-02 -7.72196595698585342E-01 5.48212435537764220E-01 -1.43815111980077015E-01 -5.42036997137409049E-01 7.59240571820215537E-01 -4.68788051247887361E-01 -4.07768257146993940E-01 8.50479538351747166E-02 -3.48713800207998137E-02 4.80194592821617139E-01 1.18820246204919266E-01
unchanged_qvel -1.78271067016284057E+00 1.07086042747580112E+00 1.41160779958366644E+00 -5.60414770514155780E-01 -1.41244812833052347E-01 1.97853152952414435E+00 -2.56655213672505766E-01 1.63126923471766272E-01 1.09073417939523676E+00 -4.81251996844694663E-01 -7.52972564739087247E-02 -3.03798655284916563E-01
unchanged_time 1.25000000000000000E-01
act
step SUCCESS
step_clamped -1.00000000000000000E+00
qpos -2.49618742748604801E-02 -7.70045045931260330E-01 5.51029962213855251E-01 -1.44956787490699596E-01 -5.42346441666944901E-01 7.63221727553019313E-01 -4.69322400250832772E-01 -4.07455425757042355E-01 8.72467080312716720E-02 -3.58499962262904259E-02 4.80054697804945030E-01 1.18220242750353033E-01
qvel -1.77295111600359934E+00 1.07577488366249652E+00 1.40876333804553089E+00 -5.70837755311285000E-01 -1.54722264767952616E-01 1.99057786640190648E+00 -2.67174501472715820E-01 1.56415694975782255E-01 1.09937709804848049E+00 -4.89308102745306783E-01 -6.99475083360437677E-02 -3.00001727283118358E-01
time 1.27000000000000002E-01
reset_qpos 0.00000000000000000E+00 0.00000000000000000E+00 0.00000000000000000E+00 0.00000000000000000E+00 0.00000000000000000E+00 0.00000000000000000E+00 0.00000000000000000E+00 0.00000000000000000E+00 0.00000000000000000E+00 0.00000000000000000E+00 0.00000000000000000E+00 0.00000000000000000E+00
reset_qvel 0.00000000000000000E+00 0.00000000000000000E+00 0.00000000000000000E+00 0.00000000000000000E+00 0.00000000000000000E+00 0.00000000000000000E+00 0.00000000000000000E+00 0.00000000000000000E+00 0.00000000000000000E+00 0.00000000000000000E+00 0.00000000000000000E+00 0.00000000000000000E+00
forward SUCCESS
forward_clamped -1.00000000000000000E+00
qacc 6.98232433655369800E+00 3.53772070606478550E+00 -7.76600819630654549E+00 -9.69858220491818201E+00 -1.94349773520044877E+00 1.37157273626831611E+00 2.05236753410782002E+00 -2.64026754393381680E+00 -2.39929905819223555E+00 4.41576048330851378E+00 -1.94014118619265075E+00 -5.23901106938719274E-01
act_dot
mass 2.76300000000000061E+01 -6.42745967139468077E-02 -1.87816852418047309E+00 7.72977044998508944E+00 -7.35985321632977119E+00 -7.81601568141058500E+00 1.12056806255659591E+00 -4.65453424370668856E+00 -3.35903577091983596E+00 4.12045486878613154E+00 -5.85220626468395122E-01 -3.38194057736738385E-01 -6.42745967139468077E-02 5.65500088113215860E+00 4.27259658310317025E+00 4.78149626117876592E-01 9.16784288546883763E-01 1.96287862547391445E-01 2.12426326346901506E+00 5.60779531851339219E-01 4.73255778095889590E-01 1.40209935774361449E+00 4.20340486421164616E-01 1.08205480929759471E-01 -1.87816852418047309E+00 4.27259658310317025E+00 5.23615430245679381E+00 -4.98420501134722027E-02 2.97561681224179786E+00 1.47251776136609736E+00 -9.86266393935004371E-01 -1.57978982907092225E-01 -4.48792445888057279E-01 2.67196961751390183E-01 -9.11446833104314624E-02 -3.50080737447671583E-02 7.72977044998508944E+00 4.78149626117876592E-01 -4.98420501134722027E-02 2.07300000000000182E+01 -1.24689220519743227E+00 -1.90499372578538684E+00 6.17435052772568582E+00 -1.58971068405057903E+00 -1.90205283163206151E+00 -2.01191375511218329E+00 -6.80244241535134853E-01 -3.92379327934087641E-01 -7.35985321632977119E+00 9.16784288546883763E-01 2.97561681224179786E+00 -1.24689220519743227E+00 7.13755942579131197E+00 6.32724344707979114E+00 -2.73312586917206346E+00 2.08291742280772452E+00 6.57754785257701924E-01 -3.20133532007563115E+00 -5.90016013024125097E-01 -2.82497147137024063E-01 -7.81601568141058500E+00 1.96287862547391445E-01 1.47251776136609736E+00 -1.90499372578538684E+00 6.32724344707979114E+00 6.95231533983799732E+00 -1.71328594619378549E+00 3.35541820781116806E+00 1.74074086008088891E+00 -3.54822294788761994E+00 -4.03290406790046685E-01 -2.67960853928642828E-01 1.12056806255659591E+00 2.12426326346901506E+00 -9.86266393935004371E-01 6.17435052772568582E+00 -2.73312586917206346E+00 -1.71328594619378549E+00 1.38300000000000054E+01 9.45260570270862743E-01 6.45701080074053690E-01 2.16984711376973260E+00 2.83323559480567255E-01 -1.34165566352539622E-01 -4.65453424370668856E+00 5.60779531851339219E-01 -1.57978982907092225E-01 -1.58971068405057903E+00 2.08291742280772452E+00 3.35541820781116806E+00 9.45260570270862743E-01 3.99992587947353639E+00 2.99533527737440775E+00 -1.60107873598819461E+00 4.37865218464330852E-01 1.29359566927463379E-02 -3.35903577091983596E+00 4.73255778095889590E-01 -4.48792445888057279E-01 -1.90205283163206151E+00 6.57754785257701924E-01 1.74074086008088891E+00 6.45701080074053690E-01 2.99533527737440775E+00 3.00709430351516049E+00 -7.50039714732898211E-01 7.74513114605889563E-01 2.00462298075847839E-01 4.12045486878613154E+00 1.40209935774361449E+00 2.67196961751390183E-01 -2.01191375511218329E+00 -3.20133532007563115E+00 -3.54822294788761994E+00 2.16984711376973260E+00 -1.60107873598819461E+00 -7.50039714732898211E-01 6.92999999999999972E+00 2.87866810531738349E-01 -2.83454243031036890E-02 -5.85220626468395122E-01 4.20340486421164616E-01 -9.11446833104314624E-02 -6.80244241535134853E-01 -5.90016013024125097E-01 -4.03290406790046685E-01 2.83323559480567255E-01 4.37865218464330852E-01 7.74513114605889563E-01 2.87866810531738349E-01 9.85855408681369227E-01 4.35904499644939714E-01 -3.38194057736738385E-01 1.08205480929759471E-01 -3.50080737447671583E-02 -3.92379327934087641E-01 -2.82497147137024063E-01 -2.67960853928642828E-01 -1.34165566352539622E-01 1.29359566927463379E-02 2.00462298075847839E-01 -2.83454243031036890E-02 4.35904499644939714E-01 5.23689885883347528E-01
gravity 1.34028091875184288E+02 -2.11038260297891345E+00 -1.94249147236611890E+01 -1.24509934004496969E+02 -5.38668636438425068E+01 -4.93843052719743412E+01 -3.21794076408868648E+01 -2.22635588821454107E+01 -8.75599632482032320E+00 5.71084090918219687E+01 2.10688052209320231E+00 8.08333119263592081E-01
bias -4.36465740856190649E+01 9.91444150471273922E+00 2.16353204441264886E+01 6.43441358502015603E+00 3.60863180956212233E+01 3.20428674265400062E+01 -3.22889791973865314E+01 1.47134267143907884E+01 8.77749464020649661E+00 -3.62135931661797628E+01 4.44967230441980277E-01 8.68021123921205007E-01
passive 2.74694302188302431E-01 -5.31779285796628254E-01 2.13184692637299888E-01 -4.56049530659690117E-01 -1.76675808657890260E-01 2.22030055948093830E-01 -3.75797888535233438E-01 -2.96044992549747366E-01 2.39560597088281022E-02 -4.78380421260667710E-01 2.78580363647680795E-02 -2.80793661256421856E-02
actuation 0.00000000000000000E+00 0.00000000000000000E+00 0.00000000000000000E+00 0.00000000000000000E+00 0.00000000000000000E+00 0.00000000000000000E+00 0.00000000000000000E+00 0.00000000000000000E+00 0.00000000000000000E+00 0.00000000000000000E+00 0.00000000000000000E+00 0.00000000000000000E+00
length
velocity
force
position 0.00000000000000000E+00 0.00000000000000000E+00 0.00000000000000000E+00
quaternion 1.00000000000000000E+00 0.00000000000000000E+00 0.00000000000000000E+00 0.00000000000000000E+00
position 2.98220533740126248E-01 1.49848638561909719E-01 4.89427096332685496E-02
quaternion 9.69087423704698026E-01 1.07676380411633119E-01 -2.15352760823266237E-01 5.38381902058165593E-02
position 3.48884055053301001E-01 5.89609771978957531E-02 3.29898015560720070E-01
quaternion 9.12594918247356168E-01 3.60053743944186988E-01 -1.86417322491730819E-01 -5.27294845024040351E-02
position 4.44950501581836189E-01 -1.62668949840152205E-01 4.20652353721536476E-01
quaternion 7.58050885285460052E-01 2.42132203472162494E-01 -6.04634845473523197E-01 3.38755811589193934E-02
position 4.50378889746128386E-01 -7.52917913773584191E-02 7.95644165480105192E-01
quaternion 5.76512076962937714E-01 2.91014202865549909E-01 -7.58580735334724476E-01 8.66015405488678724E-02
position 3.26574634593172541E-01 -2.85538496693657717E-01 8.65748015149562455E-01
quaternion 2.70641958592694964E-01 1.93429462222290183E-01 -9.36357736863485446E-01 1.12125652771332712E-01
position 1.58549391461322159E-01 -4.67763705138498964E-01 8.11011439867846073E-01
quaternion -5.70742857710262452E-02 8.68279808708878886E-02 -9.85901227143070602E-01 1.31157149860003180E-01
position -3.51993921093825546E-01 -1.71709786996203206E-01 7.70385649385890714E-01
quaternion -2.84037110001579329E-01 5.31642683142322381E-02 -9.33685509413854642E-01 2.11489598389977607E-01
position -3.54434647436358663E-01 -3.35857340754406986E-01 5.45495068597443122E-01
quaternion -3.67794997453364969E-01 8.37123537004148682E-02 -8.41977036739758544E-01 3.85737930840552801E-01
position -3.42432138922692086E-01 -5.65688553308605568E-01 4.33013386877708906E-01
quaternion -6.07147744853047899E-01 6.85369499448336139E-02 -6.91174681331438223E-01 3.85942822576742284E-01
position -3.82116842793719158E-01 -5.55052976906427076E-01 -7.45395315328331587E-02
quaternion -7.65383893488593148E-01 4.69450831126135490E-02 -5.01190727346018772E-01 4.00988166386690825E-01
position -1.66943827881957718E-01 -7.78814653435921489E-01 -4.93059542633060982E-02
quaternion -6.35063100228670407E-01 -6.27839373902215336E-02 -3.91086137553717739E-01 6.63177705405606277E-01
position -2.13721852603536322E-01 -1.02078951792843697E+00 1.70853318840326687E-02
quaternion -8.54781896963936805E-01 9.03361896505569806E-02 -1.11566040358480653E-01 4.98738709246517142E-01
unchanged_qpos 3.05157427359505906E-01 6.41845043676281701E-01 -5.88381560490203293E-01 3.71104595459199604E-01 -3.45983030071334074E-01 -2.97375181426498991E-01 6.13620622277793570E-01 3.58934380503594275E-01 -1.16881264094165438E-01 5.21280398940646483E-01 7.83984066548820246E-01 -4.74227512626491987E-01
unchanged_qvel -1.98378636566052391E+00 1.37520634163057798E+00 1.10839657793907254E-01 1.53803846238005137E+00 1.57534510343211931E+00 -5.15399916887471221E-01 6.51748198120579936E-01 7.62356201741547945E-01 1.13982229644190358E-01 1.34934130842204558E+00 -1.70725831492148084E+00 1.08885185588119482E+00
unchanged_time 1.25000000000000000E-01
act
step SUCCESS
step_clamped -1.00000000000000000E+00
qpos 3.01217784231952168E-01 6.44609588192485927E-01 -5.88190923104787378E-01 3.74141878776956371E-01 -3.42840116397865380E-01 -2.98400501186045553E-01 6.14932330098066804E-01 3.60448541421376389E-01 -1.16662895676519440E-01 5.23996743769123419E-01 7.80561794303549550E-01 -4.72051905660487381E-01
qvel -1.96982156377688256E+00 1.38227225810211363E+00 9.53186927079496399E-02 1.51864165887839531E+00 1.57145683673435266E+00 -5.12659879773270211E-01 6.55853910136591778E-01 7.57080458891061236E-01 1.09184208822997272E-01 1.35817241423849455E+00 -1.71113612263534809E+00 1.08780348300229313E+00
time 1.27000000000000002E-01
reset_qpos 0.00000000000000000E+00 0.00000000000000000E+00 0.00000000000000000E+00 0.00000000000000000E+00 0.00000000000000000E+00 0.00000000000000000E+00 0.00000000000000000E+00 0.00000000000000000E+00 0.00000000000000000E+00 0.00000000000000000E+00 0.00000000000000000E+00 0.00000000000000000E+00
reset_qvel 0.00000000000000000E+00 0.00000000000000000E+00 0.00000000000000000E+00 0.00000000000000000E+00 0.00000000000000000E+00 0.00000000000000000E+00 0.00000000000000000E+00 0.00000000000000000E+00 0.00000000000000000E+00 0.00000000000000000E+00 0.00000000000000000E+00 0.00000000000000000E+00
forward SUCCESS
forward_clamped -1.00000000000000000E+00
qacc 6.85000968168495916E+00 4.43348099646731830E-01 -1.92780273919511824E+00 -7.10650784616423348E+00 -3.09977692533621152E+00 1.48151770946920447E+00 -1.12825195958687541E+00 2.66332999402899206E+00 -4.21825673759734965E+00 -6.26043206896726767E-01 -3.29609069589663140E+00 1.43625659348857182E-01
act_dot
mass 2.76300000000000061E+01 4.75211536040012472E+00 6.99802002784284127E+00 7.04024990769035064E+00 4.80903847591419531E+00 2.47205786713971021E+00 -9.37782562593952562E+00 8.24235164124722530E-02 -9.96824160983843299E-01 -2.47048560093276137E+00 -1.54922253396405613E-01 1.31067206818659104E-01 4.75211536040012472E+00 1.52788685877817514E+01 1.20125931034707314E+01 -9.34915496883545138E+00 3.39659516937497319E+00 -1.14910522228911627E-01 -8.97979305238529690E+00 -2.20256442036611588E+00 -1.57480983605548697E+00 1.60571334526216702E+00 8.89286806574285937E-01 6.27026916969475878E-01 6.99802002784284127E+00 1.20125931034707314E+01 1.21428704566791819E+01 -3.65473221878271426E+00 6.67897775489264411E+00 3.07509352213987874E+00 -8.13753306596989390E+00 -7.52873856464637337E-01 -1.31136183844530785E+00 -8.62504781956500155E-02 4.73871961876408621E-01 4.95355197797047175E-01 7.04024990769035064E+00 -9.34915496883545138E+00 -3.65473221878271426E+00 2.07300000000000040E+01 2.31768518645542621E+00 2.34692624020539631E+00 5.26021236453515861E+00 1.52667540465716112E+00 -1.36203067153328389E-01 -2.95487272050654903E+00 -9.26018033431913468E-01 -3.00871935618030384E-01 4.80903847591419531E+00 3.39659516937497319E+00 6.67897775489264411E+00 2.31768518645542621E+00 9.07969784977890448E+00 7.20557481601507899E+00 -4.27775701279795051E+00 1.74783403705722584E+00 -3.46723985710709615E-01 -2.51478433350203545E+00 -4.87492273563158274E-01 -1.49276246456439606E-02 2.47205786713971021E+00 -1.14910522228911627E-01 3.07509352213987874E+00 2.34692624020539631E+00 7.20557481601507899E+00 7.18945946424028826E+00 -2.12702567753031202E+00 2.38554741912458201E+00 2.19720500968569793E-01 -2.65658617437952627E+00 -7.71224185183607580E-01 -2.50275741154818043E-01 -9.37782562593952562E+00 -8.97979305238529690E+00 -8.13753306596989390E+00 5.26021236453515861E+00 -4.27775701279795051E+00 -2.12702567753031202E+00 1.38300000000000018E+01 7.12622761152830630E-01 5.33781381816018530E-01 2.25547031227849271E+00 -6.60120805395091104E-01 -4.00082086677677529E-01 8.24235164124722530E-02 -2.20256442036611588E+00 -7.52873856464637337E-01 1.52667540465716112E+00 1.74783403705722584E+00 2.38554741912458201E+00 7.12622761152830630E-01 2.31755343759775512E+00 1.21222655374507915E+00 -7.96423513040909636E-01 -1.48751437381350410E-01 -1.07128084030552032E-01 -9.96824160983843299E-01 -1.57480983605548697E+00 -1.31136183844530785E+00 -1.36203067153328389E-01 -3.46723985710709615E-01 2.19720500968569793E-01 5.33781381816018530E-01 1.21222655374507915E+00 1.51267346468663577E+00 -3.82816180460416655E-01 3.34674438901277072E-01 4.60454485693532339E-02 -2.47048560093276137E+00 1.60571334526216702E+00 -8.62504781956500155E-02 -2.95487272050654903E+00 -2.51478433350203545E+00 -2.65658617437952627E+00 2.25547031227849271E+00 -7.96423513040909636E-01 -3.82816180460416655E-01 6.92999999999999883E+00 -5.78918939868961480E-02 -1.13143293111182625E-01 -1.54922253396405613E-01 8.89286806574285937E-01 4.73871961876408621E-01 -9.26018033431913468E-01 -4.87492273563158274E-01 -7.71224185183607580E-01 -6.60120805395091104E-01 -1.48751437381350410E-01 3.34674438901277072E-01 -5.78918939868961480E-02 1.01595639974601637E+00 4.51525244405066306E-01 1.31067206818659104E-01 6.27026916969475878E-01 4.95355197797047175E-01 -3.00871935618030384E-01 -1.49276246456439606E-02 -2.50275741154818043E-01 -4.00082086677677529E-01 -1.07128084030552032E-01 4.60454485693532339E-02 -1.13143293111182625E-01 4.51525244405066306E-01 5.23689885883347417E-01
gravity 1.34028091875184288E+02 1.08241199439838141E+02 7.13939642137800945E+01 -1.21203758914820540E+02 6.99804069874123802E-01 -1.45353136226424731E+01 -1.03327079140808351E+02 -1.46996100436233981E+01 -9.07358099211969105E+00 2.39958557954753928E+01 5.24032098845776417E+00 2.93388630434439701E+00
bias -6.62264842533843989E-03 2.94222126094164693E+01 2.03905620808387837E+01 -2.47658427811959783E+01 -1.57875365971678572E+00 -8.92510965395105949E+00 -8.79358938149257696E+00 -3.96169010431078839E+00 -1.54517747470311839E+00 2.30369725171475181E+01 3.84296866441412455E+00 2.12633758603723466E+00
passive 1.65845818182501076E-02 -1.92900231131211825E-01 -2.24331704090873330E-01 -2.16888926996782083E-01 -1.80738842658698856E-01 2.35703342168510854E-01 -2.03043307480468227E-01 -4.39168216515250509E-02 3.12734852207758873E-01 3.44932524892060666E-01 -2.79148604184648930E-01 -1.09327231169463801E-01
actuation 0.00000000000000000E+00 0.00000000000000000E+00 0.00000000000000000E+00 0.00000000000000000E+00 0.00000000000000000E+00 0.00000000000000000E+00 0.00000000000000000E+00 0.00000000000000000E+00 0.00000000000000000E+00 0.00000000000000000E+00 0.00000000000000000E+00 0.00000000000000000E+00
length
velocity
force
position 0.00000000000000000E+00 0.00000000000000000E+00 0.00000000000000000E+00
quaternion 1.00000000000000000E+00 0.00000000000000000E+00 0.00000000000000000E+00 0.00000000000000000E+00
position 3.58505007158074762E-03 -2.87170499893827591E-01 3.49217149927049220E-01
quaternion 9.69087423704698026E-01 1.07676380411633119E-01 -2.15352760823266237E-01 5.38381902058165593E-02
position 8.73968800093369719E-02 -4.07262242155998155E-01 5.56628056679800753E-01
quaternion 8.19919207148811169E-01 1.14426324713375466E-01 -5.28517588540692862E-01 1.87904945555419201E-01
position -4.43527418761696726E-02 -5.12888496138834804E-01 8.13459843491886492E-01
quaternion 7.98204083644882378E-01 4.05171698565733873E-01 -4.17263160832348545E-01 1.56836188892070877E-01
position 1.02032679601410173E-02 -5.45577097934601518E-01 1.09656185698415265E+00
quaternion 6.31599566819381231E-01 4.89904936933923396E-01 -5.81186092487172790E-01 1.52636384459374413E-01
position -4.54468124565725745E-02 -8.13164448490560465E-01 1.17452059040442180E+00
quaternion 4.91226454793310285E-01 6.64431452104681797E-01 -5.38184082873775949E-01 1.66088255173484606E-01
position 5.58707862881469286E-02 -1.05004282250106540E+00 1.17308229574316791E+00
quaternion 2.00441044481431824E-01 5.22285751966279688E-01 -8.28856938860691783E-01 6.09556254121491978E-03
position -4.41484628585742334E-01 -1.24399416622594416E+00 1.54222740975219508E+00
quaternion -4.08177480777839746E-02 4.84411858660589334E-01 -8.73862939356783275E-01 -6.52884749206771031E-03
position -4.67691665993129002E-01 -1.38914350750849880E+00 1.29424901352221045E+00
quaternion -1.87637056965142213E-01 5.59342198993065143E-01 -7.93409848313264443E-01 1.49764654971008132E-01
position -3.58972946291126971E-01 -1.56822708945185507E+00 1.15065046133195792E+00
quaternion -4.61998774899035070E-01 4.50653872974371372E-01 -7.63818751190978085E-01 -7.00957160207156451E-03
position 1.02743607050644253E-01 -1.58972667095274778E+00 1.07156047896202899E+00
quaternion -6.60355074570379563E-01 3.44344495101457204E-01 -6.65731588326060053E-01 -4.64703829049437078E-02
position 3.18877910220192073E-01 -1.61994515669695316E+00 9.41388784372392928E-01
quaternion -8.30978851555699172E-01 1.84572877995690887E-01 -4.87319884094734257E-01 -1.94746839618654494E-01
position 5.66388722548197721E-01 -1.57343545578083432E+00 9.01944115814877989E-01
quaternion -9.15032521521622511E-01 9.20679004041607615E-03 -2.74756727280567492E-01 -2.95193936910981669E-01
unchanged_qpos -3.01440079317644771E-01 -3.56117832081689123E-01 7.35709593343456980E-01 2.27093797931936292E-01 4.42050081756079960E-01 -5.75082878647303897E-01 6.76335737064131859E-01 5.00611838220936356E-01 -2.63086949304508155E-01 -3.21373012512314760E-01 -2.46853775363035099E-01 -1.80661486369588786E-01
unchanged_qvel 5.19957249544038991E-01 1.67673681981943723E+00 -3.49760666232547202E-01 6.30257039120037721E-01 1.95940497813342773E-02 -2.83509535479464780E-02 -3.37454936725922749E-01 -7.81639568184247402E-01 -1.03750036242977783E+00 -1.08191659943567364E+00 1.88945057164931463E+00 9.07959128586496522E-01
unchanged_time 1.25000000000000000E-01
act
step SUCCESS
step_clamped -1.00000000000000000E+00
qpos -6.67444881727165956E-02 -1.87960807397218998E-04 6.25788771402795096E-01 2.10608831624103210E-01 3.93014024287459296E-01 -5.33081729487217104E-01 5.85219358999255590E-01 3.68672553015515991E-01 -5.06308831512198965E-01 -5.69024790575060169E-01 7.40483828115132831E-02 -6.14925160751330106E-04
qvel 1.77884859448858323E+00 1.94036978825823581E+00 -7.66140780884181138E-01 -7.73457234574142172E-01 -4.66129159087316391E-01 5.45835747682034245E-01 -5.72242140821310530E-01 -6.87818088629790325E-01 -1.14579511015194857E+00 -1.50426218059459371E+00 1.34905729129731333E+00 8.90902720495602374E-01
time 3.25000000000000178E-01
reset_qpos 0.00000000000000000E+00 0.00000000000000000E+00 0.00000000000000000E+00 0.00000000000000000E+00 0.00000000000000000E+00 0.00000000000000000E+00 0.00000000000000000E+00 0.00000000000000000E+00 0.00000000000000000E+00 0.00000000000000000E+00 0.00000000000000000E+00 0.00000000000000000E+00
reset_qvel 0.00000000000000000E+00 0.00000000000000000E+00 0.00000000000000000E+00 0.00000000000000000E+00 0.00000000000000000E+00 0.00000000000000000E+00 0.00000000000000000E+00 0.00000000000000000E+00 0.00000000000000000E+00 0.00000000000000000E+00 0.00000000000000000E+00 0.00000000000000000E+00
forward SUCCESS
forward_clamped -1.00000000000000000E+00
qacc 5.92581204384388194E+00 5.35113021704287384E+00 -2.66381046524347465E+00 -7.39427562241539160E+00 3.27472097504762472E+00 -2.94415421153612789E+00 -2.43638377390444383E+00 -2.54192921931171156E-01 3.64089824962619701E+00 -1.05190369551207663E+00 3.78547746438033073E-01 -9.02193367988317618E-02
act_dot
mass 2.76300000000000061E+01 5.34168912720026423E+00 6.99822257428227346E+00 6.34395820940549449E+00 4.18534250365416494E+00 3.69762065578648924E+00 -7.20219673809319616E+00 5.51049575099604283E-01 -9.09060864383576916E-01 -4.09143843825758857E+00 -6.42013169704651609E-01 -1.83991869304436562E-01 5.34168912720026423E+00 1.59566228003827000E+01 1.33834937701914924E+01 -7.87648201034752304E+00 4.29567124269003653E+00 1.82214489026679582E+00 -9.68953659467245920E+00 -1.54449700356367003E+00 -2.22762594409286052E+00 8.99994308735207027E-01 -7.78238325922904484E-02 2.22276842748060477E-01 6.99822257428227346E+00 1.33834937701914924E+01 1.38576414514264190E+01 -3.39734304109193097E+00 7.69545242488552983E+00 4.97390169094659029E+00 -9.32593106157022689E+00 -4.39229364671746558E-01 -1.93814016296629843E+00 -1.31030747017652782E+00 -6.96573156630320711E-01 -1.19356132386479269E-01 6.34395820940549449E+00 -7.87648201034752304E+00 -3.39734304109193097E+00 2.07300000000000182E+01 2.08843654960555547E+00 3.60125205375681423E+00 5.50091529293306181E+00 1.81020770595054503E+00 8.51031321914886840E-01 -4.91178438377482962E+00 -5.04580813810193707E-01 -2.68702136805187564E-01 4.18534250365416494E+00 4.29567124269003653E+00 7.69545242488552983E+00 2.08843654960555547E+00 9.57500249005992998E+00 7.52326815472960408E+00 -4.75226247646773992E+00 1.56283506093654201E+00 -4.41239952863028639E-01 -3.47898593328338723E+00 -1.25138450865092499E+00 -5.75546646383893190E-01 3.69762065578648924E+00 1.82214489026679582E+00 4.97390169094659029E+00 3.60125205375681423E+00 7.52326815472960408E+00 7.09683802642223593E+00 -2.13780043153111388E+00 2.21425330295369927E+00 9.90473813957046811E-02 -2.93670044213537729E+00 -1.09880007907777988E+00 -5.24466340450672863E-01 -7.20219673809319616E+00 -9.68953659467245920E+00 -9.32593106157022689E+00 5.50091529293306181E+00 -4.75226247646773992E+00 -2.13780043153111388E+00 1.38299999999999930E+01 7.14803693700068354E-01 7.02865105913679900E-01 2.36473306193862776E+00 -3.82093085312155745E-01 -2.43594862604154166E-01 5.51049575099604283E-01 -1.54449700356367003E+00 -4.39229364671746558E-01 1.81020770595054503E+00 1.56283506093654201E+00 2.21425330295369927E+00 7.14803693700068354E-01 2.14104277125902387E+00 1.16686435537624078E+00 -8.52028951960641434E-01 -1.57185310392959326E-01 -1.63230311078017554E-01 -9.09060864383576916E-01 -2.22762594409286052E+00 -1.93814016296629843E+00 8.51031321914886840E-01 -4.41239952863028639E-01 9.90473813957046811E-02 7.02865105913679900E-01 1.16686435537624078E+00 1.59913153544546804E+00 -4.95645106607556007E-01 3.92309165029456841E-01 4.50210838993318832E-02 -4.09143843825758857E+00 8.99994308735207027E-01 -1.31030747017652782E+00 -4.91178438377482962E+00 -3.47898593328338723E+00 -2.93670044213537729E+00 2.36473306193862776E+00 -8.52028951960641434E-01 -4.95645106607556007E-01 6.93000000000000060E+00 6.53614233565884828E-02 3.72376918014275249E-02 -6.42013169704651609E-01 -7.78238325922904484E-02 -6.96573156630320711E-01 -5.04580813810193707E-01 -1.25138450865092499E+00 -1.09880007907777988E+00 -3.82093085312155745E-01 -1.57185310392959326E-01 3.92309165029456841E-01 6.53614233565884828E-02 1.06471107748548399E+00 4.72573716942873479E-01 -1.83991869304436562E-01 2.22276842748060477E-01 -1.19356132386479269E-01 -2.68702136805187564E-01 -5.75546646383893190E-01 -5.24466340450672863E-01 -2.43594862604154166E-01 -1.63230311078017554E-01 4.50210838993318832E-02 3.72376918014275249E-02 4.72573716942873479E-01 5.23689885883347417E-01
gravity 1.34028091875184288E+02 1.22799817129807394E+02 9.22027289370769267E+01 -1.35950894757653174E+02 1.87983176054576937E+01 -1.04562496214002576E+00 -1.12175114104715377E+02 -1.19016701709903394E+01 -1.36912860136408945E+01 8.58299425761181745E+00 4.83358591496500622E-01 1.33623474838458378E+00
bias -1.36763415181577273E+01 -4.05277631239860767E+01 -3.62815013216317794E+01 2.28425518867859481E+01 -1.46969618488779652E+01 -4.43914604106104260E+00 4.08707000657322581E+01 3.03282232232260807E+00 1.92551031543473172E+00 5.29494228542461709E+00 -2.18631523109905235E+00 -1.10064178624229503E+00
passive 3.91879849617488216E-02 -4.86248291388568732E-01 -5.42293847942685800E-02 8.24140128688853058E-02 1.90636160178120379E-01 -5.80427598363632002E-02 -5.05078743063845814E-01 -5.89808271947054763E-01 6.17323723872937324E-02 -5.87241261711142631E-02 1.73206162778705958E-01 1.93123636072478982E-01
actuation 0.00000000000000000E+00 0.00000000000000000E+00 0.00000000000000000E+00 0.00000000000000000E+00 0.00000000000000000E+00 0.00000000000000000E+00 0.00000000000000000E+00 0.00000000000000000E+00 0.00000000000000000E+00 0.00000000000000000E+00 0.00000000000000000E+00 0.00000000000000000E+00
length
velocity
force
position 0.00000000000000000E+00 0.00000000000000000E+00 0.00000000000000000E+00
quaternion 1.00000000000000000E+00 0.00000000000000000E+00 0.00000000000000000E+00 0.00000000000000000E+00
position 5.70540852305053275E-02 -2.07862361619824632E-01 2.94724783951685942E-01
quaternion 9.69087423704698026E-01 1.07676380411633119E-01 -2.15352760823266237E-01 5.38381902058165593E-02
position 1.07958035792771315E-01 -3.00005221747490114E-01 5.65952324931933703E-01
quaternion 9.13354072880842693E-01 3.36444656582487622E-01 -2.27860150621355978E-01 -2.58666265268868469E-02
position 1.54386379547227087E-01 -5.06230064184300610E-01 7.35077617460132782E-01
quaternion 8.08187880683933435E-01 4.71627617785763842E-01 -3.47598836802098632E-01 -5.97895334583364441E-02
position 4.39992446046579944E-01 -4.49201127803003808E-01 1.18953596055779709E+00
quaternion 6.60784147486379703E-01 5.12481205362924852E-01 -5.42728650550445169E-01 -7.85680370898682034E-02
position 4.33065958259543193E-01 -7.12475751236949395E-01 1.19574478929126737E+00
quaternion 3.83263177198483351E-01 2.23015922615006246E-01 -8.88525662731991073E-01 -1.17878674621737664E-01
position 1.57504368918619075E-01 -8.19324385199467042E-01 1.10989970771848445E+00
quaternion 3.07520958431254654E-01 4.77172574665847893E-01 -8.22309627673884824E-01 3.92946605421801501E-02
position -1.91994314409805161E-01 -9.44970347864082405E-01 1.42387962431294568E+00
quaternion 6.74322756901597486E-02 4.59725236240648649E-01 -8.84574406998415275E-01 4.04192261445940337E-02
position -2.75049314732627004E-01 -1.13830702866862077E+00 1.19406697927649796E+00
quaternion -1.11776403476529090E-02 6.30062334142786562E-01 -7.29376307986187022E-01 2.66283151549700503E-01
position -1.62149787525700861E-01 -1.35627848612670032E+00 1.12914136927032382E+00
quaternion -3.12567609771035593E-01 5.46770154762245220E-01 -7.73818862493523829E-01 6.74407534990596746E-02
position 2.44961679507822827E-01 -1.39433617488526207E+00 9.75643927068777783E-01
quaternion -5.32054487398061049E-01 4.69074477137351176E-01 -7.04761169521768593E-01 1.41014634778126990E-02
position 4.41710076887925684E-01 -1.44812321070728034E+00 8.20957154023253421E-01
quaternion -7.28912320398356739E-01 3.42772187423011465E-01 -5.84502813162638524E-01 -9.77267522518214110E-02
position 6.88380815096085730E-01 -1.39780225223617816E+00 7.23226152744777306E-01
quaternion -8.51304903286087100E-01 2.22027496192437696E-01 -4.73561133530312428E-01 -4.15163267289957588E-02
unchanged_qpos -1.91357671699953102E-01 5.32340061013124588E-01 2.35287177332568431E-01 5.55971001509682372E-01 -7.29945220957451291E-01 7.40400955423789808E-01 4.94886487107441653E-01 7.85597564927261294E-01 -3.59266684532872027E-01 -2.82886647065059171E-01 -1.24401715138376501E-01 2.23728678133086945E-01
unchanged_qvel 1.86775418591162090E-01 1.36656133491659437E+00 -1.99427430693793983E-01 -1.52401206736379136E+00 5.06709641024300605E-01 -1.19058811166576373E+00 1.53562074110434565E+00 1.37784622988075123E+00 4.09871507129275336E-01 8.59393924985689672E-01 -6.17227383616776759E-01 -1.41307553662856877E+00
unchanged_time 1.25000000000000000E-01
act
step SUCCESS
step_clamped -1.00000000000000000E+00
qpos -1.90960419332801945E-01 5.35094570858152929E-01 2.34877689703971854E-01 5.52893399253887030E-01 -7.28918723610302521E-01 7.38008014749178765E-01 4.97947980964291104E-01 7.88352242091110433E-01 -3.58432386133971714E-01 -2.81172066826630151E-01 -1.25634653340029545E-01 2.20902165170748982E-01
qvel 1.98626183575573517E-01 1.37725492251419546E+00 -2.04743814298288640E-01 -1.53880112789767498E+00 5.13248673574405623E-01 -1.19647033730552810E+00 1.53074692842472571E+00 1.37733858192455516E+00 4.17149199450159658E-01 8.57290119214496271E-01 -6.16469100826521843E-01 -1.41325648116898073E+00
time 1.27000000000000002E-01
reset_qpos 0.00000000000000000E+00 0.00000000000000000E+00 0.00000000000000000E+00 0.00000000000000000E+00 0.00000000000000000E+00 0.00000000000000000E+00 0.00000000000000000E+00 0.00000000000000000E+00 0.00000000000000000E+00 0.00000000000000000E+00 0.00000000000000000E+00 0.00000000000000000E+00
reset_qvel 0.00000000000000000E+00 0.00000000000000000E+00 0.00000000000000000E+00 0.00000000000000000E+00 0.00000000000000000E+00 0.00000000000000000E+00 0.00000000000000000E+00 0.00000000000000000E+00 0.00000000000000000E+00 0.00000000000000000E+00 0.00000000000000000E+00 0.00000000000000000E+00
forward SUCCESS
forward_clamped -1.00000000000000000E+00
qacc 7.45271945032794747E+00 4.23520984413467261E+00 -3.31221582093073774E+00 -5.53819769455994226E+00 5.33278091222206729E+00 -5.67804859772460091E-01 4.85197157143450042E+00 6.02176242951293084E+00 -7.24130366519676194E+00 -2.24024925726691215E+00 -3.50457824003180640E+00 -2.82336365248536225E-01
act_dot
mass 2.76300000000000061E+01 9.66528200500427204E+00 1.49169466635737340E+01 9.08166390770789178E+00 1.05398742512346697E+01 5.08329231203861198E+00 -4.78489201225329275E+00 -1.69680091674284483E+00 -1.72019896193089838E+00 4.47204111792961934E-01 -3.24756844242739706E-01 3.02990208704766451E-02 9.66528200500427204E+00 4.38308573599890963E+01 3.61488516476755350E+01 -1.31713241245552979E+01 1.50647269739190559E+01 6.46841496015926776E+00 -4.29347982481483736E+00 -5.04685146489213121E+00 -2.01052565083052848E+00 1.02250622891104825E+01 1.18046343089775974E+00 7.11874480139803367E-01 1.49169466635737340E+01 3.61488516476755350E+01 3.64589875883334642E+01 -5.55211138572052398E+00 1.92694764030466459E+01 8.98125622860213291E+00 -7.33924236313688017E+00 -4.59376104250278772E+00 -2.89358421062879589E+00 7.06996161312971161E+00 4.18230035743998141E-01 5.02871960677964802E-01 9.08166390770789178E+00 -1.31713241245552979E+01 -5.55211138572052398E+00 2.07300000000000040E+01 2.27662469178283366E+00 1.67362883957065001E+00 4.25656060586390605E+00 1.86048379377730028E-01 -1.03959560320707167E+00 -2.45388419081265585E+00 -9.63301921028145713E-01 -3.02104715834918769E-01 1.05398742512346697E+01 1.50647269739190559E+01 1.92694764030466459E+01 2.27662469178283366E+00 1.45744807596738735E+01 8.14642825086706779E+00 -3.71381658153496019E+00 -1.54271827800853534E+00 -1.74534929780939008E+00 2.95931885035822484E+00 -2.82573552107815595E-01 1.24048760968094807E-01 5.08329231203861198E+00 6.46841496015926776E+00 8.98125622860213291E+00 1.67362883957065001E+00 8.14642825086706779E+00 5.64315226953647997E+00 -1.27293700045722757E+00 1.11847375089466072E-01 -4.48098240660340263E-01 1.61077920304138988E+00 -2.05792651706641350E-01 2.78356490881620719E-02 -4.78489201225329275E+00 -4.29347982481483736E+00 -7.33924236313688017E+00 4.25656060586390605E+00 -3.71381658153496019E+00 -1.27293700045722757E+00 1.38300000000000090E+01 1.54053936079574127E-01 -1.28779836083655064E-02 3.22116275408755826E+00 -6.90248868313773412E-01 -4.02890157359614476E-01 -1.69680091674284483E+00 -5.04685146489213121E+00 -4.59376104250278772E+00 1.86048379377730028E-01 -1.54271827800853534E+00 1.11847375089466072E-01 1.54053936079574127E-01 2.28806344512484383E+00 1.36508019258775493E+00 -1.21192237208536602E+00 -9.24775390552501075E-02 -1.57196852724441727E-01 -1.72019896193089838E+00 -2.01052565083052848E+00 -2.89358421062879589E+00 -1.03959560320707167E+00 -1.74534929780939008E+00 -4.48098240660340263E-01 -1.28779836083655064E-02 1.36508019258775493E+00 1.65505713894950346E+00 -4.23080455348183282E-01 4.32327419270057522E-01 6.61608771975234489E-02 4.47204111792961934E-01 1.02250622891104825E+01 7.06996161312971161E+00 -2.45388419081265585E+00 2.95931885035822484E+00 1.61077920304138988E+00 3.22116275408755826E+00 -1.21192237208536602E+00 -4.23080455348183282E-01 6.93000000000000060E+00 -1.48492063584395595E-02 -9.19535562668560708E-02 -3.24756844242739706E-01 1.18046343089775974E+00 4.18230035743998141E-01 -9.63301921028145713E-01 -2.82573552107815595E-01 -2.05792651706641350E-01 -6.90248868313773412E-01 -9.24775390552501075E-02 4.32327419270057522E-01 -1.48492063584395595E-02 1.01843145896321530E+00 4.52703676408839073E-01 3.02990208704766451E-02 7.11874480139803367E-01 5.02871960677964802E-01 -3.02104715834918769E-01 1.24048760968094807E-01 2.78356490881620719E-02 -4.02890157359614476E-01 -1.57196852724441727E-01 6.61608771975234489E-02 -9.19535562668560708E-02 4.52703676408839073E-01 5.23689885883346862E-01
gravity 1.34028091875184288E+02 2.26574200892962239E+02 1.79419294216090321E+02 -7.68505258169911656E+01 7.43448238429803610E+01 3.39122157865175993E+01 -9.47947065205032224E+00 -2.17428139368416495E+01 -9.42689481735606449E+00 5.56386808692754045E+01 2.01411780494922521E+00 9.38454872303037035E-01
bias -4.55012104349708864E+01 3.07822524950331822E+00 -3.30279283545113742E+01 -4.19653490727914260E+01 -4.39828933201258465E+01 -2.70912261285926803E+01 -4.75538358527774818E-01 -4.45027124435267041E-01 9.90834040898068125E+00 8.26236296406568016E+00 7.81343774806805058E+00 1.86489943534062164E+00
passive -5.40028184133169581E-02 3.20463802248376756E-02 7.81575358355225402E-02 -7.30385630755605031E-02 -3.23444814356905336E-02 9.35075471330767682E-02 6.16508613000236072E-01 6.12969533559398982E-01 -2.44762263334212526E-01 3.60927237761907771E-01 3.46397026909859240E-01 2.22875449246457913E-01
actuation 0.00000000000000000E+00 0.00000000000000000E+00 0.00000000000000000E+00 0.00000000000000000E+00 0.00000000000000000E+00 0.00000000000000000E+00 0.00000000000000000E+00 0.00000000000000000E+00 0.00000000000000000E+00 0.00000000000000000E+00 0.00000000000000000E+00 0.00000000000000000E+00
length
velocity
force
position 0.00000000000000000E+00 0.00000000000000000E+00 0.00000000000000000E+00
quaternion 1.00000000000000000E+00 0.00000000000000000E+00 0.00000000000000000E+00 0.00000000000000000E+00
position 2.03001291500908843E-01 8.61435581474517820E-03 1.45984329714384797E-01
quaternion 9.69087423704698026E-01 1.07676380411633119E-01 -2.15352760823266237E-01 5.38381902058165593E-02
position 2.77529078596452372E-01 -1.04717257017043569E-01 3.61486866159136944E-01
quaternion 8.48944436276232062E-01 1.56580948009183402E-01 -4.81425530536035762E-01 1.51674682739976169E-01
position 2.59297834426102880E-01 -2.44369224807750973E-01 5.73138143540681821E-01
quaternion 5.91237037594129267E-01 1.27731983501487290E-01 -7.53797397057567875E-01 2.56734863150545833E-01
position 9.76493624027173907E-02 -4.99034293759841541E-01 6.56214638555302487E-01
quaternion 3.83052168962151329E-01 2.02151196929198473E-01 -8.37052683890283089E-01 3.34288399178849227E-01
position -6.12969071806762772E-02 -7.04191241035746152E-01 6.99269493761454974E-01
quaternion 1.81485793132028395E-01 2.86538523361605513E-01 -8.50663090840724889E-01 4.01660164071935000E-01
position -1.74601544875803261E-01 -9.74832581590600489E-01 6.61060466733714658E-01
quaternion 1.48269294709138938E-01 4.47666119396540552E-01 -6.95116816273213534E-01 5.42608397949283727E-01
position 4.67283940257014530E-01 -1.36273959766670827E+00 6.90685532648355416E-01
quaternion -8.34255381605319840E-02 5.29221092480827937E-01 -6.71234592029588795E-01 5.12259052939912696E-01
position 5.68980360153108822E-01 -1.58879145900013063E+00 7.80782983568884092E-01
quaternion -4.80111955700239790E-01 4.80878982300367463E-01 -7.15760974647540182E-01 1.61040807086456600E-01
position 7.66373809115025950E-01 -1.69878318034518228E+00 6.45549930122800264E-01
quaternion -6.65613360999855130E-01 4.21221429460425512E-01 -5.98457921726421205E-01 1.46217225198281620E-01
position 1.06463214351693192E+00 -1.75892788997379768E+00 6.64502478015343012E-01
quaternion -8.27144772532818040E-01 3.35797944125210301E-01 -4.43550028504225813E-01 7.95904404235535101E-02
position 1.31714413524752616E+00 -1.79241402273709971E+00 6.82459194786488532E-01
quaternion -9.41283694407049620E-01 2.32445063531435486E-01 -2.36011877045990304E-01 -6.52126749682252482E-02
position 1.54774717356271019E+00 -1.77155881421104167E+00 7.89977965401680193E-01
quaternion -9.72496092520880540E-01 1.08946255357246974E-01 -6.91689035899421475E-03 -2.05752813110814836E-01
unchanged_qpos 1.09119413842523771E-01 -1.99236675940829167E-01 -4.01733868102736869E-01 -1.14080964457607514E-01 8.60997677788694071E-02 5.95514691375524707E-01 -6.31823718048594163E-01 -7.36575798350065813E-01 9.21895368632498213E-02 -1.00620138851467700E-01 -1.55266117508741752E-01 -1.58740921173745164E-01
unchanged_qvel 5.17752643815372338E-02 2.38241450757469941E-01 4.12680057027861036E-01 5.93354744293017600E-01 -1.04771283792861603E-02 -1.65856711841643323E+00 -1.81889562890399192E+00 -1.59169607109686329E+00 1.03943224294456282E+00 -1.60339591110660340E+00 -1.42145289953181253E+00 -7.96895403884799070E-01
unchanged_time 1.25000000000000000E-01
act
step SUCCESS
step_clamped -1.00000000000000000E+00
qpos 1.09252773822493252E-01 -1.98743264924099439E-01 -4.00921737139483425E-01 -1.12916406885730361E-01 8.61001172502021683E-02 5.92195312524232409E-01 -6.35442101387259872E-01 -7.39735135535420585E-01 9.42394674257967246E-02 -1.03835890371087258E-01 -1.58123045029134685E-01 -1.60335846817339089E-01
qvel 6.66799899847386884E-02 2.46705508364863990E-01 4.06065481626722014E-01 5.82278785938577625E-01 1.74735666382690863E-04 -1.65968942564617250E+00 -1.80919166933286668E+00 -1.57966859267737525E+00 1.02496528127344910E+00 -1.60787575980977926E+00 -1.42846376019646670E+00 -7.97462821796965038E-01
time 1.27000000000000002E-01
reset_qpos 0.00000000000000000E+00 0.00000000000000000E+00 0.00000000000000000E+00 0.00000000000000000E+00 0.00000000000000000E+00 0.00000000000000000E+00 0.00000000000000000E+00 0.00000000000000000E+00 0.00000000000000000E+00 0.00000000000000000E+00 0.00000000000000000E+00 0.00000000000000000E+00
reset_qvel 0.00000000000000000E+00 0.00000000000000000E+00 0.00000000000000000E+00 0.00000000000000000E+00 0.00000000000000000E+00 0.00000000000000000E+00 0.00000000000000000E+00 0.00000000000000000E+00 0.00000000000000000E+00 0.00000000000000000E+00 0.00000000000000000E+00 0.00000000000000000E+00
forward SUCCESS
forward_clamped -1.00000000000000000E+00
qacc -6.22474888832094209E+00 1.74427512096557429E+01 -1.58669488901654745E+01 1.22716543041682646E+00 7.26601234601542423E+00 -3.44455596016833487E+00 3.74823232282402374E+00 -2.00152756941125531E+01 2.40262787232191606E+01 -2.36170106466100904E+01 1.77766199039680934E+01 -7.17180842009978292E+00
act_dot
mass 2.76300000000000061E+01 3.64063732288207120E+00 4.29605851713415365E+00 7.07704470121235651E+00 4.97968428317899381E+00 4.44652965868024097E+00 -6.61940177599306168E+00 9.96006462311585294E-01 -8.29710256748067643E-01 -2.81645477395364408E+00 -1.00899450628418719E+00 -4.01781716755054252E-01 3.64063732288207120E+00 1.95634442077261710E+01 1.71553848527994113E+01 -8.23733799827875757E+00 6.19126211513994207E+00 1.76821054985970472E+00 -1.12575531788425813E+01 -3.25031011609379306E+00 -3.02732884431538540E+00 1.24610519096588002E+00 -3.48226011987143647E-01 2.44453415860732826E-02 4.29605851713415365E+00 1.71553848527994113E+01 1.76669722425488871E+01 -4.78667079890180602E+00 9.75971023802605941E+00 5.19601873179930074E+00 -1.13971981332403782E+01 -1.71545257299450027E+00 -2.66844811789156466E+00 -9.07790366932882176E-01 -9.79102230948086127E-01 -3.33711012978129773E-01 7.07704470121235651E+00 -8.23733799827875757E+00 -4.78667079890180602E+00 2.07300000000000111E+01 3.30407728865307426E+00 4.84140330737492519E+00 4.26889393988988886E+00 2.88556883612691317E+00 1.17620825430827236E+00 -5.31197763727477046E+00 -4.82089325173823025E-01 -2.90058813312181696E-01 4.97968428317899381E+00 6.19126211513994207E+00 9.75971023802605941E+00 3.30407728865307426E+00 1.21081131730706133E+01 9.74624013897061303E+00 -5.82515225741013598E+00 2.26977797537858672E+00 -7.07948432072832201E-01 -3.64130315915129987E+00 -1.68276585368811538E+00 -8.13015477874683090E-01 4.44652965868024097E+00 1.76821054985970472E+00 5.19601873179930074E+00 4.84140330737492519E+00 9.74624013897061303E+00 9.30625042492409094E+00 -2.62060650416420193E+00 3.31149926765639790E+00 2.21132710582724684E-01 -3.44499826090653949E+00 -1.51294491752908455E+00 -7.78896729293980461E-01 -6.61940177599306168E+00 -1.12575531788425813E+01 -1.13971981332403782E+01 4.26889393988988886E+00 -5.82515225741013598E+00 -2.62060650416420193E+00 1.38300000000000072E+01 1.14328731288389229E+00 1.18460614820651466E+00 2.09013768101341668E+00 5.42067314716391732E-02 4.10391259834850808E-02 9.96006462311585294E-01 -3.25031011609379306E+00 -1.71545257299450027E+00 2.88556883612691317E+00 2.26977797537858672E+00 3.31149926765639790E+00 1.14328731288389229E+00 3.10868197072761232E+00 1.57162107706763532E+00 -1.55201483491104697E+00 -3.49650362484973054E-01 -3.02815223334026995E-01 -8.29710256748067643E-01 -3.02732884431538540E+00 -2.66844811789156466E+00 1.17620825430827236E+00 -7.07948432072832201E-01 2.21132710582724684E-01 1.18460614820651466E+00 1.57162107706763532E+00 1.77155961117521410E+00 -6.33863732159617888E-01 4.19707318942552532E-01 5.28745822724512038E-02 -2.81645477395364408E+00 1.24610519096588002E+00 -9.07790366932882176E-01 -5.31197763727477046E+00 -3.64130315915129987E+00 -3.44499826090653949E+00 2.09013768101341668E+00 -1.55201483491104697E+00 -6.33863732159617888E-01 6.92999999999999705E+00 2.02634454401179387E-01 2.12783615634044521E-01 -1.00899450628418719E+00 -3.48226011987143647E-01 -9.79102230948086127E-01 -4.82089325173823025E-01 -1.68276585368811538E+00 -1.51294491752908455E+00 5.42067314716391732E-02 -3.49650362484973054E-01 4.19707318942552532E-01 2.02634454401179387E-01 1.12576511304081150E+00 4.94187242610619137E-01 -4.01781716755054252E-01 2.44453415860732826E-02 -3.33711012978129773E-01 -2.90058813312181696E-01 -8.13015477874683090E-01 -7.78896729293980461E-01 4.10391259834850808E-02 -3.02815223334026995E-01 5.28745822724512038E-02 2.12783615634044521E-01 4.94187242610619137E-01 5.23689885883347528E-01
gravity 1.34028091875184288E+02 7.77064682827642201E+01 4.78928913639924119E+01 -1.25150429814729534E+02 -5.03404984800309396E+00 -1.49430168805120314E+01 -6.60814721343417801E+01 -1.65398771643507594E+01 -1.67547108482630982E+01 3.42124218512545468E+01 -4.85652450618624698E+00 -8.44744185126652170E-01
bias 2.94146020662296621E+02 8.81712088957463465E+01 7.48217453822958589E+01 -1.51335529366716486E+02 3.69241125591297248E+01 3.00998738376121047E+01 -7.32315734688701667E+01 -1.40657311822896958E+00 -4.45399047389015692E+01 1.39201551356687958E+02 -4.23062675361750991E+01 -1.28836514912149624E+01
passive -1.69641896306651052E-01 1.82916867347899109E-01 4.95039514491197596E-01 -9.21456416804495859E-02 1.66625791800916467E-01 -4.23086701269824172E-02 -6.39134265624745179E-01 2.46197253943550132E-01 1.98263879504690543E-01 -5.15804744384356917E-02 -3.45955790825071219E-01 -9.08416358902963128E-02
actuation 0.00000000000000000E+00 0.00000000000000000E+00 0.00000000000000000E+00 0.00000000000000000E+00 0.00000000000000000E+00 0.00000000000000000E+00 0.00000000000000000E+00 0.00000000000000000E+00 0.00000000000000000E+00 0.00000000000000000E+00 0.00000000000000000E+00 0.00000000000000000E+00
length
velocity
force
position 0.00000000000000000E+00 0.00000000000000000E+00 0.00000000000000000E+00
quaternion 1.00000000000000000E+00 0.00000000000000000E+00 0.00000000000000000E+00 0.00000000000000000E+00
position 2.16278374180654875E-01 2.83076363445120271E-02 1.32453140189093377E-01
quaternion 9.69087423704698026E-01 1.07676380411633119E-01 -2.15352760823266237E-01 5.38381902058165593E-02
position 2.70243947885922819E-01 -6.78505532447868098E-02 3.85273679405417235E-01
quaternion 9.06977435205961302E-01 2.87622612753367313E-01 -3.06523763566898033E-01 2.66147896652851775E-02
position 3.19277326542525719E-01 -2.57858470641074755E-01 5.46260340381733434E-01
quaternion 7.38928411386995609E-01 2.70296139270163771E-01 -6.10483409677230693E-01 9.07458343374393239E-02
position 3.27852511302768546E-01 -3.32290771940210172E-02 1.02639842084822486E+00
quaternion 5.50626841377141463E-01 3.28180769994199151E-01 -7.55523140120542558E-01 1.35248839194433840E-01
position 2.03757010819739348E-01 -2.51167530281596885E-01 1.08398026959181304E+00
quaternion 3.10265365224908274E-01 3.41105635397418894E-01 -8.71771759378365374E-01 1.65518422516428704E-01
position 4.57974283126460907E-02 -4.80962259984441032E-01 1.01052165988698950E+00
quaternion 2.01282434844276326E-01 5.00563303961075845E-01 -7.92370397180470198E-01 2.84729545047216703E-01
position -4.63892489556329057E-01 -5.95330798482478940E-01 1.25990459219113360E+00
quaternion -4.48070445480781981E-02 5.25420472118232729E-01 -8.07513690434207398E-01 2.64286390113541714E-01
position -4.07070180281043470E-01 -8.28070926263814178E-01 1.12877090188539619E+00
quaternion -2.22571949660514856E-01 5.70736165997187017E-01 -7.21149317552807756E-01 3.23520660608048516E-01
position -2.57972659512727909E-01 -1.02557303974703973E+00 1.04277384259667394E+00
quaternion -4.37459033591759083E-01 5.67655557816079237E-01 -6.38103290602768602E-01 2.81462168206312591E-01
position 3.31044894974604542E-01 -9.62363384090609397E-01 1.22319313142563102E+00
quaternion -6.37629862695316851E-01 5.29263185420208448E-01 -5.24424583714488857E-01 1.95671905888122666E-01
position 5.82858669934574136E-01 -1.01562000291052335E+00 1.19443667035172663E+00
quaternion -7.99776143411402463E-01 4.57789681615168031E-01 -3.78006997702907410E-01 8.88675279520091954E-02
position 8.83556683331963799E-01 -9.48900370519651370E-01 1.21662858633194193E+00
quaternion -8.45072845063286393E-01 3.06473966588765689E-01 -2.69866786765526279E-01 3.45105073478848057E-01
unchanged_qpos 1.36454360567883626E-01 3.19011213076156208E-01 -3.09998798511050222E-01 5.45114715774815517E-01 -7.18036983141780993E-02 4.98411577369465952E-01 5.99567292989759526E-01 2.75756929883587132E-01 6.07679446576030458E-02 -4.90832134099633999E-01 -1.80763230281598686E-02 7.52769359257605242E-01
unchanged_qvel 5.75300760397488009E-01 -1.55260676289180788E+00 -1.85519997543388726E+00 -6.29501223147383104E-01 -6.89521562376226083E-01 -7.85279804104019874E-01 1.99653674214420684E+00 -1.78250012948492476E+00 -1.11285528683865875E+00 1.23956664039144648E+00 1.76593160018167561E+00 -1.05133053906372886E+00
unchanged_time 1.25000000000000000E-01
act
step SUCCESS
step_clamped -1.00000000000000000E+00
qpos 1.37580060502845714E-01 3.15975714949432995E-01 -3.13772583443554909E-01 5.43860626095915234E-01 -7.31537432954459665E-02 4.96827238235116542E-01 6.03575349743980194E-01 2.72111976223025465E-01 5.86382372226479376E-02 -4.88447459341537216E-01 -1.44733871280544341E-02 7.50638085538385069E-01
qvel 5.62849967481047986E-01 -1.51774906336159665E+00 -1.88689246625235629E+00 -6.27044839450164759E-01 -6.75022490633933381E-01 -7.92169567174701661E-01 2.00402837711032911E+00 -1.82247683028083984E+00 -1.06485371747755542E+00 1.19233737904839976E+00 1.80146795005271687E+00 -1.06563685961006249E+00
time 1.27000000000000002E-01
reset_qpos 0.00000000000000000E+00 0.00000000000000000E+00 0.00000000000000000E+00 0.00000000000000000E+00 0.00000000000000000E+00 0.00000000000000000E+00 0.00000000000000000E+00 0.00000000000000000E+00 0.00000000000000000E+00 0.00000000000000000E+00 0.00000000000000000E+00 0.00000000000000000E+00
reset_qvel 0.00000000000000000E+00 0.00000000000000000E+00 0.00000000000000000E+00 0.00000000000000000E+00 0.00000000000000000E+00 0.00000000000000000E+00 0.00000000000000000E+00 0.00000000000000000E+00 0.00000000000000000E+00 0.00000000000000000E+00 0.00000000000000000E+00 0.00000000000000000E+00
forward SUCCESS
forward_clamped -1.00000000000000000E+00
qacc 6.04872524612530604E+00 4.27830416314876594E+00 -3.13134118638912451E+00 -7.54870209125668623E+00 4.27993202338364487E+00 1.47794898231315730E+00 -4.90497343665157892E+00 5.30118883768944116E-01 3.46590062791154629E+00 3.70157258004560807E+00 4.01171455311626346E-02 3.13360024941768778E+00
act_dot
mass 2.76300000000000061E+01 8.39233966276443866E-01 1.01801485969651040E+00 7.25251437376319430E+00 2.64383340569142344E+00 -4.54933391637223516E-01 -8.99781033442698508E+00 -2.65221706312812611E+00 -1.17799454168711804E+00 -2.84110690425484425E-01 -5.77486800762599950E-02 1.64810330578417430E-01 8.39233966276443866E-01 3.26802130135509401E+01 2.41603846115714163E+01 -7.41526029831798095E+00 5.16365909256309319E+00 1.56886356636530971E-01 2.35577889402715979E+00 -1.48690043334551714E-02 1.22265529809814710E+00 9.64940468641633942E+00 1.59680300747768222E+00 6.99434658241575136E-01 1.01801485969651040E+00 2.41603846115714163E+01 1.94048311051284443E+01 -3.67119760775735759E+00 5.62213193280024637E+00 1.31632993165124401E+00 2.46604749145523972E+00 3.94676857936219205E-02 7.92654473949768512E-01 7.96970223604884520E+00 1.30267270197774510E+00 5.81040982358173252E-01 7.25251437376319430E+00 -7.41526029831798095E+00 -3.67119760775735759E+00 2.07300000000000111E+01 1.23399827521685679E+00 -3.38434837348111084E-01 5.49645706951303659E+00 -4.32214363005898239E+00 -3.82714817171570854E+00 9.78768688633553818E-01 -9.34400674309960433E-01 -3.26741632885375333E-01 2.64383340569142344E+00 5.16365909256309319E+00 5.62213193280024637E+00 1.23399827521685679E+00 4.93140506283998015E+00 2.60694934834504544E+00 -2.51589342160432050E-01 -3.56042007729684640E-01 -4.42959512559125246E-01 2.87154084039024626E+00 2.29930826943143873E-01 1.50757488626949931E-01 -4.54933391637223516E-01 1.56886356636530971E-01 1.31632993165124401E+00 -3.38434837348111084E-01 2.60694934834504544E+00 2.80243802696142197E+00 1.08141899272117037E-01 1.19947039873900452E+00 4.92361498118554952E-01 8.22171666230652520E-01 9.87552739788369188E-02 -1.86172375655256107E-03 -8.99781033442698508E+00 2.35577889402715979E+00 2.46604749145523972E+00 5.49645706951303659E+00 -2.51589342160432050E-01 1.08141899272117037E-01 1.38299999999999912E+01 -9.63993329428498913E-01 -1.71889623409963876E+00 3.37908066771643689E+00 -4.91282648786077081E-01 -3.67878296001568517E-01 -2.65221706312812611E+00 -1.48690043334551714E-02 3.94676857936219205E-02 -4.32214363005898239E+00 -3.56042007729684640E-01 1.19947039873900452E+00 -9.63993329428498913E-01 3.70522098887484086E+00 2.87291585642017111E+00 -8.14857392681701986E-01 5.30702142855375647E-01 4.18846802958821735E-02 -1.17799454168711804E+00 1.22265529809814710E+00 7.92654473949768512E-01 -3.82714817171570854E+00 -4.42959512559125246E-01 4.92361498118554952E-01 -1.71889623409963876E+00 2.87291585642017111E+00 3.05287795775970094E+00 -6.25396823583747041E-01 7.93590687521745108E-01 1.82677701091251310E-01 -2.84110690425484425E-01 9.64940468641633942E+00 7.96970223604884520E+00 9.78768688633553818E-01 2.87154084039024626E+00 8.22171666230652520E-01 3.37908066771643689E+00 -8.14857392681701986E-01 -6.25396823583747041E-01 6.92999999999999972E+00 1.82639852263339342E-01 -3.58494327831686416E-02 -5.77486800762599950E-02 1.59680300747768222E+00 1.30267270197774510E+00 -9.34400674309960433E-01 2.29930826943143873E-01 9.87552739788369188E-02 -4.91282648786077081E-01 5.30702142855375647E-01 7.93590687521745108E-01 1.82639852263339342E-01 1.00677889728333270E+00 4.47028364881749463E-01 1.64810330578417430E-01 6.99434658241575136E-01 5.81040982358173252E-01 -3.26741632885375333E-01 1.50757488626949931E-01 -1.86172375655256107E-03 -3.67878296001568517E-01 4.18846802958821735E-02 1.82677701091251310E-01 -3.58494327831686416E-02 4.47028364881749463E-01 5.23689885883347972E-01
gravity 1.34028091875184288E+02 3.35544682159805419E+01 1.09153660693718813E+01 -1.24574054474030888E+02 5.25019816422846652E+00 1.37000436854255447E-01 -1.30497860972013683E+02 1.86188190965054829E+01 2.46154234941227230E+01 -2.56451367478144618E+01 7.00676781123058845E+00 4.09665892556343536E+00
bias -2.72441547663180614E+01 -1.44510020424185996E+02 -1.14107413658165569E+02 4.35832639998303932E+01 -4.13739406840729274E+01 -1.62687869924617523E+01 2.65407131420179923E+01 -1.21673241809089987E+01 -1.76946319441472681E+01 -5.30756746340015297E+01 -1.18577719714481216E+01 -4.90453455336377875E+00
passive 2.83285459761604019E-01 3.29625622716845368E-02 -4.94387319027637440E-01 4.40429226392181794E-01 2.42456226865610580E-01 -2.09471197039488244E-01 -2.56175759428538874E-01 -2.45327885086355890E-01 9.38737396601063701E-03 5.20833729702480097E-02 -5.33019540216014942E-01 1.78902950729679877E-01
actuation 0.00000000000000000E+00 0.00000000000000000E+00 0.00000000000000000E+00 0.00000000000000000E+00 0.00000000000000000E+00 0.00000000000000000E+00 0.00000000000000000E+00 0.00000000000000000E+00 0.00000000000000000E+00 0.00000000000000000E+00 0.00000000000000000E+00 0.00000000000000000E+00
length
velocity
force
position 0.00000000000000000E+00 0.00000000000000000E+00 0.00000000000000000E+00
quaternion 1.00000000000000000E+00 0.00000000000000000E+00 0.00000000000000000E+00 0.00000000000000000E+00
position 2.09721850506590701E-01 1.85826490767613123E-02 1.39135147569838219E-01
quaternion 9.69087423704698026E-01 1.07676380411633119E-01 -2.15352760823266237E-01 5.38381902058165593E-02
position 2.61652527142809732E-01 -7.52095771971130339E-02 4.01521435213066546E-01
quaternion 9.11626733256516886E-01 3.13768038684577366E-01 -2.65490658699088278E-01 -1.01353619032959474E-03
position 2.86265900285047670E-01 -2.83538307551552959E-01 6.28697319877789873E-01
quaternion 7.93764275506494754E-01 5.76297457759930687E-01 -1.64723820013617211E-01 -1.03371070562374864E-01
position 1.02173957231119356E-01 -7.31743626428262295E-01 3.93667421201548628E-01
quaternion 6.77264934432828536E-01 6.12822604926554160E-01 -3.72728545396435795E-01 -1.63811156290974647E-01
position 9.75067527881075674E-02 -9.82494248774339440E-01 3.53882968926877484E-01
quaternion 5.19092976957562846E-01 5.10269205190238218E-01 -6.49340297798703614E-01 -2.20283901278664845E-01
position -3.05831505024775699E-02 -1.19403511255040740E+00 2.89255472555090209E-01
quaternion 3.10938122416820950E-01 4.06894318692518298E-01 -8.24849185294253551E-01 -2.39537719290845275E-01
position -1.29979623143359757E-01 -1.30659630042762887E+00 -1.35594494670886578E-01
quaternion 9.27760445143337720E-02 3.31803362076066477E-01 -9.14011363338122051E-01 -2.14201685726514102E-01
position -2.58108006120636779E-01 -1.40135895324200055E+00 -3.33886367855896482E-01
quaternion -1.63245559767005999E-01 1.45708120602198482E-01 -9.48913260235017431E-01 -2.27340395348213736E-01
position -3.32042589659300391E-01 -1.44527859933673031E+00 -5.77055595501313245E-01
quaternion -4.53297523327651330E-01 -1.85448807128640702E-01 -8.14727040997060725E-01 -3.10402873613881691E-01
position -6.40881609940617047E-01 -9.49067507444674385E-01 -5.67475069212554084E-01
quaternion -5.78058661396077866E-01 -3.39235088490129788E-01 -7.15361685807913594E-01 -1.97548467977173348E-01
position -4.51562170559311138E-01 -9.01811592708292697E-01 -7.66353548133817952E-01
quaternion -5.89002512525734878E-01 -4.07000679320743741E-01 -6.98124309524264741E-01 6.99540721424576906E-03
position -3.47711196843498715E-01 -9.61416179881926514E-01 -9.90339347467663722E-01
quaternion -7.40860076940230816E-01 -5.11715780291240097E-01 -4.27387784675680227E-01 8.13202810315909047E-02
unchanged_qpos 1.22955745724767085E-01 4.31315580817539068E-01 7.57598445022493516E-01 -4.01420509719319640E-01 -2.73544145790149851E-01 -1.42540771967202717E-01 -2.99603431708258205E-01 -2.18284800197903972E-01 -5.84681340562114182E-01 6.05880116042510464E-01 3.61654868117911032E-01 -2.64287733220652798E-01
unchanged_qvel -1.66233879025755416E+00 -1.02744397299350076E+00 9.56739705093200055E-01 -1.39930511252226975E+00 -6.65192842747753144E-01 1.33243752913184643E+00 1.88008566055921067E+00 1.66320902582758734E+00 1.12242581129417518E+00 -1.47217709693626109E+00 1.94178796484425220E+00 -3.65939287207093678E-01
unchanged_time 1.25000000000000000E-01
act
step SUCCESS
step_clamped -1.00000000000000000E+00
qpos 1.19655262653018651E-01 4.29277794323985162E-01 7.59499419546658339E-01 -4.04249314102775092E-01 -2.74857425176477599E-01 -1.39869981553978479E-01 -2.95862882776811831E-01 -2.14956257784352178E-01 -5.82422636696262930E-01 6.02950565435494745E-01 3.65538614514739735E-01 -2.65007096376959683E-01
qvel -1.65024153587421818E+00 -1.01889324677693915E+00 9.50487262082389317E-01 -1.41440219172772186E+00 -6.56639693163861060E-01 1.33539520661211619E+00 1.87027446572317402E+00 1.66427120677589757E+00 1.12935193292562430E+00 -1.46477530350786744E+00 1.94187319841435446E+00 -3.59681578153436321E-01
time 1.27000000000000002E-01
reset_qpos 0.00000000000000000E+00 0.00000000000000000E+00 0.00000000000000000E+00 0.00000000000000000E+00 0.00000000000000000E+00 0.00000000000000000E+00 0.00000000000000000E+00 0.00000000000000000E+00 0.00000000000000000E+00 0.00000000000000000E+00 0.00000000000000000E+00 0.00000000000000000E+00
reset_qvel 0.00000000000000000E+00 0.00000000000000000E+00 0.00000000000000000E+00 0.00000000000000000E+00 0.00000000000000000E+00 0.00000000000000000E+00 0.00000000000000000E+00 0.00000000000000000E+00 0.00000000000000000E+00 0.00000000000000000E+00 0.00000000000000000E+00 0.00000000000000000E+00
forward SUCCESS
forward_clamped -1.00000000000000000E+00
qacc 6.40923898484556442E+00 4.98656324756661817E+00 -6.27267882971667845E+00 -7.32312424675292295E+00 2.15340224967177551E+00 1.49280528285323189E+00 -6.00908274717301794E-01 1.74176974737051982E+00 -1.20367095113505007E+00 -3.90494372960997538E-01 -1.10430477042388109E+00 7.69496645500724163E-01
act_dot
mass 2.76300000000000061E+01 7.54927531840249699E+00 9.88738208517179018E+00 6.65998245752289186E+00 1.19690252498765091E+01 5.38451081669745069E+00 -4.59758875267307943E+00 -2.08277194317271919E+00 -1.28149288899169411E+00 4.47597331248067043E+00 9.26460349245384340E-02 1.21147039220310393E-01 7.54927531840249699E+00 5.38558208104397238E+01 3.95937197883301337E+01 -1.40086495067756012E+01 3.68975586986418591E+00 -9.72194883300208090E+00 -1.13504052314499759E+00 -5.02223606095688968E+00 4.07497517099120410E-01 8.18613636683869217E+00 2.94380248089854213E+00 1.20174122323099830E+00 9.88738208517179018E+00 3.95937197883301337E+01 3.21774568987786651E+01 -7.04526792827230341E+00 9.19861617298009371E+00 -2.76861916860664792E+00 -1.68843762526549579E+00 -3.70728854372331984E+00 -2.20953179040039860E-02 7.69567986039020546E+00 2.09749666322453354E+00 9.27672962739105378E-01 6.65998245752289186E+00 -1.40086495067756012E+01 -7.04526792827230341E+00 2.07300000000000182E+01 4.91201187672887141E+00 5.46892162084264033E+00 7.56789778698537585E+00 5.54191269328793812E-01 -5.28393707226235465E-01 2.87848147294878753E+00 -9.64491874455111531E-01 -3.65594046769941561E-01 1.19690252498765091E+01 3.68975586986418591E+00 9.19861617298009371E+00 4.91201187672887141E+00 1.78733421691517478E+01 1.11788750490488979E+01 -4.31495751705758845E+00 -1.00988141773821605E+00 -1.39560573606190053E+00 4.64733520885840878E+00 -9.16321249635133339E-02 1.84461796823254087E-01 5.38451081669745069E+00 -9.72194883300208090E+00 -2.76861916860664792E+00 5.46892162084264033E+00 1.11788750490488979E+01 1.09496516258233232E+01 -2.31089281834419813E+00 1.57643806110482165E+00 -5.74847165884586175E-01 9.75218848156723661E-01 -8.95622598697216499E-01 -2.44507360733125928E-01 -4.59758875267307943E+00 -1.13504052314499759E+00 -1.68843762526549579E+00 7.56789778698537585E+00 -4.31495751705758845E+00 -2.31089281834419813E+00 1.38300000000000107E+01 1.00522282151439590E+00 6.24002713688472488E-01 2.77768890600223539E+00 -5.73833728392199038E-01 -3.39401056343350438E-01 -2.08277194317271919E+00 -5.02223606095688968E+00 -3.70728854372331984E+00 5.54191269328793812E-01 -1.00988141773821605E+00 1.57643806110482165E+00 1.00522282151439590E+00 2.95455879586708647E+00 1.40567071819071776E+00 -1.28229369597199283E+00 -4.00448220520454368E-01 -2.85042875772648752E-01 -1.28149288899169411E+00 4.07497517099120410E-01 -2.20953179040039860E-02 -5.28393707226235465E-01 -1.39560573606190053E+00 -5.74847165884586175E-01 6.24002713688472488E-01 1.40567071819071776E+00 1.53581856720922727E+00 -4.71503117087635815E-01 2.86033536182688342E-01 7.34982567115467084E-03 4.47597331248067043E+00 8.18613636683869217E+00 7.69567986039020546E+00 2.87848147294878753E+00 4.64733520885840878E+00 9.75218848156723661E-01 2.77768890600223539E+00 -1.28229369597199283E+00 -4.71503117087635815E-01 6.92999999999999883E+00 3.85144818193154104E-02 -1.91107436787396646E-02 9.26460349245384340E-02 2.94380248089854213E+00 2.09749666322453354E+00 -9.64491874455111531E-01 -9.16321249635133339E-02 -8.95622598697216499E-01 -5.73833728392199038E-01 -4.00448220520454368E-01 2.86033536182688342E-01 3.85144818193154104E-02 1.04259204720031384E+00 4.63542402755175442E-01 1.21147039220310393E-01 1.20174122323099830E+00 9.27672962739105378E-01 -3.65594046769941561E-01 1.84461796823254087E-01 -2.44507360733125928E-01 -3.39401056343350438E-01 -2.85042875772648752E-01 7.34982567115467084E-03 -1.91107436787396646E-02 4.63542402755175442E-01 5.23689885883347084E-01
gravity 1.34028091875184288E+02 1.91226190029723853E+02 1.42872966965651699E+02 -1.34679760765427744E+02 4.81314694361623481E+01 -8.43562649739803483E+00 -1.02127956796533624E+02 -2.13011630204583042E+01 -5.09712815927090723E+00 9.71487274710371196E+00 9.45188230331366341E+00 4.22866594063604495E+00
bias -2.99644337110946868E+00 4.10166033621300627E+01 2.58654608837409690E+01 -1.53235478602366442E+01 -9.36519193139630701E+00 -1.72349304523905822E+01 -7.49479033224538682E-01 -5.80050829641412413E+00 5.81648350750193055E-01 5.01520530884789029E+00 2.93206664594274358E+00 9.14340051910079055E-01
passive -2.79889885047142961E-01 2.98191041067196461E-02 -4.20083146855390166E-01 -1.09630980461030661E-01 2.19547391242145923E-01 3.02985990071975575E-01 3.40279648064484630E-01 4.12335385114579345E-01 -1.44615042731799204E-01 5.07731219570312531E-01 -1.11752688052459997E-01 2.91269275039573117E-01
actuation 0.00000000000000000E+00 0.00000000000000000E+00 0.00000000000000000E+00 0.00000000000000000E+00 0.00000000000000000E+00 0.00000000000000000E+00 0.00000000000000000E+00 0.00000000000000000E+00 0.00000000000000000E+00 0.00000000000000000E+00 0.00000000000000000E+00 0.00000000000000000E+00
length
velocity
force
position 0.00000000000000000E+00 0.00000000000000000E+00 0.00000000000000000E+00
quaternion 1.00000000000000000E+00 0.00000000000000000E+00 0.00000000000000000E+00 0.00000000000000000E+00
position 4.20111554645680285E-01 3.30643932728042433E-01 -7.52811537776548745E-02
quaternion 9.69087423704698026E-01 1.07676380411633119E-01 -2.15352760823266237E-01 5.38381902058165593E-02
position 4.81552168719534657E-01 2.27605980783128214E-01 1.58362771907390787E-01
quaternion 8.87197836641552828E-01 2.28139974667919354E-01 -3.91727490742825202E-01 8.59169576591220507E-02
position 4.39275259593032485E-01 6.55660191203824294E-02 4.16792795696741381E-01
quaternion 8.12278623138780298E-01 5.07810105403173062E-01 -2.86539343021313675E-01 1.50844338010965168E-02
position 4.69215792392728870E-01 -2.18153416541131073E-01 4.50478241001738611E-01
quaternion 6.69970686921441017E-01 5.67397323615191684E-01 -4.78323457580090206E-01 -2.01550427674516142E-02
position 4.96628071774486091E-01 -4.72433998670500233E-01 4.56374296312621774E-01
quaternion 4.35839104676270628E-01 4.05707538034974613E-01 -7.99718489886387274E-01 -7.67854501218979413E-02
position 3.80353961130418916E-01 -6.96475049641845256E-01 4.10217363367648191E-01
quaternion 1.13654546546992030E-01 1.53322099277959395E-01 -9.73852037393279191E-01 -1.23236306286566774E-01
position 5.69452568275086168E-01 -1.05148334794346021E+00 -2.97082955425048811E-01
quaternion -1.09454882169700465E-01 8.18507183618040202E-02 -9.89747806105954031E-01 -4.14652744031040674E-02
position 4.66152853630436514E-01 -1.15545268615955044E+00 -5.06008502523298986E-01
quaternion -4.42581342151448176E-01 -1.46271090166454593E-01 -8.81169497273438740E-01 -7.91633806492286624E-02
position 5.34381454306936954E-01 -1.16652897139353295E+00 -7.59503159562134544E-01
quaternion -5.78716557664125553E-01 -2.36568534129818292E-01 -7.79024417012397663E-01 4.73648840761592346E-02
position 7.61725374019601609E-01 -1.71411757553370192E+00 -9.08067313673970311E-01
quaternion -7.05669193037917863E-01 -3.23310801669229653E-01 -6.12478055845362301E-01 1.49571877801607273E-01
position 8.93958645368632898E-01 -1.86595507811660299E+00 -1.06656769185994382E+00
quaternion -8.16967483445097065E-01 -3.88685816510865312E-01 -3.69528377647823092E-01 2.11981709469555107E-01
position 1.03575031562012621E+00 -2.07682253467425060E+00 -1.12764781164443395E+00
quaternion -8.31115755783116250E-01 -4.44803995094417259E-01 -1.54830049758926447E-01 2.95674926445841035E-01
unchanged_qpos 5.56107477390886507E-01 7.63270872225702002E-02 7.42525797818793576E-01 -6.83092145247853333E-02 -5.03571024027958725E-01 -5.37006626564808798E-01 -6.98360502024148566E-01 -4.72328236666881562E-01 7.87774797536233695E-02 -4.82059461310933413E-01 -1.13201820880388881E-01 4.53661153009153884E-02
unchanged_qvel 2.87234470453941793E-01 -3.01749694978738603E-01 6.15364138639363567E-01 6.84773331354723958E-01 -9.05949081548120816E-02 -4.40916697230260279E-01 -3.04677236274125907E-01 -1.11702045223913338E+00 5.65520254151749224E-01 -1.57453717522969550E+00 7.85167082023077612E-01 -1.54707860579969614E+00
unchanged_time 1.25000000000000000E-01
act
step SUCCESS
step_clamped -1.00000000000000000E+00
qpos 5.56707582619359043E-01 7.57435132197591954E-02 7.43731464077442395E-01 -6.69689611992307782E-02 -5.03743612486843184E-01 -5.37882485863262372E-01 -6.98972261186522781E-01 -4.74555318710126628E-01 7.99037097464923157E-02 -4.85210097016908370E-01 -1.11635902304808771E-01 4.22750293671580457E-02
qvel 3.00052614236281490E-01 -2.91787001405503010E-01 6.02833129324403694E-01 6.70126662777278947E-01 -8.62942294422449352E-02 -4.37929649226805384E-01 -3.05879581187132488E-01 -1.11354102162252011E+00 5.63114996434474824E-01 -1.57531785298749005E+00 7.82959287790056968E-01 -1.54554296687867088E+00
time 1.27000000000000002E-01
reset_qpos 0.00000000000000000E+00 0.00000000000000000E+00 0.00000000000000000E+00 0.00000000000000000E+00 0.00000000000000000E+00 0.00000000000000000E+00 0.00000000000000000E+00 0.00000000000000000E+00 0.00000000000000000E+00 0.00000000000000000E+00 0.00000000000000000E+00 0.00000000000000000E+00
reset_qvel 0.00000000000000000E+00 0.00000000000000000E+00 0.00000000000000000E+00 0.00000000000000000E+00 0.00000000000000000E+00 0.00000000000000000E+00 0.00000000000000000E+00 0.00000000000000000E+00 0.00000000000000000E+00 0.00000000000000000E+00 0.00000000000000000E+00 0.00000000000000000E+00
forward SUCCESS
forward_clamped -1.00000000000000000E+00
qacc 5.74065782985622874E+00 1.44096068076721604E+01 -1.08802464855258183E+01 -4.06621216010951869E+00 -2.20002158192122543E+00 3.57125254884482501E+00 -6.52044355216083993E+00 7.33082523956873899E-03 -1.88036259677892659E+00 -1.35035140256652468E+01 1.62187000612711429E+00 -1.66508679671067128E+00
act_dot
mass 2.76300000000000061E+01 9.38959130502782457E+00 1.30829969353850437E+01 9.12482169443594593E+00 1.03149850555240423E+01 7.45911527865516533E+00 -1.38921137765585279E+00 2.04722180375080764E+00 5.14286154996721812E-01 -9.75298252915472785E-01 -8.86175637072487810E-01 -3.22311093066858789E-01 9.38959130502782457E+00 4.52520135743233709E+01 3.41590229000519301E+01 -1.45141838380015606E+01 5.26170783208762405E+00 -1.29358963904440971E+00 -3.06641669590679733E+00 -5.45943803278833162E+00 -3.47497146371104915E+00 9.54667474324388010E+00 -1.71110009858177703E+00 -4.02626355444714978E-01 1.30829969353850437E+01 3.41590229000519301E+01 3.36304153221526505E+01 -7.24174644273176771E+00 1.51914711845575745E+01 7.25798282419561147E+00 -8.03984883932330163E+00 -2.33266448983133179E+00 -2.75009984299396359E+00 4.04575891825809286E+00 -2.59053190361707175E+00 -8.87285509531451355E-01 9.12482169443594593E+00 -1.45141838380015606E+01 -7.24174644273176771E+00 2.07300000000000111E+01 5.06190111679909815E+00 6.30312590242182047E+00 4.74697004874000417E+00 3.96699986622383660E+00 1.82975811578863867E+00 -4.83648514492133597E+00 -8.82943165939877317E-02 -1.41221883939141091E-01 1.03149850555240423E+01 5.26170783208762405E+00 1.51914711845575745E+01 5.06190111679909815E+00 1.99948628417425880E+01 1.53572172126575577E+01 -6.61675935584939445E+00 4.11472395742392827E+00 2.97457012776364715E-01 -4.05166204878009495E+00 -2.47191959376319259E+00 -1.14183449511796686E+00 7.45911527865516533E+00 -1.29358963904440971E+00 7.25798282419561147E+00 6.30312590242182047E+00 1.53572172126575577E+01 1.37979120479668023E+01 -2.98093427998141980E+00 5.40814863260440060E+00 1.49909070467725636E+00 -4.34047286834365309E+00 -1.77795537728475539E+00 -9.34831689063888249E-01 -1.38921137765585279E+00 -3.06641669590679733E+00 -8.03984883932330163E+00 4.74697004874000417E+00 -6.61675935584939445E+00 -2.98093427998141980E+00 1.38300000000000001E+01 1.39323239274522193E+00 1.39757019917875258E+00 2.22927908359296012E+00 7.90700468178694882E-01 3.06655317674901506E-01 2.04722180375080764E+00 -5.45943803278833162E+00 -2.33266448983133179E+00 3.96699986622383660E+00 4.11472395742392827E+00 5.40814863260440060E+00 1.39323239274522193E+00 4.61168017925234253E+00 2.41252044049507086E+00 -2.24992280612566375E+00 -1.18738448665996033E-01 -2.49553979750973626E-01 5.14286154996721812E-01 -3.47497146371104915E+00 -2.75009984299396359E+00 1.82975811578863867E+00 2.97457012776364715E-01 1.49909070467725636E+00 1.39757019917875258E+00 2.41252044049507086E+00 2.02703991619298218E+00 -7.57681321467960966E-01 4.63790567161574019E-01 6.18672230830014311E-02 -9.75298252915472785E-01 9.54667474324388010E+00 4.04575891825809286E+00 -4.83648514492133597E+00 -4.05166204878009495E+00 -4.34047286834365309E+00 2.22927908359296012E+00 -2.24992280612566375E+00 -7.57681321467960966E-01 6.92999999999999972E+00 3.12591108678063279E-01 2.55236402630954429E-01 -8.86175637072487810E-01 -1.71110009858177703E+00 -2.59053190361707175E+00 -8.82943165939877317E-02 -2.47191959376319259E+00 -1.77795537728475539E+00 7.90700468178694882E-01 -1.18738448665996033E-01 4.63790567161574019E-01 3.12591108678063279E-01 1.12779994978612796E+00 4.94834799885685683E-01 -3.22311093066858789E-01 -4.02626355444714978E-01 -8.87285509531451355E-01 -1.41221883939141091E-01 -1.14183449511796686E+00 -9.34831689063888249E-01 3.06655317674901506E-01 -2.49553979750973626E-01 6.18672230830014311E-02 2.55236402630954429E-01 4.94834799885685683E-01 5.23689885883347306E-01
gravity 1.34028091875184288E+02 2.17016221204507247E+02 1.37366805872234920E+02 -6.28262015457222986E+01 2.89561910295615021E+00 -9.41596646693128747E+00 3.64371040874568806E+01 -8.88946828000074873E+00 -3.05964490871479455E+00 5.33861367897864767E+01 -2.35160405763367208E+00 3.47723329443872409E-01
bias -4.97292024065109217E+00 -5.56215496617983405E+01 -8.65851162497518203E+01 5.70390468163962936E+01 -5.27081923113794488E+01 -1.88801197113540695E+01 1.38677993613045089E+02 2.18483659745742500E+01 1.83287284963447341E+01 5.88832099107580760E+01 8.87367604247802433E+00 3.57771974236520585E+00
passive -6.11924275387782046E-01 -1.34859157351826076E-01 -1.72786217292413363E-01 8.60107746577806753E-03 -9.00109514693015894E-02 -3.26057720109110383E-01 -9.21854958681182779E-03 1.39598165341909330E-01 -4.30335830456557600E-01 1.91515829288496336E-01 -4.69156502171930556E-01 -6.96000852485198718E-01
actuation 0.00000000000000000E+00 0.00000000000000000E+00 0.00000000000000000E+00 0.00000000000000000E+00 0.00000000000000000E+00 0.00000000000000000E+00 0.00000000000000000E+00 0.00000000000000000E+00 0.00000000000000000E+00 0.00000000000000000E+00 0.00000000000000000E+00 0.00000000000000000E+00
length
velocity
force
position 0.00000000000000000E+00 0.00000000000000000E+00 0.00000000000000000E+00
quaternion 1.00000000000000000E+00 0.00000000000000000E+00 0.00000000000000000E+00 0.00000000000000000E+00
position 4.88350786395413516E-01 4.31860018098460252E-01 -1.44826399532167749E-01
quaternion 9.69087423704698026E-01 1.07676380411633119E-01 -2.15352760823266237E-01 5.38381902058165593E-02
position 5.83838858932171689E-01 3.03644916310392698E-01 5.57445185215717925E-02
quaternion 7.81294747376597098E-01 6.62277836232608580E-02 -5.77545807598935923E-01 2.27229484273019838E-01
position 4.78716918286737736E-01 2.08988127856695322E-01 2.71314001254337078E-01
quaternion 5.97484423895909056E-01 1.50856680936405141E-01 -7.21451681498347930E-01 3.15851383219753257E-01
position 4.25171673746493561E-01 -4.78734555661298633E-01 2.41244221519314739E-01
quaternion 3.90399461435015138E-01 2.39706086928150930E-01 -8.01931788574500759E-01 3.83450986274055716E-01
position 3.14670085887560624E-01 -6.88325366322447563E-01 3.32315762105735657E-01
quaternion 5.26263608687014897E-02 2.38518320244704596E-01 -8.90660229486322175E-01 3.83489025476262679E-01
position 2.27852504607438250E-01 -9.35824437819027133E-01 2.57055194261393394E-01
quaternion -8.85054647026077418E-02 3.23699035520644662E-01 -8.07125469308385246E-01 4.85730577495898208E-01
position 4.83534390304742101E-01 -1.27477593433364200E+00 3.12521463988443104E-01
quaternion -3.20591826626377308E-01 3.65311962646008015E-01 -7.28240905290644780E-01 4.83149288015150169E-01
position 5.89177930304111142E-01 -1.51538542389926167E+00 2.87968314200744480E-01
quaternion -5.01625512607304036E-01 3.89118262360131750E-01 -5.95962205648810972E-01 4.91719302486180232E-01
position 8.07688016252142482E-01 -1.73299443163557632E+00 2.89431758224527380E-01
quaternion -4.63101265135725415E-01 3.47009501426169653E-01 -3.82412259988508973E-01 7.20334982879585528E-01
position 1.08093526300024756E+00 -1.56819726602960907E+00 9.49207734780946888E-01
quaternion -6.07285406808146577E-01 4.20955219034676864E-01 -2.11980075738287643E-01 6.39582352582777958E-01
position 1.23523432306653747E+00 -1.64958102130543738E+00 1.15815475668833257E+00
quaternion -6.68105497740573595E-01 4.07038130567602352E-01 -1.09138447276243920E-02 6.22764716523113049E-01
position 1.37384234308933428E+00 -1.64830448052542589E+00 1.43612292182970558E+00
quaternion -6.09799287446985083E-01 1.97905063167644918E-01 2.05078463735856198E-01 7.39541235303009081E-01
unchanged_qpos 6.96598864652031802E-01 -5.32414897848800805E-01 -5.39184760704998212E-02 -5.67782193171163740E-01 -2.98795392033497587E-01 2.71668568909503083E-01 -2.72424930672157450E-01 1.04914926827747279E-01 7.47763528117301401E-01 -6.13054477570112555E-01 2.60475921530306964E-01 7.74053795995927274E-01
unchanged_qvel 1.66642364763484618E+00 1.73912558245673177E+00 9.71768038603066486E-01 1.09255899901343723E+00 1.04764554141350308E+00 1.08695146272654553E+00 5.90942609278374054E-01 -9.07820680365041266E-01 6.56152096048185030E-01 2.68529808697743455E-01 1.82483066779903869E+00 1.93189667043413893E+00
unchanged_time 1.25000000000000000E-01
act
step SUCCESS
step_clamped -1.00000000000000000E+00
qpos 6.99954673075586786E-01 -5.28879037549925934E-01 -5.20184217082281172E-02 -5.65613342363995852E-01 -2.96708914310411132E-01 2.73856749717289849E-01 -2.71269119225371946E-01 1.03099319628286890E-01 7.49068319126577009E-01 -6.12571425464557784E-01 2.64132056257103842E-01 7.77910941626838381E-01
qvel 1.67790421177746807E+00 1.76793014943743976E+00 9.50027181135851384E-01 1.08442540358396267E+00 1.04323886154321421E+00 1.09409040389338696E+00 5.77905723392743376E-01 -9.07803599730192201E-01 6.52395504637805934E-01 2.41526052777368105E-01 1.82806736339843345E+00 1.92857281545556947E+00
time 1.27000000000000002E-01
reset_qpos 0.00000000000000000E+00 0.00000000000000000E+00 0.00000000000000000E+00 0.00000000000000000E+00 0.00000000000000000E+00 0.00000000000000000E+00 0.00000000000000000E+00 0.00000000000000000E+00 0.00000000000000000E+00 0.00000000000000000E+00 0.00000000000000000E+00 0.00000000000000000E+00
reset_qvel 0.00000000000000000E+00 0.00000000000000000E+00 0.00000000000000000E+00 0.00000000000000000E+00 0.00000000000000000E+00 0.00000000000000000E+00 0.00000000000000000E+00 0.00000000000000000E+00 0.00000000000000000E+00 0.00000000000000000E+00 0.00000000000000000E+00 0.00000000000000000E+00
forward SUCCESS
forward_clamped -1.00000000000000000E+00
qacc 5.08639583443535770E+00 2.42501415697506850E+00 -6.79506585925801154E-01 -7.95404440536924007E+00 2.00505121414220255E+00 3.01321370298357083E+00 -1.84773249967293047E+01 6.82715280613741982E-01 -3.04093216786147380E+00 -1.85071662197687514E+00 6.66376124078298027E+00 1.86008194305368590E+00
act_dot
mass 2.76300000000000061E+01 1.09689307508885854E+01 1.55975377092883107E+01 6.89357538465178088E+00 8.63109958325599891E+00 2.42122514284466384E+00 -6.73079917810540351E+00 -4.20371438618215709E+00 -3.31851794776955700E+00 -8.80488899893981714E-01 -7.00191164371221975E-01 -1.32191241059075426E-01 1.09689307508885854E+01 6.42322470673609871E+01 4.83181420743287546E+01 -1.30150470774557672E+01 1.00844075134891185E+01 -2.88709298391335345E+00 2.28861708642565453E+00 -9.11859396851542847E+00 -5.35095744755680425E+00 1.39087711717339246E+01 -7.62747493727001569E-01 -1.58803934012204717E-01 1.55975377092883107E+01 4.83181420743287546E+01 4.22735615784685024E+01 -5.80443584327660034E+00 1.35570289399896655E+01 5.59833524879014610E-01 -2.72141064916642161E+00 -8.80290182365894225E+00 -6.02281302077270908E+00 8.78255054492498743E+00 -1.28771907103881667E+00 -3.25544408603801849E-01 6.89357538465178088E+00 -1.30150470774557672E+01 -5.80443584327660034E+00 2.07300000000000040E+01 2.78407996467854035E+00 2.62991010624497168E+00 4.33256233005874236E+00 -7.60974849800379882E-01 -1.26680268497158122E+00 -4.30700426093698585E+00 -7.72719579408603807E-01 -2.91083509812138097E-01 8.63109958325599891E+00 1.00844075134891185E+01 1.35570289399896655E+01 2.78407996467854035E+00 9.31262528268041478E+00 3.83487138246668913E+00 -3.18342411780458123E+00 -2.90385089400867891E+00 -2.80185822030047493E+00 3.78606946246280218E-01 -1.20606158688095499E+00 -4.42238609102642566E-01 2.42122514284466384E+00 -2.88709298391335345E+00 5.59833524879014610E-01 2.62991010624497168E+00 3.83487138246668913E+00 3.50293754732703988E+00 -1.34403925848898131E+00 6.02488678151745338E-01 -2.58313898821255550E-01 -1.53083431143997539E+00 -6.99303613642064503E-01 -3.52837731852785386E-01 -6.73079917810540351E+00 2.28861708642565453E+00 -2.72141064916642161E+00 4.33256233005874236E+00 -3.18342411780458123E+00 -1.34403925848898131E+00 1.38299999999999965E+01 6.17084002879204285E-01 5.73523090908194533E-01 2.09386854312438286E+00 -3.40671985749808948E-01 -3.05259294251673030E-01 -4.20371438618215709E+00 -9.11859396851542847E+00 -8.80290182365894225E+00 -7.60974849800379882E-01 -2.90385089400867891E+00 6.02488678151745338E-01 6.17084002879204285E-01 4.02677488165157893E+00 2.88440194455323917E+00 -1.37771099655071350E+00 4.24121889155512855E-01 -4.40685274196816329E-03 -3.31851794776955700E+00 -5.35095744755680425E+00 -6.02281302077270908E+00 -1.26680268497158122E+00 -2.80185822030047493E+00 -2.58313898821255550E-01 5.73523090908194533E-01 2.88440194455323917E+00 2.78600148353471067E+00 -4.50421866990984299E-01 7.28910088593661687E-01 1.61647840310640167E-01 -8.80488899893981714E-01 1.39087711717339246E+01 8.78255054492498743E+00 -4.30700426093698585E+00 3.78606946246280218E-01 -1.53083431143997539E+00 2.09386854312438286E+00 -1.37771099655071350E+00 -4.50421866990984299E-01 6.93000000000000238E+00 1.35533432779911533E-02 -8.04047631642666599E-02 -7.00191164371221975E-01 -7.62747493727001569E-01 -1.28771907103881667E+00 -7.72719579408603807E-01 -1.20606158688095499E+00 -6.99303613642064503E-01 -3.40671985749808948E-01 4.24121889155512855E-01 7.28910088593661687E-01 1.35533432779911533E-02 1.01877448293715789E+00 4.52865904748641968E-01 -1.32191241059075426E-01 -1.58803934012204717E-01 -3.25544408603801849E-01 -2.91083509812138097E-01 -4.42238609102642566E-01 -3.52837731852785386E-01 -3.05259294251673030E-01 -4.40685274196816329E-03 1.61647840310640167E-01 -8.04047631642666599E-02 4.52865904748641968E-01 5.23689885883347306E-01
gravity 1.34028091875184288E+02 2.70395326836898107E+02 2.11624360048761559E+02 -1.19767305501110044E+02 4.55844403134340297E+01 -9.04807482457527357E+00 -5.48198255055566861E+01 -3.40104819536655683E+01 -1.92365040597492012E+01 4.69280234059846748E+01 -7.40053057429300054E-01 3.08818535261527360E-01
bias -1.20626114551704546E+02 4.03593169215452008E+01 -6.78747741068620343E+01 9.82149179028243111E+01 -7.75143882562639845E+01 -3.48239275505917050E+01 2.81056817701801094E+02 1.31556232983188295E+01 1.38305726287595405E+01 4.48361730136245029E+01 -9.80034680331882768E+00 -8.20061417269609549E+00
passive 1.72696046347060067E-01 8.87772332561357624E-02 3.29970935767774587E-01 -1.03787592159135633E-01 3.11492491303911212E-01 -8.74013009391413215E-02 4.88449927406145123E-01 -9.47665535821764493E-02 -4.18204523535281258E-01 1.43849167685096202E-01 -5.35964079364728077E-02 7.40046387605393929E-02
actuation 0.00000000000000000E+00 0.00000000000000000E+00 0.00000000000000000E+00 0.00000000000000000E+00 0.00000000000000000E+00 0.00000000000000000E+00 0.00000000000000000E+00 0.00000000000000000E+00 0.00000000000000000E+00 0.00000000000000000E+00 0.00000000000000000E+00 0.00000000000000000E+00
length
velocity
force
position 0.00000000000000000E+00 0.00000000000000000E+00 0.00000000000000000E+00
quaternion 1.00000000000000000E+00 0.00000000000000000E+00 0.00000000000000000E+00 0.00000000000000000E+00
position 3.12930050706142493E-01 1.71666582387101280E-01 3.39516708114433741E-02
quaternion 9.69087423704698026E-01 1.07676380411633119E-01 -2.15352760823266237E-01 5.38381902058165593E-02
position 3.76703200279016936E-01 6.66937016116163489E-02 2.63478543188372494E-01
quaternion 8.80640828817728538E-01 2.13639639821885441E-01 -4.10961226234057286E-01 9.97030864527228694E-02
position 3.64603669940945951E-01 -8.78858089896768085E-02 4.69872904919648504E-01
quaternion 7.28733793818269082E-01 2.88138498015376554E-01 -6.03288713044015434E-01 1.48209285884422837E-01
position 2.24791147991407675E-01 -7.31668114103882106E-01 2.88570286472273896E-01
quaternion 5.37281834643098866E-01 3.57136118326820295E-01 -7.41128554892267477E-01 1.85769987544534054E-01
position 1.12817359348037327E-01 -9.60856384647346018E-01 3.48138932729562200E-01
quaternion 3.27663090443978733E-01 4.22990428147235087E-01 -8.16370934401573156E-01 2.17380988867062780E-01
position 3.06871276410242422E-02 -1.20918002810322145E+00 3.18085782206047551E-01
quaternion 1.07988795466524790E-01 4.74441253849471889E-01 -8.39138251897124765E-01 2.43086221128363450E-01
position 7.23731820691290717E-01 -1.61254409958576117E+00 -8.95768296000687414E-02
quaternion -1.40233594812817081E-01 4.78574499036533096E-01 -8.35822425951933567E-01 2.29568856846111780E-01
position 7.90356526605688003E-01 -1.82193395736742825E+00 -2.34049493753374721E-01
quaternion -3.60243809751152166E-01 4.70191236412152047E-01 -7.71161938460103613E-01 2.33353515953033830E-01
position 9.46116520965137209E-01 -1.98711994676737880E+00 -3.80206399299277631E-01
quaternion -5.30759712357193103E-01 4.54320720691593016E-01 -6.56590147402714930E-01 2.84211521269744249E-01
position 7.47539314606394889E-01 -2.23703495765995397E+00 -8.45753402432217638E-01
quaternion -7.19972107917889126E-01 4.08982322575822732E-01 -5.15849622479928382E-01 2.19710697573132746E-01
position 9.90184347753454208E-01 -2.32107866841673927E+00 -8.43777580096210622E-01
quaternion -8.73181742246724069E-01 3.39446925488161910E-01 -3.35891835470578048E-01 9.74992546013351696E-02
position 1.23325320316397447E+00 -2.34093372878084782E+00 -7.68113843511762262E-01
quaternion -9.59166585460034082E-01 2.48468674167992037E-01 -1.19928764527524725E-01 -6.22886083729683043E-02
unchanged_qpos 3.35441479385121699E-01 1.92901479412924681E-02 -4.38463622040684564E-02 -5.60085249285880438E-01 5.99100248301305260E-02 9.06199901974792388E-02 -7.88100797388170848E-01 8.38818136744228227E-02 2.23057050312209348E-01 5.83614950527377108E-01 -9.10999247437169757E-02 -1.55721682564083586E-01
unchanged_qvel -1.53436319050554371E+00 -4.82466462163263721E-01 -1.56216195443073591E+00 1.63910845936743899E+00 -1.67728250617981711E+00 2.55766524300748088E-01 -8.66048042254383699E-01 3.06069140562036601E-01 1.64490851705198748E+00 -1.88647573948023517E+00 4.50181889169797955E-01 -5.85798286745298213E-02
unchanged_time 1.25000000000000000E-01
act
step SUCCESS
step_clamped -1.00000000000000000E+00
qpos 3.32393098498870276E-01 1.83349065220882734E-02 -4.69733930216601411E-02 -5.56838849866696073E-01 5.65634774693044365E-02 9.11435704422512011E-02 -7.89906798594676274E-01 8.44966741922544007E-02 2.26334722845621394E-01 5.79834596156453830E-01 -9.01729292423289891E-02 -1.55831393399457119E-01
qvel -1.52419044312570717E+00 -4.77620709602097904E-01 -1.56351540879584272E+00 1.62319970959219995E+00 -1.67327368041304458E+00 2.61790122385979929E-01 -9.03000603252710143E-01 3.07430258915786514E-01 1.63883626670601967E+00 -1.89017718546163405E+00 4.63497750693992683E-01 -5.48554176867704149E-02
time 1.27000000000000002E-01
lifecycle PASS
