create SUCCESS
reset_qpos 0.00000000000000000E+00 0.00000000000000000E+00 0.00000000000000000E+00 0.00000000000000000E+00 0.00000000000000000E+00 0.00000000000000000E+00 0.00000000000000000E+00 0.00000000000000000E+00 0.00000000000000000E+00 0.00000000000000000E+00 0.00000000000000000E+00 0.00000000000000000E+00
reset_qvel 0.00000000000000000E+00 0.00000000000000000E+00 0.00000000000000000E+00 0.00000000000000000E+00 0.00000000000000000E+00 0.00000000000000000E+00 0.00000000000000000E+00 0.00000000000000000E+00 0.00000000000000000E+00 0.00000000000000000E+00 0.00000000000000000E+00 0.00000000000000000E+00
forward SUCCESS
forward_clamped -1.00000000000000000E+00
qacc 6.82719398676706213E+00 5.83004719700066332E+00 -5.20604844497669372E+00 -6.81409668464987739E+00 4.93649487079484306E-01 1.11337739224707422E+00 1.13698273958976603E+00 -1.62778934862395808E-01 -1.27155028453734964E+00 5.04619455627600466E-01 -1.92328135177962989E+00 -3.80592523510195235E-01
mass 2.76300000000000061E+01 6.81347080060809951E+00 9.58865212490320573E+00 6.99359555726240956E+00 5.67071403124983853E+00 2.15188612140134783E+00 -5.72993195605869499E+00 -2.03789703265985533E+00 -2.06339246475862481E+00 8.03488021795029539E-01 -5.73854080368899511E-01 -9.70716786538136367E-02 6.81347080060809951E+00 2.32116346786067247E+01 1.74439912471696132E+01 -1.03868363104647834E+01 2.19193776195828782E+00 -2.47166953290077984E+00 -2.96771901534346583E+00 -3.74293111942304968E+00 -1.78649203298680659E+00 8.07868405173024229E+00 6.92917037660098711E-01 5.22429279788210410E-01 9.58865212490320573E+00 1.74439912471696132E+01 1.70014011741422699E+01 -4.89582320028798712E+00 6.41134657275302544E+00 1.17007122369795091E+00 -5.85920700466311040E+00 -3.25019492801430143E+00 -2.43215372817248365E+00 5.03681422998034023E+00 -1.37447585270098066E-02 2.68338227676806595E-01 6.99359555726240956E+00 -1.03868363104647834E+01 -4.89582320028798712E+00 2.07300000000000075E+01 2.77696321040909222E+00 3.19122463136368895E+00 4.48310667586008904E+00 4.07362270922164482E-01 -8.51993074907008707E-01 -3.16986944678891902E+00 -9.65859414395896509E-01 -3.57477387745704700E-01 5.67071403124983853E+00 2.19193776195828782E+00 6.41134657275302544E+00 2.77696321040909222E+00 7.88494085319525606E+00 5.20162899907901899E+00 -4.18000645606786492E+00 -3.52965205018231254E-01 -1.52492526606643786E+00 -3.88315852481511625E-01 -8.87013374090750650E-01 -2.34237730977352676E-01 2.15188612140134783E+00 -2.47166953290077984E+00 1.17007122369795091E+00 3.19122463136368895E+00 5.20162899907901899E+00 4.93531542102168164E+00 -1.76819118739406722E+00 1.07548418368966670E+00 -4.21561402463618617E-01 -1.53187575091253603E+00 -8.39661471259971037E-01 -3.33679757279142120E-01 -5.72993195605869499E+00 -2.96771901534346583E+00 -5.85920700466311040E+00 4.48310667586008904E+00 -4.18000645606786492E+00 -1.76819118739406722E+00 1.38299999999999965E+01 6.49986692931084131E-01 4.22316485128479746E-01 2.28641273311870874E+00 -4.64469853522217813E-01 -3.30595884216075109E-01 -2.03789703265985533E+00 -3.74293111942304968E+00 -3.25019492801430143E+00 4.07362270922164482E-01 -3.52965205018231254E-01 1.07548418368966670E+00 6.49986692931084131E-01 2.29094344185640253E+00 1.44821122074698949E+00 -1.25268253974390120E+00 -3.56499272215607052E-02 -1.55828937668118034E-01 -2.06339246475862481E+00 -1.78649203298680659E+00 -2.43215372817248365E+00 -8.51993074907008707E-01 -1.52492526606643786E+00 -4.21561402463618617E-01 4.22316485128479746E-01 1.44821122074698949E+00 1.76951710163474130E+00 -4.75620075865101022E-01 4.83369031283272466E-01 7.46694246540324513E-02 8.03488021795029539E-01 8.07868405173024229E+00 5.03681422998034023E+00 -3.16986944678891902E+00 -3.88315852481511625E-01 -1.53187575091253603E+00 2.28641273311870874E+00 -1.25268253974390120E+00 -4.75620075865101022E-01 6.93000000000000060E+00 4.07306535445459694E-02 -4.89297775036631188E-02 -5.73854080368899511E-01 6.92917037660098711E-01 -1.37447585270098066E-02 -9.65859414395896509E-01 -8.87013374090750650E-01 -8.39661471259971037E-01 -4.64469853522217813E-01 -3.56499272215607052E-02 4.83369031283272466E-01 4.07306535445459694E-02 1.02823337398989434E+00 4.57239521053439679E-01 -9.70716786538136367E-02 5.22429279788210410E-01 2.68338227676806595E-01 -3.57477387745704700E-01 -2.34237730977352676E-01 -3.33679757279142120E-01 -3.30595884216075109E-01 -1.55828937668118034E-01 7.46694246540324513E-02 -4.89297775036631188E-02 4.57239521053439679E-01 5.23689885883348194E-01
gravity 1.34028091875184288E+02 1.62118712789153847E+02 1.15866873387360258E+02 -1.17078099528840937E+02 7.79648243286159470E+00 -2.02127889815934481E+01 -4.33516632307303382E+01 -2.25021178279862468E+01 -1.03824956246223650E+01 5.27840470472614953E+01 2.19237716171418118E+00 1.27321638286761818E+00
bias -1.01989668656537000E-02 -5.08705380293054121E-02 -2.61607154558036945E-02 2.65878989349039516E-02 1.27917207349204087E-02 1.75935002877187080E-02 -1.00899223722355266E-02 6.40561000354681297E-03 -8.75241671727377407E-04 -2.25619437225952138E-02 -2.89860156650431026E-03 -9.44597216838503027E-04
passive -5.08911364999590100E-03 -1.82722158095652634E-03 2.30938838787591166E-02 1.38852990758058081E-02 7.53913459103625928E-03 -3.55559660695066865E-02 2.38720768544165365E-04 1.88698871637037607E-02 -2.22284975496001500E-02 1.32394524366032731E-02 2.69089317917343071E-02 3.63399228580394626E-02
actuation 0.00000000000000000E+00 0.00000000000000000E+00 0.00000000000000000E+00 0.00000000000000000E+00 0.00000000000000000E+00 0.00000000000000000E+00 0.00000000000000000E+00 0.00000000000000000E+00 0.00000000000000000E+00 0.00000000000000000E+00 0.00000000000000000E+00 0.00000000000000000E+00
tendon_length
tendon_velocity
tendon_force
length
velocity
force
position 0.00000000000000000E+00 0.00000000000000000E+00 0.00000000000000000E+00
quaternion 1.00000000000000000E+00 0.00000000000000000E+00 0.00000000000000000E+00 0.00000000000000000E+00
position 1.54723028301276710E-01 -6.29945513234651533E-02 1.95186578812574452E-01
quaternion 9.69087423704698026E-01 1.07676380411633119E-01 -2.15352760823266237E-01 5.38381902058165593E-02
position 2.20104513308243654E-01 -1.69269343735184014E-01 4.22158973769921286E-01
quaternion 8.76046021577367440E-01 2.04223425862422758E-01 -4.23152920567034185E-01 1.08525417405654925E-01
position 2.02197058254717399E-01 -3.19881454139624599E-01 6.31011807764756294E-01
quaternion 7.21646738319235537E-01 2.79482238751620871E-01 -6.12817578799206286E-01 1.59907093058030136E-01
position 1.09607058044402531E-01 -5.47797892962549438E-01 7.55740012568503539E-01
quaternion 5.28664076637815783E-01 3.49990476037515874E-01 -7.47111027022048346E-01 1.99614814224242432E-01
position 4.07460513019528708E-03 -7.75290606826910200E-01 8.18796244321614797E-01
quaternion 2.95104840091919007E-01 3.89339362527245159E-01 -8.43287068339090951E-01 2.24042215917586746E-01
position -8.84911683811459848E-02 -1.01798707575778447E+00 7.80099180833054850E-01
quaternion 7.12293667769738903E-02 4.33921060830735783E-01 -8.61030000636616166E-01 2.55472558760797663E-01
position -8.30873732322398306E-02 -1.26590660742480754E+00 6.78373191497080419E-01
quaternion -1.76874933672299450E-01 4.36837587221757695E-01 -8.45605950021960928E-01 2.50676599458644622E-01
position -1.76230826321962797E-02 -1.47918983341558863E+00 5.48865898788004514E-01
quaternion -4.26084763876984185E-01 4.02940807772923737E-01 -7.81911899161549906E-01 2.11433822679288425E-01
position 1.35879009908173143E-01 -1.63773862584270424E+00 4.09317894133164384E-01
quaternion -6.27960047414294786E-01 3.53229295003303023E-01 -6.65036687301408858E-01 1.96523404575826705E-01
position 3.66391955384588686E-01 -1.75698650558238256E+00 3.45326070394276707E-01
quaternion -8.00380587574073155E-01 2.81211088600101466E-01 -5.07102057168409948E-01 1.52179966810661094E-01
position 6.11255206862150846E-01 -1.83708013291908934E+00 3.44403858733534574E-01
quaternion -9.28903462801703106E-01 1.93074671978539336E-01 -3.08125670468021917E-01 7.01362889951865909E-02
position 8.47885670172971562E-01 -1.88103509357330312E+00 4.35255443669365194E-01
quaternion -9.91873849524511964E-01 9.25272229721499639E-02 -8.43548878535382712E-02 -2.25661811945403364E-02
unchanged_qpos 9.72380229240506211E-03 -1.73845133598906354E-02 -4.48218375675677738E-02 -4.40051194141445057E-02 -3.01162146385414234E-02 7.57226351473042764E-02 -2.49392603975154767E-02 -4.96506816672309670E-02 3.93300097560050216E-02 -2.29986201000781793E-02 -6.08999064279715230E-02 -7.40586474976756975E-02
unchanged_qvel 5.99796366516937990E-03 4.39051346245638990E-02 -2.58257442586600355E-02 1.85837434492599762E-02 2.25367563219015521E-02 2.63345600529248935E-02 4.86849169523101283E-02 4.95192751594313030E-03 3.24824682359906997E-02 -2.02000219828600072E-02 -1.27448461027284826E-02 -3.35823192948459248E-02
unchanged_time 1.25000000000000000E-01
step SUCCESS
step_clamped -1.00000000000000000E+00
qpos 1.47645732376350841E-01 1.00633816837616269E-01 -1.43417009135081736E-01 -1.79501499286300770E-01 -2.01846226941357135E-02 1.02801774217030253E-01 2.44576787512122262E-03 -5.02115757774861393E-02 2.08828921067513371E-02 -1.92186084424904938E-02 -1.00963439701949362E-01 -8.88850620031026856E-02
qvel 1.35062662084581220E+00 1.05506313358899062E+00 -8.57684401059653267E-01 -1.37425860450964921E+00 4.52429235349143949E-02 2.33678449892823770E-01 1.75259651611693101E-01 2.54321095997630435E-03 -2.06183569624032087E-01 3.62400275863526689E-02 -3.72942643132965934E-01 -1.15189893486856862E-01
time 3.25000000000000178E-01
reset_qpos 0.00000000000000000E+00 0.00000000000000000E+00 0.00000000000000000E+00 0.00000000000000000E+00 0.00000000000000000E+00 0.00000000000000000E+00 0.00000000000000000E+00 0.00000000000000000E+00 0.00000000000000000E+00 0.00000000000000000E+00 0.00000000000000000E+00 0.00000000000000000E+00
reset_qvel 0.00000000000000000E+00 0.00000000000000000E+00 0.00000000000000000E+00 0.00000000000000000E+00 0.00000000000000000E+00 0.00000000000000000E+00 0.00000000000000000E+00 0.00000000000000000E+00 0.00000000000000000E+00 0.00000000000000000E+00 0.00000000000000000E+00 0.00000000000000000E+00
forward SUCCESS
forward_clamped -1.00000000000000000E+00
qacc 6.97352486116720538E+00 5.27001918988933404E+00 -5.30196066842513858E+00 -7.14327634152555291E+00 1.53876938663001184E+00 7.12221203229104205E-02 1.72260622822799947E+00 -5.41084065757163835E-01 -8.82710319687675771E-01 1.00743336267836181E+00 -1.83747954804815850E+00 -4.15065016941584819E-01
mass 2.76300000000000061E+01 6.57365696732893667E+00 9.36071092401163618E+00 7.12730384737705336E+00 5.59462987899150566E+00 1.94580304285687333E+00 -4.54633431817995248E+00 -2.18162993502792979E+00 -2.14092968784659554E+00 1.86087917134557324E+00 -6.38212393005585632E-01 -1.49746283764278454E-01 6.57365696732893667E+00 2.27536599557347827E+01 1.74394327278501144E+01 -1.04584432803257563E+01 2.16721872818439065E+00 -2.70109301122352896E+00 -2.96667983669144286E+00 -3.54994846343595816E+00 -1.47137264706056303E+00 7.97731548255194411E+00 9.44057720584879023E-01 6.32982394125802594E-01 9.36071092401163618E+00 1.74394327278501144E+01 1.72875568075242043E+01 -4.96927023039012283E+00 6.58544193638195541E+00 1.05834289723622788E+00 -5.68886203948057734E+00 -3.25681724436442677E+00 -2.33500331541005712E+00 5.39507718017474502E+00 1.13838891116093813E-01 3.16638895391940456E-01 7.12730384737705336E+00 -1.04584432803257563E+01 -4.96927023039012283E+00 2.07299999999999969E+01 2.85720924583227376E+00 3.26414344603279849E+00 4.70820268900146655E+00 3.41790692153072895E-01 -9.32641074670605974E-01 -2.60015664121962020E+00 -1.02941513807432883E+00 -4.06250602797408100E-01 5.59462987899150566E+00 2.16721872818439065E+00 6.58544193638195541E+00 2.85720924583227376E+00 8.26120790826631257E+00 5.42891873797519331E+00 -4.17093976753547846E+00 -4.58696305359762024E-01 -1.67257848630238226E+00 -6.30152586116123903E-02 -9.67588876114295005E-01 -2.89609883057056705E-01 1.94580304285687333E+00 -2.70109301122352896E+00 1.05834289723622788E+00 3.26414344603279849E+00 5.42891873797519331E+00 5.18268094123416390E+00 -1.82435318963677795E+00 1.05229574561173278E+00 -5.34882806856588733E-01 -1.47817645037481249E+00 -9.42144252870402155E-01 -4.02190014716864053E-01 -4.54633431817995248E+00 -2.96667983669144286E+00 -5.68886203948057734E+00 4.70820268900146655E+00 -4.17093976753547846E+00 -1.82435318963677795E+00 1.38300000000000107E+01 6.92811964253041479E-01 4.82958598822725960E-01 2.31719197293388524E+00 -3.66791742256888431E-01 -2.78887906272829111E-01 -2.18162993502792979E+00 -3.54994846343595816E+00 -3.25681724436442677E+00 3.41790692153072895E-01 -4.58696305359762024E-01 1.05229574561173278E+00 6.92811964253041479E-01 2.31169397203714455E+00 1.45044573535533994E+00 -1.31822371282943873E+00 -5.77767488319327477E-02 -1.79968832379265309E-01 -2.14092968784659554E+00 -1.47137264706056303E+00 -2.33500331541005712E+00 -9.32641074670605974E-01 -1.67257848630238226E+00 -5.34882806856588733E-01 4.82958598822725960E-01 1.45044573535533994E+00 1.79400040945978190E+00 -5.30765058184903715E-01 4.93372301687640957E-01 7.15289961673766517E-02 1.86087917134557324E+00 7.97731548255194411E+00 5.39507718017474502E+00 -2.60015664121962020E+00 -6.30152586116123903E-02 -1.47817645037481249E+00 2.31719197293388524E+00 -1.31822371282943873E+00 -5.30765058184903715E-01 6.92999999999999883E+00 9.74571877890487576E-02 1.13529789259232683E-03 -6.38212393005585632E-01 9.44057720584879023E-01 1.13838891116093813E-01 -1.02941513807432883E+00 -9.67588876114295005E-01 -9.42144252870402155E-01 -3.66791742256888431E-01 -5.77767488319327477E-02 4.93372301687640957E-01 9.74571877890487576E-02 1.04088745433814545E+00 4.62813715342694998E-01 -1.49746283764278454E-01 6.32982394125802594E-01 3.16638895391940456E-01 -4.06250602797408100E-01 -2.89609883057056705E-01 -4.02190014716864053E-01 -2.78887906272829111E-01 -1.79968832379265309E-01 7.15289961673766517E-02 1.13529789259232683E-03 4.62813715342694998E-01 5.23689885883347306E-01
gravity 1.34028091875184288E+02 1.55148702986420204E+02 1.10321530113176848E+02 -1.14170062975747854E+02 4.50689649595662445E+00 -2.36666031604671510E+01 -3.13108100680800980E+01 -2.22325847583144522E+01 -9.36445677875096294E+00 5.67408783191371597E+01 2.76565945564381721E+00 1.49324147191747691E+00
bias 3.66402328852080406E-02 -2.06723675250332570E-02 7.20779055362657552E-03 3.68421185754514435E-02 3.28309090651069391E-02 2.68140769851125983E-02 -4.51624766121163854E-03 -3.46309661053635816E-04 -1.03057889510481289E-02 -5.33018286972835285E-03 -9.04033377427493866E-03 -4.05673441626599844E-03
passive -2.62020084060437461E-02 2.53459985699869446E-02 2.81164598234237596E-02 -2.49753824813769808E-02 2.97492476066482693E-02 9.72062269282781069E-03 2.17047116443881763E-02 2.98489920102554783E-02 4.76119373856158292E-03 1.61179850725160084E-02 -2.86186449861508107E-03 -1.13505824005204412E-02
actuation 0.00000000000000000E+00 0.00000000000000000E+00 0.00000000000000000E+00 0.00000000000000000E+00 0.00000000000000000E+00 0.00000000000000000E+00 0.00000000000000000E+00 0.00000000000000000E+00 0.00000000000000000E+00 0.00000000000000000E+00 0.00000000000000000E+00 0.00000000000000000E+00
tendon_length
tendon_velocity
tendon_force
length
velocity
force
position 0.00000000000000000E+00 0.00000000000000000E+00 0.00000000000000000E+00
quaternion 1.00000000000000000E+00 0.00000000000000000E+00 0.00000000000000000E+00 0.00000000000000000E+00
position 1.71995039555724510E-01 -3.73757786494038485E-02 1.77584002749429121E-01
quaternion 9.69087423704698026E-01 1.07676380411633119E-01 -2.15352760823266237E-01 5.38381902058165593E-02
position 2.38351348509122513E-01 -1.44428813408566059E-01 4.03103773128845211E-01
quaternion 8.73234111540594826E-01 1.98707469455614461E-01 -4.30188195675629215E-01 1.13647016352391161E-01
position 2.18880222949590836E-01 -2.93173215050632430E-01 6.12246174068423965E-01
quaternion 7.12616473338692824E-01 2.67134217883956693E-01 -6.26068400507502121E-01 1.69868859558862328E-01
position 1.26736690662670071E-01 -4.24404725846431463E-01 8.01652871888957952E-01
quaternion 5.17852626087012324E-01 3.38483711718872926E-01 -7.56270097143331377E-01 2.12868444638034254E-01
position 2.15212574715065441E-02 -6.49759507553641313E-01 8.66873029141432827E-01
quaternion 2.69519248043154969E-01 3.64042366590147881E-01 -8.60098700543308392E-01 2.34654545205092990E-01
position -7.24427988949210011E-02 -8.88404661771428517E-01 8.28072060105008889E-01
quaternion 2.23521505102171093E-02 3.84243827414840200E-01 -8.87088554826200637E-01 2.54815537904433898E-01
position -4.71091567973798489E-02 -1.14091125512578584E+00 7.07131912064721035E-01
quaternion -2.24468573352976319E-01 3.81888646689485856E-01 -8.57729336988737323E-01 2.60912448103600147E-01
position 1.53217268170302637E-02 -1.35310906621171245E+00 5.74709837970175830E-01
quaternion -4.71596472082484952E-01 3.45709170160620138E-01 -7.78023336914911323E-01 2.29698986506244290E-01
position 1.69354981627223178E-01 -1.51810070655864071E+00 4.45785296817699295E-01
quaternion -6.72197521905004591E-01 2.92845891791709501E-01 -6.46606897920763757E-01 2.10454970876851361E-01
position 4.16221775668097094E-01 -1.65361800214842547E+00 4.27547214755915173E-01
quaternion -8.33529845756582954E-01 2.21923388587191073E-01 -4.74964284014537830E-01 1.74318486516900989E-01
position 6.59291212604702359E-01 -1.74519472157124933E+00 4.48146597747728248E-01
quaternion -9.40543667036130016E-01 1.35983908192872566E-01 -2.78537260335356029E-01 1.38935170909659206E-01
position 8.80993535786711246E-01 -1.82276501424217852E+00 5.61470029798210146E-01
quaternion -9.92075388804921965E-01 4.12960800344750745E-02 -6.71436224302784657E-02 9.78406391449370694E-02
unchanged_qpos 4.52835347176894082E-02 -3.87442482729948162E-02 -6.96011911962760577E-02 6.94385939409624536E-02 -7.90771050089431327E-02 -6.17908107825382302E-03 -5.56804136042237038E-02 -5.51851643275994841E-02 9.02687389269868357E-03 -5.79775014313768933E-02 2.55634109064295373E-02 3.14048917394988275E-02
unchanged_qvel 4.04429725948399071E-02 -4.92414963039450801E-02 -1.37991672456666548E-03 -1.40002754750400069E-02 9.40797198464493611E-03 -3.62449513076314039E-02 2.83726898650653314E-03 -3.88746313960784129E-02 -4.18597164782052791E-02 3.53650775001737583E-02 -3.68174993197836684E-02 -6.05687147639545620E-03
unchanged_time 1.25000000000000000E-01
step SUCCESS
step_clamped -1.00000000000000000E+00
qpos 5.27559124762957826E-02 -3.63057741059322411E-02 -7.40748858274321437E-02 6.28799865908466621E-02 -7.74405464661051257E-02 -7.55471991318571942E-03 -5.41217864527454157E-02 -5.71922076391949905E-02 6.60875111865842461E-03 -5.57172784892796744E-02 2.25538769752132717E-02 3.08111074666753762E-02
qvel 3.19133239233613919E-01 1.60257005227640664E-01 -2.10927287216389980E-01 -2.99610660114980387E-01 6.86296846643709435E-02 -3.23622643850830644E-02 7.14187350244303576E-02 -6.03293858218413998E-02 -7.73496733544466047E-02 7.55133642319182341E-02 -1.09877919784808514E-01 -2.28713017057360773E-02
time 1.65000000000000036E-01
reset_qpos 0.00000000000000000E+00 0.00000000000000000E+00 0.00000000000000000E+00 0.00000000000000000E+00 0.00000000000000000E+00 0.00000000000000000E+00 0.00000000000000000E+00 0.00000000000000000E+00 0.00000000000000000E+00 0.00000000000000000E+00 0.00000000000000000E+00 0.00000000000000000E+00
reset_qvel 0.00000000000000000E+00 0.00000000000000000E+00 0.00000000000000000E+00 0.00000000000000000E+00 0.00000000000000000E+00 0.00000000000000000E+00 0.00000000000000000E+00 0.00000000000000000E+00 0.00000000000000000E+00 0.00000000000000000E+00 0.00000000000000000E+00 0.00000000000000000E+00
forward SUCCESS
forward_clamped -1.00000000000000000E+00
qacc 6.83835608694644836E+00 5.69115222377410301E+00 -5.10972957997111266E+00 -6.86731710197732781E+00 7.48290073297967595E-01 6.27678826552967806E-01 1.15174311378382210E+00 1.59177452721027457E-01 -1.45680170588877766E+00 5.12528167280248859E-01 -1.58145938160267541E+00 -8.30187236354170466E-01
mass 2.76300000000000061E+01 6.73825187793051406E+00 9.46606524596206889E+00 6.98013362919401725E+00 5.50120436135743329E+00 1.99326654827488614E+00 -5.77231981097696512E+00 -2.08538032789598970E+00 -2.15263409746325207E+00 8.63627378520965383E-01 -6.43139954224612231E-01 -1.33829471164998492E-01 6.73825187793051406E+00 2.29133790405234770E+01 1.71955464550076869E+01 -1.02784767975322744E+01 2.03795352539763996E+00 -2.83557739007332099E+00 -2.98479472031866466E+00 -3.78584030097329105E+00 -1.89771749436524884E+00 8.04647001050978261E+00 6.69683303917683825E-01 5.11813135562968924E-01 9.46606524596206889E+00 1.71955464550076869E+01 1.67582096740222184E+01 -4.84305679943822653E+00 6.22946745575526784E+00 9.14243854260024635E-01 -5.84845443665181630E+00 -3.28905571986303435E+00 -2.55618713846843404E+00 5.01396446161883702E+00 -8.42908139543295937E-02 2.29146779882503149E-01 6.98013362919401725E+00 -1.02784767975322744E+01 -4.84305679943822653E+00 2.07299999999999933E+01 2.73766894189984189E+00 3.21986473056310540E+00 4.54291908255568266E+00 4.37650782456496801E-01 -8.40953668353611850E-01 -3.09496741496288497E+00 -9.76574339325247842E-01 -3.77851337778554952E-01 5.50120436135743329E+00 2.03795352539763996E+00 6.22946745575526784E+00 2.73766894189984189E+00 7.74846570672626989E+00 5.18144749783523739E+00 -4.14964054005247274E+00 -3.44838073192690608E-01 -1.58287330728322506E+00 -4.43276573797331763E-01 -9.62236038453226694E-01 -2.89558032403388732E-01 1.99326654827488614E+00 -2.83557739007332099E+00 9.14243854260024635E-01 3.21986473056310540E+00 5.18144749783523739E+00 5.06263673637749623E+00 -1.83329071054706572E+00 1.11995235887787992E+00 -4.52166062974202920E-01 -1.73666552014791886E+00 -9.15901176409604556E-01 -3.91593028828448819E-01 -5.77231981097696512E+00 -2.98479472031866466E+00 -5.84845443665181630E+00 4.54291908255568266E+00 -4.14964054005247274E+00 -1.83329071054706572E+00 1.38300000000000018E+01 7.10793518941488678E-01 4.94792804791319873E-01 2.26098215987569651E+00 -3.60336555030858541E-01 -2.97599538788648643E-01 -2.08538032789598970E+00 -3.78584030097329105E+00 -3.28905571986303435E+00 4.37650782456496801E-01 -3.44838073192690608E-01 1.11995235887787992E+00 7.10793518941488678E-01 2.30926425749777753E+00 1.47720202902697229E+00 -1.29463367654957562E+00 -2.95771096634849795E-02 -1.65991059313454509E-01 -2.15263409746325207E+00 -1.89771749436524884E+00 -2.55618713846843404E+00 -8.40953668353611850E-01 -1.58287330728322506E+00 -4.52166062974202920E-01 4.94792804791319873E-01 1.47720202902697229E+00 1.81743947308498011E+00 -5.23285571345214251E-01 4.99092554664291699E-01 7.25857041476341003E-02 8.63627378520965383E-01 8.04647001050978261E+00 5.01396446161883702E+00 -3.09496741496288497E+00 -4.43276573797331763E-01 -1.73666552014791886E+00 2.26098215987569651E+00 -1.29463367654957562E+00 -5.23285571345214251E-01 6.92999999999999883E+00 8.83834784065243434E-02 -2.95172220485684506E-02 -6.43139954224612231E-01 6.69683303917683825E-01 -8.42908139543295937E-02 -9.76574339325247842E-01 -9.62236038453226694E-01 -9.15901176409604556E-01 -3.60336555030858541E-01 -2.95771096634849795E-02 4.99092554664291699E-01 8.83834784065243434E-02 1.02827404372382181E+00 4.57257925722470149E-01 -1.33829471164998492E-01 5.11813135562968924E-01 2.29146779882503149E-01 -3.77851337778554952E-01 -2.89558032403388732E-01 -3.91593028828448819E-01 -2.97599538788648643E-01 -1.65991059313454509E-01 7.25857041476341003E-02 -2.95172220485684506E-02 4.57257925722470149E-01 5.23689885883347417E-01
gravity 1.34028091875184288E+02 1.60365434713867870E+02 1.14337673108138773E+02 -1.17454840432647487E+02 6.61545287212567779E+00 -2.25288241368036957E+01 -4.47957872395667209E+01 -2.30884149898818478E+01 -1.10992424124954567E+01 5.25863917295316341E+01 2.09662932159476245E+00 1.27533257237456876E+00
bias -1.82694814703292796E-02 -3.81793038665103057E-02 -2.94378071020071005E-02 2.58710453666432354E-02 -3.56998226743727607E-03 5.16852736424619399E-03 2.35542736351005422E-02 6.60826204314204739E-03 2.54104676535462336E-03 -6.34308556927225785E-03 -2.07101348893026001E-03 -1.14986237775351399E-03
passive 3.35508547727170550E-02 -5.00806326492245039E-04 1.23169043578985303E-02 5.15891743747782031E-03 -5.92097958460413663E-03 6.83611372693646371E-03 2.99274076352567262E-03 -4.28837856272750069E-03 -6.16726495867964998E-03 4.22453472274038084E-03 -9.71941526878909029E-03 3.08709920616394608E-02
actuation 0.00000000000000000E+00 0.00000000000000000E+00 0.00000000000000000E+00 0.00000000000000000E+00 0.00000000000000000E+00 0.00000000000000000E+00 0.00000000000000000E+00 0.00000000000000000E+00 0.00000000000000000E+00 0.00000000000000000E+00 0.00000000000000000E+00 0.00000000000000000E+00
tendon_length
tendon_velocity
tendon_force
length
velocity
force
position 0.00000000000000000E+00 0.00000000000000000E+00 0.00000000000000000E+00
quaternion 1.00000000000000000E+00 0.00000000000000000E+00 0.00000000000000000E+00 0.00000000000000000E+00
position 1.11290401095608060E-01 -1.27416151484983253E-01 2.39450452471940106E-01
quaternion 9.69087423704698026E-01 1.07676380411633119E-01 -2.15352760823266237E-01 5.38381902058165593E-02
position 1.76429350167029986E-01 -2.33496098174933830E-01 4.66795004043822126E-01
quaternion 8.76742523167436949E-01 2.05617131460992142E-01 -4.21362952805791335E-01 1.07225954519106992E-01
position 1.59432184648582803E-01 -3.84706567664416410E-01 6.75272360002092120E-01
quaternion 7.22588392855812223E-01 2.80575078222851992E-01 -6.11632663308516289E-01 1.58269154178651894E-01
position 6.79184538137677513E-02 -6.05615330834507692E-01 8.04957827488747446E-01
quaternion 5.29802307695249497E-01 3.50861986023142502E-01 -7.46400732055244820E-01 1.97715271823090927E-01
position -4.25588656823402342E-02 -8.33714963260718589E-01 8.66127712981700881E-01
quaternion 3.11945307434019992E-01 4.08773114689438943E-01 -8.26869869523531253E-01 2.27773757819305700E-01
position -1.20390717231046190E-01 -1.07925903146953583E+00 8.41108859926685049E-01
quaternion 6.15760046595315788E-02 4.27299643338187540E-01 -8.71219072095648306E-01 2.33668009941507854E-01
position -1.34080901486081899E-01 -1.31759129570110889E+00 7.32492328514216196E-01
quaternion -1.86537242450231483E-01 4.24137184757050201E-01 -8.55392522607893668E-01 2.31549428744559055E-01
position -7.16869019427925774E-02 -1.52392066513017244E+00 5.86431025375682591E-01
quaternion -4.18024525241830591E-01 3.98919460687220839E-01 -7.85100988748545392E-01 2.23013895637503540E-01
position 7.60308221182925265E-02 -1.69003631759933381E+00 4.52511871118271625E-01
quaternion -6.29709909783976785E-01 3.46971271226872269E-01 -6.68263102024505895E-01 1.91051806941595820E-01
position 3.07261278033328922E-01 -1.80895887193407345E+00 3.87292174954977420E-01
quaternion -8.01802752244988315E-01 2.73606069628741011E-01 -5.10104138561782050E-01 1.48478392289304484E-01
position 5.58198729452030862E-01 -1.88231044836920147E+00 3.83900793234536020E-01
quaternion -9.19236519440803757E-01 1.82262851277587790E-01 -3.28061262252329122E-01 1.18996985591775836E-01
position 7.90876437567399004E-01 -1.95029393336376033E+00 4.70065237944752912E-01
quaternion -9.90120196300890876E-01 9.30433412186806447E-02 -1.00568900314529169E-01 2.98467723795341859E-02
unchanged_qpos -7.96955814266151752E-02 -1.19733683403569907E-02 -4.53133958445863516E-02 -3.50377890659462898E-02 2.96885910306536466E-02 -2.36950982784287570E-02 -8.57751617759587581E-03 2.08031072782648568E-02 -2.74139587434377163E-03 -2.50487135734175428E-02 4.82345114338744302E-02 -7.37135089898766777E-02
unchanged_qvel -8.36311101035490390E-03 2.64507683131752075E-02 2.90422698996800621E-02 4.42809909445034816E-02 -2.97722841382866109E-02 1.32096279221751989E-02 2.19132853756338897E-03 -2.01643217428922120E-02 3.63191165420857914E-02 2.89747535331331824E-02 -4.78719465238034228E-02 -6.92794232844394509E-03
unchanged_time 1.25000000000000000E-01
step SUCCESS
step_clamped -1.00000000000000000E+00
qpos -7.42910720066353308E-02 -6.17033640607701772E-03 -4.83934092586608064E-02 -3.90391988438473850E-02 2.91024506261926622E-02 -2.26375632704895642E-02 -7.53267303612520887E-03 2.01316840524020275E-02 -2.50343947583584782E-03 -2.34629052868494947E-02 4.49977602014015182E-02 -7.46859280529655056E-02
qvel 2.64767977326993642E-01 2.51477084146176810E-01 -1.71628111321367682E-01 -2.30739375519554479E-01 -1.56370177989558932E-03 3.84401884516335710E-02 4.73336211580336688E-02 -1.36688205633595673E-02 -2.13203403757981011E-02 4.91099301610587111E-02 -1.10653356144741380E-01 -3.99962031677483162E-02
time 1.65000000000000036E-01
reset_qpos 0.00000000000000000E+00 0.00000000000000000E+00 0.00000000000000000E+00 0.00000000000000000E+00 0.00000000000000000E+00 0.00000000000000000E+00 0.00000000000000000E+00 0.00000000000000000E+00 0.00000000000000000E+00 0.00000000000000000E+00 0.00000000000000000E+00 0.00000000000000000E+00
reset_qvel 0.00000000000000000E+00 0.00000000000000000E+00 0.00000000000000000E+00 0.00000000000000000E+00 0.00000000000000000E+00 0.00000000000000000E+00 0.00000000000000000E+00 0.00000000000000000E+00 0.00000000000000000E+00 0.00000000000000000E+00 0.00000000000000000E+00 0.00000000000000000E+00
forward SUCCESS
forward_clamped -1.00000000000000000E+00
qacc 6.78110360543844948E+00 5.82304722969864841E+00 -5.42837753283416902E+00 -6.90642646684975325E+00 7.89700419366602624E-01 7.59401686229177031E-01 9.34201938796896947E-01 6.40909081162135408E-02 -1.20202019843167296E+00 7.22204746652435503E-01 -1.85151097949320298E+00 -4.77884438500982167E-01
mass 2.76300000000000061E+01 6.57851604525929456E+00 9.12675129041071287E+00 6.74710188535878608E+00 5.40849961075475605E+00 1.94268808077765476E+00 -6.16647336907599364E+00 -2.06268085816928126E+00 -2.12752043612022579E+00 9.68399206444470195E-01 -6.67142182664445693E-01 -1.52075182808183496E-01 6.57851604525929456E+00 2.23293447415580602E+01 1.66941346417083096E+01 -1.02504541342364437E+01 1.78753236562194529E+00 -3.08594072979429734E+00 -3.37332095917087971E+00 -3.88016630137548457E+00 -1.85846394815043414E+00 7.80517432979303827E+00 7.28694582502075638E-01 5.52142549102559665E-01 9.12675129041071287E+00 1.66941346417083096E+01 1.60600199681404980E+01 -4.76129267944234247E+00 5.94919784142154739E+00 7.63188202471157817E-01 -5.79191499975047819E+00 -3.25744375243350515E+00 -2.45709233241242764E+00 4.93926032643455315E+00 -6.05668776538509507E-02 2.34904101029599632E-01 6.74710188535878608E+00 -1.02504541342364437E+01 -4.76129267944234247E+00 2.07300000000000040E+01 2.73118367851393939E+00 3.24400490581489098E+00 4.66765556989649522E+00 5.23674713771692280E-01 -7.76706366474019472E-01 -2.82462568387907487E+00 -9.99956066441843427E-01 -4.03504369363444582E-01 5.40849961075475605E+00 1.78753236562194529E+00 5.94919784142154739E+00 2.73118367851393939E+00 7.86404659999240607E+00 5.37324061428969024E+00 -4.23641285224377029E+00 -2.62362579820765995E-01 -1.56384160416848794E+00 -5.28925157805320789E-01 -1.03038959236304528E+00 -3.36225398550313637E-01 1.94268808077765476E+00 -3.08594072979429734E+00 7.63188202471157817E-01 3.24400490581489098E+00 5.37324061428969024E+00 5.32380307928880292E+00 -1.91172878067505381E+00 1.22720483131855751E+00 -4.43501753293825574E-01 -1.87274893148187571E+00 -9.93829990311875910E-01 -4.43331163624408109E-01 -6.16647336907599364E+00 -3.37332095917087971E+00 -5.79191499975047819E+00 4.66765556989649522E+00 -4.23641285224377029E+00 -1.91172878067505381E+00 1.38300000000000036E+01 7.74692479908374310E-01 6.06531964218663733E-01 2.24732166609247797E+00 -2.91563619174087463E-01 -2.58941736365213004E-01 -2.06268085816928126E+00 -3.88016630137548457E+00 -3.25744375243350515E+00 5.23674713771692280E-01 -2.62362579820765995E-01 1.22720483131855751E+00 7.74692479908374310E-01 2.36612569569345910E+00 1.47795164502115406E+00 -1.38561922080930611E+00 -6.11953979456166114E-02 -1.88144032706957398E-01 -2.12752043612022579E+00 -1.85846394815043414E+00 -2.45709233241242764E+00 -7.76706366474019472E-01 -1.56384160416848794E+00 -4.43501753293825574E-01 6.06531964218663733E-01 1.47795164502115406E+00 1.80422140800808983E+00 -5.43030948644866562E-01 4.94795564509485419E-01 6.97157322096719767E-02 9.68399206444470195E-01 7.80517432979303827E+00 4.93926032643455315E+00 -2.82462568387907487E+00 -5.28925157805320789E-01 -1.87274893148187571E+00 2.24732166609247797E+00 -1.38561922080930611E+00 -5.43030948644866562E-01 6.93000000000000060E+00 1.09056713087694879E-01 -6.26746461451582748E-04 -6.67142182664445693E-01 7.28694582502075638E-01 -6.05668776538509507E-02 -9.99956066441843427E-01 -1.03038959236304528E+00 -9.93829990311875910E-01 -2.91563619174087463E-01 -6.11953979456166114E-02 4.94795564509485419E-01 1.09056713087694879E-01 1.03775590066959977E+00 4.61461744610165980E-01 -1.52075182808183496E-01 5.52142549102559665E-01 2.34904101029599632E-01 -4.03504369363444582E-01 -3.36225398550313637E-01 -4.43331163624408109E-01 -2.58941736365213004E-01 -1.88144032706957398E-01 6.97157322096719767E-02 -6.26746461451582748E-04 4.61461744610165980E-01 5.23689885883347861E-01
gravity 1.34028091875184288E+02 1.56713558155499186E+02 1.11092962446072534E+02 -1.21332110007627520E+02 5.76314819769516617E+00 -2.35332825088667406E+01 -5.25208511355497905E+01 -2.35120734142874994E+01 -1.09682238085113610E+01 5.03403369199933479E+01 2.53949064740310559E+00 1.60785158164609587E+00
bias 1.25086581153908191E-03 1.23406830756262621E-02 9.51982855848096735E-03 -3.94457258420253306E-03 8.77000264394038739E-04 -1.72191508262532419E-03 2.88858912292346524E-03 -1.05745631361412558E-03 3.94211960937822584E-05 7.57309692046363291E-03 6.40286376409205456E-04 2.56522093671863690E-04
passive -1.84570382340062539E-02 1.52429217272373116E-02 -2.32815843503183448E-02 8.35866106244412092E-03 5.05595490970709403E-03 1.61922987977242624E-02 -1.48774932431067382E-02 1.13665195618431226E-02 -2.04167604731070387E-02 2.39312530135386177E-02 -2.56781287951654107E-02 1.71363761505261090E-04
actuation 0.00000000000000000E+00 0.00000000000000000E+00 0.00000000000000000E+00 0.00000000000000000E+00 0.00000000000000000E+00 0.00000000000000000E+00 0.00000000000000000E+00 0.00000000000000000E+00 0.00000000000000000E+00 0.00000000000000000E+00 0.00000000000000000E+00 0.00000000000000000E+00
tendon_length
tendon_velocity
tendon_force
length
velocity
force
position 0.00000000000000000E+00 0.00000000000000000E+00 0.00000000000000000E+00
quaternion 1.00000000000000000E+00 0.00000000000000000E+00 0.00000000000000000E+00 0.00000000000000000E+00
position 1.73968408365559213E-01 -3.44487722807494817E-02 1.75572866115482729E-01
quaternion 9.69087423704698026E-01 1.07676380411633119E-01 -2.15352760823266237E-01 5.38381902058165593E-02
position 2.39910404337985883E-01 -1.41171980197037972E-01 4.01701769585067259E-01
quaternion 8.74431624049408329E-01 2.01035500153896818E-01 -4.27228437586699872E-01 1.11489571967130760E-01
position 2.11862481750683035E-01 -2.88681797242458127E-01 6.16604270652416742E-01
quaternion 7.39418974094198656E-01 3.09108934680749681E-01 -5.79225617825506078E-01 1.49026611397682002E-01
position 1.42228327346939243E-01 -4.88197745982601738E-01 7.67031875072773039E-01
quaternion 5.50516738415557261E-01 3.80080373108073521E-01 -7.21151398717920444E-01 1.80030249762398314E-01
position 4.72690179249318984E-02 -7.21563599585752113E-01 8.29726751933988038E-01
quaternion 3.27676755226869565E-01 4.27682428115743640E-01 -8.18376020609407173E-01 1.99940925416792342E-01
position -2.62056175427654164E-02 -9.66807506503243652E-01 8.01878402173206939E-01
quaternion 6.80212150561460976E-02 4.28964549871970469E-01 -8.79553444513133220E-01 1.94289133768479116E-01
position -8.05957149514867632E-02 -1.18809324676589867E+00 6.92561839903458321E-01
quaternion -1.80145283905362885E-01 4.17515564437644038E-01 -8.69187062360777696E-01 1.94273726385256251E-01
position -2.76322291951393018E-02 -1.38565786954555503E+00 5.33657399065905813E-01
quaternion -4.21259117434215735E-01 3.76469243543906928E-01 -8.06180832258816094E-01 1.75738812851648191E-01
position 1.14489702459335721E-01 -1.53576155635852829E+00 3.73195139930519781E-01
quaternion -6.20651267792599382E-01 3.21954537852555178E-01 -6.92845696999826788E-01 1.76357930052524176E-01
position 3.62425925513716551E-01 -1.66342646297858598E+00 3.18887131133967272E-01
quaternion -7.94833262873152591E-01 2.45850220335300323E-01 -5.36112953584439000E-01 1.42760829328184735E-01
position 6.11077241911177182E-01 -1.74410536678740957E+00 3.00330239800908338E-01
quaternion -9.12361884370871290E-01 1.53781147926621620E-01 -3.56794940496320989E-01 1.29013646277555322E-01
position 8.47526962008967488E-01 -1.82215898369100349E+00 3.74522935824124492E-01
quaternion -9.84141326177643161E-01 5.88235256080742869E-02 -1.44957807338950057E-01 8.36234239661930306E-02
unchanged_qpos 4.93463196371963370E-02 -2.97401310823293824E-02 6.51246412963787241E-02 7.61242557220043192E-04 4.05534198801196788E-04 -6.45808979803289829E-02 2.82059173751975090E-02 -1.72712029461953992E-02 5.36625631337422498E-02 -6.19300409458796997E-02 6.29584418290222853E-02 5.62422297255105175E-03
unchanged_qvel -6.40744810436141149E-03 -1.67343464715277931E-02 -1.38413608411657313E-02 -4.33157904266606858E-02 -2.60908429461378620E-02 4.82003019720366466E-02 1.79756314651386695E-02 -2.22901919168248114E-02 -5.24132390194932685E-03 4.20381682406632123E-03 2.47376031778247935E-03 -1.21052647526284085E-02
unchanged_time 1.25000000000000000E-01
step SUCCESS
step_clamped -1.00000000000000000E+00
qpos 5.47823222445368227E-02 -2.55483911581418331E-02 6.00565895990973486E-02 -6.77366907518238588E-03 -1.29743511071917348E-06 -6.20087326593556157E-02 2.97041965597432227E-02 -1.81071375410855120E-02 5.24452647964957983E-02 -6.11593968322471371E-02 6.15073339507032565E-02 4.73559601158043183E-03
qvel 2.64525084166802205E-01 2.13975637136503194E-01 -2.27660322775720819E-01 -3.19662366989637625E-01 3.61104697086770321E-03 7.90130365650649341E-02 5.47598857344756829E-02 -1.95929796537320684E-02 -5.31749448708740899E-02 3.26806357926459345E-02 -7.12140047097976209E-02 -3.14308704404139203E-02
time 1.65000000000000036E-01
reset_qpos 0.00000000000000000E+00 0.00000000000000000E+00 0.00000000000000000E+00 0.00000000000000000E+00 0.00000000000000000E+00 0.00000000000000000E+00 0.00000000000000000E+00 0.00000000000000000E+00 0.00000000000000000E+00 0.00000000000000000E+00 0.00000000000000000E+00 0.00000000000000000E+00
reset_qvel 0.00000000000000000E+00 0.00000000000000000E+00 0.00000000000000000E+00 0.00000000000000000E+00 0.00000000000000000E+00 0.00000000000000000E+00 0.00000000000000000E+00 0.00000000000000000E+00 0.00000000000000000E+00 0.00000000000000000E+00 0.00000000000000000E+00 0.00000000000000000E+00
forward SUCCESS
forward_clamped -1.00000000000000000E+00
qacc 6.61959151441238003E+00 5.59787123260011388E+00 -4.89168918831584332E+00 -6.88611421881615104E+00 6.62059744652940374E-01 8.81178239436438915E-01 5.33710236040862540E-01 1.71348404154592515E-01 -1.30088567325376880E+00 4.26406637876878492E-01 -1.12893895649268128E+00 -1.10157391670289240E+00
mass 2.76300000000000061E+01 6.83762926665011683E+00 9.60722889927976276E+00 6.59364346503467313E+00 5.81949107690849132E+00 2.08881760953876805E+00 -7.03631320203814958E+00 -2.22492275987308208E+00 -2.11831039141089006E+00 6.46446957662147881E-01 -4.80122359544323196E-01 -6.45190618519861508E-02 6.83762926665011683E+00 2.41365815397468850E+01 1.82622568970107508E+01 -1.04456361392826320E+01 2.81146614978441933E+00 -2.39589689247419901E+00 -3.18176204305824539E+00 -3.59912273571543828E+00 -1.58925992239225877E+00 8.19236252932320141E+00 9.00298941627805105E-01 6.32897373917666317E-01 9.60722889927976276E+00 1.82622568970107508E+01 1.72367159476758722E+01 -4.78870497072869483E+00 6.37411301205643976E+00 8.99816190209939415E-01 -5.36451177436326709E+00 -3.24847486370832872E+00 -2.29436049925982877E+00 5.52908042150060730E+00 1.75160708320330372E-01 3.48883611088353307E-01 6.59364346503467313E+00 -1.04456361392826320E+01 -4.78870497072869483E+00 2.07300000000000111E+01 2.57958756313253357E+00 2.86766581368428142E+00 4.52952028604785717E+00 -1.37909651969443797E-01 -1.26817667356795316E+00 -2.60511109143051023E+00 -1.04180389843049648E+00 -4.01161764774885465E-01 5.81949107690849132E+00 2.81146614978441933E+00 6.37411301205643976E+00 2.57958756313253357E+00 7.28018679087678766E+00 4.62494856885260308E+00 -3.70886887610414107E+00 -6.44511455546346923E-01 -1.60544043384998281E+00 2.76162046573829700E-01 -7.84337680364975309E-01 -2.05673812031447328E-01 2.08881760953876805E+00 -2.39589689247419901E+00 8.99816190209939415E-01 2.86766581368428142E+00 4.62494856885260308E+00 4.48438917475020649E+00 -1.60883753739571977E+00 8.43690852894326992E-01 -5.11657378600351653E-01 -1.20520162159975275E+00 -7.94096687836271964E-01 -3.31378543625962640E-01 -7.03631320203814958E+00 -3.18176204305824539E+00 -5.36451177436326709E+00 4.52952028604785717E+00 -3.70886887610414107E+00 -1.60883753739571977E+00 1.38299999999999930E+01 5.26130711537177609E-01 2.54775530162278274E-01 2.39317742930599131E+00 -4.48545208604627488E-01 -2.97642373664367244E-01 -2.22492275987308208E+00 -3.59912273571543828E+00 -3.24847486370832872E+00 -1.37909651969443797E-01 -6.44511455546346923E-01 8.43690852894326992E-01 5.26130711537177609E-01 2.27489606681030532E+00 1.50924031034354411E+00 -1.21754138139250889E+00 1.49587019072187355E-02 -1.44358800412525440E-01 -2.11831039141089006E+00 -1.58925992239225877E+00 -2.29436049925982877E+00 -1.26817667356795316E+00 -1.60544043384998281E+00 -5.11657378600351653E-01 2.54775530162278274E-01 1.50924031034354411E+00 1.87352822728184654E+00 -5.18741255793894851E-01 5.29894466155648391E-01 8.79648454444780237E-02 6.46446957662147881E-01 8.19236252932320141E+00 5.52908042150060730E+00 -2.60511109143051023E+00 2.76162046573829700E-01 -1.20520162159975275E+00 2.39317742930599131E+00 -1.21754138139250889E+00 -5.18741255793894851E-01 6.93000000000000060E+00 8.61855683862881861E-02 6.13978550092120212E-03 -4.80122359544323196E-01 9.00298941627805105E-01 1.75160708320330372E-01 -1.04180389843049648E+00 -7.84337680364975309E-01 -7.94096687836271964E-01 -4.48545208604627488E-01 1.49587019072187355E-02 5.29894466155648391E-01 8.61855683862881861E-02 1.04549695313457880E+00 4.64772765392014175E-01 -6.45190618519861508E-02 6.32897373917666317E-01 3.48883611088353307E-01 -4.01161764774885465E-01 -2.05673812031447328E-01 -3.31378543625962640E-01 -2.97642373664367244E-01 -1.44358800412525440E-01 8.79648454444780237E-02 6.13978550092120212E-03 4.64772765392014175E-01 5.23689885883347195E-01
gravity 1.34028091875184288E+02 1.64324868420716939E+02 1.20890815081318749E+02 -1.25377904473012450E+02 1.54480111567784970E+01 -1.60956469279755936E+01 -6.41336133503890977E+01 -1.94942959151590571E+01 -7.36786465267750401E+00 4.47890718262360963E+01 4.31785142393876420E+00 2.39275688646983031E+00
bias 5.52201171617209066E-03 1.94445483911463296E-02 7.95399931932398198E-03 1.07449799615184916E-02 -6.06973523338155165E-03 -7.58603615190006457E-03 3.47515724290340250E-02 -3.53394208991107033E-03 -2.07878048849357861E-03 2.19657741202220202E-02 -1.80131878388866545E-03 -9.47127759936314262E-04
passive -3.43721151407065453E-02 -1.37781707819422013E-02 -2.10996019289958203E-02 -4.59274005900818429E-04 -2.29891135200868645E-02 1.82165826180047639E-02 1.78556530930496608E-02 2.23571355894216506E-02 1.80286493648863788E-02 -2.02303548785029257E-03 9.10262737935532522E-03 -3.19007653802519525E-02
actuation 0.00000000000000000E+00 0.00000000000000000E+00 0.00000000000000000E+00 0.00000000000000000E+00 0.00000000000000000E+00 0.00000000000000000E+00 0.00000000000000000E+00 0.00000000000000000E+00 0.00000000000000000E+00 0.00000000000000000E+00 0.00000000000000000E+00 0.00000000000000000E+00
tendon_length
tendon_velocity
tendon_force
length
velocity
force
position 0.00000000000000000E+00 0.00000000000000000E+00 0.00000000000000000E+00
quaternion 1.00000000000000000E+00 0.00000000000000000E+00 0.00000000000000000E+00 0.00000000000000000E+00
position 1.82865149839987501E-01 -2.12526485626979567E-02 1.66505852076950567E-01
quaternion 9.69087423704698026E-01 1.07676380411633119E-01 -2.15352760823266237E-01 5.38381902058165593E-02
position 2.46385860338233204E-01 -1.26018970082364512E-01 3.96453189710766485E-01
quaternion 8.81356767187325030E-01 2.15157134062562067E-01 -4.08974701139715791E-01 9.82718190671778014E-02
position 2.26575690239812749E-01 -2.79470015624969870E-01 6.08741756164345449E-01
quaternion 7.50398716068366611E-01 3.25266860849951656E-01 -5.60601490990545348E-01 1.29727423681126025E-01
position 1.64371971404959766E-01 -4.88165870574210736E-01 7.52681932148486665E-01
quaternion 5.64467031744321002E-01 3.93767630951979419E-01 -7.08415489552575717E-01 1.56433746519751921E-01
position 6.89517387931662118E-02 -7.23930734371490803E-01 8.12087540400549202E-01
quaternion 3.53026747848358413E-01 4.51320754658731060E-01 -8.00203828066939793E-01 1.77074914273311346E-01
position -2.34156974441691867E-03 -9.70796546458637000E-01 7.82160895153378721E-01
quaternion 1.05248482552122949E-01 4.62049595990661921E-01 -8.63162571442867677E-01 1.74308069306839203E-01
position 2.70650460629002811E-02 -1.21365526683596037E+00 6.32543973814697291E-01
quaternion -1.43025721050947824E-01 4.50165841506534825E-01 -8.65252595941915281E-01 1.68024710903921348E-01
position 7.53127374765426988E-02 -1.40935383122769453E+00 4.71994265507999888E-01
quaternion -3.95475716051340132E-01 3.96415456699313273E-01 -8.18367392582958431E-01 1.29338913172039577E-01
position 2.05848064731395192E-01 -1.55069596679107335E+00 3.00911047294475709E-01
quaternion -6.21510171573471104E-01 3.13391079802138872E-01 -7.13712983500121134E-01 7.82618356194105247E-02
position 3.92075004220701961E-01 -1.62741582475225921E+00 1.48347795732707760E-01
quaternion -7.93956045126883114E-01 2.15210275483140090E-01 -5.66251802495962409E-01 5.17419742860984189E-02
position 6.39840552495553050E-01 -1.68392876702837224E+00 9.79871121660955274E-02
quaternion -9.18805694066531342E-01 1.03325809747161684E-01 -3.80647841842308654E-01 1.50696413960496045E-02
position 8.93462662548891173E-01 -1.72817456065135922E+00 1.48333887397676834E-01
quaternion -9.80797057767554548E-01 -1.99817929150726652E-02 -1.93605299731425151E-01 1.24437672074185646E-02
unchanged_qpos 6.76629905579688579E-02 2.52265344742529374E-02 7.74139627768825750E-02 -4.70080532062308598E-03 4.14819288902422423E-02 -2.68771039880838086E-02 -6.72787638232926477E-02 -5.90449256223325308E-02 -6.67439524491363900E-02 2.85567538531062010E-02 -1.55633076673467735E-02 6.90550319739623858E-02
unchanged_qvel 3.65345945875949901E-02 1.84377849612051281E-02 -4.93299159087860484E-02 1.16979806707502645E-02 3.19817098199498412E-02 -3.73287051138561990E-02 4.52792621813370016E-02 6.30417329755681571E-03 4.33446580738408999E-02 -4.69983302669609443E-02 -1.43865215620830808E-02 2.13937629533350049E-02
unchanged_time 1.25000000000000000E-01
step SUCCESS
step_clamped -1.00000000000000000E+00
qpos 7.46822637682071355E-02 3.06333574775032522E-02 7.13772625712041225E-02 -1.00202968070413033E-02 4.32928216804660954E-02 -2.76268993316349104E-02 -6.50239141016537847E-02 -5.86477044310471790E-02 -6.61003844948243185E-02 2.70334140406414368E-02 -1.70896520957462515E-02 6.89906275354546794E-02
qvel 3.01100265969214742E-01 2.39911828224691870E-01 -2.41654403550051300E-01 -2.63996681084173013E-01 5.67143628118703044E-02 -1.85760361468778330E-03 6.61145488982567836E-02 1.32546414002710344E-02 -8.51967015514107015E-03 -3.01646433722704693E-02 -5.97050516443393894E-02 -2.23130051458203735E-02
time 1.65000000000000036E-01
reset_qpos 0.00000000000000000E+00 0.00000000000000000E+00 0.00000000000000000E+00 0.00000000000000000E+00 0.00000000000000000E+00 0.00000000000000000E+00 0.00000000000000000E+00 0.00000000000000000E+00 0.00000000000000000E+00 0.00000000000000000E+00 0.00000000000000000E+00 0.00000000000000000E+00
reset_qvel 0.00000000000000000E+00 0.00000000000000000E+00 0.00000000000000000E+00 0.00000000000000000E+00 0.00000000000000000E+00 0.00000000000000000E+00 0.00000000000000000E+00 0.00000000000000000E+00 0.00000000000000000E+00 0.00000000000000000E+00 0.00000000000000000E+00 0.00000000000000000E+00
forward SUCCESS
forward_clamped -1.00000000000000000E+00
qacc 6.79614163942100102E+00 5.96793469467048965E+00 -5.37852416686337254E+00 -6.77254966325211782E+00 6.35184244353203642E-01 7.89595416517544280E-01 1.02137344563184040E+00 1.99230456630865582E-01 -1.62059264527257874E+00 5.65287275382512888E-01 -1.35365493262171022E+00 -1.29188529211819381E+00
mass 2.76300000000000061E+01 6.61558079680835398E+00 9.16860197377247488E+00 6.92242881698928691E+00 5.26682603857343246E+00 1.85542630656522034E+00 -6.05559541328091377E+00 -2.12891927711472162E+00 -2.12459751989065992E+00 7.01835767074563854E-01 -5.58167361223196878E-01 -9.67417279281046205E-02 6.61558079680835398E+00 2.20838724589738291E+01 1.64696795321992653E+01 -1.00931036477819944E+01 1.94541963426961861E+00 -2.47029875248673392E+00 -3.01664497761004258E+00 -3.60014634898546859E+00 -1.74446121659923548E+00 7.81440468454751702E+00 7.22707029290940439E-01 5.54946590491786740E-01 9.16860197377247488E+00 1.64696795321992653E+01 1.59017966025495294E+01 -4.70624706811367233E+00 5.89291574447405253E+00 9.77491330826192772E-01 -5.67935543760160222E+00 -3.12912437744513072E+00 -2.36618019801093116E+00 4.85198198752294729E+00 2.46289564021513752E-02 2.85989205428138660E-01 6.92242881698928691E+00 -1.00931036477819944E+01 -4.70624706811367233E+00 2.07300000000000040E+01 2.62850978387343881E+00 2.98512447793886304E+00 4.48005635213595355E+00 2.20456106588498013E-01 -1.00005978376179172E+00 -3.09078268717896831E+00 -9.94212398737441272E-01 -3.79969115655134304E-01 5.26682603857343246E+00 1.94541963426961861E+00 5.89291574447405253E+00 2.62850978387343881E+00 7.40063646590739843E+00 4.89187460219365633E+00 -4.03782708765133602E+00 -3.72296383187598556E-01 -1.50659243326810177E+00 -3.98754133284889845E-01 -8.51739814983413224E-01 -2.33389207169883484E-01 1.85542630656522034E+00 -2.47029875248673392E+00 9.77491330826192772E-01 2.98512447793886304E+00 4.89187460219365633E+00 4.69664041316213154E+00 -1.69867638768240270E+00 1.02368575930890060E+00 -4.19169102468152865E-01 -1.49699775119554124E+00 -8.10473393806721898E-01 -3.33904320453032200E-01 -6.05559541328091377E+00 -3.01664497761004258E+00 -5.67935543760160222E+00 4.48005635213595355E+00 -4.03782708765133602E+00 -1.69867638768240270E+00 1.38300000000000090E+01 5.97101827873912638E-01 3.41934868671786407E-01 2.32226795294169053E+00 -4.65557749327359993E-01 -3.12054161913234041E-01 -2.12891927711472162E+00 -3.60014634898546859E+00 -3.12912437744513072E+00 2.20456106588498013E-01 -3.72296383187598556E-01 1.02368575930890060E+00 5.97101827873912638E-01 2.26992234163595485E+00 1.47149212532042628E+00 -1.22188159088224135E+00 -1.01068024152420055E-02 -1.48565340322264788E-01 -2.12459751989065992E+00 -1.74446121659923548E+00 -2.36618019801093116E+00 -1.00005978376179172E+00 -1.50659243326810177E+00 -4.19169102468152865E-01 3.41934868671786407E-01 1.47149212532042628E+00 1.81732959741873668E+00 -4.92308534124633379E-01 5.07127119765226508E-01 8.28162745088188990E-02 7.01835767074563854E-01 7.81440468454751702E+00 4.85198198752294729E+00 -3.09078268717896831E+00 -3.98754133284889845E-01 -1.49699775119554124E+00 2.32226795294169053E+00 -1.22188159088224135E+00 -4.92308534124633379E-01 6.92999999999999972E+00 5.92204819060258847E-02 -1.55432225336868263E-02 -5.58167361223196878E-01 7.22707029290940439E-01 2.46289564021513752E-02 -9.94212398737441272E-01 -8.51739814983413224E-01 -8.10473393806721898E-01 -4.65557749327359993E-01 -1.01068024152420055E-02 5.07127119765226508E-01 5.92204819060258847E-02 1.04037062689299575E+00 4.62591781735714913E-01 -9.67417279281046205E-02 5.54946590491786740E-01 2.85989205428138660E-01 -3.79969115655134304E-01 -2.33389207169883484E-01 -3.33904320453032200E-01 -3.12054161913234041E-01 -1.48565340322264788E-01 8.28162745088188990E-02 -1.55432225336868263E-02 4.62591781735714913E-01 5.23689885883347528E-01
gravity 1.34028091875184288E+02 1.57483132672993150E+02 1.11167864193491610E+02 -1.17839534943072806E+02 6.00753009361033996E+00 -2.08642038156977918E+01 -4.67495485722052777E+01 -2.19406265032607379E+01 -9.99007890647023089E+00 5.15195855491321382E+01 2.61346920083825385E+00 1.59256336546192134E+00
bias -1.87491461607361548E-02 -1.22182034355368379E-02 -1.51332219624272808E-02 -2.43815416392303432E-04 -8.52618308456156576E-03 -2.90887187258239473E-03 1.21050318969146333E-02 3.25700834317921035E-03 3.17581977577720883E-03 8.99408329846414049E-04 7.55844645508289489E-04 2.36482000921616180E-04
passive -3.46274995943201130E-02 1.44558735429127973E-02 -5.54914161104577697E-04 1.53987176327869801E-02 2.12427245737550636E-03 -2.74069499977896737E-02 -1.18431157257771619E-02 1.65993165619715728E-02 1.60783368566848744E-02 2.48120092391600124E-04 2.94714206617189105E-02 -1.96087554252846116E-02
actuation 0.00000000000000000E+00 0.00000000000000000E+00 0.00000000000000000E+00 0.00000000000000000E+00 0.00000000000000000E+00 0.00000000000000000E+00 0.00000000000000000E+00 0.00000000000000000E+00 0.00000000000000000E+00 0.00000000000000000E+00 0.00000000000000000E+00 0.00000000000000000E+00
tendon_length
tendon_velocity
tendon_force
length
velocity
force
position 0.00000000000000000E+00 0.00000000000000000E+00 0.00000000000000000E+00
quaternion 1.00000000000000000E+00 0.00000000000000000E+00 0.00000000000000000E+00 0.00000000000000000E+00
position 1.83682690162138784E-01 -2.00400289461099279E-02 1.65672665050069112E-01
quaternion 9.69087423704698026E-01 1.07676380411633119E-01 -2.15352760823266237E-01 5.38381902058165593E-02
position 2.50009754505245430E-01 -1.27069826793971635E-01 3.91235042271663835E-01
quaternion 8.73318754607175118E-01 1.98871028766899854E-01 -4.29980705074169300E-01 1.13495638825850134E-01
position 2.25196380387414491E-01 -2.74604393821421655E-01 6.03500960581663914E-01
quaternion 7.26591303846110925E-01 2.88670140053590984E-01 -6.02554144677576731E-01 1.60197160238634118E-01
position 1.39780204548541093E-01 -4.98614684867076774E-01 7.33191992297801409E-01
quaternion 5.34661115131397913E-01 3.60041800044709703E-01 -7.38693114521843719E-01 1.97078351791954959E-01
position 3.88822660364965683E-02 -7.28219503234047050E-01 7.96951682741276590E-01
quaternion 3.03418712891855125E-01 4.01459939456191850E-01 -8.35836189193835177E-01 2.19419384997789096E-01
position -4.96248120665558068E-02 -9.72455131472025780E-01 7.59757915383272753E-01
quaternion 7.82146900650539934E-02 4.44803505748105343E-01 -8.57310218761758946E-01 2.47086001908015773E-01
position -7.69147581256379581E-02 -1.21036253016027051E+00 6.68956701025968825E-01
quaternion -1.70024744662618049E-01 4.46529980210060129E-01 -8.44994390068832923E-01 2.40181272642593951E-01
position -1.10723306902484747E-02 -1.42117210413411854E+00 5.34681689589165843E-01
quaternion -4.15784784689931075E-01 4.13845890977772635E-01 -7.83321573076898647E-01 2.05577003805128888E-01
position 1.39236018775613202E-01 -1.58050841209164084E+00 3.96561860319735504E-01
quaternion -6.31018339822686847E-01 3.55735098661296156E-01 -6.69662990609851350E-01 1.63767742230660512E-01
position 3.54162007527332512E-01 -1.68527370833859491E+00 2.99683796696132931E-01
quaternion -8.02846937763194712E-01 2.76007031438463779E-01 -5.14588656902583375E-01 1.20230725307564568E-01
position 6.02120228076829522E-01 -1.75455215717223423E+00 2.89064273870049626E-01
quaternion -9.30064953923855131E-01 1.79774871537244946E-01 -3.17677355857457266E-01 4.17285827916424878E-02
position 8.46050546453264829E-01 -1.78499183286674512E+00 3.75648826522171242E-01
quaternion -9.90814532365684286E-01 6.36808999287614419E-02 -1.19269682792284504E-01 -2.45930963100430850E-03
unchanged_qpos 6.93461480475226072E-02 -3.81121609274624601E-02 2.09083329708791010E-03 -3.63849212639969916E-02 -2.43667682186030285E-02 7.13336054284944704E-02 1.29095266031966638E-02 -3.37206544986969267E-02 -1.89680210796193405E-02 5.73679677141067379E-03 -5.94671933674967013E-02 2.71622707105275973E-02
unchanged_qvel 3.44452018765553508E-02 3.94495414036093173E-03 -1.40709578865293172E-03 -4.22374563594091201E-03 3.81121741503285261E-02 -5.63246086804058965E-03 3.33965254224924818E-02 -1.55552738124640141E-02 -4.24556421241856913E-02 -1.27141940047793486E-02 -2.84227165736011499E-02 4.37192357053678565E-02
unchanged_time 1.25000000000000000E-01
step SUCCESS
step_clamped -1.00000000000000000E+00
qpos 7.64285586495636882E-02 -3.29732428990049745E-02 -2.43479265429495662E-03 -4.22448728642165414E-02 -2.23350635151429409E-02 7.17770806970895736E-02 1.50955486723199171E-02 -3.41730352584065714E-02 -2.20195377913913436E-02 5.70073712884285651E-03 -6.17412566461899848E-02 2.78316191034392417E-02
qvel 3.05956936988442729E-01 2.40295525455027054E-01 -2.12964115614780791E-01 -2.75312563853664094E-01 6.16399830884393624E-02 2.63146167862844185E-02 7.34968588066846062E-02 -7.37754328661973345E-03 -1.06715137011645922E-01 9.62251392739238778E-03 -8.25577621116275057E-02 -7.56792233084976462E-03
time 1.65000000000000036E-01
reset_qpos 0.00000000000000000E+00 0.00000000000000000E+00 0.00000000000000000E+00 0.00000000000000000E+00 0.00000000000000000E+00 0.00000000000000000E+00 0.00000000000000000E+00 0.00000000000000000E+00 0.00000000000000000E+00 0.00000000000000000E+00 0.00000000000000000E+00 0.00000000000000000E+00
reset_qvel 0.00000000000000000E+00 0.00000000000000000E+00 0.00000000000000000E+00 0.00000000000000000E+00 0.00000000000000000E+00 0.00000000000000000E+00 0.00000000000000000E+00 0.00000000000000000E+00 0.00000000000000000E+00 0.00000000000000000E+00 0.00000000000000000E+00 0.00000000000000000E+00
forward SUCCESS
forward_clamped -1.00000000000000000E+00
qacc 6.90164018688765424E+00 5.62820738153504152E+00 -5.14731419964869552E+00 -6.84283131391161081E+00 5.74180790173081768E-01 1.03687311797590098E+00 1.47519959664869171E+00 -1.99086583273174078E-01 -1.28487365886863270E+00 8.11354761895684007E-01 -1.83024486855315338E+00 -4.71262525198575588E-01
mass 2.76300000000000061E+01 6.92809937656912034E+00 9.80891063362615867E+00 7.14001757902643508E+00 5.90571873658105151E+00 2.23736154141842913E+00 -5.19411874112557470E+00 -2.08661026813710526E+00 -2.11689155337787671E+00 1.50399583616387611E+00 -6.38108327213961934E-01 -1.45655434780396886E-01 6.92809937656912034E+00 2.42916701121890704E+01 1.84826738319131856E+01 -1.06376668818452877E+01 2.51127950051442195E+00 -2.74800771220679341E+00 -2.98786855783760119E+00 -3.83873643652834096E+00 -1.69482250523836475E+00 8.30177938209875954E+00 8.99411029723004463E-01 6.25061143642837713E-01 9.80891063362615867E+00 1.84826738319131856E+01 1.81101760645813030E+01 -5.02688191176681087E+00 6.91983078190433254E+00 1.15685743862782386E+00 -5.85041524514887001E+00 -3.40745608594001936E+00 -2.48174017121688006E+00 5.51147913606213535E+00 6.98060625907248461E-02 3.03807766552964487E-01 7.14001757902643508E+00 -1.06376668818452877E+01 -5.02688191176681087E+00 2.07300000000000146E+01 2.86410942772346733E+00 3.35755094273298083E+00 4.59711076579513112E+00 4.24046637057417297E-01 -8.89109635462202563E-01 -2.66242427094863299E+00 -1.02928700810564866E+00 -4.08617886141671216E-01 5.90571873658105151E+00 2.51127950051442195E+00 6.91983078190433254E+00 2.86410942772346733E+00 8.33411712482571509E+00 5.50341317659602947E+00 -4.17448545812196325E+00 -4.48055832478781668E-01 -1.67673433297449415E+00 7.19647800537615012E-03 -9.69759560775837359E-01 -2.92544396575152743E-01 2.23736154141842913E+00 -2.74800771220679341E+00 1.15685743862782386E+00 3.35755094273298083E+00 5.50341317659602947E+00 5.28362803213079957E+00 -1.84641011782257669E+00 1.07317446255206250E+00 -5.48724128891610041E-01 -1.47162023310659040E+00 -9.62555906102715242E-01 -4.13607219627288414E-01 -5.19411874112557470E+00 -2.98786855783760119E+00 -5.85041524514887001E+00 4.59711076579513112E+00 -4.17448545812196325E+00 -1.84641011782257669E+00 1.38299999999999983E+01 7.07381085593717152E-01 5.01748634125177895E-01 2.32597023651880352E+00 -3.50324533593758425E-01 -2.69976167630761044E-01 -2.08661026813710526E+00 -3.83873643652834096E+00 -3.40745608594001936E+00 4.24046637057417297E-01 -4.48055832478781668E-01 1.07317446255206250E+00 7.07381085593717152E-01 2.31907645694193620E+00 1.44411320974867907E+00 -1.33242916687118651E+00 -6.92281489750802004E-02 -1.86817682928353157E-01 -2.11689155337787671E+00 -1.69482250523836475E+00 -2.48174017121688006E+00 -8.89109635462202563E-01 -1.67673433297449415E+00 -5.48724128891610041E-01 5.01748634125177895E-01 1.44411320974867907E+00 1.78968129082618210E+00 -5.39857005428316050E-01 4.90770199660999773E-01 6.95042720644383216E-02 1.50399583616387611E+00 8.30177938209875954E+00 5.51147913606213535E+00 -2.66242427094863299E+00 7.19647800537615012E-03 -1.47162023310659040E+00 2.32597023651880352E+00 -1.33242916687118651E+00 -5.39857005428316050E-01 6.93000000000000060E+00 1.06610339393369294E-01 9.02712001312777623E-03 -6.38108327213961934E-01 8.99411029723004463E-01 6.98060625907248461E-02 -1.02928700810564866E+00 -9.69759560775837359E-01 -9.62555906102715242E-01 -3.50324533593758425E-01 -6.92281489750802004E-02 4.90770199660999773E-01 1.06610339393369294E-01 1.04284381771056767E+00 4.63649606273174142E-01 -1.45655434780396886E-01 6.25061143642837713E-01 3.03807766552964487E-01 -4.08617886141671216E-01 -2.92544396575152743E-01 -4.13607219627288414E-01 -2.69976167630761044E-01 -1.86817682928353157E-01 6.95042720644383216E-02 9.02712001312777623E-03 4.63649606273174142E-01 5.23689885883347639E-01
gravity 1.34028091875184288E+02 1.64204125890437297E+02 1.17488155911798088E+02 -1.13585014608581773E+02 8.20849618326291441E+00 -2.19210557361309952E+01 -3.60468983099823532E+01 -2.27198663997236991E+01 -1.00122309016256921E+01 5.52695425016745574E+01 2.67883527754847695E+00 1.54500106654035108E+00
bias 2.34240046243103517E-02 4.36965715122793058E-02 5.34471055029755310E-03 2.16374015246957666E-02 -2.71492016095887800E-02 -2.36635540476861847E-02 1.04968654736891626E-01 -6.53793745533765187E-03 -3.48675319825307410E-03 6.02470328871795927E-02 -4.76347100476936375E-03 -2.95422349388727891E-03
passive -4.19933104524234518E-03 1.89184738192671939E-02 1.44290613137953092E-02 1.37577251880413795E-02 -1.11080912862597785E-02 1.93054434086870064E-02 2.18856258072545329E-02 2.82998993714784763E-02 -1.07755660950061981E-03 2.57516137478132241E-02 -9.92373796969902612E-03 -2.61167950148741904E-02
actuation 0.00000000000000000E+00 0.00000000000000000E+00 0.00000000000000000E+00 0.00000000000000000E+00 0.00000000000000000E+00 0.00000000000000000E+00 0.00000000000000000E+00 0.00000000000000000E+00 0.00000000000000000E+00 0.00000000000000000E+00 0.00000000000000000E+00 0.00000000000000000E+00
tendon_length
tendon_velocity
tendon_force
length
velocity
force
position 0.00000000000000000E+00 0.00000000000000000E+00 0.00000000000000000E+00
quaternion 1.00000000000000000E+00 0.00000000000000000E+00 0.00000000000000000E+00 0.00000000000000000E+00
position 1.43080519437940423E-01 -8.02633443743467345E-02 2.07051910812051154E-01
quaternion 9.69087423704698026E-01 1.07676380411633119E-01 -2.15352760823266237E-01 5.38381902058165593E-02
position 2.10054210463641755E-01 -1.87805411337229000E-01 4.31685617215488815E-01
quaternion 8.71443161360444751E-01 1.95280843656782666E-01 -4.34519568751741359E-01 1.16811613252321131E-01
position 1.87754182068277403E-01 -3.34937316604346613E-01 6.41995231214613660E-01
quaternion 7.11716880412039177E-01 2.66720366823736399E-01 -6.26450861581293261E-01 1.72854407181367242E-01
position 9.11819064491796449E-02 -5.32450651859823876E-01 7.86519861120469455E-01
quaternion 5.16782303350615257E-01 3.38608143861979349E-01 -7.56103251585992231E-01 2.15843574829244517E-01
position -2.05777123807478965E-02 -7.58571971493422703E-01 8.49218990942159468E-01
quaternion 2.92085452192956507E-01 3.92063263393912342E-01 -8.36845808243946054E-01 2.46295715226003575E-01
position -9.99763330175914428E-02 -1.00333505483695040E+00 8.24979078762432816E-01
quaternion 3.78197520463922701E-02 4.09625044970635011E-01 -8.75672734703532241E-01 2.52931315943265678E-01
position -7.11785084847678384E-02 -1.25518568002987130E+00 7.07050929825287833E-01
quaternion -2.09652201385427867E-01 4.08359595461962432E-01 -8.51566764989808433E-01 2.53224090507160549E-01
position -4.75303896633649803E-03 -1.46634662280930383E+00 5.75358892394774890E-01
quaternion -4.59748256403879008E-01 3.69858871099205566E-01 -7.78588832236292716E-01 2.13624405253099059E-01
position 1.51371111906078992E-01 -1.62487720380311806E+00 4.41078843564054579E-01
quaternion -6.63008568242171914E-01 3.13907970142578430E-01 -6.52618012979643947E-01 1.89660628104339479E-01
position 4.12591331072909906E-01 -1.75052738499974225E+00 4.26328844534763496E-01
quaternion -8.27067815127859207E-01 2.38522070422830357E-01 -4.86141450304075406E-01 1.50773145477189591E-01
position 6.61287201715735740E-01 -1.82936818915127741E+00 4.37294442910883874E-01
quaternion -9.35870863060654479E-01 1.46887581135564327E-01 -2.96651366568142449E-01 1.20696863652300923E-01
position 8.91089171114537670E-01 -1.89747883101377401E+00 5.41679925889588021E-01
quaternion -9.90891313432889831E-01 4.59784416635565588E-02 -9.20097635285553883E-02 8.69171518220248074E-02
unchanged_qpos -1.42458729145068103E-02 -5.19692083861245102E-02 -6.08091781734603209E-02 -1.11107777063571556E-02 8.09430500341452863E-03 -3.40207740759587915E-02 -5.23773554088035609E-02 -6.28778870113753663E-02 7.33612087020206471E-03 -7.41070915754392240E-02 3.98826061789245290E-02 4.74242372934116502E-02
unchanged_qvel 4.94884010552253395E-02 9.34604767591305091E-03 4.94730497779441031E-02 -4.65670705274925864E-02 3.93518464244698302E-02 -2.84856688915174350E-02 -4.67341821866553569E-03 -1.57437228346416491E-02 -9.28445869290103060E-03 1.94561144118123308E-02 -3.01465225093539256E-02 3.57355004875476306E-02
unchanged_time 1.25000000000000000E-01
step SUCCESS
step_clamped -1.00000000000000000E+00
qpos -6.47566391789732802E-03 -4.68975556008928221E-02 -6.31042663740565002E-02 -1.87211113860656121E-02 1.01239709466331308E-02 -3.42837640654984552E-02 -5.13399225140736201E-02 -6.36669048636912260E-02 5.89161642519419725E-03 -7.26550357355090493E-02 3.71484704956636450E-02 4.84539504841795185E-02
qvel 3.25042459494973790E-01 2.32287495943914013E-01 -1.52772163204310613E-01 -3.20284248036042385E-01 6.03675628806151707E-02 1.33888766990495709E-02 5.30797802894155887E-02 -2.31229172947635953E-02 -6.02526651293721210E-02 5.12558247372508075E-02 -1.02717766932274704E-01 1.66107455389239121E-02
time 1.65000000000000036E-01
reset_qpos 0.00000000000000000E+00 0.00000000000000000E+00 0.00000000000000000E+00 0.00000000000000000E+00 0.00000000000000000E+00 0.00000000000000000E+00 0.00000000000000000E+00 0.00000000000000000E+00 0.00000000000000000E+00 0.00000000000000000E+00 0.00000000000000000E+00 0.00000000000000000E+00
reset_qvel 0.00000000000000000E+00 0.00000000000000000E+00 0.00000000000000000E+00 0.00000000000000000E+00 0.00000000000000000E+00 0.00000000000000000E+00 0.00000000000000000E+00 0.00000000000000000E+00 0.00000000000000000E+00 0.00000000000000000E+00 0.00000000000000000E+00 0.00000000000000000E+00
forward SUCCESS
forward_clamped -1.00000000000000000E+00
qacc 6.80980169654839607E+00 5.36805566013546276E+00 -4.87576288809068004E+00 -7.01839154918141972E+00 7.05420667757398867E-01 5.39933033426000186E-01 8.34293611030669346E-01 1.46463912620141912E-01 -1.42085142994953095E+00 5.51246250212590105E-01 -1.52566409466089525E+00 -5.42926372496496334E-01
mass 2.76300000000000061E+01 6.35935717010869883E+00 8.95982484787565525E+00 6.69199709155098965E+00 5.41466997601944566E+00 2.05206931197657294E+00 -7.02593660111139684E+00 -1.94513840620996659E+00 -2.05789054371048996E+00 -1.83621685082547614E-01 -5.64969549098663815E-01 -8.23561117325022490E-02 6.35935717010869883E+00 2.07400761023655562E+01 1.56816996045069281E+01 -1.01324175862616030E+01 2.06677918432277608E+00 -2.50917648492662115E+00 -4.19152330137956675E+00 -3.70942065957931622E+00 -2.03969320134671506E+00 7.12620094029943019E+00 4.86502534758507965E-01 4.56574612914303402E-01 8.95982484787565525E+00 1.56816996045069281E+01 1.52481519815464015E+01 -4.70520255576235069E+00 5.84396832070871053E+00 9.77011126588929635E-01 -6.35106545706005932E+00 -3.07529255902906229E+00 -2.49907201712217741E+00 4.13338168186762189E+00 -1.71478036339421158E-01 2.00772487607081607E-01 6.69199709155098965E+00 -1.01324175862616030E+01 -4.70520255576235069E+00 2.07300000000000040E+01 2.64784441286968475E+00 3.13493613476241828E+00 4.43702044354446645E+00 4.97434544377062471E-01 -7.56794019982898747E-01 -3.57018807201280319E+00 -9.22769644993974514E-01 -3.46122654516523187E-01 5.41466997601944566E+00 2.06677918432277608E+00 5.84396832070871053E+00 2.64784441286968475E+00 7.33231552456061575E+00 4.97427312524083298E+00 -4.16151780512235892E+00 -2.10685267819727795E-01 -1.43340362128690058E+00 -8.55423060597004792E-01 -9.18066500378273975E-01 -2.65374680561438869E-01 2.05206931197657294E+00 -2.50917648492662115E+00 9.77011126588929635E-01 3.13493613476241828E+00 4.97427312524083298E+00 4.89949541381537035E+00 -1.81198970792262015E+00 1.18099854786953551E+00 -3.35412731956753585E-01 -1.91418438485676634E+00 -8.51187717829862578E-01 -3.55205207824978053E-01 -7.02593660111139684E+00 -4.19152330137956675E+00 -6.35106545706005932E+00 4.43702044354446645E+00 -4.16151780512235892E+00 -1.81198970792262015E+00 1.38300000000000018E+01 7.01984257619550300E-01 4.70741775838372678E-01 2.20321801330472544E+00 -4.41547437756246719E-01 -3.22520401929789036E-01 -1.94513840620996659E+00 -3.70942065957931622E+00 -3.07529255902906229E+00 4.97434544377062471E-01 -2.10685267819727795E-01 1.18099854786953551E+00 7.01984257619550300E-01 2.29754213925859485E+00 1.48353723188677167E+00 -1.23564082187260027E+00 -6.88810368612934043E-03 -1.43815499617453102E-01 -2.05789054371048996E+00 -2.03969320134671506E+00 -2.49907201712217741E+00 -7.56794019982898747E-01 -1.43340362128690058E+00 -3.35412731956753585E-01 4.70741775838372678E-01 1.48353723188677167E+00 1.80487845096326094E+00 -4.70890906586195923E-01 4.98324462089397402E-01 8.10076992717262689E-02 -1.83621685082547614E-01 7.12620094029943019E+00 4.13338168186762189E+00 -3.57018807201280319E+00 -8.55423060597004792E-01 -1.91418438485676634E+00 2.20321801330472544E+00 -1.23564082187260027E+00 -4.70890906586195923E-01 6.92999999999999527E+00 3.60293568562455591E-02 -4.93613125041924422E-02 -5.64969549098663815E-01 4.86502534758507965E-01 -1.71478036339421158E-01 -9.22769644993974514E-01 -9.18066500378273975E-01 -8.51187717829862578E-01 -4.41547437756246719E-01 -6.88810368612934043E-03 4.98324462089397402E-01 3.60293568562455591E-02 1.02889132532622862E+00 4.57536865507419954E-01 -8.23561117325022490E-02 4.56574612914303402E-01 2.00772487607081607E-01 -3.46122654516523187E-01 -2.65374680561438869E-01 -3.55205207824978053E-01 -3.22520401929789036E-01 -1.43815499617453102E-01 8.10076992717262689E-02 -4.93613125041924422E-02 4.57536865507419954E-01 5.23689885883347639E-01
gravity 1.34028091875184288E+02 1.51286550531544123E+02 1.08674062059661964E+02 -1.23348022991836075E+02 8.37214364968420277E+00 -2.04472132212656810E+01 -6.13672006043869303E+01 -2.29001667471788082E+01 -1.15596643039103739E+01 4.64124464472422460E+01 2.02871892152439059E+00 1.44014669579813681E+00
bias -5.66558213542818663E-03 -5.02725739973014160E-04 -5.53304760273324973E-03 -1.92133481399278661E-03 -8.66811836375003773E-03 -6.77617629642535482E-03 1.28656616438475417E-02 -3.57120258473558091E-04 7.93906807661135493E-04 7.84863681947708600E-03 -1.27897692643889980E-03 -1.09611162140642489E-03
passive 2.04827996746767167E-02 -1.37930901208116949E-02 -1.29930893324935737E-02 -2.52884024655780498E-02 -2.85741202224717369E-02 -8.95203600489014734E-03 -1.21108489668021665E-02 -2.30453586470855884E-02 -1.81145520663323449E-02 -1.23003798514155251E-02 2.96051880151216550E-02 3.25463779754280452E-02
actuation 0.00000000000000000E+00 0.00000000000000000E+00 0.00000000000000000E+00 0.00000000000000000E+00 0.00000000000000000E+00 0.00000000000000000E+00 0.00000000000000000E+00 0.00000000000000000E+00 0.00000000000000000E+00 0.00000000000000000E+00 0.00000000000000000E+00 0.00000000000000000E+00
tendon_length
tendon_velocity
tendon_force
length
velocity
force
position 0.00000000000000000E+00 0.00000000000000000E+00 0.00000000000000000E+00
quaternion 1.00000000000000000E+00 0.00000000000000000E+00 0.00000000000000000E+00 0.00000000000000000E+00
position 1.18475222575766412E-01 -1.16759239241686186E-01 2.32128122446706942E-01
quaternion 9.69087423704698026E-01 1.07676380411633119E-01 -2.15352760823266237E-01 5.38381902058165593E-02
position 1.82328616727502807E-01 -2.21797648045326840E-01 4.61522505401415095E-01
quaternion 8.80412942683547306E-01 2.13159643763848050E-01 -4.11588315248245518E-01 1.00155256361696601E-01
position 1.63912551778114091E-01 -3.74881570364561267E-01 6.72228097448350326E-01
quaternion 7.42909179859749358E-01 3.12327019548963525E-01 -5.75869982729598440E-01 1.37519258036058245E-01
position 1.00493559729726067E-01 -5.35713889951349054E-01 8.51844260548492827E-01
quaternion 5.54894721559895054E-01 3.81277312410360503E-01 -7.20063446418717668E-01 1.68012178599342921E-01
position -1.25702312756773710E-03 -7.69473854321586881E-01 9.11603922179026971E-01
quaternion 3.46164464376223557E-01 4.45138232700766523E-01 -8.02915992459702132E-01 1.93256374910666717E-01
position -7.43170698911258254E-02 -1.01754038887633369E+00 8.82977558614230551E-01
quaternion 1.08007143843589504E-01 4.71739691939237926E-01 -8.52039618709178104E-01 1.99561038476305658E-01
position -1.26520157928794535E-01 -1.24614198574894575E+00 7.93070970714983114E-01
quaternion -1.40359947122411316E-01 4.65890570561994510E-01 -8.52870116572505887E-01 1.89361098863555594E-01
position -7.08368061843329538E-02 -1.44528562738932265E+00 6.32003971638897877E-01
quaternion -3.65575012113985409E-01 4.45425200673714217E-01 -7.94579272784778134E-01 1.91298406641179169E-01
position 6.95915166349180825E-02 -1.60412833875387473E+00 4.80206996190103708E-01
quaternion -5.77607275286957322E-01 3.95517637984236503E-01 -6.93937474039344138E-01 1.68482686656053593E-01
position 2.67838021303520579E-01 -1.71542605449072494E+00 3.63161663268109502E-01
quaternion -7.60852007771700811E-01 3.20019382125614149E-01 -5.51249105486682489E-01 1.21721982541543913E-01
position 5.13547058005941914E-01 -1.78451759492267836E+00 3.30957349068360718E-01
quaternion -9.03609951668383760E-01 2.23680572818601264E-01 -3.63847206233111453E-01 3.27302170136907558E-02
position 7.62890829927290071E-01 -1.80993082744391454E+00 3.89632909639429426E-01
quaternion -9.80662741077838795E-01 1.10785736816529423E-01 -1.51192847349968656E-01 -5.62834939385218197E-02
unchanged_qpos -6.49034228531847612E-02 1.74139532512695011E-02 3.91581133055914493E-02 5.17794369921013437E-02 5.78206296443391082E-02 1.54729951325842663E-02 3.74487398262570298E-02 6.38843248951448256E-02 3.05275329801686784E-02 1.45086462761098295E-02 -7.38034373638180169E-02 -6.84806456998253155E-02
unchanged_qvel 2.73928473329859562E-02 3.41375441015194653E-02 -1.33507799487150303E-02 2.28831383436875480E-02 2.72293418236804613E-02 1.38141897592821972E-02 -1.43432348185032268E-02 -1.25418565548617231E-02 2.95176943713243572E-02 3.24846067048579629E-02 -4.19065347972237545E-04 -2.57705984774895813E-02
unchanged_time 1.25000000000000000E-01
step SUCCESS
step_clamped -1.00000000000000000E+00
qpos -5.80925169377509432E-02 2.32557227768591945E-02 3.45765889150786362E-02 4.67973684001771195E-02 5.94786959583487110E-02 1.64832804763813852E-02 3.75659634309149504E-02 6.35052494413180513E-02 3.05240416790435835E-02 1.62651534668056576E-02 -7.50954440687151836E-02 -6.99688598207998808E-02
qvel 2.99380468189703264E-01 2.46484973123289319E-01 -2.04886975811008093E-01 -2.58009276329162207E-01 5.37400256229999124E-02 3.57297081457714077E-02 1.81455229371572241E-02 -6.68456600765644348E-03 -2.66401034172747755E-02 5.39950040994444935E-02 -6.09776341010364528E-02 -4.75893615408448448E-02
time 1.65000000000000036E-01
reset_qpos 0.00000000000000000E+00 0.00000000000000000E+00 0.00000000000000000E+00 0.00000000000000000E+00 0.00000000000000000E+00 0.00000000000000000E+00 0.00000000000000000E+00 0.00000000000000000E+00 0.00000000000000000E+00 0.00000000000000000E+00 0.00000000000000000E+00 0.00000000000000000E+00
reset_qvel 0.00000000000000000E+00 0.00000000000000000E+00 0.00000000000000000E+00 0.00000000000000000E+00 0.00000000000000000E+00 0.00000000000000000E+00 0.00000000000000000E+00 0.00000000000000000E+00 0.00000000000000000E+00 0.00000000000000000E+00 0.00000000000000000E+00 0.00000000000000000E+00
forward SUCCESS
forward_clamped -1.00000000000000000E+00
qacc 6.94046344624772171E+00 5.56065833747418914E+00 -5.36120524938735965E+00 -6.95878607182759623E+00 8.01113445469427976E-01 4.81275841948746397E-01 1.35244218205834876E+00 2.91229469683843334E-01 -1.85080426275863719E+00 1.15921851742051896E+00 -1.34670430390335483E+00 -7.68333290161181015E-01
mass 2.76300000000000061E+01 6.18160669353714631E+00 8.54195813407549309E+00 7.01211243308080512E+00 4.82497737603438281E+00 1.57553471577017268E+00 -5.57772413687237911E+00 -2.00737403546607407E+00 -2.01966521317720771E+00 1.29064942811219163E+00 -5.16984369939997968E-01 -7.87897284402930831E-02 6.18160669353714631E+00 2.02789950358606674E+01 1.52443031954580270E+01 -9.81895206046792168E+00 1.70499065381704962E+00 -2.70700018572944590E+00 -3.38543344720214634E+00 -3.22801641690726093E+00 -1.38745822611401581E+00 7.25741703722460763E+00 9.10592623732344175E-01 6.13424317138232089E-01 8.54195813407549309E+00 1.52443031954580270E+01 1.49125012673388628E+01 -4.58133826681172529E+00 5.61600201759894802E+00 8.41253975576403246E-01 -5.76606175556987033E+00 -2.77033027571688173E+00 -2.03717671442874293E+00 4.62183613127301207E+00 2.12047883565192524E-01 3.60937603004485963E-01 7.01211243308080512E+00 -9.81895206046792168E+00 -4.58133826681172529E+00 2.07300000000000004E+01 2.57017371528245864E+00 3.00092173238039273E+00 4.65478077211205932E+00 2.84109850999552771E-01 -9.80047987239325291E-01 -2.70155507252654559E+00 -1.00764870885058477E+00 -3.71872459590406490E-01 4.82497737603438281E+00 1.70499065381704962E+00 5.61600201759894802E+00 2.57017371528245864E+00 7.37715424588248769E+00 5.07063768099803180E+00 -4.01028535354487570E+00 -1.54268469662058400E-01 -1.36108309475173339E+00 -3.61094138054752822E-01 -7.65827276646934840E-01 -1.79066460996159887E-01 1.57553471577017268E+00 -2.70700018572944590E+00 8.41253975576403246E-01 3.00092173238039273E+00 5.07063768099803180E+00 5.04484175069790997E+00 -1.79089030989438869E+00 1.17587560350386489E+00 -3.84775181323924576E-01 -1.61545931393326470E+00 -8.18010165235477205E-01 -3.20126672599653217E-01 -5.57772413687237911E+00 -3.38543344720214634E+00 -5.76606175556987033E+00 4.65478077211205932E+00 -4.01028535354487570E+00 -1.79089030989438869E+00 1.38299999999999930E+01 6.50011228725636658E-01 3.75773008513120399E-01 2.30065176316677622E+00 -4.95478885771336808E-01 -3.34456435759753923E-01 -2.00737403546607407E+00 -3.22801641690726093E+00 -2.77033027571688173E+00 2.84109850999552771E-01 -1.54268469662058400E-01 1.17587560350386489E+00 6.50011228725636658E-01 2.22828110863198336E+00 1.40113238586464783E+00 -1.17841102356413296E+00 -4.58240683458639303E-02 -1.53163892091341042E-01 -2.01966521317720771E+00 -1.38745822611401581E+00 -2.03717671442874293E+00 -9.80047987239325291E-01 -1.36108309475173339E+00 -3.84775181323924576E-01 3.75773008513120399E-01 1.40113238586464783E+00 1.74807091122324576E+00 -4.75884379948546599E-01 4.75601375748817112E-01 7.26008970912481871E-02 1.29064942811219163E+00 7.25741703722460763E+00 4.62183613127301207E+00 -2.70155507252654559E+00 -3.61094138054752822E-01 -1.61545931393326470E+00 2.30065176316677622E+00 -1.17841102356413296E+00 -4.75884379948546599E-01 6.93000000000000060E+00 4.15305478534852140E-02 -4.05823273439960691E-02 -5.16984369939997968E-01 9.10592623732344175E-01 2.12047883565192524E-01 -1.00764870885058477E+00 -7.65827276646934840E-01 -8.18010165235477205E-01 -4.95478885771336808E-01 -4.58240683458639303E-02 4.75601375748817112E-01 4.15305478534852140E-02 1.03194323587917847E+00 4.58904971481925827E-01 -7.87897284402930831E-02 6.13424317138232089E-01 3.60937603004485963E-01 -3.71872459590406490E-01 -1.79066460996159887E-01 -3.20126672599653217E-01 -3.34456435759753923E-01 -1.53163892091341042E-01 7.26008970912481871E-02 -4.05823273439960691E-02 4.58904971481925827E-01 5.23689885883347639E-01
gravity 1.34028091875184288E+02 1.46015186033749103E+02 1.00733531945221998E+02 -1.15290414308483150E+02 1.10748812683140940E+00 -2.48515438652933369E+01 -4.12094276415316543E+01 -2.09108652460040787E+01 -8.77175092392751310E+00 5.38123389031850934E+01 3.01382001079329198E+00 1.54590853309813792E+00
bias -4.16195600320255210E-02 -5.18966646080723099E-02 -4.28340334949141033E-02 1.75640870634789226E-02 -1.09473685085841928E-02 1.97467199779421607E-03 2.09566316128361879E-02 7.38334676433823403E-03 4.39007189172740606E-03 -1.09085640244255041E-02 -3.33139722708742660E-04 -3.22597566365439344E-04
passive 1.91500809557310740E-02 2.57476231698950085E-02 -1.03310970056269789E-02 -2.62118258229748907E-02 -1.46900066802407789E-02 3.26883631208108733E-02 -2.97969968465278054E-02 3.57399389175246931E-03 1.76753620420107421E-02 1.94833984816067014E-02 2.78295445876737720E-02 2.42403731240147594E-02
actuation 0.00000000000000000E+00 0.00000000000000000E+00 0.00000000000000000E+00 0.00000000000000000E+00 0.00000000000000000E+00 0.00000000000000000E+00 0.00000000000000000E+00 0.00000000000000000E+00 0.00000000000000000E+00 0.00000000000000000E+00 0.00000000000000000E+00 0.00000000000000000E+00
tendon_length
tendon_velocity
tendon_force
length
velocity
force
position 0.00000000000000000E+00 0.00000000000000000E+00 0.00000000000000000E+00
quaternion 1.00000000000000000E+00 0.00000000000000000E+00 0.00000000000000000E+00 0.00000000000000000E+00
position 1.26571766377878869E-01 -1.04750011592619846E-01 2.23876620868477511E-01
quaternion 9.69087423704698026E-01 1.07676380411633119E-01 -2.15352760823266237E-01 5.38381902058165593E-02
position 1.94670378856141024E-01 -2.13176012479569549E-01 4.46958617098729083E-01
quaternion 8.68160372924149160E-01 1.89159185949777819E-01 -4.42183819272228995E-01 1.22432998937558948E-01
position 1.63188386338571245E-01 -3.56477017911041305E-01 6.61501530141067162E-01
quaternion 7.20741763136208968E-01 2.81784416747287270E-01 -6.09776064347546942E-01 1.71178283372967893E-01
position 8.00759579893060708E-02 -5.14828133958096679E-01 8.36984304300495419E-01
quaternion 5.27587364421770455E-01 3.54715074913823813E-01 -7.42878948834563069E-01 2.09665581128197775E-01
position -2.51994555279391325E-02 -7.44342364026296388E-01 9.00771985138993481E-01
quaternion 3.07639285506279392E-01 4.12611583830382322E-01 -8.23872096182404645E-01 2.37370006601887396E-01
position -9.52602675542579269E-02 -9.90979469467302088E-01 8.81178949544850432E-01
quaternion 4.23455436979015831E-02 4.16924382285915662E-01 -8.78318274393849463E-01 2.30082427078313528E-01
position -1.71424991107856473E-01 -1.20814179670325350E+00 7.87117869275216209E-01
quaternion -2.05391861286629979E-01 4.10857609951255198E-01 -8.57958434719832130E-01 2.30038109789337697E-01
position -1.07036346431777007E-01 -1.41208653889778724E+00 6.39529393209225194E-01
quaternion -4.38836181426523475E-01 3.80671872074110629E-01 -7.84140982087833116E-01 2.18253641190491704E-01
position 4.20380967908578970E-02 -1.57644454187167682E+00 5.07049813105227010E-01
quaternion -6.54078797459280992E-01 3.21923921591222240E-01 -6.61712920880964783E-01 1.75162569519665079E-01
position 2.87395565053972180E-01 -1.69316161797093834E+00 4.58542599461940370E-01
quaternion -8.20455279493425338E-01 2.43639903232262978E-01 -4.98870924752778611E-01 1.36457071420451964E-01
position 5.31507045359804975E-01 -1.77455798357630701E+00 4.59580461980122257E-01
quaternion -9.42463746827113868E-01 1.52099563249434411E-01 -2.92266046666401713E-01 5.66424464683667889E-02
position 7.65870810537753410E-01 -1.82255976413827780E+00 5.56672504382430433E-01
quaternion -9.96217661117884234E-01 4.66798403985569793E-02 -7.17054928320842722E-02 -1.51554107461842301E-02
unchanged_qpos -4.82342042583571023E-02 -7.55143740673791253E-02 8.23668570249319609E-03 4.13502652343747945E-02 2.23105975561414399E-02 -7.81165968210628392E-02 6.00856752939086941E-02 6.48672175500437931E-03 -3.48086503864699984E-02 -4.44197965913344997E-02 -7.15049662017956528E-02 -4.27572966833938209E-02
unchanged_qvel 7.18003738058844987E-04 2.22906322852832045E-02 3.51821136231485060E-02 4.83585986461248507E-02 2.88288382889210076E-02 -7.20862196192868787E-03 2.88136336448216318E-02 -3.08434129687711021E-02 -1.87595094371137000E-02 -8.57739922536450428E-03 3.86220946522246311E-03 -3.56872722532861550E-02
unchanged_time 1.25000000000000000E-01
step SUCCESS
step_clamped -1.00000000000000000E+00
qpos -4.23805332328655582E-02 -6.99834562689006789E-02 5.18975717981683647E-03 3.74366356762042274E-02 2.41101496648563618E-02 -7.79942452329779462E-02 6.23638326090527190E-02 5.49772106692721259E-03 -3.71021011610797452E-02 -4.37924444395648080E-02 -7.24795791405960926E-02 -4.48277607104848319E-02
qvel 2.77933582205210139E-01 2.42471244733160257E-01 -1.75720738667836218E-01 -2.30190413017888063E-01 5.89583421326602825E-02 1.25204077960353113E-02 8.19742062430113688E-02 -1.91660910468832435E-02 -9.19853570410715110E-02 3.74343127011372637E-02 -4.98595262628472174E-02 -6.62753054752488330E-02
time 1.65000000000000036E-01
reset_qpos 0.00000000000000000E+00 0.00000000000000000E+00 0.00000000000000000E+00 0.00000000000000000E+00 0.00000000000000000E+00 0.00000000000000000E+00 0.00000000000000000E+00 0.00000000000000000E+00 0.00000000000000000E+00 0.00000000000000000E+00 0.00000000000000000E+00 0.00000000000000000E+00
reset_qvel 0.00000000000000000E+00 0.00000000000000000E+00 0.00000000000000000E+00 0.00000000000000000E+00 0.00000000000000000E+00 0.00000000000000000E+00 0.00000000000000000E+00 0.00000000000000000E+00 0.00000000000000000E+00 0.00000000000000000E+00 0.00000000000000000E+00 0.00000000000000000E+00
forward SUCCESS
forward_clamped -1.00000000000000000E+00
qacc 6.76171984443380225E+00 5.65245786051145593E+00 -5.00640000178575928E+00 -6.88395856499247216E+00 4.30557907313918520E-01 1.04727279425701081E+00 1.06248633966028638E+00 -6.50011795909719581E-02 -1.22121299378566928E+00 5.29092861789744795E-01 -1.44232711154033133E+00 -7.25936140526437956E-01
mass 2.76300000000000061E+01 6.74536443861052248E+00 9.28238355282885941E+00 6.79409449631787599E+00 5.36524198541766051E+00 1.79569838027283124E+00 -5.76218330373522303E+00 -2.16334337625233264E+00 -2.14504480539442266E+00 1.09453568486478314E+00 -6.10572111515378491E-01 -1.25087846426565730E-01 6.74536443861052248E+00 2.31082691145277934E+01 1.71085409835170275E+01 -1.02545526886871254E+01 1.66410135717295860E+00 -3.09382637934312932E+00 -2.63874110500230863E+00 -3.63807689945722679E+00 -1.68214027058166504E+00 8.19727429761811344E+00 7.44395581450083221E-01 5.53566108748507091E-01 9.28238355282885941E+00 1.71085409835170275E+01 1.62675852959157083E+01 -4.75569735844138108E+00 5.78476218074232929E+00 6.19806070173831714E-01 -5.25380278690119251E+00 -3.15317790318247404E+00 -2.33755715373199191E+00 5.26265628493864401E+00 2.65467059292341656E-03 2.65905271293869039E-01 6.79409449631787599E+00 -1.02545526886871254E+01 -4.75569735844138108E+00 2.07300000000000111E+01 2.69817248901049878E+00 3.09958941488331696E+00 4.71343042098658405E+00 3.04620080654035563E-01 -9.22321969647657225E-01 -2.88241034675444663E+00 -1.00232589984865239E+00 -3.91273669100272059E-01 5.36524198541766051E+00 1.66410135717295860E+00 5.78476218074232929E+00 2.69817248901049878E+00 7.64178226774611336E+00 5.09992886442041460E+00 -4.09016512008751398E+00 -3.52912960402786136E-01 -1.55368446356570744E+00 -4.09586425553436440E-01 -9.46874332334936897E-01 -2.83653963113945640E-01 1.79569838027283124E+00 -3.09382637934312932E+00 6.19806070173831714E-01 3.09958941488331696E+00 5.09992886442041460E+00 5.01067224848013737E+00 -1.81793354361331350E+00 1.10768015909672801E+00 -4.41843650643132579E-01 -1.73413940383064702E+00 -9.09599447891020096E-01 -3.89034240955122401E-01 -5.76218330373522303E+00 -2.63874110500230863E+00 -5.25380278690119251E+00 4.71343042098658405E+00 -4.09016512008751398E+00 -1.81793354361331350E+00 1.38299999999999965E+01 6.99378346114699956E-01 4.78237580034665100E-01 2.24326517290307503E+00 -4.04639589744813788E-01 -2.94147914990786408E-01 -2.16334337625233264E+00 -3.63807689945722679E+00 -3.15317790318247404E+00 3.04620080654035563E-01 -3.52912960402786136E-01 1.10768015909672801E+00 6.99378346114699956E-01 2.29701480920707990E+00 1.46851881528896566E+00 -1.27262877359640747E+00 -2.74142388144856738E-02 -1.59962226746964864E-01 -2.14504480539442266E+00 -1.68214027058166504E+00 -2.33755715373199191E+00 -9.22321969647657225E-01 -1.55368446356570744E+00 -4.41843650643132579E-01 4.78237580034665100E-01 1.46851881528896566E+00 1.80371713287522861E+00 -4.99124351524583787E-01 5.00648638225752785E-01 7.90901560806221149E-02 1.09453568486478314E+00 8.19727429761811344E+00 5.26265628493864401E+00 -2.88241034675444663E+00 -4.09586425553436440E-01 -1.73413940383064702E+00 2.24326517290307503E+00 -1.27262877359640747E+00 -4.99124351524583787E-01 6.93000000000000327E+00 6.59308112248515876E-02 -1.47024348473795141E-02 -6.10572111515378491E-01 7.44395581450083221E-01 2.65467059292341656E-03 -1.00232589984865239E+00 -9.46874332334936897E-01 -9.09599447891020096E-01 -4.04639589744813788E-01 -2.74142388144856738E-02 5.00648638225752785E-01 6.59308112248515876E-02 1.03948893126093833E+00 4.62212085253321581E-01 -1.25087846426565730E-01 5.53566108748507091E-01 2.65905271293869039E-01 -3.91273669100272059E-01 -2.83653963113945640E-01 -3.89034240955122401E-01 -2.94147914990786408E-01 -1.59962226746964864E-01 7.90901560806221149E-02 -1.47024348473795141E-02 4.62212085253321581E-01 5.23689885883347195E-01
gravity 1.34028091875184288E+02 1.61052666290620493E+02 1.13944131212689030E+02 -1.20129818504238131E+02 5.76942806351739890E+00 -2.31588412409552333E+01 -4.77007358063983986E+01 -2.22559251020367483E+01 -9.94715094921611609E+00 5.19982376063403464E+01 2.65935036407336423E+00 1.58856539531300811E+00
bias 2.13978927932879995E-02 2.26711941530423691E-02 2.33830445531569599E-02 2.86931103024970404E-03 1.11825745754889922E-02 3.03329825389632175E-03 -3.51868358796437932E-03 -5.41625701733240705E-03 -5.11707101747432488E-03 1.14604872383749102E-02 -1.21700339321160773E-03 -2.20517883519087904E-04
passive -5.84317087881784745E-03 2.08825249017753622E-02 -2.59825213729975961E-02 1.42272026387878503E-02 2.24406764838746900E-02 2.17187578606300516E-02 5.22150732561431526E-03 -8.16634059431919045E-03 -1.24911947597652184E-02 -1.19714971510018198E-04 1.27723027283830528E-02 6.22663886516820753E-05
actuation 0.00000000000000000E+00 0.00000000000000000E+00 0.00000000000000000E+00 0.00000000000000000E+00 0.00000000000000000E+00 0.00000000000000000E+00 0.00000000000000000E+00 0.00000000000000000E+00 0.00000000000000000E+00 0.00000000000000000E+00 0.00000000000000000E+00 0.00000000000000000E+00
tendon_length
tendon_velocity
tendon_force
length
velocity
force
position 0.00000000000000000E+00 0.00000000000000000E+00 0.00000000000000000E+00
quaternion 1.00000000000000000E+00 0.00000000000000000E+00 0.00000000000000000E+00 0.00000000000000000E+00
position 1.56346882844419360E-01 -6.05859632451195979E-02 1.93531645713582195E-01
quaternion 9.69087423704698026E-01 1.07676380411633119E-01 -2.15352760823266237E-01 5.38381902058165593E-02
position 2.22950198224402873E-01 -1.67834999348176500E-01 4.18693864531309412E-01
quaternion 8.72518501896906495E-01 1.97330555760414611E-01 -4.31932243417579409E-01 1.14920201475287212E-01
position 1.92840801140238466E-01 -3.13815440971827786E-01 6.34123798138668260E-01
quaternion 7.36159939283629328E-01 3.04446368786241539E-01 -5.84463208148168212E-01 1.54219683075624892E-01
position 1.17318059801946872E-01 -5.42627780952899763E-01 7.62594430891921138E-01
quaternion 5.46452981869373966E-01 3.76047378004460031E-01 -7.24715044215079818E-01 1.86455390885796990E-01
position 2.54972346984850759E-02 -7.74960442978697261E-01 8.27118454905370504E-01
quaternion 3.11073697510081459E-01 4.09069062407846906E-01 -8.33573582456470175E-01 2.02609820909199601E-01
position -5.66178108609953212E-02 -1.01743805599585646E+00 7.93278435291557282E-01
quaternion 5.61676162419528918E-02 4.16142031723073014E-01 -8.83807291341745294E-01 2.06290281133787279E-01
position -7.21627621772599620E-02 -1.25053410717258950E+00 6.68976525247266474E-01
quaternion -1.91813972813005079E-01 4.06168531547659084E-01 -8.68774125314322854E-01 2.08485114572823121E-01
position -1.71671095214938896E-02 -1.45003773597775920E+00 5.10941053896432962E-01
quaternion -4.22813921706285678E-01 3.75474791547179498E-01 -7.98711373221410614E-01 2.05687167345756816E-01
position 1.25287298958188242E-01 -1.61190918281754225E+00 3.65097936425068326E-01
quaternion -6.29163780921805582E-01 3.22295922271471857E-01 -6.81324955202038618E-01 1.89933095279100211E-01
position 3.43619765368038899E-01 -1.73626170291485216E+00 2.84451095308005775E-01
quaternion -8.01369230104003516E-01 2.48808160278758461E-01 -5.21671809256726182E-01 1.54144023069434616E-01
position 5.85812008185321420E-01 -1.82543893132304902E+00 2.76100984153461737E-01
quaternion -9.28401670786630162E-01 1.60746487456114917E-01 -3.22728594623314380E-01 8.98730141008704936E-02
position 8.24206165885353892E-01 -1.88181581245042717E+00 3.64254547408113805E-01
quaternion -9.90562411612268989E-01 5.58431287189473241E-02 -1.16505484882545821E-01 4.57616178477958380E-02
unchanged_qpos 1.30670048992737459E-02 -4.40624041698300661E-02 6.05071984993294926E-02 -3.75614037558658978E-02 -4.80410825548553411E-02 -4.11512518845799855E-02 -1.55665979155754503E-02 2.09400732564454933E-02 1.91341754783024842E-02 -1.34262650646058690E-02 -4.13998358850055925E-02 1.99136226602382727E-02
unchanged_qvel 3.08184459554174117E-03 -1.62878161692166720E-02 8.89820986632897798E-03 3.98679431779254412E-03 -1.61212173096627609E-02 -2.62912855339902732E-02 5.02565920307932595E-03 -1.04844354129503270E-03 2.41876228422211181E-02 2.74511049867618290E-02 1.89381581280959332E-02 -4.01385772637349592E-02
unchanged_time 1.25000000000000000E-01
step SUCCESS
step_clamped -1.00000000000000000E+00
qpos 1.88661585963352113E-02 -3.99955264428459925E-02 5.66999692297185109E-02 -4.31865452521499396E-02 -4.83457101870205103E-02 -4.13224680871412536E-02 -1.44785353214994597E-02 2.08449172904553309E-02 1.90798132588001837E-02 -1.18863316707098141E-02 -4.18511039564356813E-02 1.76999058361795893E-02
qvel 2.73231936385618379E-01 2.07616218454097251E-01 -1.88252081615458561E-01 -2.71552302157653414E-01 -4.25817798927623919E-04 1.56378213312115960E-02 4.69433830672379357E-02 -3.54541105943460702E-03 -2.43776636501161006E-02 4.83319759850533645E-02 -3.85459125687468707E-02 -6.90672529010854797E-02
time 1.65000000000000036E-01
reset_qpos 0.00000000000000000E+00 0.00000000000000000E+00 0.00000000000000000E+00 0.00000000000000000E+00 0.00000000000000000E+00 0.00000000000000000E+00 0.00000000000000000E+00 0.00000000000000000E+00 0.00000000000000000E+00 0.00000000000000000E+00 0.00000000000000000E+00 0.00000000000000000E+00
reset_qvel 0.00000000000000000E+00 0.00000000000000000E+00 0.00000000000000000E+00 0.00000000000000000E+00 0.00000000000000000E+00 0.00000000000000000E+00 0.00000000000000000E+00 0.00000000000000000E+00 0.00000000000000000E+00 0.00000000000000000E+00 0.00000000000000000E+00 0.00000000000000000E+00
forward SUCCESS
forward_clamped -1.00000000000000000E+00
qacc 6.85790025452583407E+00 6.16236898462674709E+00 -5.55994506305510416E+00 -6.65657680374923189E+00 6.39431373901326872E-01 7.99283673851654441E-01 1.15805199879630827E+00 -2.55273907403156919E-01 -1.38185449031058294E+00 4.09919234438172353E-01 -1.83711814788472205E+00 -8.50530085054875595E-01
mass 2.76300000000000061E+01 6.65814736965014387E+00 9.28457554195113488E+00 7.14595085288715293E+00 5.20478464296886933E+00 1.75523686579998528E+00 -6.10516076982250588E+00 -2.27690540390004736E+00 -2.27684742068474888E+00 2.10131961066593487E-01 -6.40913797668825946E-01 -1.34474942805361680E-01 6.65814736965014387E+00 2.21062913110057266E+01 1.65602375779852267E+01 -1.00265945181950382E+01 2.12787626392354845E+00 -2.49463963750101225E+00 -3.09315024715559339E+00 -3.82933026807953159E+00 -2.12833705835770903E+00 7.79060537710378753E+00 4.75857420715782964E-01 4.62753228304707220E-01 9.28457554195113488E+00 1.65602375779852267E+01 1.61146411544013688E+01 -4.70362860761858670E+00 5.92160607407072703E+00 8.56484648705382989E-01 -5.92615042124395508E+00 -3.37710744847293842E+00 -2.71375815130964559E+00 4.60295448750557767E+00 -2.13116833545832940E-01 1.83113898507956813E-01 7.14595085288715293E+00 -1.00265945181950382E+01 -4.70362860761858670E+00 2.07300000000000004E+01 2.56626846112023532E+00 2.93866237225558402E+00 4.36262954842106332E+00 2.01673971776764632E-01 -9.77519920669836839E-01 -3.51372629705070860E+00 -9.59616051532371062E-01 -3.78063141134032998E-01 5.20478464296886933E+00 2.12787626392354845E+00 5.92160607407072703E+00 2.56626846112023532E+00 7.03057489310807870E+00 4.57980400497560414E+00 -3.94932734042717914E+00 -4.79585739666137600E-01 -1.56892153331553885E+00 -5.62153814996428691E-01 -9.21167581668522861E-01 -2.86080341576359032E-01 1.75523686579998528E+00 -2.49463963750101225E+00 8.56484648705382989E-01 2.93866237225558402E+00 4.57980400497560414E+00 4.46976118576959713E+00 -1.67339608705408116E+00 9.86700325661601707E-01 -3.97712568886365969E-01 -1.66483720276021696E+00 -8.23550613490012351E-01 -3.62642962254205725E-01 -6.10516076982250588E+00 -3.09315024715559339E+00 -5.92615042124395508E+00 4.36262954842106332E+00 -3.94932734042717914E+00 -1.67339608705408116E+00 1.38300000000000090E+01 6.06718445739317769E-01 3.50911144387491214E-01 2.27427912132663756E+00 -4.12916935462147416E-01 -2.90638185881933298E-01 -2.27690540390004736E+00 -3.82933026807953159E+00 -3.37710744847293842E+00 2.01673971776764632E-01 -4.79585739666137600E-01 9.86700325661601707E-01 6.06718445739317769E-01 2.32962047826339713E+00 1.56954335735279438E+00 -1.23521273270862197E+00 4.32795396889383913E-02 -1.34284442859379100E-01 -2.27684742068474888E+00 -2.12833705835770903E+00 -2.71375815130964559E+00 -9.77519920669836839E-01 -1.56892153331553885E+00 -3.97712568886365969E-01 3.50911144387491214E-01 1.56954335735279438E+00 1.91355230617693950E+00 -5.09923347113112158E-01 5.43763382343809831E-01 9.40490700878041652E-02 2.10131961066593487E-01 7.79060537710378753E+00 4.60295448750557767E+00 -3.51372629705070860E+00 -5.62153814996428691E-01 -1.66483720276021696E+00 2.27427912132663756E+00 -1.23521273270862197E+00 -5.09923347113112158E-01 6.93000000000000149E+00 7.71626660226092387E-02 -2.35552023034873992E-03 -6.40913797668825946E-01 4.75857420715782964E-01 -2.13116833545832940E-01 -9.59616051532371062E-01 -9.21167581668522861E-01 -8.23550613490012351E-01 -4.12916935462147416E-01 4.32795396889383913E-02 5.43763382343809831E-01 7.71626660226092387E-02 1.04319165267362779E+00 4.63797535511729753E-01 -1.34474942805361680E-01 4.62753228304707220E-01 1.83113898507956813E-01 -3.78063141134032998E-01 -2.86080341576359032E-01 -3.62642962254205725E-01 -2.90638185881933298E-01 -1.34284442859379100E-01 9.40490700878041652E-02 -2.35552023034873992E-03 4.63797535511729753E-01 5.23689885883347750E-01
gravity 1.34028091875184288E+02 1.58157583292999817E+02 1.11654046179353671E+02 -1.13739633829568859E+02 6.29921367687626521E+00 -2.16495900268106851E+01 -4.34932061200577422E+01 -2.37967914947868309E+01 -1.23097097258293502E+01 5.19081371623973737E+01 1.35972284210397554E+00 1.16636930375327186E+00
bias -4.68387123904430783E-02 -2.79392367850271606E-02 -3.74068515511394445E-02 -1.50183699368005383E-02 -2.44740266524624515E-02 -1.08440099059258811E-02 1.44510827422371282E-02 9.34699810703933445E-03 1.15235769382685486E-02 -9.80340529071425243E-04 3.79703024189754178E-03 7.60427124260604562E-04
passive -1.30868492451491347E-03 1.48827803830232017E-02 3.25893826322343899E-02 1.32214596689596703E-02 -2.57420904290731785E-02 -1.45235949850141526E-02 1.08715957207905830E-02 -2.20581234168263918E-02 1.85903637980841877E-02 -1.97587083897028150E-02 1.40395651930001492E-02 -1.96155257684489485E-02
actuation 0.00000000000000000E+00 0.00000000000000000E+00 0.00000000000000000E+00 0.00000000000000000E+00 0.00000000000000000E+00 0.00000000000000000E+00 0.00000000000000000E+00 0.00000000000000000E+00 0.00000000000000000E+00 0.00000000000000000E+00 0.00000000000000000E+00 0.00000000000000000E+00
tendon_length
tendon_velocity
tendon_force
length
velocity
force
position 0.00000000000000000E+00 0.00000000000000000E+00 0.00000000000000000E+00
quaternion 1.00000000000000000E+00 0.00000000000000000E+00 0.00000000000000000E+00 0.00000000000000000E+00
position 1.59060239998511155E-01 -5.65613665093853552E-02 1.90766358279029297E-01
quaternion 9.69087423704698026E-01 1.07676380411633119E-01 -2.15352760823266237E-01 5.38381902058165593E-02
position 2.25595270996659575E-01 -1.63756265190301176E-01 4.16027009762235778E-01
quaternion 8.72716454723728385E-01 1.97710393299281834E-01 -4.31451609165515337E-01 1.14569188634540881E-01
position 2.05683250634469239E-01 -3.12126544619047930E-01 6.25311112092968191E-01
quaternion 7.11364338686664488E-01 2.65531946144830444E-01 -6.27759397606396985E-01 1.71381743305046796E-01
position 1.06506321492757502E-01 -5.31731836137630642E-01 7.54324937835087805E-01
quaternion 5.16366113147574191E-01 3.37030908468107460E-01 -7.57390005254729437E-01 2.14794282675935144E-01
position -1.11851398475853736E-02 -7.58094437972650081E-01 8.14864736308564264E-01
quaternion 3.07259633390714826E-01 4.08049984141986233E-01 -8.22116794359977643E-01 2.51417391127986112E-01
position -8.89136542794383838E-02 -1.00721227830187798E+00 7.92146037671862202E-01
quaternion 7.97481875622983727E-02 4.55182075123125363E-01 -8.43715294599861276E-01 2.73119033985921356E-01
position -8.97098832358200204E-02 -1.25449295180421472E+00 7.07262459017728440E-01
quaternion -1.68130045189105876E-01 4.63091054170751970E-01 -8.29905583683853920E-01 2.61793211566099970E-01
position -1.47806368254004561E-02 -1.46880831622629859E+00 5.78346242619271034E-01
quaternion -3.96237839980746465E-01 4.49663497769479004E-01 -7.60745319883213700E-01 2.49128222441571068E-01
position 1.41216087248455385E-01 -1.63972984657853593E+00 4.63339100438102947E-01
quaternion -6.16711069080867147E-01 4.01323253276855085E-01 -6.50143933121049677E-01 1.89525644381722536E-01
position 3.19717033852893073E-01 -1.74953020070042964E+00 3.30454626135811225E-01
quaternion -7.91073985014838499E-01 3.28324399944322831E-01 -4.98434960090414880E-01 1.34043385489959921E-01
position 5.71724413179965252E-01 -1.80772232653740850E+00 3.28847681875777620E-01
quaternion -9.18735672498416145E-01 2.35416994263527912E-01 -3.11876743473310070E-01 5.68902431994477362E-02
position 8.16330000391754518E-01 -1.82393040309890209E+00 4.20008605600585283E-01
quaternion -9.85176941120278982E-01 1.20401948504688092E-01 -1.21705518049360306E-01 1.08412341318633657E-02
unchanged_qpos 1.86532827769522180E-02 -4.25958692056410751E-02 -7.19741908988197621E-02 -3.81889181728752580E-02 6.63586617717056154E-02 6.00806902355670719E-02 -5.99196777163234218E-03 3.88775569014452871E-02 -3.55197055376001852E-02 7.01810907826950353E-02 -2.83137206434358676E-02 5.02660292464957442E-02
unchanged_qvel -3.07631409313298687E-02 1.07778364961661488E-02 -1.89985313635324116E-02 1.02705380009521646E-02 -4.00687139804534187E-03 -4.75434055460633789E-02 -4.23740430606882323E-02 3.25355032812413708E-02 -2.19124079152205678E-02 -4.15686396168759922E-02 -1.35703846781290091E-02 -2.45442965074675612E-03
unchanged_time 1.25000000000000000E-01
step SUCCESS
step_clamped -1.00000000000000000E+00
qpos 2.31798547030266401E-02 -3.70256473930446889E-02 -7.73520808569048979E-02 -4.33727289966068311E-02 6.67112234957808609E-02 5.88540795122587806E-02 -6.71816720109666768E-03 3.99676601616592575E-02 -3.75515119991326959E-02 6.88604309371526890E-02 -3.03941323995010823E-02 4.94562693894287919E-02
qvel 2.43263212774700172E-01 2.54517820304787201E-01 -2.37520150533425789E-01 -2.56260547504308434E-01 1.98028194975049011E-02 -1.53126147507096407E-02 3.45658199483614122E-03 2.25798198577648011E-02 -7.67900795892034471E-02 -2.54356793259370023E-02 -8.66499999744218541E-02 -3.62708159337250188E-02
time 1.65000000000000036E-01
reset_qpos 0.00000000000000000E+00 0.00000000000000000E+00 0.00000000000000000E+00 0.00000000000000000E+00 0.00000000000000000E+00 0.00000000000000000E+00 0.00000000000000000E+00 0.00000000000000000E+00 0.00000000000000000E+00 0.00000000000000000E+00 0.00000000000000000E+00 0.00000000000000000E+00
reset_qvel 0.00000000000000000E+00 0.00000000000000000E+00 0.00000000000000000E+00 0.00000000000000000E+00 0.00000000000000000E+00 0.00000000000000000E+00 0.00000000000000000E+00 0.00000000000000000E+00 0.00000000000000000E+00 0.00000000000000000E+00 0.00000000000000000E+00 0.00000000000000000E+00
forward SUCCESS
forward_clamped -1.00000000000000000E+00
qacc 6.83962494454135683E+00 5.58400122050591552E+00 -4.91882007508554242E+00 -6.91820168336662800E+00 3.34062128282256232E-01 1.10498709186794564E+00 9.85555786520326826E-01 -2.88220530878064984E-01 -9.65459467602753918E-01 4.04402789945165431E-01 -1.90306952058320689E+00 -7.78602629177313377E-01
mass 2.76300000000000061E+01 6.65986068034860956E+00 9.50299893665543216E+00 6.92498981265305158E+00 5.73091373986969543E+00 2.27627668397909400E+00 -6.15183439475853788E+00 -1.90824061434517200E+00 -2.10040080863469880E+00 2.91053624226140784E-01 -7.08245633258340002E-01 -1.61216176654362470E-01 6.65986068034860956E+00 2.24698700659411870E+01 1.70318824180122448E+01 -1.03734421964536256E+01 2.18779208210374465E+00 -2.76122280443653434E+00 -3.63362389894009574E+00 -4.01136525468301386E+00 -2.21374596454719530E+00 7.73815225191773770E+00 4.45150476113296112E-01 4.35981459203334532E-01 9.50299893665543216E+00 1.70318824180122448E+01 1.68326237636188374E+01 -4.93111912388039020E+00 6.49194335751459484E+00 1.13099707645679293E+00 -6.45589721141261030E+00 -3.36038685362247014E+00 -2.76435068168313514E+00 4.53787975805821375E+00 -3.06526669479512570E-01 1.39462544306869773E-01 6.92498981265305158E+00 -1.03734421964536256E+01 -4.93111912388039020E+00 2.07299999999999933E+01 2.83224241828272039E+00 3.43723568650943845E+00 4.46578167475211707E+00 7.62719379979153622E-01 -5.78734450956298829E-01 -3.52242433864382321E+00 -9.27155416606386340E-01 -3.68348398958982637E-01 5.73091373986969543E+00 2.18779208210374465E+00 6.49194335751459484E+00 2.83224241828272039E+00 8.03680788215713982E+00 5.46604752503126612E+00 -4.36908218907214962E+00 -2.13029755653490915E-01 -1.57282119271746756E+00 -8.37456670058616237E-01 -1.08473130264504558E+00 -3.55735949731297796E-01 2.27627668397909400E+00 -2.76122280443653434E+00 1.13099707645679293E+00 3.43723568650943845E+00 5.46604752503126612E+00 5.33604081240951889E+00 -1.93593594741615505E+00 1.25721232004466787E+00 -4.09633712928564042E-01 -2.02729748404824672E+00 -9.90023360078325254E-01 -4.36889753784299339E-01 -6.15183439475853788E+00 -3.63362389894009574E+00 -6.45589721141261030E+00 4.46578167475211707E+00 -4.36908218907214962E+00 -1.93593594741615505E+00 1.38300000000000018E+01 7.98605584160519077E-01 6.25559010373584856E-01 2.18742659718789678E+00 -3.14951058623023805E-01 -2.77058150992189833E-01 -1.90824061434517200E+00 -4.01136525468301386E+00 -3.36038685362247014E+00 7.62719379979153622E-01 -2.13029755653490915E-01 1.25721232004466787E+00 7.98605584160519077E-01 2.35047362238674351E+00 1.47836677206375988E+00 -1.35166812993450480E+00 -4.69233524858267553E-02 -1.75793346262045930E-01 -2.10040080863469880E+00 -2.21374596454719530E+00 -2.76435068168313514E+00 -5.78734450956298829E-01 -1.57282119271746756E+00 -4.09633712928564042E-01 6.25559010373584856E-01 1.47836677206375988E+00 1.79654579071019982E+00 -5.17584735582477862E-01 4.92204767277227284E-01 7.14794505073368391E-02 2.91053624226140784E-01 7.73815225191773770E+00 4.53787975805821375E+00 -3.52242433864382321E+00 -8.37456670058616237E-01 -2.02729748404824672E+00 2.18742659718789678E+00 -1.35166812993450480E+00 -5.17584735582477862E-01 6.92999999999999972E+00 8.32386113565468516E-02 -2.42473767530838047E-02 -7.08245633258340002E-01 4.45150476113296112E-01 -3.06526669479512570E-01 -9.27155416606386340E-01 -1.08473130264504558E+00 -9.90023360078325254E-01 -3.14951058623023805E-01 -4.69233524858267553E-02 4.92204767277227284E-01 8.32386113565468516E-02 1.03169952048007652E+00 4.58796383177587752E-01 -1.61216176654362470E-01 4.35981459203334532E-01 1.39462544306869773E-01 -3.68348398958982637E-01 -3.55735949731297796E-01 -4.36889753784299339E-01 -2.77058150992189833E-01 -1.75793346262045930E-01 7.14794505073368391E-02 -2.42473767530838047E-02 4.58796383177587752E-01 5.23689885883347528E-01
gravity 1.34028091875184288E+02 1.58394371634029596E+02 1.14340920949915699E+02 -1.19669694858241314E+02 7.94129435192132860E+00 -2.19967521999462221E+01 -5.05008019287762338E+01 -2.45033258903929934E+01 -1.29108355517430553E+01 5.04973182034306021E+01 1.14412074194694036E+00 1.03055257981472526E+00
bias -6.46448342248176835E-03 -1.38158325655717926E-02 -2.53197021345531736E-02 1.15965957144348285E-02 -1.91860244585227227E-02 -9.57747172342577474E-03 4.78515946814764004E-02 1.28597022833438785E-03 -4.85214445622488867E-04 1.48899802743935935E-02 -6.07510138938493691E-03 -4.10975208653646413E-03
passive 2.11090703648334418E-02 -4.87074943340254363E-03 2.88003187074116103E-02 8.73712082361505216E-04 -1.99127229957495704E-02 4.39311365748429848E-03 -3.32945178777640551E-03 -1.15626451686993460E-02 -1.71955252814785520E-02 2.17440329730168372E-02 -1.05116100824124356E-02 1.87057251519045023E-02
actuation 0.00000000000000000E+00 0.00000000000000000E+00 0.00000000000000000E+00 0.00000000000000000E+00 0.00000000000000000E+00 0.00000000000000000E+00 0.00000000000000000E+00 0.00000000000000000E+00 0.00000000000000000E+00 0.00000000000000000E+00 0.00000000000000000E+00 0.00000000000000000E+00
tendon_length
tendon_velocity
tendon_force
length
velocity
force
position 0.00000000000000000E+00 0.00000000000000000E+00 0.00000000000000000E+00
quaternion 1.00000000000000000E+00 0.00000000000000000E+00 0.00000000000000000E+00 0.00000000000000000E+00
position 1.28684934962713299E-01 -1.01615646706023327E-01 2.21723008865751525E-01
quaternion 9.69087423704698026E-01 1.07676380411633119E-01 -2.15352760823266237E-01 5.38381902058165593E-02
position 1.91736918436735404E-01 -2.05996705850957168E-01 4.52466261184866270E-01
quaternion 8.82682187834583187E-01 2.18005927846895653E-01 -4.05228912975928945E-01 9.55777107463581382E-02
position 1.84338699126024824E-01 -3.62896651646859802E-01 6.56314863712361807E-01
quaternion 7.26989623835081145E-01 2.83889641301527773E-01 -6.07823133159793749E-01 1.46437007595855762E-01
position 9.49950939205903844E-02 -5.64702708864242675E-01 7.98942783874416973E-01
quaternion 5.35167999324355104E-01 3.52205008814637399E-01 -7.45109274334314620E-01 1.85361844957475180E-01
position -2.00607126721457640E-02 -7.92718727785678423E-01 8.57801285434349414E-01
quaternion 3.26334592857936423E-01 4.18859896748588478E-01 -8.18680873824509936E-01 2.18686413007172009E-01
position -9.71463857260662367E-02 -1.03912605837061944E+00 8.33587470812534814E-01
quaternion 8.08496056728602169E-02 4.41563575953650089E-01 -8.64593832805273910E-01 2.25748652108167108E-01
position -1.24256958372692822E-01 -1.27462566794099796E+00 7.32071966985239575E-01
quaternion -1.67542199267544850E-01 4.38686729381596419E-01 -8.54743381825696757E-01 2.21127375406672516E-01
position -6.46181770997530380E-02 -1.47982958839362189E+00 5.81119592343906977E-01
quaternion -3.92931104213048110E-01 4.19517192257930882E-01 -7.87445456000780308E-01 2.22576114095067223E-01
position 8.18235330770278740E-02 -1.64570183126702507E+00 4.40544003096174308E-01
quaternion -5.93781977563396457E-01 3.78628932947193297E-01 -6.76029581418440273E-01 2.16903433129539108E-01
position 3.18053808151543105E-01 -1.77299574111903602E+00 3.85995903099663695E-01
quaternion -7.73458564943846127E-01 3.13302787039492714E-01 -5.24288497140776411E-01 1.69483874495948872E-01
position 5.66513707078430628E-01 -1.85083856329136354E+00 3.77113277613364217E-01
quaternion -9.02681154942994723E-01 2.28236739190029264E-01 -3.43415504954834194E-01 1.23046797403671429E-01
position 8.05263008108015765E-01 -1.90606800847852442E+00 4.58187173418856841E-01
quaternion -9.81592430699350871E-01 1.36058431114990164E-01 -1.28396711227000998E-01 3.84537106448478855E-02
unchanged_qpos -4.38835986259714511E-02 3.63910488748789840E-02 -7.08354811428989206E-02 -1.01106123188064723E-02 6.35257996509231287E-02 -8.44618209178417401E-03 6.11798088841636334E-03 5.24632834118966412E-02 6.47353152397981829E-02 -3.93888613162765300E-02 2.44299375530331458E-02 -4.48027551576982222E-02
unchanged_qvel -1.77781545722242931E-02 -4.84283505827452498E-02 -2.33063125126020676E-03 1.58526642258054185E-02 -2.74879843230984022E-02 -5.07320410385314613E-03 4.41129716204929911E-03 -4.71133409802965628E-02 -4.34930040722036060E-02 -2.99424422325311190E-02 3.69817530599588634E-03 -3.92311544412606017E-03
unchanged_time 1.25000000000000000E-01
step SUCCESS
step_clamped -1.00000000000000000E+00
qpos -3.88513572653866532E-02 3.91220368872328694E-02 -7.50265790984846054E-02 -1.52882029574140932E-02 6.26879954920522287E-02 -7.71882136743265793E-03 7.12402497553787928E-03 5.03422498645080679E-02 6.21828983418810724E-02 -4.02446370991450045E-02 2.29832542214306844E-02 -4.56125656305564481E-02
qvel 2.55634825097521112E-01 1.73245617877304414E-01 -1.96533267520218852E-01 -2.60937410134843173E-01 -1.55243269026811570E-02 3.92892436021290148E-02 4.37648684041630626E-02 -5.82285357805820969E-02 -8.22134111064987544E-02 -1.37114683352501428E-02 -7.21309782805647226E-02 -3.49855831933343006E-02
time 1.65000000000000036E-01
lifecycle PASS
